,year,pitchingTeamId,pitchingTeam,conference,hittingTeamId,hittingTeam,gameId,gameDate,inning,balls,strikes,outs,pitcherId,Pitcher,pitcherHand,pitchType,batterHand,plateLocX,plateLocZ,inducedVertBreak,horzBreak,extension,pitchResult,atbatResult,relX,relZ,releaseVelocity,spinRate,spinDir,rv
0,2020,730358784,CLEM,D1 Atlantic Coast Conference,730177792,COFC,137961419,2020-03-04 13:00:00,1,0,0,0,1964824471,M. Anglin,R,CU,R,0.306834405059,4.17635262863,-5.67165966295,-11.5711097983,5.81271665214,B,S,-0.717446302992,6.8258202538,80.0163521269,2648.28665306,64.0524549069,0.13
1,2020,730358784,CLEM,D1 Atlantic Coast Conference,730177792,COFC,137961419,2020-03-04 13:00:00,1,1,0,0,1964824471,M. Anglin,R,FA,R,0.807700057862,2.00705358113,17.3961633313,5.43737978162,6.57834226066,SL,S,-0.68230081264,6.8847132674,92.0734984784,2403.8247285,197.328945544,-0.15
2,2020,730358784,CLEM,D1 Atlantic Coast Conference,730177792,COFC,137961419,2020-03-04 13:00:00,1,1,1,0,1964824471,M. Anglin,R,FA,R,0.195153230537,2.1446062696,18.691975022,8.09634502569,6.12008579019,IP,S,-0.477623520944,6.94647677985,92.4304038295,2386.70355019,203.38542824,1.0
3,2020,730358784,CLEM,D1 Atlantic Coast Conference,730177792,COFC,137961419,2020-03-04 13:00:00,1,0,0,0,1964824471,M. Anglin,R,FA,L,-1.09534109092,3.64190105356,17.3901527473,6.33751030563,6.25119112999,B,IP_OUT,-0.894139330263,6.80471931846,92.4134714204,2348.01883753,199.991153127,0.13
4,2020,730358784,CLEM,D1 Atlantic Coast Conference,730177792,COFC,137961419,2020-03-04 13:00:00,1,1,0,0,1964824471,M. Anglin,R,FA,L,-1.87164848213,2.81655112896,16.5921556391,11.474342586,6.20140158724,B,IP_OUT,-0.948186136325,6.71668516435,91.4304519345,2371.87262837,214.615659391,0.13
5,2020,730358784,CLEM,D1 Atlantic Coast Conference,730177792,COFC,137961419,2020-03-04 13:00:00,1,0,0,1,1964824471,M. Anglin,R,CU,R,1.16037585211,2.96340141423,-8.94553902167,-13.3865862623,5.99313974265,SL,K,-0.943845046808,6.73407798338,79.1808057946,2783.15772072,56.3713588792,-0.15
6,2020,730358784,CLEM,D1 Atlantic Coast Conference,730177792,COFC,137961419,2020-03-04 13:00:00,1,0,1,1,1964824471,M. Anglin,R,CU,R,-0.446926389257,4.02925496833,0.784704843475,-14.2258057105,5.72614938576,B,K,-0.85944732293,6.79067433716,80.8206897205,2657.90797421,93.3184810146,0.13
7,2020,730358784,CLEM,D1 Atlantic Coast Conference,730177792,COFC,137961419,2020-03-04 13:00:00,1,1,1,1,1964824471,M. Anglin,R,FA,R,0.0477962289153,2.70321149951,18.1407047604,8.42924329504,6.41082688789,F,K,-0.738083463135,6.8022628581,92.8134936459,2420.75705898,204.886190298,-0.15
8,2020,730358784,CLEM,D1 Atlantic Coast Conference,730177792,COFC,137961419,2020-03-04 13:00:00,1,1,2,1,1964824471,M. Anglin,R,CU,R,1.96792607421,1.88749219302,0.331001425223,-7.02559879097,5.6829785307,SS,K,-0.925392832237,6.77039115778,82.1640160131,2625.17946413,93.0156454048,-0.15
9,2020,730358784,CLEM,D1 Atlantic Coast Conference,730177792,COFC,137961419,2020-03-04 13:00:00,1,0,0,2,1964824471,M. Anglin,R,FA,L,-0.899325292573,2.69365440745,14.7192260214,11.1469583456,6.43304896279,B,BB,-0.770812772027,6.88000489098,92.9855922564,2379.79357303,217.081580917,0.13
10,2020,730358784,CLEM,D1 Atlantic Coast Conference,730177792,COFC,137961419,2020-03-04 13:00:00,1,1,0,2,1964824471,M. Anglin,R,CH,L,-0.776658328282,2.58605519971,18.1269986998,11.2623799157,6.6361612103,SL,BB,-0.983018233,6.70033349319,83.2072998589,1642.40535472,211.8005477,-0.15
11,2020,730358784,CLEM,D1 Atlantic Coast Conference,730177792,COFC,137961419,2020-03-04 13:00:00,1,1,1,2,1964824471,M. Anglin,R,FA,L,-1.18640557144,3.6513822082,17.830836431,7.00154559277,6.31173015537,B,BB,-0.741382067379,6.871692559,93.2316184528,2451.7154843,201.40598859,0.13
12,2020,730358784,CLEM,D1 Atlantic Coast Conference,730177792,COFC,137961419,2020-03-04 13:00:00,1,2,1,2,1964824471,M. Anglin,R,CU,L,-0.127173956285,3.62443258639,-5.71719058965,-14.7165644989,5.8217397536,B,BB,-0.973885060401,6.73973486888,78.6816552687,2824.23001479,68.9134101694,0.13
13,2020,730358784,CLEM,D1 Atlantic Coast Conference,730177792,COFC,137961419,2020-03-04 13:00:00,1,3,1,2,1964824471,M. Anglin,R,CU,L,-0.487115730094,3.63426112182,-4.82499509552,-15.4524923873,5.91521919058,SL,BB,-0.837334757551,6.73415232295,77.2157828713,2740.62169591,72.8080516178,-0.15
14,2020,730358784,CLEM,D1 Atlantic Coast Conference,730177792,COFC,137961419,2020-03-04 13:00:00,1,3,2,2,1964824471,M. Anglin,R,FA,L,0.720110179832,3.24332145837,14.1779085967,4.06934066672,6.55342229238,F,BB,-0.753989950955,6.81997438679,92.6579210858,2464.0989902,195.982920023,0.0
15,2020,730358784,CLEM,D1 Atlantic Coast Conference,730177792,COFC,137961419,2020-03-04 13:00:00,1,3,2,2,1964824471,M. Anglin,R,FA,L,0.689634865298,4.09003384676,17.616090559,5.94266849765,6.44634022904,B,BB,-0.592092373222,6.92269808474,92.4754994999,2519.17332114,198.612228784,0.8
16,2020,730358784,CLEM,D1 Atlantic Coast Conference,730177792,COFC,137961419,2020-03-04 13:00:00,1,0,0,2,1964824471,M. Anglin,R,FA,R,0.84815050263,4.9090534991,17.1499754292,5.29590852101,6.40191421413,B,BB,-0.686954193034,6.84635763119,92.8499997255,2450.88848606,197.132831844,0.13
17,2020,730358784,CLEM,D1 Atlantic Coast Conference,730177792,COFC,137961419,2020-03-04 13:00:00,1,1,0,2,1964824471,M. Anglin,R,FA,R,1.58784339928,1.60161309125,17.1180137417,4.98072953364,6.65526519759,B,BB,-0.696543394807,6.81516267783,91.155308763,2340.84385798,196.195662539,0.13
18,2020,730358784,CLEM,D1 Atlantic Coast Conference,730177792,COFC,137961419,2020-03-04 13:00:00,1,2,0,2,1964824471,M. Anglin,R,CU,R,1.10104920723,4.43133899364,-4.64734278335,-17.7949241792,5.60995823838,B,BB,-0.626375600922,6.81715239655,77.1404084175,2804.81077291,75.4974769183,0.13
19,2020,730358784,CLEM,D1 Atlantic Coast Conference,730177792,COFC,137961419,2020-03-04 13:00:00,1,3,0,2,1964824471,M. Anglin,R,FA,R,-0.490618839575,1.46245805028,16.7995701346,8.4087082854,6.61965330697,B,BB,-0.655511643425,6.80612439709,91.274297774,2323.54002598,206.547795017,0.8
20,2020,730358784,CLEM,D1 Atlantic Coast Conference,730177792,COFC,137961419,2020-03-04 13:00:00,1,0,0,2,1964824471,M. Anglin,R,FA,L,-0.0944018259681,2.92517619476,16.3648580155,4.18441186108,6.5743359051,IP,HR,-0.583315821867,6.84858208189,91.3987853671,2373.11864859,194.317442561,1.76
21,2020,730358784,CLEM,D1 Atlantic Coast Conference,730177792,COFC,137961419,2020-03-04 13:00:00,2,0,0,0,1964824471,M. Anglin,R,FA,R,0.913258702509,3.42120645672,12.9584638212,7.72539753824,6.32823477264,SL,IP_OUT,-0.674295878404,6.99284913705,89.5105833244,2401.56481472,210.739645216,-0.15
22,2020,730358784,CLEM,D1 Atlantic Coast Conference,730177792,COFC,137961419,2020-03-04 13:00:00,2,0,1,0,1964824471,M. Anglin,R,FA,R,1.44508080801,2.76216749961,17.2455703594,8.99705808794,6.14979599342,SL,IP_OUT,-0.480225710702,7.07320451673,90.1098613256,2508.38471043,207.507500988,-0.15
23,2020,730358784,CLEM,D1 Atlantic Coast Conference,730177792,COFC,137961419,2020-03-04 13:00:00,2,0,0,1,1964824471,M. Anglin,R,FA,R,-0.450590056808,3.79681103577,16.3118264333,8.68341426249,6.2095760025,F,BB,-0.569270944686,7.01789066986,90.2387708831,2361.90726719,207.982047233,-0.15
24,2020,730358784,CLEM,D1 Atlantic Coast Conference,730177792,COFC,137961419,2020-03-04 13:00:00,2,0,1,1,1964824471,M. Anglin,R,FA,R,0.510057947527,2.0544683676,16.3933838893,9.76957039086,6.24412163643,SS,BB,-0.329651904785,7.02251640234,89.9731003074,2373.94072911,210.743831298,-0.15
25,2020,730358784,CLEM,D1 Atlantic Coast Conference,730177792,COFC,137961419,2020-03-04 13:00:00,2,0,2,1,1964824471,M. Anglin,R,FA,R,2.26172049254,1.44586182222,16.8181805734,6.56621109421,6.08831530082,B,BB,-0.239642813018,6.99935313522,90.0087894305,2337.58677344,201.289980204,0.13
26,2020,730358784,CLEM,D1 Atlantic Coast Conference,730177792,COFC,137961419,2020-03-04 13:00:00,2,1,2,1,1964824471,M. Anglin,R,FA,R,-0.630013100048,2.21005759379,18.2589082642,7.70673163362,6.19118718958,F,BB,-0.230362918844,7.02584876456,90.4063785936,2454.53615465,202.848255819,0.0
27,2020,730358784,CLEM,D1 Atlantic Coast Conference,730177792,COFC,137961419,2020-03-04 13:00:00,2,1,2,1,1964824471,M. Anglin,R,CU,R,1.86862139804,1.99284688258,-2.99764145157,-9.36791317465,5.69046626712,B,BB,-0.545565212124,6.74772207141,79.1631416677,2464.0611676,72.4891371086,0.13
28,2020,730358784,CLEM,D1 Atlantic Coast Conference,730177792,COFC,137961419,2020-03-04 13:00:00,2,2,2,1,1964824471,M. Anglin,R,CU,R,2.07090612585,0.754038920161,-10.2952342087,-18.0254877124,5.34834195236,B,BB,-0.333590789788,6.87131373668,76.9447556874,2803.74944533,60.3757202971,0.13
29,2020,730358784,CLEM,D1 Atlantic Coast Conference,730177792,COFC,137961419,2020-03-04 13:00:00,2,3,2,1,1964824471,M. Anglin,R,CU,R,1.88879031887,1.37500370472,-8.64478965172,-18.9311303743,5.929549221,B,BB,-0.519089946612,6.76663385353,77.1734629713,2832.63633626,65.5668949915,0.8
30,2020,730358784,CLEM,D1 Atlantic Coast Conference,730177792,COFC,137961419,2020-03-04 13:00:00,2,0,0,1,1200689256,K. Askew,L,FA,R,-0.948346312754,3.49555342491,15.9094028328,-11.5619805369,6.07745128118,F,IP_OUT,3.16080053671,5.34799447864,90.2660597769,2305.5270764,144.047175793,-0.15
31,2020,730358784,CLEM,D1 Atlantic Coast Conference,730177792,COFC,137961419,2020-03-04 13:00:00,2,0,1,1,1200689256,K. Askew,L,FA,R,1.36987542829,3.02706572731,7.35878357823,-18.8942388367,5.96995797812,F,IP_OUT,3.28041001346,5.29292648139,89.7325999097,2253.74259536,111.365022435,-0.15
32,2020,730358784,CLEM,D1 Atlantic Coast Conference,730177792,COFC,137961419,2020-03-04 13:00:00,2,0,2,1,1200689256,K. Askew,L,FA,R,0.995898142463,4.04542828646,9.22384992467,-17.8202829442,6.026277303,B,IP_OUT,3.14891411918,5.35984615047,90.8591379439,2296.97721065,117.446766639,0.13
33,2020,730358784,CLEM,D1 Atlantic Coast Conference,730177792,COFC,137961419,2020-03-04 13:00:00,2,1,2,1,1200689256,K. Askew,L,CU,R,-0.43074425076,2.83685095503,9.96988288837,7.16336616228,6.02380859821,F,IP_OUT,3.71596697929,5.08984959962,78.0385348822,2518.76562792,215.581118388,0.0
34,2020,730358784,CLEM,D1 Atlantic Coast Conference,730177792,COFC,137961419,2020-03-04 13:00:00,2,0,0,2,1200689256,K. Askew,L,FA,L,2.04162974187,3.50836235964,10.254834101,-19.4158990857,6.01549213635,B,K,3.25605392838,5.34345960725,90.8852410024,2212.27353777,117.914480338,0.13
35,2020,730358784,CLEM,D1 Atlantic Coast Conference,730177792,COFC,137961419,2020-03-04 13:00:00,2,1,0,2,1200689256,K. Askew,L,FA,L,0.15939794556,2.03574463626,8.65847005715,-19.2502612439,6.18791586143,F,K,2.88916906364,5.38312300404,89.8785523282,2125.146379,114.296807567,-0.15
36,2020,730358784,CLEM,D1 Atlantic Coast Conference,730177792,COFC,137961419,2020-03-04 13:00:00,2,1,1,2,1200689256,K. Askew,L,FA,L,0.693459191842,4.17133609057,10.3598714932,-18.0838662902,6.26799411232,F,K,3.05677433448,5.40219950534,89.4149842264,2297.27058451,119.885133535,-0.15
37,2020,730358784,CLEM,D1 Atlantic Coast Conference,730177792,COFC,137961419,2020-03-04 13:00:00,2,1,2,2,1200689256,K. Askew,L,CU,L,-1.96507487752,2.89284134025,6.01173147825,12.561234985,6.1836333752,B,K,3.29980183287,5.23804835525,76.1908186032,2479.76054092,244.258553996,0.13
38,2020,730358784,CLEM,D1 Atlantic Coast Conference,730177792,COFC,137961419,2020-03-04 13:00:00,2,2,2,2,1200689256,K. Askew,L,CU,L,-0.919336120898,2.78664629583,5.18447669706,15.7610090255,5.89539173994,SL,K,3.31939472259,5.07252048684,74.5229997208,2401.1887739,251.637261271,-0.15
39,2020,730358784,CLEM,D1 Atlantic Coast Conference,730177792,COFC,137961419,2020-03-04 13:00:00,3,0,0,0,1200689256,K. Askew,L,FA,R,0.684262732788,1.7998144268,8.91088086337,-21.5487800226,6.0233005972,SL,S,2.8888768354,5.32438038625,88.4332548457,2166.39200289,112.542578267,-0.15
40,2020,730358784,CLEM,D1 Atlantic Coast Conference,730177792,COFC,137961419,2020-03-04 13:00:00,3,0,1,0,1200689256,K. Askew,L,FA,R,0.697669340117,2.63472074908,3.40439291973,-19.109675844,6.13681835336,IP,S,2.92705683393,5.31146214839,88.3061048637,2143.26824157,100.19895806,1.0
41,2020,730358784,CLEM,D1 Atlantic Coast Conference,730177792,COFC,137961419,2020-03-04 13:00:00,3,0,0,0,1200689256,K. Askew,L,FA,L,0.698865442864,2.47519689907,1.99416141985,-21.5708199838,6.16214485381,IP,HR,3.3054606889,5.28684622275,87.8534542471,2285.6527924,95.371229981,1.76
42,2020,730358784,CLEM,D1 Atlantic Coast Conference,730177792,COFC,137961419,2020-03-04 13:00:00,3,0,0,0,1200689256,K. Askew,L,FA,R,1.75358597089,3.67780050347,4.20023990557,-16.5349319515,5.98706728873,B,IP_OUT,3.11543922499,5.35590937524,89.0074200022,2236.84234738,104.361022187,0.13
43,2020,730358784,CLEM,D1 Atlantic Coast Conference,730177792,COFC,137961419,2020-03-04 13:00:00,3,1,0,0,1200689256,K. Askew,L,CH,R,0.21693298756,2.39776661824,5.78096677455,-14.7204791056,6.30867804636,SS,IP_OUT,3.04238125591,5.0950947994,82.9354349476,1688.91016052,111.569326505,-0.15
44,2020,730358784,CLEM,D1 Atlantic Coast Conference,730177792,COFC,137961419,2020-03-04 13:00:00,3,1,1,0,1200689256,K. Askew,L,CU,R,-0.243892913858,2.57608851826,6.14496034132,12.7998844466,5.76513599288,F,IP_OUT,3.40798329547,5.08293393607,75.1185366163,2525.48639202,244.183061486,-0.15
45,2020,730358784,CLEM,D1 Atlantic Coast Conference,730177792,COFC,137961419,2020-03-04 13:00:00,3,0,0,1,1200689256,K. Askew,L,CU,L,-0.578682122057,2.38655150117,2.76317847018,17.816599923,5.63321041521,SL,BB,3.01483546778,5.12003099205,73.6842301905,2455.84003094,261.030690393,-0.15
46,2020,730358784,CLEM,D1 Atlantic Coast Conference,730177792,COFC,137961419,2020-03-04 13:00:00,3,0,1,1,1200689256,K. Askew,L,CU,L,0.828993980219,3.01158897756,2.07975330324,11.6222100282,5.93727682201,SL,BB,3.27367154724,5.23311618203,73.8763150329,2529.31085053,259.626280302,-0.15
47,2020,730358784,CLEM,D1 Atlantic Coast Conference,730177792,COFC,137961419,2020-03-04 13:00:00,3,0,2,1,1200689256,K. Askew,L,FA,L,-1.28724830531,3.0402719982,7.18815095544,-18.1292307691,6.32598032654,B,BB,2.89816281661,5.4125259852,87.6364803458,2210.30508801,111.72002775,0.13
48,2020,730358784,CLEM,D1 Atlantic Coast Conference,730177792,COFC,137961419,2020-03-04 13:00:00,3,1,2,1,1200689256,K. Askew,L,CU,L,-0.745193358898,2.22187806632,5.28346007874,10.9018855094,5.8735018235,F,BB,3.01931265465,5.26192887662,75.2681191362,2413.7461141,243.947152697,0.0
49,2020,730358784,CLEM,D1 Atlantic Coast Conference,730177792,COFC,137961419,2020-03-04 13:00:00,3,1,2,1,1200689256,K. Askew,L,CU,L,0.0496328528388,1.51193823955,-2.45676509242,17.5081761043,5.98290212756,B,BB,2.88647403811,5.22131980741,72.3587038661,2381.03283349,277.824493727,0.13
50,2020,730358784,CLEM,D1 Atlantic Coast Conference,730177792,COFC,137961419,2020-03-04 13:00:00,3,2,2,1,1200689256,K. Askew,L,CU,L,0.945586687045,1.71943496296,5.85513883042,16.9377549307,6.04044354132,B,BB,3.02941238448,5.11267200145,72.9596956366,2450.90723704,250.781237573,0.13
51,2020,730358784,CLEM,D1 Atlantic Coast Conference,730177792,COFC,137961419,2020-03-04 13:00:00,3,3,2,1,1200689256,K. Askew,L,FA,L,0.25941014589,2.87668792076,7.75495779308,-17.8392761787,6.16616970809,F,BB,2.8855363307,5.37741232889,88.3414503536,2296.32228047,113.585773193,0.0
52,2020,730358784,CLEM,D1 Atlantic Coast Conference,730177792,COFC,137961419,2020-03-04 13:00:00,3,3,2,1,1200689256,K. Askew,L,FA,L,1.06789150051,3.94246928642,8.57109064296,-19.4475919299,6.37123287115,F,BB,2.88200114024,5.42171605574,88.6443684225,2184.5380038,113.8651935,0.0
53,2020,730358784,CLEM,D1 Atlantic Coast Conference,730177792,COFC,137961419,2020-03-04 13:00:00,3,3,2,1,1200689256,K. Askew,L,FA,L,1.50353603847,3.89867689164,2.22399544688,-16.6742471782,6.0352129179,B,BB,2.94321793537,5.37644659249,88.562239035,2218.45747648,97.7100428278,0.8
54,2020,730358784,CLEM,D1 Atlantic Coast Conference,730177792,COFC,137961419,2020-03-04 13:00:00,3,0,0,1,1200689256,K. Askew,L,FA,L,-0.00938159201413,1.97485292294,4.96957856287,-16.5150952581,6.09110008451,SL,K,3.1433014775,5.36146367863,88.1492421194,2245.32660266,106.854292214,-0.15
55,2020,730358784,CLEM,D1 Atlantic Coast Conference,730177792,COFC,137961419,2020-03-04 13:00:00,3,0,1,1,1200689256,K. Askew,L,CU,L,0.728686628959,1.95018125657,0.423744310101,15.1480847556,5.55733834145,F,K,3.40211228909,5.22075484685,74.8701637258,2563.94838597,268.217178458,-0.15
56,2020,730358784,CLEM,D1 Atlantic Coast Conference,730177792,COFC,137961419,2020-03-04 13:00:00,3,0,2,1,1200689256,K. Askew,L,FA,L,-0.480144619114,2.14173668288,8.82579194817,-18.2827085363,6.3204862775,SS,K,3.07032117293,5.37548277419,87.9312886938,2269.13035012,115.854066118,-0.15
57,2020,730358784,CLEM,D1 Atlantic Coast Conference,730177792,COFC,137961419,2020-03-04 13:00:00,3,0,0,2,1200689256,K. Askew,L,FA,R,0.387262847278,2.73733628904,12.5576609821,-16.3359002863,6.07469192266,SS,IP_OUT,3.24252525894,5.31945131418,87.8138324374,2283.93131287,127.62506049,-0.15
58,2020,730358784,CLEM,D1 Atlantic Coast Conference,730177792,COFC,137961419,2020-03-04 13:00:00,4,0,0,0,1200689256,K. Askew,L,FA,R,2.01482701862,3.90938144577,7.28557769081,-16.3879557973,5.83768612529,B,K,2.8324026064,5.3595311596,86.0438452627,2222.48127187,114.072042595,0.13
59,2020,730358784,CLEM,D1 Atlantic Coast Conference,730177792,COFC,137961419,2020-03-04 13:00:00,4,1,0,0,1200689256,K. Askew,L,FA,R,1.00518987216,2.99779347115,9.46612899095,-19.9071778735,5.85402793065,SS,K,3.00130041477,5.32375074603,87.2352905164,2339.10779116,115.513284264,-0.15
60,2020,730358784,CLEM,D1 Atlantic Coast Conference,730177792,COFC,137961419,2020-03-04 13:00:00,4,1,1,0,1200689256,K. Askew,L,CH,R,2.05348292417,2.34452292849,1.77803486022,-17.0032109788,6.0799654955,B,K,2.80253689171,5.09496932047,80.8582419936,1721.00193846,96.1032635457,0.13
61,2020,730358784,CLEM,D1 Atlantic Coast Conference,730177792,COFC,137961419,2020-03-04 13:00:00,4,2,1,0,1200689256,K. Askew,L,FA,R,0.962102604725,1.96209064498,6.08452925766,-18.4229695787,6.01560283175,SS,K,2.88018127293,5.37121868166,87.0373287841,2365.37478413,108.37386065,-0.15
62,2020,730358784,CLEM,D1 Atlantic Coast Conference,730177792,COFC,137961419,2020-03-04 13:00:00,4,2,2,0,1200689256,K. Askew,L,CU,R,1.19644268504,2.97980364755,2.63430764151,15.6193616223,5.73230069708,SL,K,2.92991981268,5.21326319437,73.6911366488,2377.2071919,260.253432734,-0.15
63,2020,730358784,CLEM,D1 Atlantic Coast Conference,730177792,COFC,137961419,2020-03-04 13:00:00,4,0,0,1,1200689256,K. Askew,L,CH,R,1.35351035014,2.49668266982,2.22980893011,-15.0317565394,6.42822967769,SL,IP_OUT,2.72521105403,5.07721859825,81.624918297,1684.64521422,98.5826279619,-0.15
64,2020,730358784,CLEM,D1 Atlantic Coast Conference,730177792,COFC,137961419,2020-03-04 13:00:00,4,0,0,2,1200689256,K. Askew,L,CU,L,-0.833726514676,2.39370584215,-2.11765859224,12.4001977841,6.02138638302,SL,IP_OUT,2.98988318557,5.14315620198,75.7743043215,2599.84441168,279.487482491,-0.15
65,2020,730358784,CLEM,D1 Atlantic Coast Conference,730177792,COFC,137961419,2020-03-04 13:00:00,4,0,1,2,1200689256,K. Askew,L,CU,L,-0.460503582995,1.9203279229,1.05826202562,18.047539499,5.87356778306,SL,IP_OUT,2.85716320202,5.28195391688,74.2458515152,2617.52639234,266.492469608,-0.15
66,2020,730358784,CLEM,D1 Atlantic Coast Conference,730177792,COFC,137961419,2020-03-04 13:00:00,5,0,0,0,1200689256,K. Askew,L,CH,R,1.04387115705,2.7617088317,6.92713739565,-15.5761351357,6.11817481077,SL,K,3.01868920144,5.05496357055,82.3248870244,1724.96606216,114.095304476,-0.15
67,2020,730358784,CLEM,D1 Atlantic Coast Conference,730177792,COFC,137961419,2020-03-04 13:00:00,5,0,1,0,1200689256,K. Askew,L,CH,R,0.0228288595572,2.70631828114,0.607280939507,-17.6764301192,6.78286293674,SL,K,2.95952938339,5.05576713366,81.9151987701,1664.30257438,92.090285323,-0.15
68,2020,730358784,CLEM,D1 Atlantic Coast Conference,730177792,COFC,137961419,2020-03-04 13:00:00,5,0,2,0,1200689256,K. Askew,L,FA,R,-1.04451851681,2.74145292935,9.76874022791,-18.4490960003,6.21789170136,B,K,2.87495505553,5.44006829713,86.4500907036,2379.0733731,117.985788073,0.13
69,2020,730358784,CLEM,D1 Atlantic Coast Conference,730177792,COFC,137961419,2020-03-04 13:00:00,5,1,2,0,1200689256,K. Askew,L,CU,R,1.26336553185,2.082422207,-0.242338557931,15.2717585779,5.94048853968,SL,K,3.08954868381,5.26433074044,72.5993700751,2518.51768805,270.722775606,-0.15
70,2020,730358784,CLEM,D1 Atlantic Coast Conference,730177792,COFC,137961419,2020-03-04 13:00:00,5,0,0,1,1200689256,K. Askew,L,CU,L,1.18742861135,3.09709321879,2.63284499051,9.73933712784,5.84868623213,B,BB,3.08253810443,5.13262893069,73.6104073396,2446.37144735,254.6073338,0.13
71,2020,730358784,CLEM,D1 Atlantic Coast Conference,730177792,COFC,137961419,2020-03-04 13:00:00,5,1,0,1,1200689256,K. Askew,L,CU,L,-1.04556697175,1.06247151786,1.83275762474,16.2072642352,6.13937522803,B,BB,3.07823446455,5.19853033081,72.45300075,2613.26571554,263.372961705,0.13
72,2020,730358784,CLEM,D1 Atlantic Coast Conference,730177792,COFC,137961419,2020-03-04 13:00:00,5,2,0,1,1200689256,K. Askew,L,FA,L,-0.153449441043,1.61863917047,7.58843309675,-19.1033383402,6.4366631843,SL,BB,2.8860037487,5.14669149709,85.9894725104,2268.29748787,111.754983603,-0.15
73,2020,730358784,CLEM,D1 Atlantic Coast Conference,730177792,COFC,137961419,2020-03-04 13:00:00,5,2,1,1,1200689256,K. Askew,L,FA,L,-1.03281950035,2.84015369054,7.36314251082,-17.2798745859,6.53007608639,B,BB,2.8226115236,5.33167094802,85.8024576515,2398.45167286,113.177621737,0.13
74,2020,730358784,CLEM,D1 Atlantic Coast Conference,730177792,COFC,137961419,2020-03-04 13:00:00,5,3,1,1,1200689256,K. Askew,L,CU,L,-0.182269401379,2.32761689002,1.92740888306,17.3920006225,6.14517573929,SS,BB,2.78248829344,5.16128389927,70.9664985532,2479.8737988,263.507170265,-0.15
75,2020,730358784,CLEM,D1 Atlantic Coast Conference,730177792,COFC,137961419,2020-03-04 13:00:00,5,3,2,1,1200689256,K. Askew,L,CU,L,-1.81685902272,1.37862318398,-1.10412694816,18.0338907556,6.23923123611,B,BB,2.8287626498,5.18697837599,72.1345528108,2555.65528569,273.343619536,0.8
76,2020,730358784,CLEM,D1 Atlantic Coast Conference,730177792,COFC,137961419,2020-03-04 13:00:00,5,0,0,1,1200689256,K. Askew,L,CH,R,-0.309561002272,1.22645805381,4.6155941388,-19.0804166187,6.41146814625,B,DP,3.18207871662,4.96887730559,81.4452857358,1656.79233986,103.709216189,0.13
77,2020,730358784,CLEM,D1 Atlantic Coast Conference,730177792,COFC,137961419,2020-03-04 13:00:00,5,1,0,1,1200689256,K. Askew,L,FA,R,0.112500741846,2.25360740567,6.68175172759,-15.8557446063,6.18139278052,IP,DP,3.22144812878,5.13512504097,87.0464498507,2419.92040378,112.956527796,-0.21
78,2020,730358784,CLEM,D1 Atlantic Coast Conference,730177792,COFC,137961419,2020-03-04 13:00:00,6,0,0,0,1200689256,K. Askew,L,CU,L,-0.29377173609,3.54330413294,5.98953159254,11.8335780483,5.88081207615,IP,HR,3.20407386591,5.0061874546,72.4145252347,2428.90957428,242.960984987,1.76
79,2020,730358784,CLEM,D1 Atlantic Coast Conference,730177792,COFC,137961419,2020-03-04 13:00:00,6,0,0,1,1471789657,N. Hoffmann,R,CU,R,0.503394527628,2.48812310742,5.56604101686,-8.13744043313,6.15134910451,SS,S,-1.90107187424,5.8680432236,79.5278286438,2125.80880344,124.569105453,-0.15
80,2020,730358784,CLEM,D1 Atlantic Coast Conference,730177792,COFC,137961419,2020-03-04 13:00:00,6,0,1,1,1471789657,N. Hoffmann,R,FA,R,0.409815238245,3.72955649299,13.3811627929,9.09230899822,6.95426121847,F,S,-1.56839221877,6.09719471193,88.3390700567,2129.2720605,214.131821514,-0.15
81,2020,730358784,CLEM,D1 Atlantic Coast Conference,730177792,COFC,137961419,2020-03-04 13:00:00,6,0,2,1,1471789657,N. Hoffmann,R,FA,R,0.505690448149,3.45599194012,13.5322342541,5.61587027427,7.06338145757,IP,S,-1.52188497645,6.07814046958,88.7042730852,2092.81582543,202.490520822,1.0
82,2020,730358784,CLEM,D1 Atlantic Coast Conference,730177792,COFC,137961419,2020-03-04 13:00:00,6,0,0,2,1471789657,N. Hoffmann,R,FA,R,0.443160916659,2.98014819213,15.9717573883,6.11040477954,7.1974359008,F,K,-1.73090428048,5.98969954176,86.8405557112,2063.67845138,200.895970207,-0.15
83,2020,730358784,CLEM,D1 Atlantic Coast Conference,730177792,COFC,137961419,2020-03-04 13:00:00,6,0,1,2,1471789657,N. Hoffmann,R,SL,R,0.570864905621,2.79379035973,7.51568641334,-12.7551747111,6.29915152832,F,K,-1.89806805793,5.87105952197,77.1464036105,2111.60918059,120.653718866,-0.15
84,2020,730358784,CLEM,D1 Atlantic Coast Conference,730177792,COFC,137961419,2020-03-04 13:00:00,6,0,2,2,1471789657,N. Hoffmann,R,SL,R,1.15674911167,1.19284200375,4.05714925289,-14.0543562929,6.29316772172,B,K,-1.82936416121,5.69385926459,76.608100393,2100.84873166,106.267479698,0.13
85,2020,730358784,CLEM,D1 Atlantic Coast Conference,730177792,COFC,137961419,2020-03-04 13:00:00,6,1,2,2,1471789657,N. Hoffmann,R,SL,R,1.38540393015,2.30765680112,4.69757319351,-15.943445466,6.16733081737,SL,K,-1.91180597229,5.80879527882,78.0827351639,2232.40988511,106.557448332,-0.15
86,2020,730358784,CLEM,D1 Atlantic Coast Conference,730177792,COFC,137961419,2020-03-04 13:00:00,7,0,0,0,1471789657,N. Hoffmann,R,FA,L,0.622073761441,2.98534060246,18.431075567,2.30092436028,6.90001936244,F,S,-1.49780598343,6.10731756843,86.8374710138,2171.94585685,187.103176659,-0.15
87,2020,730358784,CLEM,D1 Atlantic Coast Conference,730177792,COFC,137961419,2020-03-04 13:00:00,7,0,1,0,1471789657,N. Hoffmann,R,FA,L,-0.718050945996,1.94629885691,16.9043043869,6.94514787244,6.77585816761,SL,S,-1.75182971687,6.11858778112,88.438132349,2188.39773275,202.296837213,-0.15
88,2020,730358784,CLEM,D1 Atlantic Coast Conference,730177792,COFC,137961419,2020-03-04 13:00:00,7,0,2,0,1471789657,N. Hoffmann,R,CH,L,-0.492691313623,3.83631181269,3.91600450646,11.2586625405,7.26457673872,IP,S,-1.63376382904,5.8050027058,75.6681409174,1471.92583637,250.626644994,1.0
89,2020,730358784,CLEM,D1 Atlantic Coast Conference,730177792,COFC,137961419,2020-03-04 13:00:00,7,0,0,0,1471789657,N. Hoffmann,R,SL,R,0.522284801667,3.49584306471,10.6653995976,-8.6350676909,6.32006277232,F,HBP,-1.82888032836,5.8315430193,76.0162938732,2006.94969585,141.121479052,-0.15
90,2020,730358784,CLEM,D1 Atlantic Coast Conference,730177792,COFC,137961419,2020-03-04 13:00:00,7,0,1,0,1471789657,N. Hoffmann,R,SL,R,0.816878232478,2.71609473536,11.7789191817,-11.397490628,6.27547380446,SS,HBP,-1.6515420126,5.85812686695,76.0443941132,2004.9840394,136.051251344,-0.15
91,2020,730358784,CLEM,D1 Atlantic Coast Conference,730177792,COFC,137961419,2020-03-04 13:00:00,7,0,2,0,1471789657,N. Hoffmann,R,FA,R,-1.33581506253,4.43999422346,18.9158364346,8.39414769744,7.11528258554,HBP,HBP,-1.7496045798,6.10601332291,87.7556347833,2203.29473379,203.893540644,0.8
92,2020,730358784,CLEM,D1 Atlantic Coast Conference,730177792,COFC,137961419,2020-03-04 13:00:00,7,0,0,0,1103752192,P. Labriola,L,SL,L,-0.998408315446,2.1483046224,-0.797611272106,4.40354946373,5.96682229548,B,BB,2.09885591082,6.23551472937,76.9136140326,2073.87507222,279.706643268,0.13
93,2020,730358784,CLEM,D1 Atlantic Coast Conference,730177792,COFC,137961419,2020-03-04 13:00:00,7,1,0,1,1103752192,P. Labriola,L,FA,L,-1.29960019758,0.708097217668,10.9575182008,-3.72847424595,6.92640539007,B,BB,1.89235801404,6.16634321065,87.6914688178,2151.50470238,161.260434735,0.13
94,2020,730358784,CLEM,D1 Atlantic Coast Conference,730177792,COFC,137961419,2020-03-04 13:00:00,7,2,0,1,1103752192,P. Labriola,L,FA,L,-1.01064761324,3.42283420085,13.8120353857,-0.13715839395,6.92386992201,B,BB,2.00745493722,6.17883727288,87.7040990294,2229.98093733,179.432389529,0.13
95,2020,730358784,CLEM,D1 Atlantic Coast Conference,730177792,COFC,137961419,2020-03-04 13:00:00,7,3,0,1,1103752192,P. Labriola,L,FA,L,-0.0130164479877,3.19769879593,16.2158226635,-1.04681113138,6.95493563293,SL,BB,1.95939901489,6.21687734127,87.3936981007,2270.4363833,176.313830553,-0.15
96,2020,730358784,CLEM,D1 Atlantic Coast Conference,730177792,COFC,137961419,2020-03-04 13:00:00,7,3,1,1,1103752192,P. Labriola,L,FA,L,-1.05598967808,2.69534910382,16.3282436132,-1.37698046956,6.91525354321,SS,BB,1.87925897472,6.3266648971,86.7657627911,2252.40884857,175.189370465,-0.15
97,2020,730358784,CLEM,D1 Atlantic Coast Conference,730177792,COFC,137961419,2020-03-04 13:00:00,7,3,2,1,1103752192,P. Labriola,L,SL,L,0.162901035292,3.05989176855,-3.20571206555,5.02078456395,5.9988411995,F,BB,2.13605951066,6.10694903557,77.8204791541,2026.42535393,302.207936606,0.0
98,2020,730358784,CLEM,D1 Atlantic Coast Conference,730177792,COFC,137961419,2020-03-04 13:00:00,7,3,2,1,1103752192,P. Labriola,L,FA,L,-1.36281488021,1.61317513153,12.5070323935,-4.98933624259,7.10960137116,B,BB,1.87998450338,6.19086430837,87.6990419052,2205.93311163,158.302431305,0.8
99,2020,730358784,CLEM,D1 Atlantic Coast Conference,730177792,COFC,137961419,2020-03-04 13:00:00,7,0,0,1,1103752192,P. Labriola,L,SL,R,0.224992585394,1.6861778987,11.5151052603,-2.92983429704,6.71320585933,B,S,2.22438803509,6.18797744208,77.7369436746,1790.28966805,165.773990495,0.13
100,2020,730358784,CLEM,D1 Atlantic Coast Conference,730177792,COFC,137961419,2020-03-04 13:00:00,7,1,1,1,1103752192,P. Labriola,L,FA,R,0.384311332923,3.04576418386,14.0967261341,-2.35431481804,7.01302922632,IP,S,2.03335742067,6.26463693882,87.1677119291,2213.40507338,170.539967977,1.0
101,2020,730358784,CLEM,D1 Atlantic Coast Conference,730177792,COFC,137961419,2020-03-04 13:00:00,7,0,0,1,1103752192,P. Labriola,L,FA,L,-0.519618456003,2.56300797643,11.4651078569,-8.39827988673,7.21804059973,F,S,1.93497030006,6.10775306957,87.707332442,2240.3179183,143.852931645,-0.15
102,2020,730358784,CLEM,D1 Atlantic Coast Conference,730177792,COFC,137961419,2020-03-04 13:00:00,7,0,1,1,1103752192,P. Labriola,L,FA,L,-0.797686754322,2.26405187735,12.8174832399,0.190881945152,7.26295488038,IP,S,1.9064968643,6.1968711972,86.7282105112,2127.50171464,180.851013314,1.0
103,2020,730358784,CLEM,D1 Atlantic Coast Conference,730177792,COFC,137961419,2020-03-04 13:00:00,7,0,0,1,1935962801,H. Jones,R,FA,L,0.178141440341,1.1988689703,9.07229042339,13.9643340756,6.80906422852,B,BB,-2.24880543405,5.93782968653,93.3072392257,2184.33681535,236.905653804,0.13
104,2020,730358784,CLEM,D1 Atlantic Coast Conference,730177792,COFC,137961419,2020-03-04 13:00:00,7,1,0,1,1935962801,H. Jones,R,FA,L,0.762994168955,1.76020962149,10.9356523293,14.3297017649,6.72383293972,B,BB,-1.97932691072,6.01367450728,93.45137632,2204.14620303,232.577535342,0.13
105,2020,730358784,CLEM,D1 Atlantic Coast Conference,730177792,COFC,137961419,2020-03-04 13:00:00,7,2,0,1,1935962801,H. Jones,R,FA,L,0.925632989433,1.34112655741,13.5305071885,12.3409143544,6.83008621672,B,BB,-2.01863578458,6.10289285399,95.0622188938,2205.36733117,222.308218459,0.13
106,2020,730358784,CLEM,D1 Atlantic Coast Conference,730177792,COFC,137961419,2020-03-04 13:00:00,7,3,0,1,1935962801,H. Jones,R,FA,L,-0.378887456202,3.83694588238,12.6277071149,13.292892221,6.84220024947,B,BB,-2.0574762867,6.10871832952,93.4510436663,2177.18451344,226.404753915,0.8
107,2020,730358784,CLEM,D1 Atlantic Coast Conference,730177792,COFC,137961419,2020-03-04 13:00:00,7,0,0,1,1935962801,H. Jones,R,FA,R,1.07521818995,1.12415633001,12.7045681287,13.3250250209,6.77436849454,B,BB,-1.91982212761,6.1126944669,93.9946348597,2231.45954827,226.300423105,0.13
108,2020,730358784,CLEM,D1 Atlantic Coast Conference,730177792,COFC,137961419,2020-03-04 13:00:00,7,1,0,1,1935962801,H. Jones,R,CU,R,1.15976723744,2.09395514419,1.07868436091,1.37553098836,6.65784661948,SL,BB,-2.22108705163,5.88036412098,84.0765156971,2413.4328509,230.969139381,-0.15
109,2020,730358784,CLEM,D1 Atlantic Coast Conference,730177792,COFC,137961419,2020-03-04 13:00:00,7,1,1,1,1935962801,H. Jones,R,CU,R,1.90907465068,1.79063802792,2.33282150289,-3.88258872773,6.46924476586,B,BB,-2.06505186856,6.03440045091,84.5619590766,2512.99128707,121.384116831,0.13
110,2020,730358784,CLEM,D1 Atlantic Coast Conference,730177792,COFC,137961419,2020-03-04 13:00:00,7,2,1,1,1935962801,H. Jones,R,FA,R,2.22622347259,2.72595346003,15.6107954622,14.1833772892,6.80251059359,B,BB,-1.97920351828,6.20600298127,94.9465901325,2325.29693078,222.205209489,0.13
111,2020,730358784,CLEM,D1 Atlantic Coast Conference,730177792,COFC,137961419,2020-03-04 13:00:00,7,3,1,1,1935962801,H. Jones,R,FA,R,1.47576997859,0.405657868228,11.7687852603,15.0869286947,6.79437132512,B,BB,-1.98526084439,6.00052803467,93.8219803945,2162.02013753,231.974610311,0.8
112,2020,730358784,CLEM,D1 Atlantic Coast Conference,730177792,COFC,137961419,2020-03-04 13:00:00,7,0,0,1,1184563456,N. Clayton,R,SI,R,0.662410596342,0.925355176266,5.98131981015,17.239833625,6.30496963767,SS,FC,-1.96814945436,5.96415182932,80.3207983494,2049.41722145,250.745160039,-0.15
113,2020,730358784,CLEM,D1 Atlantic Coast Conference,730177792,COFC,137961419,2020-03-04 13:00:00,7,0,1,1,1184563456,N. Clayton,R,FA,R,-0.558330607956,1.95664484641,7.358136808,16.5427652987,6.34149185184,IP,FC,-1.78541502286,5.84678263622,79.8225860904,2113.07766825,245.901257547,-0.21
114,2020,730358784,CLEM,D1 Atlantic Coast Conference,730177792,COFC,137961419,2020-03-04 13:00:00,7,0,0,2,1184563456,N. Clayton,R,SI,R,-0.4001580614,3.24523508293,10.5154201927,16.8158446366,6.24115440752,F,K,-1.71968399393,5.87128091228,79.5139574871,1973.19103356,237.879844046,-0.15
115,2020,730358784,CLEM,D1 Atlantic Coast Conference,730177792,COFC,137961419,2020-03-04 13:00:00,7,0,1,2,1184563456,N. Clayton,R,FA,R,1.15474668915,2.72272761635,12.0912178603,7.74272000746,6.50534965319,SL,K,-1.63760846188,6.08014791657,86.2071694132,2391.81440959,212.559594561,-0.15
116,2020,730358784,CLEM,D1 Atlantic Coast Conference,730177792,COFC,137961419,2020-03-04 13:00:00,7,0,2,2,1184563456,N. Clayton,R,SI,R,-0.466281597119,0.993918072131,4.99629523069,19.7859433228,6.23961794884,SS,K,-1.8490123931,5.85607003132,80.1213822716,2014.49041417,255.716598043,-0.15
117,2020,730358784,CLEM,D1 Atlantic Coast Conference,730177792,COFC,137961419,2020-03-04 13:00:00,8,0,0,0,1302122629,J. Lindley,R,CH,L,0.253544060243,0.663006124675,3.6240903647,14.0127550529,7.50669543972,B,S,-2.97464882863,5.91212461345,80.8693665765,1516.93031404,255.355508292,0.13
118,2020,730358784,CLEM,D1 Atlantic Coast Conference,730177792,COFC,137961419,2020-03-04 13:00:00,8,1,0,0,1302122629,J. Lindley,R,FA,L,-0.202060877952,1.98910609299,13.3710074299,11.7289273049,7.21058602588,IP,S,-3.10972020025,5.96384727515,89.641231063,2032.97987961,221.19112143,1.0
119,2020,730358784,CLEM,D1 Atlantic Coast Conference,730177792,COFC,137961419,2020-03-04 13:00:00,8,0,1,2,1302122629,J. Lindley,R,CU,R,0.901891202866,0.365679119228,-2.39601473145,-3.65404643183,6.38121928439,B,K,-3.03362017898,6.02475605053,78.9700289624,2092.1924366,57.2033347902,0.13
120,2020,730358784,CLEM,D1 Atlantic Coast Conference,730177792,COFC,137961419,2020-03-04 13:00:00,8,1,1,2,1302122629,J. Lindley,R,FA,R,0.575989495521,1.11795135086,8.2839759319,16.2636321756,7.30922385138,B,K,-3.15661264335,5.94796645324,90.445544186,1947.11876612,242.922509916,0.13
121,2020,730358784,CLEM,D1 Atlantic Coast Conference,730177792,COFC,137961419,2020-03-04 13:00:00,8,2,1,2,1302122629,J. Lindley,R,FA,R,-0.872341476683,3.09010423597,9.62817306743,14.7888993321,7.25015331874,F,K,-3.30815224844,5.98880525468,89.313294449,2035.87691074,236.849697245,-0.15
122,2020,730358784,CLEM,D1 Atlantic Coast Conference,730177792,COFC,137961419,2020-03-04 13:00:00,8,2,2,2,1302122629,J. Lindley,R,CU,R,-0.214157192336,2.38760656759,0.602485321076,1.13381901931,6.60506038411,SS,K,-2.94896891872,6.1983588668,77.8769334576,1894.54710245,240.368851276,-0.15
123,2020,730358784,CLEM,D1 Atlantic Coast Conference,730177792,COFC,137961419,2020-03-04 13:00:00,9,0,0,0,1302122629,J. Lindley,R,FA,L,-0.0896436272189,1.90658773349,10.0422883726,12.4576978666,7.17408944554,SL,IP_OUT,-3.50995845842,6.02977273562,91.079304571,1960.61051344,231.043239305,-0.15
124,2020,730358784,CLEM,D1 Atlantic Coast Conference,730177792,COFC,137961419,2020-03-04 13:00:00,9,0,1,0,1302122629,J. Lindley,R,FA,L,0.443900693183,3.46953181318,11.6246789894,12.1015557452,7.22506727691,SL,IP_OUT,-3.48675241902,6.15746368071,90.5120197791,1931.4854591,226.07640638,-0.15
125,2020,730358784,CLEM,D1 Atlantic Coast Conference,730177792,COFC,137961419,2020-03-04 13:00:00,9,0,0,1,1302122629,J. Lindley,R,FA,L,-1.37790023592,3.27780479165,8.97860792838,13.249701313,7.05977444893,SL,S,-3.7018885789,6.04317581497,89.6296133646,2029.8486355,235.783794058,-0.15
126,2020,730358784,CLEM,D1 Atlantic Coast Conference,730177792,COFC,137961419,2020-03-04 13:00:00,9,0,1,1,1302122629,J. Lindley,R,FA,L,-0.0590416464378,2.44404041118,18.9743873149,13.0346976728,6.9569191565,IP,S,-3.42785118638,6.24316338861,90.8571740246,2069.03315673,214.444122265,1.0
127,2020,730358784,CLEM,D1 Atlantic Coast Conference,730177792,COFC,137961419,2020-03-04 13:00:00,9,0,0,1,1302122629,J. Lindley,R,CU,R,-0.3497463768,3.72578597567,0.720157050227,-2.02269176474,6.37812890445,B,IP_OUT,-3.4633045881,6.16745514071,79.6135959138,1910.89421424,110.625833888,0.13
128,2020,730358784,CLEM,D1 Atlantic Coast Conference,730177792,COFC,137961419,2020-03-04 13:00:00,9,1,0,1,1302122629,J. Lindley,R,FA,R,-1.50416337619,3.74309869137,14.1043191185,12.2528478682,7.29560007426,B,IP_OUT,-3.49960280192,5.97672128485,89.2952486359,1899.93056462,220.919133921,0.13
129,2020,730358784,CLEM,D1 Atlantic Coast Conference,730177792,COFC,137961419,2020-03-04 13:00:00,9,0,0,2,1302122629,J. Lindley,R,CU,R,0.010535297311,2.073533041,-0.489752430271,-6.33615099108,6.38347838625,SL,IP_OUT,-3.45789581212,6.19948268642,78.6411814018,1941.45635899,85.9550867549,-0.15
130,2020,730358784,CLEM,D1 Atlantic Coast Conference,730177792,COFC,137961419,2020-03-04 13:00:00,9,0,1,2,1302122629,J. Lindley,R,FA,R,0.422983071395,2.50209458658,17.0121146118,8.34189310682,7.09252549911,SS,IP_OUT,-3.42941847344,6.02717970829,89.6860242566,1925.29144519,206.079526911,-0.15
131,2020,730358784,CLEM,D1 Atlantic Coast Conference,730177792,COFC,137961419,2020-03-04 13:00:00,9,0,2,2,1302122629,J. Lindley,R,CU,R,1.40243080388,2.28814878219,2.95687203513,-1.38217063405,6.50920241353,B,IP_OUT,-3.25676053364,6.30579689875,80.3781995847,2027.73105225,155.240538151,0.13
132,2020,730358784,CLEM,D1 Atlantic Coast Conference,730177792,COFC,137961419,2020-03-04 13:00:00,9,1,2,2,1302122629,J. Lindley,R,FA,R,0.845142234152,2.67747171683,14.8426325611,9.72328420401,7.26319905294,F,IP_OUT,-3.33847891712,6.02818698119,89.5381450764,1908.9013896,213.173443927,0.0
133,2020,730358784,CLEM,D1 Atlantic Coast Conference,730177792,COFC,137961419,2020-03-04 13:00:00,9,1,2,2,1302122629,J. Lindley,R,CU,R,0.452778485027,1.35415054865,-5.31962590332,-0.968815172268,6.66080612378,F,IP_OUT,-3.25637491613,6.35572163544,77.9072033414,2054.40517964,10.4015397712,0.0
134,2020,2293,VT,D1 Atlantic Coast Conference,730232064,WM,488793727,2020-03-10 13:00:00,1,0,0,0,1669044362,R. Okuda,L,FA,R,0.108798751431,3.62609216966,19.6855775436,-13.6424061822,6.01010296888,B,IP_OUT,2.78778754318,5.11984815483,84.4147645234,2206.24120567,145.327975208,0.13
135,2020,2293,VT,D1 Atlantic Coast Conference,730232064,WM,488793727,2020-03-10 13:00:00,1,0,0,1,1669044362,R. Okuda,L,CH,R,0.109717819246,1.1455099307,-1.46004641898,-4.57285376487,5.91540067471,SS,K,2.79443321649,4.99525462519,76.9325641863,889.597963157,72.801585494,-0.15
136,2020,2293,VT,D1 Atlantic Coast Conference,730232064,WM,488793727,2020-03-10 13:00:00,1,0,1,1,1669044362,R. Okuda,L,CU,R,0.723411437646,2.42104753137,-5.45381717795,18.1825136079,5.81870658734,SL,K,2.81353478511,5.02163547975,66.011041901,2275.37161995,286.519625183,-0.15
137,2020,2293,VT,D1 Atlantic Coast Conference,730232064,WM,488793727,2020-03-10 13:00:00,1,0,2,1,1669044362,R. Okuda,L,FA,R,0.869613436075,4.51012409564,16.1843503039,-17.1761486111,5.87487593071,B,K,2.95445548481,5.02709316185,86.1289531627,2197.45872907,133.360423225,0.13
138,2020,2293,VT,D1 Atlantic Coast Conference,730232064,WM,488793727,2020-03-10 13:00:00,1,1,2,1,1669044362,R. Okuda,L,CH,R,0.531713805315,0.510592701274,1.85129210089,-5.71853835954,5.85177406844,SS,K,2.78709290036,4.92932644322,79.2733158075,864.132989841,108.320466556,-0.15
139,2020,2293,VT,D1 Atlantic Coast Conference,730232064,WM,488793727,2020-03-10 13:00:00,1,0,0,2,1669044362,R. Okuda,L,CH,R,0.834034244466,2.97041152928,-1.76738134618,9.00161106539,5.53868390425,SL,K,2.73596270862,4.95443034113,74.1918356512,2272.05858938,280.81391373,-0.15
140,2020,2293,VT,D1 Atlantic Coast Conference,730232064,WM,488793727,2020-03-10 13:00:00,1,0,1,2,1669044362,R. Okuda,L,CU,R,1.35203567551,2.54825497134,-3.71621007454,20.1023299646,5.76215692122,B,K,2.86144806835,5.03384529827,65.3203774963,2320.99107554,280.30018461,0.13
141,2020,2293,VT,D1 Atlantic Coast Conference,730232064,WM,488793727,2020-03-10 13:00:00,1,1,1,2,1669044362,R. Okuda,L,FA,R,-0.509389885034,2.25109289006,11.5080067587,-19.2003475493,6.02728186379,SL,K,2.75983450131,4.99410303967,86.5401956934,2288.46982648,121.013846331,-0.15
142,2020,2293,VT,D1 Atlantic Coast Conference,730232064,WM,488793727,2020-03-10 13:00:00,1,1,2,2,1669044362,R. Okuda,L,CH,R,1.47970097964,1.11487244285,-1.50108510261,-0.536997727697,5.87439867462,B,K,2.79995578216,4.88380830715,77.9080018343,809.827344387,20.2251988614,0.13
143,2020,2293,VT,D1 Atlantic Coast Conference,730232064,WM,488793727,2020-03-10 13:00:00,1,2,2,2,1669044362,R. Okuda,L,FA,R,0.649045722627,2.38784213316,16.2379583944,-16.2492045114,6.09075706498,SS,K,2.85255403617,4.85450383801,87.2827182418,2276.49388813,135.040990735,-0.15
144,2020,2293,VT,D1 Atlantic Coast Conference,730232064,WM,488793727,2020-03-10 13:00:00,2,0,0,0,1669044362,R. Okuda,L,CH,L,0.956644702731,2.59246164055,6.43273353605,-13.7907793116,5.71458082735,SL,K,2.6041306114,5.02312124044,77.4269035016,1146.32458328,115.158190388,-0.15
145,2020,2293,VT,D1 Atlantic Coast Conference,730232064,WM,488793727,2020-03-10 13:00:00,2,0,1,0,1669044362,R. Okuda,L,FA,L,0.306233986116,2.41669239561,16.7867002324,-17.5472489412,5.99095557082,F,K,2.7212854345,5.03140318361,86.2034233569,2231.08796082,133.791231482,-0.15
146,2020,2293,VT,D1 Atlantic Coast Conference,730232064,WM,488793727,2020-03-10 13:00:00,2,0,2,0,1669044362,R. Okuda,L,CU,L,-0.865535446468,1.04617951525,-2.98648295318,6.06647570189,5.58534240713,SS,K,2.78207421834,4.87718620929,73.9670241203,2182.54340464,295.836581021,-0.15
147,2020,2293,VT,D1 Atlantic Coast Conference,730232064,WM,488793727,2020-03-10 13:00:00,2,0,0,1,1669044362,R. Okuda,L,CH,R,-0.352403256944,1.15370643475,-3.49316407628,-2.70523323444,5.92419526533,B,S,2.76491346448,4.99410763737,77.5047955567,945.131753237,38.1092641546,0.13
148,2020,2293,VT,D1 Atlantic Coast Conference,730232064,WM,488793727,2020-03-10 13:00:00,2,1,0,1,1669044362,R. Okuda,L,FA,R,-0.387277134331,1.32370690514,14.2822262208,-15.0460484769,6.13654725766,B,S,2.8650214321,5.02916406316,84.3689240922,2190.89582631,133.582573054,0.13
149,2020,2293,VT,D1 Atlantic Coast Conference,730232064,WM,488793727,2020-03-10 13:00:00,2,2,0,1,1669044362,R. Okuda,L,FA,R,-0.394815199356,2.51720179091,14.8810883921,-15.7878222359,6.15675620459,F,S,2.92581002281,4.99151542907,84.8783420383,2174.70509229,133.377151654,-0.15
150,2020,2293,VT,D1 Atlantic Coast Conference,730232064,WM,488793727,2020-03-10 13:00:00,2,2,1,1,1669044362,R. Okuda,L,FA,R,-0.100372848527,1.42539116812,16.0748123807,-19.2682592107,6.16501007771,SL,S,2.82709553851,5.00436365202,85.0498071079,2202.16940886,129.900793741,-0.15
151,2020,2293,VT,D1 Atlantic Coast Conference,730232064,WM,488793727,2020-03-10 13:00:00,2,2,2,1,1669044362,R. Okuda,L,FA,R,2.05779148907,2.72327733485,16.1059437519,-19.1421899166,6.21107466525,B,S,2.90510067301,4.95646500954,86.2016122977,2221.3409567,130.139051074,0.13
152,2020,2293,VT,D1 Atlantic Coast Conference,730232064,WM,488793727,2020-03-10 13:00:00,2,3,2,1,1669044362,R. Okuda,L,FA,R,0.149163035902,2.36727818647,16.0816040142,-13.1289988294,6.11757918644,IP,S,2.87060828926,5.02207471199,86.8800842892,2209.01290812,140.832969474,1.0
153,2020,2293,VT,D1 Atlantic Coast Conference,730232064,WM,488793727,2020-03-10 13:00:00,2,0,0,1,1669044362,R. Okuda,L,FA,L,-0.535919194941,3.43927516217,16.2729744435,-16.9372923342,6.10265714802,SL,FC,2.60071918716,5.0661660968,84.6036173469,2170.84503455,133.919157995,-0.15
154,2020,2293,VT,D1 Atlantic Coast Conference,730232064,WM,488793727,2020-03-10 13:00:00,2,0,1,1,1669044362,R. Okuda,L,FA,L,-0.12758106771,2.70851310384,16.4409097994,-17.5247250408,6.15393166358,SS,FC,2.77980423411,4.98814762646,85.610188697,2201.18503692,133.235125693,-0.15
155,2020,2293,VT,D1 Atlantic Coast Conference,730232064,WM,488793727,2020-03-10 13:00:00,2,0,2,1,1669044362,R. Okuda,L,FA,L,-0.0432770886642,1.83865254121,11.7476003284,-16.9998303214,6.14486120887,IP,FC,2.67173730163,4.87397671663,85.96701258,2051.72436554,124.726688506,-0.21
156,2020,2293,VT,D1 Atlantic Coast Conference,730232064,WM,488793727,2020-03-10 13:00:00,2,0,0,2,1669044362,R. Okuda,L,FA,R,-0.979692097252,2.27746598394,15.8975783251,-13.6044127504,6.25612005354,B,K,2.9188314131,4.86107807767,85.5780220312,2247.99110266,139.508609471,0.13
157,2020,2293,VT,D1 Atlantic Coast Conference,730232064,WM,488793727,2020-03-10 13:00:00,2,1,0,2,1669044362,R. Okuda,L,FA,R,1.06409517039,1.88814126791,9.57155590254,-19.1383604929,6.24798768773,SS,K,2.99944799788,4.89008971299,84.9225454583,2141.63628609,116.657937012,-0.15
158,2020,2293,VT,D1 Atlantic Coast Conference,730232064,WM,488793727,2020-03-10 13:00:00,2,1,1,2,1669044362,R. Okuda,L,CH,R,1.85331377813,2.54936943699,4.23913031101,-7.97113099007,6.02028379821,SS,K,2.87551977088,4.79534743264,77.4707199075,1530.03750197,118.249809733,-0.15
159,2020,2293,VT,D1 Atlantic Coast Conference,730232064,WM,488793727,2020-03-10 13:00:00,2,1,2,2,1669044362,R. Okuda,L,CH,R,1.20818599777,1.08205617661,-0.554608130154,-1.05839279245,6.14644472144,SS,K,2.97396706882,4.80440971182,77.3489930711,826.45199848,64.2479295359,-0.15
160,2020,2293,VT,D1 Atlantic Coast Conference,730232064,WM,488793727,2020-03-10 13:00:00,3,0,0,0,1669044362,R. Okuda,L,CU,R,0.3720963038,1.44255759241,-4.63089913575,14.6734811138,5.62816709431,SL,HR,2.86814138483,5.03011625904,65.238992385,2213.5332016,287.290900848,-0.15
161,2020,2293,VT,D1 Atlantic Coast Conference,730232064,WM,488793727,2020-03-10 13:00:00,3,0,1,0,1669044362,R. Okuda,L,FA,R,0.560396142145,1.55185189425,16.2061075876,-13.1277186961,6.24439260841,SL,HR,2.90874041625,4.98544313989,84.1913302767,2076.89685673,141.054795185,-0.15
162,2020,2293,VT,D1 Atlantic Coast Conference,730232064,WM,488793727,2020-03-10 13:00:00,3,0,2,0,1669044362,R. Okuda,L,CH,R,1.59077612438,2.1586271629,0.718852822589,-2.19272758734,5.85032600161,B,HR,2.8758009096,4.9094499269,75.8435735706,907.424966883,109.223390018,0.13
163,2020,2293,VT,D1 Atlantic Coast Conference,730232064,WM,488793727,2020-03-10 13:00:00,3,1,2,0,1669044362,R. Okuda,L,FA,R,-0.192897058918,3.5627106687,17.6734784252,-15.033644623,6.10326373272,IP,HR,2.76938934089,4.90747800894,85.064169575,2054.95854053,139.672381263,1.76
164,2020,2293,VT,D1 Atlantic Coast Conference,730232064,WM,488793727,2020-03-10 13:00:00,3,0,0,0,1669044362,R. Okuda,L,CH,R,1.01971719144,3.55249469805,0.00342620582059,2.34321312207,5.58306704877,B,IP_OUT,2.9504251173,4.87020291186,73.9442639311,2218.72934564,268.73026006,0.13
165,2020,2293,VT,D1 Atlantic Coast Conference,730232064,WM,488793727,2020-03-10 13:00:00,3,1,0,0,1669044362,R. Okuda,L,FA,R,1.94589294284,2.65316104707,14.4452879729,-15.8925796762,6.12521286362,B,IP_OUT,2.91399309368,4.93089211496,85.0343608258,2173.19921073,132.339811005,0.13
166,2020,2293,VT,D1 Atlantic Coast Conference,730232064,WM,488793727,2020-03-10 13:00:00,3,0,0,1,1669044362,R. Okuda,L,CH,R,0.196999216927,0.567535840964,1.86017268139,-10.7997256275,5.95262942447,B,IP_OUT,2.94067250969,4.90137450164,78.0771798557,919.67464075,99.9973916061,0.13
167,2020,2293,VT,D1 Atlantic Coast Conference,730232064,WM,488793727,2020-03-10 13:00:00,3,0,0,2,1669044362,R. Okuda,L,CU,R,0.378504840031,2.07247136857,0.524050350977,4.24268743945,5.66645286796,IP,S,2.96683228184,4.86122490424,74.8505041816,2189.95928182,262.331217524,1.0
168,2020,2293,VT,D1 Atlantic Coast Conference,730232064,WM,488793727,2020-03-10 13:00:00,3,0,0,2,1669044362,R. Okuda,L,FA,R,0.149111981679,1.31037810805,12.6048025852,-12.8230156183,6.17003623029,SL,K,2.76915857274,4.93518072972,85.0508083724,2223.26828623,134.589747014,-0.15
169,2020,2293,VT,D1 Atlantic Coast Conference,730232064,WM,488793727,2020-03-10 13:00:00,3,0,1,2,1669044362,R. Okuda,L,CH,R,1.18884668483,1.44666534284,1.77431711578,-13.1925605629,6.02267846515,F,K,2.94945556706,4.76467444,76.9101267222,1010.01897728,97.8505766455,-0.15
170,2020,2293,VT,D1 Atlantic Coast Conference,730232064,WM,488793727,2020-03-10 13:00:00,3,0,2,2,1669044362,R. Okuda,L,FA,R,0.644915558928,2.6941209951,10.8649090879,-16.1890592489,6.22319379219,SS,K,2.83983951895,4.86193779204,86.4799237366,1967.12464432,123.951651521,-0.15
171,2020,2293,VT,D1 Atlantic Coast Conference,730232064,WM,488793727,2020-03-10 13:00:00,4,0,0,0,1669044362,R. Okuda,L,CU,L,0.163066115276,2.81675024856,-1.00909288478,5.95541578939,5.66145988343,SL,IP_OUT,2.82495564809,4.88872972517,75.4332149831,2286.24141421,279.180758218,-0.15
172,2020,2293,VT,D1 Atlantic Coast Conference,730232064,WM,488793727,2020-03-10 13:00:00,4,0,1,0,1669044362,R. Okuda,L,CU,L,-2.95312992217,0.0824928092384,-1.03397495172,5.87376805297,5.59496902265,B,IP_OUT,2.63940325288,5.05343821981,74.8579721814,2251.76716921,279.528837193,0.13
173,2020,2293,VT,D1 Atlantic Coast Conference,730232064,WM,488793727,2020-03-10 13:00:00,4,0,0,1,1669044362,R. Okuda,L,CU,R,2.17065805502,3.64532312898,-2.51022136411,5.79858391761,5.8313933409,B,K,3.00492295487,4.89573905863,75.3292748796,2152.00197235,293.019760924,0.13
174,2020,2293,VT,D1 Atlantic Coast Conference,730232064,WM,488793727,2020-03-10 13:00:00,4,1,0,1,1669044362,R. Okuda,L,FA,R,-0.00197307245323,1.94780537263,11.7053454572,-18.4103810708,6.23381374609,SL,K,2.90928353038,4.8635156857,86.2324008433,2152.04751955,122.525924665,-0.15
175,2020,2293,VT,D1 Atlantic Coast Conference,730232064,WM,488793727,2020-03-10 13:00:00,4,1,1,1,1669044362,R. Okuda,L,CH,R,0.783463935577,0.92049214422,-2.15730319609,-8.00933997909,6.03408017268,B,K,2.96231897505,4.84826026281,77.4732292334,933.712961177,75.217688439,0.13
176,2020,2293,VT,D1 Atlantic Coast Conference,730232064,WM,488793727,2020-03-10 13:00:00,4,2,1,1,1669044362,R. Okuda,L,FA,R,-0.0764999586899,2.28151437318,13.3925214209,-16.6842123791,6.17575198888,F,K,2.83371349597,4.85752029402,86.8018750059,2164.74340897,128.826465649,-0.15
177,2020,2293,VT,D1 Atlantic Coast Conference,730232064,WM,488793727,2020-03-10 13:00:00,4,2,2,1,1669044362,R. Okuda,L,FA,R,0.368188530383,2.85230285973,13.6198499194,-18.509923316,6.24545246708,F,K,2.83742365948,4.91966994562,88.6156368391,2158.17981473,126.413338541,0.0
178,2020,2293,VT,D1 Atlantic Coast Conference,730232064,WM,488793727,2020-03-10 13:00:00,4,2,2,1,1669044362,R. Okuda,L,CH,R,1.61606325849,2.46036294847,-1.89527023132,-9.27902848198,5.96558403163,B,K,2.85060848987,4.90459703567,78.7181831167,1521.85049478,78.7093901648,0.13
179,2020,2293,VT,D1 Atlantic Coast Conference,730232064,WM,488793727,2020-03-10 13:00:00,4,3,2,1,1669044362,R. Okuda,L,FA,R,0.193269504958,2.44009264598,15.2525377475,-14.6546903439,6.10101566671,F,K,3.07297901743,4.87960858176,87.3320058143,2034.27240718,136.209658415,0.0
180,2020,2293,VT,D1 Atlantic Coast Conference,730232064,WM,488793727,2020-03-10 13:00:00,4,3,2,1,1669044362,R. Okuda,L,FA,R,0.332011581776,1.40366611789,14.472410337,-14.0521327158,6.30890026254,SL,K,2.96117983205,4.89480459609,87.8833424727,2254.26664987,135.910534543,-0.15
181,2020,2293,VT,D1 Atlantic Coast Conference,730232064,WM,488793727,2020-03-10 13:00:00,4,0,0,2,1669044362,R. Okuda,L,FA,R,0.118624423331,1.9781184019,10.2060049387,-16.7667840057,6.21447683077,SL,K,2.86011106614,4.97184339644,88.194570998,2222.05153973,121.412232386,-0.15
182,2020,2293,VT,D1 Atlantic Coast Conference,730232064,WM,488793727,2020-03-10 13:00:00,4,0,1,2,1669044362,R. Okuda,L,CU,R,1.82826568392,1.11162764674,-5.23340130604,9.79547928841,5.79048327699,B,K,2.9737443727,4.91485765953,65.9418488476,2138.06476215,297.835652172,0.13
183,2020,2293,VT,D1 Atlantic Coast Conference,730232064,WM,488793727,2020-03-10 13:00:00,4,1,1,2,1669044362,R. Okuda,L,FA,R,-0.419672206173,1.6722634873,14.626190659,-11.4151062108,6.21239063919,SL,K,2.99665330848,4.87548316855,87.9240496258,2313.41352187,142.093598946,-0.15
184,2020,2293,VT,D1 Atlantic Coast Conference,730232064,WM,488793727,2020-03-10 13:00:00,4,1,2,2,1669044362,R. Okuda,L,FS,R,0.344299224402,0.970687265741,1.32329290797,-10.1789628048,6.08701175522,F,K,3.01810640593,4.68714680952,79.8855610917,990.477490915,97.6343167658,0.0
185,2020,2293,VT,D1 Atlantic Coast Conference,730232064,WM,488793727,2020-03-10 13:00:00,4,1,2,2,1669044362,R. Okuda,L,FA,R,-0.164113381981,2.52155282607,13.1645380226,-18.3862729293,6.31741720647,SL,K,2.95952906268,4.8209502927,88.2193166622,2333.90642218,125.671705384,-0.15
186,2020,2293,VT,D1 Atlantic Coast Conference,730232064,WM,488793727,2020-03-10 13:00:00,5,0,0,0,1669044362,R. Okuda,L,FA,R,1.30439508372,1.50171977742,14.5711519428,-17.0877860188,6.27942074032,B,K,2.94101292052,4.96073613311,86.3423789008,2242.56799393,130.52255156,0.13
187,2020,2293,VT,D1 Atlantic Coast Conference,730232064,WM,488793727,2020-03-10 13:00:00,5,1,0,0,1669044362,R. Okuda,L,FA,R,-0.15488549691,1.88851060398,14.2388313476,-18.4272548584,6.15964491794,SL,K,2.96728915872,4.92063618231,86.4850267548,2278.64203285,127.761895187,-0.15
188,2020,2293,VT,D1 Atlantic Coast Conference,730232064,WM,488793727,2020-03-10 13:00:00,5,1,1,0,1669044362,R. Okuda,L,CU,R,0.918948951693,3.0442517427,-5.69197915298,19.1825786039,5.3490278265,SL,K,2.98901252076,4.90052210299,66.5230910372,2255.39687896,286.35763594,-0.15
189,2020,2293,VT,D1 Atlantic Coast Conference,730232064,WM,488793727,2020-03-10 13:00:00,5,1,2,0,1669044362,R. Okuda,L,FA,R,2.08509381473,2.43650784891,15.0468128419,-16.332797184,6.21663318407,B,K,2.93895878765,4.88123019954,88.004246358,2289.81315884,132.71718283,0.13
190,2020,2293,VT,D1 Atlantic Coast Conference,730232064,WM,488793727,2020-03-10 13:00:00,5,2,2,0,1669044362,R. Okuda,L,FA,R,0.394751873743,2.01774971936,16.3331584772,-18.0179539941,6.29208625772,SS,K,2.92157251481,4.94219251658,87.1319358972,2245.36802732,132.252527206,-0.15
191,2020,2293,VT,D1 Atlantic Coast Conference,730232064,WM,488793727,2020-03-10 13:00:00,5,0,0,1,1669044362,R. Okuda,L,FA,R,1.26950844898,2.89297384118,16.3973917972,-17.8918670435,6.33712368081,B,HR,2.96655814713,4.94900605297,87.7662316541,2262.60267194,132.563194024,0.13
192,2020,2293,VT,D1 Atlantic Coast Conference,730232064,WM,488793727,2020-03-10 13:00:00,5,1,0,1,1669044362,R. Okuda,L,CH,R,1.73227550024,2.87158308423,2.92463357586,-14.198563636,6.08626559289,B,HR,2.95038496328,4.820831513,78.2334539623,926.773777519,101.806447125,0.13
193,2020,2293,VT,D1 Atlantic Coast Conference,730232064,WM,488793727,2020-03-10 13:00:00,5,2,0,1,1669044362,R. Okuda,L,FA,R,0.346714175055,2.52269776106,17.7940729299,-18.3060798054,6.33695028209,F,HR,2.95807802995,4.88877530418,86.4468971484,2250.02757958,134.243641835,-0.15
194,2020,2293,VT,D1 Atlantic Coast Conference,730232064,WM,488793727,2020-03-10 13:00:00,5,2,1,1,1669044362,R. Okuda,L,FA,R,2.13744998034,1.97359127583,15.117340043,-16.0935290432,6.16786933492,B,HR,3.09229502475,4.9281431832,86.3466595138,2121.18743117,133.274692309,0.13
195,2020,2293,VT,D1 Atlantic Coast Conference,730232064,WM,488793727,2020-03-10 13:00:00,5,3,1,1,1669044362,R. Okuda,L,FA,R,1.36751827009,2.54098665418,13.635446149,-19.4911500693,6.1571280966,F,HR,2.95895660517,4.90233888186,85.7588282952,2184.92090902,125.045796732,-0.15
196,2020,2293,VT,D1 Atlantic Coast Conference,730232064,WM,488793727,2020-03-10 13:00:00,5,3,2,1,1669044362,R. Okuda,L,FA,R,1.37736339191,2.14887843818,12.4348652991,-15.6945205671,6.38960762598,F,HR,2.9455555977,4.90592097777,87.3150427134,1974.36809731,128.465044118,0.0
197,2020,2293,VT,D1 Atlantic Coast Conference,730232064,WM,488793727,2020-03-10 13:00:00,5,0,1,1,1669044362,R. Okuda,L,CU,R,1.95276023568,1.71414894289,-3.76206598882,16.7073336263,5.90521070364,B,IP_OUT,3.05828454884,4.88283230831,64.9756417351,2181.30153545,282.485680926,0.13
198,2020,2293,VT,D1 Atlantic Coast Conference,730232064,WM,488793727,2020-03-10 13:00:00,5,1,1,1,1669044362,R. Okuda,L,FA,R,0.811036959908,2.60023497704,13.0365952119,-14.8188758338,6.21579131606,F,IP_OUT,3.01516164074,4.90018437329,88.0524924207,1945.67764791,131.412119672,-0.15
199,2020,2293,VT,D1 Atlantic Coast Conference,730232064,WM,488793727,2020-03-10 13:00:00,5,1,2,1,1669044362,R. Okuda,L,CH,R,2.98085070611,2.45725326338,1.97248811474,-4.75774708224,5.96956604509,B,IP_OUT,2.90125119056,4.83564232572,78.4266111378,1296.86493596,112.965545019,0.13
200,2020,2293,VT,D1 Atlantic Coast Conference,730232064,WM,488793727,2020-03-10 13:00:00,5,0,0,2,1669044362,R. Okuda,L,SL,R,-0.601428883595,0.195103276336,-1.90455768717,1.12938625745,5.88928577883,B,IP_OUT,2.94064909401,4.72779759406,76.8015599535,2241.08578826,328.734036358,0.13
201,2020,2293,VT,D1 Atlantic Coast Conference,730232064,WM,488793727,2020-03-10 13:00:00,6,0,0,0,1882204506,X. Hamilton,R,CH,R,-1.0315602771,2.172751153,1.8783453269,-9.4535443732,5.85463985602,B,BB,-2.0967753917,5.6833692798,79.8822375248,2188.42713109,101.477267407,0.13
202,2020,2293,VT,D1 Atlantic Coast Conference,730232064,WM,488793727,2020-03-10 13:00:00,6,1,0,0,1882204506,X. Hamilton,R,FA,R,-1.55948202335,2.9421114836,9.32437486319,14.154922684,6.70668808923,B,BB,-2.20156687641,5.68298196547,87.9832130758,1840.58394823,236.532492945,0.13
203,2020,2293,VT,D1 Atlantic Coast Conference,730232064,WM,488793727,2020-03-10 13:00:00,6,2,0,0,1882204506,X. Hamilton,R,FA,R,-1.67048518597,2.0507154839,10.4250677478,9.95624639302,6.67636538754,B,BB,-2.33516293777,5.67116861551,88.5147565649,1836.38160006,223.592864601,0.13
204,2020,2293,VT,D1 Atlantic Coast Conference,730232064,WM,488793727,2020-03-10 13:00:00,6,3,0,0,1882204506,X. Hamilton,R,FA,R,0.464745890312,3.28814525035,14.3668556095,8.53592892984,6.97537887234,B,BB,-2.07571975848,5.64646636714,88.9979028387,1821.95370832,210.660230718,0.8
205,2020,2293,VT,D1 Atlantic Coast Conference,730232064,WM,488793727,2020-03-10 13:00:00,6,0,0,0,1882204506,X. Hamilton,R,FA,R,-1.20687149561,3.71176965422,11.7093926031,13.7774045631,6.69791464639,B,DP,-2.28312079791,5.73632029532,89.0048820128,1851.05061054,229.560790678,0.13
206,2020,2293,VT,D1 Atlantic Coast Conference,730232064,WM,488793727,2020-03-10 13:00:00,6,1,0,0,1882204506,X. Hamilton,R,FA,R,0.577425365639,3.68488389903,12.9250413337,5.71111026404,6.47803244294,B,DP,-2.24904251335,5.7839928187,89.346126194,1904.20165293,203.786062859,0.13
207,2020,2293,VT,D1 Atlantic Coast Conference,730232064,WM,488793727,2020-03-10 13:00:00,6,2,0,0,1882204506,X. Hamilton,R,FA,R,0.0987622909353,2.90451722542,8.47385780105,2.31028859449,6.60607076377,SL,DP,-2.35028971288,5.75045871823,88.7152007664,1886.51787903,195.194939714,-0.15
208,2020,2293,VT,D1 Atlantic Coast Conference,730232064,WM,488793727,2020-03-10 13:00:00,6,2,1,0,1882204506,X. Hamilton,R,FA,R,0.249740184361,2.71547446835,8.44649792085,0.267796295862,6.67047474139,IP,DP,-2.47226340767,5.69375372414,89.1258862622,1962.1142686,181.809126227,-0.21
209,2020,2293,VT,D1 Atlantic Coast Conference,730232064,WM,488793727,2020-03-10 13:00:00,6,0,0,2,1882204506,X. Hamilton,R,CU,L,-0.48002008227,1.7129081217,2.91211572004,-8.55320930697,5.88511715833,SL,D,-2.19352035677,5.6771973344,81.3358784867,2057.94757397,109.039646737,-0.15
210,2020,2293,VT,D1 Atlantic Coast Conference,730232064,WM,488793727,2020-03-10 13:00:00,6,0,1,2,1882204506,X. Hamilton,R,CU,L,1.67700932122,0.88834298491,-1.46455567552,-12.8653372984,6.02484022216,B,D,-1.97355251322,5.65200892502,80.1135026636,2286.02771723,83.6853598472,0.13
211,2020,2293,VT,D1 Atlantic Coast Conference,730232064,WM,488793727,2020-03-10 13:00:00,6,1,1,2,1882204506,X. Hamilton,R,CU,L,-0.338517391587,2.36669421406,-1.13432691532,-9.28803429985,6.03918293266,IP,D,-2.28774271815,5.61194432005,80.1745636724,2328.18318748,83.2835251929,1.26
212,2020,2293,VT,D1 Atlantic Coast Conference,730232064,WM,488793727,2020-03-10 13:00:00,6,0,0,2,1882204506,X. Hamilton,R,CU,R,-1.37775164644,4.55255040994,0.625189709133,-11.5627883915,6.03902342107,B,D,-2.44945783366,5.58295961894,79.0090976623,2108.09449558,93.2999895944,0.13
213,2020,2293,VT,D1 Atlantic Coast Conference,730232064,WM,488793727,2020-03-10 13:00:00,6,1,0,2,1882204506,X. Hamilton,R,FA,R,-1.24268587544,3.81143764464,10.9397054643,0.231630452364,6.46933434603,B,D,-2.44740507769,5.72967223732,87.1355280408,2026.56111464,181.209236294,0.13
214,2020,2293,VT,D1 Atlantic Coast Conference,730232064,WM,488793727,2020-03-10 13:00:00,6,2,0,2,1882204506,X. Hamilton,R,FA,R,0.92593355649,1.66275284006,10.938580863,3.11644403757,6.78045904213,SL,D,-2.36901731083,5.57417880481,88.5710883105,1902.45244284,195.857484487,-0.15
215,2020,2293,VT,D1 Atlantic Coast Conference,730232064,WM,488793727,2020-03-10 13:00:00,6,2,1,2,1882204506,X. Hamilton,R,CU,R,-0.542332262988,2.01229102163,0.101469235149,-14.001611482,5.96509056979,SL,D,-2.78798713462,5.60471683927,79.0784058532,2084.63872645,90.5874830574,-0.15
216,2020,2293,VT,D1 Atlantic Coast Conference,730232064,WM,488793727,2020-03-10 13:00:00,6,2,2,2,1882204506,X. Hamilton,R,CU,R,0.0444577037537,1.83054248139,-2.88879415729,-14.2599391371,6.10081910079,IP,D,-2.18039521328,5.64096584608,77.8529739479,2049.39727856,78.7140834237,1.26
217,2020,2293,VT,D1 Atlantic Coast Conference,730232064,WM,488793727,2020-03-10 13:00:00,6,0,0,2,1882204506,X. Hamilton,R,FA,R,1.81327197304,0.590072409687,9.18761716168,6.14941679332,6.75402384112,B,K,-2.22428735024,5.56860704451,89.3110820052,1985.25325376,213.703634577,0.13
218,2020,2293,VT,D1 Atlantic Coast Conference,730232064,WM,488793727,2020-03-10 13:00:00,6,1,0,2,1882204506,X. Hamilton,R,FA,R,0.465734786057,3.3722762661,12.549107725,3.56814422276,6.70012376645,B,K,-2.31816976509,5.69223799104,89.1759296498,1864.78529605,195.834011777,0.13
219,2020,2293,VT,D1 Atlantic Coast Conference,730232064,WM,488793727,2020-03-10 13:00:00,6,2,0,2,1882204506,X. Hamilton,R,FA,R,1.11988894775,1.81679233472,16.5218529163,3.84541352228,6.72463949471,SS,K,-2.34762864094,5.60441614998,88.1897125468,2043.58339697,193.077077929,-0.15
220,2020,2293,VT,D1 Atlantic Coast Conference,730232064,WM,488793727,2020-03-10 13:00:00,6,2,1,2,1882204506,X. Hamilton,R,FA,R,0.317446394207,2.54996609875,15.2394650796,5.0491948907,6.70966626898,F,K,-2.39643188473,5.52149074133,88.4999868472,2044.58550088,198.295078128,-0.15
221,2020,2293,VT,D1 Atlantic Coast Conference,730232064,WM,488793727,2020-03-10 13:00:00,6,2,2,2,1882204506,X. Hamilton,R,CU,R,1.22130458656,0.688483871426,0.323785918082,-6.10515924584,6.09353856795,SS,K,-2.34013056043,5.56223474809,80.7398956419,2221.06525641,93.4141432482,-0.15
222,2020,2293,VT,D1 Atlantic Coast Conference,730232064,WM,488793727,2020-03-10 13:00:00,7,0,0,1,1107482281,N. Wilson,R,FA,L,1.91420065693,0.291114594681,21.2240920409,3.77797242162,6.40944806714,B,IP_OUT,-0.611574530764,5.96885091407,92.1003151459,2357.99469388,190.078789577,0.13
223,2020,2293,VT,D1 Atlantic Coast Conference,730232064,WM,488793727,2020-03-10 13:00:00,7,1,0,1,1107482281,N. Wilson,R,FA,L,0.223218501874,1.51454268942,19.2909167505,6.61524581203,6.31457451947,SL,IP_OUT,-0.761793587227,5.95413505644,93.0468525486,2348.10531865,198.900878138,-0.15
224,2020,2293,VT,D1 Atlantic Coast Conference,730232064,WM,488793727,2020-03-10 13:00:00,7,1,1,1,1107482281,N. Wilson,R,CU,L,1.54768735324,0.80670393661,-8.99352026492,-11.5222341278,5.62724220461,B,IP_OUT,-0.979461465013,5.84556106305,77.3846044281,2544.74383843,52.1637586556,0.13
225,2020,2293,VT,D1 Atlantic Coast Conference,730232064,WM,488793727,2020-03-10 13:00:00,7,0,0,2,1107482281,N. Wilson,R,FA,R,-0.486834462677,3.49767510443,19.2137927752,9.89659850304,6.3393040987,B,D,-0.670399518583,6.01238856771,92.0823523115,2472.34397283,207.215290227,0.13
226,2020,2293,VT,D1 Atlantic Coast Conference,730232064,WM,488793727,2020-03-10 13:00:00,7,1,0,2,1107482281,N. Wilson,R,FA,R,-0.0685430178509,3.39885395254,19.2330753285,7.8681201094,6.3362195367,IP,D,-0.673612149456,6.05189759443,92.3606162585,2393.13517438,202.217925588,1.26
227,2020,2293,VT,D1 Atlantic Coast Conference,730232064,WM,488793727,2020-03-10 13:00:00,7,1,1,2,1107482281,N. Wilson,R,FA,R,-0.274745547043,3.65641515141,19.2157299223,5.12311007747,6.40072524106,B,S,-0.668615224002,6.02109806039,92.1554283958,2288.94521373,194.906095358,0.13
228,2020,2293,VT,D1 Atlantic Coast Conference,730232064,WM,488793727,2020-03-10 13:00:00,7,2,1,2,1107482281,N. Wilson,R,FA,R,-0.130462250036,3.04944785895,17.6207683689,7.17728889914,6.5245462804,IP,S,-0.622070113945,6.07145138755,90.7159628197,2301.3765713,202.126933345,1.0
229,2020,2293,VT,D1 Atlantic Coast Conference,730232064,WM,488793727,2020-03-10 13:00:00,7,0,0,2,1107482281,N. Wilson,R,FA,R,-0.0146399502992,2.72412999237,17.4552390985,9.69058266949,6.45432078077,IP,S,-0.654592563726,5.96318878631,91.4458957361,2431.34195042,208.995009476,1.0
230,2020,2293,VT,D1 Atlantic Coast Conference,730232064,WM,488793727,2020-03-10 13:00:00,7,0,0,2,1107482281,N. Wilson,R,FA,R,-0.45598592889,3.39334627112,14.8240681453,3.63468424341,6.45727571779,B,K,-0.602340721109,6.00051919974,92.0331405966,2232.4892306,193.749499385,0.13
231,2020,2293,VT,D1 Atlantic Coast Conference,730232064,WM,488793727,2020-03-10 13:00:00,7,1,0,2,1107482281,N. Wilson,R,FA,R,0.920417666674,2.52455177627,12.5698151052,5.952843458,6.67505120307,SL,K,-0.701972329963,5.95883908882,91.0334622537,2145.25009516,205.287680805,-0.15
232,2020,2293,VT,D1 Atlantic Coast Conference,730232064,WM,488793727,2020-03-10 13:00:00,7,1,1,2,1107482281,N. Wilson,R,CU,R,0.179021494197,0.598723925196,-8.36941414501,-11.2978594061,5.82503109019,B,K,-0.950372701276,5.83148643631,75.5722158644,2372.25489539,53.621198077,0.13
233,2020,2293,VT,D1 Atlantic Coast Conference,730232064,WM,488793727,2020-03-10 13:00:00,7,2,1,2,1107482281,N. Wilson,R,FA,R,0.720632981443,2.19397481201,16.7869737422,3.48547252561,6.43676791493,B,K,-0.582690184965,5.98267911873,91.6169590799,2232.69421712,191.708854945,0.13
234,2020,2293,VT,D1 Atlantic Coast Conference,730232064,WM,488793727,2020-03-10 13:00:00,7,3,1,2,1107482281,N. Wilson,R,FA,R,-0.638276804603,3.90805702504,17.3348706092,5.97382328521,6.34791775492,SL,K,-0.674865529666,6.04075798377,91.2982666404,2286.51408947,198.983135999,-0.15
235,2020,2293,VT,D1 Atlantic Coast Conference,730232064,WM,488793727,2020-03-10 13:00:00,7,3,2,2,1107482281,N. Wilson,R,CU,R,0.665526116846,1.54263721728,18.2384944789,3.90121108966,6.57203566747,SL,K,-0.768927371801,5.94059893581,91.5575850407,2401.65855721,192.054028232,-0.15
236,2020,2293,VT,D1 Atlantic Coast Conference,730232064,WM,488793727,2020-03-10 13:00:00,8,0,0,0,1120051200,R. Gleason,L,FA,R,-0.964474330843,2.10030142285,8.30546269047,-5.33726775066,5.50684540222,SS,K,1.98176984587,5.92292443898,87.5704787416,2481.21351382,147.38273828,-0.15
237,2020,2293,VT,D1 Atlantic Coast Conference,730232064,WM,488793727,2020-03-10 13:00:00,8,0,1,0,1120051200,R. Gleason,L,CU,R,0.677933337193,1.76243349301,-9.43208517166,11.161373683,5.1086951883,SS,K,2.02966191514,5.94783238573,76.977230431,2434.27374506,310.06258243,-0.15
238,2020,2293,VT,D1 Atlantic Coast Conference,730232064,WM,488793727,2020-03-10 13:00:00,8,0,2,0,1120051200,R. Gleason,L,CU,R,0.923849620393,0.903074458563,-10.681301644,13.4713826359,5.2216568213,B,K,1.76845209408,6.00582554704,77.3851736405,2091.097925,308.2915335,0.13
239,2020,2293,VT,D1 Atlantic Coast Conference,730232064,WM,488793727,2020-03-10 13:00:00,8,1,2,0,1120051200,R. Gleason,L,FA,R,-0.609675353777,1.77241474062,11.1814122842,-3.71749834338,5.64422762136,SS,K,1.92862650453,5.94486084436,87.771124269,2568.19108197,161.662095549,-0.15
240,2020,2293,VT,D1 Atlantic Coast Conference,730232064,WM,488793727,2020-03-10 13:00:00,8,0,0,1,1120051200,R. Gleason,L,FA,R,0.860413987644,2.94500664674,9.55909443033,-6.1434314255,5.497633741,SL,K,1.99167127018,6.00717850168,87.9148839407,2541.66309791,147.365875828,-0.15
241,2020,2293,VT,D1 Atlantic Coast Conference,730232064,WM,488793727,2020-03-10 13:00:00,8,0,1,1,1120051200,R. Gleason,L,CU,R,-0.335236667522,0.878716279472,-9.07722313819,11.7904627346,4.77985441897,B,K,1.92945983577,5.95707611549,77.3623627472,2310.58569477,307.45157924,0.13
242,2020,2293,VT,D1 Atlantic Coast Conference,730232064,WM,488793727,2020-03-10 13:00:00,8,1,1,1,1120051200,R. Gleason,L,CU,R,-0.199437036246,1.56989408128,-8.42483320379,10.3228928637,4.95138957955,SS,K,1.91879313703,5.87534192776,77.3178426095,2361.66567305,309.067108042,-0.15
243,2020,2293,VT,D1 Atlantic Coast Conference,730232064,WM,488793727,2020-03-10 13:00:00,8,1,2,1,1120051200,R. Gleason,L,CU,R,0.318868212466,1.78903131715,-6.68186169045,10.7197125655,4.95487596476,SS,K,1.90974484174,6.0196688813,77.8334668016,2427.20718846,301.76290379,-0.15
244,2020,2293,VT,D1 Atlantic Coast Conference,730232064,WM,488793727,2020-03-10 13:00:00,8,0,0,2,1120051200,R. Gleason,L,FA,R,0.82642350548,1.62974473286,15.3621658662,-7.43593521252,5.75630074549,SL,K,1.91614693333,5.97854114688,88.0356693329,2509.78121885,154.220712778,-0.15
245,2020,2293,VT,D1 Atlantic Coast Conference,730232064,WM,488793727,2020-03-10 13:00:00,8,0,1,2,1120051200,R. Gleason,L,CU,R,-0.616748790196,1.12120495568,-7.56759024553,13.5126377402,5.03585745605,SS,K,1.88493352507,5.90272439539,77.1142827481,2337.59257577,299.101797242,-0.15
246,2020,2293,VT,D1 Atlantic Coast Conference,730232064,WM,488793727,2020-03-10 13:00:00,8,0,2,2,1120051200,R. Gleason,L,CU,R,0.5122237032,1.79520964435,-8.31975855808,11.9590563393,5.31382868334,SL,K,1.78261571441,6.01796869198,77.6797930116,2449.61790569,304.681031211,-0.15
247,2020,2293,VT,D1 Atlantic Coast Conference,730232064,WM,488793727,2020-03-10 13:00:00,9,0,0,0,1632140840,N. Psimas,R,FA,R,-0.883254490817,3.45122644063,15.2885044454,11.4254725457,6.51174605114,B,IP_OUT,-1.2087243699,5.50491407362,92.9399133153,2113.60743161,216.718932937,0.13
248,2020,2293,VT,D1 Atlantic Coast Conference,730232064,WM,488793727,2020-03-10 13:00:00,9,0,0,1,1632140840,N. Psimas,R,FA,R,0.908683443181,1.95439685448,11.1054331592,15.6552036038,6.39411597766,SL,K,-1.22266717407,5.39990344008,93.8880234525,2098.99589205,234.578657975,-0.15
249,2020,2293,VT,D1 Atlantic Coast Conference,730232064,WM,488793727,2020-03-10 13:00:00,9,0,1,1,1632140840,N. Psimas,R,FA,R,0.130339523891,1.66927362571,14.7540491967,12.5688377025,6.33129355277,F,K,-1.27153407583,5.36921193584,93.6335675556,2147.40716,220.371616715,-0.15
250,2020,2293,VT,D1 Atlantic Coast Conference,730232064,WM,488793727,2020-03-10 13:00:00,9,0,2,1,1632140840,N. Psimas,R,FA,R,-0.445214001776,2.95420345769,14.1904191505,13.9569942359,6.14969391369,F,K,-1.25246979226,5.37605451495,94.9866140955,2107.17882613,224.467173062,0.0
251,2020,2293,VT,D1 Atlantic Coast Conference,730232064,WM,488793727,2020-03-10 13:00:00,9,0,2,1,1632140840,N. Psimas,R,FA,R,-0.672560089912,2.04754825286,13.7988865698,12.3634084012,6.09049144224,SS,K,-1.18663380037,5.4060330339,94.2929815687,2046.22432739,221.799475311,-0.15
252,2020,2293,VT,D1 Atlantic Coast Conference,730232064,WM,488793727,2020-03-10 13:00:00,9,0,0,2,1632140840,N. Psimas,R,FA,R,-0.764722361457,2.93592856907,13.1608556683,13.7623447686,6.24922119625,SL,K,-1.35708706329,5.37556761881,93.2827363954,2110.04326778,226.214821557,-0.15
253,2020,2293,VT,D1 Atlantic Coast Conference,730232064,WM,488793727,2020-03-10 13:00:00,9,0,1,2,1632140840,N. Psimas,R,FA,R,0.670414379445,1.14030626891,12.7550601152,13.2846426246,6.23147515901,B,K,-1.24990481242,5.25573114413,94.7137748503,2185.63136368,226.100237231,0.13
254,2020,2293,VT,D1 Atlantic Coast Conference,730232064,WM,488793727,2020-03-10 13:00:00,9,1,1,2,1632140840,N. Psimas,R,FA,R,0.230026971059,1.06323545954,11.7431867028,13.5417028763,6.61585760323,B,K,-1.31634369476,5.34392319057,93.0793289837,2081.0934787,228.997556409,0.13
255,2020,2293,VT,D1 Atlantic Coast Conference,730232064,WM,488793727,2020-03-10 13:00:00,9,2,1,2,1632140840,N. Psimas,R,FA,R,0.734793078362,1.65817206046,14.5450464571,13.4224050908,6.21530504685,SL,K,-1.37773510294,5.46682423899,93.8289085226,2006.65985815,222.643317087,-0.15
256,2020,2293,VT,D1 Atlantic Coast Conference,730232064,WM,488793727,2020-03-10 13:00:00,9,2,2,2,1632140840,N. Psimas,R,FA,R,0.689470371341,1.95515311146,13.5828071597,13.3213933215,6.21267998631,F,K,-1.21954416017,5.39481452986,93.8736409283,2100.54720177,224.381395195,0.0
257,2020,2293,VT,D1 Atlantic Coast Conference,730232064,WM,488793727,2020-03-10 13:00:00,9,2,2,2,1632140840,N. Psimas,R,FA,R,1.20475582011,1.89318243576,14.8572979947,10.7529276746,6.46229566425,F,K,-1.06599146608,5.47473801673,93.8478263361,2038.37342495,215.842199597,0.0
258,2020,2293,VT,D1 Atlantic Coast Conference,730232064,WM,488793727,2020-03-10 13:00:00,9,2,2,2,1632140840,N. Psimas,R,CH,R,-0.239400706668,3.35118870917,10.5861124912,7.65819279148,6.69809228445,B,K,-1.65718113165,5.16205163674,83.3917665848,1666.92048343,215.788485268,0.13
259,2020,2293,VT,D1 Atlantic Coast Conference,730232064,WM,488793727,2020-03-10 13:00:00,9,3,2,2,1632140840,N. Psimas,R,FA,R,-0.35329381161,1.37243978254,14.1823320777,14.9179722095,6.42495095014,SL,K,-1.36580457132,5.45245640349,92.2103940935,2080.72484037,226.387588484,-0.15
260,2020,730336256,DUKE,D1 Atlantic Coast Conference,730232064,WM,304973531,2020-02-18 13:00:00,1,0,0,0,1963733515,B. Chillari,L,SL,L,0.113339124514,2.80157517662,3.88956228751,-2.20007010885,6.60282253373,SL,S,2.41889297156,5.2950890194,76.8746038621,1920.29423956,150.778217252,-0.15
261,2020,730336256,DUKE,D1 Atlantic Coast Conference,730232064,WM,304973531,2020-02-18 13:00:00,1,0,1,0,1963733515,B. Chillari,L,FA,L,0.141804242014,2.71032160697,13.5252413623,-3.53070185851,6.61340606377,IP,S,2.13866856808,5.47509730206,86.1325470178,2018.71399366,165.404902446,1.0
262,2020,730336256,DUKE,D1 Atlantic Coast Conference,730232064,WM,304973531,2020-02-18 13:00:00,1,0,0,0,1963733515,B. Chillari,L,FA,R,0.999204493614,2.82661005468,11.7559033743,-5.93692493584,6.80992409806,SS,K,2.25397238722,5.53256225645,86.135255191,2082.20770122,153.271629387,-0.15
263,2020,730336256,DUKE,D1 Atlantic Coast Conference,730232064,WM,304973531,2020-02-18 13:00:00,1,0,1,0,1963733515,B. Chillari,L,FA,R,0.292168706027,4.26298983908,14.8766954459,-3.80228235868,6.88176209535,B,K,2.10239860733,5.61424945995,86.4083762199,1991.6478526,165.693956997,0.13
264,2020,730336256,DUKE,D1 Atlantic Coast Conference,730232064,WM,304973531,2020-02-18 13:00:00,1,1,1,0,1963733515,B. Chillari,L,FA,R,-0.852107865492,2.58031534514,14.6927713002,-4.99632415443,6.60824135578,F,K,2.10734517178,5.42377288575,86.2924227518,1976.06831347,161.259970285,-0.15
265,2020,730336256,DUKE,D1 Atlantic Coast Conference,730232064,WM,304973531,2020-02-18 13:00:00,1,1,2,0,1963733515,B. Chillari,L,SL,R,1.81803798493,4.6591061843,5.66816325564,1.82878736479,6.61061342612,B,K,2.42878754389,5.39653148347,76.4901468765,1937.29508161,197.752581187,0.13
266,2020,730336256,DUKE,D1 Atlantic Coast Conference,730232064,WM,304973531,2020-02-18 13:00:00,1,2,2,0,1963733515,B. Chillari,L,SL,R,1.16515534453,1.8257291325,4.93338079554,-1.25880565587,6.63409328162,B,K,2.37132465697,5.30627956125,77.2739008702,1896.26557076,165.806557863,0.13
267,2020,730336256,DUKE,D1 Atlantic Coast Conference,730232064,WM,304973531,2020-02-18 13:00:00,1,3,2,0,1963733515,B. Chillari,L,FA,R,-0.596437593647,2.39379748681,14.2704805147,-5.88475214518,6.6621535632,F,K,2.10528822268,5.48010444513,84.774453317,1991.82665486,157.640055428,0.0
268,2020,730336256,DUKE,D1 Atlantic Coast Conference,730232064,WM,304973531,2020-02-18 13:00:00,1,3,2,0,1963733515,B. Chillari,L,SL,R,1.11175002705,2.38259480481,3.48311063733,2.14027198245,6.6298611993,SL,K,2.48998528055,5.2837067709,76.3859154143,1981.36487356,211.244824984,-0.15
269,2020,730336256,DUKE,D1 Atlantic Coast Conference,730232064,WM,304973531,2020-02-18 13:00:00,1,0,0,2,1963733515,B. Chillari,L,SL,R,-0.796226992251,0.507775955332,15.0981461611,-5.19073908235,6.70390856814,B,IP_OUT,2.15308447369,5.4050009743,79.1500099217,1525.65224074,161.074255182,0.13
270,2020,730336256,DUKE,D1 Atlantic Coast Conference,730232064,WM,304973531,2020-02-18 13:00:00,1,1,0,2,1963733515,B. Chillari,L,FA,R,0.280711399197,2.43232311243,13.3449367148,-9.69626700342,6.81837743543,F,IP_OUT,2.16171056894,5.45234068174,84.6651868393,2050.49431661,144.069894965,-0.15
271,2020,730336256,DUKE,D1 Atlantic Coast Conference,730232064,WM,304973531,2020-02-18 13:00:00,1,1,1,2,1963733515,B. Chillari,L,SL,R,-0.512054946525,2.37224502312,15.6026857577,-3.17888075541,6.54882646277,F,IP_OUT,2.27454895092,5.32636314362,78.3326915218,1559.43691753,168.514358864,-0.15
272,2020,730336256,DUKE,D1 Atlantic Coast Conference,730232064,WM,304973531,2020-02-18 13:00:00,1,1,2,2,1963733515,B. Chillari,L,SL,R,1.25825145604,3.5693362831,4.70126274243,1.8403456632,6.75530827595,B,IP_OUT,2.41055691773,5.36072091377,76.368037412,1855.9488942,201.196312751,0.13
273,2020,730336256,DUKE,D1 Atlantic Coast Conference,730232064,WM,304973531,2020-02-18 13:00:00,1,2,2,2,1963733515,B. Chillari,L,SL,R,2.25950131546,4.00337814074,5.45038674904,-3.87129838284,6.65600018463,B,IP_OUT,2.38666185031,5.32409174159,75.1954126608,1880.2055389,144.83595947,0.13
274,2020,730336256,DUKE,D1 Atlantic Coast Conference,730232064,WM,304973531,2020-02-18 13:00:00,2,0,0,0,1963733515,B. Chillari,L,CH,R,0.523588810893,2.87500534486,16.2689450148,-2.65791815568,6.58216678067,F,IP_OUT,2.28371399615,5.52287646115,77.1321396441,1633.68080824,170.74538845,-0.15
275,2020,730336256,DUKE,D1 Atlantic Coast Conference,730232064,WM,304973531,2020-02-18 13:00:00,2,0,1,0,1963733515,B. Chillari,L,CH,R,-0.496425620559,1.83903660832,14.6382529434,-8.09410275503,6.57900712942,F,IP_OUT,2.24479112788,5.46850077888,78.0969039741,1614.93347854,151.128837439,-0.15
276,2020,730336256,DUKE,D1 Atlantic Coast Conference,730232064,WM,304973531,2020-02-18 13:00:00,2,0,2,0,1963733515,B. Chillari,L,FA,R,1.09160080826,4.44384022309,10.0706811412,-7.89572253709,6.82515595382,B,IP_OUT,2.27795147605,5.53386267501,84.3455380313,2049.9031711,142.000082458,0.13
277,2020,730336256,DUKE,D1 Atlantic Coast Conference,730232064,WM,304973531,2020-02-18 13:00:00,2,0,0,2,1963733515,B. Chillari,L,FA,L,0.602393057209,3.02264103952,14.3939733488,-5.94816748134,6.85045803292,SS,K,2.29704423561,5.5219014435,84.5048186616,2047.73207186,157.596987205,-0.15
278,2020,730336256,DUKE,D1 Atlantic Coast Conference,730232064,WM,304973531,2020-02-18 13:00:00,2,0,1,2,1963733515,B. Chillari,L,FA,L,1.21713348247,4.45695902036,12.0381093582,-8.0975927182,6.687370257,B,K,2.32203320379,5.4425816105,84.2442061166,1945.71341699,146.151029635,0.13
279,2020,730336256,DUKE,D1 Atlantic Coast Conference,730232064,WM,304973531,2020-02-18 13:00:00,2,1,1,2,1963733515,B. Chillari,L,FA,L,1.12155563618,3.03013769467,14.1941849279,-8.27321391557,6.73067975284,SL,K,2.31460629154,5.48786649396,84.5662105583,2030.39081579,149.825884187,-0.15
280,2020,730336256,DUKE,D1 Atlantic Coast Conference,730232064,WM,304973531,2020-02-18 13:00:00,2,1,2,2,1963733515,B. Chillari,L,SL,L,-1.07579641688,1.52513082277,7.0583342677,-1.76039438126,6.64603270268,B,K,2.18310808457,5.35515797663,77.061679074,1927.56070926,166.077687223,0.13
281,2020,730336256,DUKE,D1 Atlantic Coast Conference,730232064,WM,304973531,2020-02-18 13:00:00,2,2,2,2,1963733515,B. Chillari,L,SL,L,-0.21198349349,1.57120331854,3.9907789363,3.5672081628,6.83829894978,SS,K,2.42405047305,5.32942331928,76.4530621233,1983.75605854,221.478111137,-0.15
282,2020,730336256,DUKE,D1 Atlantic Coast Conference,730232064,WM,304973531,2020-02-18 13:00:00,3,0,0,0,1963733515,B. Chillari,L,FA,R,0.330051886119,2.41053468081,14.1570502247,-7.26980780827,6.70602701689,F,IP_OUT,2.3207998182,5.61866590755,83.6705748947,2131.61072512,152.878438393,-0.15
283,2020,730336256,DUKE,D1 Atlantic Coast Conference,730232064,WM,304973531,2020-02-18 13:00:00,3,0,1,0,1963733515,B. Chillari,L,FA,R,-0.0395369811743,2.86019386032,12.6466202102,-5.25863509866,7.04297258386,SS,IP_OUT,2.28243859037,5.55647503447,84.1412472638,1987.37948194,157.478235493,-0.15
284,2020,730336256,DUKE,D1 Atlantic Coast Conference,730232064,WM,304973531,2020-02-18 13:00:00,3,0,2,0,1963733515,B. Chillari,L,FA,R,0.805987297445,4.73977836799,11.8668533188,-5.42164069052,6.81368830567,B,IP_OUT,2.3889786232,5.50027199203,84.3102375588,1990.82456079,155.510404563,0.13
285,2020,730336256,DUKE,D1 Atlantic Coast Conference,730232064,WM,304973531,2020-02-18 13:00:00,3,1,2,0,1963733515,B. Chillari,L,FA,R,-0.586772491025,1.98225447436,14.2569807107,-6.23818882113,6.95680544213,F,IP_OUT,2.3182935551,5.49111198548,84.7010030959,2045.16037818,156.419708806,0.0
286,2020,730336256,DUKE,D1 Atlantic Coast Conference,730232064,WM,304973531,2020-02-18 13:00:00,3,1,2,0,1963733515,B. Chillari,L,SL,R,-0.777713064524,0.551061285402,13.601290874,-5.93908928425,6.60449126466,B,IP_OUT,2.27124862547,5.41477065834,79.0151961225,1567.67167794,156.474675821,0.13
287,2020,730336256,DUKE,D1 Atlantic Coast Conference,730232064,WM,304973531,2020-02-18 13:00:00,4,0,0,0,1282739520,E. Herrick,R,FA,L,-0.491279352451,1.19750748334,14.9630623197,8.06103445277,7.30689154509,B,IP_OUT,-0.663454563314,5.99645666935,88.485031754,2298.199469,208.261993942,0.13
288,2020,730336256,DUKE,D1 Atlantic Coast Conference,730232064,WM,304973531,2020-02-18 13:00:00,4,1,0,0,1282739520,E. Herrick,R,FA,L,0.648110905036,1.07916403443,16.0592473825,10.6847540781,6.97176325323,B,IP_OUT,-0.557868150634,6.13227323015,89.6762795313,2286.72985793,213.585748075,0.13
289,2020,730336256,DUKE,D1 Atlantic Coast Conference,730232064,WM,304973531,2020-02-18 13:00:00,4,0,0,1,1282739520,E. Herrick,R,FA,R,-1.03971740114,3.36802518152,21.0693042017,3.51788472078,6.9552610596,SS,K,-0.809495804573,6.3012831046,89.1433757139,2273.24939588,189.465083911,-0.15
290,2020,730336256,DUKE,D1 Atlantic Coast Conference,730232064,WM,304973531,2020-02-18 13:00:00,4,0,1,1,1282739520,E. Herrick,R,CU,R,-0.701622448484,2.42013478186,-1.91573807519,-15.5787881598,6.17052543075,SL,K,-0.828154279367,5.99026201614,76.8805138545,2265.6392889,83.1488354441,-0.15
291,2020,730336256,DUKE,D1 Atlantic Coast Conference,730232064,WM,304973531,2020-02-18 13:00:00,4,0,2,1,1282739520,E. Herrick,R,FA,R,-1.30299894935,2.9548985686,12.8244601483,8.67665797579,7.05705541049,F,K,-0.513917396916,6.03968103362,88.7813293912,2192.82253434,214.015511186,0.0
292,2020,730336256,DUKE,D1 Atlantic Coast Conference,730232064,WM,304973531,2020-02-18 13:00:00,4,0,2,1,1282739520,E. Herrick,R,CU,R,-0.345039810913,1.39321397128,-6.10949263083,-11.4570475042,6.46039192684,SS,K,-0.718263886588,6.0477754598,74.9748552806,2121.05204953,62.1097325462,-0.15
293,2020,730336256,DUKE,D1 Atlantic Coast Conference,730232064,WM,304973531,2020-02-18 13:00:00,5,0,0,0,1282739520,E. Herrick,R,CH,L,-0.782152094463,4.73242372637,13.5236070016,10.5030313147,7.0658861913,B,K,-0.945823191642,6.01328616118,82.7786805168,1789.81594037,217.759334948,0.13
294,2020,730336256,DUKE,D1 Atlantic Coast Conference,730232064,WM,304973531,2020-02-18 13:00:00,5,1,0,0,1282739520,E. Herrick,R,FA,L,-0.163782930638,1.90890954248,16.9377646809,7.93747973519,7.11151296351,F,K,-0.656424980987,6.14466873601,89.2144263598,2296.30468817,205.067978872,-0.15
295,2020,730336256,DUKE,D1 Atlantic Coast Conference,730232064,WM,304973531,2020-02-18 13:00:00,5,1,1,0,1282739520,E. Herrick,R,CU,L,-1.10518118271,3.27838611515,-0.914436724936,-16.7642394296,6.13844025422,SL,K,-0.930645155839,6.02759422278,74.6234943668,2156.00615504,87.0372007275,-0.15
296,2020,730336256,DUKE,D1 Atlantic Coast Conference,730232064,WM,304973531,2020-02-18 13:00:00,5,1,2,0,1282739520,E. Herrick,R,CU,L,-1.26636104103,2.23604291821,-3.13896028958,-14.4711039032,6.2383251269,B,K,-1.10447439335,5.97363060343,74.1479020916,2111.13458918,77.9407206599,0.13
297,2020,730336256,DUKE,D1 Atlantic Coast Conference,730232064,WM,304973531,2020-02-18 13:00:00,5,2,2,0,1282739520,E. Herrick,R,FA,L,0.267120702394,1.74127340572,14.0390142313,10.7457144616,7.09798038269,SL,K,-0.82979388724,6.13202366083,90.1592367239,2215.79246688,217.370775823,-0.15
298,2020,730336256,DUKE,D1 Atlantic Coast Conference,730232064,WM,304973531,2020-02-18 13:00:00,5,0,0,1,1282739520,E. Herrick,R,CU,R,-0.52979922636,2.57463536848,-3.60397491835,-13.0731749734,6.38455332611,SL,IP_OUT,-0.877564285236,6.07013026789,74.6965275138,2143.73113697,74.7768651056,-0.15
299,2020,730336256,DUKE,D1 Atlantic Coast Conference,730232064,WM,304973531,2020-02-18 13:00:00,5,0,0,2,1321291608,M. Dockman,L,FA,L,-0.300018692585,2.51680974583,15.1310841762,-3.99843652833,5.94863756324,SS,IP_OUT,2.12192041707,6.28760693273,86.3005508633,1939.49549417,165.230504707,-0.15
300,2020,730336256,DUKE,D1 Atlantic Coast Conference,730232064,WM,304973531,2020-02-18 13:00:00,5,0,1,2,1321291608,M. Dockman,L,SL,L,-0.939875145695,0.494500707903,1.27422241289,9.04854281537,6.10404651813,B,IP_OUT,2.21983366968,6.12972407441,73.1503823401,2239.21749463,261.683735419,0.13
301,2020,730336256,DUKE,D1 Atlantic Coast Conference,730232064,WM,304973531,2020-02-18 13:00:00,5,1,1,2,1321291608,M. Dockman,L,FA,L,0.478092761336,3.61273514845,9.06294861593,0.453892434598,6.18990654294,B,IP_OUT,2.23944644603,6.34166457843,85.8538180642,1782.70260398,182.856051093,0.13
302,2020,730336256,DUKE,D1 Atlantic Coast Conference,730232064,WM,304973531,2020-02-18 13:00:00,6,0,0,0,1321291608,M. Dockman,L,FA,R,1.03063777651,2.56596823608,11.708532961,-2.79661907461,6.11808193328,SL,IP_OUT,2.39326961984,6.29939873184,85.4528384676,1887.40699602,166.60596496,-0.15
303,2020,730336256,DUKE,D1 Atlantic Coast Conference,730232064,WM,304973531,2020-02-18 13:00:00,6,0,1,0,1321291608,M. Dockman,L,CH,R,2.6335132821,2.61895482654,11.9192332542,-2.27610152713,6.27239353162,B,IP_OUT,2.52141502452,6.14158818087,74.3508023417,1444.24289751,169.230596976,0.13
304,2020,730336256,DUKE,D1 Atlantic Coast Conference,730232064,WM,304973531,2020-02-18 13:00:00,6,1,1,0,1321291608,M. Dockman,L,CH,R,1.09915348729,0.560528265783,11.570124871,-6.558574194,6.61709891684,SS,IP_OUT,2.52117094808,6.07042506558,74.6688421043,1535.07173577,150.550687531,-0.15
305,2020,730336256,DUKE,D1 Atlantic Coast Conference,730232064,WM,304973531,2020-02-18 13:00:00,6,1,2,0,1321291608,M. Dockman,L,SL,R,-0.0522739008121,0.503176482714,-3.13186347644,14.8453436037,5.9603480955,B,IP_OUT,2.50935317322,6.15248172144,72.2316326662,2368.04297745,281.726496874,0.13
306,2020,730336256,DUKE,D1 Atlantic Coast Conference,730232064,WM,304973531,2020-02-18 13:00:00,6,0,0,1,1321291608,M. Dockman,L,FA,L,-0.0976032329244,1.94182493979,13.4526526257,-3.9918450784,6.20729721507,SL,BB,2.20176617237,6.35348256448,85.9852488778,1840.26988722,163.513231818,-0.15
307,2020,730336256,DUKE,D1 Atlantic Coast Conference,730232064,WM,304973531,2020-02-18 13:00:00,6,0,1,1,1321291608,M. Dockman,L,CU,L,0.866008154028,1.30960039403,-3.88434690324,12.2933994049,5.74294301729,B,BB,2.50563539557,6.20281271822,70.6925170076,2264.31215383,287.311895533,0.13
308,2020,730336256,DUKE,D1 Atlantic Coast Conference,730232064,WM,304973531,2020-02-18 13:00:00,6,1,1,1,1321291608,M. Dockman,L,FA,L,0.858034596922,4.17604930384,12.5818624444,-2.76216588831,6.31510235391,B,BB,2.20525732083,6.40254973106,85.5386158726,1733.87287652,167.651387062,0.13
309,2020,730336256,DUKE,D1 Atlantic Coast Conference,730232064,WM,304973531,2020-02-18 13:00:00,6,2,1,1,1321291608,M. Dockman,L,CH,L,1.48988962333,3.46165631263,11.5469626292,-2.60898233431,6.26361827251,B,BB,2.44487672307,6.30961918349,84.2953807308,1765.44644197,167.306485476,0.13
310,2020,730336256,DUKE,D1 Atlantic Coast Conference,730232064,WM,304973531,2020-02-18 13:00:00,6,3,1,1,1321291608,M. Dockman,L,FA,L,0.823294083003,3.02809864679,17.7979665631,-2.08361191356,6.16611348073,F,BB,2.22973633075,6.60058493732,86.209013755,1800.70391753,173.335718961,-0.15
311,2020,730336256,DUKE,D1 Atlantic Coast Conference,730232064,WM,304973531,2020-02-18 13:00:00,6,3,2,1,1321291608,M. Dockman,L,CU,L,-0.945528310077,0.99341604285,-0.683716865821,14.5156029475,5.88455818955,B,BB,2.43172153123,6.23355484079,71.886697145,2265.12476587,272.49585008,0.8
312,2020,730336256,DUKE,D1 Atlantic Coast Conference,730232064,WM,304973531,2020-02-18 13:00:00,6,0,0,1,1321291608,M. Dockman,L,FA,R,0.434988059003,2.51054828618,11.226695923,-1.05160545687,6.32915879275,F,K,2.40640100716,6.33145460606,86.3786403,1946.73264278,174.664951229,-0.15
313,2020,730336256,DUKE,D1 Atlantic Coast Conference,730232064,WM,304973531,2020-02-18 13:00:00,6,0,1,1,1321291608,M. Dockman,L,CH,R,2.02560389168,2.41860040912,9.164243063,-3.78828015271,6.22382210097,B,K,2.68344941839,6.1248894119,75.8803001169,1518.413833,157.640625636,0.13
314,2020,730336256,DUKE,D1 Atlantic Coast Conference,730232064,WM,304973531,2020-02-18 13:00:00,6,1,1,1,1321291608,M. Dockman,L,CH,R,1.3474926991,3.27360530031,11.0883472867,-4.98969722471,6.25251522545,F,K,2.51051729306,6.09040028548,75.5841035781,1476.48749037,155.860480363,-0.15
315,2020,730336256,DUKE,D1 Atlantic Coast Conference,730232064,WM,304973531,2020-02-18 13:00:00,6,1,2,1,1321291608,M. Dockman,L,FA,R,0.75045623105,2.95237078516,9.08144841428,-4.34419551754,6.26200685799,F,K,2.30746276489,6.26814057575,86.0850780827,1758.30734847,154.520584344,0.0
316,2020,730336256,DUKE,D1 Atlantic Coast Conference,730232064,WM,304973531,2020-02-18 13:00:00,6,1,2,1,1321291608,M. Dockman,L,CU,R,0.737871612232,2.67228788269,3.67842182013,12.3533883432,5.64631249691,SS,K,2.6633296402,6.20059008364,73.1042939575,2313.54966001,253.208728026,-0.15
317,2020,730336256,DUKE,D1 Atlantic Coast Conference,730232064,WM,304973531,2020-02-18 13:00:00,6,0,0,2,1321291608,M. Dockman,L,FA,L,0.500553862175,3.49026677768,13.3193106136,-4.83068577311,6.35025625377,SL,S,2.31741946912,6.36219375537,86.3879670121,2053.86110073,160.112785505,-0.15
318,2020,730336256,DUKE,D1 Atlantic Coast Conference,730232064,WM,304973531,2020-02-18 13:00:00,6,0,1,2,1321291608,M. Dockman,L,CU,L,-0.41199506264,2.34265216147,-0.679989290079,13.9960658764,5.95958809765,SL,S,2.32926986302,6.2097882719,73.6178357319,2328.13569428,272.584420866,-0.15
319,2020,730336256,DUKE,D1 Atlantic Coast Conference,730232064,WM,304973531,2020-02-18 13:00:00,6,0,2,2,1321291608,M. Dockman,L,CU,L,-0.943640549611,1.70372730846,0.0988711140822,10.2071447664,5.76233752623,IP,S,2.39075930965,6.17044204671,73.8760011067,2381.68403976,269.1757489,1.0
320,2020,730336256,DUKE,D1 Atlantic Coast Conference,730232064,WM,304973531,2020-02-18 13:00:00,6,0,0,2,1321291608,M. Dockman,L,CH,R,0.315884250532,0.553427567758,7.61042703204,-1.46073717761,6.55615966974,B,FC,2.47106664941,5.99034177056,76.6377969894,1448.39776457,169.195174674,0.13
321,2020,730336256,DUKE,D1 Atlantic Coast Conference,730232064,WM,304973531,2020-02-18 13:00:00,6,1,0,2,1321291608,M. Dockman,L,FA,R,1.48853183045,2.67472119967,17.0737261059,-3.19173053439,6.17391431178,B,FC,2.38710511318,6.33912338628,86.3731253775,2016.8090336,169.43248787,0.13
322,2020,730336256,DUKE,D1 Atlantic Coast Conference,730232064,WM,304973531,2020-02-18 13:00:00,6,2,0,2,1321291608,M. Dockman,L,FA,R,0.580002349142,3.4800252501,11.033071742,-4.27786451919,6.58425017477,SS,FC,2.28444783967,6.2874726218,86.1029338751,2084.66593192,158.867172098,-0.15
323,2020,730336256,DUKE,D1 Atlantic Coast Conference,730232064,WM,304973531,2020-02-18 13:00:00,6,2,1,2,1321291608,M. Dockman,L,FA,R,0.850904873462,2.52658660795,9.97190745204,-1.40464530628,6.48411975559,F,FC,2.30578678615,6.11481987447,85.4975730133,2022.73767262,172.009763571,-0.15
324,2020,730336256,DUKE,D1 Atlantic Coast Conference,730232064,WM,304973531,2020-02-18 13:00:00,6,2,2,2,1321291608,M. Dockman,L,CU,R,0.206675960085,1.84070680689,1.33923343,15.3538056716,5.83455415323,IP,FC,2.52310970232,6.13896286264,73.3264049046,2402.26201648,264.835035081,-0.21
325,2020,730336256,DUKE,D1 Atlantic Coast Conference,730232064,WM,304973531,2020-02-18 13:00:00,7,0,0,0,1175058888,J. Carey,R,FA,R,-0.218808674194,3.51280290216,17.3864737775,14.1659377865,5.5870716252,B,S,-1.08331509072,5.80919850922,92.3034268051,2270.88502107,219.121376809,0.13
326,2020,730336256,DUKE,D1 Atlantic Coast Conference,730232064,WM,304973531,2020-02-18 13:00:00,7,1,0,0,1175058888,J. Carey,R,FA,R,0.357252458096,1.3873050236,11.8380323662,17.9826529596,5.65826517109,SL,S,-1.24456444776,5.58985756302,91.3587613928,2209.06648285,236.571933854,-0.15
327,2020,730336256,DUKE,D1 Atlantic Coast Conference,730232064,WM,304973531,2020-02-18 13:00:00,7,1,1,0,1175058888,J. Carey,R,FA,R,1.77887203231,1.9401542686,14.2340215075,14.0373254105,5.81420620442,B,S,-1.38839608215,5.58298122442,91.4833253377,2188.31496356,224.537738838,0.13
328,2020,730336256,DUKE,D1 Atlantic Coast Conference,730232064,WM,304973531,2020-02-18 13:00:00,7,2,1,0,1175058888,J. Carey,R,FA,R,-0.478822142199,1.51141376436,13.1077850358,13.1920585879,5.89956593098,IP,S,-1.0586666669,5.68075765369,91.9893382849,2180.21729146,225.115681914,1.0
329,2020,730336256,DUKE,D1 Atlantic Coast Conference,730232064,WM,304973531,2020-02-18 13:00:00,7,0,0,0,1175058888,J. Carey,R,FA,L,1.02890609113,0.611970722221,11.2881580686,19.2209213768,5.90995419227,B,IP_OUT,-1.23486689097,5.72976856336,91.7324280713,2177.18013999,239.505048582,0.13
330,2020,730336256,DUKE,D1 Atlantic Coast Conference,730232064,WM,304973531,2020-02-18 13:00:00,7,1,0,0,1175058888,J. Carey,R,CH,L,-0.773106289087,1.48066574435,2.45193718618,9.57057039333,5.86560280473,B,IP_OUT,-1.73593342319,5.16107560274,81.5413576561,1538.28728986,255.407224114,0.13
331,2020,730336256,DUKE,D1 Atlantic Coast Conference,730232064,WM,304973531,2020-02-18 13:00:00,7,0,0,1,1175058888,J. Carey,R,CU,R,-0.039547626253,0.577842313504,-8.23656815361,-8.89944040379,5.41320728064,SS,K,-1.50957989005,5.54348821062,78.6544726621,2796.30835308,47.3652178606,-0.15
332,2020,730336256,DUKE,D1 Atlantic Coast Conference,730232064,WM,304973531,2020-02-18 13:00:00,8,0,0,0,1175058888,J. Carey,R,FA,L,-0.901943034699,3.76753649819,15.6539781062,11.6089182755,5.55743542681,B,K,-1.13386433292,5.81072234486,91.1957492037,2238.27057404,216.503988673,0.13
333,2020,730336256,DUKE,D1 Atlantic Coast Conference,730232064,WM,304973531,2020-02-18 13:00:00,8,1,0,0,1175058888,J. Carey,R,CH,L,-1.72882160137,2.44408876224,-4.8859985345,9.92267325094,5.57856224884,B,K,-1.56389017617,5.26585675562,83.4572010087,1696.71037405,296.037872712,0.13
334,2020,730336256,DUKE,D1 Atlantic Coast Conference,730232064,WM,304973531,2020-02-18 13:00:00,8,2,0,0,1175058888,J. Carey,R,FA,L,0.262054682986,1.98583442585,14.0884389012,14.4274362342,5.68574787209,F,K,-1.21844410301,5.53406628097,90.3598171214,2146.51093217,225.614705249,-0.15
335,2020,730336256,DUKE,D1 Atlantic Coast Conference,730232064,WM,304973531,2020-02-18 13:00:00,8,2,1,0,1175058888,J. Carey,R,FA,L,0.73606980178,3.04460135241,13.1874843562,11.87446792,5.81403217677,SL,K,-1.40983105875,5.46213151353,90.4349246769,2156.61345729,221.931165182,-0.15
336,2020,730336256,DUKE,D1 Atlantic Coast Conference,730232064,WM,304973531,2020-02-18 13:00:00,8,2,2,0,1175058888,J. Carey,R,SL,L,-0.525404746531,2.47049254504,-4.58188074969,-11.5191739885,5.63495737442,SL,K,-1.57714538773,5.36803401903,78.0527275743,2710.1291083,68.4951976178,-0.15
337,2020,730336256,DUKE,D1 Atlantic Coast Conference,730232064,WM,304973531,2020-02-18 13:00:00,8,0,0,1,1175058888,J. Carey,R,CH,L,0.40535407802,2.03464329871,5.20314926454,12.6084022719,5.85507332014,IP,S,-1.67765192337,5.19761085575,84.0130901161,1693.56337254,247.429927477,1.0
338,2020,730336256,DUKE,D1 Atlantic Coast Conference,730232064,WM,304973531,2020-02-18 13:00:00,8,0,0,1,1175058888,J. Carey,R,FA,R,1.5391915543,2.72639852447,19.1472276109,11.1945082024,5.79001628429,B,IP_OUT,-0.983016124826,5.76398303945,90.7852104483,2240.65333671,210.270991502,0.13
339,2020,730336256,DUKE,D1 Atlantic Coast Conference,730232064,WM,304973531,2020-02-18 13:00:00,8,0,0,2,1175058888,J. Carey,R,SL,L,-0.906962457806,3.36869924033,-4.20973811193,-15.165005007,5.47044349841,SL,K,-1.46206232971,5.44113174822,77.0979347898,2660.70879392,74.6430251859,-0.15
340,2020,730336256,DUKE,D1 Atlantic Coast Conference,730232064,WM,304973531,2020-02-18 13:00:00,8,0,1,2,1175058888,J. Carey,R,FA,L,0.594728354396,2.3207384933,11.9878427983,15.9782038993,5.72879980929,SL,K,-1.29538266787,5.50407747396,90.3644434151,2193.70523862,233.046236763,-0.15
341,2020,730336256,DUKE,D1 Atlantic Coast Conference,730232064,WM,304973531,2020-02-18 13:00:00,8,0,2,2,1175058888,J. Carey,R,FA,L,0.453402400641,1.68742380145,13.9209394961,15.3157779974,5.77889227884,SL,K,-1.32152272875,5.44303820741,88.7039620266,2110.04201866,227.662603188,-0.15
342,2020,730336256,DUKE,D1 Atlantic Coast Conference,730232064,WM,304973531,2020-02-18 13:00:00,9,0,0,0,1077521280,M. Mervis,R,FA,R,1.25434469706,2.76530564057,21.8981432324,4.24294044386,5.54852013508,F,BB,0.0640606223107,6.48521112854,92.2049122655,2299.0815867,190.950244619,-0.15
343,2020,730336256,DUKE,D1 Atlantic Coast Conference,730232064,WM,304973531,2020-02-18 13:00:00,9,0,1,0,1077521280,M. Mervis,R,FA,R,0.585348234535,2.00785022604,17.1459033518,11.9841298759,5.71037454515,SL,BB,-0.262130786904,6.38604769029,92.4625449936,2364.14225379,214.902832281,-0.15
344,2020,730336256,DUKE,D1 Atlantic Coast Conference,730232064,WM,304973531,2020-02-18 13:00:00,9,1,2,0,1077521280,M. Mervis,R,SL,R,1.51451442557,2.29395339616,1.37263070812,-8.43286045294,5.41862602767,B,BB,0.170216532557,6.46844441615,79.8304846852,2234.84826772,99.5220946094,0.13
345,2020,730336256,DUKE,D1 Atlantic Coast Conference,730232064,WM,304973531,2020-02-18 13:00:00,9,2,2,0,1077521280,M. Mervis,R,FA,R,0.592110262532,2.1996417826,21.7153346046,8.1250040339,5.63116332455,F,BB,0.085517213311,6.54815821483,92.780563213,2329.85202887,200.486970976,0.0
346,2020,730336256,DUKE,D1 Atlantic Coast Conference,730232064,WM,304973531,2020-02-18 13:00:00,9,2,2,0,1077521280,M. Mervis,R,FA,R,0.747684585361,0.52913202488,18.5389041058,9.65329151526,5.65144869023,B,BB,-0.036176780138,6.5258039746,93.4496356696,2231.64356629,207.467165068,0.13
347,2020,730336256,DUKE,D1 Atlantic Coast Conference,730232064,WM,304973531,2020-02-18 13:00:00,9,0,0,0,1077521280,M. Mervis,R,FA,R,0.665733333451,2.22058622827,20.5451195391,6.45329154837,5.66196643374,SL,K,-0.125331983933,6.43241350619,92.4248604086,2263.90696821,197.412877366,-0.15
348,2020,730336256,DUKE,D1 Atlantic Coast Conference,730232064,WM,304973531,2020-02-18 13:00:00,9,0,2,0,1077521280,M. Mervis,R,SL,R,1.40343603498,1.01170877808,3.38288172575,-10.927386798,5.57341716972,SS,K,-0.119580176378,6.50271066475,82.3958243717,2296.50741124,107.388769358,-0.15
349,2020,730336256,DUKE,D1 Atlantic Coast Conference,730232064,WM,304973531,2020-02-18 13:00:00,9,0,1,1,1077521280,M. Mervis,R,FA,L,-0.16883916232,2.19625294083,22.557019728,8.2017182633,5.73219386441,IP,DP,-0.10340232293,6.5131677482,92.7425564081,2348.65786716,199.95599906,-0.21
350,2020,730270720,ECU,D1 American Athletic Conference,730232064,WM,318958118,2020-02-16 13:00:00,1,0,0,0,1515569600,J. Kuchmaner,L,FA,R,1.53741792523,2.28785440866,14.9839969554,-10.9848226839,5.855963831,SL,IP_OUT,2.42177777667,5.83117007903,84.0216846208,1987.01252522,143.822251857,-0.15
351,2020,730270720,ECU,D1 American Athletic Conference,730232064,WM,318958118,2020-02-16 13:00:00,1,0,1,0,1515569600,J. Kuchmaner,L,FA,R,1.09096867142,2.68494420827,17.662994571,-12.5603190324,5.71200474117,F,IP_OUT,2.63185920087,5.90651493777,84.8107026558,1936.670202,144.639382455,-0.15
352,2020,730270720,ECU,D1 American Athletic Conference,730232064,WM,318958118,2020-02-16 13:00:00,1,0,2,0,1515569600,J. Kuchmaner,L,CH,R,2.83690609579,2.52801918968,2.41619928665,-15.1280774679,6.43023107204,B,IP_OUT,2.68525759129,5.67152699895,75.3100297695,1259.55092935,99.2430339168,0.13
353,2020,730270720,ECU,D1 American Athletic Conference,730232064,WM,318958118,2020-02-16 13:00:00,1,1,2,0,1515569600,J. Kuchmaner,L,CU,R,-0.831798667693,0.815237073534,-14.1270636651,6.4860341421,5.47058400896,B,IP_OUT,2.02149387267,5.89930572736,73.5672122797,2121.56155698,335.26191042,0.13
354,2020,730270720,ECU,D1 American Athletic Conference,730232064,WM,318958118,2020-02-16 13:00:00,1,2,2,0,1515569600,J. Kuchmaner,L,FA,R,-1.70528483566,2.5106606026,20.6631154771,-8.46686902241,5.97389550513,B,IP_OUT,2.17201857594,5.95590136234,84.9730949838,2079.62145815,157.754158531,0.13
355,2020,730270720,ECU,D1 American Athletic Conference,730232064,WM,318958118,2020-02-16 13:00:00,1,0,0,2,1515569600,J. Kuchmaner,L,FA,R,0.323895180341,1.45308020337,17.8440097732,-11.3571330699,5.94157135606,SL,K,2.37105006479,5.81216449071,85.2475438747,2055.73233554,147.577226382,-0.15
356,2020,730270720,ECU,D1 American Athletic Conference,730232064,WM,318958118,2020-02-16 13:00:00,1,0,1,2,1515569600,J. Kuchmaner,L,FA,R,0.787927415452,2.64713285473,18.5204237624,-10.7988039876,6.03094465266,F,K,2.22555911976,5.93219125962,85.309276368,1965.62124198,149.803016045,-0.15
357,2020,730270720,ECU,D1 American Athletic Conference,730232064,WM,318958118,2020-02-16 13:00:00,1,0,2,2,1515569600,J. Kuchmaner,L,FA,R,-1.27756437634,2.6056530438,17.6034968914,-14.0569224134,6.09799405293,B,K,2.0917544883,5.94327544153,85.7039576614,2111.28196475,141.448002565,0.13
358,2020,730270720,ECU,D1 American Athletic Conference,730232064,WM,318958118,2020-02-16 13:00:00,1,1,2,2,1515569600,J. Kuchmaner,L,CU,R,-0.492234833525,0.41274967376,-15.7745018053,6.95647752432,5.58228599556,B,K,1.80733328532,5.91998209872,73.9402445818,2116.60172365,336.137169154,0.13
359,2020,730270720,ECU,D1 American Athletic Conference,730232064,WM,318958118,2020-02-16 13:00:00,1,2,2,2,1515569600,J. Kuchmaner,L,CH,R,0.180918392666,1.31234323945,9.81709150648,-12.3121482566,6.05185566717,F,K,2.3882678412,5.76006145117,77.9757280994,1502.31928103,128.688822562,0.0
360,2020,730270720,ECU,D1 American Athletic Conference,730232064,WM,318958118,2020-02-16 13:00:00,1,2,2,2,1515569600,J. Kuchmaner,L,CH,R,1.31997211981,1.52554713963,1.53540790531,-13.2888877194,6.13451225358,SS,K,2.42138738721,5.66660729754,76.9599156601,1382.08625527,96.7791168195,-0.15
361,2020,730270720,ECU,D1 American Athletic Conference,730232064,WM,318958118,2020-02-16 13:00:00,2,0,0,0,1515569600,J. Kuchmaner,L,CH,R,0.782181925662,1.89624975867,11.2833395452,-10.4856697685,6.15973339642,SS,BB,2.57560393357,5.69293146456,74.9543113061,1484.70487125,137.215221112,-0.15
362,2020,730270720,ECU,D1 American Athletic Conference,730232064,WM,318958118,2020-02-16 13:00:00,2,0,1,0,1515569600,J. Kuchmaner,L,FA,R,-0.72326964091,2.98919861386,21.4857432252,-9.58466488585,5.73275968265,B,BB,2.2801690376,5.84131810769,83.9266453051,2113.85998661,155.995931425,0.13
363,2020,730270720,ECU,D1 American Athletic Conference,730232064,WM,318958118,2020-02-16 13:00:00,2,1,1,0,1515569600,J. Kuchmaner,L,CH,R,0.458246313959,0.0878638736622,14.1294564116,-10.9501846627,6.10058215834,B,BB,2.48692665065,5.71032338346,76.0999073446,1528.96624307,142.312452666,0.13
364,2020,730270720,ECU,D1 American Athletic Conference,730232064,WM,318958118,2020-02-16 13:00:00,2,2,1,0,1515569600,J. Kuchmaner,L,CH,R,-1.08810160369,1.04292899736,10.3939191923,-9.44365819708,6.0272577517,B,BB,2.41560585591,5.60126525839,75.8922458534,1330.50417077,137.866000232,0.13
365,2020,730270720,ECU,D1 American Athletic Conference,730232064,WM,318958118,2020-02-16 13:00:00,2,3,1,0,1515569600,J. Kuchmaner,L,FA,R,1.18014824493,2.67991640975,18.5085337133,-10.4046464773,5.99122951026,SL,BB,2.39603380537,5.90274098029,84.0568200861,2037.74126876,150.70588777,-0.15
366,2020,730270720,ECU,D1 American Athletic Conference,730232064,WM,318958118,2020-02-16 13:00:00,2,3,2,0,1515569600,J. Kuchmaner,L,FA,R,2.31040913436,3.42225347787,17.153522821,-11.5721052427,5.85166336052,B,BB,2.34288616536,5.84336033222,84.5744593447,2036.13403545,146.052208731,0.8
367,2020,730270720,ECU,D1 American Athletic Conference,730232064,WM,318958118,2020-02-16 13:00:00,2,0,0,0,1515569600,J. Kuchmaner,L,FA,R,2.61649630642,2.9833647895,16.5923169407,-11.4903893454,5.89327942799,B,IP_OUT,2.38970931215,5.89191494502,82.4335018973,1903.88631996,145.358757347,0.13
368,2020,730270720,ECU,D1 American Athletic Conference,730232064,WM,318958118,2020-02-16 13:00:00,2,1,0,0,1515569600,J. Kuchmaner,L,CH,R,2.14223126015,3.74586610974,7.1117667494,-14.0915368885,6.20933442963,B,IP_OUT,2.59768740827,5.85054673695,72.9846562944,1201.2848547,116.936655059,0.13
369,2020,730270720,ECU,D1 American Athletic Conference,730232064,WM,318958118,2020-02-16 13:00:00,2,0,0,1,1515569600,J. Kuchmaner,L,CU,L,0.0118916385095,0.564618517316,-13.5339717989,6.05934395373,5.43238969029,B,K,2.46460257419,5.94434641424,71.7288953579,2016.56285167,335.798351547,0.13
370,2020,730270720,ECU,D1 American Athletic Conference,730232064,WM,318958118,2020-02-16 13:00:00,2,1,0,1,1515569600,J. Kuchmaner,L,FA,L,-0.480054097921,1.13930399313,17.9570303115,-13.8323124978,6.00727736996,B,K,2.42214808238,5.75742747243,82.3960649703,1996.86170886,142.452221563,0.13
371,2020,730270720,ECU,D1 American Athletic Conference,730232064,WM,318958118,2020-02-16 13:00:00,2,2,0,1,1515569600,J. Kuchmaner,L,FA,L,-0.158746260206,2.80692095219,19.9993471328,-13.0317728168,5.90546618116,SS,K,2.39971288611,5.87629365485,83.6664373528,2104.74625452,146.960511611,-0.15
372,2020,730270720,ECU,D1 American Athletic Conference,730232064,WM,318958118,2020-02-16 13:00:00,2,2,1,1,1515569600,J. Kuchmaner,L,CH,L,-0.497864441983,2.39596426439,11.6314511913,-12.8116012804,5.94064377133,SL,K,2.46696904812,5.65402026904,76.0507853179,1300.04492005,132.347104692,-0.15
373,2020,730270720,ECU,D1 American Athletic Conference,730232064,WM,318958118,2020-02-16 13:00:00,2,2,2,1,1515569600,J. Kuchmaner,L,FA,L,-0.737425863576,3.74756211287,20.9081766649,-9.17001634405,5.95006245171,B,K,2.19907545912,5.84461964594,84.6081987668,2055.25520087,156.355515781,0.13
374,2020,730270720,ECU,D1 American Athletic Conference,730232064,WM,318958118,2020-02-16 13:00:00,2,3,2,1,1515569600,J. Kuchmaner,L,CU,L,0.803431265706,3.03286738348,-14.2520490573,8.39457922303,5.60945820155,F,K,2.47316434617,5.91047841407,71.4170659,2068.01410942,329.408684653,0.0
375,2020,730270720,ECU,D1 American Athletic Conference,730232064,WM,318958118,2020-02-16 13:00:00,2,3,2,1,1515569600,J. Kuchmaner,L,FA,L,-0.716403428,3.06949915662,19.1817530472,-12.4004294276,5.94899862665,SS,K,2.48256425389,5.73366426411,83.3210498851,2010.07550035,147.170472483,-0.15
376,2020,730270720,ECU,D1 American Athletic Conference,730232064,WM,318958118,2020-02-16 13:00:00,2,0,0,2,1515569600,J. Kuchmaner,L,CH,R,-0.514394363177,2.57025944943,6.99253016227,-16.3134890038,6.0772655886,SL,IP_OUT,2.74411304495,5.68661757909,76.0861321344,1352.41367976,113.33625255,-0.15
377,2020,730270720,ECU,D1 American Athletic Conference,730232064,WM,318958118,2020-02-16 13:00:00,3,0,0,0,1506629477,T. Kimmel,R,FA,L,0.312251795648,2.59307226488,12.3000575137,17.0796990679,5.80750059178,F,K,-1.38145596979,5.77065635816,89.7437613557,2317.089211,234.16794444,-0.15
378,2020,730270720,ECU,D1 American Athletic Conference,730232064,WM,318958118,2020-02-16 13:00:00,3,0,1,0,1506629477,T. Kimmel,R,CH,L,-0.164922940096,2.69136642749,4.95929351588,17.2280920657,6.29752718437,SL,K,-1.20378425138,5.59365061064,81.2186971846,2160.8584965,253.820563523,-0.15
379,2020,730270720,ECU,D1 American Athletic Conference,730232064,WM,318958118,2020-02-16 13:00:00,3,0,2,0,1506629477,T. Kimmel,R,CH,L,-1.1296447551,1.84365243676,2.08397790289,17.9321327055,6.35670015101,B,K,-1.45909060417,5.50377673523,81.0049174873,2258.73012257,263.247669167,0.13
380,2020,730270720,ECU,D1 American Athletic Conference,730232064,WM,318958118,2020-02-16 13:00:00,3,1,2,0,1506629477,T. Kimmel,R,FA,L,1.6268883743,2.95564197177,18.3501429548,12.840610426,5.70585035773,B,K,-0.875105979807,5.93680186402,89.8161863824,2414.16980411,214.934616483,0.13
381,2020,730270720,ECU,D1 American Athletic Conference,730232064,WM,318958118,2020-02-16 13:00:00,3,2,2,0,1506629477,T. Kimmel,R,CH,L,0.459488126227,1.4524749744,12.5403967527,13.3465761032,6.27185063567,SS,K,-1.41486755189,5.52897289293,80.4484397208,2085.36653021,226.692189357,-0.15
382,2020,730270720,ECU,D1 American Athletic Conference,730232064,WM,318958118,2020-02-16 13:00:00,3,0,0,1,1506629477,T. Kimmel,R,FA,R,0.976748962351,2.01827988244,19.9994906802,14.1165618818,5.87821224621,SL,K,-1.07175755708,5.8501782967,89.6976712337,2350.81380673,215.171930978,-0.15
383,2020,730270720,ECU,D1 American Athletic Conference,730232064,WM,318958118,2020-02-16 13:00:00,3,0,1,1,1506629477,T. Kimmel,R,FA,R,0.468092757468,2.35909403173,19.3482871418,15.7103062751,5.67816982969,SL,K,-1.05429432069,5.82264367334,89.4352091149,2405.89017855,219.027698464,-0.15
384,2020,730270720,ECU,D1 American Athletic Conference,730232064,WM,318958118,2020-02-16 13:00:00,3,0,2,1,1506629477,T. Kimmel,R,FA,R,2.6286763732,2.12497452678,18.1591688608,14.7237519541,5.78237021646,B,K,-1.05281773135,5.81989271804,90.1149920025,2364.88935555,218.985491113,0.13
385,2020,730270720,ECU,D1 American Athletic Conference,730232064,WM,318958118,2020-02-16 13:00:00,3,1,2,1,1506629477,T. Kimmel,R,FA,R,-1.42511645696,2.11482068552,12.9588442961,17.822530541,5.54810307529,F,K,-1.20976587595,5.7562260809,90.017320077,2253.45631523,233.910016471,0.0
386,2020,730270720,ECU,D1 American Athletic Conference,730232064,WM,318958118,2020-02-16 13:00:00,3,1,2,1,1506629477,T. Kimmel,R,SL,R,2.17035554234,1.64901976392,0.659634586504,-7.78455094805,5.42922353499,SS,K,-1.34075562971,5.59901584766,79.6900976487,2558.32881902,95.1498594597,-0.15
387,2020,730270720,ECU,D1 American Athletic Conference,730232064,WM,318958118,2020-02-16 13:00:00,3,0,0,2,1506629477,T. Kimmel,R,FA,R,0.408740027444,1.66367573286,15.8746351943,15.9309587775,5.69157009331,SL,K,-1.17253864554,5.77848322268,89.8479280297,2394.36699725,225.04199717,-0.15
388,2020,730270720,ECU,D1 American Athletic Conference,730232064,WM,318958118,2020-02-16 13:00:00,3,0,1,2,1506629477,T. Kimmel,R,SL,R,1.63706715809,1.20116182128,-0.637516899632,-3.52452814024,5.30037052648,B,K,-1.34852635191,5.6095738572,78.7641485735,2513.97118839,80.432026684,0.13
389,2020,730270720,ECU,D1 American Athletic Conference,730232064,WM,318958118,2020-02-16 13:00:00,3,1,1,2,1506629477,T. Kimmel,R,FA,R,-0.149041142259,2.1754362168,13.9248301746,15.2528905755,5.59784042216,SS,K,-1.18714415606,5.7280540691,89.8093886861,2312.11003824,227.538590176,-0.15
390,2020,730270720,ECU,D1 American Athletic Conference,730232064,WM,318958118,2020-02-16 13:00:00,3,1,2,2,1506629477,T. Kimmel,R,CH,R,-0.221419521701,1.62873442061,10.0993390706,13.5236752923,6.38708194501,SS,K,-1.14463662372,5.55163407868,81.0138263354,2048.40394514,233.140197779,-0.15
391,2020,730270720,ECU,D1 American Athletic Conference,730232064,WM,318958118,2020-02-16 13:00:00,4,0,0,0,1506629477,T. Kimmel,R,FA,R,-0.147475576591,1.81214790016,13.8308944841,17.8831131128,5.57167740126,F,K,-1.06537170893,5.83186705986,87.7049137584,2201.86527472,232.212097158,-0.15
392,2020,730270720,ECU,D1 American Athletic Conference,730232064,WM,318958118,2020-02-16 13:00:00,4,0,1,0,1506629477,T. Kimmel,R,CH,R,-0.511223601475,1.23785626855,4.93989179279,19.5364180649,6.32046175055,SS,K,-1.21755391544,5.61551869566,79.7646900053,2179.21436536,255.696374454,-0.15
393,2020,730270720,ECU,D1 American Athletic Conference,730232064,WM,318958118,2020-02-16 13:00:00,4,0,2,0,1506629477,T. Kimmel,R,SL,R,2.08705090574,2.71810573645,6.8763302599,-8.89095386186,5.35223406116,B,K,-1.4579863887,5.68317247483,78.6571826222,2364.48645347,127.895457838,0.13
394,2020,730270720,ECU,D1 American Athletic Conference,730232064,WM,318958118,2020-02-16 13:00:00,4,1,2,0,1506629477,T. Kimmel,R,CH,R,0.646727789455,0.246766746136,6.19754776998,17.3028640516,6.16532763991,B,K,-1.30657659721,5.64563494734,80.2411607587,2001.90652561,250.172576181,0.13
395,2020,730270720,ECU,D1 American Athletic Conference,730232064,WM,318958118,2020-02-16 13:00:00,4,2,2,0,1506629477,T. Kimmel,R,CH,R,0.0745693839061,1.587231705,3.33513239481,18.8054491761,6.31163038029,SS,K,-1.09222900816,5.71334642132,80.8235923634,1994.46266124,259.824586432,-0.15
396,2020,730270720,ECU,D1 American Athletic Conference,730232064,WM,318958118,2020-02-16 13:00:00,4,0,0,1,1506629477,T. Kimmel,R,FA,R,0.75789258021,3.17054333193,19.0036733251,11.5112641977,5.76287290743,B,T,-1.14388014847,5.75742917552,89.0913967597,2475.68553408,211.159748902,0.13
397,2020,730270720,ECU,D1 American Athletic Conference,730232064,WM,318958118,2020-02-16 13:00:00,4,1,0,1,1506629477,T. Kimmel,R,FA,R,0.403841760246,0.299011835663,16.4762450823,12.9489090731,5.53972682034,B,T,-1.09648240863,5.6709680481,88.6197497663,2335.14805362,218.106326868,0.13
398,2020,730270720,ECU,D1 American Athletic Conference,730232064,WM,318958118,2020-02-16 13:00:00,4,2,0,1,1506629477,T. Kimmel,R,FA,R,0.156734040032,2.85854086297,19.0243805662,13.7693099945,5.80492586615,IP,T,-1.19962813966,5.77010978669,88.260007474,2415.30030111,215.847090314,1.54
399,2020,730270720,ECU,D1 American Athletic Conference,730232064,WM,318958118,2020-02-16 13:00:00,4,0,0,1,1506629477,T. Kimmel,R,CH,L,0.00246214036587,1.65509089906,6.63400305877,15.2489986644,6.34931034349,SS,S,-1.4253174495,5.58666670541,80.9179910696,2151.91921354,246.364172679,-0.15
400,2020,730270720,ECU,D1 American Athletic Conference,730232064,WM,318958118,2020-02-16 13:00:00,4,0,1,1,1506629477,T. Kimmel,R,CH,L,0.061607880708,2.4116763923,11.7794612872,15.5691947626,6.27790026414,F,S,-1.49529079065,5.55572552577,80.7749918565,2018.04063513,232.795680606,-0.15
401,2020,730270720,ECU,D1 American Athletic Conference,730232064,WM,318958118,2020-02-16 13:00:00,4,0,2,1,1506629477,T. Kimmel,R,FA,L,0.885075769257,5.1861119448,19.5980555085,13.3213612486,5.81994394463,B,S,-0.898338285539,5.95318485071,89.310994967,2507.06251795,214.159773513,0.13
402,2020,730270720,ECU,D1 American Athletic Conference,730232064,WM,318958118,2020-02-16 13:00:00,4,1,2,1,1506629477,T. Kimmel,R,CH,L,-0.406366472072,0.413929302129,5.31995266513,16.0342047638,6.35076853757,B,S,-1.37223655001,5.56679965402,80.8377023548,2083.86242656,251.517419362,0.13
403,2020,730270720,ECU,D1 American Athletic Conference,730232064,WM,318958118,2020-02-16 13:00:00,4,2,2,1,1506629477,T. Kimmel,R,CH,L,0.202583826686,2.23932719524,11.3697344659,16.9549837044,6.35530507075,IP,S,-1.18875098297,5.55065012807,81.0586357825,2306.85816856,236.061818746,1.0
404,2020,730270720,ECU,D1 American Athletic Conference,730232064,WM,318958118,2020-02-16 13:00:00,4,0,0,2,1506629477,T. Kimmel,R,CH,L,0.0288662708604,1.34151731969,5.69570686452,17.0188087834,6.12208142331,B,BB,-1.32097365729,5.62752369698,80.100152356,2142.42065912,251.372275395,0.13
405,2020,730270720,ECU,D1 American Athletic Conference,730232064,WM,318958118,2020-02-16 13:00:00,4,1,0,2,1506629477,T. Kimmel,R,SL,L,1.59007886094,-0.141464754125,3.01533901091,0.100711773479,5.7156765695,B,BB,-1.53437249542,5.61287658468,80.9859349852,2422.16048892,181.887596912,0.13
406,2020,730270720,ECU,D1 American Athletic Conference,730232064,WM,318958118,2020-02-16 13:00:00,4,2,0,2,1506629477,T. Kimmel,R,FA,L,0.750218087779,1.82965283717,15.7409307187,15.7655425031,5.80059327746,SL,BB,-0.984823129186,5.72143832626,89.0928161333,2412.70932176,224.984266678,-0.15
407,2020,730270720,ECU,D1 American Athletic Conference,730232064,WM,318958118,2020-02-16 13:00:00,4,2,1,2,1506629477,T. Kimmel,R,FA,L,-0.866599333197,3.57760359873,14.811834345,14.8712466082,5.58557328115,B,BB,-1.20131585464,5.73832626572,88.5806296934,2462.47776874,225.049328021,0.13
408,2020,730270720,ECU,D1 American Athletic Conference,730232064,WM,318958118,2020-02-16 13:00:00,4,3,1,2,1506629477,T. Kimmel,R,FA,L,-0.277366833499,3.48672732475,12.6772545494,16.9090803255,5.73572187001,B,BB,-1.12268721916,5.68227082822,88.3218492239,2450.3233619,233.066556676,0.8
409,2020,730270720,ECU,D1 American Athletic Conference,730232064,WM,318958118,2020-02-16 13:00:00,4,0,0,2,1506629477,T. Kimmel,R,SL,R,1.13519820956,0.888299571335,2.21236533828,-6.78689852785,5.37345897953,SS,BB,-1.274668433,5.60717283235,79.0692424964,2504.60524606,108.381301126,-0.15
410,2020,730270720,ECU,D1 American Athletic Conference,730232064,WM,318958118,2020-02-16 13:00:00,4,0,1,2,1506629477,T. Kimmel,R,FA,R,0.63949265836,0.77482085276,13.7196325321,19.2739273244,5.72276061013,B,BB,-1.23335231609,5.71563954236,89.1342039154,2532.59797315,234.489898933,0.13
411,2020,730270720,ECU,D1 American Athletic Conference,730232064,WM,318958118,2020-02-16 13:00:00,4,1,1,2,1506629477,T. Kimmel,R,SL,R,0.924855228004,1.44481645233,4.84745794673,-4.44959065124,5.32686442209,B,BB,-1.12932146848,5.61197391924,80.9181087201,2532.06367965,137.690225515,0.13
412,2020,730270720,ECU,D1 American Athletic Conference,730232064,WM,318958118,2020-02-16 13:00:00,4,2,1,2,1506629477,T. Kimmel,R,FA,R,0.594732069193,0.699538647595,18.0538398722,16.1893405381,5.64249116522,B,BB,-1.30595954159,5.73130525251,87.8355084787,2429.73822579,221.828808787,0.13
413,2020,730270720,ECU,D1 American Athletic Conference,730232064,WM,318958118,2020-02-16 13:00:00,4,3,1,2,1506629477,T. Kimmel,R,FA,R,0.69925207209,2.21693586169,19.2531840649,14.242513299,5.68775457818,SL,BB,-1.03803680155,5.77874016827,88.2886924318,2429.21785944,216.443027479,-0.15
414,2020,730270720,ECU,D1 American Athletic Conference,730232064,WM,318958118,2020-02-16 13:00:00,4,3,2,2,1506629477,T. Kimmel,R,FA,R,1.15173975412,2.78123523976,15.6222782074,15.6005140372,5.88743080184,F,BB,-1.05446927505,5.64327870476,88.8234419431,2389.18629343,224.898085947,0.0
415,2020,730270720,ECU,D1 American Athletic Conference,730232064,WM,318958118,2020-02-16 13:00:00,4,3,2,2,1506629477,T. Kimmel,R,CH,R,0.206782499239,2.89801490736,12.7487490957,11.7839852064,6.43415127132,F,BB,-1.17803430218,5.61040900163,80.7413720927,1858.06245702,222.659445657,0.0
416,2020,730270720,ECU,D1 American Athletic Conference,730232064,WM,318958118,2020-02-16 13:00:00,4,3,2,2,1506629477,T. Kimmel,R,FA,R,1.95242852182,2.35961532899,16.2225001036,13.5656792341,5.95481558336,B,BB,-0.998454035152,5.71441358719,88.6496166267,2381.58569206,219.844701403,0.8
417,2020,730270720,ECU,D1 American Athletic Conference,730232064,WM,318958118,2020-02-16 13:00:00,4,0,0,2,1705150106,M. Bridges,R,SL,L,0.433441121916,1.38594954274,-4.67867703363,-13.1530523987,5.16234976417,B,K,-1.18351206597,5.50723155374,75.4981280207,2429.48336388,70.6044869856,0.13
418,2020,730270720,ECU,D1 American Athletic Conference,730232064,WM,318958118,2020-02-16 13:00:00,4,1,0,2,1705150106,M. Bridges,R,FA,L,-0.977924985773,2.34586558105,11.7484978656,14.5307913622,5.95152467041,SL,K,-0.941676028449,5.64928400059,87.2784519456,2174.0551847,230.960611589,-0.15
419,2020,730270720,ECU,D1 American Athletic Conference,730232064,WM,318958118,2020-02-16 13:00:00,4,1,1,2,1705150106,M. Bridges,R,FA,L,-0.730409622778,2.55187152468,10.9682838306,14.7252073001,5.91465419566,SL,K,-0.853654959804,5.65301503824,86.9770345305,2139.85040063,233.231590417,-0.15
420,2020,730270720,ECU,D1 American Athletic Conference,730232064,WM,318958118,2020-02-16 13:00:00,4,1,2,2,1705150106,M. Bridges,R,SL,L,0.246054365415,2.5782848194,-7.29182344691,-14.9373899246,5.16782124355,F,K,-1.00517893764,5.58185593105,76.0941833544,2715.97106862,64.1260209951,0.0
421,2020,730270720,ECU,D1 American Athletic Conference,730232064,WM,318958118,2020-02-16 13:00:00,4,1,2,2,1705150106,M. Bridges,R,FA,L,-0.397879613842,3.08266388113,16.6026350801,14.6480203482,5.72497829112,SS,K,-0.855620349695,5.73198661854,89.6331477946,2261.55183897,221.364450978,-0.15
422,2020,730270720,ECU,D1 American Athletic Conference,730232064,WM,318958118,2020-02-16 13:00:00,5,0,0,0,1705150106,M. Bridges,R,FA,R,-0.273024521111,1.78801797035,15.1460706395,12.7895226148,5.69719122937,IP,S,-0.942048708756,5.6915836753,88.0437001437,2072.30707542,220.114078643,1.0
423,2020,730270720,ECU,D1 American Athletic Conference,730232064,WM,318958118,2020-02-16 13:00:00,5,0,0,0,1705150106,M. Bridges,R,SL,R,0.375709282853,1.86891216484,-4.37865612553,-16.5924410358,5.138229782,SL,IP_OUT,-1.18942061596,5.41257721352,75.195692308,2477.70780779,75.3729044847,-0.15
424,2020,730270720,ECU,D1 American Athletic Conference,730232064,WM,318958118,2020-02-16 13:00:00,5,0,1,0,1705150106,M. Bridges,R,FA,R,0.00460231330884,1.18501503778,10.12706419,15.9213802041,6.03709003658,B,IP_OUT,-1.1414676332,5.59817446321,87.4517721247,2192.6612925,237.452626469,0.13
425,2020,730270720,ECU,D1 American Athletic Conference,730232064,WM,318958118,2020-02-16 13:00:00,5,1,1,0,1705150106,M. Bridges,R,SL,R,1.5669512294,2.35058676061,-5.37078506255,-18.1978028395,5.53637553399,SL,IP_OUT,-1.24485110007,5.52914887837,75.1780137991,2647.05656703,73.6948332067,-0.15
426,2020,730270720,ECU,D1 American Athletic Conference,730232064,WM,318958118,2020-02-16 13:00:00,5,0,0,1,1705150106,M. Bridges,R,SL,R,1.09621755268,1.8503432432,-9.10482726817,-13.5697971975,5.44528385016,B,K,-1.16414518897,5.50735798838,75.0951553085,2534.09235081,56.2783574243,0.13
427,2020,730270720,ECU,D1 American Athletic Conference,730232064,WM,318958118,2020-02-16 13:00:00,5,1,0,1,1705150106,M. Bridges,R,FA,R,-1.44465721339,2.03450728,13.0159737163,15.653789962,5.86919121078,SS,K,-1.10130858486,5.61830093819,87.7308433186,2150.08848004,230.182692941,-0.15
428,2020,730270720,ECU,D1 American Athletic Conference,730232064,WM,318958118,2020-02-16 13:00:00,5,1,1,1,1705150106,M. Bridges,R,FA,R,-0.275750854078,2.40593218758,13.4812548491,16.9190226137,6.14372179055,F,K,-0.980696054171,5.62596329914,88.2447438993,2195.79866607,231.382157442,-0.15
429,2020,730270720,ECU,D1 American Athletic Conference,730232064,WM,318958118,2020-02-16 13:00:00,5,1,2,1,1705150106,M. Bridges,R,SL,R,1.75372420331,3.43182410677,-3.15375908615,-14.5567737658,5.3386401214,B,K,-1.04470885308,5.63709120491,77.2130679993,2665.31761901,77.9461858625,0.13
430,2020,730270720,ECU,D1 American Athletic Conference,730232064,WM,318958118,2020-02-16 13:00:00,5,2,2,1,1705150106,M. Bridges,R,SL,R,-0.532788269494,3.27102001408,-7.71604444304,-15.9019219834,5.09385682478,SL,K,-1.2801888588,5.38876212774,76.3775506013,2635.34591098,64.2517259738,-0.15
431,2020,730270720,ECU,D1 American Athletic Conference,730232064,WM,318958118,2020-02-16 13:00:00,5,0,0,2,1705150106,M. Bridges,R,FA,R,0.104977241432,1.4588412351,8.53471623329,14.3146235288,6.15705564679,IP,S,-0.866714421336,5.59395953488,88.0703742327,2217.29167024,239.096108942,1.0
432,2020,730270720,ECU,D1 American Athletic Conference,730232064,WM,318958118,2020-02-16 13:00:00,5,0,0,2,1220919602,G. Saylor,R,FA,L,-0.247554628132,1.76694735193,15.069752139,10.1311096484,5.35338168426,SL,BB,-1.81799521044,6.12829561122,91.3445560675,2092.89920616,213.855426218,-0.15
433,2020,730270720,ECU,D1 American Athletic Conference,730232064,WM,318958118,2020-02-16 13:00:00,5,0,1,2,1220919602,G. Saylor,R,FA,L,1.05410525777,1.6721407034,12.9109141754,14.7642101751,5.6048131099,B,BB,-1.67392982364,6.19324552354,90.3703433139,2016.30609378,228.758839166,0.13
434,2020,730270720,ECU,D1 American Athletic Conference,730232064,WM,318958118,2020-02-16 13:00:00,5,1,1,2,1220919602,G. Saylor,R,SL,L,0.896950309149,1.32330631253,-2.91128184464,-7.51446804127,5.20334105246,SS,BB,-1.71548714662,6.18678517649,80.7855106468,2738.42150043,69.1011342767,-0.15
435,2020,730270720,ECU,D1 American Athletic Conference,730232064,WM,318958118,2020-02-16 13:00:00,5,1,2,2,1220919602,G. Saylor,R,SL,L,1.156797061,0.543773135614,-1.07035095124,-5.49153878566,5.2142169818,B,BB,-1.6615222672,6.29854109781,81.2186058328,2630.34189219,79.3857777768,0.13
436,2020,730270720,ECU,D1 American Athletic Conference,730232064,WM,318958118,2020-02-16 13:00:00,5,2,2,2,1220919602,G. Saylor,R,FA,L,0.661000201343,0.874259972659,13.1823288067,13.9369353554,5.48029175347,B,BB,-1.49301821016,6.16946049237,91.4314138002,1887.06845969,226.524014176,0.13
437,2020,730270720,ECU,D1 American Athletic Conference,730232064,WM,318958118,2020-02-16 13:00:00,5,3,2,2,1220919602,G. Saylor,R,SL,L,1.09295846584,0.598632375055,-0.991511214132,-4.41123283838,5.25681268073,B,BB,-1.81352751264,6.16132824795,81.4254637924,2580.09163185,77.835895627,0.8
438,2020,730270720,ECU,D1 American Athletic Conference,730232064,WM,318958118,2020-02-16 13:00:00,5,0,0,2,1220919602,G. Saylor,R,SL,R,1.52708570223,0.994294504527,-0.651683958839,-6.27424111778,5.48941037226,B,K,-1.72787701176,6.19370638382,79.7795423512,2627.85719732,84.4508696704,0.13
439,2020,730270720,ECU,D1 American Athletic Conference,730232064,WM,318958118,2020-02-16 13:00:00,5,1,0,2,1220919602,G. Saylor,R,FA,R,-0.135980429579,3.06099577482,13.6090689034,13.794957458,5.67613180434,SL,K,-1.68756111178,6.02729526175,89.1307455165,1783.81402209,225.318172925,-0.15
440,2020,730270720,ECU,D1 American Athletic Conference,730232064,WM,318958118,2020-02-16 13:00:00,5,1,1,2,1220919602,G. Saylor,R,FA,R,1.38064091,1.47251627029,11.0830555437,13.7340907109,5.90665919444,B,K,-1.49366538533,6.00390256072,88.5043830608,1785.2477836,231.012513446,0.13
441,2020,730270720,ECU,D1 American Athletic Conference,730232064,WM,318958118,2020-02-16 13:00:00,5,2,1,2,1220919602,G. Saylor,R,FA,R,0.377201117728,2.5999071671,17.1038680837,10.5859714058,5.80854600809,SL,K,-1.62670286972,6.03364021162,88.2196987217,1948.67751543,211.703132818,-0.15
442,2020,730270720,ECU,D1 American Athletic Conference,730232064,WM,318958118,2020-02-16 13:00:00,5,2,2,2,1220919602,G. Saylor,R,FA,R,-0.112335402542,1.84897895239,9.84986001828,15.0089353099,5.57800590365,SS,K,-1.66638420729,6.10973921761,90.769790141,1750.09799148,236.638226634,-0.15
443,2020,730270720,ECU,D1 American Athletic Conference,730232064,WM,318958118,2020-02-16 13:00:00,6,0,0,0,1220919602,G. Saylor,R,FA,L,-1.29546824403,3.07561356259,14.7534873241,15.0710634686,5.2521658712,SL,K,-1.64730716686,6.25368519132,90.5391146193,2131.99600204,225.545920091,-0.15
444,2020,730270720,ECU,D1 American Athletic Conference,730232064,WM,318958118,2020-02-16 13:00:00,6,0,1,0,1220919602,G. Saylor,R,FA,L,-0.802952533724,2.44529369859,9.94700931654,14.7629726295,5.39998074038,SS,K,-1.69268830698,6.11887276537,90.2236761667,2105.04888467,235.940449492,-0.15
445,2020,730270720,ECU,D1 American Athletic Conference,730232064,WM,318958118,2020-02-16 13:00:00,6,0,2,0,1220919602,G. Saylor,R,FA,L,-1.48283054198,2.26949747465,7.03331050726,17.6539381226,5.21742602318,SS,K,-1.63285903325,6.20425955349,91.6585660916,1946.19155298,248.186123923,-0.15
446,2020,730270720,ECU,D1 American Athletic Conference,730232064,WM,318958118,2020-02-16 13:00:00,6,0,0,1,1220919602,G. Saylor,R,FA,R,0.138900264496,3.14192030589,12.695625142,9.20279468007,5.34543590637,SL,K,-1.48130842914,6.21413368481,91.2480391123,1827.95089082,215.868162289,-0.15
447,2020,730270720,ECU,D1 American Athletic Conference,730232064,WM,318958118,2020-02-16 13:00:00,6,0,1,1,1220919602,G. Saylor,R,FA,R,-1.33379744203,1.03152226063,12.0970325354,14.6783815269,5.64980490559,B,K,-1.477725516,6.16974661226,90.3013694649,2005.65090534,230.430772979,0.13
448,2020,730270720,ECU,D1 American Athletic Conference,730232064,WM,318958118,2020-02-16 13:00:00,6,1,1,1,1220919602,G. Saylor,R,SL,R,0.212312582159,2.69043734996,2.66749713088,-6.22691818736,5.39891770884,SL,K,-1.5842575004,6.12083260931,80.3179015435,2730.27841661,113.511024529,-0.15
449,2020,730270720,ECU,D1 American Athletic Conference,730232064,WM,318958118,2020-02-16 13:00:00,6,1,2,1,1220919602,G. Saylor,R,FA,R,1.62060257347,3.68389399046,12.1630773806,8.28362050972,5.48040375817,B,K,-1.43425495536,6.08212197672,91.2307850761,1818.38442131,214.18613824,0.13
450,2020,730270720,ECU,D1 American Athletic Conference,730232064,WM,318958118,2020-02-16 13:00:00,6,2,2,1,1220919602,G. Saylor,R,FA,R,0.6185235477,1.68610248591,6.95589079941,20.3848413261,5.45339682877,F,K,-1.47275988008,6.08847647712,91.861298912,1930.89252225,251.078042484,0.0
451,2020,730270720,ECU,D1 American Athletic Conference,730232064,WM,318958118,2020-02-16 13:00:00,6,2,2,1,1220919602,G. Saylor,R,SL,R,0.723028060078,2.94954665288,-1.37093956256,-2.25940875813,5.34857053238,SL,K,-1.57309270949,6.06736914696,80.6909869625,2617.07023303,59.5329232388,-0.15
452,2020,730270720,ECU,D1 American Athletic Conference,730232064,WM,318958118,2020-02-16 13:00:00,6,0,0,2,1220919602,G. Saylor,R,FA,L,-1.48519913915,2.91512568739,9.44335998959,11.4330894168,5.49619761869,B,IP_OUT,-1.62151332234,6.07692488792,91.8752187215,2141.26929796,230.349509154,0.13
453,2020,730270720,ECU,D1 American Athletic Conference,730232064,WM,318958118,2020-02-16 13:00:00,6,1,0,2,1220919602,G. Saylor,R,FA,L,-0.885361356712,3.23039632158,6.36620468918,14.2990904691,5.51356656638,SL,IP_OUT,-1.71845802521,6.05558844918,89.6787364068,1889.07251772,245.889060677,-0.15
454,2020,730270720,ECU,D1 American Athletic Conference,730232064,WM,318958118,2020-02-16 13:00:00,7,0,1,0,1220919602,G. Saylor,R,SL,R,-0.673906878878,4.35723609325,-10.0783473237,-17.8918828273,5.23873600994,B,BB,-1.17474717836,6.52421575271,73.8014349677,2657.28467816,60.7305657788,0.13
455,2020,730270720,ECU,D1 American Athletic Conference,730232064,WM,318958118,2020-02-16 13:00:00,7,1,1,0,1220919602,G. Saylor,R,FA,R,0.335146775938,3.37786707097,11.9085011507,10.1517245652,5.28374469155,B,BB,-1.53210247983,6.07089593348,89.7461676067,2004.39973842,220.367153767,0.13
456,2020,730270720,ECU,D1 American Athletic Conference,730232064,WM,318958118,2020-02-16 13:00:00,7,2,1,0,1220919602,G. Saylor,R,FA,R,1.41474907352,1.43066370573,9.84949471828,11.8796716059,5.71276876135,B,BB,-1.76365482342,5.94829774785,90.1551046331,1934.38523618,230.243168585,0.13
457,2020,730270720,ECU,D1 American Athletic Conference,730232064,WM,318958118,2020-02-16 13:00:00,7,3,1,0,1220919602,G. Saylor,R,FA,R,0.701832214374,2.3953307753,13.4956107227,9.35204983249,5.64357834017,SS,BB,-1.74058899991,5.99439029628,89.5219644797,1912.40586978,214.654182607,-0.15
458,2020,730270720,ECU,D1 American Athletic Conference,730232064,WM,318958118,2020-02-16 13:00:00,7,3,2,0,1220919602,G. Saylor,R,FA,R,1.33325496381,1.54881457099,7.24988881974,12.0196742714,5.67861124307,B,BB,-1.52985772571,6.00669357474,91.1738790199,2014.94193726,238.790024215,0.8
459,2020,730270720,ECU,D1 American Athletic Conference,730232064,WM,318958118,2020-02-16 13:00:00,7,0,0,0,1220919602,G. Saylor,R,FA,R,1.48689841915,2.71956072289,11.8771962894,4.35286886092,5.634796629,SL,K,-1.68637764594,5.94264334759,88.098676547,1860.68445232,200.074116006,-0.15
460,2020,730270720,ECU,D1 American Athletic Conference,730232064,WM,318958118,2020-02-16 13:00:00,7,0,1,0,1220919602,G. Saylor,R,SL,R,0.162339978695,1.95304447345,-8.553218016,-16.3655788747,5.47108082667,F,K,-1.40664974595,6.34152535355,75.9576056233,2469.30742022,62.5351674544,-0.15
461,2020,730270720,ECU,D1 American Athletic Conference,730232064,WM,318958118,2020-02-16 13:00:00,7,0,2,0,1220919602,G. Saylor,R,SL,R,1.02262748443,0.610074419017,2.29518151735,-0.955422727867,5.26949121656,B,K,-1.34386582607,6.29828357799,81.9599338579,2598.30851627,157.749126145,0.13
462,2020,730270720,ECU,D1 American Athletic Conference,730232064,WM,318958118,2020-02-16 13:00:00,7,1,2,0,1220919602,G. Saylor,R,SL,R,0.669844760625,2.42519288398,1.89882206951,-1.48366631429,5.36044830821,SL,K,-1.40562061318,6.36686773401,80.5068439763,2628.07195324,142.590048133,-0.15
463,2020,730270720,ECU,D1 American Athletic Conference,730232064,WM,318958118,2020-02-16 13:00:00,7,0,0,1,1220919602,G. Saylor,R,SL,R,0.755969358885,0.88925745944,-9.03405414868,-13.5874039972,5.78019736866,B,S,-1.13722624744,6.44329524601,74.3788590994,2571.66177475,56.5218792782,0.13
464,2020,730270720,ECU,D1 American Athletic Conference,730232064,WM,318958118,2020-02-16 13:00:00,7,1,0,1,1220919602,G. Saylor,R,SL,R,0.44860286521,1.93309132004,1.54319289309,-4.54606577889,5.37108661712,F,S,-1.47851881328,6.16740383233,79.2300248506,2695.15602927,109.226096417,-0.15
465,2020,730270720,ECU,D1 American Athletic Conference,730232064,WM,318958118,2020-02-16 13:00:00,7,1,1,1,1220919602,G. Saylor,R,FA,R,-0.840333152433,2.69908014549,14.8390692049,15.3925995329,5.64224822556,IP,S,-1.34583980898,6.24499189377,88.8664877887,2120.57262485,225.983727586,1.0
466,2020,730270720,ECU,D1 American Athletic Conference,730232064,WM,318958118,2020-02-16 13:00:00,7,0,0,1,1220919602,G. Saylor,R,SL,R,1.30173297038,0.601946390782,1.09711082629,-3.12129349923,5.64224438909,B,BB,-1.4868135658,6.15742149458,79.5625758269,2688.41348305,110.055048535,0.13
467,2020,730270720,ECU,D1 American Athletic Conference,730232064,WM,318958118,2020-02-16 13:00:00,7,1,0,1,1220919602,G. Saylor,R,SL,R,0.511614128437,1.07816983429,-1.43887255363,-3.83422164945,5.5619702146,B,BB,-1.5443081983,6.06349123455,78.3377930159,2615.28906319,70.0093312193,0.13
468,2020,730270720,ECU,D1 American Athletic Conference,730232064,WM,318958118,2020-02-16 13:00:00,7,2,0,1,1220919602,G. Saylor,R,FA,R,-0.110550229795,4.63267671801,16.9575138057,7.34636650387,5.74870710812,B,BB,-1.51281005928,6.00206259275,88.7864074995,2199.04458851,203.381745029,0.13
469,2020,730270720,ECU,D1 American Athletic Conference,730232064,WM,318958118,2020-02-16 13:00:00,7,3,0,1,1220919602,G. Saylor,R,FA,R,1.51451180223,2.39033554672,12.6481778967,5.6787600711,5.93669185137,B,BB,-1.55633645274,5.96567638161,87.8184343098,1817.18745538,204.121400729,0.8
470,2020,730270720,ECU,D1 American Athletic Conference,730232064,WM,318958118,2020-02-16 13:00:00,7,0,0,1,1604844130,R. Giles,R,FA,L,-0.389060840069,1.47253073755,8.57083787141,15.8920238965,5.47072847944,SL,K,-2.13536643861,4.0938786517,82.3592501379,2029.44491123,241.550894091,-0.15
471,2020,730270720,ECU,D1 American Athletic Conference,730232064,WM,318958118,2020-02-16 13:00:00,7,0,1,1,1604844130,R. Giles,R,FA,L,-0.3752607944,2.74373783601,8.64879602456,16.0014494615,5.44095914838,F,K,-2.28911533323,4.10241950021,82.3530548575,2176.14487141,241.498613384,-0.15
472,2020,730270720,ECU,D1 American Athletic Conference,730232064,WM,318958118,2020-02-16 13:00:00,7,0,2,1,1604844130,R. Giles,R,SL,L,-2.12602333614,2.21642449832,-0.188762209833,-15.9877614836,5.13948824055,B,K,-2.27302096664,3.9524090197,69.0665167314,2343.10021864,89.5260702092,0.13
473,2020,730270720,ECU,D1 American Athletic Conference,730232064,WM,318958118,2020-02-16 13:00:00,7,1,2,1,1604844130,R. Giles,R,CH,L,-0.0682002169628,1.04041485292,2.97374720531,18.4201125712,5.18464168543,SS,K,-2.12119790417,4.24798578212,76.0554082541,1809.9324824,260.688311018,-0.15
474,2020,730270720,ECU,D1 American Athletic Conference,730232064,WM,318958118,2020-02-16 13:00:00,7,0,0,2,1604844130,R. Giles,R,FA,R,0.617091220642,3.13917942959,6.75466090693,11.7272498124,5.58015698821,SL,K,-2.1795386759,4.08073655645,82.600227779,1943.07707427,239.916929644,-0.15
475,2020,730270720,ECU,D1 American Athletic Conference,730232064,WM,318958118,2020-02-16 13:00:00,7,0,1,2,1604844130,R. Giles,R,SL,R,0.0417217907897,2.06752164632,2.85493596967,-12.554885759,5.2041790644,F,K,-2.11414694951,3.97735021797,70.3990231903,2485.78187371,103.046627296,-0.15
476,2020,730270720,ECU,D1 American Athletic Conference,730232064,WM,318958118,2020-02-16 13:00:00,7,0,2,2,1604844130,R. Giles,R,FA,R,-0.380849920906,3.95401408335,12.9368120889,14.7836523638,5.63346430812,F,K,-2.1493999936,4.22549477931,83.5667326147,1953.95610338,228.726475813,0.0
477,2020,730270720,ECU,D1 American Athletic Conference,730232064,WM,318958118,2020-02-16 13:00:00,7,0,2,2,1604844130,R. Giles,R,SL,R,1.45473438115,2.52814709788,7.83547375065,-18.4622707486,5.17087839299,SS,K,-2.04737451329,3.98684236821,69.1775604106,2423.78882161,113.148558024,-0.15
478,2020,730270720,ECU,D1 American Athletic Conference,730232064,WM,318958118,2020-02-16 13:00:00,8,0,0,0,1604844130,R. Giles,R,CH,L,-0.762375819764,2.14145990218,5.95467151081,16.2130765634,5.12503887818,SS,S,-2.07783394124,4.38655570026,73.0043854236,1647.39818155,249.67519978,-0.15
479,2020,730270720,ECU,D1 American Athletic Conference,730232064,WM,318958118,2020-02-16 13:00:00,8,0,1,0,1604844130,R. Giles,R,FA,L,-0.210558588276,2.53494176946,6.58937855797,14.9657478256,5.22680998931,F,S,-1.98129554133,4.19034568255,80.0153066155,1987.01001604,246.101001081,-0.15
480,2020,730270720,ECU,D1 American Athletic Conference,730232064,WM,318958118,2020-02-16 13:00:00,8,0,2,0,1604844130,R. Giles,R,CH,L,-1.47873154005,2.67708387193,5.4502769156,17.1760252286,5.2087163794,IP,S,-2.05808813269,4.36697433678,74.2596369219,1750.6075937,252.243397606,1.0
481,2020,730270720,ECU,D1 American Athletic Conference,730232064,WM,318958118,2020-02-16 13:00:00,8,0,0,0,1604844130,R. Giles,R,CH,R,0.261493299657,2.35488533404,7.24298356393,17.0434270454,5.46228213617,IP,S,-2.24927204002,4.10037455145,79.6634016645,1905.28976824,246.85315067,1.0
482,2020,730270720,ECU,D1 American Athletic Conference,730232064,WM,318958118,2020-02-16 13:00:00,8,0,0,0,1604844130,R. Giles,R,CH,L,-0.480586892541,3.13653199617,5.50518663135,17.4978858829,5.33268375642,IP,S,-2.10448005158,4.36160507016,74.7999051898,1668.39234513,252.389420145,1.0
483,2020,730270720,ECU,D1 American Athletic Conference,730232064,WM,318958118,2020-02-16 13:00:00,8,0,0,0,1362004390,Z. Agnos,R,FA,R,2.4306992965,1.90459997815,19.2769276915,12.1291578388,5.71624519958,B,K,-1.77302868498,5.92091577513,89.816718124,2135.51555911,212.133460286,0.13
484,2020,730270720,ECU,D1 American Athletic Conference,730232064,WM,318958118,2020-02-16 13:00:00,8,1,0,0,1362004390,Z. Agnos,R,FA,R,0.687145512014,2.65831761746,17.4427441393,11.2258016049,5.73024355967,SL,K,-1.8806224493,5.97012749588,89.2697222475,2072.25598172,212.713876437,-0.15
485,2020,730270720,ECU,D1 American Athletic Conference,730232064,WM,318958118,2020-02-16 13:00:00,8,1,1,0,1362004390,Z. Agnos,R,SL,R,-0.0189348742178,1.34787247113,-8.00522787771,-11.6239591398,5.20254912416,SS,K,-1.98569076601,5.80640570106,75.1953817381,2259.34711412,55.6078736933,-0.15
486,2020,730270720,ECU,D1 American Athletic Conference,730232064,WM,318958118,2020-02-16 13:00:00,8,1,2,0,1362004390,Z. Agnos,R,SL,R,0.792202116265,0.613868201688,-5.24376325185,-15.6693525669,5.43230648443,SS,K,-1.9140590271,5.79938080808,76.1389423777,2493.34869872,71.6506881224,-0.15
487,2020,730270720,ECU,D1 American Athletic Conference,730232064,WM,318958118,2020-02-16 13:00:00,8,0,0,1,1362004390,Z. Agnos,R,FA,R,2.16088067961,2.66633941306,18.3118965731,11.4712915351,5.8522290756,B,IP_OUT,-1.65622757746,5.81809670992,90.3315450206,2286.75456196,212.018283707,0.13
488,2020,730270720,ECU,D1 American Athletic Conference,730232064,WM,318958118,2020-02-16 13:00:00,8,1,0,1,1362004390,Z. Agnos,R,SL,R,0.665520563699,1.26633625269,-6.82865004552,-13.349512969,5.19829395047,SS,IP_OUT,-1.99745121779,5.83973384138,75.2156334025,2374.95734549,63.0736836038,-0.15
489,2020,730270720,ECU,D1 American Athletic Conference,730232064,WM,318958118,2020-02-16 13:00:00,8,1,1,1,1362004390,Z. Agnos,R,FA,R,0.332928638649,2.6210514722,18.4209790545,11.7956690061,5.70556885993,F,IP_OUT,-1.8604170366,5.82441985641,89.1945668985,2187.51120809,212.585388862,-0.15
490,2020,730270720,ECU,D1 American Athletic Conference,730232064,WM,318958118,2020-02-16 13:00:00,8,1,2,1,1362004390,Z. Agnos,R,SL,R,0.599589995047,1.35370222484,-3.2142422796,-15.1790418879,5.59649062647,F,IP_OUT,-1.72504680909,5.86910543899,75.6489027925,2382.0715816,78.2100154111,0.0
491,2020,730270720,ECU,D1 American Athletic Conference,730232064,WM,318958118,2020-02-16 13:00:00,8,0,0,2,1362004390,Z. Agnos,R,SL,R,0.477156779675,2.93752342162,-4.22712340218,-13.7471835617,5.27302165097,SL,BB,-1.98672826416,5.78513867109,76.7185689934,2410.25681531,73.0826214919,-0.15
492,2020,730270720,ECU,D1 American Athletic Conference,730232064,WM,318958118,2020-02-16 13:00:00,8,0,1,2,1362004390,Z. Agnos,R,FA,R,0.739230590329,3.60990285648,13.6203068099,14.3391953734,5.77948275546,B,BB,-1.93991073609,5.82508640819,89.8692106183,2088.13120284,226.403887688,0.13
493,2020,730270720,ECU,D1 American Athletic Conference,730232064,WM,318958118,2020-02-16 13:00:00,8,1,1,2,1362004390,Z. Agnos,R,CH,R,0.00730500482074,2.16706535949,0.162964172131,12.0774907468,5.9859068673,SS,BB,-1.88593647849,5.66666608825,78.6935664257,1266.44759112,269.024881399,-0.15
494,2020,730270720,ECU,D1 American Athletic Conference,730232064,WM,318958118,2020-02-16 13:00:00,8,1,2,2,1362004390,Z. Agnos,R,SL,R,1.46204155721,2.07957008489,-1.94947423618,-7.43965214919,5.74831106528,B,BB,-1.83849214907,5.77098695157,78.8968306464,2366.63106913,75.6236418363,0.13
495,2020,730270720,ECU,D1 American Athletic Conference,730232064,WM,318958118,2020-02-16 13:00:00,8,2,2,2,1362004390,Z. Agnos,R,SL,R,0.686466800468,2.33366422184,-4.06450692949,-12.5950095745,5.5218615966,F,BB,-1.83885481095,5.84559002691,77.0239702427,2170.65586348,72.3000879654,0.0
496,2020,730270720,ECU,D1 American Athletic Conference,730232064,WM,318958118,2020-02-16 13:00:00,8,2,2,2,1362004390,Z. Agnos,R,FA,R,-0.215059735935,3.27126665609,19.0745967942,5.54453408846,5.84812372978,F,BB,-1.74505722253,5.92400198354,90.6424526685,2227.1722772,196.18176222,0.0
497,2020,730270720,ECU,D1 American Athletic Conference,730232064,WM,318958118,2020-02-16 13:00:00,8,2,2,2,1362004390,Z. Agnos,R,CH,R,-0.64736360337,2.0708247039,10.2488078798,14.7427679647,6.10451880102,F,BB,-2.02072454787,5.62988263482,80.9363390035,1378.76198405,235.089401949,0.0
498,2020,730270720,ECU,D1 American Athletic Conference,730232064,WM,318958118,2020-02-16 13:00:00,8,2,2,2,1362004390,Z. Agnos,R,FA,R,-0.36360030966,1.4581917018,18.1346819041,6.7115137916,5.84014311362,B,BB,-1.67788662047,5.95492415076,90.4664854962,2088.97579063,200.275745633,0.13
499,2020,730270720,ECU,D1 American Athletic Conference,730232064,WM,318958118,2020-02-16 13:00:00,8,3,2,2,1362004390,Z. Agnos,R,SL,R,1.84629255633,0.757764483967,-4.14494409048,-10.4426563091,5.5227955525,B,BB,-2.05343655094,5.79479641543,77.7079444031,2488.27835862,68.5619914295,0.8
500,2020,730270720,ECU,D1 American Athletic Conference,730232064,WM,318958118,2020-02-16 13:00:00,8,0,0,2,1362004390,Z. Agnos,R,SL,R,-0.397034535452,0.835695133904,-0.42129235338,-13.753075338,5.60661943363,B,BB,-2.06784480677,5.60534926947,75.6165604738,2116.20546799,88.4409800926,0.13
501,2020,730270720,ECU,D1 American Athletic Conference,730232064,WM,318958118,2020-02-16 13:00:00,8,1,0,2,1362004390,Z. Agnos,R,FA,R,1.62606844719,1.3360273411,14.4665094375,14.9865652232,5.71220583542,B,BB,-1.88104293366,5.86507449253,89.0306387409,2223.52831428,225.944610766,0.13
502,2020,730270720,ECU,D1 American Athletic Conference,730232064,WM,318958118,2020-02-16 13:00:00,8,2,0,2,1362004390,Z. Agnos,R,FA,R,-0.0252743780865,2.92255427808,17.7669350487,14.9552368353,5.64120946369,SS,BB,-1.83783021506,5.8093150996,89.4376592337,2201.98370242,220.035697339,-0.15
503,2020,730270720,ECU,D1 American Athletic Conference,730232064,WM,318958118,2020-02-16 13:00:00,8,2,1,2,1362004390,Z. Agnos,R,FA,R,2.00529886708,2.84594990387,18.6441704419,13.893335328,5.83314438698,B,BB,-1.80020493069,5.83201050115,90.153336421,2151.69702576,216.644513329,0.13
504,2020,730270720,ECU,D1 American Athletic Conference,730232064,WM,318958118,2020-02-16 13:00:00,8,3,1,2,1362004390,Z. Agnos,R,FA,R,0.254832252904,1.060729284,13.9397735057,11.6765651064,5.7562020399,B,BB,-1.76694885971,5.83213787583,90.1825776496,2193.18754259,219.884617888,0.8
505,2020,730270720,ECU,D1 American Athletic Conference,730232064,WM,318958118,2020-02-16 13:00:00,8,0,0,2,1604844130,R. Giles,R,SL,L,1.2991661607,2.58794210598,7.26717830948,-15.5841252793,4.98785724664,SL,K,-2.04927233836,4.14471415317,68.9972570113,2499.33237499,115.176186623,-0.15
506,2020,730270720,ECU,D1 American Athletic Conference,730232064,WM,318958118,2020-02-16 13:00:00,8,0,1,2,1604844130,R. Giles,R,FA,L,-0.18855575241,2.40179185346,8.84995550562,15.9551297594,5.50588649431,F,K,-2.14994636483,4.14347729254,81.3183483736,2022.94150799,240.872047144,-0.15
507,2020,730270720,ECU,D1 American Athletic Conference,730232064,WM,318958118,2020-02-16 13:00:00,8,0,2,2,1604844130,R. Giles,R,FA,L,-1.22966821383,3.83049906056,11.3218953173,15.1013097299,5.73141410635,B,K,-1.90980736479,4.34858064848,80.7624856781,1908.16981951,233.03994191,0.13
508,2020,730270720,ECU,D1 American Athletic Conference,730232064,WM,318958118,2020-02-16 13:00:00,8,1,2,2,1604844130,R. Giles,R,CH,L,-0.637951889069,1.79699470182,-0.17651369317,14.7047894008,5.39888150268,SL,K,-1.96496670173,4.28402797282,76.5793001181,1516.56376629,270.507731297,-0.15
509,2020,730270720,ECU,D1 American Athletic Conference,730232064,WM,318958118,2020-02-16 13:00:00,9,0,0,1,1150673732,C. Colmore,R,FA,L,0.00162629160745,3.01940402725,16.3668049045,13.3402543256,5.59787727969,SS,K,-2.540537448,5.40580587927,89.4363450638,2136.40629535,219.12559807,-0.15
510,2020,730270720,ECU,D1 American Athletic Conference,730232064,WM,318958118,2020-02-16 13:00:00,9,0,1,1,1150673732,C. Colmore,R,FA,L,-0.156615898059,2.65154360786,16.0222635553,14.5741737925,5.64503732855,F,K,-2.65956581927,5.41724261934,89.0786460551,2113.50726906,222.230359044,-0.15
511,2020,730270720,ECU,D1 American Athletic Conference,730232064,WM,318958118,2020-02-16 13:00:00,9,0,2,1,1150673732,C. Colmore,R,FA,L,-0.339195492379,3.38878231057,15.6435259245,10.5409591798,5.53118297704,SS,K,-2.55315342984,5.40465742598,89.5266750913,2215.56090401,213.915823737,-0.15
512,2020,730270720,ECU,D1 American Athletic Conference,730232064,WM,318958118,2020-02-16 13:00:00,9,0,0,2,1150673732,C. Colmore,R,FA,R,-2.06693813795,2.32992560795,9.54052079841,18.6156893888,5.61877452452,B,IP_OUT,-3.97277299232,4.34777916276,88.0995834238,2166.21934377,242.780141698,0.13
513,2020,730270720,ECU,D1 American Athletic Conference,730232064,WM,248920719,2020-02-15 13:00:00,1,0,0,2,1746721251,T. Smith,R,FA,R,-0.454892376611,0.602460366201,12.4697610275,14.8456880682,6.12358067829,B,BB,-0.868054759813,5.97628903771,87.5839299049,1978.97395732,229.894273488,0.13
514,2020,730270720,ECU,D1 American Athletic Conference,730232064,WM,248920719,2020-02-15 13:00:00,1,1,0,2,1746721251,T. Smith,R,FA,R,1.07744764074,1.50325984274,14.1830696583,10.4536390256,6.39572612139,B,BB,-0.81764034146,6.08377572294,88.6441349412,1976.32485291,216.328970368,0.13
515,2020,730270720,ECU,D1 American Athletic Conference,730232064,WM,248920719,2020-02-15 13:00:00,1,2,0,2,1746721251,T. Smith,R,CU,R,-1.19774059334,1.91295297045,-17.958831046,-2.74511865121,6.04096368264,B,BB,-0.867446846322,5.90679194831,71.8983506562,2080.04170478,8.715136909,0.13
516,2020,730270720,ECU,D1 American Athletic Conference,730232064,WM,248920719,2020-02-15 13:00:00,1,3,0,2,1746721251,T. Smith,R,FA,R,-0.179962031077,1.18929208544,11.2785378505,12.0193172362,6.38684614095,B,BB,-0.960715585642,5.9752938208,88.0896398321,1947.73515425,226.737231194,0.8
517,2020,730270720,ECU,D1 American Athletic Conference,730232064,WM,248920719,2020-02-15 13:00:00,1,0,0,2,1746721251,T. Smith,R,CU,L,0.433123577104,0.425963473092,-12.6771292993,-5.92569420436,5.84661268631,B,BB,-1.36984933635,5.96938712218,72.3577685428,2089.31942317,25.1408437621,0.13
518,2020,730270720,ECU,D1 American Athletic Conference,730232064,WM,248920719,2020-02-15 13:00:00,1,1,0,2,1746721251,T. Smith,R,FA,L,-0.645164950376,1.79683256143,11.1994732809,16.1676085225,6.387799065,SL,BB,-1.54041465957,5.97738361836,87.169273719,1911.68895499,235.208478867,-0.15
519,2020,730270720,ECU,D1 American Athletic Conference,730232064,WM,248920719,2020-02-15 13:00:00,1,1,1,2,1746721251,T. Smith,R,FA,L,-0.976344415272,4.14876443027,11.8618184061,14.2076048152,6.13628415445,B,BB,-1.57409533412,6.04117236257,87.5216725032,1913.69304002,230.061499221,0.13
520,2020,730270720,ECU,D1 American Athletic Conference,730232064,WM,248920719,2020-02-15 13:00:00,1,2,1,2,1746721251,T. Smith,R,CH,L,-0.109640684208,2.01093507144,14.7275752196,17.0553010649,6.15580262151,SL,BB,-1.70087619556,5.7808286381,80.093351937,1668.63648594,229.110214035,-0.15
521,2020,730270720,ECU,D1 American Athletic Conference,730232064,WM,248920719,2020-02-15 13:00:00,1,2,2,2,1746721251,T. Smith,R,CU,L,0.694667515415,-1.1490570547,-20.8003740053,2.31076359205,5.98295296704,B,BB,-1.34097570721,5.9493940087,75.0639507034,2197.66058675,353.646445982,0.13
522,2020,730270720,ECU,D1 American Athletic Conference,730232064,WM,248920719,2020-02-15 13:00:00,1,3,2,2,1746721251,T. Smith,R,CH,L,-0.258371522653,0.969954441118,15.5285117649,15.2141579031,6.44690791799,B,BB,-1.85140144702,5.87272810845,80.1135028075,1667.68054251,224.340314918,0.8
523,2020,730270720,ECU,D1 American Athletic Conference,730232064,WM,248920719,2020-02-15 13:00:00,1,0,0,2,1746721251,T. Smith,R,CU,L,0.663380233084,1.67990874548,-15.5334482038,-8.57293162787,5.90671320143,SS,K,-1.45949124254,6.03035439299,73.7671311335,2088.43721453,28.9715674073,-0.15
524,2020,730270720,ECU,D1 American Athletic Conference,730232064,WM,248920719,2020-02-15 13:00:00,1,0,1,2,1746721251,T. Smith,R,CH,L,-0.573020042847,0.22167566428,12.6390642674,19.1458127375,6.34404811057,B,K,-1.94463726538,5.86370843488,83.1527432988,1773.77258832,236.491209776,0.13
525,2020,730270720,ECU,D1 American Athletic Conference,730232064,WM,248920719,2020-02-15 13:00:00,1,1,1,2,1746721251,T. Smith,R,CU,L,-0.933622510012,3.24653502681,-17.0683142649,-2.69306155224,6.09703862347,SL,K,-1.41846790706,6.0685331285,73.4930348186,2002.01088863,8.99174691209,-0.15
526,2020,730270720,ECU,D1 American Athletic Conference,730232064,WM,248920719,2020-02-15 13:00:00,1,1,2,2,1746721251,T. Smith,R,CU,L,-1.28392519204,1.37627471618,-17.0698218533,0.516456014234,5.92066196223,SS,K,-1.38905241488,6.01401718424,74.6761048008,2134.35412019,358.262175753,-0.15
527,2020,730270720,ECU,D1 American Athletic Conference,730232064,WM,248920719,2020-02-15 13:00:00,2,0,0,1,1746721251,T. Smith,R,FA,R,-0.205551041716,1.49682441402,12.209177469,15.9534732722,6.22421437546,IP,S,-0.787780932339,6.05297111751,87.8280664957,1962.44360641,232.496885179,1.0
528,2020,730270720,ECU,D1 American Athletic Conference,730232064,WM,248920719,2020-02-15 13:00:00,2,0,0,2,1746721251,T. Smith,R,FA,L,-0.934731345269,2.97548927721,14.286952781,15.1171986233,6.11581241268,SL,K,-1.62974628222,6.07492740432,87.0422203738,1964.15313781,226.548505276,-0.15
529,2020,730270720,ECU,D1 American Athletic Conference,730232064,WM,248920719,2020-02-15 13:00:00,2,0,1,2,1746721251,T. Smith,R,FA,L,-1.19586000786,2.77725218793,13.0724392323,13.3319384216,6.24785805203,F,K,-1.59183295239,6.06689275674,87.4680070577,1987.63666405,225.488877408,-0.15
530,2020,730270720,ECU,D1 American Athletic Conference,730232064,WM,248920719,2020-02-15 13:00:00,2,0,2,2,1746721251,T. Smith,R,CU,L,-0.119892523663,3.68968930049,-9.63373600937,-7.23825184829,5.46911493083,F,K,-0.886765004762,6.0378054272,75.3568228837,2110.32768589,37.0557393494,0.0
531,2020,730270720,ECU,D1 American Athletic Conference,730232064,WM,248920719,2020-02-15 13:00:00,2,0,2,2,1746721251,T. Smith,R,FA,L,-1.67469258563,2.05886067783,8.78590316435,16.9103687264,6.08578548095,SS,K,-1.16589207963,5.99285010367,89.303562485,1930.89645705,242.458394726,-0.15
532,2020,730270720,ECU,D1 American Athletic Conference,730232064,WM,248920719,2020-02-15 13:00:00,3,0,0,0,1746721251,T. Smith,R,FA,R,-0.472727164079,1.4840400151,10.8720831827,13.0588268754,6.276847017,B,IP_OUT,-0.986591903257,6.03317832863,87.1230936256,1939.87822853,230.13294175,0.13
533,2020,730270720,ECU,D1 American Athletic Conference,730232064,WM,248920719,2020-02-15 13:00:00,3,0,0,1,1746721251,T. Smith,R,FA,L,-0.246155326038,1.99960507316,12.1031706189,14.4520225329,6.27449227122,F,IP_OUT,-0.974459344621,5.98945129924,88.3267311595,2041.30443566,229.978092433,-0.15
534,2020,730270720,ECU,D1 American Athletic Conference,730232064,WM,248920719,2020-02-15 13:00:00,3,0,0,2,1746721251,T. Smith,R,FA,R,-1.0922123751,1.37439081271,6.6436726406,12.0384931019,6.16883435689,B,IP_OUT,-0.82444449011,5.99894765328,87.4092196438,1829.04704127,240.982870001,0.13
535,2020,730270720,ECU,D1 American Athletic Conference,730232064,WM,248920719,2020-02-15 13:00:00,3,1,0,2,1746721251,T. Smith,R,FA,R,0.421727275606,1.71350601752,12.6791870787,9.21906590929,6.27907267161,SL,IP_OUT,-0.95609289035,6.06310636749,87.5021364985,1888.53991783,215.948312166,-0.15
536,2020,730270720,ECU,D1 American Athletic Conference,730232064,WM,248920719,2020-02-15 13:00:00,4,0,0,0,1746721251,T. Smith,R,FA,R,-0.51472719161,1.5000857282,14.7944139468,10.5984039959,6.20881171243,B,IP_OUT,-0.933107839127,6.06117784429,87.7901566603,1973.93117962,215.555564641,0.13
537,2020,730270720,ECU,D1 American Athletic Conference,730232064,WM,248920719,2020-02-15 13:00:00,4,1,0,0,1746721251,T. Smith,R,FA,R,-1.25292392132,2.45926951589,11.9011397026,13.8250366155,6.11563403113,F,IP_OUT,-0.761717689816,6.07934421756,86.4711840555,1875.79329474,229.194074994,-0.15
538,2020,730270720,ECU,D1 American Athletic Conference,730232064,WM,248920719,2020-02-15 13:00:00,4,1,1,0,1746721251,T. Smith,R,SL,R,0.565845526244,1.45863798493,0.992819297629,-12.2059768784,5.74699028002,SL,IP_OUT,-1.19066371169,5.71612689799,78.0706301025,2070.212712,94.8551763327,-0.15
539,2020,730270720,ECU,D1 American Athletic Conference,730232064,WM,248920719,2020-02-15 13:00:00,4,1,2,0,1746721251,T. Smith,R,CU,R,-0.053927598766,4.1913794193,-12.0906591183,-3.27456258724,6.08172498879,B,IP_OUT,-0.762790693413,6.00465243479,72.7136274263,2040.15624039,15.2140914789,0.13
540,2020,730270720,ECU,D1 American Athletic Conference,730232064,WM,248920719,2020-02-15 13:00:00,4,2,2,0,1746721251,T. Smith,R,FA,R,-1.28851105501,1.035381548,10.1320698367,16.200106884,6.13186823458,B,IP_OUT,-0.893380372483,5.92671029556,87.1438748166,1794.89659974,237.889889113,0.13
541,2020,730270720,ECU,D1 American Athletic Conference,730232064,WM,248920719,2020-02-15 13:00:00,4,0,0,1,1746721251,T. Smith,R,CU,L,0.414160705225,2.4285887661,-10.2408370962,-7.04208262872,5.94128803912,SL,K,-0.82783436638,5.98609668735,73.7661165664,2015.88218259,34.6420654242,-0.15
542,2020,730270720,ECU,D1 American Athletic Conference,730232064,WM,248920719,2020-02-15 13:00:00,4,0,1,1,1746721251,T. Smith,R,FA,L,0.149559012733,2.78875783277,18.1424860172,4.32320940371,6.32695615771,F,K,-0.63902799793,6.04949837867,88.3465781347,2035.54741884,193.379395383,-0.15
543,2020,730270720,ECU,D1 American Athletic Conference,730232064,WM,248920719,2020-02-15 13:00:00,4,0,2,1,1746721251,T. Smith,R,CU,L,0.439492983158,0.0603105604081,-15.5602242387,-6.99442133606,5.69583910189,B,K,-0.683050636445,5.84411503756,73.8987851363,2097.46867712,24.2721176453,0.13
544,2020,730270720,ECU,D1 American Athletic Conference,730232064,WM,248920719,2020-02-15 13:00:00,4,1,2,1,1746721251,T. Smith,R,SL,L,0.164477539557,0.536280641765,-2.96664934225,-13.7256237512,5.7634037923,B,K,-1.12706019139,5.61235506282,77.9443805304,2229.1186789,77.9793701805,0.13
545,2020,730270720,ECU,D1 American Athletic Conference,730232064,WM,248920719,2020-02-15 13:00:00,4,2,2,1,1746721251,T. Smith,R,FA,L,1.03650949387,1.44099357953,21.325383695,6.66885798918,6.30071902911,B,K,-0.692498667516,6.02494080178,87.0974467141,2172.73625167,197.339248376,0.13
546,2020,730270720,ECU,D1 American Athletic Conference,730232064,WM,248920719,2020-02-15 13:00:00,4,3,2,1,1746721251,T. Smith,R,CU,L,0.540292258464,0.906406652059,-13.1723097035,-7.99992665151,5.99846555853,SS,K,-0.561735469501,5.87908159423,73.0770835835,2058.92642483,31.3677438505,-0.15
547,2020,730270720,ECU,D1 American Athletic Conference,730232064,WM,248920719,2020-02-15 13:00:00,4,0,0,2,1746721251,T. Smith,R,CH,L,-0.941853956529,0.944724212079,13.2721272474,17.5917732542,6.41778979786,B,IP_OUT,-1.15568821493,5.8319341844,79.3137170162,1594.07626775,232.882356397,0.13
548,2020,730270720,ECU,D1 American Athletic Conference,730232064,WM,248920719,2020-02-15 13:00:00,4,1,0,2,1746721251,T. Smith,R,SL,L,1.45761139953,1.42906425001,-1.44425215525,-11.8354155817,5.80209516293,SS,IP_OUT,-1.2736397356,5.65981094688,77.6458615562,2419.41437037,83.2536974108,-0.15
549,2020,730270720,ECU,D1 American Athletic Conference,730232064,WM,248920719,2020-02-15 13:00:00,4,1,1,2,1746721251,T. Smith,R,SL,L,0.4349309979,0.999641102705,-4.18520579808,-12.7715482925,5.77848439446,SS,IP_OUT,-1.29494496428,5.72377326905,77.7324030647,2381.01840091,72.033927932,-0.15
550,2020,730270720,ECU,D1 American Athletic Conference,730232064,WM,248920719,2020-02-15 13:00:00,4,1,2,2,1746721251,T. Smith,R,SL,L,-0.0139547560983,0.693766393166,-5.10438938706,-12.3322069925,5.63085170553,B,IP_OUT,-1.15015289375,5.58594649295,78.1031636657,2276.46845204,67.6881488594,0.13
551,2020,730270720,ECU,D1 American Athletic Conference,730232064,WM,248920719,2020-02-15 13:00:00,5,0,0,0,1746721251,T. Smith,R,FA,R,-1.37581724501,2.22401062127,6.98872577763,12.5670565965,6.16507671735,SL,K,-0.732458118655,6.05505656463,85.4415829159,1877.27679744,240.797792045,-0.15
552,2020,730270720,ECU,D1 American Athletic Conference,730232064,WM,248920719,2020-02-15 13:00:00,5,0,1,0,1746721251,T. Smith,R,SL,R,1.68324507456,1.90758434834,-2.36984754041,-15.6988785441,6.00785949232,B,K,-1.45894558226,5.77567063784,77.107034503,2270.85954133,81.5752572368,0.13
553,2020,730270720,ECU,D1 American Athletic Conference,730232064,WM,248920719,2020-02-15 13:00:00,5,1,1,0,1746721251,T. Smith,R,FA,R,-0.819496558821,2.55891660713,6.20400278611,10.9297474825,6.38572664893,F,K,-0.723390031702,6.01947735053,85.7117678498,1784.3757247,240.280716151,-0.15
554,2020,730270720,ECU,D1 American Athletic Conference,730232064,WM,248920719,2020-02-15 13:00:00,5,1,2,0,1746721251,T. Smith,R,SL,R,1.38799719355,2.41997871002,-2.86541948275,-11.3064634085,5.83454872505,SS,K,-1.32888190734,5.72465849099,77.0189211967,2272.9653396,75.9931139925,-0.15
555,2020,730270720,ECU,D1 American Athletic Conference,730232064,WM,248920719,2020-02-15 13:00:00,5,0,0,1,1746721251,T. Smith,R,FA,R,-1.58376286239,3.21293076158,7.30658263302,14.6835730373,6.25965257087,B,K,-0.731435663367,6.11522787155,85.2233656925,1881.60420468,243.433375653,0.13
556,2020,730270720,ECU,D1 American Athletic Conference,730232064,WM,248920719,2020-02-15 13:00:00,5,1,0,1,1746721251,T. Smith,R,FA,R,-0.601870287081,3.92317029152,13.0598193504,12.556306609,6.38179823662,B,K,-0.662093731315,5.99259900524,86.9682925455,1835.87959129,223.799294011,0.13
557,2020,730270720,ECU,D1 American Athletic Conference,730232064,WM,248920719,2020-02-15 13:00:00,5,2,0,1,1746721251,T. Smith,R,CU,R,0.262128916284,1.89131771384,-16.1629981796,-6.62694898273,6.03085801383,SL,K,-0.662332560479,5.96149204163,71.1165378714,2078.02102337,22.3593532284,-0.15
558,2020,730270720,ECU,D1 American Athletic Conference,730232064,WM,248920719,2020-02-15 13:00:00,5,2,1,1,1746721251,T. Smith,R,FA,R,-1.19626919063,3.21564128851,16.8080365887,14.3671315087,6.25119219615,F,K,-0.839381455545,5.97742349517,84.7085506222,1901.38622698,220.462133155,-0.15
559,2020,730270720,ECU,D1 American Athletic Conference,730232064,WM,248920719,2020-02-15 13:00:00,5,2,2,1,1746721251,T. Smith,R,SL,R,1.43715800486,2.73991304821,-0.335245283136,-12.3538543875,5.98164780794,SL,K,-1.23545497347,5.7479234032,76.8427184586,2317.37204077,88.6543914084,-0.15
560,2020,730270720,ECU,D1 American Athletic Conference,730232064,WM,248920719,2020-02-15 13:00:00,6,0,0,0,1889093308,C. Mayhue,L,FA,R,-0.435147188957,2.80356486172,22.0822728285,-14.2324304429,5.24973023548,SL,K,2.43835522529,5.58918783685,88.7613560538,2506.3694605,147.238285329,-0.15
561,2020,730270720,ECU,D1 American Athletic Conference,730232064,WM,248920719,2020-02-15 13:00:00,6,0,2,0,1889093308,C. Mayhue,L,FA,R,0.941491750036,2.22895056011,21.6473831945,-13.740011547,5.47442825778,SS,K,2.32599702676,5.7339451078,89.3772489474,2402.34536671,147.636445921,-0.15
562,2020,730270720,ECU,D1 American Athletic Conference,730232064,WM,248920719,2020-02-15 13:00:00,6,0,0,1,1889093308,C. Mayhue,L,FA,L,-0.577921249209,4.16149510595,20.5215770144,-12.550715707,5.34753525271,B,IP_OUT,2.27433250814,5.59785159801,88.3970206771,2337.19780511,148.593674088,0.13
563,2020,730270720,ECU,D1 American Athletic Conference,730232064,WM,248920719,2020-02-15 13:00:00,6,1,0,1,1889093308,C. Mayhue,L,FA,L,0.512746438772,2.68295342846,22.8878004618,-13.3960579763,5.48582058072,F,IP_OUT,2.23350703001,5.67044783671,87.8951003185,2396.95585161,149.698131612,-0.15
564,2020,730270720,ECU,D1 American Athletic Conference,730232064,WM,248920719,2020-02-15 13:00:00,6,1,1,1,1889093308,C. Mayhue,L,SL,L,-0.270553501353,2.00486744957,1.15169330644,8.69740315559,5.55614025421,SL,IP_OUT,2.18403659862,5.26656479578,74.8633938104,2181.37310379,262.14925562,-0.15
565,2020,730270720,ECU,D1 American Athletic Conference,730232064,WM,248920719,2020-02-15 13:00:00,6,1,2,1,1889093308,C. Mayhue,L,SL,L,-2.42692388211,0.888921339632,4.05984805439,6.02276744067,5.73576194085,B,IP_OUT,2.34663033119,5.13152191876,73.47646634,2232.59417396,235.696370883,0.13
566,2020,730270720,ECU,D1 American Athletic Conference,730232064,WM,248920719,2020-02-15 13:00:00,6,2,2,1,1889093308,C. Mayhue,L,FA,L,0.572507377982,3.70993395547,21.521812792,-15.046392529,5.41371394499,F,IP_OUT,2.25844985267,5.74515154588,88.2333432995,2369.64739145,145.085278388,0.0
567,2020,730270720,ECU,D1 American Athletic Conference,730232064,WM,248920719,2020-02-15 13:00:00,6,0,0,2,1889093308,C. Mayhue,L,CH,R,0.824984213488,1.0786104259,13.5178453715,-7.96894462223,6.25132065385,SS,K,2.29166835687,5.20380249124,76.4363277008,1394.39545043,149.563352172,-0.15
568,2020,730270720,ECU,D1 American Athletic Conference,730232064,WM,248920719,2020-02-15 13:00:00,6,0,1,2,1889093308,C. Mayhue,L,FA,R,-1.02281993493,2.08098573947,22.429363591,-16.4815327973,5.50150386592,SL,K,2.25238457677,5.56667416608,87.4221028546,2260.36095534,143.734176024,-0.15
569,2020,730270720,ECU,D1 American Athletic Conference,730232064,WM,248920719,2020-02-15 13:00:00,6,0,2,2,1889093308,C. Mayhue,L,FA,R,-0.658550798928,3.37854938993,21.2466654193,-13.845512335,5.46331102043,F,K,2.38135258334,5.47697122954,88.108076986,2263.99538043,146.952502295,0.0
570,2020,730270720,ECU,D1 American Athletic Conference,730232064,WM,248920719,2020-02-15 13:00:00,6,0,2,2,1889093308,C. Mayhue,L,CH,R,1.16650106462,0.631990978698,10.3659077053,-15.8035150974,6.17607395245,SS,K,2.32731914322,5.11980153746,76.2833072682,1496.90678767,123.37629565,-0.15
571,2020,730270720,ECU,D1 American Athletic Conference,730232064,WM,248920719,2020-02-15 13:00:00,7,0,0,0,1889093308,C. Mayhue,L,CH,R,-0.0453057770994,0.915138748849,8.1373960114,-10.8084046234,5.67178069673,SS,K,2.46857623573,5.28542627379,76.7198750466,1241.61006478,127.127738454,-0.15
572,2020,730270720,ECU,D1 American Athletic Conference,730232064,WM,248920719,2020-02-15 13:00:00,7,0,1,0,1889093308,C. Mayhue,L,CH,R,0.588058756432,2.21729152691,7.03854773323,-8.27693871414,5.78405912942,F,K,2.67952086522,5.1422476927,76.0155333446,1412.35528376,130.562133522,-0.15
573,2020,730270720,ECU,D1 American Athletic Conference,730232064,WM,248920719,2020-02-15 13:00:00,7,0,2,0,1889093308,C. Mayhue,L,FA,R,-0.928728987565,1.88437338773,19.4717056408,-16.6107562926,5.49486637591,SL,K,2.44324263833,5.44782515197,86.2383332414,2269.33176075,139.586899419,-0.15
574,2020,730270720,ECU,D1 American Athletic Conference,730232064,WM,248920719,2020-02-15 13:00:00,7,0,0,1,1889093308,C. Mayhue,L,FA,R,-0.206669001038,1.26768901254,18.6412375804,-16.8906394537,5.38884208937,B,IP_OUT,2.46988382745,5.62509225479,88.0410876523,2415.63018287,137.875029575,0.13
575,2020,730270720,ECU,D1 American Athletic Conference,730232064,WM,248920719,2020-02-15 13:00:00,7,1,0,1,1889093308,C. Mayhue,L,CH,R,1.9892423897,3.18879405671,11.2606084341,-10.0748376789,5.84098172388,B,IP_OUT,2.64088818286,5.14820220932,75.5777707105,1333.23075159,138.29813394,0.13
576,2020,730270720,ECU,D1 American Athletic Conference,730232064,WM,248920719,2020-02-15 13:00:00,7,0,0,2,1889093308,C. Mayhue,L,CH,L,0.573033178697,1.7423582765,10.9778672409,-8.1468140738,5.76183409537,SS,HBP,2.60601283281,5.28822319651,75.8689525046,1383.20072815,143.535255899,-0.15
577,2020,730270720,ECU,D1 American Athletic Conference,730232064,WM,248920719,2020-02-15 13:00:00,7,0,1,2,1889093308,C. Mayhue,L,SL,L,0.197414020918,0.782865369544,4.18647221438,4.30692667798,5.77290915204,SS,HBP,2.61735832848,5.23849203035,75.2818373573,2162.55067691,225.492228212,-0.15
578,2020,730270720,ECU,D1 American Athletic Conference,730232064,WM,248920719,2020-02-15 13:00:00,7,0,0,2,1889093308,C. Mayhue,L,FA,R,-1.29373390567,1.94356203479,19.2300977663,-14.8004989547,5.55887482258,B,S,2.53188042432,5.4397582516,85.9444772118,2234.68420377,142.469122377,0.13
579,2020,730270720,ECU,D1 American Athletic Conference,730232064,WM,248920719,2020-02-15 13:00:00,7,1,0,2,1889093308,C. Mayhue,L,FA,R,-0.305827269731,3.0700843245,18.5196146243,-16.6094281318,5.53266582443,IP,S,2.44159568499,5.50939916405,87.1075914304,2328.28750201,138.167780494,1.0
580,2020,730270720,ECU,D1 American Athletic Conference,730232064,WM,248920719,2020-02-15 13:00:00,7,0,0,2,1889093308,C. Mayhue,L,FA,R,-0.0228673488322,1.76266480023,15.7324913842,-17.450357842,5.52683130653,SL,IP_OUT,2.60266299987,5.45182415273,86.8904601519,2268.4211315,132.102149828,-0.15
581,2020,730270720,ECU,D1 American Athletic Conference,730232064,WM,248920719,2020-02-15 13:00:00,7,0,1,2,1889093308,C. Mayhue,L,CH,R,0.565293404214,0.841861369142,8.10396623951,-12.8599667485,5.92609821972,SS,IP_OUT,2.63182576529,5.29656596225,76.0099574618,1357.65338015,122.363387073,-0.15
582,2020,730270720,ECU,D1 American Athletic Conference,730232064,WM,248920719,2020-02-15 13:00:00,8,0,0,0,1136351940,C. Spivey,R,FA,L,0.32429496299,2.5677350658,11.6593882198,20.0628617324,4.98066759583,SL,K,-1.60214507182,5.62190486039,89.702546228,1957.70143641,239.763967632,-0.15
583,2020,730270720,ECU,D1 American Athletic Conference,730232064,WM,248920719,2020-02-15 13:00:00,8,0,1,0,1136351940,C. Spivey,R,FA,L,-1.8925378563,2.94675751454,-4.34299140149,20.3672730401,5.2801158172,B,K,-1.6574795369,5.48728683164,88.6016528972,2139.54434739,281.942975754,0.13
584,2020,730270720,ECU,D1 American Athletic Conference,730232064,WM,248920719,2020-02-15 13:00:00,8,1,1,0,1136351940,C. Spivey,R,FA,L,-0.764835991499,2.33383614578,9.94507810137,20.317589011,5.04045945263,F,K,-1.48680632002,5.65222947315,89.5284576797,2198.61789111,243.840871143,-0.15
585,2020,730270720,ECU,D1 American Athletic Conference,730232064,WM,248920719,2020-02-15 13:00:00,8,1,2,0,1136351940,C. Spivey,R,CH,L,-1.65768998326,1.77006878749,5.37781815429,20.6899401144,4.72036773249,SS,K,-1.74302566175,5.29009955896,81.3216745132,2138.0994234,255.321521568,-0.15
586,2020,730270720,ECU,D1 American Athletic Conference,730232064,WM,248920719,2020-02-15 13:00:00,8,0,0,1,1136351940,C. Spivey,R,FA,R,-0.228225590634,3.25518928553,9.79882388128,18.9043321449,5.14489626455,F,K,-1.39088843132,5.69426984516,90.5234482732,2134.5985606,242.521131967,-0.15
587,2020,730270720,ECU,D1 American Athletic Conference,730232064,WM,248920719,2020-02-15 13:00:00,8,0,1,1,1136351940,C. Spivey,R,SL,R,-1.70466650084,4.49897020328,-1.55268045874,-24.0138773988,4.94683368406,B,K,-1.78519826724,5.29202438129,77.7176871779,2805.63330604,86.4099379431,0.13
588,2020,730270720,ECU,D1 American Athletic Conference,730232064,WM,248920719,2020-02-15 13:00:00,8,1,1,1,1136351940,C. Spivey,R,SL,R,-1.63760755571,1.69947423959,-7.6309682366,-23.8317313124,4.90888974499,B,K,-1.7116021906,5.26558932624,77.4166241916,2818.21441646,72.3451134203,0.13
589,2020,730270720,ECU,D1 American Athletic Conference,730232064,WM,248920719,2020-02-15 13:00:00,8,2,1,1,1136351940,C. Spivey,R,FA,R,0.0286644429593,2.89298905617,11.3819137982,15.8013904209,5.26180839278,F,K,-1.24328879652,5.67126370917,89.4578828993,2006.81148854,234.154022443,-0.15
590,2020,730270720,ECU,D1 American Athletic Conference,730232064,WM,248920719,2020-02-15 13:00:00,8,2,2,1,1136351940,C. Spivey,R,SL,R,0.812475145006,2.30690174711,-5.49662400921,-21.2503079216,5.08319417689,SL,K,-1.71986817307,5.26503551417,78.3321302558,2941.63923236,75.6114908112,-0.15
591,2020,730270720,ECU,D1 American Athletic Conference,730232064,WM,248920719,2020-02-15 13:00:00,8,0,0,2,1136351940,C. Spivey,R,FA,R,-0.946543643558,3.58385468339,7.39514061119,19.3948513465,5.1456254579,B,K,-1.40982224658,5.6527469844,90.6781403146,2171.66858111,249.042880734,0.13
592,2020,730270720,ECU,D1 American Athletic Conference,730232064,WM,248920719,2020-02-15 13:00:00,8,1,0,2,1136351940,C. Spivey,R,FA,R,-1.02418463948,2.2042633288,6.04873175584,18.5196473921,5.07935555335,SL,K,-1.43888154698,5.62716123003,89.3332890353,2062.77951891,251.816634115,-0.15
593,2020,730270720,ECU,D1 American Athletic Conference,730232064,WM,248920719,2020-02-15 13:00:00,8,1,1,2,1136351940,C. Spivey,R,SL,R,0.644037567402,2.29251169364,-2.23232418852,-21.3569926464,4.86640606294,SL,K,-1.62120986322,5.36566102382,79.257414268,2968.52193589,84.150442537,-0.15
594,2020,730270720,ECU,D1 American Athletic Conference,730232064,WM,248920719,2020-02-15 13:00:00,8,1,2,2,1136351940,C. Spivey,R,SL,R,1.12908971332,1.65210519444,-5.69870784692,-24.0583990209,4.79925098013,SS,K,-1.50576671195,5.3396050379,79.055639067,2919.73710156,76.7751596224,-0.15
595,2020,730270720,ECU,D1 American Athletic Conference,730232064,WM,248920719,2020-02-15 13:00:00,9,0,0,0,1554714138,C. Whisenhunt,L,CH,R,-1.0008502063,1.44012080527,8.6876274035,-12.8332934859,6.28053731578,B,K,1.44262945698,6.29427486045,81.3425631628,1732.29243424,124.21573426,0.13
596,2020,730270720,ECU,D1 American Athletic Conference,730232064,WM,248920719,2020-02-15 13:00:00,9,1,0,0,1554714138,C. Whisenhunt,L,FA,R,-0.161853722242,3.30448891124,18.6572401628,-10.3287522022,5.65509439341,SS,K,1.26745583366,6.56421282607,90.6068635046,2175.9077824,151.072832766,-0.15
597,2020,730270720,ECU,D1 American Athletic Conference,730232064,WM,248920719,2020-02-15 13:00:00,9,1,1,0,1554714138,C. Whisenhunt,L,FA,R,0.498598284462,2.70761619578,20.8319551257,-7.45265212449,5.69287281269,F,K,1.13714836559,6.58110107406,90.4313541925,2098.80615019,160.343445194,-0.15
598,2020,730270720,ECU,D1 American Athletic Conference,730232064,WM,248920719,2020-02-15 13:00:00,9,1,2,0,1554714138,C. Whisenhunt,L,SL,R,0.221150006201,-0.302861190069,2.76349874111,-4.91336996414,6.23124533888,B,K,1.36346435074,6.19390006759,82.48817067,2300.25074006,119.700141285,0.13
599,2020,730270720,ECU,D1 American Athletic Conference,730232064,WM,248920719,2020-02-15 13:00:00,9,2,2,0,1554714138,C. Whisenhunt,L,CH,R,-0.446996577663,0.332955742994,4.97584040534,-15.296667693,5.87801070462,SS,K,1.15894236217,6.30219600442,80.2784515878,1728.51243917,108.158450557,-0.15
600,2020,730270720,ECU,D1 American Athletic Conference,730232064,WM,248920719,2020-02-15 13:00:00,9,0,0,0,1554714138,C. Whisenhunt,L,FA,R,0.382678007828,3.45769667185,20.5397330936,-15.3680212406,5.73188389743,B,BB,1.13391616267,6.7321995581,89.1126727503,2231.5027279,143.240938608,0.13
601,2020,730270720,ECU,D1 American Athletic Conference,730232064,WM,248920719,2020-02-15 13:00:00,9,1,0,0,1554714138,C. Whisenhunt,L,FA,R,-0.797956151422,-0.238090691857,18.0262574294,-12.0841116392,5.81550983361,B,BB,0.992582440606,6.65269746565,86.9522161116,2150.78067188,146.215640603,0.13
602,2020,730270720,ECU,D1 American Athletic Conference,730232064,WM,248920719,2020-02-15 13:00:00,9,2,0,0,1554714138,C. Whisenhunt,L,FA,R,0.831624881648,3.68479018405,26.490010372,-9.60847158811,5.70584837795,B,BB,1.08529876249,6.73732171405,88.9348043406,2068.01409131,160.086569313,0.13
603,2020,730270720,ECU,D1 American Athletic Conference,730232064,WM,248920719,2020-02-15 13:00:00,9,3,0,0,1554714138,C. Whisenhunt,L,FA,R,-0.392668307582,1.49807060453,19.9778396687,-8.61983900777,5.97346037721,SL,BB,1.01921820532,6.59108812078,86.264761791,2140.68169583,156.697956979,-0.15
604,2020,730270720,ECU,D1 American Athletic Conference,730232064,WM,248920719,2020-02-15 13:00:00,9,3,1,0,1554714138,C. Whisenhunt,L,FA,R,1.83284590276,3.45173558991,25.8000000456,-7.78728571403,5.79607300475,B,BB,0.869864003798,6.7234192828,84.767955288,2102.26418092,163.227164724,0.8
605,2020,730270720,ECU,D1 American Athletic Conference,730232064,WM,248920719,2020-02-15 13:00:00,9,0,0,0,1554714138,C. Whisenhunt,L,FA,R,-0.598886792039,3.14151499047,23.5873030765,-5.03302123004,5.96013628541,F,D,0.998207081259,6.5826738316,88.1279355247,2178.96789436,167.971853875,-0.15
606,2020,730270720,ECU,D1 American Athletic Conference,730232064,WM,248920719,2020-02-15 13:00:00,9,0,1,0,1554714138,C. Whisenhunt,L,CH,R,-0.339333129479,-0.0719766964614,9.82625027648,-15.7966299546,5.82365240422,B,D,1.15477557351,6.44598434424,79.5506212453,1633.13975838,121.995247074,0.13
607,2020,730270720,ECU,D1 American Athletic Conference,730232064,WM,248920719,2020-02-15 13:00:00,9,1,1,0,1554714138,C. Whisenhunt,L,FA,R,1.47913607175,3.05168886873,22.5737341058,-11.6884710312,5.77226554321,B,D,1.02068075431,6.74150337253,86.9542492762,2178.08752194,152.662352891,0.13
608,2020,730270720,ECU,D1 American Athletic Conference,730232064,WM,248920719,2020-02-15 13:00:00,9,2,1,0,1554714138,C. Whisenhunt,L,FA,R,0.033452394933,0.876678345932,19.0613818043,-11.4087898888,5.84750325902,B,D,0.962233578582,6.634090408,85.9389813188,2266.72520794,149.146499753,0.13
609,2020,730270720,ECU,D1 American Athletic Conference,730232064,WM,248920719,2020-02-15 13:00:00,9,3,1,0,1554714138,C. Whisenhunt,L,FA,R,-1.0534418325,2.78238239102,21.9089739161,-8.45677017276,5.79724784856,IP,D,1.08090728616,6.63852135703,88.7861204734,2182.42314804,158.923399054,1.26
610,2020,730270720,ECU,D1 American Athletic Conference,730232064,WM,248920719,2020-02-15 13:00:00,9,0,0,0,1745666105,N. Logusch,R,FA,R,-0.199919790679,1.22713245194,23.429610061,7.47180485029,5.55510653683,B,IP_OUT,-0.600885634079,5.85282842115,90.6661009903,2397.82032144,197.664283308,0.13
611,2020,730270720,ECU,D1 American Athletic Conference,730232064,WM,248920719,2020-02-15 13:00:00,9,1,0,0,1745666105,N. Logusch,R,FA,R,-0.876870079509,1.61142495216,19.7991074113,9.31895221591,5.51636180799,SL,IP_OUT,-0.627572636737,5.8093740961,90.0822949799,2333.0362307,205.167893344,-0.15
612,2020,730270720,ECU,D1 American Athletic Conference,730232064,WM,248920719,2020-02-15 13:00:00,9,1,1,0,1745666105,N. Logusch,R,FA,R,-0.425768761016,0.652271884212,20.8686978808,9.92206967154,5.52615558912,B,IP_OUT,-0.574322699622,5.73307323652,90.4537650144,2367.3288175,205.393371086,0.13
613,2020,730270720,ECU,D1 American Athletic Conference,730232064,WM,248920719,2020-02-15 13:00:00,9,2,1,0,1745666105,N. Logusch,R,FA,R,0.161077450793,1.778123088,21.7432252825,7.48234453191,5.68854995209,SL,IP_OUT,-0.634638142826,5.74242121345,90.63649709,2401.71750989,198.962927064,-0.15
614,2020,730270720,ECU,D1 American Athletic Conference,730232064,WM,248920719,2020-02-15 13:00:00,9,2,2,0,1745666105,N. Logusch,R,CU,R,0.571390571402,-0.163734387445,-20.3436644558,-7.52473354946,5.16582883682,B,IP_OUT,-0.79466465021,5.68586832966,77.6722730027,2639.64518164,20.34064234,0.13
615,2020,730270720,ECU,D1 American Athletic Conference,730232064,WM,248920719,2020-02-15 13:00:00,9,3,2,0,1745666105,N. Logusch,R,FA,R,-0.033275093084,1.60101176548,23.0681879746,6.65453843112,5.5717496285,F,IP_OUT,-0.653532407495,5.72976943414,90.647888672,2410.66664077,196.069587747,0.0
616,2020,730270720,ECU,D1 American Athletic Conference,730232064,WM,248920719,2020-02-15 13:00:00,9,3,2,0,1745666105,N. Logusch,R,FA,R,0.753115635226,3.10712482732,18.0523456455,9.33426514668,5.81505064262,F,IP_OUT,-0.791889924256,5.77698390487,90.145996558,2194.13344029,207.299056016,0.0
617,2020,730270720,ECU,D1 American Athletic Conference,730232064,WM,248920719,2020-02-15 13:00:00,9,3,2,0,1745666105,N. Logusch,R,FA,R,-0.0242858287192,1.95521578778,20.2841445796,9.68530730334,5.66192672432,F,IP_OUT,-0.649788682051,5.70288850813,91.4564717616,2267.32171156,205.488054281,0.0
618,2020,730270720,ECU,D1 American Athletic Conference,730232064,WM,248920719,2020-02-15 13:00:00,9,3,2,0,1745666105,N. Logusch,R,FA,R,0.286984515667,3.26300523588,19.2958028679,10.4228534626,5.68661549124,F,IP_OUT,-0.706134580018,5.8029789513,91.2904869164,2264.44938647,208.336605223,0.0
619,2020,730270720,ECU,D1 American Athletic Conference,730232064,WM,248920719,2020-02-15 13:00:00,9,0,0,1,1745666105,N. Logusch,R,FA,R,-1.52886464816,4.76583917599,17.3156194843,7.65983940287,5.94424784527,B,S,-0.67273070643,5.88502796435,89.2356947572,2198.52423356,203.822594522,0.13
620,2020,730270720,ECU,D1 American Athletic Conference,730232064,WM,248920719,2020-02-15 13:00:00,9,1,0,1,1745666105,N. Logusch,R,FA,R,-0.902514023662,1.92155389804,19.362955594,10.5251807571,5.70306658795,F,S,-0.587566948072,5.73829333587,90.1380117772,2288.25009247,208.486856169,-0.15
621,2020,730270720,ECU,D1 American Athletic Conference,730232064,WM,248920719,2020-02-15 13:00:00,9,1,1,1,1745666105,N. Logusch,R,CU,R,-0.697428679827,2.61761737826,-20.2113534217,-8.05244237715,5.15580198204,IP,S,-0.782898092012,5.69747451667,76.2369305981,2527.42265495,21.7689471455,1.0
622,2020,730270720,ECU,D1 American Athletic Conference,730232064,WM,248920719,2020-02-15 13:00:00,9,0,0,1,1745666105,N. Logusch,R,FA,R,0.465283586984,2.12050257099,22.357230349,5.91592922217,5.63032444452,SL,SF,-0.485768412095,5.7867052331,91.2447923128,2243.38135567,194.801086774,-0.15
623,2020,730270720,ECU,D1 American Athletic Conference,730232064,WM,248920719,2020-02-15 13:00:00,9,0,0,2,1745666105,N. Logusch,R,FA,R,0.690363450599,3.0732931517,22.894393369,8.34645558656,5.92099205486,SL,K,-0.681680881913,5.81648894916,91.0028920397,2248.54941241,200.004416708,-0.15
624,2020,730270720,ECU,D1 American Athletic Conference,730232064,WM,248920719,2020-02-15 13:00:00,9,0,1,2,1745666105,N. Logusch,R,FA,R,0.426344574633,2.51716547832,21.9598245209,7.95458354151,5.89599207644,SL,K,-0.544309229562,5.70898416801,90.5669316208,2284.7507579,199.885253663,-0.15
625,2020,730270720,ECU,D1 American Athletic Conference,730232064,WM,248920719,2020-02-15 13:00:00,9,0,2,2,1745666105,N. Logusch,R,FA,R,0.52409721267,1.53052054968,23.4204579006,5.92085929775,5.66426933274,B,K,-0.494875196683,5.78703230341,91.4924656881,2391.57212148,194.168979961,0.13
626,2020,730270720,ECU,D1 American Athletic Conference,730232064,WM,248920719,2020-02-15 13:00:00,9,1,2,2,1745666105,N. Logusch,R,FA,R,0.429561468842,2.26267482284,21.104947723,8.064192444,5.70092220746,SS,K,-0.549098031326,5.71392516301,91.2429036631,2424.52931519,200.882947999,-0.15
627,2020,730270720,ECU,D1 American Athletic Conference,730232064,WM,157733954,2020-02-14 13:00:00,1,0,0,0,1012303988,A. Burleson,L,FA,L,-0.197316252926,2.67546434603,17.9833581582,-10.5592132435,5.53870700673,SL,S,2.4805735022,6.25480034567,87.2190471653,2199.23487923,149.628482575,-0.15
628,2020,730270720,ECU,D1 American Athletic Conference,730232064,WM,157733954,2020-02-14 13:00:00,1,0,1,0,1012303988,A. Burleson,L,FA,L,0.0501435221374,2.85388613469,22.7762098814,-10.4074227611,5.3673942308,IP,S,2.29007038021,6.23698740619,88.6386269242,2174.00073175,155.474850792,1.0
629,2020,730270720,ECU,D1 American Athletic Conference,730232064,WM,157733954,2020-02-14 13:00:00,1,0,0,0,1012303988,A. Burleson,L,FA,R,-0.167805811358,1.43078039711,11.7029478544,-13.2537133823,5.37143805209,IP,S,2.55406207554,6.10707239043,84.8074847627,1889.40094694,131.534433744,1.0
630,2020,730270720,ECU,D1 American Athletic Conference,730232064,WM,157733954,2020-02-14 13:00:00,1,0,0,0,1012303988,A. Burleson,L,FA,R,0.896559722429,2.60789016561,13.8910916324,-15.8430903926,5.3706467819,F,FC,2.44812015812,6.26876066025,87.6043230012,2032.58438704,131.31506028,-0.15
631,2020,730270720,ECU,D1 American Athletic Conference,730232064,WM,157733954,2020-02-14 13:00:00,1,0,1,0,1012303988,A. Burleson,L,FA,R,-0.556052651506,2.62358916092,18.3541749204,-7.76752023722,5.34651221536,F,FC,2.23241930196,6.25276364896,87.4322721286,2143.81426515,157.101235174,-0.15
632,2020,730270720,ECU,D1 American Athletic Conference,730232064,WM,157733954,2020-02-14 13:00:00,1,0,2,0,1012303988,A. Burleson,L,SL,R,-0.42289514837,2.93614347877,-0.0187528708147,8.66785529242,4.92935032768,IP,FC,2.55726431045,6.16041845982,78.7439966245,2366.36032071,269.834467856,-0.21
633,2020,730270720,ECU,D1 American Athletic Conference,730232064,WM,157733954,2020-02-14 13:00:00,1,0,0,1,1012303988,A. Burleson,L,CU,R,0.825696014121,3.19890175339,-10.5202285119,16.587904062,4.65038653069,SL,IP_OUT,2.33911075015,6.34167916614,72.9775161346,2542.81941975,302.255331076,-0.15
634,2020,730270720,ECU,D1 American Athletic Conference,730232064,WM,157733954,2020-02-14 13:00:00,1,0,0,2,1012303988,A. Burleson,L,CH,R,1.86589516755,3.00241763908,3.98000359247,-13.794252428,5.52851266422,SL,IP_OUT,2.83729515272,5.89100191141,76.6810975183,1493.25784367,106.266509182,-0.15
635,2020,730270720,ECU,D1 American Athletic Conference,730232064,WM,157733954,2020-02-14 13:00:00,2,0,0,0,1012303988,A. Burleson,L,FA,L,0.423244823034,3.41736258646,20.0156058015,-12.5737669331,5.54873187387,F,K,2.40180508202,6.25785739643,86.5247171033,2183.93234109,147.909430387,-0.15
636,2020,730270720,ECU,D1 American Athletic Conference,730232064,WM,157733954,2020-02-14 13:00:00,2,0,1,0,1012303988,A. Burleson,L,SL,L,-0.320558872306,1.24670777601,-1.28716942781,4.21221833089,5.11648396911,SS,K,2.8236438447,6.05727038406,81.4578026392,2345.68666511,286.474987709,-0.15
637,2020,730270720,ECU,D1 American Athletic Conference,730232064,WM,157733954,2020-02-14 13:00:00,2,0,2,0,1012303988,A. Burleson,L,SL,L,-1.6414148046,1.40041634485,1.53338579249,8.40497960817,5.26804284441,B,K,2.66077941316,6.04164835623,81.45116723,2410.51844897,259.387321034,0.13
638,2020,730270720,ECU,D1 American Athletic Conference,730232064,WM,157733954,2020-02-14 13:00:00,2,1,2,0,1012303988,A. Burleson,L,SL,L,-1.19050460062,1.82479849187,-3.45447757994,8.63082014887,5.10916129663,SS,K,2.69778872881,6.04663419451,79.3900544888,2306.51654739,291.566445432,-0.15
639,2020,730270720,ECU,D1 American Athletic Conference,730232064,WM,157733954,2020-02-14 13:00:00,2,0,0,1,1012303988,A. Burleson,L,FA,R,-0.134409652351,2.53673424801,14.1259401449,-14.8079886774,5.54856811994,SL,IP_OUT,2.47742871668,6.18210800065,88.7613060607,2095.84129774,133.719002935,-0.15
640,2020,730270720,ECU,D1 American Athletic Conference,730232064,WM,157733954,2020-02-14 13:00:00,2,0,1,1,1012303988,A. Burleson,L,FA,R,-0.986867596462,1.59387881677,16.6598391527,-7.20251225965,5.66867785655,SL,IP_OUT,1.96042840452,6.3206034124,88.0343879491,2235.10471373,156.663233684,-0.15
641,2020,730270720,ECU,D1 American Athletic Conference,730232064,WM,157733954,2020-02-14 13:00:00,2,0,2,1,1012303988,A. Burleson,L,FA,R,0.811128568344,5.86897451082,20.8782379766,-9.66809549374,5.29177202448,B,IP_OUT,2.56840269192,6.26429820211,88.6207277958,2229.75522583,155.189206514,0.13
642,2020,730270720,ECU,D1 American Athletic Conference,730232064,WM,157733954,2020-02-14 13:00:00,3,0,0,0,1012303988,A. Burleson,L,FA,R,0.717671633673,3.10594625918,13.1274960021,-10.8986193927,5.43008944487,SL,IP_OUT,2.74628117393,6.11868726963,87.6558226289,2054.34883894,140.37412673,-0.15
643,2020,730270720,ECU,D1 American Athletic Conference,730232064,WM,157733954,2020-02-14 13:00:00,3,0,1,0,1012303988,A. Burleson,L,FA,R,-0.00428567350481,3.25657937374,17.7518927411,-8.27121697861,5.36074411653,F,IP_OUT,2.34367069293,6.27174220824,87.2613232214,2182.31273888,155.06095508,-0.15
644,2020,730270720,ECU,D1 American Athletic Conference,730232064,WM,157733954,2020-02-14 13:00:00,3,0,2,0,1012303988,A. Burleson,L,CH,R,2.30202012573,2.16447976627,6.38153851427,-17.0902363411,5.36403500914,B,IP_OUT,3.18899518352,5.8938931075,78.7531748084,1471.3998347,110.604300977,0.13
645,2020,730270720,ECU,D1 American Athletic Conference,730232064,WM,157733954,2020-02-14 13:00:00,3,0,0,1,1012303988,A. Burleson,L,FA,L,-1.10793482086,2.63905297415,19.0844884407,-8.62751850408,5.55371398524,B,BB,2.39575342709,6.1255789657,87.8304046771,2140.10351917,155.713213296,0.13
646,2020,730270720,ECU,D1 American Athletic Conference,730232064,WM,157733954,2020-02-14 13:00:00,3,1,0,1,1012303988,A. Burleson,L,SL,L,-1.45847990765,2.23400055494,2.8383715087,2.96171565698,5.23409552342,B,BB,2.94580084547,5.90422042222,80.9575030051,2260.34214079,225.804799357,0.13
647,2020,730270720,ECU,D1 American Athletic Conference,730232064,WM,157733954,2020-02-14 13:00:00,3,2,0,1,1012303988,A. Burleson,L,FA,L,0.869920373166,1.40989754453,13.7261028256,-15.5357305857,5.52982435882,B,BB,2.77507103231,6.07737738477,87.6142015833,2047.98216292,131.534403567,0.13
648,2020,730270720,ECU,D1 American Athletic Conference,730232064,WM,157733954,2020-02-14 13:00:00,3,3,0,1,1012303988,A. Burleson,L,FA,L,-0.885795034641,2.78357309585,16.4262606175,-10.3909193701,5.31044887174,SL,BB,2.71099296974,6.05580450998,88.3542740905,2101.30394259,147.738126207,-0.15
649,2020,730270720,ECU,D1 American Athletic Conference,730232064,WM,157733954,2020-02-14 13:00:00,3,3,1,1,1012303988,A. Burleson,L,FA,L,0.156550437057,3.54634647217,18.5203191069,-7.95635352314,5.5363772775,B,BB,2.73253232002,6.04394423035,87.1288131663,2169.9096973,156.791455572,0.8
650,2020,730270720,ECU,D1 American Athletic Conference,730232064,WM,157733954,2020-02-14 13:00:00,3,0,0,2,1012303988,A. Burleson,L,CH,R,0.957500476969,1.93817053929,13.2911460455,-13.6490538941,5.56303720695,SS,S,2.9852129699,5.92336371483,79.3257051071,1531.26717276,134.331519114,-0.15
651,2020,730270720,ECU,D1 American Athletic Conference,730232064,WM,157733954,2020-02-14 13:00:00,3,0,1,2,1012303988,A. Burleson,L,CH,R,0.696418117743,2.83318181837,9.69475428183,-13.7206326856,5.64830256924,IP,S,3.01920987208,5.90998313758,79.2560843934,1563.70086423,125.362633364,1.0
652,2020,730270720,ECU,D1 American Athletic Conference,730232064,WM,157733954,2020-02-14 13:00:00,3,0,0,2,1012303988,A. Burleson,L,CU,R,-2.3300720286,0.651107227509,-11.9900794822,14.7838104242,4.85019986908,B,IP_OUT,2.38338508334,6.24133328947,73.4212904671,2565.61775908,308.92161234,0.13
653,2020,730270720,ECU,D1 American Athletic Conference,730232064,WM,157733954,2020-02-14 13:00:00,3,1,0,2,1012303988,A. Burleson,L,CH,R,0.883502315402,2.15595864862,10.1286369713,-16.7503069917,5.4950768963,SS,IP_OUT,2.99157042326,5.94542808936,77.2307085536,1487.07750813,121.275117279,-0.15
654,2020,730270720,ECU,D1 American Athletic Conference,730232064,WM,157733954,2020-02-14 13:00:00,3,1,1,2,1012303988,A. Burleson,L,FA,R,-0.155494998924,1.18865459682,20.5597074791,-8.13206968872,5.40769848706,B,IP_OUT,2.35334466786,6.20933952571,86.7941841342,2179.01522057,158.453996062,0.13
655,2020,730270720,ECU,D1 American Athletic Conference,730232064,WM,157733954,2020-02-14 13:00:00,3,2,1,2,1012303988,A. Burleson,L,CH,R,-1.0098646188,3.41229693529,8.96298277626,-8.54451819898,5.49985536179,B,IP_OUT,3.02511137937,5.85921820353,76.497346404,1674.62064593,136.51592231,0.13
656,2020,730270720,ECU,D1 American Athletic Conference,730232064,WM,157733954,2020-02-14 13:00:00,4,0,0,0,1012303988,A. Burleson,L,CH,R,1.21063576245,1.39787413947,9.52194213257,-17.3099988768,5.41091078254,B,IP_OUT,3.05951228949,5.92859617556,79.0088944339,1508.54913591,118.92399173,0.13
657,2020,730270720,ECU,D1 American Athletic Conference,730232064,WM,157733954,2020-02-14 13:00:00,4,1,0,0,1012303988,A. Burleson,L,FA,R,0.994810854889,3.70222977046,16.0609129492,-14.9154451367,5.3493257241,B,IP_OUT,2.84492902047,6.12347752654,87.0973965671,2017.55869006,137.180758371,0.13
658,2020,730270720,ECU,D1 American Athletic Conference,730232064,WM,157733954,2020-02-14 13:00:00,4,2,0,0,1012303988,A. Burleson,L,FA,R,-0.259258256826,2.01792955751,16.9305688424,-15.1149081939,5.48944418929,SL,IP_OUT,2.89956330218,5.99680058937,85.8372156251,2008.84362816,138.304448232,-0.15
659,2020,730270720,ECU,D1 American Athletic Conference,730232064,WM,157733954,2020-02-14 13:00:00,4,2,1,0,1012303988,A. Burleson,L,CH,R,3.08790988147,3.82328363993,6.5346116542,-18.376936656,5.51207929802,B,IP_OUT,3.10960678347,5.88541833589,76.3470241742,1457.67381416,109.703987762,0.13
660,2020,730270720,ECU,D1 American Athletic Conference,730232064,WM,157733954,2020-02-14 13:00:00,4,0,0,1,1012303988,A. Burleson,L,FA,R,0.489040715054,3.88858919714,19.0765802128,-12.3521549557,5.46234577538,B,K,2.41230490754,6.23115341045,87.7677422757,2197.58006443,147.124547268,0.13
661,2020,730270720,ECU,D1 American Athletic Conference,730232064,WM,157733954,2020-02-14 13:00:00,4,1,0,1,1012303988,A. Burleson,L,CH,R,0.787457730651,1.99516561604,8.46828106724,-13.9919437576,5.66018518741,SS,K,3.08112829912,5.85401028512,76.3265515212,1562.19037042,121.319921056,-0.15
662,2020,730270720,ECU,D1 American Athletic Conference,730232064,WM,157733954,2020-02-14 13:00:00,4,1,1,1,1012303988,A. Burleson,L,FA,R,-0.114895053537,3.86094661675,24.5690476626,-8.49069076344,5.33218756003,F,K,2.3893073199,6.23856021992,87.5537572961,2193.8914614,160.96125775,-0.15
663,2020,730270720,ECU,D1 American Athletic Conference,730232064,WM,157733954,2020-02-14 13:00:00,4,1,2,1,1012303988,A. Burleson,L,CH,R,0.806606505521,1.73265793468,6.10225815017,-14.4062743934,5.49239585086,SS,K,3.1515041844,5.864865582,78.35989089,1534.0794647,113.103634058,-0.15
664,2020,730270720,ECU,D1 American Athletic Conference,730232064,WM,157733954,2020-02-14 13:00:00,4,0,0,2,1012303988,A. Burleson,L,SL,L,-0.783255652594,1.14548954854,-3.68121411588,8.74717025848,5.149664709,SS,S,3.06001706245,6.00924659089,77.6729085311,2343.85587316,292.57440024,-0.15
665,2020,730270720,ECU,D1 American Athletic Conference,730232064,WM,157733954,2020-02-14 13:00:00,4,0,1,2,1012303988,A. Burleson,L,FA,L,-0.211007937828,3.45129498113,16.7850498474,-12.2265815667,5.41622369668,IP,S,2.75208123399,6.05943170453,88.1314522064,2073.56043572,143.985397309,1.0
666,2020,730270720,ECU,D1 American Athletic Conference,730232064,WM,157733954,2020-02-14 13:00:00,4,0,0,2,1012303988,A. Burleson,L,FA,R,1.16309818633,2.51912815183,11.6799587182,-17.6613918204,5.44524566277,IP,FC,2.90112551417,6.08013364617,85.6240375262,1933.45944047,123.560421857,-0.21
667,2020,730270720,ECU,D1 American Athletic Conference,730232064,WM,157733954,2020-02-14 13:00:00,5,0,0,0,1012303988,A. Burleson,L,SL,L,-1.63091899261,0.00380970693378,6.37770463941,6.79535179111,5.26633861697,B,IP_OUT,3.11586474276,5.97122460701,79.8370609384,2292.20030604,226.62552343,0.13
668,2020,730270720,ECU,D1 American Athletic Conference,730232064,WM,157733954,2020-02-14 13:00:00,5,1,0,0,1012303988,A. Burleson,L,FA,L,-0.256511062515,2.87577035404,19.0990483205,-11.9764009976,5.5371966195,SL,IP_OUT,2.77238801517,6.06561972001,87.4904100491,2234.75037331,147.956915767,-0.15
669,2020,730270720,ECU,D1 American Athletic Conference,730232064,WM,157733954,2020-02-14 13:00:00,5,1,1,0,1012303988,A. Burleson,L,SL,L,0.158985833331,2.85342547337,0.0735304116018,9.32676490181,5.07041859369,F,IP_OUT,2.89828638628,6.13511664379,79.0558934999,2322.68217967,269.282924934,-0.15
670,2020,730270720,ECU,D1 American Athletic Conference,730232064,WM,157733954,2020-02-14 13:00:00,5,1,2,0,1012303988,A. Burleson,L,CU,L,-1.9983788866,0.158648968812,-14.3549302291,16.8431453256,4.76001376719,B,IP_OUT,2.53474647924,6.29625381873,74.3368299708,2675.06117227,310.340151896,0.13
671,2020,730270720,ECU,D1 American Athletic Conference,730232064,WM,157733954,2020-02-14 13:00:00,5,0,0,1,1012303988,A. Burleson,L,CH,R,-0.312987163691,0.86095404958,11.8124906792,-12.6627542552,5.38129566626,B,IP_OUT,3.030197764,5.96819497941,80.354806905,1537.56504984,133.111084584,0.13
672,2020,730270720,ECU,D1 American Athletic Conference,730232064,WM,157733954,2020-02-14 13:00:00,5,0,0,2,1012303988,A. Burleson,L,FA,L,-0.57532946818,1.76295900952,17.8475655148,-11.0905947594,5.59442744755,SL,IP_OUT,2.61972915627,6.1113736571,87.5415058966,2193.3219897,148.193298808,-0.15
673,2020,730270720,ECU,D1 American Athletic Conference,730232064,WM,157733954,2020-02-14 13:00:00,5,0,1,2,1012303988,A. Burleson,L,FA,L,-0.75080194911,2.63300830279,20.4975082321,-9.54989834885,5.45240371583,SL,IP_OUT,2.55135007706,6.23526396192,88.1420713116,2206.30447434,155.05617286,-0.15
674,2020,730270720,ECU,D1 American Athletic Conference,730232064,WM,157733954,2020-02-14 13:00:00,5,0,2,2,1012303988,A. Burleson,L,SL,L,-0.841365610104,1.31529826509,3.17461733867,12.6337108348,5.05677325873,B,IP_OUT,2.87271164058,6.20663590806,79.4615569873,2448.71778582,255.711612345,0.13
675,2020,730270720,ECU,D1 American Athletic Conference,730232064,WM,157733954,2020-02-14 13:00:00,5,1,2,2,1012303988,A. Burleson,L,FA,L,-0.783579746903,1.48032891122,12.9894000824,-13.6819247327,5.32239508347,B,IP_OUT,2.50999496983,6.24626190862,89.4123534548,2143.60402007,133.586669307,0.13
676,2020,730270720,ECU,D1 American Athletic Conference,730232064,WM,157733954,2020-02-14 13:00:00,6,0,0,0,1012303988,A. Burleson,L,FA,R,-0.546548436668,2.01021803663,13.2960559525,-13.5078212569,5.49361101382,SL,K,2.72520753835,6.09360732699,86.1818723861,2110.01007849,134.625063459,-0.15
677,2020,730270720,ECU,D1 American Athletic Conference,730232064,WM,157733954,2020-02-14 13:00:00,6,0,1,0,1012303988,A. Burleson,L,CU,R,1.35048659061,4.64520524254,-11.8143990231,9.52351332052,4.77987453116,B,K,2.66642187887,6.30379391974,71.3740158314,2600.50713703,320.998564932,0.13
678,2020,730270720,ECU,D1 American Athletic Conference,730232064,WM,157733954,2020-02-14 13:00:00,6,1,1,0,1012303988,A. Burleson,L,CH,R,-0.0406917155859,1.59599450725,9.27390987258,-15.1945097129,5.45635057046,SS,K,3.03360525119,5.91425494851,78.8110496428,1375.96593729,121.517730249,-0.15
679,2020,730270720,ECU,D1 American Athletic Conference,730232064,WM,157733954,2020-02-14 13:00:00,6,1,2,0,1012303988,A. Burleson,L,SL,R,-0.296340079994,3.86980276864,2.24117486592,5.99424663874,5.13058056476,SS,K,2.7000685064,6.09926379853,79.1004247176,2344.29782822,249.140259975,-0.15
680,2020,730270720,ECU,D1 American Athletic Conference,730232064,WM,157733954,2020-02-14 13:00:00,6,0,0,1,1012303988,A. Burleson,L,CH,R,1.28837570431,2.16170400158,6.94209475543,-14.6967279317,5.50445035335,SL,IP_OUT,2.98273822434,5.87661550004,77.9628346851,1544.04802361,115.425451614,-0.15
681,2020,730270720,ECU,D1 American Athletic Conference,730232064,WM,157733954,2020-02-14 13:00:00,6,0,1,1,1012303988,A. Burleson,L,CU,R,0.777446398894,3.56344566943,-14.6414099625,9.90615157988,4.89323946076,SL,IP_OUT,2.46853687933,6.31434383162,71.2342212234,2582.92863012,325.818892367,-0.15
682,2020,730270720,ECU,D1 American Athletic Conference,730232064,WM,157733954,2020-02-14 13:00:00,6,0,2,1,1012303988,A. Burleson,L,FA,R,-1.17344477026,4.57005841089,21.9463444118,-7.85183162387,5.48828799124,B,IP_OUT,2.56482870168,6.26143700952,87.208035364,2253.64153391,160.343716959,0.13
683,2020,730270720,ECU,D1 American Athletic Conference,730232064,WM,157733954,2020-02-14 13:00:00,6,0,0,2,1012303988,A. Burleson,L,FA,R,0.0364860793186,2.01529061515,14.6194167933,-15.3881724858,5.47583748764,IP,D,2.63344870107,6.09903137586,87.3043307193,2095.84777775,133.602116918,1.26
684,2020,730270720,ECU,D1 American Athletic Conference,730232064,WM,157733954,2020-02-14 13:00:00,6,0,0,2,1012303988,A. Burleson,L,CH,R,-0.07508859329,1.87498311954,7.13162728763,-15.4763668571,5.52585733131,F,K,2.90634984991,5.91621252589,77.0756649794,1593.67759163,114.878365233,-0.15
685,2020,730270720,ECU,D1 American Athletic Conference,730232064,WM,157733954,2020-02-14 13:00:00,6,0,1,2,1012303988,A. Burleson,L,CU,R,-0.0350406644548,3.12618674954,-10.5359981137,14.6426128174,4.9577152703,SL,K,2.64186853261,6.26055777454,70.3706291069,2488.6171415,305.591436064,-0.15
686,2020,730270720,ECU,D1 American Athletic Conference,730232064,WM,157733954,2020-02-14 13:00:00,6,0,2,2,1012303988,A. Burleson,L,SL,R,-1.38327450804,1.04534402925,5.40872573432,10.2132297036,5.0385404656,SS,K,2.70998640097,6.07676295909,78.3438990337,2327.28221991,241.90323531,-0.15
687,2020,730270720,ECU,D1 American Athletic Conference,730232064,WM,157733954,2020-02-14 13:00:00,7,0,0,0,1012303988,A. Burleson,L,FA,L,-0.0377774376984,2.85956695446,18.4654205701,-9.81011315392,5.51009735211,IP,HR,2.81818231464,6.0530958486,85.5558386875,2184.20218719,152.066999483,1.76
688,2020,730270720,ECU,D1 American Athletic Conference,730232064,WM,157733954,2020-02-14 13:00:00,7,0,0,0,1012303988,A. Burleson,L,CH,R,0.712596420338,3.13267777746,5.50723124447,-13.1315249248,5.59102806622,SL,K,3.12856695311,5.89408610671,77.0694251212,1368.10162726,112.920205831,-0.15
689,2020,730270720,ECU,D1 American Athletic Conference,730232064,WM,157733954,2020-02-14 13:00:00,7,0,1,0,1012303988,A. Burleson,L,SL,R,-1.19816518757,0.665632450348,2.2857371222,5.63383362856,5.26032135414,SS,K,2.96555603721,6.07736458697,79.2991883857,2331.71441585,247.539721415,-0.15
690,2020,730270720,ECU,D1 American Athletic Conference,730232064,WM,157733954,2020-02-14 13:00:00,7,0,2,0,1012303988,A. Burleson,L,SL,R,-1.61842638837,0.797151289702,1.85062329334,6.50028480769,5.1436402634,SS,K,2.97593725918,5.99324729689,79.9873519748,2365.69479706,253.759993927,-0.15
691,2020,730270720,ECU,D1 American Athletic Conference,730232064,WM,157733954,2020-02-14 13:00:00,7,0,0,1,1012303988,A. Burleson,L,CU,L,-0.567236067612,0.130003149406,-15.0040146478,13.9974755822,4.72708098927,B,K,2.69434938693,6.21847151899,72.2616398957,2585.20523881,316.885695477,0.13
692,2020,730270720,ECU,D1 American Athletic Conference,730232064,WM,157733954,2020-02-14 13:00:00,7,1,0,1,1012303988,A. Burleson,L,SL,L,-0.927652190185,2.97848060174,2.50941762838,5.59392814378,5.00350612924,SL,K,2.92563974755,5.99863789271,76.9155528389,2383.77300407,245.447770912,-0.15
693,2020,730270720,ECU,D1 American Athletic Conference,730232064,WM,157733954,2020-02-14 13:00:00,7,1,1,1,1012303988,A. Burleson,L,SL,L,0.263022335413,4.18685022326,6.09272682289,11.0907924809,5.01205156906,B,K,3.0204451893,6.01316611439,77.2279578187,2379.90417464,241.036799937,0.13
694,2020,730270720,ECU,D1 American Athletic Conference,730232064,WM,157733954,2020-02-14 13:00:00,7,2,1,1,1012303988,A. Burleson,L,FA,L,-0.323790336312,2.6402365247,19.6015943907,-11.2208460759,5.50331531389,SL,K,2.65111739261,6.08431341616,87.6295912022,2246.69835176,150.255601418,-0.15
695,2020,730270720,ECU,D1 American Athletic Conference,730232064,WM,157733954,2020-02-14 13:00:00,7,2,2,1,1012303988,A. Burleson,L,FA,L,-0.972411615229,2.51334601275,21.3727817667,-8.96667963459,5.39109127665,SL,K,2.49799354562,6.06551138462,87.6898856161,2229.82528251,157.27395325,-0.15
696,2020,730270720,ECU,D1 American Athletic Conference,730232064,WM,157733954,2020-02-14 13:00:00,7,0,0,2,1012303988,A. Burleson,L,FA,R,-0.476207677089,1.96432908492,14.1533813555,-15.4431786212,5.51229001503,SL,IP_OUT,2.80582180915,6.05049318289,86.9430053743,2103.07761932,132.576164892,-0.15
697,2020,730270720,ECU,D1 American Athletic Conference,730232064,WM,157733954,2020-02-14 13:00:00,7,0,1,2,1012303988,A. Burleson,L,SL,R,-0.595948590398,1.68164566235,2.62289925433,5.97092841476,5.23426283601,SS,IP_OUT,2.92114672459,6.02663876439,79.3552788754,2416.7557881,245.940825385,-0.15
698,2020,730270720,ECU,D1 American Athletic Conference,730232064,WM,157733954,2020-02-14 13:00:00,8,0,0,0,1506629477,T. Kimmel,R,FA,L,-1.03967029057,2.55503445471,11.9765919272,20.8448578874,5.7945429115,F,IP_OUT,-1.52929364798,5.68003857044,90.9702926953,2391.95634804,240.054094014,-0.15
699,2020,730270720,ECU,D1 American Athletic Conference,730232064,WM,157733954,2020-02-14 13:00:00,8,0,1,0,1506629477,T. Kimmel,R,CH,L,-0.0845854979977,0.325977469701,4.54033053868,21.3771840227,6.36312310056,B,IP_OUT,-1.36405505654,5.53916078968,82.5760219035,2119.1811154,257.910895072,0.13
700,2020,730270720,ECU,D1 American Athletic Conference,730232064,WM,157733954,2020-02-14 13:00:00,8,1,1,0,1506629477,T. Kimmel,R,CH,L,0.0181630755131,2.75779573805,7.43383761601,11.963701886,6.48903864204,SL,IP_OUT,-1.2211229587,5.65343160695,81.7657942469,2245.30212371,238.012932948,-0.15
701,2020,730270720,ECU,D1 American Athletic Conference,730232064,WM,157733954,2020-02-14 13:00:00,8,1,2,0,1506629477,T. Kimmel,R,CH,L,0.499549541321,2.08948142214,12.9408225269,17.503536383,6.34517763871,F,IP_OUT,-1.40167247503,5.52809192992,82.1927687781,2210.21851949,233.442031412,0.0
702,2020,730270720,ECU,D1 American Athletic Conference,730232064,WM,157733954,2020-02-14 13:00:00,8,0,0,1,1506629477,T. Kimmel,R,FA,R,-1.10518492362,3.53366168279,14.3268816448,15.2494003676,5.68769956282,B,BB,-0.991411971273,5.92380278635,90.7501678385,2354.59357979,226.72258856,0.13
703,2020,730270720,ECU,D1 American Athletic Conference,730232064,WM,157733954,2020-02-14 13:00:00,8,1,0,1,1506629477,T. Kimmel,R,FA,R,-0.636767369583,1.20757803196,14.0797007747,18.035635253,5.73070247779,B,BB,-1.25616759646,5.69061877528,89.7709453595,2268.83983231,231.957267905,0.13
704,2020,730270720,ECU,D1 American Athletic Conference,730232064,WM,157733954,2020-02-14 13:00:00,8,2,0,1,1506629477,T. Kimmel,R,FA,R,0.316139496889,3.2355565771,18.5709260585,15.7883075891,5.59368055269,SL,BB,-1.14324208061,5.72077817747,90.022678576,2420.45349788,220.319532828,-0.15
705,2020,730270720,ECU,D1 American Athletic Conference,730232064,WM,157733954,2020-02-14 13:00:00,8,2,1,1,1506629477,T. Kimmel,R,FA,R,0.431656496365,0.84661725911,14.6067133152,15.4442470966,5.76298745941,B,BB,-1.02108997631,5.74139387968,89.3754223723,2340.45794476,226.531381391,0.13
706,2020,730270720,ECU,D1 American Athletic Conference,730232064,WM,157733954,2020-02-14 13:00:00,8,3,1,1,1506629477,T. Kimmel,R,FA,R,1.42437511839,0.591714608952,17.3023005649,14.936146925,5.78346919103,B,BB,-1.10182192076,5.77306725677,90.6227827559,2470.14004077,220.749604823,0.8
707,2020,730270720,ECU,D1 American Athletic Conference,730232064,WM,157733954,2020-02-14 13:00:00,8,0,0,1,1705150106,M. Bridges,R,FA,R,-0.931455828756,2.37586701818,11.6249491183,16.3598282317,5.73867182886,F,K,-1.26007360764,5.637265654,89.4191377256,2268.08340077,234.52627854,-0.15
708,2020,730270720,ECU,D1 American Athletic Conference,730232064,WM,157733954,2020-02-14 13:00:00,8,0,1,1,1705150106,M. Bridges,R,FA,R,0.284525742484,2.32530317533,15.9437978962,10.9318792603,5.91699654913,SS,K,-1.0395249362,5.80701675782,89.1313828035,2225.17818823,214.38114134,-0.15
709,2020,730270720,ECU,D1 American Athletic Conference,730232064,WM,157733954,2020-02-14 13:00:00,8,0,2,1,1705150106,M. Bridges,R,SL,R,0.335464287184,2.88854593139,-5.93589114594,-13.8586484838,5.36422824004,SL,K,-1.1645317932,5.59078314194,77.3201353253,2662.43007379,66.9723184462,-0.15
710,2020,730270720,ECU,D1 American Athletic Conference,730232064,WM,157733954,2020-02-14 13:00:00,8,0,0,2,1705150106,M. Bridges,R,FA,L,-0.284434765541,0.613031736287,7.30422367742,17.2741278365,5.82232464441,SS,K,-1.28592190429,5.60478542586,88.5972595375,2188.04246041,246.984032973,-0.15
711,2020,730270720,ECU,D1 American Athletic Conference,730232064,WM,157733954,2020-02-14 13:00:00,8,0,1,2,1705150106,M. Bridges,R,FA,L,-1.76967002724,2.12651595687,9.95061069397,16.0703238699,5.93032330518,B,K,-1.05363030207,5.74977014718,89.0363876036,2224.14221356,238.148519497,0.13
712,2020,730270720,ECU,D1 American Athletic Conference,730232064,WM,157733954,2020-02-14 13:00:00,8,1,1,2,1705150106,M. Bridges,R,SL,L,0.676924793635,2.52877678052,-7.80161085577,-12.8027269149,5.37928383369,SL,K,-1.08307552823,5.59640367916,76.0694534728,2635.69152571,58.7949089595,-0.15
713,2020,730270720,ECU,D1 American Athletic Conference,730232064,WM,157733954,2020-02-14 13:00:00,8,1,2,2,1705150106,M. Bridges,R,SL,L,1.65980499128,1.94850674948,-5.58472439583,-16.7225709372,5.10007964367,B,K,-0.811125310733,5.70715729075,76.8797564159,2681.96660441,71.6756108127,0.13
714,2020,730270720,ECU,D1 American Athletic Conference,730232064,WM,157733954,2020-02-14 13:00:00,8,2,2,2,1705150106,M. Bridges,R,SL,L,0.29849618262,2.42527125722,-9.04049483099,-17.1820680827,4.98995142885,SS,K,-1.0655110095,5.63626252901,76.6934437215,2695.68849736,62.3710523402,-0.15
715,2020,730270720,ECU,D1 American Athletic Conference,730232064,WM,157733954,2020-02-14 13:00:00,9,0,0,0,1705150106,M. Bridges,R,SL,R,1.2674729683,1.48249618347,-4.81503380383,-15.5643251092,5.03798745423,B,IP_OUT,-1.19434604322,5.59109279323,73.7311456368,2543.24264839,72.9789308899,0.13
716,2020,730270720,ECU,D1 American Athletic Conference,730232064,WM,157733954,2020-02-14 13:00:00,9,1,0,0,1705150106,M. Bridges,R,FA,R,0.969492175884,1.77401640449,15.5476048712,15.5608235467,5.62187314231,SL,IP_OUT,-1.21795613289,5.63722207141,87.2061148128,2304.06550827,224.959579444,-0.15
717,2020,730270720,ECU,D1 American Athletic Conference,730232064,WM,157733954,2020-02-14 13:00:00,9,1,1,0,1705150106,M. Bridges,R,FA,R,0.23807643991,4.21557465871,14.4039138653,11.9563197161,5.85684575867,B,IP_OUT,-1.04457586863,5.67000004244,87.4998779774,2244.92934182,219.628112911,0.13
718,2020,730270720,ECU,D1 American Athletic Conference,730232064,WM,157733954,2020-02-14 13:00:00,9,2,1,0,1705150106,M. Bridges,R,FA,R,0.353724227472,3.28370329796,13.9274896385,10.9348741188,5.93596860349,SS,IP_OUT,-1.0554188315,5.73211835751,88.2778713339,2225.40253877,218.069199994,-0.15
719,2020,730270720,ECU,D1 American Athletic Conference,730232064,WM,157733954,2020-02-14 13:00:00,9,2,2,0,1705150106,M. Bridges,R,FA,R,-0.780030789612,2.21948121913,15.5103494167,14.3615957806,5.6592417255,F,IP_OUT,-1.0571418083,5.659192701,89.6129320202,2293.33013032,222.736896491,0.0
720,2020,730270720,ECU,D1 American Athletic Conference,730232064,WM,157733954,2020-02-14 13:00:00,9,0,0,1,1705150106,M. Bridges,R,CH,L,-0.650379297046,2.79325986467,7.0958779779,18.5016711453,5.86837881462,SL,K,-1.17262919498,5.3943955222,80.9786073906,1775.656428,248.90795109,-0.15
721,2020,730270720,ECU,D1 American Athletic Conference,730232064,WM,157733954,2020-02-14 13:00:00,9,0,1,1,1705150106,M. Bridges,R,SL,L,-0.499114464514,3.85677135137,-3.18794959777,-20.2341714471,5.17196497032,B,K,-1.13637855068,5.46627925403,75.085182111,2589.07195966,81.1810090257,0.13
722,2020,730270720,ECU,D1 American Athletic Conference,730232064,WM,157733954,2020-02-14 13:00:00,9,1,1,1,1705150106,M. Bridges,R,CH,L,0.14247814383,3.33363489133,7.95462038716,18.3884820488,6.228250012,SL,K,-1.15245360056,5.35528542905,81.0038722571,1886.31938861,246.503251164,-0.15
723,2020,730270720,ECU,D1 American Athletic Conference,730232064,WM,157733954,2020-02-14 13:00:00,9,1,2,1,1705150106,M. Bridges,R,SL,L,-1.33221034805,1.6560959308,-10.4317699195,-15.6994158835,5.29338577543,B,K,-1.10103419262,5.59704501692,75.3621058046,2586.16017298,56.5186351863,0.13
724,2020,730270720,ECU,D1 American Athletic Conference,730232064,WM,157733954,2020-02-14 13:00:00,9,2,2,1,1705150106,M. Bridges,R,SL,L,-0.582550443085,2.39621106594,-6.9890205825,-13.6729037469,5.18113760448,SL,K,-1.02642450906,5.52595297154,75.7028134492,2544.4805302,63.0837135455,-0.15
725,2020,730270720,ECU,D1 American Athletic Conference,730232064,WM,157733954,2020-02-14 13:00:00,9,0,0,2,1705150106,M. Bridges,R,FA,R,0.0876050866825,3.43347221048,12.4749295345,10.7058824667,5.96939159415,SL,K,-1.06626498872,5.68001133173,88.3368602712,2277.09343856,220.559988162,-0.15
726,2020,730270720,ECU,D1 American Athletic Conference,730232064,WM,157733954,2020-02-14 13:00:00,9,0,1,2,1705150106,M. Bridges,R,SL,R,-0.0626521878553,3.02871504576,-4.1893592556,-19.8362775757,5.21608201031,SL,K,-1.14035854191,5.43372376458,75.7042082928,2642.51026468,78.2062199522,-0.15
727,2020,730270720,ECU,D1 American Athletic Conference,730232064,WM,157733954,2020-02-14 13:00:00,9,0,2,2,1705150106,M. Bridges,R,SL,R,0.899998467165,1.71819672954,-2.50673671779,-18.751077173,5.26571674587,SS,K,-1.4544818366,5.35233185894,76.5302413926,2704.15238575,82.5248158536,-0.15
728,2020,730270720,ECU,D1 American Athletic Conference,730232064,WM,157733954,2020-02-14 13:00:00,10,0,0,0,1150673732,C. Colmore,R,FA,L,-1.40681685459,3.34589845872,16.0728165271,17.0737917219,5.56069495562,B,BB,-2.72619859392,5.56171253605,89.7761440491,2168.54768999,226.670620077,0.13
729,2020,730270720,ECU,D1 American Athletic Conference,730232064,WM,157733954,2020-02-14 13:00:00,10,1,0,0,1150673732,C. Colmore,R,FA,L,-0.702428788091,1.62282091969,13.5731043871,14.6129098608,5.57129526277,SL,BB,-2.68706385618,5.56572234557,88.4684280677,2147.92450905,227.04104147,-0.15
730,2020,730270720,ECU,D1 American Athletic Conference,730232064,WM,157733954,2020-02-14 13:00:00,10,1,1,0,1150673732,C. Colmore,R,CH,L,-0.105236993873,3.03544269754,12.4871325799,17.0368006349,5.95704992421,F,BB,-2.67619647543,5.45615008303,82.1399027883,2082.20231088,233.675090219,-0.15
731,2020,730270720,ECU,D1 American Athletic Conference,730232064,WM,157733954,2020-02-14 13:00:00,10,1,2,0,1150673732,C. Colmore,R,FA,L,-0.0693834959075,1.7952606915,11.8385847519,19.0965674304,5.55501777116,F,BB,-4.33873281228,4.34184028594,87.6404633768,2248.9241059,238.12701588,0.0
732,2020,730270720,ECU,D1 American Athletic Conference,730232064,WM,157733954,2020-02-14 13:00:00,10,1,2,0,1150673732,C. Colmore,R,CH,L,-1.85027479066,2.73448429706,-2.38107952455,16.9564921743,5.49575480829,B,BB,-4.01053546153,4.32050114069,78.0870517597,1768.80259689,277.846960511,0.13
733,2020,730270720,ECU,D1 American Athletic Conference,730232064,WM,157733954,2020-02-14 13:00:00,10,2,2,0,1150673732,C. Colmore,R,CH,L,-0.847226291838,2.48849632168,-1.46412036781,20.1484019221,5.63503844185,F,BB,-4.09704718774,4.16043948901,78.206705174,1831.57533316,274.031388791,0.0
734,2020,730270720,ECU,D1 American Athletic Conference,730232064,WM,157733954,2020-02-14 13:00:00,10,2,2,0,1150673732,C. Colmore,R,FA,L,0.402916649545,3.00908602014,18.1867605585,14.1026496008,5.5797703676,F,BB,-2.70343788755,5.43870741582,89.4783221989,2207.03017694,217.739596566,0.0
735,2020,730270720,ECU,D1 American Athletic Conference,730232064,WM,157733954,2020-02-14 13:00:00,10,2,2,0,1150673732,C. Colmore,R,SL,L,-0.889650962246,1.37680961437,-2.52703464939,-8.62021412652,5.4605949704,B,BB,-2.99166203159,5.34658227942,78.6935768617,2205.52138646,73.9238724713,0.13
736,2020,730270720,ECU,D1 American Athletic Conference,730232064,WM,157733954,2020-02-14 13:00:00,10,3,2,0,1150673732,C. Colmore,R,CH,L,-1.87155109362,2.16778575662,-3.32992553994,19.6861759648,5.63229537905,B,BB,-4.42607249109,4.14774184701,78.9935960608,1914.79049419,279.478779663,0.8
737,2020,730270720,ECU,D1 American Athletic Conference,730232064,WM,157733954,2020-02-14 13:00:00,10,0,0,1,1150673732,C. Colmore,R,SL,L,0.111189413868,3.24574662867,4.10641182064,-10.5413794339,5.32026703068,SL,DP,-2.81119803417,5.36677179208,75.6950898937,2250.91399607,111.504519061,-0.15
738,2020,730270720,ECU,D1 American Athletic Conference,730232064,WM,157733954,2020-02-14 13:00:00,10,0,1,1,1150673732,C. Colmore,R,FA,L,-1.97336732223,1.26671029308,9.17388792201,21.7791408205,5.54828369036,B,DP,-4.06715404248,4.38371600561,84.5672086837,2163.78394445,247.073762427,0.13
739,2020,730270720,ECU,D1 American Athletic Conference,730232064,WM,157733954,2020-02-14 13:00:00,10,1,2,1,1150673732,C. Colmore,R,SL,L,0.112865359933,2.1361618668,4.66880835724,-2.27951928589,5.51884494249,IP,DP,-4.38200921095,4.16822085304,76.5215653675,2287.31375027,154.196489381,-0.21
740,2020,730270720,ECU,D1 American Athletic Conference,730232064,WM,157733954,2020-02-14 13:00:00,11,0,0,0,1150673732,C. Colmore,R,FA,R,-1.19622671706,1.99786701723,4.71818337311,18.4310472571,5.51914681873,IP,S,-4.13179888716,4.11053932598,85.6791610659,2079.20158661,255.53453811,1.0
741,2020,730270720,ECU,D1 American Athletic Conference,730232064,WM,157733954,2020-02-14 13:00:00,11,0,0,0,1150673732,C. Colmore,R,FA,R,-0.0259130794208,2.45176438349,10.6859255845,20.2886225194,5.28972248476,SL,K,-3.60501336785,4.39029586789,86.3269183267,2155.89821351,242.143643963,-0.15
742,2020,730270720,ECU,D1 American Athletic Conference,730232064,WM,157733954,2020-02-14 13:00:00,11,0,1,0,1220919602,G. Saylor,R,SL,R,0.598927236781,2.14345027577,1.21505529268,-1.7522031036,5.2603280195,F,K,-1.44552822891,6.24988939928,82.1466630726,2606.62261346,125.608677389,-0.15
743,2020,730270720,ECU,D1 American Athletic Conference,730232064,WM,157733954,2020-02-14 13:00:00,11,0,2,0,1220919602,G. Saylor,R,SL,R,1.15339638226,0.675041474627,1.56226472858,-3.05226058441,5.35614881645,SS,K,-1.52833027713,6.34562422892,82.0408830374,2571.34321767,117.708592372,-0.15
744,2020,730270720,ECU,D1 American Athletic Conference,730232064,WM,157733954,2020-02-14 13:00:00,11,0,0,1,1220919602,G. Saylor,R,SL,L,-0.891102221439,3.8088602688,1.11756390493,-16.9161395969,5.19224557404,SL,K,-1.15307309396,6.67979075901,75.0387735632,2600.70914595,93.9466387899,-0.15
745,2020,730270720,ECU,D1 American Athletic Conference,730232064,WM,157733954,2020-02-14 13:00:00,11,0,1,1,1220919602,G. Saylor,R,SL,L,0.400070329734,0.451664536854,1.66724244779,-1.96135545262,5.01100535802,SS,K,-1.58772088599,6.3305331187,81.0430065449,2746.94528463,131.071420566,-0.15
746,2020,730270720,ECU,D1 American Athletic Conference,730232064,WM,157733954,2020-02-14 13:00:00,11,0,2,1,1220919602,G. Saylor,R,CH,L,0.602569532564,1.93841844159,2.27670569846,-4.97993307566,5.22385373198,SS,K,-1.35758876973,6.39548451917,80.5189286414,1386.5726755,114.965443534,-0.15
747,2020,730270720,ECU,D1 American Athletic Conference,730232064,WM,157733954,2020-02-14 13:00:00,11,1,0,2,1220919602,G. Saylor,R,SL,R,1.2902576902,1.74403801541,5.7049549854,-2.59159859207,5.55055024819,B,BB,-1.64213405203,6.23120783488,80.6131449212,2734.07277189,155.724322247,0.13
748,2020,730270720,ECU,D1 American Athletic Conference,730232064,WM,157733954,2020-02-14 13:00:00,11,2,0,2,1220919602,G. Saylor,R,FA,R,0.991274881452,2.18277804203,18.3935922617,9.30543279832,5.75936603774,SL,BB,-1.47199315102,6.29761256616,90.5779448472,2340.637305,206.794425157,-0.15
749,2020,730270720,ECU,D1 American Athletic Conference,730232064,WM,157733954,2020-02-14 13:00:00,11,2,1,2,1220919602,G. Saylor,R,SL,R,-0.400093703835,3.60579373015,4.68646941221,-4.63095506047,5.31067790413,B,BB,-1.41290523883,6.26517427485,79.3202601834,2660.71563088,135.603437937,0.13
750,2020,730270720,ECU,D1 American Athletic Conference,730232064,WM,157733954,2020-02-14 13:00:00,11,3,1,2,1220919602,G. Saylor,R,FA,R,1.36641319012,1.37374202883,19.7561933275,10.3603673822,5.80838529016,B,BB,-1.47298230549,6.17701730928,89.9192402247,2219.58825379,207.633517298,0.8
751,2020,730270720,ECU,D1 American Athletic Conference,730232064,WM,157733954,2020-02-14 13:00:00,11,0,0,2,1220919602,G. Saylor,R,SL,L,0.0573663808308,2.51922951731,-0.055685520113,-15.6045132268,5.42286121511,SL,K,-1.31025962943,6.56893635663,75.0744769455,2575.16165771,89.9723085596,-0.15
752,2020,730270720,ECU,D1 American Athletic Conference,730232064,WM,157733954,2020-02-14 13:00:00,11,0,1,2,1220919602,G. Saylor,R,SL,L,0.532587997526,1.12197888072,2.79385272047,-3.6488569376,5.24144387306,SS,K,-1.63096324383,6.29777349501,79.9826356607,2716.36159756,127.858347589,-0.15
753,2020,730270720,ECU,D1 American Athletic Conference,730232064,WM,157733954,2020-02-14 13:00:00,11,0,2,2,1220919602,G. Saylor,R,SL,L,0.460725915725,1.99509690989,2.56021599703,-4.4737670827,5.18706336926,SS,K,-1.48509971367,6.48665589325,80.6418744635,2676.16153088,120.182946926,-0.15
754,2020,730270720,ECU,D1 American Athletic Conference,730252544,ELON,480826830,2020-03-10 13:00:00,1,0,0,0,1539467631,E. Gill,L,FA,L,0.106676912433,2.43852782461,19.3734432788,-14.2353950404,5.90673934596,SL,K,2.39436197808,6.0460768484,86.3801078938,2130.66064012,143.742042256,-0.15
755,2020,730270720,ECU,D1 American Athletic Conference,730252544,ELON,480826830,2020-03-10 13:00:00,1,0,1,0,1539467631,E. Gill,L,FA,L,-1.73948041663,3.7237526325,17.4318835866,-12.5009910979,5.98037121414,B,K,2.06237878286,6.04617131765,85.8420740945,2115.14776502,144.410326906,0.13
756,2020,730270720,ECU,D1 American Athletic Conference,730252544,ELON,480826830,2020-03-10 13:00:00,1,1,1,0,1539467631,E. Gill,L,SL,L,-0.0633528200546,3.27611342073,-5.15674476877,3.91744602151,5.8197470562,B,K,2.49455247826,5.68070571588,71.7389206883,2119.02406555,322.500672192,0.13
757,2020,730270720,ECU,D1 American Athletic Conference,730252544,ELON,480826830,2020-03-10 13:00:00,1,2,1,0,1539467631,E. Gill,L,SL,L,-0.506779504359,2.05711134804,14.6193206019,-15.2326934841,5.9817861742,SL,K,2.34435866736,5.90589181214,84.1507928836,2004.72675682,133.895816572,-0.15
758,2020,730270720,ECU,D1 American Athletic Conference,730252544,ELON,480826830,2020-03-10 13:00:00,1,2,2,0,1539467631,E. Gill,L,FA,L,-0.900350874436,1.77041282149,15.712346047,-17.7464493411,5.99872882899,SL,K,2.07004708775,6.07596194311,87.1747077278,2036.17090541,131.583799612,-0.15
759,2020,730270720,ECU,D1 American Athletic Conference,730252544,ELON,480826830,2020-03-10 13:00:00,1,0,0,1,1539467631,E. Gill,L,FA,L,-2.15670360686,0.372396610301,15.0204267184,-17.3199709153,6.06980207648,B,K,2.02162833169,5.99330540968,89.2763530581,2112.07684693,130.99543742,0.13
760,2020,730270720,ECU,D1 American Athletic Conference,730252544,ELON,480826830,2020-03-10 13:00:00,1,1,0,1,1539467631,E. Gill,L,FA,L,-0.923079622928,1.19168929935,15.1800490817,-15.0806912822,5.96525343102,B,K,2.31239643503,5.87184768197,86.4267632122,2040.81988142,135.254631455,0.13
761,2020,730270720,ECU,D1 American Athletic Conference,730252544,ELON,480826830,2020-03-10 13:00:00,1,2,0,1,1539467631,E. Gill,L,FA,L,-0.26060680605,3.69042235282,14.561652423,-15.6705245667,5.82830751978,B,K,2.15705304137,5.9932126184,87.2496187055,1995.66284625,132.967368142,0.13
762,2020,730270720,ECU,D1 American Athletic Conference,730252544,ELON,480826830,2020-03-10 13:00:00,1,3,0,1,1539467631,E. Gill,L,FA,L,-0.644816124061,2.68039197331,15.4828293994,-14.3394764339,6.07633203686,SL,K,2.16453050428,5.90620199254,83.8441162575,1871.94637573,137.264003067,-0.15
763,2020,730270720,ECU,D1 American Athletic Conference,730252544,ELON,480826830,2020-03-10 13:00:00,1,3,1,1,1539467631,E. Gill,L,FA,L,-0.254826352221,2.81366681823,15.9419123938,-11.8676567498,5.95027140508,SL,K,2.24172621658,5.84255810349,85.1766825506,1975.84046712,143.396895743,-0.15
764,2020,730270720,ECU,D1 American Athletic Conference,730252544,ELON,480826830,2020-03-10 13:00:00,1,3,2,1,1539467631,E. Gill,L,FA,L,-1.0185878433,2.23218584587,10.5894693273,-16.5380200041,5.9160731377,SL,K,2.1043490597,5.92804248037,85.5109398169,1977.01614688,122.719640291,-0.15
765,2020,730270720,ECU,D1 American Athletic Conference,730252544,ELON,480826830,2020-03-10 13:00:00,1,0,0,2,1539467631,E. Gill,L,CH,R,0.625779887249,2.36687985601,13.6218159082,-11.0333642172,6.07180402235,SS,K,2.6495423587,5.63839581389,77.866428078,1479.46612568,141.081621407,-0.15
766,2020,730270720,ECU,D1 American Athletic Conference,730252544,ELON,480826830,2020-03-10 13:00:00,1,0,1,2,1539467631,E. Gill,L,SL,R,0.343093753839,3.0398439033,-2.28220060398,8.12535013116,6.01914730814,SL,K,2.46955620207,5.68132361898,73.2142089078,2148.14790643,285.368850338,-0.15
767,2020,730270720,ECU,D1 American Athletic Conference,730252544,ELON,480826830,2020-03-10 13:00:00,1,0,2,2,1539467631,E. Gill,L,FA,R,-0.56233779938,3.14115718521,12.6055277018,-13.4342259943,5.88228128143,B,K,2.22965602608,5.86097829371,86.6207263788,2027.81073772,133.25628269,0.13
768,2020,730270720,ECU,D1 American Athletic Conference,730252544,ELON,480826830,2020-03-10 13:00:00,1,1,2,2,1539467631,E. Gill,L,FA,R,-1.16908600166,2.18654448684,12.4845260488,-12.318721696,5.98138948727,SL,K,2.14777673494,5.94029795444,87.4038679779,2099.70589283,135.461596622,-0.15
769,2020,730270720,ECU,D1 American Athletic Conference,730252544,ELON,480826830,2020-03-10 13:00:00,2,0,0,0,1539467631,E. Gill,L,FA,R,-0.225623854704,2.8873629799,16.566765548,-15.186952804,5.8876466994,SL,IP_OUT,1.97103394747,6.08063038224,86.6111572697,2097.04760133,137.54842097,-0.15
770,2020,730270720,ECU,D1 American Athletic Conference,730252544,ELON,480826830,2020-03-10 13:00:00,2,0,0,1,1539467631,E. Gill,L,FA,L,0.205916104089,2.55940945105,13.7626304516,-16.3784207428,5.8282291788,SL,BB,2.15018506529,6.06158783207,85.3607741326,2051.30049875,130.113975396,-0.15
771,2020,730270720,ECU,D1 American Athletic Conference,730252544,ELON,480826830,2020-03-10 13:00:00,2,0,1,1,1539467631,E. Gill,L,FA,L,-1.84690215589,0.518736523019,11.1472091081,-18.2806670288,6.0548457634,B,BB,2.04373417833,5.87255825331,87.1391227966,2055.07988656,121.452767881,0.13
772,2020,730270720,ECU,D1 American Athletic Conference,730252544,ELON,480826830,2020-03-10 13:00:00,2,1,1,1,1539467631,E. Gill,L,SL,L,-0.16229986852,0.686300823438,-4.29009201799,5.28763833059,5.8178222346,B,BB,2.64374883153,5.67020741493,73.4007564818,2134.20855195,308.734592456,0.13
773,2020,730270720,ECU,D1 American Athletic Conference,730252544,ELON,480826830,2020-03-10 13:00:00,2,2,1,1,1539467631,E. Gill,L,FA,L,-0.990838210174,2.57838775494,12.1535651242,-19.1423611453,5.90777332001,SL,BB,2.21648096345,5.94574633573,87.8142483705,2097.15944537,122.484478435,-0.15
774,2020,730270720,ECU,D1 American Athletic Conference,730252544,ELON,480826830,2020-03-10 13:00:00,2,2,2,1,1539467631,E. Gill,L,FA,L,-0.623413965908,4.14807471499,20.6860879021,-12.4821654227,5.78250222568,B,BB,2.32914599091,5.98609791015,87.407469572,2135.40672131,148.935420014,0.13
775,2020,730270720,ECU,D1 American Athletic Conference,730252544,ELON,480826830,2020-03-10 13:00:00,2,3,2,1,1539467631,E. Gill,L,FA,L,-0.888271370915,2.24616022977,15.1604272331,-15.2180050711,5.99668520459,F,BB,2.32321487779,5.86493764809,86.5614212793,2096.63853032,134.957339027,0.0
776,2020,730270720,ECU,D1 American Athletic Conference,730252544,ELON,480826830,2020-03-10 13:00:00,2,3,2,1,1539467631,E. Gill,L,FA,L,-1.34536223083,-0.0766526018419,15.9226623425,-16.9947596815,5.98465222397,B,BB,2.22475277222,5.86474129829,86.6394609643,2138.49915297,133.198137716,0.8
777,2020,730270720,ECU,D1 American Athletic Conference,730252544,ELON,480826830,2020-03-10 13:00:00,2,0,0,1,1539467631,E. Gill,L,CH,R,-1.6027657093,-0.0559706808301,15.5236152477,-14.191026557,5.87505357837,B,IP_OUT,2.73151616996,5.64630685577,77.1042814248,1504.09034624,137.650444529,0.13
778,2020,730270720,ECU,D1 American Athletic Conference,730252544,ELON,480826830,2020-03-10 13:00:00,2,1,0,1,1539467631,E. Gill,L,CH,R,0.160227940932,3.19152969102,12.2418011589,-11.4462757419,6.13711865647,SL,IP_OUT,2.71623611614,5.57034113764,76.9636918576,1576.51902839,137.026477481,-0.15
779,2020,730270720,ECU,D1 American Athletic Conference,730252544,ELON,480826830,2020-03-10 13:00:00,2,0,0,2,1539467631,E. Gill,L,FA,L,-0.442476005769,1.9671347061,17.2234952556,-13.9784561775,5.80024293326,SL,HBP,2.19445879919,5.92312599838,87.1227877487,2220.60561939,140.994689211,-0.15
780,2020,730270720,ECU,D1 American Athletic Conference,730252544,ELON,480826830,2020-03-10 13:00:00,2,0,1,2,1539467631,E. Gill,L,FA,L,-0.583259373454,2.21892145817,16.3601591256,-14.0433701941,5.8471284814,SL,HBP,2.11548261736,5.91322402485,85.3129373203,2043.87398329,139.420215293,-0.15
781,2020,730270720,ECU,D1 American Athletic Conference,730252544,ELON,480826830,2020-03-10 13:00:00,2,0,2,2,1539467631,E. Gill,L,FA,L,-0.752622701874,1.36570381445,17.6165931926,-14.0366730207,5.7466850352,B,HBP,2.11365630242,5.94364551852,87.8179308311,2123.2769144,141.507287882,0.13
782,2020,730270720,ECU,D1 American Athletic Conference,730252544,ELON,480826830,2020-03-10 13:00:00,2,1,2,2,1539467631,E. Gill,L,FA,L,-0.784816227566,0.782549749469,13.8887082998,-17.2384923389,5.96844821232,B,HBP,2.24748667136,5.95525955103,87.6070035649,2080.08910497,128.92711168,0.13
783,2020,730270720,ECU,D1 American Athletic Conference,730252544,ELON,480826830,2020-03-10 13:00:00,2,2,2,2,1539467631,E. Gill,L,FA,L,-0.626500883687,1.95157025285,18.9703321555,-13.724134303,5.78673652686,F,HBP,2.27515830507,5.91954810664,86.0333834046,2053.09900862,144.167658237,0.0
784,2020,730270720,ECU,D1 American Athletic Conference,730252544,ELON,480826830,2020-03-10 13:00:00,2,2,2,2,1539467631,E. Gill,L,SL,L,1.3645339337,2.90585186969,-5.24916179315,5.53255133086,5.85447226874,HBP,HBP,2.44963060124,5.53978111196,71.8446531835,2081.29331096,313.217093808,0.8
785,2020,730270720,ECU,D1 American Athletic Conference,730252544,ELON,480826830,2020-03-10 13:00:00,2,0,0,2,1539467631,E. Gill,L,FA,R,1.19082203418,4.53752939778,15.8211463155,-12.3965591248,5.9284675506,B,S,2.44333447483,5.98026569018,83.8365235318,1953.6622943,141.985835649,0.13
786,2020,730270720,ECU,D1 American Athletic Conference,730252544,ELON,480826830,2020-03-10 13:00:00,2,1,0,2,1539467631,E. Gill,L,FA,R,-0.650815456762,1.15872964313,14.1631408813,-14.1420238719,5.91759693269,B,S,2.08119790082,5.92961570917,84.5189744783,2031.11512199,135.117203568,0.13
787,2020,730270720,ECU,D1 American Athletic Conference,730252544,ELON,480826830,2020-03-10 13:00:00,2,2,0,2,1539467631,E. Gill,L,FA,R,0.107414632291,1.7924290739,13.916572843,-15.1871421233,5.75696498329,IP,S,2.36096309022,5.91112605991,83.8931780837,1956.90542358,132.577093417,1.0
788,2020,730270720,ECU,D1 American Athletic Conference,730252544,ELON,480826830,2020-03-10 13:00:00,2,0,0,2,1539467631,E. Gill,L,CH,R,-0.352293271035,0.78617970375,10.4414252881,-15.2267697271,5.86309550396,B,S,2.59543057866,5.63234867894,76.5292290783,1467.06959837,124.55545617,0.13
789,2020,730270720,ECU,D1 American Athletic Conference,730252544,ELON,480826830,2020-03-10 13:00:00,2,1,0,2,1539467631,E. Gill,L,FA,R,-0.286574486756,2.34843199443,15.9425606292,-14.4223637835,5.93234560117,F,S,2.34477677263,5.88099402104,84.6833688065,2021.99280882,137.931707928,-0.15
790,2020,730270720,ECU,D1 American Athletic Conference,730252544,ELON,480826830,2020-03-10 13:00:00,2,1,1,2,1539467631,E. Gill,L,CH,R,-1.30066389156,1.23300264555,12.0966031281,-15.3997248747,6.07778777088,B,S,2.42801153072,5.63830879398,78.1586560043,1536.87526052,128.249369357,0.13
791,2020,730270720,ECU,D1 American Athletic Conference,730252544,ELON,480826830,2020-03-10 13:00:00,2,2,1,2,1539467631,E. Gill,L,FA,R,0.0147763564606,1.79500339361,16.7291220872,-11.4854781973,5.88159697976,IP,S,2.15148565429,5.87685061769,85.4221042839,2080.07276011,145.586073937,1.0
792,2020,730270720,ECU,D1 American Athletic Conference,730252544,ELON,480826830,2020-03-10 13:00:00,2,0,1,2,1150673732,C. Colmore,R,FA,L,-1.44484799895,1.98239847149,13.2881837148,-15.290824673,5.93802497516,B,S,2.19946716705,5.83002349395,87.0485676844,2032.02340272,131.065506886,0.13
793,2020,730270720,ECU,D1 American Athletic Conference,730252544,ELON,480826830,2020-03-10 13:00:00,2,1,1,2,1150673732,C. Colmore,R,SL,L,-0.553989931618,0.992433299274,-3.42427147591,6.78696750009,5.9375810656,B,S,2.62759632932,5.53580578813,73.7896504262,2196.52473078,296.446084673,0.13
794,2020,730270720,ECU,D1 American Athletic Conference,730252544,ELON,480826830,2020-03-10 13:00:00,2,2,1,2,1150673732,C. Colmore,R,FA,L,-0.0584107856578,2.61419268422,9.31137908163,17.4268671168,5.48819007663,IP,S,-3.98289374946,4.05530232994,86.1658791347,2162.08198582,241.790142798,1.0
795,2020,730270720,ECU,D1 American Athletic Conference,730252544,ELON,480826830,2020-03-10 13:00:00,2,0,0,2,1150673732,C. Colmore,R,FA,L,-0.987776490008,1.98411343178,14.6082835264,17.014238946,5.57662298359,F,K,-2.44290325412,5.5029930425,89.583436148,2174.52293444,229.286140228,-0.15
796,2020,730270720,ECU,D1 American Athletic Conference,730252544,ELON,480826830,2020-03-10 13:00:00,2,0,1,2,1150673732,C. Colmore,R,CH,L,-0.785797251343,2.11119716388,2.26663106113,16.6447129979,5.60490386384,SL,K,-3.88597838585,3.70328960307,75.1477778146,1787.13192939,262.085293917,-0.15
797,2020,730270720,ECU,D1 American Athletic Conference,730252544,ELON,480826830,2020-03-10 13:00:00,2,0,2,2,1150673732,C. Colmore,R,FA,L,0.464193619172,3.10738369991,16.9187861846,11.0345034146,5.60697506186,SS,K,-2.49834927502,5.31600076385,90.8182339896,2282.70459995,213.062533583,-0.15
798,2020,730270720,ECU,D1 American Athletic Conference,730252544,ELON,480826830,2020-03-10 13:00:00,3,0,0,0,1150673732,C. Colmore,R,SL,R,-2.00354204697,3.25211335909,-2.11404039155,-6.21160437684,5.33804785491,HBP,HBP,-2.53942794608,5.26236531625,74.667641904,2020.46654191,71.6013692732,0.8
799,2020,730270720,ECU,D1 American Athletic Conference,730252544,ELON,480826830,2020-03-10 13:00:00,3,0,0,1,1150673732,C. Colmore,R,FA,L,-0.148595285113,1.53851370899,14.0995542255,13.7893254376,5.54978727841,SL,IP_OUT,-2.35209231088,5.51513849249,89.7929009184,2176.75700314,224.29598063,-0.15
800,2020,730270720,ECU,D1 American Athletic Conference,730252544,ELON,480826830,2020-03-10 13:00:00,3,0,1,1,1150673732,C. Colmore,R,CH,L,-2.82390800007,2.91188493544,-2.49470985601,15.8595226083,5.44752440145,B,IP_OUT,-3.81555612793,3.89770894367,74.9576634213,1679.75209192,278.771490229,0.13
801,2020,730270720,ECU,D1 American Athletic Conference,730252544,ELON,480826830,2020-03-10 13:00:00,3,1,1,1,1150673732,C. Colmore,R,CH,L,-0.353445154666,1.44523061245,-3.35200888845,16.9513721799,5.6584107849,SS,IP_OUT,-3.96546061278,3.89019667503,76.4579163468,1867.95397751,281.037214801,-0.15
802,2020,730270720,ECU,D1 American Athletic Conference,730252544,ELON,480826830,2020-03-10 13:00:00,3,1,2,1,1150673732,C. Colmore,R,CH,L,-1.02446036132,2.00256042675,-3.06671936271,14.978233261,5.53880720885,F,IP_OUT,-3.91999284773,3.67860061252,74.9122164636,1812.14614667,281.395205588,0.0
803,2020,730270720,ECU,D1 American Athletic Conference,730252544,ELON,480826830,2020-03-10 13:00:00,3,1,2,1,1150673732,C. Colmore,R,FA,L,1.14678352378,3.00236542901,17.0180055332,7.07111035794,5.83218054855,B,IP_OUT,-2.36367035521,5.46112672807,89.9893786679,2292.94520295,202.523919202,0.13
804,2020,730270720,ECU,D1 American Athletic Conference,730252544,ELON,480826830,2020-03-10 13:00:00,3,0,0,2,1150673732,C. Colmore,R,FA,L,0.516074266539,1.71521545011,10.5357996165,15.3226749873,5.93329789086,SL,IP_OUT,-2.39118351527,5.38609656103,90.3950830164,2229.68926653,235.405196957,-0.15
805,2020,730270720,ECU,D1 American Athletic Conference,730252544,ELON,480826830,2020-03-10 13:00:00,3,0,1,2,1150673732,C. Colmore,R,FA,L,0.109466669083,3.92903149553,10.8042245755,13.1766794582,5.88987444777,B,IP_OUT,-2.32497588124,5.42327188946,90.3478735188,2204.86217789,230.565702327,0.13
806,2020,730270720,ECU,D1 American Athletic Conference,730252544,ELON,480826830,2020-03-10 13:00:00,3,1,1,2,1150673732,C. Colmore,R,CH,L,-0.71795243225,1.21856675681,10.2295206668,15.8784392585,5.76374413294,SS,IP_OUT,-2.52488938306,5.29562582718,82.8930030542,1986.79437388,237.109740526,-0.15
807,2020,730270720,ECU,D1 American Athletic Conference,730252544,ELON,480826830,2020-03-10 13:00:00,4,0,0,0,1150673732,C. Colmore,R,FA,R,-0.21944214814,2.85016704323,13.9419657248,13.8789884869,5.94060679179,F,K,-2.34252570409,5.50847861449,89.0204755376,2243.50515498,224.802272057,-0.15
808,2020,730270720,ECU,D1 American Athletic Conference,730252544,ELON,480826830,2020-03-10 13:00:00,4,0,1,0,1150673732,C. Colmore,R,FA,R,-0.706161725513,2.1002026407,7.28790201295,15.4017906381,5.45056539099,SL,K,-4.01230014713,3.98858829138,86.1341901017,2149.00794571,244.56634672,-0.15
809,2020,730270720,ECU,D1 American Athletic Conference,730252544,ELON,480826830,2020-03-10 13:00:00,4,0,2,0,1150673732,C. Colmore,R,SL,R,0.623455783465,0.866554738546,5.33327138659,-2.03597531116,5.6374027957,B,K,-3.95949875782,3.80549376643,74.819806333,2054.34507551,159.275400315,0.13
810,2020,730270720,ECU,D1 American Athletic Conference,730252544,ELON,480826830,2020-03-10 13:00:00,4,1,2,0,1150673732,C. Colmore,R,SL,R,-1.18793461322,2.32648010723,1.78371041619,-13.0330267529,5.15046334687,SL,K,-2.5614332507,5.29414201806,76.4485765033,2283.09501176,97.9933850328,-0.15
811,2020,730270720,ECU,D1 American Athletic Conference,730252544,ELON,480826830,2020-03-10 13:00:00,4,0,0,1,1150673732,C. Colmore,R,FA,L,-0.903439573869,2.71968152967,12.5234802021,12.9572163531,5.81899757964,SL,HBP,-2.35041814144,5.43511325934,89.7247410426,2182.86025566,225.899531588,-0.15
812,2020,730270720,ECU,D1 American Athletic Conference,730252544,ELON,480826830,2020-03-10 13:00:00,4,0,1,1,1150673732,C. Colmore,R,FA,L,0.351653836059,3.09090538394,13.3462981721,6.72286555993,5.94745783874,F,HBP,-2.31774221218,5.47775030397,90.0921632107,2284.11803693,206.679577816,-0.15
813,2020,730270720,ECU,D1 American Athletic Conference,730252544,ELON,480826830,2020-03-10 13:00:00,4,0,2,1,1150673732,C. Colmore,R,FA,L,-0.499421643382,2.92202862527,13.8293120317,7.90344784919,5.85655833781,F,HBP,-2.52049940738,5.3695140919,91.1365177805,2318.7782217,209.691767588,0.0
814,2020,730270720,ECU,D1 American Athletic Conference,730252544,ELON,480826830,2020-03-10 13:00:00,4,0,2,1,1150673732,C. Colmore,R,CH,L,-0.830161936625,1.0942907635,-5.3215766336,14.7429239341,5.43851585023,F,HBP,-4.21696283277,3.68414853484,78.032830688,1789.47800481,289.696356868,0.0
815,2020,730270720,ECU,D1 American Athletic Conference,730252544,ELON,480826830,2020-03-10 13:00:00,4,0,2,1,1150673732,C. Colmore,R,CH,L,-2.4291516062,2.13004119754,7.74174965884,15.3965039906,5.67180029236,B,HBP,-3.9949895,3.57757485935,77.8278595331,1861.64211507,243.174920977,0.13
816,2020,730270720,ECU,D1 American Athletic Conference,730252544,ELON,480826830,2020-03-10 13:00:00,4,1,2,1,1150673732,C. Colmore,R,FA,L,1.62689993149,3.56772894812,15.6147006058,11.0642222894,6.03007972766,HBP,HBP,-2.32036463458,5.33776593926,91.1241414781,2386.81633771,215.266152368,0.8
817,2020,730270720,ECU,D1 American Athletic Conference,730252544,ELON,480826830,2020-03-10 13:00:00,4,0,0,1,1150673732,C. Colmore,R,FA,R,-0.147418192992,2.27691902372,11.0567997849,15.0477647696,5.81836283144,F,FC,-2.31783186267,5.3421041038,91.4301174775,2218.24756861,233.613176149,-0.15
818,2020,730270720,ECU,D1 American Athletic Conference,730252544,ELON,480826830,2020-03-10 13:00:00,4,0,1,1,1150673732,C. Colmore,R,FA,R,1.16493177516,2.10082208449,6.73412070672,17.758792057,5.55508720444,B,FC,-3.8385264217,3.90449342837,85.9678186643,2101.77394949,249.130074549,0.13
819,2020,730270720,ECU,D1 American Athletic Conference,730252544,ELON,480826830,2020-03-10 13:00:00,4,1,1,1,1150673732,C. Colmore,R,FA,R,0.167185630913,1.97630172218,7.81731087713,19.0792686354,5.75679316221,IP,FC,-2.49511799162,5.32918910493,90.9615545245,2218.92822626,247.636178368,-0.21
820,2020,730270720,ECU,D1 American Athletic Conference,730252544,ELON,480826830,2020-03-10 13:00:00,4,0,0,2,1150673732,C. Colmore,R,FA,R,-0.339103587435,2.85556162626,11.1109101749,17.0497781357,5.95505703174,IP,S,-2.30554461201,5.35470112743,90.6517932274,2210.37544573,236.832516988,1.0
821,2020,730270720,ECU,D1 American Athletic Conference,730252544,ELON,480826830,2020-03-10 13:00:00,4,0,0,2,1150673732,C. Colmore,R,CH,L,0.667812172853,0.547240068815,10.3524394395,16.0695733098,6.05188481014,B,IP_OUT,-2.26644068051,5.41604992927,82.2690814144,1921.44904534,237.111264906,0.13
822,2020,730270720,ECU,D1 American Athletic Conference,730252544,ELON,480826830,2020-03-10 13:00:00,4,1,0,2,1150673732,C. Colmore,R,CH,L,1.22143301011,2.79776776184,6.47861522968,11.5420434965,6.41111795595,B,IP_OUT,-2.21034378279,5.45578462926,81.3981277746,1966.73298891,240.54692417,0.13
823,2020,730270720,ECU,D1 American Athletic Conference,730252544,ELON,480826830,2020-03-10 13:00:00,5,0,0,0,1150673732,C. Colmore,R,CH,L,-1.38005330217,2.73288795549,2.91933697414,15.5358408202,5.79733638039,B,IP_OUT,-2.4560913448,5.41926188088,78.9400615907,1704.24893917,259.206126822,0.13
824,2020,730270720,ECU,D1 American Athletic Conference,730252544,ELON,480826830,2020-03-10 13:00:00,5,1,0,0,1150673732,C. Colmore,R,FA,L,0.983956779563,2.06639906018,11.2006277524,10.8533085199,5.88047255839,B,IP_OUT,-2.34704789817,5.39393042464,88.5351850175,2185.79416874,224.011622011,0.13
825,2020,730270720,ECU,D1 American Athletic Conference,730252544,ELON,480826830,2020-03-10 13:00:00,5,2,0,0,1150673732,C. Colmore,R,CH,L,-1.2724838536,2.73427479296,7.47378023992,17.2062830423,5.74508252759,B,IP_OUT,-2.38404659729,5.40967581052,88.0491593888,2108.26412016,246.424809741,0.13
826,2020,730270720,ECU,D1 American Athletic Conference,730252544,ELON,480826830,2020-03-10 13:00:00,5,3,0,0,1150673732,C. Colmore,R,FA,L,-0.0974510409742,2.25768452257,14.3340727357,14.3185936048,5.65099705498,SL,IP_OUT,-2.46549286106,5.45576623922,88.7156952633,2210.96166644,224.901389846,-0.15
827,2020,730270720,ECU,D1 American Athletic Conference,730252544,ELON,480826830,2020-03-10 13:00:00,5,0,0,1,1150673732,C. Colmore,R,FA,R,-1.17147659285,2.97110856941,8.46124859232,16.735188548,5.48784602552,F,IP_OUT,-4.06431485722,3.87463718187,87.2527211143,2216.3774858,243.082275526,-0.15
828,2020,730270720,ECU,D1 American Athletic Conference,730252544,ELON,480826830,2020-03-10 13:00:00,5,0,1,1,1150673732,C. Colmore,R,CH,R,-0.0850409625728,1.46879611246,6.36731200266,0.754826273518,5.65073400416,SL,IP_OUT,-3.83961238601,3.72552166833,76.2841869503,2128.40733462,186.712488058,-0.15
829,2020,730270720,ECU,D1 American Athletic Conference,730252544,ELON,480826830,2020-03-10 13:00:00,5,0,2,1,1150673732,C. Colmore,R,SL,R,0.827910374266,0.937346395663,3.20113136218,-0.508373753055,5.83080449621,B,IP_OUT,-3.72859227396,3.74126164797,76.933501092,2159.24493186,171.098062385,0.13
830,2020,730270720,ECU,D1 American Athletic Conference,730252544,ELON,480826830,2020-03-10 13:00:00,5,1,2,1,1150673732,C. Colmore,R,FA,R,0.741517543868,1.1099965275,11.7758081691,14.8698798888,5.96123960762,B,IP_OUT,-2.30179194738,5.32742242871,90.7124196842,2232.2168712,231.54771797,0.13
831,2020,730270720,ECU,D1 American Athletic Conference,730252544,ELON,480826830,2020-03-10 13:00:00,6,0,0,0,1220919602,G. Saylor,R,FA,L,-0.149341946119,2.0237983691,16.3978058177,10.393293049,5.61195966723,IP,D,-1.58417214569,6.29436700184,90.8043698067,1963.81354565,212.315884176,1.26
832,2020,730270720,ECU,D1 American Athletic Conference,730252544,ELON,480826830,2020-03-10 13:00:00,6,0,0,0,1220919602,G. Saylor,R,SL,R,0.429492269048,2.27951570579,-7.1844259808,-16.5922549088,5.77362857504,SL,K,-1.12318765432,6.36074751524,75.9540825727,2595.64186771,66.7218571018,-0.15
833,2020,730270720,ECU,D1 American Athletic Conference,730252544,ELON,480826830,2020-03-10 13:00:00,6,0,1,0,1220919602,G. Saylor,R,FA,R,-0.530218047682,1.80165395191,14.9158430553,11.4108751297,5.8614320942,F,K,-1.47197420716,6.26645294062,89.6198503578,1874.98018631,217.355242846,-0.15
834,2020,730270720,ECU,D1 American Athletic Conference,730252544,ELON,480826830,2020-03-10 13:00:00,6,0,2,0,1220919602,G. Saylor,R,CH,R,0.904532435603,1.45746629809,-2.37450749027,-3.12719146837,5.34238911606,SS,K,-1.33669084415,6.26780098267,82.2941633472,1346.18062323,53.2520223026,-0.15
835,2020,730270720,ECU,D1 American Athletic Conference,730252544,ELON,480826830,2020-03-10 13:00:00,6,0,0,1,1220919602,G. Saylor,R,SL,L,0.1280993871,0.80868896837,-8.44217879059,-17.4190207524,5.10250678417,B,IP_OUT,-1.27636507081,6.53707884799,78.9817636197,2765.20538552,64.2588225577,0.13
836,2020,730270720,ECU,D1 American Athletic Conference,730252544,ELON,480826830,2020-03-10 13:00:00,6,1,0,1,1220919602,G. Saylor,R,SL,L,-0.29361438068,0.536501022729,-3.29761267599,-16.3526049673,5.09375070348,B,IP_OUT,-1.2740768332,6.55431153524,79.3032699548,2894.22225047,78.7444414537,0.13
837,2020,730270720,ECU,D1 American Athletic Conference,730252544,ELON,480826830,2020-03-10 13:00:00,6,0,0,2,1220919602,G. Saylor,R,SL,R,-0.454829257777,2.40547062593,-2.01569267502,-5.3051769615,5.55060807535,SL,K,-1.5929548911,6.11155072447,81.1261586251,2601.09295769,69.5784020261,-0.15
838,2020,730270720,ECU,D1 American Athletic Conference,730252544,ELON,480826830,2020-03-10 13:00:00,6,0,1,2,1220919602,G. Saylor,R,SL,R,0.534527079113,-0.188785605999,-0.842357705597,-2.264586086,5.36206987313,SS,K,-1.47603864968,6.26966934748,83.1828742412,2686.61183235,70.4653067039,-0.15
839,2020,730270720,ECU,D1 American Athletic Conference,730252544,ELON,480826830,2020-03-10 13:00:00,6,0,2,2,1220919602,G. Saylor,R,SL,R,1.06892000311,1.96090130171,-2.82002476373,-2.65461955688,5.63757623901,B,K,-1.25801107099,6.35057806886,81.8872893013,2761.53790493,43.6736416788,0.13
840,2020,730270720,ECU,D1 American Athletic Conference,730252544,ELON,480826830,2020-03-10 13:00:00,6,1,2,2,1220919602,G. Saylor,R,SL,R,1.2139854836,1.13657230948,-2.97854848273,-5.95969636677,5.71360252411,SS,K,-1.25318659009,6.26644273788,80.5398787873,2830.13178056,63.76054261,-0.15
841,2020,730270720,ECU,D1 American Athletic Conference,730252544,ELON,480826830,2020-03-10 13:00:00,7,0,0,0,1220919602,G. Saylor,R,SL,R,0.715136422666,2.74104611194,-6.93292368726,-16.6364204674,5.23657668584,SL,IP_OUT,-1.00187605491,6.59184733873,76.1354947085,2583.98019373,67.514065571,-0.15
842,2020,730270720,ECU,D1 American Athletic Conference,730252544,ELON,480826830,2020-03-10 13:00:00,7,0,0,1,1220919602,G. Saylor,R,FA,L,-1.88399560651,2.35215260419,2.12186809416,17.8542513797,5.61274468775,B,K,-1.64392468483,6.02124386221,91.2487937039,1817.67052629,263.120994061,0.13
843,2020,730270720,ECU,D1 American Athletic Conference,730252544,ELON,480826830,2020-03-10 13:00:00,7,1,0,1,1220919602,G. Saylor,R,CH,L,-1.27278317916,2.29485228291,9.17315742623,11.1533232214,5.88444572504,SL,K,-1.73845404812,5.95007226778,84.6291553898,1721.97473495,230.452876769,-0.15
844,2020,730270720,ECU,D1 American Athletic Conference,730252544,ELON,480826830,2020-03-10 13:00:00,7,1,1,1,1220919602,G. Saylor,R,SL,L,0.308456717404,2.00972256223,-3.50697755279,-14.2519130405,5.27076383593,SL,K,-1.3707824309,6.54439884632,79.7427124648,2758.51031938,76.33608684,-0.15
845,2020,730270720,ECU,D1 American Athletic Conference,730252544,ELON,480826830,2020-03-10 13:00:00,7,1,2,1,1220919602,G. Saylor,R,SL,L,-0.558466210651,1.43085075777,-8.33767235731,-16.1359276503,5.01879294583,B,K,-1.11752883928,6.58055340375,79.9081435169,2860.65431407,62.7936516819,0.13
846,2020,730270720,ECU,D1 American Athletic Conference,730252544,ELON,480826830,2020-03-10 13:00:00,7,2,2,1,1220919602,G. Saylor,R,SL,L,-0.202211079456,1.61711213503,-1.1120477973,-6.5856980407,5.68210653702,SS,K,-1.8936578987,5.86430373556,83.0412025838,2793.70090743,80.7398410043,-0.15
847,2020,730270720,ECU,D1 American Athletic Conference,730252544,ELON,480826830,2020-03-10 13:00:00,7,0,0,2,1220919602,G. Saylor,R,FA,L,-0.649468530397,1.93095497684,9.04914491329,15.7554670113,5.52032011283,SL,IP_OUT,-1.24923930314,6.31119716701,90.9435762635,1934.63688489,240.040890873,-0.15
848,2020,730270720,ECU,D1 American Athletic Conference,730252544,ELON,480826830,2020-03-10 13:00:00,7,0,1,2,1220919602,G. Saylor,R,SL,L,0.285943686381,1.19366697683,-6.33113817533,-14.1494665228,5.27628025601,B,IP_OUT,-1.30138554963,6.37152401307,78.8465161086,2731.59328758,66.0408037111,0.13
849,2020,730270720,ECU,D1 American Athletic Conference,730252544,ELON,480826830,2020-03-10 13:00:00,7,1,1,2,1220919602,G. Saylor,R,SL,L,-0.55613744437,1.94235896532,-2.73372359338,-7.31605443965,5.46236925642,SL,IP_OUT,-1.69701527139,5.97945797944,82.6606253573,2876.51717445,69.7823341184,-0.15
850,2020,730270720,ECU,D1 American Athletic Conference,730252544,ELON,480826830,2020-03-10 13:00:00,8,0,0,0,1220919602,G. Saylor,R,SL,R,0.956514058272,0.817708208354,-0.0821679668541,-4.18823943051,5.39166899759,B,K,-1.52644197438,6.17982405551,82.6044322882,2676.06796744,89.4209899347,0.13
851,2020,730270720,ECU,D1 American Athletic Conference,730252544,ELON,480826830,2020-03-10 13:00:00,8,1,0,0,1220919602,G. Saylor,R,FA,R,0.308818973026,2.26733243338,18.7406479586,11.1727503789,5.70383262715,SL,K,-1.19747928227,6.19858441452,90.7402431847,2327.84598819,210.758635022,-0.15
852,2020,730270720,ECU,D1 American Athletic Conference,730252544,ELON,480826830,2020-03-10 13:00:00,8,1,1,0,1220919602,G. Saylor,R,FA,R,0.618993600999,2.24926646757,16.6295237366,12.1281696133,5.7986687633,F,K,-1.30527920273,6.1617657141,92.189729165,2385.72381038,216.052380895,-0.15
853,2020,730270720,ECU,D1 American Athletic Conference,730252544,ELON,480826830,2020-03-10 13:00:00,8,1,2,0,1220919602,G. Saylor,R,SL,R,0.73285204175,2.50759806039,-3.68625274914,-17.6201875928,5.4477237457,F,K,-1.19619847378,6.42692177037,78.7660704387,2640.04356353,78.3194338146,0.0
854,2020,730270720,ECU,D1 American Athletic Conference,730252544,ELON,480826830,2020-03-10 13:00:00,8,1,2,0,1220919602,G. Saylor,R,SL,R,0.150703753259,1.23299794809,-3.58606482471,-5.61861018344,5.26340222931,SS,K,-1.49976878853,5.93890408074,83.8634213086,2849.88948973,57.7318598456,-0.15
855,2020,730270720,ECU,D1 American Athletic Conference,730252544,ELON,480826830,2020-03-10 13:00:00,8,0,0,1,1220919602,G. Saylor,R,SL,L,0.169295762445,0.894207516454,-2.32399495355,-12.4281048858,5.41511358274,B,HR,-1.36631071602,6.42505731261,80.0768267746,2730.16158364,79.5971003916,0.13
856,2020,730270720,ECU,D1 American Athletic Conference,730252544,ELON,480826830,2020-03-10 13:00:00,8,1,0,1,1220919602,G. Saylor,R,FA,L,0.0127488248064,0.837013267989,15.6597439399,10.569877625,5.88121075072,SS,HR,-1.67687950298,6.0201025,85.1648730625,1804.38408811,213.956302069,-0.15
857,2020,730270720,ECU,D1 American Athletic Conference,730252544,ELON,480826830,2020-03-10 13:00:00,8,1,1,1,1220919602,G. Saylor,R,SL,L,-0.526207817046,0.79258117386,-4.09444767179,-6.85563175969,5.42423887825,B,HR,-1.70101430873,6.03010681099,82.8377802178,2873.63638866,59.3954300666,0.13
858,2020,730270720,ECU,D1 American Athletic Conference,730252544,ELON,480826830,2020-03-10 13:00:00,8,2,1,1,1220919602,G. Saylor,R,FA,L,-0.53606877222,3.34335600356,14.1827196548,13.6588938022,5.72269430583,B,HR,-1.37288991066,6.22251556255,91.6390959873,2180.40976088,223.857730938,0.13
859,2020,730270720,ECU,D1 American Athletic Conference,730252544,ELON,480826830,2020-03-10 13:00:00,8,3,1,1,1220919602,G. Saylor,R,FA,L,0.916402446963,2.79222291685,18.4770632517,9.17036422334,5.70502218246,IP,HR,-1.4682783699,6.15321567334,92.206041605,2221.14022994,206.356611296,1.76
860,2020,730270720,ECU,D1 American Athletic Conference,730252544,ELON,480826830,2020-03-10 13:00:00,8,0,0,1,1220919602,G. Saylor,R,CH,L,-0.932952228525,2.7145088425,12.752099454,10.6093614386,5.93308854337,SL,K,-1.66658510073,5.99244894539,84.6345196346,1744.73050421,219.678319444,-0.15
861,2020,730270720,ECU,D1 American Athletic Conference,730252544,ELON,480826830,2020-03-10 13:00:00,8,0,1,1,1220919602,G. Saylor,R,SL,L,-0.432066570844,2.75663914038,-3.24010187357,-20.0537958404,5.35483549071,SL,K,-1.39110847433,6.31198705141,79.0486542405,2772.24684687,80.9420505542,-0.15
862,2020,730270720,ECU,D1 American Athletic Conference,730252544,ELON,480826830,2020-03-10 13:00:00,8,0,2,1,1220919602,G. Saylor,R,SL,L,0.159279532653,0.831374831789,-0.893277136275,-15.0533293506,5.31996175918,SS,K,-1.245070484,6.28575778043,82.0067727966,2786.55847806,86.7556967979,-0.15
863,2020,730270720,ECU,D1 American Athletic Conference,730252544,ELON,480826830,2020-03-10 13:00:00,8,0,0,2,1220919602,G. Saylor,R,SL,R,-0.17220729195,1.53336932852,-3.07417784916,-16.6496993665,5.3907787723,SL,K,-1.17250198223,6.41547075927,78.3012249366,2632.88739903,79.6832865551,-0.15
864,2020,730270720,ECU,D1 American Athletic Conference,730252544,ELON,480826830,2020-03-10 13:00:00,8,0,1,2,1220919602,G. Saylor,R,SL,R,0.0284337523859,2.88118780499,-0.0701634049246,-9.75710401683,5.3407616718,SL,K,-1.5236541825,6.02497480375,82.6973176461,2793.02684701,89.8181689511,-0.15
865,2020,730270720,ECU,D1 American Athletic Conference,730252544,ELON,480826830,2020-03-10 13:00:00,8,0,2,2,1220919602,G. Saylor,R,SL,R,0.0515663556982,1.26653492775,-0.606372149726,-10.6147721788,5.14369721964,B,K,-1.39264462236,6.2180577162,83.1480551262,2780.29753954,86.9409107574,0.13
866,2020,730270720,ECU,D1 American Athletic Conference,730252544,ELON,480826830,2020-03-10 13:00:00,8,1,2,2,1220919602,G. Saylor,R,FA,R,0.876218877783,2.58865929064,19.043358354,12.4803779753,5.60927874142,SL,K,-1.1320289593,6.25033500151,91.8926983218,2235.95655554,213.195898801,-0.15
867,2020,730270720,ECU,D1 American Athletic Conference,730252544,ELON,480826830,2020-03-10 13:00:00,9,0,0,0,1604844130,R. Giles,R,FA,L,-0.493559675481,2.2639033721,8.64712046766,15.0334090753,5.52432820244,F,K,-2.32089875443,4.02772299017,82.2512813662,2143.63492445,239.979482776,-0.15
868,2020,730270720,ECU,D1 American Athletic Conference,730252544,ELON,480826830,2020-03-10 13:00:00,9,0,1,0,1604844130,R. Giles,R,CH,L,-0.979869841088,1.80909382754,9.75361923491,16.2034153622,5.45380071283,F,K,-2.25583383706,4.19379830955,75.8358921679,1670.85475397,238.830218659,-0.15
869,2020,730270720,ECU,D1 American Athletic Conference,730252544,ELON,480826830,2020-03-10 13:00:00,9,0,2,0,1604844130,R. Giles,R,CH,L,-3.3234894495,1.97270557913,3.51337685857,16.3173579182,5.28169561323,B,K,-2.45134950909,4.09288106418,75.9094417235,1660.09891531,257.691476483,0.13
870,2020,730270720,ECU,D1 American Athletic Conference,730252544,ELON,480826830,2020-03-10 13:00:00,9,1,2,0,1604844130,R. Giles,R,FA,L,0.187853842503,2.98908698084,7.16324137617,12.7533784979,5.80331206987,SS,K,-2.25758607414,4.04016348701,81.8940386043,1919.93088171,240.542913836,-0.15
871,2020,730270720,ECU,D1 American Athletic Conference,730252544,ELON,480826830,2020-03-10 13:00:00,9,0,0,1,1604844130,R. Giles,R,CH,L,-1.11730264668,1.58725400924,6.92081342704,16.1576420602,5.3198713771,SL,S,-2.36626685403,4.10595679574,76.4515878909,1697.57531731,246.673943491,-0.15
872,2020,730270720,ECU,D1 American Athletic Conference,730252544,ELON,480826830,2020-03-10 13:00:00,9,0,1,1,1604844130,R. Giles,R,SL,L,-1.25120687967,2.13220690543,5.57154677755,-18.6204116817,5.04607645164,B,S,-2.31050224709,3.95426641271,69.6972355403,2623.37196968,106.816594143,0.13
873,2020,730270720,ECU,D1 American Athletic Conference,730252544,ELON,480826830,2020-03-10 13:00:00,9,1,1,1,1604844130,R. Giles,R,FA,L,-1.27097149937,2.32830335774,8.23319854831,15.8738780145,5.60954705569,IP,S,-2.31810233865,4.16374622652,81.8254799431,1973.98085478,242.472003206,1.0
874,2020,730270720,ECU,D1 American Athletic Conference,730252544,ELON,480826830,2020-03-10 13:00:00,9,0,0,1,1604844130,R. Giles,R,SL,R,-0.205341650759,1.53174372788,7.75926033755,-19.7370265702,5.37090896976,B,K,-2.12433531543,3.95547855883,69.4591517502,2661.35670021,111.601886606,0.13
875,2020,730270720,ECU,D1 American Athletic Conference,730252544,ELON,480826830,2020-03-10 13:00:00,9,1,0,1,1604844130,R. Giles,R,SL,R,0.499747135284,2.31982583322,4.21651475041,-15.2798878763,5.20994039217,SS,K,-2.28466172017,3.87289220029,68.5907988865,2577.83331943,105.629393787,-0.15
876,2020,730270720,ECU,D1 American Athletic Conference,730252544,ELON,480826830,2020-03-10 13:00:00,9,1,1,1,1604844130,R. Giles,R,SL,R,1.06442064515,1.66792157278,3.32775861033,-17.8770800214,5.29293715588,SL,K,-2.2668893335,3.9936986491,68.7269322266,2601.62594513,100.724290616,-0.15
877,2020,730270720,ECU,D1 American Athletic Conference,730252544,ELON,480826830,2020-03-10 13:00:00,9,1,2,1,1604844130,R. Giles,R,SL,R,0.158618886513,1.46230906898,1.27052513644,-17.3078650697,5.29335947539,SS,K,-2.36018637329,3.97109144431,69.8145388148,2598.69289392,94.3823507685,-0.15
878,2020,730270720,ECU,D1 American Athletic Conference,730252544,ELON,480826830,2020-03-10 13:00:00,9,0,0,2,1604844130,R. Giles,R,FA,L,-1.00611080872,2.97829338328,11.7151560299,14.0234734976,5.64698344239,F,IP_OUT,-2.36010435041,4.21578937917,82.2826043616,2072.53905474,230.029304593,-0.15
879,2020,730270720,ECU,D1 American Athletic Conference,730252544,ELON,480826830,2020-03-10 13:00:00,9,0,1,2,1604844130,R. Giles,R,SL,L,1.13533202352,2.33421874708,7.05568855966,-15.0104314823,5.11052743691,B,IP_OUT,-2.32312296142,3.94433458079,70.6493664957,2652.38943967,115.348862961,0.13
880,2020,730270720,ECU,D1 American Athletic Conference,730252544,ELON,480826830,2020-03-10 13:00:00,9,1,1,2,1604844130,R. Giles,R,CH,L,1.71349384491,0.855108848985,7.34735222769,16.3717016998,5.70677917216,B,IP_OUT,-2.172419455,4.11851014983,76.7229853111,1858.29100204,245.695141689,0.13
881,2020,730156288,LIB,D1 Atlantic Sun Conference,730252544,ELON,365525062,2020-03-03 13:00:00,1,0,0,0,1930240993,M. Hand,R,FA,L,0.11019784429,2.86209772812,16.5413194729,5.45256200883,6.89571152212,SL,S,-2.17274632107,5.91309724551,88.0666024305,2215.420654,198.210288721,-0.15
882,2020,730156288,LIB,D1 Atlantic Sun Conference,730252544,ELON,365525062,2020-03-03 13:00:00,1,0,1,0,1930240993,M. Hand,R,FA,L,0.317655948325,2.08110177023,20.5852163293,4.60318583816,6.87421404664,IP,S,-2.09393097585,5.97168805151,90.2726489158,2275.62871964,192.586420072,1.0
883,2020,730156288,LIB,D1 Atlantic Sun Conference,730252544,ELON,365525062,2020-03-03 13:00:00,1,0,0,0,1930240993,M. Hand,R,FA,R,0.480079950678,1.79102497143,24.4765495939,2.89601417175,6.75879358496,F,FC,-2.08294250446,6.09888237822,90.2698517678,2235.98895357,186.739166245,-0.15
884,2020,730156288,LIB,D1 Atlantic Sun Conference,730252544,ELON,365525062,2020-03-03 13:00:00,1,0,1,0,1930240993,M. Hand,R,CH,R,1.74195712817,1.82560211228,11.4497613009,10.3433239497,6.8712039991,B,FC,-2.02387774842,5.78485336619,83.1256755558,1962.01632729,222.001816627,0.13
885,2020,730156288,LIB,D1 Atlantic Sun Conference,730252544,ELON,365525062,2020-03-03 13:00:00,1,1,1,0,1930240993,M. Hand,R,FA,R,0.396412240991,2.35606585844,17.3063988087,4.64641377405,7.02769985897,IP,FC,-2.14350284454,5.79650678236,88.7251153684,2295.13953238,195.001852298,-0.21
886,2020,730156288,LIB,D1 Atlantic Sun Conference,730252544,ELON,365525062,2020-03-03 13:00:00,1,0,0,1,1930240993,M. Hand,R,FA,L,-1.42179449342,2.2769471765,16.7433453643,6.69016338592,6.79110795631,B,DP,-2.09667506684,5.89486581538,90.1611618496,2141.895957,201.743529128,0.13
887,2020,730156288,LIB,D1 Atlantic Sun Conference,730252544,ELON,365525062,2020-03-03 13:00:00,1,1,0,1,1930240993,M. Hand,R,FA,L,0.275722832183,1.92662527989,17.6392420372,4.2743603071,6.88031933178,F,DP,-1.97662707103,5.90072823997,89.7405813413,2149.07633635,193.598051544,-0.15
888,2020,730156288,LIB,D1 Atlantic Sun Conference,730252544,ELON,365525062,2020-03-03 13:00:00,1,1,1,1,1930240993,M. Hand,R,FA,L,-0.662301366134,4.82682059203,20.7388678586,3.80931215114,6.77177089152,B,DP,-2.29157008795,5.99691619853,89.5638788054,2260.59230119,190.39257658,0.13
889,2020,730156288,LIB,D1 Atlantic Sun Conference,730252544,ELON,365525062,2020-03-03 13:00:00,1,2,1,1,1930240993,M. Hand,R,FA,L,-0.0168431374712,3.12146831059,17.7253919012,1.22616489686,6.9323045337,F,DP,-2.03300323849,6.00265318613,90.5069970925,2148.23023563,183.950286756,-0.15
890,2020,730156288,LIB,D1 Atlantic Sun Conference,730252544,ELON,365525062,2020-03-03 13:00:00,1,2,2,1,1930240993,M. Hand,R,CH,L,-0.676186450434,2.37139936794,10.9591366504,8.64092788579,6.6442468555,IP,DP,-2.22430435565,5.7563576795,84.2600856246,1967.00522666,218.162510466,-0.21
891,2020,730156288,LIB,D1 Atlantic Sun Conference,730252544,ELON,365525062,2020-03-03 13:00:00,2,0,0,0,1930240993,M. Hand,R,FA,L,-0.164505556963,2.26141216087,21.9136280665,3.72764476972,6.87339967482,F,K,-2.31555238092,6.10224678514,88.6080500824,2265.31857709,189.640002171,-0.15
892,2020,730156288,LIB,D1 Atlantic Sun Conference,730252544,ELON,365525062,2020-03-03 13:00:00,2,0,1,0,1930240993,M. Hand,R,FA,L,0.345380924193,2.63398271239,17.0868471774,7.01459376898,6.93320078208,F,K,-2.29019280267,5.84147195396,88.5127814067,2175.94235578,202.281310265,-0.15
893,2020,730156288,LIB,D1 Atlantic Sun Conference,730252544,ELON,365525062,2020-03-03 13:00:00,2,0,2,0,1930240993,M. Hand,R,FA,L,0.105459472479,3.21371069547,23.1398611325,4.22905107374,6.8009814155,F,K,-2.1862145085,6.22655510259,89.1813581745,2332.5898524,190.342881498,0.0
894,2020,730156288,LIB,D1 Atlantic Sun Conference,730252544,ELON,365525062,2020-03-03 13:00:00,2,0,2,0,1930240993,M. Hand,R,CU,L,-1.85158126662,3.13848349158,-0.315632299445,-14.9411473947,6.1917286385,B,K,-2.29014894823,5.94202842119,73.198481569,2287.60948586,88.9780449249,0.13
895,2020,730156288,LIB,D1 Atlantic Sun Conference,730252544,ELON,365525062,2020-03-03 13:00:00,2,1,2,0,1930240993,M. Hand,R,FA,L,0.145493923381,2.79610449351,19.5835197878,0.421196063608,6.94257460688,F,K,-2.25113143216,5.87378344615,87.5647036121,2205.91842134,181.230031038,0.0
896,2020,730156288,LIB,D1 Atlantic Sun Conference,730252544,ELON,365525062,2020-03-03 13:00:00,2,1,2,0,1930240993,M. Hand,R,CU,L,0.228668363179,2.96847974903,-0.504969976051,-9.61495967951,6.3617588025,SL,K,-2.09193572925,5.9849840433,72.8700976298,2240.98403543,87.2814548527,-0.15
897,2020,730156288,LIB,D1 Atlantic Sun Conference,730252544,ELON,365525062,2020-03-03 13:00:00,2,0,0,1,1930240993,M. Hand,R,FA,L,-1.28272304057,1.89590161501,21.8470346433,2.27325526807,7.02061314829,B,IP_OUT,-2.19038270382,6.11998096036,89.4803401529,2270.22393942,185.931923168,0.13
898,2020,730156288,LIB,D1 Atlantic Sun Conference,730252544,ELON,365525062,2020-03-03 13:00:00,2,1,0,1,1930240993,M. Hand,R,CH,L,-0.582232486355,2.51844980652,13.1576753867,11.2384787873,6.5584445715,F,IP_OUT,-2.23624307882,5.98967587771,81.7510860863,1772.24322905,220.419360273,-0.15
899,2020,730156288,LIB,D1 Atlantic Sun Conference,730252544,ELON,365525062,2020-03-03 13:00:00,2,1,1,1,1930240993,M. Hand,R,CH,L,0.545830002198,1.24926431313,12.6959537164,10.8576995509,6.68594912211,B,IP_OUT,-2.40214923711,5.87308931973,81.9018723529,1790.45273413,220.452834701,0.13
900,2020,730156288,LIB,D1 Atlantic Sun Conference,730252544,ELON,365525062,2020-03-03 13:00:00,2,2,1,1,1930240993,M. Hand,R,FA,L,0.00284748345949,2.62217293381,25.5915969718,1.59867548044,7.03686248579,SS,IP_OUT,-2.18262113511,6.27363535915,88.2367192939,2319.73258879,183.570056657,-0.15
901,2020,730156288,LIB,D1 Atlantic Sun Conference,730252544,ELON,365525062,2020-03-03 13:00:00,2,2,2,1,1930240993,M. Hand,R,FA,L,-0.106808366684,2.04561843913,21.7835036902,3.23117762613,6.88739262093,F,IP_OUT,-2.11993962309,6.00850048877,89.6810659965,2307.58910654,188.425217844,0.0
902,2020,730156288,LIB,D1 Atlantic Sun Conference,730252544,ELON,365525062,2020-03-03 13:00:00,2,0,0,2,1930240993,M. Hand,R,FA,R,0.350250022368,2.37271076839,14.080314466,6.41372110486,7.09126984248,IP,S,-2.39417824666,5.89250552239,87.9218217518,2264.24346687,204.440401411,1.0
903,2020,730156288,LIB,D1 Atlantic Sun Conference,730252544,ELON,365525062,2020-03-03 13:00:00,2,0,0,2,1930240993,M. Hand,R,CU,R,2.28538562924,0.970859795803,-2.77594594368,-7.00604853774,6.35331759995,B,S,-2.13059777119,5.88031352091,76.2243847183,2211.81630688,68.7019142981,0.13
904,2020,730156288,LIB,D1 Atlantic Sun Conference,730252544,ELON,365525062,2020-03-03 13:00:00,2,1,0,2,1930240993,M. Hand,R,FA,R,0.199793629527,3.43876611454,16.2450923887,7.01834183612,7.01640955661,B,S,-2.13151512344,6.03949339323,87.5965932842,2200.93095038,203.323680226,0.13
905,2020,730156288,LIB,D1 Atlantic Sun Conference,730252544,ELON,365525062,2020-03-03 13:00:00,2,2,0,2,1930240993,M. Hand,R,FA,R,0.154062658192,3.19826598788,18.5192936441,4.29393997702,7.03293062941,F,S,-2.18424819153,5.97916696101,87.9521542081,2176.63664276,193.032184652,-0.15
906,2020,730156288,LIB,D1 Atlantic Sun Conference,730252544,ELON,365525062,2020-03-03 13:00:00,2,2,1,2,1930240993,M. Hand,R,CU,R,-1.15165657239,2.18874716428,1.74114490128,-13.7348571234,6.31864907017,SL,S,-2.35303000822,5.87824008327,72.9622057509,2262.9506478,97.4257884861,-0.15
907,2020,730156288,LIB,D1 Atlantic Sun Conference,730252544,ELON,365525062,2020-03-03 13:00:00,2,2,2,2,1930240993,M. Hand,R,FA,R,-1.17779428113,2.23864762467,18.8621838351,5.18747826535,6.97759129389,B,S,-2.08931957975,5.91170710063,89.712254329,2235.68659641,195.352626765,0.13
908,2020,730156288,LIB,D1 Atlantic Sun Conference,730252544,ELON,365525062,2020-03-03 13:00:00,2,3,2,2,1930240993,M. Hand,R,FA,R,1.16635757499,3.02145276323,16.3774872773,-1.55805881664,7.13076828159,IP,S,-1.93013248526,5.91954167416,87.4206018312,2268.64864197,174.576464554,1.0
909,2020,730156288,LIB,D1 Atlantic Sun Conference,730252544,ELON,365525062,2020-03-03 13:00:00,2,0,0,2,1930240993,M. Hand,R,FA,L,-0.925380838106,2.59198935922,17.1576745157,5.44377851798,6.95186635374,SL,IP_OUT,-2.25216249239,5.88113193401,86.943210007,2135.03032718,197.571118802,-0.15
910,2020,730156288,LIB,D1 Atlantic Sun Conference,730252544,ELON,365525062,2020-03-03 13:00:00,3,0,1,0,1930240993,M. Hand,R,FA,R,0.301780521716,2.81846697131,23.3735350375,5.08493876941,7.16930300444,F,K,-2.29068413337,6.09119080674,87.9047857674,2297.08013945,192.256975557,-0.15
911,2020,730156288,LIB,D1 Atlantic Sun Conference,730252544,ELON,365525062,2020-03-03 13:00:00,3,0,2,0,1930240993,M. Hand,R,FA,R,1.59618308946,2.9230174272,20.4402768759,1.90223778164,7.1612473141,B,K,-2.21973368148,5.85280589161,87.4731475631,2283.49352496,185.308351239,0.13
912,2020,730156288,LIB,D1 Atlantic Sun Conference,730252544,ELON,365525062,2020-03-03 13:00:00,3,1,2,0,1930240993,M. Hand,R,CU,R,0.744458783842,1.12532467796,-3.44909158672,-12.8232370841,6.20105989507,SS,K,-2.25395965729,5.85611593842,73.0739180454,2312.57638405,75.1493502864,-0.15
913,2020,730156288,LIB,D1 Atlantic Sun Conference,730252544,ELON,365525062,2020-03-03 13:00:00,3,0,0,1,1930240993,M. Hand,R,FA,L,0.307290012071,3.53597561732,16.8030654269,5.26102464187,7.01793321964,B,BB,-2.5233198378,5.88296338364,86.2924930019,2242.70758013,197.352418418,0.13
914,2020,730156288,LIB,D1 Atlantic Sun Conference,730252544,ELON,365525062,2020-03-03 13:00:00,3,1,0,1,1930240993,M. Hand,R,FA,L,-0.497318474922,2.75304102263,19.646335332,0.901812122217,7.12132663349,SL,BB,-2.11962958222,5.94478964348,87.1914622381,2301.7859157,182.623729135,-0.15
915,2020,730156288,LIB,D1 Atlantic Sun Conference,730252544,ELON,365525062,2020-03-03 13:00:00,3,1,1,1,1930240993,M. Hand,R,CH,L,1.3800940352,1.38950217078,15.8535192097,9.01516267216,6.76175608744,B,BB,-2.2163708872,5.86486154268,82.2541355599,1781.19727652,209.565617988,0.13
916,2020,730156288,LIB,D1 Atlantic Sun Conference,730252544,ELON,365525062,2020-03-03 13:00:00,3,2,1,1,1930240993,M. Hand,R,FA,L,0.392223988477,3.7125113318,18.7378510497,-1.0367108037,7.17574352068,B,BB,-2.18446013376,6.01960126036,87.3205750539,2315.03265562,176.83877253,0.13
917,2020,730156288,LIB,D1 Atlantic Sun Conference,730252544,ELON,365525062,2020-03-03 13:00:00,3,3,1,1,1930240993,M. Hand,R,FA,L,-0.375401205945,2.09865434747,20.490986827,3.12600557705,7.15335904856,SL,BB,-2.20720908175,6.04126620078,86.8997249292,2312.25507813,188.660068212,-0.15
918,2020,730156288,LIB,D1 Atlantic Sun Conference,730252544,ELON,365525062,2020-03-03 13:00:00,3,3,2,1,1930240993,M. Hand,R,FA,L,-0.24697570962,2.28546157918,17.4840488693,2.10421910551,7.18930559296,F,BB,-2.18457517457,5.9016798563,86.7108340012,2330.90444115,186.84971477,0.0
919,2020,730156288,LIB,D1 Atlantic Sun Conference,730252544,ELON,365525062,2020-03-03 13:00:00,3,3,2,1,1930240993,M. Hand,R,FA,L,-0.39168536177,0.906446097396,21.9547358963,0.00894845452253,7.11084728575,B,BB,-2.14021240701,5.93476873962,87.4573263428,2328.90538191,180.023317847,0.8
920,2020,730156288,LIB,D1 Atlantic Sun Conference,730252544,ELON,365525062,2020-03-03 13:00:00,3,0,0,1,1930240993,M. Hand,R,CH,R,1.50076003752,0.967663485646,17.6607575565,4.26865850536,6.91019559114,B,IP_OUT,-2.19423222196,5.88532623483,80.654993223,1829.19739433,193.559249818,0.13
921,2020,730156288,LIB,D1 Atlantic Sun Conference,730252544,ELON,365525062,2020-03-03 13:00:00,3,1,0,1,1930240993,M. Hand,R,CH,R,-0.560799653847,0.901620253221,15.2015994425,8.02672565081,6.85470033632,SS,IP_OUT,-2.29638174253,5.76726043671,79.4527967391,1931.70267782,207.772559435,-0.15
922,2020,730156288,LIB,D1 Atlantic Sun Conference,730252544,ELON,365525062,2020-03-03 13:00:00,4,0,0,0,1930240993,M. Hand,R,FA,L,0.433073678614,3.66302146909,19.902039419,4.89829170842,7.03709615493,B,IP_OUT,-2.3105880137,5.84808256077,85.7109353986,2149.61123618,193.803906142,0.13
923,2020,730156288,LIB,D1 Atlantic Sun Conference,730252544,ELON,365525062,2020-03-03 13:00:00,4,1,0,0,1930240993,M. Hand,R,CU,L,-0.181888348432,1.65480577524,-5.07823835944,-9.20710588878,6.32105004433,SL,IP_OUT,-2.39560511624,5.89864900848,72.9384661728,2072.75021349,61.3558754241,-0.15
924,2020,730156288,LIB,D1 Atlantic Sun Conference,730252544,ELON,365525062,2020-03-03 13:00:00,4,0,0,2,1930240993,M. Hand,R,FA,L,-0.196579687099,3.56509666626,18.5693498343,5.58175107318,7.08060566956,B,S,-2.19305689407,6.02159666286,87.2823743996,2231.47279992,196.70235775,0.13
925,2020,730156288,LIB,D1 Atlantic Sun Conference,730252544,ELON,365525062,2020-03-03 13:00:00,4,1,0,2,1930240993,M. Hand,R,FA,L,-0.397643493607,2.3013772153,18.7416906203,3.98640596821,6.8826425123,SL,S,-2.27472720567,5.89381537423,87.8305321111,2218.44004427,191.987620464,-0.15
926,2020,730156288,LIB,D1 Atlantic Sun Conference,730252544,ELON,365525062,2020-03-03 13:00:00,4,1,1,2,1930240993,M. Hand,R,FA,L,1.25963202716,2.6000061624,17.5310769518,0.384007962907,7.21958848641,B,S,-1.88469150469,5.86912117225,86.0542505913,2217.39588865,181.2524257,0.13
927,2020,730156288,LIB,D1 Atlantic Sun Conference,730252544,ELON,365525062,2020-03-03 13:00:00,4,2,1,2,1930240993,M. Hand,R,CH,L,-0.171611016244,2.30949174171,11.8136715271,7.97779653858,6.71354232103,F,S,-2.3711572448,5.75772950341,79.6470063837,1718.13713602,213.941038328,-0.15
928,2020,730156288,LIB,D1 Atlantic Sun Conference,730252544,ELON,365525062,2020-03-03 13:00:00,4,2,2,2,1930240993,M. Hand,R,CH,L,-0.894534981794,2.53985213284,13.616283202,11.1348236122,6.59098659886,IP,S,-2.25048335801,6.019980492,81.6381864266,1765.94275534,219.194889844,1.0
929,2020,730156288,LIB,D1 Atlantic Sun Conference,730252544,ELON,365525062,2020-03-03 13:00:00,4,0,0,2,1930240993,M. Hand,R,FA,R,8.1776603134e-05,2.83096713522,14.529648714,5.068432845,6.97958912234,F,IP_OUT,-2.15723526508,5.73852657502,85.3852737583,2086.67034379,199.188701796,-0.15
930,2020,730156288,LIB,D1 Atlantic Sun Conference,730252544,ELON,365525062,2020-03-03 13:00:00,5,0,0,0,1930240993,M. Hand,R,FA,R,0.56315333244,2.64685005488,19.6147917183,-0.656891930334,7.00357015969,F,IP_OUT,-2.3316075526,5.87571070624,85.6444770774,2302.38375078,178.085250353,-0.15
931,2020,730156288,LIB,D1 Atlantic Sun Conference,730252544,ELON,365525062,2020-03-03 13:00:00,5,0,1,0,1930240993,M. Hand,R,FA,R,1.52365673209,3.57787522939,17.4156264422,1.16823210014,7.17694038735,B,IP_OUT,-2.29313393574,5.78937280285,84.9482280974,2215.38593651,183.829948236,0.13
932,2020,730156288,LIB,D1 Atlantic Sun Conference,730252544,ELON,365525062,2020-03-03 13:00:00,5,0,0,1,1930240993,M. Hand,R,FA,L,-0.167089650398,2.00860512054,20.6929353152,1.81482569579,6.9918957857,IP,D,-2.31092649409,5.96099841153,86.209936057,2218.39314286,185.003872263,1.26
933,2020,730156288,LIB,D1 Atlantic Sun Conference,730252544,ELON,365525062,2020-03-03 13:00:00,5,0,0,1,1930240993,M. Hand,R,CU,R,-1.0631316136,0.592585495699,2.08787122159,-15.5586849695,6.40709309014,B,K,-2.29004693707,5.84716731529,70.8047626047,2070.18006802,97.8311445081,0.13
934,2020,730156288,LIB,D1 Atlantic Sun Conference,730252544,ELON,365525062,2020-03-03 13:00:00,5,1,0,1,1930240993,M. Hand,R,CU,R,-0.431484753453,1.05754140812,1.06371991588,-11.1785747172,6.4050975412,B,K,-2.18724890327,5.91270583707,71.7249110112,2168.9233439,95.6925139678,0.13
935,2020,730156288,LIB,D1 Atlantic Sun Conference,730252544,ELON,365525062,2020-03-03 13:00:00,5,2,0,1,1930240993,M. Hand,R,FA,R,0.79814295822,1.16330370415,19.7467422169,1.85664837231,7.22614418109,B,K,-2.10226261109,5.89153436006,86.150496345,2134.62027437,185.362126092,0.13
936,2020,730156288,LIB,D1 Atlantic Sun Conference,730252544,ELON,365525062,2020-03-03 13:00:00,5,3,0,1,1930240993,M. Hand,R,FA,R,0.10435984075,1.40514796495,18.0110719468,2.32415135893,7.29538957335,SL,K,-2.12953677727,5.89331741872,86.0763832309,2101.34366743,187.339257047,-0.15
937,2020,730156288,LIB,D1 Atlantic Sun Conference,730252544,ELON,365525062,2020-03-03 13:00:00,5,3,1,1,1930240993,M. Hand,R,FA,R,0.51834282691,2.77341907211,17.5899440642,0.618803244285,7.2013391952,F,K,-2.04423396755,5.85594490494,87.1049707869,2128.18268333,182.011009691,-0.15
938,2020,730156288,LIB,D1 Atlantic Sun Conference,730252544,ELON,365525062,2020-03-03 13:00:00,5,3,2,1,1930240993,M. Hand,R,FA,R,0.106339331904,1.44646727916,18.8627701549,1.71668478027,7.23851376776,SL,K,-1.95071270729,5.91475825034,87.4834005903,2207.53044564,185.19107966,-0.15
939,2020,730156288,LIB,D1 Atlantic Sun Conference,730252544,ELON,365525062,2020-03-03 13:00:00,5,0,0,2,1930240993,M. Hand,R,FA,L,0.968894878102,2.83395599667,17.832030281,1.13884294652,7.14918112796,B,IP_OUT,-2.01788040751,5.79427977375,85.8007782193,2178.83767458,183.647226841,0.13
940,2020,730156288,LIB,D1 Atlantic Sun Conference,730252544,ELON,365525062,2020-03-03 13:00:00,6,0,0,0,1930240993,M. Hand,R,CU,R,1.20619065776,0.107582569197,-4.6438595615,-9.75548121944,6.26947336684,B,IP_OUT,-2.27975269741,5.90379491749,71.9018893159,2191.67365961,64.7867597917,0.13
941,2020,730156288,LIB,D1 Atlantic Sun Conference,730252544,ELON,365525062,2020-03-03 13:00:00,6,0,0,1,1930240993,M. Hand,R,FA,L,0.754827338621,2.75580625678,17.2416968714,4.43987917005,7.05647944736,SL,ROE,-2.15349275841,5.76400096487,84.7817330425,2098.10697837,194.412378104,-0.15
942,2020,730156288,LIB,D1 Atlantic Sun Conference,730252544,ELON,365525062,2020-03-03 13:00:00,6,0,1,1,1930240993,M. Hand,R,CU,L,1.67656691614,1.80507158635,2.82986022456,-9.26682306105,6.4963776184,B,ROE,-2.33643436822,5.81024082276,72.4308762342,2197.68907422,107.260609446,0.13
943,2020,730156288,LIB,D1 Atlantic Sun Conference,730252544,ELON,365525062,2020-03-03 13:00:00,6,1,1,1,1930240993,M. Hand,R,CU,L,-0.809252638587,2.31679850023,-4.58320987941,-9.35210091836,6.20810772601,SL,ROE,-2.2578492432,5.77151775577,72.1936286974,2228.36458917,64.1382860894,-0.15
944,2020,730156288,LIB,D1 Atlantic Sun Conference,730252544,ELON,365525062,2020-03-03 13:00:00,6,1,2,1,1930240993,M. Hand,R,FA,L,-0.414956829505,4.73090270769,17.5431947858,4.33607317337,6.99698255246,B,ROE,-2.27353352227,5.82270611024,88.5907199925,2342.17125316,193.858808317,0.13
945,2020,730156288,LIB,D1 Atlantic Sun Conference,730252544,ELON,365525062,2020-03-03 13:00:00,6,2,2,1,1930240993,M. Hand,R,FA,L,0.12549675517,2.93269620977,17.654600347,2.10129125374,6.98613646429,IP,ROE,-2.18664914382,5.86175829202,87.3868051182,2232.18286025,186.774913233,0.0
946,2020,730156288,LIB,D1 Atlantic Sun Conference,730252544,ELON,365525062,2020-03-03 13:00:00,6,0,0,2,1930240993,M. Hand,R,FA,L,-0.920692503026,2.18636077188,20.4815480309,3.4408752559,6.89669823491,SL,K,-2.05291019567,5.82020550381,86.3150740175,2198.04321935,189.520809943,-0.15
947,2020,730156288,LIB,D1 Atlantic Sun Conference,730252544,ELON,365525062,2020-03-03 13:00:00,6,0,1,2,1930240993,M. Hand,R,FA,L,-1.07699089517,3.55419911528,18.437958342,3.89424614097,6.83693672508,B,K,-2.16541726152,5.78856052612,85.0737364541,2134.89773476,191.904083023,0.13
948,2020,730156288,LIB,D1 Atlantic Sun Conference,730252544,ELON,365525062,2020-03-03 13:00:00,6,1,1,2,1930240993,M. Hand,R,FA,L,-0.831654943534,3.11243572288,17.7731002379,3.14341676758,7.04242343317,B,K,-2.15267435409,5.84389079723,87.7722622925,2214.48846081,190.011744289,0.13
949,2020,730156288,LIB,D1 Atlantic Sun Conference,730252544,ELON,365525062,2020-03-03 13:00:00,6,2,1,2,1930240993,M. Hand,R,FA,L,-1.19292879151,2.71666031257,23.1765374222,2.48038278601,7.04288281962,SL,K,-1.99526425405,5.96974467845,85.9720484744,2180.84469341,186.099678928,-0.15
950,2020,730156288,LIB,D1 Atlantic Sun Conference,730252544,ELON,365525062,2020-03-03 13:00:00,6,2,2,2,1930240993,M. Hand,R,CH,L,0.571440404395,1.53166839255,24.1994323863,7.17177294977,6.64060961973,SL,K,-2.19279759686,6.07704737839,81.4420412015,1779.74135516,196.482716211,-0.15
951,2020,730156288,LIB,D1 Atlantic Sun Conference,730252544,ELON,365525062,2020-03-03 13:00:00,6,0,0,2,1930240993,M. Hand,R,FA,L,-1.31740455937,3.20808857188,21.4762017138,0.411861940919,7.12401438055,B,BB,-1.90650923083,6.10360672129,87.0019983686,2156.15390873,181.096960553,0.13
952,2020,730156288,LIB,D1 Atlantic Sun Conference,730252544,ELON,365525062,2020-03-03 13:00:00,6,1,0,2,1930240993,M. Hand,R,FA,L,-1.53845685158,2.00172615951,17.0028821445,3.60874801157,7.10184990192,B,BB,-1.95600903262,5.79704325421,85.0146155058,2080.19561648,191.958993961,0.13
953,2020,730156288,LIB,D1 Atlantic Sun Conference,730252544,ELON,365525062,2020-03-03 13:00:00,6,2,0,2,1930240993,M. Hand,R,FA,L,0.399673341791,3.64113621551,21.2868219122,3.1832905434,7.0717895252,B,BB,-1.81904617241,5.95876547962,86.545779125,2149.28910694,188.491769259,0.13
954,2020,730156288,LIB,D1 Atlantic Sun Conference,730252544,ELON,365525062,2020-03-03 13:00:00,6,3,0,2,1930240993,M. Hand,R,FA,L,0.0326597251193,2.14979276017,17.9716921016,0.130971101609,7.16820605979,SL,BB,-1.7997776189,5.88102926541,84.073172604,2125.40802353,180.416714125,-0.15
955,2020,730156288,LIB,D1 Atlantic Sun Conference,730252544,ELON,365525062,2020-03-03 13:00:00,6,3,1,2,1930240993,M. Hand,R,CH,L,0.173834458355,-0.0876227772755,10.5037121344,7.07056794416,7.06304318766,B,BB,-2.05503316165,5.76865227992,80.8413406409,1889.42669013,213.849247646,0.8
956,2020,730156288,LIB,D1 Atlantic Sun Conference,730252544,ELON,365525062,2020-03-03 13:00:00,6,0,0,2,1416750464,T. Britts,R,FA,R,0.286343343483,2.40023381186,6.55626781454,15.6322506127,5.76244242209,SL,IP_OUT,-3.38472871897,4.8231695217,87.09092617,2047.39662662,247.135942753,-0.15
957,2020,730156288,LIB,D1 Atlantic Sun Conference,730252544,ELON,365525062,2020-03-03 13:00:00,6,0,1,2,1416750464,T. Britts,R,SL,R,1.67179726053,0.242333347786,11.2836401473,6.3600093092,5.85688300039,B,IP_OUT,-3.28842756096,4.8709829652,84.0630569193,2062.09377908,209.32584665,0.13
958,2020,730156288,LIB,D1 Atlantic Sun Conference,730252544,ELON,365525062,2020-03-03 13:00:00,7,0,0,0,1416750464,T. Britts,R,FA,R,0.280671553515,1.49670204952,12.8539176628,14.6290235068,5.65851542965,SL,IP_OUT,-3.2996665417,4.82734452776,86.172500798,2169.76092553,228.615335143,-0.15
959,2020,730156288,LIB,D1 Atlantic Sun Conference,730252544,ELON,365525062,2020-03-03 13:00:00,7,0,0,1,1416750464,T. Britts,R,FA,L,-1.0097302544,0.48120786793,11.0072415322,15.1015184667,5.49613426977,B,BB,-3.48022730415,4.84179416511,84.8015023627,2243.13434815,233.819724646,0.13
960,2020,730156288,LIB,D1 Atlantic Sun Conference,730252544,ELON,365525062,2020-03-03 13:00:00,7,1,0,1,1416750464,T. Britts,R,FA,L,-1.5769440505,2.22998813673,12.7483829188,12.2502275849,5.42782475371,B,BB,-3.62779229021,4.75633123348,86.5784799646,2212.22894678,223.777057002,0.13
961,2020,730156288,LIB,D1 Atlantic Sun Conference,730252544,ELON,365525062,2020-03-03 13:00:00,7,2,0,1,1416750464,T. Britts,R,FA,L,-1.85243610875,2.39273865138,13.3157193101,12.3950966003,5.54431854238,B,BB,-3.60090398164,4.65158654719,85.2862448701,2111.8569259,222.869848065,0.13
962,2020,730156288,LIB,D1 Atlantic Sun Conference,730252544,ELON,365525062,2020-03-03 13:00:00,7,3,0,1,1416750464,T. Britts,R,FA,L,-2.59630050254,3.24485578052,13.8854838252,14.6183585955,5.71322782563,B,BB,-3.49233052907,4.77778094657,87.3926136433,2191.80753924,226.400525156,0.8
963,2020,730156288,LIB,D1 Atlantic Sun Conference,730252544,ELON,365525062,2020-03-03 13:00:00,7,0,0,1,1416750464,T. Britts,R,FA,R,-0.833666506279,2.9845856569,13.5722256052,14.2118191765,5.68545164645,F,FC,-3.33664656053,4.84118600164,87.5437004343,2049.65788539,226.244821152,-0.15
964,2020,730156288,LIB,D1 Atlantic Sun Conference,730252544,ELON,365525062,2020-03-03 13:00:00,7,0,1,1,1416750464,T. Britts,R,FA,R,-2.06601744233,2.82898497051,10.9566192178,16.8154207404,5.44469718837,B,FC,-3.42385780806,4.87387132135,87.0150040981,2091.45554112,236.826733163,0.13
965,2020,730156288,LIB,D1 Atlantic Sun Conference,730252544,ELON,365525062,2020-03-03 13:00:00,7,1,1,1,1416750464,T. Britts,R,FA,R,0.186605613474,1.53904952194,9.38197584221,18.4533207934,5.60795543345,SL,FC,-3.37213751954,4.82657594575,87.6545586743,2213.49671541,242.96380545,-0.15
966,2020,730156288,LIB,D1 Atlantic Sun Conference,730252544,ELON,365525062,2020-03-03 13:00:00,7,1,2,1,1416750464,T. Britts,R,SL,R,-0.603599412872,2.03872705252,8.75402973131,5.20937654526,5.71567078683,IP,FC,-3.2997482986,4.90076463688,81.5060455533,2033.00679376,210.640928101,-0.21
967,2020,730156288,LIB,D1 Atlantic Sun Conference,730252544,ELON,365525062,2020-03-03 13:00:00,7,0,0,2,1416750464,T. Britts,R,FA,L,-0.8337414228,1.08951632715,16.2914573882,3.72010723499,5.8288316574,B,IP_OUT,-3.38514299367,5.10315252946,81.6195521151,2143.20255562,192.832491834,0.13
968,2020,730156288,LIB,D1 Atlantic Sun Conference,730252544,ELON,365525062,2020-03-03 13:00:00,7,1,0,2,1416750464,T. Britts,R,FA,L,-0.970641915393,2.14014186899,10.8903724754,18.9439559057,5.76229140456,F,IP_OUT,-3.47973040178,4.80755425551,86.2633765958,2100.11952018,240.024003725,-0.15
969,2020,730156288,LIB,D1 Atlantic Sun Conference,730252544,ELON,365525062,2020-03-03 13:00:00,8,0,0,0,1416750464,T. Britts,R,FA,R,-0.0605397314762,1.66522873457,16.5346797142,17.1162127418,5.57904161908,SL,S,-3.42380332843,4.93644386371,85.4824116172,2084.84515642,225.926027971,-0.15
970,2020,730156288,LIB,D1 Atlantic Sun Conference,730252544,ELON,365525062,2020-03-03 13:00:00,8,0,1,0,1416750464,T. Britts,R,SL,R,1.80636789338,-0.935036384959,8.04178066149,2.56058444019,5.79836610179,B,S,-3.37591491693,4.88791722264,81.3271585091,2076.82064472,197.579113539,0.13
971,2020,730156288,LIB,D1 Atlantic Sun Conference,730252544,ELON,365525062,2020-03-03 13:00:00,8,1,1,0,1416750464,T. Britts,R,SL,R,1.30406814586,1.02617530228,8.4111060149,2.07589142946,5.80464700491,SS,S,-3.42988314747,4.90549771541,80.9888628413,2052.02987655,193.800452737,-0.15
972,2020,730156288,LIB,D1 Atlantic Sun Conference,730252544,ELON,365525062,2020-03-03 13:00:00,8,1,2,0,1416750464,T. Britts,R,FA,R,-0.966946509055,2.9249005026,7.2829426804,15.6454281051,5.67444648792,B,S,-3.33518807575,4.94578594927,86.5577427473,2142.57283627,244.930703352,0.13
973,2020,730156288,LIB,D1 Atlantic Sun Conference,730252544,ELON,365525062,2020-03-03 13:00:00,8,2,2,0,1416750464,T. Britts,R,SL,R,-0.156356489035,0.862780782918,10.791804243,5.05181673031,5.77820390831,B,S,-3.19557879955,5.10606159392,84.8478139807,2153.87199194,205.010835897,0.13
974,2020,730156288,LIB,D1 Atlantic Sun Conference,730252544,ELON,365525062,2020-03-03 13:00:00,8,3,2,0,1416750464,T. Britts,R,FA,R,-0.344253638956,2.45380787436,13.9990123302,15.107394641,5.90184406018,F,S,-3.25185924805,4.78888685686,86.3156982354,2188.32858602,227.108298395,0.0
975,2020,730156288,LIB,D1 Atlantic Sun Conference,730252544,ELON,365525062,2020-03-03 13:00:00,8,3,2,0,1416750464,T. Britts,R,FA,R,0.456211472579,1.89265006838,11.5670074549,9.94077649963,5.90756444496,IP,S,-3.18003608075,4.80462274437,85.8069241202,2046.47065868,220.586749701,1.0
976,2020,730156288,LIB,D1 Atlantic Sun Conference,730252544,ELON,365525062,2020-03-03 13:00:00,8,0,0,0,1135709752,M. Fluharty,L,FA,L,-1.13183927152,1.54834590535,8.64289676983,4.05158301556,6.37052121747,B,DP,2.06402875398,5.33562589279,89.0421020297,2304.63510045,205.033410186,0.13
977,2020,730156288,LIB,D1 Atlantic Sun Conference,730252544,ELON,365525062,2020-03-03 13:00:00,8,1,0,0,1135709752,M. Fluharty,L,FA,L,-1.20027473767,3.05115049227,14.196368825,1.56657328537,6.46341181374,SL,DP,2.40642702683,5.41721244317,89.7237868372,2416.35546325,186.282872266,-0.15
978,2020,730156288,LIB,D1 Atlantic Sun Conference,730252544,ELON,365525062,2020-03-03 13:00:00,8,1,1,0,1135709752,M. Fluharty,L,FA,L,-0.387159987291,2.10943198233,8.51603365653,-0.432339151528,6.43968267978,F,DP,2.38568401794,5.35053000636,90.0578360389,2445.55686397,177.104569938,-0.15
979,2020,730156288,LIB,D1 Atlantic Sun Conference,730252544,ELON,365525062,2020-03-03 13:00:00,8,1,2,0,1135709752,M. Fluharty,L,FA,L,0.846256102388,2.86210877134,14.4986209844,-5.37247567555,6.73525646672,B,DP,2.27561494913,5.38153581856,91.8796033581,2387.51366357,159.706461067,0.13
980,2020,730156288,LIB,D1 Atlantic Sun Conference,730252544,ELON,365525062,2020-03-03 13:00:00,8,2,2,0,1135709752,M. Fluharty,L,FA,L,-0.890810396487,1.53119376433,10.8900943548,1.37245866486,6.41328843964,IP,DP,2.12875075796,5.42939522029,89.3962638089,2492.03679695,187.161796274,-0.21
981,2020,730156288,LIB,D1 Atlantic Sun Conference,730252544,ELON,365525062,2020-03-03 13:00:00,8,0,0,2,1135709752,M. Fluharty,L,FA,L,0.97265575923,0.840517877237,14.1238071164,2.0111663675,6.34599167858,B,D,2.46232883747,5.51211775471,90.0717658779,2535.8260692,188.086233533,0.13
982,2020,730156288,LIB,D1 Atlantic Sun Conference,730252544,ELON,365525062,2020-03-03 13:00:00,8,1,0,2,1135709752,M. Fluharty,L,FA,L,0.386441327305,3.01144517309,14.4140333306,1.09469300215,6.57753691326,IP,D,2.06354856626,5.4505787057,90.2762169034,2382.45946874,184.333630847,1.26
983,2020,730156288,LIB,D1 Atlantic Sun Conference,730252544,ELON,365525062,2020-03-03 13:00:00,9,0,0,0,1491601467,L. Riley,R,FA,R,-0.874555211189,2.15568129877,26.5191486599,9.0760733478,4.90595633537,SL,K,-0.612212505214,6.23327843598,90.740993929,2421.07528843,198.870897079,-0.15
984,2020,730156288,LIB,D1 Atlantic Sun Conference,730252544,ELON,365525062,2020-03-03 13:00:00,9,0,1,0,1491601467,L. Riley,R,SL,R,0.181480328255,2.9661582816,8.58560625829,-4.72871324353,5.25482253587,SL,K,-0.776398045251,6.01041832402,84.4663499584,2265.6994409,151.262461537,-0.15
985,2020,730156288,LIB,D1 Atlantic Sun Conference,730252544,ELON,365525062,2020-03-03 13:00:00,9,0,2,0,1491601467,L. Riley,R,SL,R,1.49491896932,0.171284408799,7.64137385393,-6.79711656413,5.40031282434,SS,K,-0.748220543145,5.81503616513,84.0956656448,2299.26403526,138.488428246,-0.15
986,2020,730156288,LIB,D1 Atlantic Sun Conference,730252544,ELON,365525062,2020-03-03 13:00:00,9,0,0,1,1491601467,L. Riley,R,FA,L,-0.528476062492,2.41109383472,24.3531101544,7.77442856095,4.88815571782,SL,K,-0.597271972691,6.26743287955,91.5511110653,2505.11676174,197.682494201,-0.15
987,2020,730156288,LIB,D1 Atlantic Sun Conference,730252544,ELON,365525062,2020-03-03 13:00:00,9,0,1,1,1491601467,L. Riley,R,SL,L,1.07270330482,0.765306810769,13.7583477784,-6.59316988975,5.20395576522,SS,K,-0.810022245882,6.1187140908,82.8280597091,2262.43841266,154.459930053,-0.15
988,2020,730156288,LIB,D1 Atlantic Sun Conference,730252544,ELON,365525062,2020-03-03 13:00:00,9,0,2,1,1491601467,L. Riley,R,SL,L,-2.4290448735,2.43596235062,7.8342043246,-5.66614650265,5.17471832193,B,K,-0.921549661483,5.91053963808,83.2879565715,2262.93709454,144.258062308,0.13
989,2020,730156288,LIB,D1 Atlantic Sun Conference,730252544,ELON,365525062,2020-03-03 13:00:00,9,1,2,1,1491601467,L. Riley,R,FA,L,-0.387272430609,2.60860202116,23.4494885839,6.60287480983,5.13231800503,F,K,-0.596311559186,6.10339797062,90.7887127934,2267.26535431,195.704789477,0.0
990,2020,730156288,LIB,D1 Atlantic Sun Conference,730252544,ELON,365525062,2020-03-03 13:00:00,9,1,2,1,1491601467,L. Riley,R,SL,L,-0.21023896891,0.906909863513,11.1782318536,-8.76281481546,5.26970651025,B,K,-0.902599080862,6.00771392758,84.9331880939,2322.78675741,141.999178013,0.13
991,2020,730156288,LIB,D1 Atlantic Sun Conference,730252544,ELON,365525062,2020-03-03 13:00:00,9,2,2,1,1491601467,L. Riley,R,FA,L,-0.667106784824,1.73652623553,21.5364076758,10.5277095877,5.00361097574,SL,K,-0.53882023962,6.04980490626,91.2021819189,2532.1256469,206.016201183,-0.15
992,2020,730156288,LIB,D1 Atlantic Sun Conference,730252544,ELON,365525062,2020-03-03 13:00:00,9,0,0,2,1491601467,L. Riley,R,FA,L,-1.42302692081,1.5589789391,17.9136703795,11.145501501,5.0215440382,B,BB,-0.624702406552,6.14990443753,91.9837677752,2356.084468,211.842312995,0.13
993,2020,730156288,LIB,D1 Atlantic Sun Conference,730252544,ELON,365525062,2020-03-03 13:00:00,9,1,0,2,1491601467,L. Riley,R,FA,L,0.0397701793886,3.3973629186,21.3003472344,8.82681176459,4.97132243807,SS,BB,-0.476724734644,5.94556659335,91.6834446828,2529.3518239,202.47799054,-0.15
994,2020,730156288,LIB,D1 Atlantic Sun Conference,730252544,ELON,365525062,2020-03-03 13:00:00,9,1,1,2,1491601467,L. Riley,R,FA,L,0.877666021182,3.60543870989,18.4447937316,4.47411695884,5.11990919933,B,BB,-0.522501125805,6.05251370782,92.0636861109,2242.62795714,193.611866048,0.13
995,2020,730156288,LIB,D1 Atlantic Sun Conference,730252544,ELON,365525062,2020-03-03 13:00:00,9,2,1,2,1491601467,L. Riley,R,FA,L,0.138932666751,0.707543963515,21.1669707926,8.55812342924,5.02919827259,B,BB,-0.802269320568,5.98634476157,91.2627738325,2386.11654319,201.983415033,0.13
996,2020,730156288,LIB,D1 Atlantic Sun Conference,730252544,ELON,365525062,2020-03-03 13:00:00,9,3,1,2,1491601467,L. Riley,R,FA,L,-1.29609366854,3.01901483119,22.0370758297,7.01072624276,5.00186532667,B,BB,-0.633262310197,6.03792941577,90.383868967,2420.84137736,197.622333364,0.8
997,2020,730156288,LIB,D1 Atlantic Sun Conference,730252544,ELON,365525062,2020-03-03 13:00:00,9,0,0,2,1491601467,L. Riley,R,FA,L,-0.429627613897,2.22176979392,22.6067911632,5.03339465592,5.04312017916,SL,K,-0.593016266576,6.03026694909,89.3192468289,2132.30124449,192.533698594,-0.15
998,2020,730156288,LIB,D1 Atlantic Sun Conference,730252544,ELON,365525062,2020-03-03 13:00:00,9,0,1,2,1491601467,L. Riley,R,SL,L,0.0657398245628,1.54347048326,3.39745880068,-8.57596867441,5.28073496309,SS,K,-0.707132349481,5.84116669981,83.2333464857,2296.53387517,111.834664506,-0.15
999,2020,730156288,LIB,D1 Atlantic Sun Conference,730252544,ELON,365525062,2020-03-03 13:00:00,9,0,2,2,1491601467,L. Riley,R,FA,L,-0.178870858914,2.75001393789,24.3096514682,8.8658262328,4.98196492243,F,K,-0.670650057877,6.24903999782,91.6506560966,2347.08574706,200.012281922,0.0
1000,2020,730156288,LIB,D1 Atlantic Sun Conference,730252544,ELON,365525062,2020-03-03 13:00:00,9,0,2,2,1491601467,L. Riley,R,SL,L,-0.193372208038,0.596065313895,9.94585543865,-5.78496444401,5.30609193235,B,K,-0.760201515475,5.92803234494,83.6284198976,2304.68355249,149.910961349,0.13
1001,2020,730156288,LIB,D1 Atlantic Sun Conference,730252544,ELON,365525062,2020-03-03 13:00:00,9,1,2,2,1491601467,L. Riley,R,SL,L,0.552359719198,1.30687704386,4.81174886654,-9.21272972265,5.32705364286,SS,K,-0.679336447282,5.86542649867,83.6704654959,2365.23908103,117.762994207,-0.15
1002,2020,730181888,UNC,D1 Atlantic Coast Conference,730252544,ELON,153051572,2020-02-18 13:00:00,1,0,0,0,1255823195,C. OBrien,L,FA,R,0.390056577177,4.68519763302,13.5879174865,-6.71220077609,5.73320189092,B,IP_OUT,0.146039633755,6.28614075816,87.1836763309,1821.7409208,153.769034543,0.13
1003,2020,730181888,UNC,D1 Atlantic Coast Conference,730252544,ELON,153051572,2020-02-18 13:00:00,1,1,0,0,1255823195,C. OBrien,L,FA,R,1.36939559357,2.87122691924,20.9617436668,-8.33909231941,5.81924317618,B,IP_OUT,0.042450974178,6.43192621942,88.0872905478,1862.28304757,158.338086122,0.13
1004,2020,730181888,UNC,D1 Atlantic Coast Conference,730252544,ELON,153051572,2020-02-18 13:00:00,1,2,0,0,1255823195,C. OBrien,L,FA,R,0.358229912858,3.326038548,18.0444564147,-7.921906444,5.85526447931,F,IP_OUT,0.0185658184528,6.07624406368,87.167611734,1838.59415696,156.338080825,-0.15
1005,2020,730181888,UNC,D1 Atlantic Coast Conference,730252544,ELON,153051572,2020-02-18 13:00:00,1,2,1,0,1255823195,C. OBrien,L,FA,R,0.913986462371,5.0141804429,22.4670414458,-7.26093224302,5.72111916435,B,IP_OUT,-0.0739754566507,6.3028480838,87.9003504083,1899.55632119,162.115603329,0.13
1006,2020,730181888,UNC,D1 Atlantic Coast Conference,730252544,ELON,153051572,2020-02-18 13:00:00,1,3,1,0,1255823195,C. OBrien,L,FA,R,0.834693734723,2.24739610389,22.1043019725,-4.41790185977,5.92038542703,SL,IP_OUT,-0.0488673149168,6.33701811868,87.6722722813,1814.67183735,168.714340348,-0.15
1007,2020,730181888,UNC,D1 Atlantic Coast Conference,730252544,ELON,153051572,2020-02-18 13:00:00,1,3,2,0,1255823195,C. OBrien,L,FA,R,-0.535522960134,2.25484721856,18.651392722,-6.5242876871,5.95145590132,F,IP_OUT,-0.0998412118709,6.20591212294,88.101739529,1805.49918622,160.752176839,0.0
1008,2020,730181888,UNC,D1 Atlantic Coast Conference,730252544,ELON,153051572,2020-02-18 13:00:00,1,3,2,0,1255823195,C. OBrien,L,FA,R,-0.0302383201783,3.61574110464,34.2942159064,-5.6762355112,5.70241029758,F,IP_OUT,-0.0496220843416,7.08558988351,90.0228108826,1812.69108493,170.610747653,0.0
1009,2020,730181888,UNC,D1 Atlantic Coast Conference,730252544,ELON,153051572,2020-02-18 13:00:00,1,0,0,1,1255823195,C. OBrien,L,FA,L,0.195071020183,4.11214112401,19.120411917,-5.80259451166,5.82408738363,B,IP_OUT,0.00733830852418,6.25111098611,87.1610982387,1768.25414584,163.146425336,0.13
1010,2020,730181888,UNC,D1 Atlantic Coast Conference,730252544,ELON,153051572,2020-02-18 13:00:00,1,1,0,1,1255823195,C. OBrien,L,FA,L,0.625512016168,3.52925768954,38.01953804,-5.59996352063,5.84350527108,B,IP_OUT,-0.114730800253,7.12863022491,88.2295477669,1768.71217439,171.628380118,0.13
1011,2020,730181888,UNC,D1 Atlantic Coast Conference,730252544,ELON,153051572,2020-02-18 13:00:00,1,2,0,1,1255823195,C. OBrien,L,FA,L,0.0390201757301,3.35336632382,20.5733540993,-7.073066019,5.75477792729,SL,IP_OUT,-0.030082582544,6.33056323486,87.0050882954,1711.17731054,161.056482236,-0.15
1012,2020,730181888,UNC,D1 Atlantic Coast Conference,730252544,ELON,153051572,2020-02-18 13:00:00,1,2,1,1,1255823195,C. OBrien,L,FA,L,-0.0753518006866,3.0329509973,20.5135242852,-5.44340589836,5.87122556128,F,IP_OUT,-0.00255785552114,6.23503084497,87.4748630284,1784.30388781,165.162061575,-0.15
1013,2020,730181888,UNC,D1 Atlantic Coast Conference,730252544,ELON,153051572,2020-02-18 13:00:00,1,2,2,1,1255823195,C. OBrien,L,FA,L,-0.217892298488,3.07950332116,15.4455554533,-3.85767598914,5.91887516409,F,IP_OUT,-0.0589863625203,6.0905874854,88.7741826578,1763.80020515,166.005721373,0.0
1014,2020,730181888,UNC,D1 Atlantic Coast Conference,730252544,ELON,153051572,2020-02-18 13:00:00,1,0,0,2,1255823195,C. OBrien,L,CH,R,-1.28306897358,2.25647077596,7.8147687002,-9.06295916886,6.09568232573,B,K,-0.120000547525,5.96252881539,76.7984985268,1460.07613518,130.929830244,0.13
1015,2020,730181888,UNC,D1 Atlantic Coast Conference,730252544,ELON,153051572,2020-02-18 13:00:00,1,1,0,2,1255823195,C. OBrien,L,FA,R,0.011064951806,1.10682108993,18.1662284249,-2.73429118147,6.11278863913,B,K,0.04047147953,6.27710447613,87.1537739922,1771.66795207,171.456396032,0.13
1016,2020,730181888,UNC,D1 Atlantic Coast Conference,730252544,ELON,153051572,2020-02-18 13:00:00,1,2,0,2,1255823195,C. OBrien,L,FA,R,-0.519275835709,1.28601395556,19.4559378812,-9.44085301894,5.89393352076,SS,K,0.000417463332871,6.17398316979,87.5824950878,1833.10052983,154.155263672,-0.15
1017,2020,730181888,UNC,D1 Atlantic Coast Conference,730252544,ELON,153051572,2020-02-18 13:00:00,1,2,1,2,1255823195,C. OBrien,L,FA,R,0.0319767460839,1.57583280229,21.5262886878,-8.41934453135,5.93227920507,SL,K,-0.0147363126159,6.23529479246,87.7701033499,1891.42755064,158.669565031,-0.15
1018,2020,730181888,UNC,D1 Atlantic Coast Conference,730252544,ELON,153051572,2020-02-18 13:00:00,1,2,2,2,1255823195,C. OBrien,L,FA,R,-1.14421726199,2.71282431707,18.4959281422,-5.45587282164,5.85906808834,F,K,-0.189150320417,6.27258250905,87.6868514351,1870.91075572,163.593843928,0.0
1019,2020,730181888,UNC,D1 Atlantic Coast Conference,730252544,ELON,153051572,2020-02-18 13:00:00,1,2,2,2,1255823195,C. OBrien,L,CH,R,-0.60268006896,2.6645479409,12.4867707085,-6.62936438913,6.20121080525,SL,K,-0.0432873283619,6.49976457991,75.2668113468,1400.25885723,152.12294225,-0.15
1020,2020,730181888,UNC,D1 Atlantic Coast Conference,730252544,ELON,153051572,2020-02-18 13:00:00,2,0,0,0,1255823195,C. OBrien,L,FA,R,0.670756151899,3.98704402636,16.4865960295,-3.83839010551,6.10548244706,B,K,-0.0756907302064,6.18075060681,84.9251493401,1817.32333389,166.92143874,0.13
1021,2020,730181888,UNC,D1 Atlantic Coast Conference,730252544,ELON,153051572,2020-02-18 13:00:00,2,1,0,0,1255823195,C. OBrien,L,CH,R,0.249386570945,2.62521673691,12.1953897463,-11.9728025362,5.66910705113,SL,K,-0.0451072756977,6.43694791406,74.4966933061,1401.75529401,135.639515449,-0.15
1022,2020,730181888,UNC,D1 Atlantic Coast Conference,730252544,ELON,153051572,2020-02-18 13:00:00,2,1,1,0,1255823195,C. OBrien,L,FA,R,-0.0693874648185,3.22104302971,36.1057224322,-2.65273530967,5.77383650686,SL,K,-0.108687612522,7.24430007934,87.7895260516,1880.98435137,175.80198753,-0.15
1023,2020,730181888,UNC,D1 Atlantic Coast Conference,730252544,ELON,153051572,2020-02-18 13:00:00,2,1,2,0,1255823195,C. OBrien,L,FA,R,0.220630712733,3.28417456922,21.7829708734,-7.32777804752,5.93279352787,SL,K,0.0268245241388,6.28230023506,89.3391914555,1888.11607209,161.433290593,-0.15
1024,2020,730181888,UNC,D1 Atlantic Coast Conference,730252544,ELON,153051572,2020-02-18 13:00:00,2,0,0,1,1255823195,C. OBrien,L,CH,R,0.0905382488433,3.11226893951,16.6228130709,-8.3698656735,5.83969530996,SL,K,0.172743848642,6.33416803636,75.6251630284,1395.21405586,153.337765028,-0.15
1025,2020,730181888,UNC,D1 Atlantic Coast Conference,730252544,ELON,153051572,2020-02-18 13:00:00,2,0,1,1,1255823195,C. OBrien,L,CH,R,1.01245867799,3.08423080001,12.5127216404,-9.4672092835,5.8501349839,B,K,0.229700701752,6.29527843744,74.9859166123,1446.83494278,142.991406306,0.13
1026,2020,730181888,UNC,D1 Atlantic Coast Conference,730252544,ELON,153051572,2020-02-18 13:00:00,2,1,1,1,1255823195,C. OBrien,L,FA,R,0.42465996207,2.90214944229,19.5455913034,-4.58492266288,6.0396874492,F,K,0.205279558519,6.15164966097,87.4790278611,1877.45686852,166.820747696,-0.15
1027,2020,730181888,UNC,D1 Atlantic Coast Conference,730252544,ELON,153051572,2020-02-18 13:00:00,2,1,2,1,1255823195,C. OBrien,L,FA,R,-0.0789154715996,2.87099615009,21.2058767154,0.478597193875,6.00747310177,SS,K,0.229588948924,6.16506106488,89.8886204356,1891.85842411,181.2909078,-0.15
1028,2020,730181888,UNC,D1 Atlantic Coast Conference,730252544,ELON,153051572,2020-02-18 13:00:00,2,0,0,2,1255823195,C. OBrien,L,FA,L,1.24410784525,4.08556087359,15.5600608241,-10.9772041839,5.85669693245,B,BB,0.0565436403672,6.26710596072,86.8552252884,1882.19779723,144.859049061,0.13
1029,2020,730181888,UNC,D1 Atlantic Coast Conference,730252544,ELON,153051572,2020-02-18 13:00:00,2,1,0,2,1255823195,C. OBrien,L,FA,L,0.357923119382,1.80347194195,19.4553079312,-9.26183475022,6.19272040019,SL,BB,0.0282206180102,6.25783971237,86.7963089307,1854.23628772,154.582613793,-0.15
1030,2020,730181888,UNC,D1 Atlantic Coast Conference,730252544,ELON,153051572,2020-02-18 13:00:00,2,1,1,2,1255823195,C. OBrien,L,FA,L,-1.18619747025,2.36292229332,18.8913720913,-0.465126971329,6.0319740206,B,BB,-0.122713247743,6.13308382102,86.5923982947,1815.52615973,178.592213564,0.13
1031,2020,730181888,UNC,D1 Atlantic Coast Conference,730252544,ELON,153051572,2020-02-18 13:00:00,2,2,1,2,1255823195,C. OBrien,L,FA,L,-0.734093419824,4.04265349859,20.7022556863,-1.74106188906,6.03680272799,B,BB,-0.0565247455953,6.40023761448,87.6984990111,1871.31462772,175.200624165,0.13
1032,2020,730181888,UNC,D1 Atlantic Coast Conference,730252544,ELON,153051572,2020-02-18 13:00:00,2,3,1,2,1255823195,C. OBrien,L,FA,L,0.605620280272,2.93835013271,18.862368309,-0.0246597352419,5.98354098279,SL,BB,-0.0825439292165,6.25212371329,86.6874418178,1831.77415442,179.92523376,-0.15
1033,2020,730181888,UNC,D1 Atlantic Coast Conference,730252544,ELON,153051572,2020-02-18 13:00:00,2,3,2,2,1255823195,C. OBrien,L,FA,L,0.21670228764,4.32135923873,17.1717604755,-7.32115022009,5.91668781544,B,BB,0.0198148038167,6.24972022508,89.9171823918,1917.19685087,156.948334444,0.8
1034,2020,730181888,UNC,D1 Atlantic Coast Conference,730252544,ELON,153051572,2020-02-18 13:00:00,2,0,0,2,1255823195,C. OBrien,L,CH,R,0.158248912049,2.78584956801,10.5516755847,-15.4963095244,5.86034667158,SL,K,-0.00111925794676,6.2583034562,73.6329096672,1448.19195193,124.375703512,-0.15
1035,2020,730181888,UNC,D1 Atlantic Coast Conference,730252544,ELON,153051572,2020-02-18 13:00:00,2,0,1,2,1255823195,C. OBrien,L,FA,R,-0.837894527331,3.29123467994,18.0706651212,-10.5900577227,5.69028856518,SL,K,0.126524102893,6.17418118903,87.3159680898,1864.55920156,149.67677997,-0.15
1036,2020,730181888,UNC,D1 Atlantic Coast Conference,730252544,ELON,153051572,2020-02-18 13:00:00,2,0,2,2,1255823195,C. OBrien,L,FA,R,-0.353953923108,2.61869115031,18.759970229,-1.68632570821,5.77198364617,SS,K,-0.0416074806266,6.12457774554,88.0538241085,1851.37782049,174.872824089,-0.15
1037,2020,730181888,UNC,D1 Atlantic Coast Conference,730252544,ELON,153051572,2020-02-18 13:00:00,3,0,0,0,1255823195,C. OBrien,L,FA,L,0.250465785409,3.9118534991,18.685422623,-4.05271575487,5.78047460632,B,S,-0.0153349286702,6.28456186563,84.2127386286,1803.00674048,167.786221406,0.13
1038,2020,730181888,UNC,D1 Atlantic Coast Conference,730252544,ELON,153051572,2020-02-18 13:00:00,3,1,0,0,1255823195,C. OBrien,L,FA,L,-0.223732418369,2.2485158594,24.3439841543,-1.09876265414,5.82509808362,F,S,-0.142722951478,6.42012940594,83.9641141503,1805.68701861,177.419725652,-0.15
1039,2020,730181888,UNC,D1 Atlantic Coast Conference,730252544,ELON,153051572,2020-02-18 13:00:00,3,1,1,0,1255823195,C. OBrien,L,FA,L,0.271778628229,2.57795025778,21.2460856496,-6.98640123535,5.87618058245,F,S,0.0176033994687,6.32863462993,85.0135514038,1855.96859132,161.826453362,-0.15
1040,2020,730181888,UNC,D1 Atlantic Coast Conference,730252544,ELON,153051572,2020-02-18 13:00:00,3,1,2,0,1255823195,C. OBrien,L,CU,L,0.175826959288,1.80955907799,22.4785610162,-1.65220348529,5.93944925995,IP,S,0.111639266246,6.81973366252,78.3991517393,1814.55874194,175.804284902,1.0
1041,2020,730181888,UNC,D1 Atlantic Coast Conference,730252544,ELON,153051572,2020-02-18 13:00:00,3,0,0,0,1255823195,C. OBrien,L,FA,R,0.547082629926,4.46620835024,19.4317468699,-8.20894818432,5.5048032398,B,K,0.0306940559043,6.44346643379,82.691046291,1750.96166813,157.139654882,0.13
1042,2020,730181888,UNC,D1 Atlantic Coast Conference,730252544,ELON,153051572,2020-02-18 13:00:00,3,1,0,0,1255823195,C. OBrien,L,FA,R,1.23417882147,2.86583589412,12.1250404882,-7.21839998295,5.72967939645,B,K,0.0819565032787,6.04596031546,83.8901054262,1750.06673161,149.311784558,0.13
1043,2020,730181888,UNC,D1 Atlantic Coast Conference,730252544,ELON,153051572,2020-02-18 13:00:00,3,2,0,0,1255823195,C. OBrien,L,FA,R,0.0512114032681,2.77049603606,14.6235529719,-5.9122701817,5.7664299321,SL,K,0.0903757078493,6.10821118525,83.6518890421,1779.29134857,158.038056135,-0.15
1044,2020,730181888,UNC,D1 Atlantic Coast Conference,730252544,ELON,153051572,2020-02-18 13:00:00,3,2,1,0,1255823195,C. OBrien,L,FA,R,0.29741063085,3.59042351533,14.8474517372,-4.26974270821,6.00659828416,B,K,0.0177625451537,6.125395288,84.1135041074,1802.58429143,163.99434856,0.13
1045,2020,730181888,UNC,D1 Atlantic Coast Conference,730252544,ELON,153051572,2020-02-18 13:00:00,3,3,1,0,1255823195,C. OBrien,L,FA,R,0.0321687826334,2.77705980487,14.9972063654,-8.09804169137,5.77417399537,F,K,0.184093012365,6.10096336337,84.0294361393,1773.68361306,151.692235955,-0.15
1046,2020,730181888,UNC,D1 Atlantic Coast Conference,730252544,ELON,153051572,2020-02-18 13:00:00,3,3,2,0,1255823195,C. OBrien,L,CH,R,0.136537272505,0.975580328629,6.26320780676,-13.7293339026,5.58088978361,SS,K,0.0706258827533,6.2582515444,73.488554693,1328.71269019,114.691985394,-0.15
1047,2020,730181888,UNC,D1 Atlantic Coast Conference,730252544,ELON,153051572,2020-02-18 13:00:00,3,0,0,1,1255823195,C. OBrien,L,CH,R,1.06348458926,1.5482269634,14.9676357476,-12.7624966759,5.92104077044,B,K,0.0328748815027,6.56186430592,73.8916058862,1311.48358886,139.638249829,0.13
1048,2020,730181888,UNC,D1 Atlantic Coast Conference,730252544,ELON,153051572,2020-02-18 13:00:00,3,1,0,1,1255823195,C. OBrien,L,FA,R,0.502383777777,1.54961453019,21.0446435049,-7.85584086514,5.70487847697,SL,K,0.130203850045,6.3228823101,84.3488207846,1823.36073018,159.562834251,-0.15
1049,2020,730181888,UNC,D1 Atlantic Coast Conference,730252544,ELON,153051572,2020-02-18 13:00:00,3,1,1,1,1255823195,C. OBrien,L,FA,R,-1.12385056657,2.77778138752,21.6370776504,-2.09340633058,5.79426656292,SS,K,-0.0873468532156,6.31154597386,86.1828706628,1861.46570128,174.482796477,-0.15
1050,2020,730181888,UNC,D1 Atlantic Coast Conference,730252544,ELON,153051572,2020-02-18 13:00:00,3,1,2,1,1255823195,C. OBrien,L,FA,R,-0.415307446077,3.76104858867,16.3369232635,-2.65963396634,5.8256691492,SS,K,-0.0268349568247,6.01546140369,87.8124689384,1947.0410588,170.772349748,-0.15
1051,2020,730181888,UNC,D1 Atlantic Coast Conference,730252544,ELON,153051572,2020-02-18 13:00:00,3,0,0,2,1255823195,C. OBrien,L,FA,L,-0.739734310576,1.69406974734,21.2558449731,-7.52260249425,5.83022685157,SL,S,-0.0785871824937,6.35570622136,85.4731531343,1837.77372606,160.541234745,-0.15
1052,2020,730181888,UNC,D1 Atlantic Coast Conference,730252544,ELON,153051572,2020-02-18 13:00:00,3,0,1,2,1255823195,C. OBrien,L,FA,L,-0.506478900744,3.4043091226,33.8089619971,-6.26825699896,5.7114335052,B,S,-0.113599109773,6.94152602835,86.4968696684,1840.57455806,169.507338178,0.13
1053,2020,730181888,UNC,D1 Atlantic Coast Conference,730252544,ELON,153051572,2020-02-18 13:00:00,3,1,1,2,1255823195,C. OBrien,L,SL,L,-0.720378160997,2.02821809349,3.14395368683,3.23002207698,5.67597464668,SL,S,0.123468630471,6.29574566208,76.9935602391,1956.98493438,225.373753022,-0.15
1054,2020,730181888,UNC,D1 Atlantic Coast Conference,730252544,ELON,153051572,2020-02-18 13:00:00,3,1,2,2,1255823195,C. OBrien,L,FA,L,0.269335010654,2.60128658208,20.9536981247,-7.3397440317,5.87934219078,IP,S,0.0592750869397,6.2520925223,89.0519457547,1973.6766508,160.723792951,1.0
1055,2020,730181888,UNC,D1 Atlantic Coast Conference,730252544,ELON,153051572,2020-02-18 13:00:00,3,0,0,2,1255823195,C. OBrien,L,CH,R,0.503901153354,1.55975568859,16.1353022557,-11.1112823522,5.78437636646,SS,BB,0.137832094509,6.5226667703,75.1653998582,1353.17101042,145.524767984,-0.15
1056,2020,730181888,UNC,D1 Atlantic Coast Conference,730252544,ELON,153051572,2020-02-18 13:00:00,3,0,1,2,1255823195,C. OBrien,L,CH,R,0.862580708121,1.05391476343,10.5636648037,-11.2228930854,5.84079670428,B,BB,0.0721580454337,6.4016369954,74.1675519747,1328.02486808,133.395488474,0.13
1057,2020,730181888,UNC,D1 Atlantic Coast Conference,730252544,ELON,153051572,2020-02-18 13:00:00,3,1,1,2,1255823195,C. OBrien,L,FA,R,1.02954997055,2.62236134829,23.1016521048,-4.52953525771,5.65633284354,SL,BB,0.124652024729,6.46078266614,86.9051914516,1890.76472251,168.923150612,-0.15
1058,2020,730181888,UNC,D1 Atlantic Coast Conference,730252544,ELON,153051572,2020-02-18 13:00:00,3,1,2,2,1255823195,C. OBrien,L,FA,R,-0.716702920494,1.76288978414,19.7618263059,-8.12170315759,6.02764116104,F,BB,0.0874675459998,6.27023668329,89.9405467585,1965.00966307,157.691182484,0.0
1059,2020,730181888,UNC,D1 Atlantic Coast Conference,730252544,ELON,153051572,2020-02-18 13:00:00,3,1,2,2,1255823195,C. OBrien,L,FA,R,-0.114893015948,4.07877345133,20.5019835386,-7.43272537567,5.75818888843,B,BB,0.153050274559,6.45367544744,89.0844717243,1897.42512648,160.10259969,0.13
1060,2020,730181888,UNC,D1 Atlantic Coast Conference,730252544,ELON,153051572,2020-02-18 13:00:00,3,2,2,2,1255823195,C. OBrien,L,CH,R,0.207471141917,-0.163766993881,11.036275269,-9.25848354266,6.00351345248,B,BB,0.108461994597,6.43878223033,75.9677575676,1382.88521595,140.122972342,0.13
1061,2020,730181888,UNC,D1 Atlantic Coast Conference,730252544,ELON,153051572,2020-02-18 13:00:00,3,3,2,2,1255823195,C. OBrien,L,CH,R,0.738127718948,3.86944428857,21.6363906357,-9.36976714074,5.66418363711,B,BB,0.145208625606,6.59997038558,74.0842016364,1398.57343793,156.631866764,0.8
1062,2020,730181888,UNC,D1 Atlantic Coast Conference,730252544,ELON,153051572,2020-02-18 13:00:00,3,0,0,2,1255823195,C. OBrien,L,CH,R,-0.768557695098,2.13567972708,11.7217080707,-11.6364639073,5.79015188483,SL,HBP,0.0791539306014,6.44468128557,74.2845522145,1398.73134929,135.326910424,-0.15
1063,2020,730181888,UNC,D1 Atlantic Coast Conference,730252544,ELON,153051572,2020-02-18 13:00:00,3,0,1,2,1255823195,C. OBrien,L,CH,R,0.609106007053,2.92782542347,9.42685621733,-12.0881760526,5.49852725136,F,HBP,0.242028865125,6.25104593442,74.9071760519,1311.92209694,128.088910455,-0.15
1064,2020,730181888,UNC,D1 Atlantic Coast Conference,730252544,ELON,153051572,2020-02-18 13:00:00,3,0,2,2,1255823195,C. OBrien,L,FA,R,-1.92362304841,2.60485988942,19.2727871676,-3.71543715544,5.94467727282,HBP,HBP,0.0261356744335,6.23797555874,88.1287869183,1820.20272025,169.106991394,0.8
1065,2020,730181888,UNC,D1 Atlantic Coast Conference,730252544,ELON,153051572,2020-02-18 13:00:00,3,0,0,2,1255823195,C. OBrien,L,FA,R,-0.771558877545,1.85463361306,20.107952091,-1.17064270537,6.01758563447,SL,K,0.014272710706,6.32544283893,85.024054748,1767.29163637,176.674088752,-0.15
1066,2020,730181888,UNC,D1 Atlantic Coast Conference,730252544,ELON,153051572,2020-02-18 13:00:00,3,0,1,2,1255823195,C. OBrien,L,CH,R,-0.315988972877,1.73660214033,5.38086383453,-10.3302716597,5.60905228622,F,K,0.176635680598,6.07631133441,74.3093889393,1303.43206307,117.721045028,-0.15
1067,2020,730181888,UNC,D1 Atlantic Coast Conference,730252544,ELON,153051572,2020-02-18 13:00:00,3,0,2,2,1255823195,C. OBrien,L,CH,R,-0.306461329541,1.18459364103,18.4518353698,-6.87517320252,5.8706622275,SS,K,0.0715909487757,6.41380842935,74.5194710505,1292.4946527,159.613113527,-0.15
1068,2020,730181888,UNC,D1 Atlantic Coast Conference,730252544,ELON,153051572,2020-02-18 13:00:00,4,0,0,0,1765911261,K. Mott,R,FA,L,-1.18150146343,1.58199126959,17.5167697789,13.242902187,5.45000478016,SL,K,-2.38330115232,6.32582001485,90.8281024533,2215.53780657,217.039136253,-0.15
1069,2020,730181888,UNC,D1 Atlantic Coast Conference,730252544,ELON,153051572,2020-02-18 13:00:00,4,0,1,0,1765911261,K. Mott,R,FA,L,-0.834322120502,3.06267044751,12.6375127236,10.9618613873,5.30198131525,F,K,-2.39871677061,6.08469745519,91.3913886818,2143.80091338,220.866835058,-0.15
1070,2020,730181888,UNC,D1 Atlantic Coast Conference,730252544,ELON,153051572,2020-02-18 13:00:00,4,0,2,0,1765911261,K. Mott,R,SL,L,0.138967637575,0.796008793007,-9.30399194989,-12.9574403209,4.95090167869,SS,K,-2.51037711203,6.22536467123,77.095864908,2203.50597307,54.4550205143,-0.15
1071,2020,730181888,UNC,D1 Atlantic Coast Conference,730252544,ELON,153051572,2020-02-18 13:00:00,4,0,0,1,1765911261,K. Mott,R,FA,R,0.00257201722452,1.2062948153,19.9691380463,7.10822969514,5.50844939088,B,IP_OUT,-2.2742216171,6.30132530672,91.1887353272,2214.26738122,199.564464638,0.13
1072,2020,730181888,UNC,D1 Atlantic Coast Conference,730252544,ELON,153051572,2020-02-18 13:00:00,4,1,0,1,1765911261,K. Mott,R,FA,R,-0.496719037059,2.03968728263,17.7002662165,10.9789071431,5.40799172846,SL,IP_OUT,-2.38029025653,6.2127783003,91.4397393312,2168.046144,211.76332805,-0.15
1073,2020,730181888,UNC,D1 Atlantic Coast Conference,730252544,ELON,153051572,2020-02-18 13:00:00,4,1,1,1,1765911261,K. Mott,R,SL,R,-0.0734065240361,2.91586439782,-1.90536254224,-11.1667185433,4.85665599924,SL,IP_OUT,-2.54816849984,6.34500393619,77.7194332619,1920.19419814,80.5443427917,-0.15
1074,2020,730181888,UNC,D1 Atlantic Coast Conference,730252544,ELON,153051572,2020-02-18 13:00:00,4,0,0,2,1765911261,K. Mott,R,FA,L,0.900575217449,0.750771788481,19.8384383774,11.2792751198,5.30245414786,SS,S,-2.27633838816,6.32571149824,91.9706563025,2246.02427756,209.580880265,-0.15
1075,2020,730181888,UNC,D1 Atlantic Coast Conference,730252544,ELON,153051572,2020-02-18 13:00:00,4,0,1,2,1765911261,K. Mott,R,FA,L,-1.77576036711,4.10986317385,17.5572999554,14.2680365052,5.03256911727,B,S,-2.3394205869,6.39034448083,92.3904694461,2276.82595026,219.048246616,0.13
1076,2020,730181888,UNC,D1 Atlantic Coast Conference,730252544,ELON,153051572,2020-02-18 13:00:00,4,1,1,2,1765911261,K. Mott,R,FA,L,-0.805016734831,2.07051097904,17.2879186376,15.0346393562,5.38654879504,IP,S,-2.50746178,6.24306575614,91.325543113,2342.93264767,220.959099546,1.0
1077,2020,730181888,UNC,D1 Atlantic Coast Conference,730252544,ELON,153051572,2020-02-18 13:00:00,4,0,0,2,1765911261,K. Mott,R,FA,R,0.222913758013,2.69333456862,17.3348934926,11.8998687964,5.45990205728,F,K,-2.35019034448,6.19556216011,89.5429180537,2148.51777388,214.416920802,-0.15
1078,2020,730181888,UNC,D1 Atlantic Coast Conference,730252544,ELON,153051572,2020-02-18 13:00:00,4,0,1,2,1765911261,K. Mott,R,SL,R,-1.43831951371,4.97761836085,-3.32904409628,-14.1279641164,4.89261913973,B,K,-2.46150105721,6.34745443747,76.1838533654,1861.4677314,76.9205830742,0.13
1079,2020,730181888,UNC,D1 Atlantic Coast Conference,730252544,ELON,153051572,2020-02-18 13:00:00,4,1,1,2,1765911261,K. Mott,R,FA,R,-1.37021165372,3.53663792286,12.4873042507,7.18888061097,5.39356304935,B,K,-2.35518122541,6.04259124966,89.2791519858,2159.92468835,209.863331283,0.13
1080,2020,730181888,UNC,D1 Atlantic Coast Conference,730252544,ELON,153051572,2020-02-18 13:00:00,4,2,1,2,1765911261,K. Mott,R,FA,R,-0.277753152325,2.86072623432,18.4731237827,9.78799614316,5.32518517204,SS,K,-2.26124311322,6.20628255954,88.7509136992,2149.38304933,207.873534161,-0.15
1081,2020,730181888,UNC,D1 Atlantic Coast Conference,730252544,ELON,153051572,2020-02-18 13:00:00,4,2,2,2,1765911261,K. Mott,R,FA,R,-1.34943530814,3.62509872424,31.2532965275,10.1186305481,5.33736385182,B,K,-2.38166727385,6.97223398468,91.2077321654,2170.92396485,197.922671876,0.13
1082,2020,730181888,UNC,D1 Atlantic Coast Conference,730252544,ELON,153051572,2020-02-18 13:00:00,4,3,2,2,1765911261,K. Mott,R,FA,R,-0.228987726192,3.26132086729,15.9853046916,8.14945251568,5.39989410116,SS,K,-2.38621823225,5.94224379087,89.8123682768,2229.73873267,206.965207971,-0.15
1083,2020,730181888,UNC,D1 Atlantic Coast Conference,730252544,ELON,153051572,2020-02-18 13:00:00,5,0,0,0,1765911261,K. Mott,R,FA,R,-0.567731995794,3.69799978976,12.7415596631,11.0363641325,5.39037004077,B,K,-2.20792605345,5.85938598239,89.5677884929,2230.5983582,220.823546769,0.13
1084,2020,730181888,UNC,D1 Atlantic Coast Conference,730252544,ELON,153051572,2020-02-18 13:00:00,5,1,0,0,1765911261,K. Mott,R,FA,R,0.560913162588,2.58961654575,17.4537687288,4.83668612979,5.37221079959,F,K,-2.39921376365,6.13016013627,87.9865659938,2206.05543283,195.459428156,-0.15
1085,2020,730181888,UNC,D1 Atlantic Coast Conference,730252544,ELON,153051572,2020-02-18 13:00:00,5,1,1,0,1765911261,K. Mott,R,SL,R,-0.629075515327,2.27942945243,-4.9763529452,-15.9602577483,4.89298616783,SL,K,-2.50052913047,6.28903548569,76.8203693646,2068.63205881,72.8343179517,-0.15
1086,2020,730181888,UNC,D1 Atlantic Coast Conference,730252544,ELON,153051572,2020-02-18 13:00:00,5,1,2,0,1765911261,K. Mott,R,SL,R,1.24743274335,1.68889163972,-9.38843014988,-15.5255639827,4.64764502218,B,K,-2.37728361304,6.13786284908,77.3312866136,2015.03098548,58.9636476323,0.13
1087,2020,730181888,UNC,D1 Atlantic Coast Conference,730252544,ELON,153051572,2020-02-18 13:00:00,5,2,2,0,1765911261,K. Mott,R,SL,R,0.212209421465,3.39402848371,-0.572793344925,-14.834169655,4.91747984781,F,K,-2.560298476,6.42991265135,77.313567748,1994.77171344,87.965378159,0.0
1088,2020,730181888,UNC,D1 Atlantic Coast Conference,730252544,ELON,153051572,2020-02-18 13:00:00,5,2,2,0,1765911261,K. Mott,R,FA,R,0.37886791599,1.80409292294,20.4743919672,10.0457507483,5.42123364724,F,K,-2.24888869717,6.37785550302,91.692235181,2324.26047457,206.099242226,0.0
1089,2020,730181888,UNC,D1 Atlantic Coast Conference,730252544,ELON,153051572,2020-02-18 13:00:00,5,2,2,0,1765911261,K. Mott,R,SL,R,-0.259962070753,1.50388030375,-15.6257011663,-15.4066723521,4.82438147885,F,K,-2.37604422057,6.15517516891,77.8487615969,2233.94402351,44.6786951587,0.0
1090,2020,730181888,UNC,D1 Atlantic Coast Conference,730252544,ELON,153051572,2020-02-18 13:00:00,5,2,2,0,1765911261,K. Mott,R,FA,R,-0.247654933855,2.22452916236,19.4588823102,7.20333430527,5.46844664191,F,K,-2.25684064157,6.2810233023,91.7990662211,2219.57043599,200.283032269,0.0
1091,2020,730181888,UNC,D1 Atlantic Coast Conference,730252544,ELON,153051572,2020-02-18 13:00:00,5,2,2,0,1765911261,K. Mott,R,FA,R,-0.275955276935,3.36669544917,17.4012007501,5.74952893995,5.31332013939,F,K,-2.24497631288,6.12148568921,90.8612275262,2272.03207841,198.251805299,0.0
1092,2020,730181888,UNC,D1 Atlantic Coast Conference,730252544,ELON,153051572,2020-02-18 13:00:00,5,2,2,0,1765911261,K. Mott,R,SL,R,-0.523721940115,3.71642572434,-6.61613268971,-13.1890807167,4.89499449495,B,K,-2.46903029921,6.38773003768,78.4872236461,2244.34134143,63.5154122614,0.13
1093,2020,730181888,UNC,D1 Atlantic Coast Conference,730252544,ELON,153051572,2020-02-18 13:00:00,5,3,2,0,1765911261,K. Mott,R,SL,R,-0.657226325403,2.60683606429,-5.53621286222,-11.3073303777,5.21457415244,SL,K,-2.57854515925,6.22399055567,78.070537641,2158.50299558,64.0939453413,-0.15
1094,2020,730181888,UNC,D1 Atlantic Coast Conference,730252544,ELON,153051572,2020-02-18 13:00:00,5,0,0,1,1765911261,K. Mott,R,FA,L,-1.38095274314,2.48710894314,18.5633383432,10.6692304389,5.46350578409,B,IP_OUT,-2.34556094407,6.23780530874,90.4187081216,2243.71733786,209.844273951,0.13
1095,2020,730181888,UNC,D1 Atlantic Coast Conference,730252544,ELON,153051572,2020-02-18 13:00:00,5,1,0,1,1765911261,K. Mott,R,FA,L,-0.339460638854,3.50068755707,19.9203901132,9.97079962597,5.28185209964,B,IP_OUT,-2.40025562422,6.12398789134,89.8963121104,2179.05261899,206.551025321,0.13
1096,2020,730181888,UNC,D1 Atlantic Coast Conference,730252544,ELON,153051572,2020-02-18 13:00:00,5,2,0,1,1765911261,K. Mott,R,FA,L,-0.578680992369,2.92842168804,14.1805408157,11.9743188182,5.38658776975,F,IP_OUT,-2.46182440792,5.96775003577,90.2691949804,2275.21938793,220.112875306,-0.15
1097,2020,730181888,UNC,D1 Atlantic Coast Conference,730252544,ELON,153051572,2020-02-18 13:00:00,5,2,1,1,1765911261,K. Mott,R,SL,L,-3.19320575443,4.34045831501,0.604258742031,-13.0082213363,4.91621661613,B,IP_OUT,-2.50390138793,6.40441224997,77.3941439614,1561.91960947,92.8605183488,0.13
1098,2020,730181888,UNC,D1 Atlantic Coast Conference,730252544,ELON,153051572,2020-02-18 13:00:00,5,3,1,1,1765911261,K. Mott,R,FA,L,0.25513868226,2.82017019613,17.0147570413,7.83443343539,5.37882767104,F,IP_OUT,-2.53009389623,6.0972993204,88.736749532,2190.99260044,204.680191621,-0.15
1099,2020,730181888,UNC,D1 Atlantic Coast Conference,730252544,ELON,153051572,2020-02-18 13:00:00,5,0,0,2,1765911261,K. Mott,R,FA,L,-0.798665054544,1.65690372679,20.4352056654,12.2740948886,5.52779866127,SL,IP_OUT,-2.37041062104,6.3377517461,91.6948007266,2418.890428,210.951178483,-0.15
1100,2020,730181888,UNC,D1 Atlantic Coast Conference,730252544,ELON,153051572,2020-02-18 13:00:00,5,0,1,2,1765911261,K. Mott,R,FA,L,-0.699656326944,3.44252706466,40.7159877743,11.9547075685,5.32189495372,F,IP_OUT,-2.17117156673,7.29998377031,92.0974905923,2303.44148199,196.350528501,-0.15
1101,2020,730181888,UNC,D1 Atlantic Coast Conference,730252544,ELON,153051572,2020-02-18 13:00:00,6,0,0,0,1765911261,K. Mott,R,FA,R,0.188861618198,2.76852951825,22.2700717492,5.45498580206,5.38108237121,SS,IP_OUT,-2.29574539905,6.27728394707,88.403983302,2167.66820405,193.743035821,-0.15
1102,2020,730181888,UNC,D1 Atlantic Coast Conference,730252544,ELON,153051572,2020-02-18 13:00:00,6,0,1,0,1765911261,K. Mott,R,FA,R,0.681001298615,1.82822470115,22.4348269345,8.10391829061,5.25467045372,SL,IP_OUT,-2.25370978312,6.4722350368,89.7325167439,1953.15460889,199.833425652,-0.15
1103,2020,730181888,UNC,D1 Atlantic Coast Conference,730252544,ELON,153051572,2020-02-18 13:00:00,6,0,0,1,1765911261,K. Mott,R,SL,R,-0.353116657651,2.65290135961,-5.58704405689,-16.4065941618,4.7947922731,SL,IP_OUT,-2.54399662816,6.20875063903,77.6522049069,2121.1714753,71.3367304931,-0.15
1104,2020,730181888,UNC,D1 Atlantic Coast Conference,730252544,ELON,153051572,2020-02-18 13:00:00,6,0,1,1,1765911261,K. Mott,R,SL,R,1.55064776093,2.21318279755,-5.1772896782,-15.5562216988,5.08445478527,B,IP_OUT,-2.36028646826,6.28506814072,76.8699709055,2014.33112162,71.7464457383,0.13
1105,2020,730181888,UNC,D1 Atlantic Coast Conference,730252544,ELON,153051572,2020-02-18 13:00:00,6,1,1,1,1765911261,K. Mott,R,FA,R,-0.788731138289,3.6099886782,30.2449268938,11.5981948902,5.33595178252,B,IP_OUT,-1.95473121415,6.99982955782,89.6261359673,2252.16172886,200.959140721,0.13
1106,2020,730181888,UNC,D1 Atlantic Coast Conference,730252544,ELON,153051572,2020-02-18 13:00:00,6,2,1,1,1765911261,K. Mott,R,FA,R,0.244744889475,1.88334902635,15.7492626776,15.3601308897,5.68342947877,SL,IP_OUT,-2.31382733909,6.23665442754,88.6468302127,2177.2834884,224.22145441,-0.15
1107,2020,730181888,UNC,D1 Atlantic Coast Conference,730252544,ELON,153051572,2020-02-18 13:00:00,6,2,2,1,1765911261,K. Mott,R,SL,R,-0.338651478969,3.16867611923,-9.31983591675,-13.1530509963,4.72844584255,F,IP_OUT,-2.48191777893,6.25121804257,78.2619833206,2215.91301023,54.8103982692,0.0
1108,2020,730181888,UNC,D1 Atlantic Coast Conference,730252544,ELON,153051572,2020-02-18 13:00:00,6,0,0,2,1765911261,K. Mott,R,FA,L,-1.3255900224,2.72214095979,15.7821232737,14.0489522722,5.29694948421,SL,IP_OUT,-2.33266577296,6.26910318985,89.673720694,2178.75209199,221.61424309,-0.15
1109,2020,730181888,UNC,D1 Atlantic Coast Conference,730252544,ELON,153051572,2020-02-18 13:00:00,7,0,0,0,1304999568,G. Gillian,R,FA,R,-0.686904323258,2.99556666571,18.6171231852,5.44923694438,5.09223310128,SL,D,0.369354727285,6.38924737674,85.865825211,1955.07593194,196.284313667,-0.15
1110,2020,730181888,UNC,D1 Atlantic Coast Conference,730252544,ELON,153051572,2020-02-18 13:00:00,7,0,1,0,1304999568,G. Gillian,R,FA,R,0.0760308938614,1.08242623447,18.3924917143,2.18197582885,5.32657585559,B,D,0.488648948399,6.51023463732,86.8014633423,2297.43423883,186.752662192,0.13
1111,2020,730181888,UNC,D1 Atlantic Coast Conference,730252544,ELON,153051572,2020-02-18 13:00:00,7,1,1,0,1304999568,G. Gillian,R,FA,R,-0.541590938521,3.68453989676,23.4060222183,8.40266337639,5.18902342536,F,D,0.544667667115,6.66515288555,86.3264118716,2108.22686374,199.719703084,-0.15
1112,2020,730181888,UNC,D1 Atlantic Coast Conference,730252544,ELON,153051572,2020-02-18 13:00:00,7,1,2,0,1304999568,G. Gillian,R,CU,R,0.990344540371,1.09706280159,-7.5668434979,-1.76734153749,4.5844832338,B,D,0.515967232665,6.49691356494,74.2783161301,2110.97360744,13.2315143687,0.13
1113,2020,730181888,UNC,D1 Atlantic Coast Conference,730252544,ELON,153051572,2020-02-18 13:00:00,7,2,2,0,1304999568,G. Gillian,R,CU,R,-0.299791453137,3.01273842653,0.590228398416,-5.26116571358,4.60622623878,F,D,0.407847452274,6.75596676407,74.0848013756,2072.47146395,96.9504366118,0.0
1114,2020,730181888,UNC,D1 Atlantic Coast Conference,730252544,ELON,153051572,2020-02-18 13:00:00,7,2,2,0,1304999568,G. Gillian,R,CU,R,0.598723761552,1.32528091141,-11.2704700211,-7.89679523292,4.44648265087,B,D,0.44671521056,6.5493118822,74.4717253028,2179.52479265,35.1382840724,0.13
1115,2020,730181888,UNC,D1 Atlantic Coast Conference,730252544,ELON,153051572,2020-02-18 13:00:00,7,3,2,0,1304999568,G. Gillian,R,FA,R,0.848921618394,3.58485947712,23.9021105942,7.14228537822,5.28587416513,F,D,0.463193953753,6.54917474909,88.497101669,2179.31939421,196.614293099,0.0
1116,2020,730181888,UNC,D1 Atlantic Coast Conference,730252544,ELON,153051572,2020-02-18 13:00:00,7,3,2,0,1304999568,G. Gillian,R,CU,R,-0.210579930884,1.65428603673,-5.69111642564,-6.61738398598,4.52939907444,IP,D,0.445114342202,6.67711092009,74.005765783,2117.03527455,49.5564554233,1.26
1117,2020,730181888,UNC,D1 Atlantic Coast Conference,730252544,ELON,153051572,2020-02-18 13:00:00,7,0,0,0,1304999568,G. Gillian,R,CU,L,0.222150544034,0.342050691189,-5.00586919322,-6.17534557313,4.57367596806,B,K,0.368033414246,6.77123306212,72.9665381249,2008.22273719,51.2652177133,0.13
1118,2020,730181888,UNC,D1 Atlantic Coast Conference,730252544,ELON,153051572,2020-02-18 13:00:00,7,1,0,0,1304999568,G. Gillian,R,FA,L,-0.291094880032,2.13774269262,18.9232111719,7.11061071096,5.20762384422,F,K,0.630086331041,6.55246159833,87.6829738306,2138.96233101,200.5593534,-0.15
1119,2020,730181888,UNC,D1 Atlantic Coast Conference,730252544,ELON,153051572,2020-02-18 13:00:00,7,1,1,0,1304999568,G. Gillian,R,FA,L,-0.877316916906,2.85277217931,19.6968688767,2.38745736207,5.01510531277,SL,K,0.514133069589,6.48553123784,88.5931041521,2225.534733,186.899140634,-0.15
1120,2020,730181888,UNC,D1 Atlantic Coast Conference,730252544,ELON,153051572,2020-02-18 13:00:00,7,1,2,0,1304999568,G. Gillian,R,FA,L,-0.973474812746,2.07932460977,22.3671272527,1.74246833565,5.08550392472,SL,K,0.515349631677,6.50677067089,88.1999730022,2297.24847784,184.44761773,-0.15
1121,2020,730181888,UNC,D1 Atlantic Coast Conference,730252544,ELON,153051572,2020-02-18 13:00:00,7,0,0,1,1304999568,G. Gillian,R,FA,L,-0.252438953002,3.42347655811,26.9359864991,3.2532436856,5.12001141091,B,BB,0.563392938473,6.77586876936,87.8904682591,2236.20183803,186.877790802,0.13
1122,2020,730181888,UNC,D1 Atlantic Coast Conference,730252544,ELON,153051572,2020-02-18 13:00:00,7,1,0,1,1304999568,G. Gillian,R,FA,L,-0.00200380444703,2.54360291949,20.6549595043,-0.382297103178,5.3281157098,F,BB,0.719968903135,6.49573419919,88.9035462652,2281.89209698,178.941374459,-0.15
1123,2020,730181888,UNC,D1 Atlantic Coast Conference,730252544,ELON,153051572,2020-02-18 13:00:00,7,1,1,1,1304999568,G. Gillian,R,FA,L,-0.509883625345,4.31912102052,20.5784241299,-3.04863138515,4.99433012063,B,BB,0.712082336277,6.61508487297,88.3150021516,2119.15889093,171.587130977,0.13
1124,2020,730181888,UNC,D1 Atlantic Coast Conference,730252544,ELON,153051572,2020-02-18 13:00:00,7,2,1,1,1304999568,G. Gillian,R,CU,L,-0.718894506263,4.20924132662,-12.2917801999,-1.92709940268,4.72924141686,B,BB,0.392426337023,6.6979850606,73.5937674536,1988.94493588,8.9469854845,0.13
1125,2020,730181888,UNC,D1 Atlantic Coast Conference,730252544,ELON,153051572,2020-02-18 13:00:00,7,3,1,1,1304999568,G. Gillian,R,CU,L,-0.448822297735,5.27841634243,-4.26433824711,-4.60707698915,4.50862648101,B,BB,0.480661579685,6.68472530899,72.9217719559,2031.06162718,47.5645943329,0.8
1126,2020,730181888,UNC,D1 Atlantic Coast Conference,730252544,ELON,153051572,2020-02-18 13:00:00,7,0,0,1,1304999568,G. Gillian,R,CU,R,0.273708350419,1.99308263478,-4.89890431415,-1.62790890952,4.67272729503,SL,K,0.528769516077,6.5799399544,73.5935747941,2079.32430328,18.5622825285,-0.15
1127,2020,730181888,UNC,D1 Atlantic Coast Conference,730252544,ELON,153051572,2020-02-18 13:00:00,7,0,1,1,1304999568,G. Gillian,R,CU,R,-0.387175392187,2.42955122015,-9.63024592866,-1.84607613013,4.67236619222,SL,K,0.491599107266,6.62544729776,73.730640113,1972.18293626,10.9080974925,-0.15
1128,2020,730181888,UNC,D1 Atlantic Coast Conference,730252544,ELON,153051572,2020-02-18 13:00:00,7,0,2,1,1304999568,G. Gillian,R,CU,R,-0.061917843859,3.14361371612,-5.3107575963,-8.10920010206,6.52755309983,F,K,0.422517433909,6.69610975417,72.1959475511,2095.86484193,57.023178255,0.0
1129,2020,730181888,UNC,D1 Atlantic Coast Conference,730252544,ELON,153051572,2020-02-18 13:00:00,7,0,2,1,1304999568,G. Gillian,R,FA,R,0.442256836703,3.95950217087,21.1772932222,-0.944920542066,5.06458592528,SS,K,0.59465606149,6.41753955113,87.5605292727,2157.97493236,177.449477139,-0.15
1130,2020,730181888,UNC,D1 Atlantic Coast Conference,730252544,ELON,153051572,2020-02-18 13:00:00,7,0,0,2,1325221687,S. Rapp,L,SL,L,0.480972866331,2.01546312772,-4.57665411226,15.5251569241,4.61805931912,SL,K,3.43232075005,5.30134416813,76.7114882638,2478.63810571,286.263989905,-0.15
1131,2020,730181888,UNC,D1 Atlantic Coast Conference,730252544,ELON,153051572,2020-02-18 13:00:00,7,0,1,2,1325221687,S. Rapp,L,SL,L,0.148213632299,2.40736310477,-3.80230192384,17.6297307251,4.33673001294,SL,K,3.37518923925,5.3925664495,77.7205434755,2493.71985159,282.025372324,-0.15
1132,2020,730181888,UNC,D1 Atlantic Coast Conference,730252544,ELON,153051572,2020-02-18 13:00:00,7,0,2,2,1325221687,S. Rapp,L,SL,L,0.5235927606,2.867893316,3.94681153603,15.5637151219,4.63624766924,SL,K,3.36893987303,5.3594054709,78.163271084,2314.0842695,255.612607182,-0.15
1133,2020,730181888,UNC,D1 Atlantic Coast Conference,730252544,ELON,153051572,2020-02-18 13:00:00,8,0,0,0,1325221687,S. Rapp,L,FA,L,0.528517383674,3.3340892448,14.0445968674,-16.2686303946,5.04904918836,B,IP_OUT,3.08545776661,5.75493091125,86.352939748,2106.77203466,130.877395721,0.13
1134,2020,730181888,UNC,D1 Atlantic Coast Conference,730252544,ELON,153051572,2020-02-18 13:00:00,8,0,0,2,1325221687,S. Rapp,L,FA,R,0.0501539318791,2.85735633741,7.08574085738,-17.3968615612,5.22647730855,SL,IP_OUT,3.33136066785,5.48532050017,86.925872399,2191.96367036,112.262189597,-0.15
1135,2020,730181888,UNC,D1 Atlantic Coast Conference,730252544,ELON,153051572,2020-02-18 13:00:00,9,0,0,0,1325221687,S. Rapp,L,FA,L,-1.19649262431,0.81560057516,11.5140619874,-11.0400866215,5.28511157564,B,BB,3.08462203054,5.59692628306,84.8779130157,2137.96701863,136.296855693,0.13
1136,2020,730181888,UNC,D1 Atlantic Coast Conference,730252544,ELON,153051572,2020-02-18 13:00:00,9,1,0,0,1325221687,S. Rapp,L,FA,L,-1.49877532843,2.95838964096,13.5476895136,-12.6049873794,5.48956148462,B,BB,3.20897443103,5.37236277672,86.1728025785,2271.91786194,137.140231186,0.13
1137,2020,730181888,UNC,D1 Atlantic Coast Conference,730252544,ELON,153051572,2020-02-18 13:00:00,9,2,0,0,1325221687,S. Rapp,L,FA,L,0.401620362939,2.73407172301,10.6286837485,-16.1942873652,5.2326390367,SL,BB,3.24395156518,5.34707632522,84.7700483884,2211.62104073,123.369939386,-0.15
1138,2020,730181888,UNC,D1 Atlantic Coast Conference,730252544,ELON,153051572,2020-02-18 13:00:00,9,2,1,0,1325221687,S. Rapp,L,SL,L,-1.89544601049,1.46123917963,-5.26258157255,16.402874719,5.17983914177,B,BB,3.48942735809,5.27779715694,76.1925336179,2542.57774528,287.639061977,0.13
1139,2020,730181888,UNC,D1 Atlantic Coast Conference,730252544,ELON,153051572,2020-02-18 13:00:00,9,3,1,0,1325221687,S. Rapp,L,FA,L,0.244400883965,3.81265138287,16.556733421,-11.5838558078,5.82289601542,B,BB,3.26370738233,5.55914504037,85.8028138825,2209.90149626,145.080295267,0.8
1140,2020,730181888,UNC,D1 Atlantic Coast Conference,730252544,ELON,153051572,2020-02-18 13:00:00,9,0,0,0,1325221687,S. Rapp,L,FA,R,0.895008129671,3.42902135425,3.65125626584,-17.6825695308,5.52825134108,B,K,3.35881243254,5.33888088079,86.2423688738,2109.25554009,101.779652981,0.13
1141,2020,730181888,UNC,D1 Atlantic Coast Conference,730252544,ELON,153051572,2020-02-18 13:00:00,9,1,0,0,1325221687,S. Rapp,L,FA,R,-0.583153534513,2.71465160473,7.49552967628,-16.8105592504,5.84731421652,SL,K,3.16286744819,5.35892335526,85.7720008455,2066.99490668,114.133885709,-0.15
1142,2020,730181888,UNC,D1 Atlantic Coast Conference,730252544,ELON,153051572,2020-02-18 13:00:00,9,1,1,0,1325221687,S. Rapp,L,FA,R,-0.26281203146,1.96780689616,6.81367195436,-17.3358394555,5.80730674019,SL,K,3.17065889154,5.33380282408,85.6464945648,1982.14658947,111.560267967,-0.15
1143,2020,730181888,UNC,D1 Atlantic Coast Conference,730252544,ELON,153051572,2020-02-18 13:00:00,9,1,2,0,1325221687,S. Rapp,L,FA,R,1.75406393333,2.62727915204,7.57597854571,-16.8348581241,5.50550334871,B,K,3.52387877739,5.15018015316,81.0510205516,1785.16423612,114.343918269,0.13
1144,2020,730181888,UNC,D1 Atlantic Coast Conference,730252544,ELON,153051572,2020-02-18 13:00:00,9,2,2,0,1325221687,S. Rapp,L,FA,R,0.719319218999,3.34822730336,2.42910968042,-18.7593592246,5.71642841607,F,K,3.14384537547,5.30779164697,86.5649362614,2196.05449246,97.4847636222,0.0
1145,2020,730181888,UNC,D1 Atlantic Coast Conference,730252544,ELON,153051572,2020-02-18 13:00:00,9,2,2,0,1325221687,S. Rapp,L,SL,R,-1.50484322474,1.92583784797,-0.19595765716,15.4653890125,4.60739834758,F,K,3.61166070337,5.21070331901,76.4121358379,2489.62463925,270.547865278,0.0
1146,2020,730181888,UNC,D1 Atlantic Coast Conference,730252544,ELON,153051572,2020-02-18 13:00:00,9,2,2,0,1325221687,S. Rapp,L,FA,R,0.579760982534,1.79701423266,4.0553947349,-18.1091250266,5.6444641821,SS,K,3.0837168867,5.17873329492,85.5572217521,2313.80156031,102.731836449,-0.15
1147,2020,730181888,UNC,D1 Atlantic Coast Conference,730252544,ELON,153051572,2020-02-18 13:00:00,9,0,0,1,1325221687,S. Rapp,L,SL,L,-2.28749107561,0.80287588567,-7.15712987834,16.6937724746,5.1675394947,B,K,3.22201336663,5.3504830051,75.3407035903,2436.50527908,293.065326045,0.13
1148,2020,730181888,UNC,D1 Atlantic Coast Conference,730252544,ELON,153051572,2020-02-18 13:00:00,9,1,0,1,1325221687,S. Rapp,L,FA,L,-0.468185579618,2.99468405815,13.523264526,-15.7522463737,5.41474398807,SL,K,3.07968478048,5.42794647544,85.8374298266,2244.68932573,130.722467562,-0.15
1149,2020,730181888,UNC,D1 Atlantic Coast Conference,730252544,ELON,153051572,2020-02-18 13:00:00,9,1,1,1,1325221687,S. Rapp,L,FA,L,0.194230006083,3.67089327974,9.92509849835,-13.6984915915,5.40083560539,B,K,3.0748415211,5.41759216749,86.204883594,2265.569271,126.023870527,0.13
1150,2020,730181888,UNC,D1 Atlantic Coast Conference,730252544,ELON,153051572,2020-02-18 13:00:00,9,2,1,1,1325221687,S. Rapp,L,FA,L,-0.59079989464,2.08564162373,15.7405247101,-17.3165269572,5.22550415459,SL,K,3.14489150697,5.5301185977,86.4749441479,2175.50674397,132.3361479,-0.15
1151,2020,730181888,UNC,D1 Atlantic Coast Conference,730252544,ELON,153051572,2020-02-18 13:00:00,9,2,2,1,1325221687,S. Rapp,L,SL,L,-0.748992437461,2.11676047539,-5.80582457788,17.9373263008,4.7437523919,SS,K,3.25340438546,5.33438026743,76.2238213637,2497.39938512,287.797015042,-0.15
1152,2020,730181888,UNC,D1 Atlantic Coast Conference,730252544,ELON,153051572,2020-02-18 13:00:00,9,0,0,2,1325221687,S. Rapp,L,FA,R,-0.0974788559665,3.49043246741,17.7320440539,-18.8158641125,5.31509061521,B,IP_OUT,3.04569725601,5.44335382917,85.9441110193,2384.21929761,133.360642252,0.13
1153,2020,730181888,UNC,D1 Atlantic Coast Conference,730252544,ELON,153051572,2020-02-18 13:00:00,9,1,0,2,1325221687,S. Rapp,L,FA,R,-1.15311088231,2.65775165568,14.0153230052,-17.779460306,5.54459588005,B,IP_OUT,3.12817909048,5.42527131272,85.7739859065,2304.83565427,128.320776794,0.13
1154,2020,730216448,NCST,D1 Atlantic Coast Conference,730340096,JMU,137896285,2020-02-16 13:00:00,1,0,0,0,1249657324,C. Villaman,L,FA,L,-0.939001705296,3.05881573543,19.8101039202,-2.95685680182,6.60635851554,SL,BB,0.867352433113,5.95350376924,87.9197629119,2231.72150172,171.524787094,-0.15
1155,2020,730216448,NCST,D1 Atlantic Coast Conference,730340096,JMU,137896285,2020-02-16 13:00:00,1,0,1,0,1249657324,C. Villaman,L,FA,L,-1.68595579935,2.75593991839,20.2314605408,-3.6770761598,6.63163776294,B,BB,0.756656163435,6.00312905817,87.7829689244,2178.39689807,169.71564513,0.13
1156,2020,730216448,NCST,D1 Atlantic Coast Conference,730340096,JMU,137896285,2020-02-16 13:00:00,1,1,1,0,1249657324,C. Villaman,L,FA,L,-1.84426282566,2.035339789,20.2840021814,3.8212979372,6.80515372771,B,BB,0.77389858938,6.01546994779,87.0633951579,2113.26812685,190.651454877,0.13
1157,2020,730216448,NCST,D1 Atlantic Coast Conference,730340096,JMU,137896285,2020-02-16 13:00:00,1,2,1,0,1249657324,C. Villaman,L,FA,L,-0.514887022432,1.43854049228,22.9167256905,-4.34542529879,6.72363063166,B,BB,0.88660389111,6.02102756631,87.0616864232,2143.70958406,169.278813567,0.13
1158,2020,730216448,NCST,D1 Atlantic Coast Conference,730340096,JMU,137896285,2020-02-16 13:00:00,1,3,1,0,1249657324,C. Villaman,L,FA,L,-0.318959579237,2.11804398793,20.9784376063,-2.27780494267,6.80309667422,SL,BB,0.908923522136,6.01919399173,87.2511451974,2155.1371346,173.813011699,-0.15
1159,2020,730216448,NCST,D1 Atlantic Coast Conference,730340096,JMU,137896285,2020-02-16 13:00:00,1,3,2,0,1249657324,C. Villaman,L,FA,L,-0.501723379104,1.32157871364,20.8392603139,1.6038636212,6.73924256297,B,BB,0.93880872609,6.02324307394,88.4223574449,2145.2321998,184.39411867,0.8
1160,2020,730216448,NCST,D1 Atlantic Coast Conference,730340096,JMU,137896285,2020-02-16 13:00:00,1,0,0,0,1249657324,C. Villaman,L,FA,R,-0.426943390322,1.57750789397,21.9631054953,0.39661890052,6.45577445122,SL,K,0.761100727572,6.04492064942,88.6359273399,2196.72122009,181.032993732,-0.15
1161,2020,730216448,NCST,D1 Atlantic Coast Conference,730340096,JMU,137896285,2020-02-16 13:00:00,1,0,1,0,1249657324,C. Villaman,L,CH,R,-0.594731419156,2.87765224792,14.8412426192,-6.00024833154,6.50188111835,SS,K,0.603294162329,6.10369593766,75.3026889976,1208.57166193,158.048033028,-0.15
1162,2020,730216448,NCST,D1 Atlantic Coast Conference,730340096,JMU,137896285,2020-02-16 13:00:00,1,0,2,0,1249657324,C. Villaman,L,FA,R,-0.601138567998,3.47150951843,22.5748587734,-4.53741506647,6.52707081425,SS,K,0.733018045128,6.11080311597,87.0161315314,2199.73668191,168.652078849,-0.15
1163,2020,730216448,NCST,D1 Atlantic Coast Conference,730340096,JMU,137896285,2020-02-16 13:00:00,1,0,0,1,1249657324,C. Villaman,L,FA,L,-1.98864252125,3.85854689681,23.9668495569,-3.31722842186,6.14558361367,B,K,0.556930183779,6.19174102055,86.2845748539,2219.40526642,172.131330029,0.13
1164,2020,730216448,NCST,D1 Atlantic Coast Conference,730340096,JMU,137896285,2020-02-16 13:00:00,1,1,0,2,1249657324,C. Villaman,L,CH,L,-1.18369943242,0.367443488608,18.2264063929,-2.10405278923,6.32995954548,B,K,0.435882635246,6.07162518521,75.2825207075,1403.06428596,173.43144526,0.13
1165,2020,730216448,NCST,D1 Atlantic Coast Conference,730340096,JMU,137896285,2020-02-16 13:00:00,1,2,0,2,1249657324,C. Villaman,L,FA,L,-0.563243983507,2.72668508444,21.5696743186,-4.48766593235,6.39678910681,SS,K,0.636553615617,6.01192716534,87.5656034607,2224.55585425,168.265128485,-0.15
1166,2020,730216448,NCST,D1 Atlantic Coast Conference,730340096,JMU,137896285,2020-02-16 13:00:00,1,2,1,2,1249657324,C. Villaman,L,FA,L,-1.13749029471,2.81676876611,18.6287449399,-0.118216785687,6.56785478763,SL,K,0.616157018553,5.95739521399,87.264996526,2175.67257888,179.637067975,-0.15
1167,2020,730216448,NCST,D1 Atlantic Coast Conference,730340096,JMU,137896285,2020-02-16 13:00:00,1,2,2,2,1249657324,C. Villaman,L,FA,L,-0.289204366265,1.43494255961,23.6382411685,-0.165218708417,6.37455350623,F,K,0.819984202567,6.08287365898,89.6041299399,2215.46474324,179.6000882,0.0
1168,2020,730216448,NCST,D1 Atlantic Coast Conference,730340096,JMU,137896285,2020-02-16 13:00:00,1,2,2,2,1249657324,C. Villaman,L,CH,L,-1.09144366331,2.49189661059,15.2501173406,-3.57156005454,6.6146897541,SL,K,0.743342890698,5.96989975628,76.1042444486,1246.44837184,166.855556712,-0.15
1169,2020,730216448,NCST,D1 Atlantic Coast Conference,730340096,JMU,137896285,2020-02-16 13:00:00,2,0,0,0,1249657324,C. Villaman,L,FA,R,0.481447125367,4.07486151811,21.0765141805,-3.68030279481,6.67727277753,B,IP_OUT,0.86551297521,6.10386176994,85.2051863364,2153.78752099,170.111197491,0.13
1170,2020,730216448,NCST,D1 Atlantic Coast Conference,730340096,JMU,137896285,2020-02-16 13:00:00,2,1,0,0,1249657324,C. Villaman,L,FA,R,-1.62225429452,3.12654271064,22.2093258314,-0.938899912074,6.549376233,B,IP_OUT,0.673481059139,6.03352800044,84.4900242897,2122.36967674,177.583162452,0.13
1171,2020,730216448,NCST,D1 Atlantic Coast Conference,730340096,JMU,137896285,2020-02-16 13:00:00,2,2,0,0,1249657324,C. Villaman,L,FA,R,0.0177319311064,2.25822409086,19.9548684184,-2.27269942791,6.65948806429,SL,IP_OUT,0.912132091549,6.03066814739,86.2026056799,2163.75073312,173.513491654,-0.15
1172,2020,730216448,NCST,D1 Atlantic Coast Conference,730340096,JMU,137896285,2020-02-16 13:00:00,2,2,1,0,1249657324,C. Villaman,L,FA,R,-0.21489427114,3.02409999471,21.5692385061,-2.99170923107,6.61204327242,F,IP_OUT,0.769578611419,6.20886042819,85.9119054376,2145.90164547,172.115854002,-0.15
1173,2020,730216448,NCST,D1 Atlantic Coast Conference,730340096,JMU,137896285,2020-02-16 13:00:00,2,0,0,1,1249657324,C. Villaman,L,FA,R,-0.868854473795,2.66616520589,20.1318885513,-0.199880168259,6.65951574747,SL,HBP,0.793116901149,6.04292876379,87.2498743379,2289.69610652,179.43210302,-0.15
1174,2020,730216448,NCST,D1 Atlantic Coast Conference,730340096,JMU,137896285,2020-02-16 13:00:00,2,0,1,1,1249657324,C. Villaman,L,FA,R,-2.67439145656,2.25396993329,22.5567143583,-0.436342310093,6.89950916369,HBP,HBP,0.667838382257,6.06863002999,87.4241508668,2220.50486322,178.893432503,0.8
1175,2020,730216448,NCST,D1 Atlantic Coast Conference,730340096,JMU,137896285,2020-02-16 13:00:00,2,0,0,1,1249657324,C. Villaman,L,CH,R,1.22256351751,1.23817232969,15.5500193798,-7.82837235202,5.74871034563,B,IP_OUT,0.633047843082,6.25206584821,72.8197756992,1312.46949469,153.351178512,0.13
1176,2020,730216448,NCST,D1 Atlantic Coast Conference,730340096,JMU,137896285,2020-02-16 13:00:00,2,1,0,1,1249657324,C. Villaman,L,FA,R,0.610182411707,2.19195331933,23.6339046011,-4.50927702895,6.43271464182,SL,IP_OUT,0.824446162463,6.09147227781,80.6441450336,2009.8582271,169.21563915,-0.15
1177,2020,730216448,NCST,D1 Atlantic Coast Conference,730340096,JMU,137896285,2020-02-16 13:00:00,2,0,0,2,1249657324,C. Villaman,L,FA,R,-0.024787797105,2.30260427645,18.1088487311,-3.7790583939,6.72167812975,IP,S,0.809519253786,6.02057625241,87.5197249894,2250.9023413,168.233209026,1.0
1178,2020,730216448,NCST,D1 Atlantic Coast Conference,730340096,JMU,137896285,2020-02-16 13:00:00,2,0,0,2,1421454989,D. Feeney,R,FA,R,0.535998556434,2.63604236812,19.3013338898,1.93007510557,6.2935722647,F,BB,0.85589611648,5.94468090688,84.7706368171,2177.47648423,185.69986013,-0.15
1179,2020,730216448,NCST,D1 Atlantic Coast Conference,730340096,JMU,137896285,2020-02-16 13:00:00,2,0,1,2,1421454989,D. Feeney,R,FA,R,0.0252381315453,4.54069272754,21.6069035525,0.0714260093127,6.38094039383,B,BB,0.56699088084,6.20548043941,84.8494748885,2177.97953683,180.189088994,0.13
1180,2020,730216448,NCST,D1 Atlantic Coast Conference,730340096,JMU,137896285,2020-02-16 13:00:00,2,1,1,2,1421454989,D. Feeney,R,FA,R,0.633205071128,3.54475354481,23.6980221494,-2.58269144892,6.40935317901,B,BB,0.591041202984,6.17209417669,85.4646417484,2149.11275736,173.789392831,0.13
1181,2020,730216448,NCST,D1 Atlantic Coast Conference,730340096,JMU,137896285,2020-02-16 13:00:00,2,2,1,2,1421454989,D. Feeney,R,FA,R,-0.585086678141,3.87560725247,20.895032502,-0.0930231575357,6.5529161084,B,BB,0.578996541476,6.10691976856,84.679109703,2112.2277136,179.745357584,0.13
1182,2020,730216448,NCST,D1 Atlantic Coast Conference,730340096,JMU,137896285,2020-02-16 13:00:00,2,3,1,2,1421454989,D. Feeney,R,FA,R,-0.524985310458,3.05142888659,13.9053952788,8.60578528747,5.98555590247,SL,BB,-1.70750727987,5.89095322332,86.9306148189,1958.08277175,211.688704878,-0.15
1183,2020,730216448,NCST,D1 Atlantic Coast Conference,730340096,JMU,137896285,2020-02-16 13:00:00,2,3,2,2,1421454989,D. Feeney,R,FA,R,-1.11302168919,3.4492849651,12.5879974681,6.68899599004,6.12512941091,B,BB,-1.7020746583,5.98808327909,89.1203557708,2129.70712726,207.923272565,0.8
1184,2020,730216448,NCST,D1 Atlantic Coast Conference,730340096,JMU,137896285,2020-02-16 13:00:00,2,0,0,2,1421454989,D. Feeney,R,CH,R,-0.11042143895,2.30617304352,11.0345108865,4.90130676602,6.29615147633,IP,S,-1.7381997416,5.83730361239,85.8581475784,1921.94623158,203.88189971,1.0
1185,2020,730216448,NCST,D1 Atlantic Coast Conference,730340096,JMU,137896285,2020-02-16 13:00:00,3,0,0,0,1421454989,D. Feeney,R,CH,L,1.91593570926,-1.63414249757,5.94341248663,10.6034002483,6.26631971214,B,S,-1.72753692716,5.82449408291,79.096670519,1797.04342873,240.557277222,0.13
1186,2020,730216448,NCST,D1 Atlantic Coast Conference,730340096,JMU,137896285,2020-02-16 13:00:00,3,1,0,0,1421454989,D. Feeney,R,FA,L,-0.271470223467,1.82594910114,12.614501843,7.11381888678,6.16977786222,IP,S,-1.65152147351,5.85675815764,88.2920939509,1995.19638953,209.356030021,1.0
1187,2020,730216448,NCST,D1 Atlantic Coast Conference,730340096,JMU,137896285,2020-02-16 13:00:00,3,0,0,0,1421454989,D. Feeney,R,CH,R,0.766736154737,1.56852516154,5.77069719396,4.95785115877,6.31980247898,SS,IP_OUT,-1.79285165343,5.95644967552,78.8261027637,1842.72387502,220.461260997,-0.15
1188,2020,730216448,NCST,D1 Atlantic Coast Conference,730340096,JMU,137896285,2020-02-16 13:00:00,3,0,1,0,1421454989,D. Feeney,R,CH,R,0.256260184916,1.66122420389,2.08081842382,-9.069735338969999e-14,6.24245961472,SS,IP_OUT,-1.75146596794,5.85412018003,80.5410460763,1826.55685743,180.0,-0.15
1189,2020,730216448,NCST,D1 Atlantic Coast Conference,730340096,JMU,137896285,2020-02-16 13:00:00,3,0,2,0,1421454989,D. Feeney,R,CH,R,-0.196079403065,0.33686736884,8.43034187806,5.14735368679,6.26207453296,B,IP_OUT,-1.75084377823,5.88759851768,81.9972906107,1897.91317026,211.290864591,0.13
1190,2020,730216448,NCST,D1 Atlantic Coast Conference,730340096,JMU,137896285,2020-02-16 13:00:00,3,1,2,0,1421454989,D. Feeney,R,SL,R,0.825449446012,1.35810243339,1.03535919673,3.25262149495,6.20173807044,F,IP_OUT,-1.79782975794,5.80987902983,82.2970933627,2046.49582752,251.731972983,0.0
1191,2020,730216448,NCST,D1 Atlantic Coast Conference,730340096,JMU,137896285,2020-02-16 13:00:00,3,1,2,0,1421454989,D. Feeney,R,FA,R,-0.031712044163,1.82598979945,7.93283070037,14.5583047015,6.20196019366,F,IP_OUT,-1.52054971403,5.92305652653,89.0197277567,2115.21711005,241.314494459,0.0
1192,2020,730216448,NCST,D1 Atlantic Coast Conference,730340096,JMU,137896285,2020-02-16 13:00:00,3,1,2,0,1421454989,D. Feeney,R,FA,R,-0.366730425533,1.67783752407,15.2802122241,8.13713057775,6.22703931329,F,IP_OUT,-1.70288432606,5.9223841648,89.4977375296,2060.46240518,207.985641824,0.0
1193,2020,730216448,NCST,D1 Atlantic Coast Conference,730340096,JMU,137896285,2020-02-16 13:00:00,3,1,2,0,1421454989,D. Feeney,R,CH,R,1.81368406311,0.299629101933,7.58736453829,5.06738682392,6.34561724089,B,IP_OUT,-1.67313895433,5.90139045502,80.2466825462,1876.43667219,213.598742454,0.13
1194,2020,730216448,NCST,D1 Atlantic Coast Conference,730340096,JMU,137896285,2020-02-16 13:00:00,3,2,2,0,1421454989,D. Feeney,R,CH,R,0.0274281207722,1.26443716035,2.33679318411,7.60014420544,6.28622979806,F,IP_OUT,-1.74442986919,5.79759991831,80.6409935424,1922.20735678,252.636341519,0.0
1195,2020,730216448,NCST,D1 Atlantic Coast Conference,730340096,JMU,137896285,2020-02-16 13:00:00,3,0,0,1,1421454989,D. Feeney,R,CH,L,0.21695088325,1.41627245208,13.1654942503,15.3197268553,6.18767349732,IP,S,-1.55929545688,5.91989301758,80.1540457239,1696.02102266,229.237636541,1.0
1196,2020,730216448,NCST,D1 Atlantic Coast Conference,730340096,JMU,137896285,2020-02-16 13:00:00,3,0,0,1,1421454989,D. Feeney,R,FA,R,-0.266625123099,4.34607047884,10.2751530412,8.32292002015,6.20442983204,B,DP,-1.48829333536,5.86392064869,88.5383848416,2031.381885,218.916802248,0.13
1197,2020,730216448,NCST,D1 Atlantic Coast Conference,730340096,JMU,137896285,2020-02-16 13:00:00,3,1,0,1,1421454989,D. Feeney,R,SL,R,-0.558912856302,4.29257258763,5.55343257077,0.957560479112,6.07196096539,B,DP,-1.61717808396,5.99049062242,76.622926105,1794.8796104,189.706491959,0.13
1198,2020,730216448,NCST,D1 Atlantic Coast Conference,730340096,JMU,137896285,2020-02-16 13:00:00,3,2,0,1,1421454989,D. Feeney,R,FA,R,-0.429107529392,1.8908334778,17.6019146604,8.49233274506,6.42448382422,F,DP,-1.64464404819,5.88458859248,89.2729527716,2076.39809579,205.714315329,-0.15
1199,2020,730216448,NCST,D1 Atlantic Coast Conference,730340096,JMU,137896285,2020-02-16 13:00:00,3,2,1,1,1421454989,D. Feeney,R,FA,R,0.295925896281,2.36245181501,10.8631985628,5.05038141192,6.29050316181,IP,DP,-1.61447404085,5.78367447998,88.8781451263,2031.25508676,204.868364182,-0.21
1200,2020,730216448,NCST,D1 Atlantic Coast Conference,730340096,JMU,137896285,2020-02-16 13:00:00,4,0,1,0,1421454989,D. Feeney,R,SL,R,0.405898322714,1.11849521501,3.70417166754,7.85468116496,6.20976467508,SS,K,-1.6944910857,5.80508679353,82.7264630724,1980.55848045,244.52646007,-0.15
1201,2020,730216448,NCST,D1 Atlantic Coast Conference,730340096,JMU,137896285,2020-02-16 13:00:00,4,0,2,0,1421454989,D. Feeney,R,SL,R,-0.132825500272,1.70773912876,3.39858558213,4.69323954978,6.033508814,SS,K,-1.69045805849,5.93558043394,82.1038294395,2090.63799269,233.777748141,-0.15
1202,2020,730216448,NCST,D1 Atlantic Coast Conference,730340096,JMU,137896285,2020-02-16 13:00:00,4,0,0,1,1421454989,D. Feeney,R,SL,R,0.272075121455,0.865476681029,2.05362377756,5.79964860235,6.26124341252,SS,IP_OUT,-1.87467620663,5.7730145418,81.5780692007,2013.50535331,250.159612992,-0.15
1203,2020,730216448,NCST,D1 Atlantic Coast Conference,730340096,JMU,137896285,2020-02-16 13:00:00,4,0,1,1,1421454989,D. Feeney,R,FA,R,0.67191117105,0.913820205673,17.3838708568,14.0844311228,6.14724574183,B,IP_OUT,-1.64642979335,5.78295342757,89.1659971588,2091.66041631,218.961009356,0.13
1204,2020,730216448,NCST,D1 Atlantic Coast Conference,730340096,JMU,137896285,2020-02-16 13:00:00,4,1,1,1,1421454989,D. Feeney,R,SL,R,0.233032693945,0.810077655254,4.6163566688,8.5895850769,6.23454253913,B,IP_OUT,-1.89984211015,5.87497142699,82.4899260288,2072.19510688,241.547368745,0.13
1205,2020,730216448,NCST,D1 Atlantic Coast Conference,730340096,JMU,137896285,2020-02-16 13:00:00,4,0,0,2,1421454989,D. Feeney,R,SL,R,0.301691669914,1.82009863691,4.49590172501,6.77435963093,6.17466589986,SL,IP_OUT,-1.74398699187,5.88565002244,81.716336799,1930.51910776,236.200078043,-0.15
1206,2020,730216448,NCST,D1 Atlantic Coast Conference,730340096,JMU,137896285,2020-02-16 13:00:00,4,0,1,2,1421454989,D. Feeney,R,SL,R,0.684893824291,1.27843234223,8.69428277415,6.74979392004,6.11118434142,B,IP_OUT,-1.65104859716,6.11149034669,81.9863526789,2017.03761848,217.699999575,0.13
1207,2020,730216448,NCST,D1 Atlantic Coast Conference,730340096,JMU,137896285,2020-02-16 13:00:00,5,0,0,0,1421454989,D. Feeney,R,FA,R,-0.215167078582,3.1297384043,10.6509550484,13.7477493005,5.92859934165,F,IP_OUT,-1.58409613451,5.85827654548,88.6908445002,2168.13185129,232.147007947,-0.15
1208,2020,730216448,NCST,D1 Atlantic Coast Conference,730340096,JMU,137896285,2020-02-16 13:00:00,5,0,1,0,1421454989,D. Feeney,R,SL,R,1.26178481519,1.26276761083,7.15050344238,4.06343798384,6.14772982861,B,IP_OUT,-1.86762112573,5.80466469191,81.8374843946,2035.05171885,209.47527803,0.13
1209,2020,730216448,NCST,D1 Atlantic Coast Conference,730340096,JMU,137896285,2020-02-16 13:00:00,5,1,1,0,1421454989,D. Feeney,R,FA,R,0.459062843562,1.73929806942,11.9306209492,11.0081412763,6.07077421901,SS,IP_OUT,-1.77295813428,5.72384125617,89.5664276623,2095.33238302,222.618830873,-0.15
1210,2020,730216448,NCST,D1 Atlantic Coast Conference,730340096,JMU,137896285,2020-02-16 13:00:00,5,0,0,1,1421454989,D. Feeney,R,SL,R,0.579847498227,1.7090889357,5.00804912697,3.63334427981,6.19402931831,F,S,-1.80553329768,5.75480406406,81.8570148023,2003.82995941,215.752065953,-0.15
1211,2020,730216448,NCST,D1 Atlantic Coast Conference,730340096,JMU,137896285,2020-02-16 13:00:00,5,0,1,1,1421454989,D. Feeney,R,FA,R,-0.453183759672,3.54980384552,12.9286055046,16.0946781198,6.04099140597,B,S,-1.66728081728,5.73314180206,89.8137127548,2256.83726971,231.154935285,0.13
1212,2020,730216448,NCST,D1 Atlantic Coast Conference,730340096,JMU,137896285,2020-02-16 13:00:00,5,1,1,1,1421454989,D. Feeney,R,SL,R,-0.123310299998,3.09435386831,4.07543359294,6.56894245935,6.03396556302,SL,S,-1.98459263043,5.83544074687,80.3091642443,2035.99737055,237.932145776,-0.15
1213,2020,730216448,NCST,D1 Atlantic Coast Conference,730340096,JMU,137896285,2020-02-16 13:00:00,5,1,2,1,1421454989,D. Feeney,R,SL,R,0.0348970327822,1.78500334641,2.60908662506,6.32095456053,6.19875138812,IP,S,-1.93937930766,5.71692591998,81.9110813699,2030.14453132,247.268942532,1.0
1214,2020,730216448,NCST,D1 Atlantic Coast Conference,730340096,JMU,137896285,2020-02-16 13:00:00,5,0,0,1,1421454989,D. Feeney,R,FA,L,-0.69809517841,2.2075143391,16.1568456849,8.09452140035,6.18036694125,SL,K,-1.73150172531,5.85486649538,88.2394453699,2051.13625748,206.563511194,-0.15
1215,2020,730216448,NCST,D1 Atlantic Coast Conference,730340096,JMU,137896285,2020-02-16 13:00:00,5,0,1,1,1421454989,D. Feeney,R,CH,L,0.196994455758,1.57709053956,9.36911711295,18.2403642412,5.62934933025,SL,K,-1.62873210447,5.92897183449,80.2846619835,1862.97590955,242.71069215,-0.15
1216,2020,730216448,NCST,D1 Atlantic Coast Conference,730340096,JMU,137896285,2020-02-16 13:00:00,5,0,2,1,1421454989,D. Feeney,R,FA,L,0.865689621605,1.34287836905,13.8811625083,7.84766977016,6.06865767217,F,K,-1.5033330502,5.93925512388,87.6023334873,2060.81637512,209.421291479,0.0
1217,2020,730216448,NCST,D1 Atlantic Coast Conference,730340096,JMU,137896285,2020-02-16 13:00:00,5,0,2,1,1421454989,D. Feeney,R,SL,L,0.420221042184,2.38708034266,5.01009106459,3.63686069179,6.17911738655,F,K,-1.7277235613,5.90482919685,79.4785439997,1899.89578904,215.756156911,0.0
1218,2020,730216448,NCST,D1 Atlantic Coast Conference,730340096,JMU,137896285,2020-02-16 13:00:00,5,0,2,1,1421454989,D. Feeney,R,CH,L,-1.29224566014,1.74023690371,7.28880142308,18.1856091865,5.78639488367,SS,K,-1.60746298102,5.8010515203,82.1164029174,1710.86804601,248.053713552,-0.15
1219,2020,730216448,NCST,D1 Atlantic Coast Conference,730340096,JMU,137896285,2020-02-16 13:00:00,5,0,0,2,1421454989,D. Feeney,R,CH,R,-0.718360862162,2.2145445731,4.72275833316,2.57067628621,6.11909712144,F,IP_OUT,-1.79424114546,5.73885021939,80.4578156764,1969.18177576,208.357342762,-0.15
1220,2020,730216448,NCST,D1 Atlantic Coast Conference,730340096,JMU,137896285,2020-02-16 13:00:00,6,0,0,0,1181835470,C. Silver,L,CU,L,-0.0767389930326,1.97545504336,4.02028635247,9.80003842462,5.66735576763,SL,IP_OUT,1.35137911416,6.2230708298,77.2401004424,2115.52009964,247.473946522,-0.15
1221,2020,730216448,NCST,D1 Atlantic Coast Conference,730340096,JMU,137896285,2020-02-16 13:00:00,6,0,0,1,1181835470,C. Silver,L,FA,R,1.28532027891,2.33409037576,17.8719911763,-1.58507273525,6.38165580388,B,K,1.08531542489,6.40500150663,84.2686076428,2176.69271099,174.941888514,0.13
1222,2020,730216448,NCST,D1 Atlantic Coast Conference,730340096,JMU,137896285,2020-02-16 13:00:00,6,1,0,1,1181835470,C. Silver,L,FA,R,0.282459377504,3.95251151018,22.314798216,-2.41858752127,6.35293353059,B,K,1.09616228899,6.36400991324,84.549995483,2146.11677621,173.824103784,0.13
1223,2020,730216448,NCST,D1 Atlantic Coast Conference,730340096,JMU,137896285,2020-02-16 13:00:00,6,2,0,1,1181835470,C. Silver,L,FA,R,0.412704090452,3.38243613423,16.3537237775,-0.335457158563,6.4242242867,B,K,0.982608848212,6.31186883958,83.7557754647,2113.03313655,178.827498103,0.13
1224,2020,730216448,NCST,D1 Atlantic Coast Conference,730340096,JMU,137896285,2020-02-16 13:00:00,6,3,0,1,1181835470,C. Silver,L,FA,R,-0.645708453245,2.30184920385,20.0546305565,4.87652581009,6.47623862988,SL,K,1.14166283659,6.26059542228,84.0547419568,2190.14947717,193.642983727,-0.15
1225,2020,730216448,NCST,D1 Atlantic Coast Conference,730340096,JMU,137896285,2020-02-16 13:00:00,6,3,1,1,1181835470,C. Silver,L,FA,R,-0.426085966808,1.77508538436,16.4876961152,2.24718928056,6.50531647165,F,K,0.647105269346,6.39428933022,83.7643526421,2059.89036639,187.744373678,-0.15
1226,2020,730216448,NCST,D1 Atlantic Coast Conference,730340096,JMU,137896285,2020-02-16 13:00:00,6,3,2,1,1181835470,C. Silver,L,CU,R,-0.388284618677,0.764349963703,1.05666975278,10.7720775748,5.90351933855,SS,K,1.17960747899,6.1657876563,77.914852029,2177.44129833,264.170565472,-0.15
1227,2020,730216448,NCST,D1 Atlantic Coast Conference,730340096,JMU,137896285,2020-02-16 13:00:00,6,0,0,2,1181835470,C. Silver,L,CU,R,0.40928839959,4.48707132632,-3.08210149343,12.2056695018,5.49564666331,B,BB,1.02018856064,6.28264569443,70.1491663145,2071.24486037,283.931100491,0.13
1228,2020,730216448,NCST,D1 Atlantic Coast Conference,730340096,JMU,137896285,2020-02-16 13:00:00,6,1,0,2,1181835470,C. Silver,L,CU,R,-0.0114780738782,0.843217696774,-2.51546225902,9.95421161787,5.86937830221,B,BB,1.4140797224,6.14408845539,76.7904949538,2201.29339208,283.940871866,0.13
1229,2020,730216448,NCST,D1 Atlantic Coast Conference,730340096,JMU,137896285,2020-02-16 13:00:00,6,2,0,2,1181835470,C. Silver,L,FA,R,-0.0322016904348,1.2900807217,19.5054709536,-0.859938726936,6.56590503364,B,BB,1.14868347662,6.3131704814,84.2516673834,2145.45910897,177.480295378,0.13
1230,2020,730216448,NCST,D1 Atlantic Coast Conference,730340096,JMU,137896285,2020-02-16 13:00:00,6,3,0,2,1181835470,C. Silver,L,FA,R,0.383386722172,3.7691277583,23.7231092699,-0.89888402965,6.34878733817,B,BB,0.965935655781,6.52237808998,83.9807490495,2190.6222848,177.833419847,0.8
1231,2020,730216448,NCST,D1 Atlantic Coast Conference,730340096,JMU,137896285,2020-02-16 13:00:00,6,0,0,2,1181835470,C. Silver,L,FA,R,-0.459784722845,2.36598745186,17.0891244668,1.99668856472,6.36109030199,IP,ROE,0.705006817194,6.40915731127,82.6592910599,2185.38898365,186.649658058,0.0
1232,2020,730216448,NCST,D1 Atlantic Coast Conference,730340096,JMU,137896285,2020-02-16 13:00:00,6,0,0,2,1181835470,C. Silver,L,CU,R,0.191866554104,2.48927055861,2.95659393744,7.00146474003,5.86134841947,SL,K,1.37463786815,6.23411262521,76.68573973,2057.19618276,246.797032881,-0.15
1233,2020,730216448,NCST,D1 Atlantic Coast Conference,730340096,JMU,137896285,2020-02-16 13:00:00,6,0,1,2,1181835470,C. Silver,L,CU,R,0.99964948824,0.555270118521,12.6784945937,-9.29700934061,6.83706664426,B,K,1.42498066248,5.86052239356,77.7317332214,1625.53123823,143.837932938,0.13
1234,2020,730216448,NCST,D1 Atlantic Coast Conference,730340096,JMU,137896285,2020-02-16 13:00:00,6,1,1,2,1181835470,C. Silver,L,CU,R,-0.568266922016,3.12047834998,-3.63170771711,15.4659650827,5.79456729812,SL,K,1.06818717307,6.26986306843,71.3674659359,2263.63403747,283.031698292,-0.15
1235,2020,730216448,NCST,D1 Atlantic Coast Conference,730340096,JMU,137896285,2020-02-16 13:00:00,6,1,2,2,1181835470,C. Silver,L,FA,R,-1.16338964468,1.95508669436,21.202203407,-0.320289518454,6.48102799902,SL,K,0.866803442154,6.4267883894,84.8497041719,2148.89955763,179.135991565,-0.15
1236,2020,730216448,NCST,D1 Atlantic Coast Conference,730340096,JMU,137896285,2020-02-16 13:00:00,7,0,0,0,1323443936,L. Bender,R,SL,R,0.982576074247,1.56498590392,-8.44123289494,-13.6859508032,4.73702527576,B,BB,-1.65837670125,5.83423560549,81.6302244908,2984.40066247,58.4615352432,0.13
1237,2020,730216448,NCST,D1 Atlantic Coast Conference,730340096,JMU,137896285,2020-02-16 13:00:00,7,1,0,0,1323443936,L. Bender,R,SL,R,-0.211297646669,1.20912073525,-9.6447025708,-14.1389002361,4.83324998121,B,BB,-1.65227478424,5.74548110372,82.0850577318,3041.55490693,55.8139132443,0.13
1238,2020,730216448,NCST,D1 Atlantic Coast Conference,730340096,JMU,137896285,2020-02-16 13:00:00,7,2,0,0,1323443936,L. Bender,R,FA,R,-1.25006911266,2.95993889046,16.5766950446,15.1568579824,5.90966620569,B,BB,-1.16265274818,5.97409849727,89.6407174351,2374.45189575,222.381769082,0.13
1239,2020,730216448,NCST,D1 Atlantic Coast Conference,730340096,JMU,137896285,2020-02-16 13:00:00,7,3,0,0,1323443936,L. Bender,R,FA,R,0.0993715755191,1.22224089848,13.6124565982,17.8449577778,6.23633444365,B,BB,-1.04158919244,5.89291635511,90.4591897987,2323.79070348,232.598433921,0.8
1240,2020,730216448,NCST,D1 Atlantic Coast Conference,730340096,JMU,137896285,2020-02-16 13:00:00,7,0,0,0,1323443936,L. Bender,R,SL,R,1.49678625143,1.69533964679,-10.5686743661,-15.3365551994,5.0822829285,B,K,-1.60569576429,5.72517658019,81.5578701461,2976.72347638,55.5333264165,0.13
1241,2020,730216448,NCST,D1 Atlantic Coast Conference,730340096,JMU,137896285,2020-02-16 13:00:00,7,1,0,0,1323443936,L. Bender,R,FA,R,0.981312891326,1.17626626912,14.5144956516,18.2170708776,6.27908875656,B,K,-1.07652112201,5.83981882752,90.3964613746,2365.9329032,231.392279864,0.13
1242,2020,730216448,NCST,D1 Atlantic Coast Conference,730340096,JMU,137896285,2020-02-16 13:00:00,7,2,0,0,1323443936,L. Bender,R,SL,R,0.0874309626583,1.79375636853,-12.5686531587,-10.5875261815,4.90747482556,SL,K,-1.61112105435,5.790191609,82.0153577686,2946.71532303,40.2031508404,-0.15
1243,2020,730216448,NCST,D1 Atlantic Coast Conference,730340096,JMU,137896285,2020-02-16 13:00:00,7,2,1,0,1323443936,L. Bender,R,SL,R,0.675712601513,1.77112685733,-10.9726082065,-13.4587408789,5.07206504295,SL,K,-1.62969989272,5.75416722494,81.964548194,2984.38923123,50.9148975834,-0.15
1244,2020,730216448,NCST,D1 Atlantic Coast Conference,730340096,JMU,137896285,2020-02-16 13:00:00,7,2,2,0,1323443936,L. Bender,R,SL,R,1.02837656925,2.13468362651,-6.9041985151,-10.1281121741,5.22190806931,SL,K,-1.56143530223,5.65805619596,81.6142850421,2787.23171906,55.8774128958,-0.15
1245,2020,730216448,NCST,D1 Atlantic Coast Conference,730340096,JMU,137896285,2020-02-16 13:00:00,7,0,0,1,1323443936,L. Bender,R,SL,L,-0.694429840299,0.923589736816,-12.0856856996,-9.9421804623,4.77760880417,B,BB,-1.60123106068,5.83692610419,81.3952010475,2843.26671395,39.5397397985,0.13
1246,2020,730216448,NCST,D1 Atlantic Coast Conference,730340096,JMU,137896285,2020-02-16 13:00:00,7,1,0,1,1323443936,L. Bender,R,SL,L,-0.75112657883,3.10270451268,-11.2335633128,-8.49229080859,5.01477173959,B,BB,-1.39162543894,5.81035206689,81.1508565806,2825.35632138,37.1912952807,0.13
1247,2020,730216448,NCST,D1 Atlantic Coast Conference,730340096,JMU,137896285,2020-02-16 13:00:00,7,2,0,1,1323443936,L. Bender,R,FA,L,-0.40981347627,4.99035784311,14.9384795462,11.9177139546,6.00839085969,B,BB,-1.1932976529,5.87527035004,89.9946547764,2417.05330089,218.522233023,0.13
1248,2020,730216448,NCST,D1 Atlantic Coast Conference,730340096,JMU,137896285,2020-02-16 13:00:00,7,3,0,1,1323443936,L. Bender,R,SL,L,-0.0550603455312,2.46000719525,-8.67947278814,-14.8659843198,5.11052843106,SL,BB,-1.44839219051,5.80792068778,81.1435849984,2878.78095323,59.8418677924,-0.15
1249,2020,730216448,NCST,D1 Atlantic Coast Conference,730340096,JMU,137896285,2020-02-16 13:00:00,7,3,1,1,1323443936,L. Bender,R,SL,L,0.282597345513,1.67209072428,-10.840478324,-13.4780301684,5.28812484262,F,BB,-1.36641044089,5.64559103424,80.8900027466,2887.85324736,51.2974866979,-0.15
1250,2020,730216448,NCST,D1 Atlantic Coast Conference,730340096,JMU,137896285,2020-02-16 13:00:00,7,3,2,1,1323443936,L. Bender,R,SL,L,-0.10852219522,2.85181535857,-11.0107011662,-10.3586428426,5.09787395181,F,BB,-1.5468551919,5.76167994774,81.7573742566,2684.1362312,43.3588134588,0.0
1251,2020,730216448,NCST,D1 Atlantic Coast Conference,730340096,JMU,137896285,2020-02-16 13:00:00,7,3,2,1,1323443936,L. Bender,R,SL,L,-1.09863119564,3.39782114269,-3.23274799595,-11.0397814523,5.09551161642,B,BB,-1.42806677531,5.78184007089,81.3280689601,2851.74835772,73.8779607815,0.8
1252,2020,730216448,NCST,D1 Atlantic Coast Conference,730340096,JMU,137896285,2020-02-16 13:00:00,7,0,0,1,1323443936,L. Bender,R,SL,L,0.245032609155,0.982555409273,-6.53047074942,-15.269046196,5.16913122812,B,IP_OUT,-1.59623880428,5.71899463556,81.1714631143,2953.21262224,66.9758287321,0.13
1253,2020,730216448,NCST,D1 Atlantic Coast Conference,730340096,JMU,137896285,2020-02-16 13:00:00,7,1,0,1,1323443936,L. Bender,R,SL,L,1.08719606197,0.820589712968,-6.54905824938,-14.4384583334,5.0407048541,B,IP_OUT,-1.42521400156,5.7600232941,81.503788315,2931.8355836,65.7381272502,0.13
1254,2020,730216448,NCST,D1 Atlantic Coast Conference,730340096,JMU,137896285,2020-02-16 13:00:00,7,2,0,1,1323443936,L. Bender,R,FA,L,0.740688761842,3.09435315701,14.8438047613,9.35810265063,6.21537204908,SL,IP_OUT,-1.14541424885,5.75741646077,89.4581298813,2455.79010982,212.172705136,-0.15
1255,2020,730216448,NCST,D1 Atlantic Coast Conference,730340096,JMU,137896285,2020-02-16 13:00:00,7,2,1,1,1323443936,L. Bender,R,FA,L,0.283465128272,1.68703099479,13.3319985823,7.3778888905,6.37995237183,SL,IP_OUT,-1.18883097368,5.64758848814,88.4549748013,2479.28521559,208.900268034,-0.15
1256,2020,730216448,NCST,D1 Atlantic Coast Conference,730340096,JMU,137896285,2020-02-16 13:00:00,7,0,0,2,1323443936,L. Bender,R,SL,L,-0.617307347404,1.36642007753,-8.01713750944,-14.0425343464,5.01700221212,B,IP_OUT,-1.47337303246,5.73914791249,81.4222179258,2848.2670817,60.4046991436,0.13
1257,2020,730216448,NCST,D1 Atlantic Coast Conference,730340096,JMU,137896285,2020-02-16 13:00:00,8,0,0,0,1341766770,R. Johnston,R,FA,R,0.0729230997928,1.94506347222,15.0747267483,18.0040945569,6.47935816274,F,IP_OUT,-2.58773370663,5.63706847252,90.8487699742,2260.33432165,230.001851535,-0.15
1258,2020,730216448,NCST,D1 Atlantic Coast Conference,730340096,JMU,137896285,2020-02-16 13:00:00,8,0,0,1,1341766770,R. Johnston,R,FA,R,0.295653548809,2.14095830083,11.5722245672,11.6880798462,6.6090958717,F,K,-2.22632307333,5.66568036929,91.1652902989,2203.26734957,225.209401787,-0.15
1259,2020,730216448,NCST,D1 Atlantic Coast Conference,730340096,JMU,137896285,2020-02-16 13:00:00,8,0,1,1,1341766770,R. Johnston,R,FA,R,0.713810505924,1.32184073029,8.47640314024,20.796120001,6.3535610526,B,K,-2.18560458801,5.60134076149,91.5545405758,2102.38278211,247.751113517,0.13
1260,2020,730216448,NCST,D1 Atlantic Coast Conference,730340096,JMU,137896285,2020-02-16 13:00:00,8,1,1,1,1341766770,R. Johnston,R,SL,R,0.204100833922,2.79281312302,5.29431120743,-6.2297024289,5.84040182718,SL,K,-2.40179240826,5.57407685175,79.6607928946,2217.35411161,130.579096256,-0.15
1261,2020,730216448,NCST,D1 Atlantic Coast Conference,730340096,JMU,137896285,2020-02-16 13:00:00,8,1,2,1,1341766770,R. Johnston,R,SL,R,-0.609314075183,2.64945464014,1.34499245748,-6.07317071224,5.7513648541,SS,K,-2.45005036023,5.6084075361,80.2086780163,2285.81514272,102.855521882,-0.15
1262,2020,730216448,NCST,D1 Atlantic Coast Conference,730340096,JMU,137896285,2020-02-16 13:00:00,8,0,0,2,1341766770,R. Johnston,R,FA,R,-0.0485787117322,4.33731856029,14.1432604947,10.766685261,6.48289801802,B,IP_OUT,-2.20450252041,5.66324236401,91.9118982929,2178.94685435,217.221120256,0.13
1263,2020,730216448,NCST,D1 Atlantic Coast Conference,730340096,JMU,137896285,2020-02-16 13:00:00,8,1,0,2,1341766770,R. Johnston,R,FA,R,-0.623702047984,3.27134680895,22.2128587461,9.84342944522,6.55635761034,F,IP_OUT,-2.28480550305,5.76039864605,88.9089086088,2102.11307097,203.868962059,-0.15
1264,2020,730216448,NCST,D1 Atlantic Coast Conference,730340096,JMU,137896285,2020-02-16 13:00:00,8,1,1,2,1341766770,R. Johnston,R,SL,R,-0.121106712751,1.67416809946,4.06714544866,-4.04483690096,5.8865302018,F,IP_OUT,-2.42224586221,5.5776391013,80.0019697003,2188.56072067,135.446543763,-0.15
1265,2020,730216448,NCST,D1 Atlantic Coast Conference,730340096,JMU,137896285,2020-02-16 13:00:00,9,0,0,0,1341766770,R. Johnston,R,FA,R,-0.562409247106,2.59299986186,15.4447985503,14.6030433811,6.36654255875,F,BB,-2.29172942307,5.79841227859,90.6208499142,2162.96431188,223.337098151,-0.15
1266,2020,730216448,NCST,D1 Atlantic Coast Conference,730340096,JMU,137896285,2020-02-16 13:00:00,9,0,1,0,1341766770,R. Johnston,R,CH,R,0.493506163585,2.44051108643,2.21053528367,-0.448840633042,5.99542700045,SL,BB,-2.28552611299,5.59876939573,80.7932934907,2162.43439039,168.718271092,-0.15
1267,2020,730216448,NCST,D1 Atlantic Coast Conference,730340096,JMU,137896285,2020-02-16 13:00:00,9,0,2,0,1341766770,R. Johnston,R,FA,R,-0.584434410641,4.14187782991,12.4181873601,11.7997991928,6.38079495899,B,BB,-2.06877224869,5.86230040187,89.3321283872,2121.52826308,223.463321306,0.13
1268,2020,730216448,NCST,D1 Atlantic Coast Conference,730340096,JMU,137896285,2020-02-16 13:00:00,9,1,2,0,1341766770,R. Johnston,R,FA,R,-0.350617366862,2.66657668648,9.08191468784,20.2185499488,6.22088597386,F,BB,-2.07194168178,5.67857211292,91.2173273531,2032.19729602,245.737614888,0.0
1269,2020,730216448,NCST,D1 Atlantic Coast Conference,730340096,JMU,137896285,2020-02-16 13:00:00,9,1,2,0,1341766770,R. Johnston,R,FA,R,1.13176001651,2.1127859704,8.72524732166,18.1413919928,6.42740100445,B,BB,-2.0721539923,5.66664225608,91.6373934739,2083.90297515,244.236128288,0.13
1270,2020,730216448,NCST,D1 Atlantic Coast Conference,730340096,JMU,137896285,2020-02-16 13:00:00,9,2,2,0,1341766770,R. Johnston,R,FA,R,-1.073868785,3.95078083196,14.8836778645,10.5470380411,6.8183253618,B,BB,-2.05193336336,5.76464226878,90.1270404298,2147.16163455,215.266434467,0.13
1271,2020,730216448,NCST,D1 Atlantic Coast Conference,730340096,JMU,137896285,2020-02-16 13:00:00,9,3,2,0,1341766770,R. Johnston,R,SL,R,0.169866933021,3.4250213469,4.44518242805,-4.96452804768,5.97752755867,B,BB,-2.21806756526,5.59716312115,78.1015975541,2283.31740427,132.111722021,0.8
1272,2020,730216448,NCST,D1 Atlantic Coast Conference,730340096,JMU,137896285,2020-02-16 13:00:00,9,0,0,0,1341766770,R. Johnston,R,FA,R,0.349158097775,1.97038412182,11.7738408271,13.6515559342,6.7039386155,SL,D,-2.07270470416,5.5523658561,89.4477866698,2138.67283816,229.147745042,-0.15
1273,2020,730216448,NCST,D1 Atlantic Coast Conference,730340096,JMU,137896285,2020-02-16 13:00:00,9,0,1,0,1341766770,R. Johnston,R,FA,R,-0.939459399592,2.7698360703,14.6912926885,13.1311089042,6.60479273795,F,D,-2.04699341153,5.59351922033,89.8211104045,2125.63449069,221.729484044,-0.15
1274,2020,730216448,NCST,D1 Atlantic Coast Conference,730340096,JMU,137896285,2020-02-16 13:00:00,9,0,2,0,1341766770,R. Johnston,R,FA,R,-0.0276388196807,4.02637723992,15.3916782382,9.38321951567,6.8384454437,B,D,-2.1783127149,5.73398995349,90.0173864353,2260.07845911,211.316004781,0.13
1275,2020,730216448,NCST,D1 Atlantic Coast Conference,730340096,JMU,137896285,2020-02-16 13:00:00,9,1,2,0,1341766770,R. Johnston,R,SL,R,0.756459310717,1.01020380053,0.518089942428,1.54611041,6.09319557976,F,D,-2.25791768799,5.53957483969,81.5591280745,2201.55291741,250.195454687,0.0
1276,2020,730216448,NCST,D1 Atlantic Coast Conference,730340096,JMU,137896285,2020-02-16 13:00:00,9,1,2,0,1341766770,R. Johnston,R,FA,R,0.302760867125,1.69397196936,11.9651197117,15.6843148156,6.59843545437,F,D,-2.0833737243,5.72751092157,90.9578283069,2058.11276152,232.589861872,0.0
1277,2020,730216448,NCST,D1 Atlantic Coast Conference,730340096,JMU,137896285,2020-02-16 13:00:00,9,1,2,0,1341766770,R. Johnston,R,SL,R,0.348258100759,1.77323224864,0.700359983184,-1.52271998643,6.06466431258,IP,D,-2.07374422017,5.60475045361,80.057165873,2093.82104468,115.949919816,1.26
1278,2020,730216448,NCST,D1 Atlantic Coast Conference,730340096,JMU,137896285,2020-02-16 13:00:00,9,0,0,0,1341766770,R. Johnston,R,FA,R,0.842896408211,2.79729975789,18.8204203387,8.04862177443,6.64771121206,SL,IP_OUT,-2.10400865357,5.83021925021,91.0919498927,2185.22486122,203.120096361,-0.15
1279,2020,730216448,NCST,D1 Atlantic Coast Conference,730340096,JMU,137896285,2020-02-16 13:00:00,9,0,1,0,1341766770,R. Johnston,R,FA,R,1.56174137375,2.82689542374,17.8863341042,7.02974173279,6.66905130457,B,IP_OUT,-1.72405846457,5.78018196934,91.1568329004,2066.86882654,201.422216035,0.13
1280,2020,730216448,NCST,D1 Atlantic Coast Conference,730340096,JMU,137896285,2020-02-16 13:00:00,9,1,1,0,1341766770,R. Johnston,R,FA,R,0.562684773819,1.14399528823,16.6621538074,10.3428834604,6.62953684363,B,IP_OUT,-1.92676151271,5.70400552311,91.3408519649,2146.21010777,211.781938342,0.13
1281,2020,730216448,NCST,D1 Atlantic Coast Conference,730340096,JMU,137896285,2020-02-16 13:00:00,9,0,0,1,1341766770,R. Johnston,R,FA,L,-0.226702917918,2.45458791125,9.00523842344,19.8761379039,6.57613017007,F,IP_OUT,-2.25405328225,5.59282592673,91.0332738512,1997.79428111,245.551838601,-0.15
1282,2020,730216448,NCST,D1 Atlantic Coast Conference,730340096,JMU,137896285,2020-02-16 13:00:00,9,0,0,2,1341766770,R. Johnston,R,SL,L,1.00099113523,0.977935770038,5.38604377711,19.4697332045,7.14904388717,B,K,-2.29582273374,5.3645567692,83.1487030448,1776.4361514,254.437752404,0.13
1283,2020,730216448,NCST,D1 Atlantic Coast Conference,730340096,JMU,137896285,2020-02-16 13:00:00,9,1,0,2,1341766770,R. Johnston,R,FA,L,-0.559771162688,2.88129635567,15.5981457565,13.0508243135,6.71982568784,F,K,-2.32532188617,5.5210418147,88.7693661497,2060.67445807,219.860900573,-0.15
1284,2020,730216448,NCST,D1 Atlantic Coast Conference,730340096,JMU,137896285,2020-02-16 13:00:00,9,1,1,2,1341766770,R. Johnston,R,FA,L,0.227201903847,2.76129418968,9.61054706144,16.7743561428,6.61565970019,SL,K,-2.26187893819,5.57387953303,90.2149330317,2055.06150287,240.109983447,-0.15
1285,2020,730216448,NCST,D1 Atlantic Coast Conference,730340096,JMU,137896285,2020-02-16 13:00:00,9,1,2,2,1341766770,R. Johnston,R,SL,L,0.44118769704,1.05206851346,0.884542679393,1.73597684662,6.2480356215,F,K,-2.52798139424,5.38117765253,81.3185203279,2131.8636964,241.982994874,0.0
1286,2020,730216448,NCST,D1 Atlantic Coast Conference,730340096,JMU,137896285,2020-02-16 13:00:00,9,1,2,2,1341766770,R. Johnston,R,SL,L,0.0730752491397,0.973763934392,8.33824092435,21.0670161253,7.09703500187,SS,K,-2.31642818664,5.43302725556,82.2043716793,1657.67167491,248.319346989,-0.15
1287,2020,730216448,NCST,D1 Atlantic Coast Conference,730340096,JMU,214807632,2020-02-15 13:00:00,1,0,0,0,1260724224,M. Willadsen,R,FA,L,-1.08096398899,1.69149818652,12.6152734719,17.2330370206,6.48173368908,SL,S,-1.22545957575,5.88822728332,89.0802510388,2001.09809447,233.724588624,-0.15
1288,2020,730216448,NCST,D1 Atlantic Coast Conference,730340096,JMU,214807632,2020-02-15 13:00:00,1,0,1,0,1260724224,M. Willadsen,R,CU,L,0.597702128464,-0.450502111616,-15.7022657663,-5.98687480378,6.15867206103,B,S,-1.29925440977,5.89473744246,74.8048678589,2259.51999236,20.9283106525,0.13
1289,2020,730216448,NCST,D1 Atlantic Coast Conference,730340096,JMU,214807632,2020-02-15 13:00:00,1,1,1,0,1260724224,M. Willadsen,R,FA,L,-0.127717374956,2.01376262329,13.9495630915,5.48868935351,6.41374354897,IP,S,-1.39651224333,5.79710606596,88.7912264347,2245.17935226,201.432554805,1.0
1290,2020,730216448,NCST,D1 Atlantic Coast Conference,730340096,JMU,214807632,2020-02-15 13:00:00,1,0,0,0,1260724224,M. Willadsen,R,FA,R,-0.191613726322,1.46975953875,15.6767317794,10.5535900068,6.42719265421,SL,K,-1.66849563003,5.75019208712,89.0181653639,2161.87545997,213.893821547,-0.15
1291,2020,730216448,NCST,D1 Atlantic Coast Conference,730340096,JMU,214807632,2020-02-15 13:00:00,1,0,1,0,1260724224,M. Willadsen,R,SL,R,0.934948164743,2.1628484997,3.53005330865,-11.2077658615,5.6278590479,F,K,-1.77753803729,5.70831658786,78.4052934309,2496.18687358,107.683383787,-0.15
1292,2020,730216448,NCST,D1 Atlantic Coast Conference,730340096,JMU,214807632,2020-02-15 13:00:00,1,0,2,0,1260724224,M. Willadsen,R,FA,R,0.601737775359,3.4617165713,14.5667626665,2.54192140138,6.40317528209,SS,K,-1.44832356957,5.99793452732,89.8446743659,2175.32196197,189.877321692,-0.15
1293,2020,730216448,NCST,D1 Atlantic Coast Conference,730340096,JMU,214807632,2020-02-15 13:00:00,1,0,0,1,1260724224,M. Willadsen,R,CH,L,0.259275340203,0.476128882314,13.6823827282,6.9485205653,6.89831379775,SS,S,-1.31189756018,5.86708903672,78.2781287114,1521.18876598,206.853792184,-0.15
1294,2020,730216448,NCST,D1 Atlantic Coast Conference,730340096,JMU,214807632,2020-02-15 13:00:00,1,0,1,1,1260724224,M. Willadsen,R,FA,L,-0.391331811493,2.56093389103,20.1398207539,13.347404127,6.50667035847,F,S,-1.15262412657,6.19805237896,89.4888971531,2125.65296633,213.491586465,-0.15
1295,2020,730216448,NCST,D1 Atlantic Coast Conference,730340096,JMU,214807632,2020-02-15 13:00:00,1,0,2,1,1260724224,M. Willadsen,R,CU,L,-0.215179160656,2.74723390556,-11.4406586641,-8.83844726324,6.02909677947,IP,S,-1.31959377075,6.04441095411,71.5193195236,2155.25491037,37.8128227471,1.0
1296,2020,730216448,NCST,D1 Atlantic Coast Conference,730340096,JMU,214807632,2020-02-15 13:00:00,1,0,0,1,1260724224,M. Willadsen,R,SL,R,1.19654345556,1.77447997866,0.635457668696,-12.0597544762,5.9029744487,F,DP,-1.78081050242,5.6653309752,76.9496802285,2351.76845044,93.226647892,-0.15
1297,2020,730216448,NCST,D1 Atlantic Coast Conference,730340096,JMU,214807632,2020-02-15 13:00:00,1,0,1,1,1260724224,M. Willadsen,R,FA,R,-0.804220583671,3.10288049452,16.4986971009,11.8112319484,6.63856776457,IP,DP,-1.12851532561,6.23368171907,88.6774360668,2063.27472276,215.545333779,-0.21
1298,2020,730216448,NCST,D1 Atlantic Coast Conference,730340096,JMU,214807632,2020-02-15 13:00:00,2,0,0,0,1260724224,M. Willadsen,R,FA,R,1.37022878306,1.61752481102,17.2222660095,12.597639649,6.47970601054,B,S,-1.29015040075,5.91588809298,88.5676626171,2185.50665914,216.131409168,0.13
1299,2020,730216448,NCST,D1 Atlantic Coast Conference,730340096,JMU,214807632,2020-02-15 13:00:00,2,1,0,0,1260724224,M. Willadsen,R,FA,R,0.319642496963,2.66381873961,15.5371020788,6.71313905077,6.43356578432,IP,S,-1.38023082255,5.80322597782,88.8444823267,2247.67014644,203.323684683,1.0
1300,2020,730216448,NCST,D1 Atlantic Coast Conference,730340096,JMU,214807632,2020-02-15 13:00:00,2,0,0,0,1260724224,M. Willadsen,R,SL,R,0.0533641195403,2.06329766135,0.452100578417,-11.6255948645,5.77992370756,IP,DP,-1.81947642776,5.65534727548,76.4243271331,2380.53083924,92.4489496982,-0.21
1301,2020,730216448,NCST,D1 Atlantic Coast Conference,730340096,JMU,214807632,2020-02-15 13:00:00,2,0,0,2,1260724224,M. Willadsen,R,CU,R,0.669907638782,0.842217929969,-16.6098806065,-5.82946420869,6.10870525905,B,IP_OUT,-1.23549611204,5.84227177698,72.4955696417,2338.77422939,19.393865186,0.13
1302,2020,730216448,NCST,D1 Atlantic Coast Conference,730340096,JMU,214807632,2020-02-15 13:00:00,3,0,0,0,1260724224,M. Willadsen,R,SL,R,-0.335483242671,2.24791298561,-0.83757555675,-7.48332609992,5.69620013637,SL,S,-1.67479783753,5.66422882021,76.6401979543,2325.40052403,83.9517663172,-0.15
1303,2020,730216448,NCST,D1 Atlantic Coast Conference,730340096,JMU,214807632,2020-02-15 13:00:00,3,0,1,0,1260724224,M. Willadsen,R,SL,R,1.66241903521,0.824496459332,-2.46125313833,-5.80087682494,5.87904247251,B,S,-1.59307450094,5.65161439627,78.4717574311,2479.09017907,67.3679502056,0.13
1304,2020,730216448,NCST,D1 Atlantic Coast Conference,730340096,JMU,214807632,2020-02-15 13:00:00,3,1,1,0,1260724224,M. Willadsen,R,FA,R,1.18850757202,2.37482294608,16.2191090592,10.5021571344,6.5097298957,SL,S,-1.16119709666,5.88260863503,88.9751007339,2217.86288042,212.871830126,-0.15
1305,2020,730216448,NCST,D1 Atlantic Coast Conference,730340096,JMU,214807632,2020-02-15 13:00:00,3,1,2,0,1260724224,M. Willadsen,R,CU,R,1.4256189442,-1.58183665692,-17.0535500769,-4.58920573409,6.1509373939,B,S,-0.886200722656,6.02110281182,74.4992028507,2298.73064144,15.1023123653,0.13
1306,2020,730216448,NCST,D1 Atlantic Coast Conference,730340096,JMU,214807632,2020-02-15 13:00:00,3,2,2,0,1260724224,M. Willadsen,R,SL,R,-0.16170778062,1.16054184192,-0.13142771594,-11.1267029546,5.70701863596,IP,S,-1.46254702459,5.67801724427,78.8512710613,2401.82484448,89.54166185,1.0
1307,2020,730216448,NCST,D1 Atlantic Coast Conference,730340096,JMU,214807632,2020-02-15 13:00:00,3,0,0,0,1260724224,M. Willadsen,R,FA,R,0.435802953908,1.27856835498,12.4830062376,13.1461266758,6.52248914895,B,HBP,-1.26053633801,5.89827288923,87.47287357,2136.9914032,226.406114754,0.13
1308,2020,730216448,NCST,D1 Atlantic Coast Conference,730340096,JMU,214807632,2020-02-15 13:00:00,3,1,0,0,1260724224,M. Willadsen,R,SL,R,0.660402902148,1.6648756251,-1.21207552595,-9.48145999304,5.82061890958,F,HBP,-1.6253118673,5.757209933,75.7762402573,2379.10321662,82.9860861984,-0.15
1309,2020,730216448,NCST,D1 Atlantic Coast Conference,730340096,JMU,214807632,2020-02-15 13:00:00,3,1,1,0,1260724224,M. Willadsen,R,FA,R,-1.22936645236,2.53852299076,17.3540556546,12.9174730347,6.56109004631,SL,HBP,-1.05317378342,6.36534650664,88.3827208409,2129.77260272,216.610201786,-0.15
1310,2020,730216448,NCST,D1 Atlantic Coast Conference,730340096,JMU,214807632,2020-02-15 13:00:00,3,1,2,0,1260724224,M. Willadsen,R,FA,R,-2.40443285874,4.83862434234,14.4062916598,10.3595057912,6.6279751812,HBP,HBP,-1.00224737964,6.24374212602,86.9663693252,2092.54197717,215.656239389,0.8
1311,2020,730216448,NCST,D1 Atlantic Coast Conference,730340096,JMU,214807632,2020-02-15 13:00:00,3,0,0,0,1260724224,M. Willadsen,R,CH,L,0.0034544347875,3.7941949247,9.52570393179,6.02322898648,6.79974633115,B,S,-1.34837573181,5.95240279705,75.7049681543,1348.32276727,212.185460823,0.13
1312,2020,730216448,NCST,D1 Atlantic Coast Conference,730340096,JMU,214807632,2020-02-15 13:00:00,3,1,0,0,1260724224,M. Willadsen,R,CH,L,-0.152129457167,0.137543811909,9.48672013337,13.691196312,7.17915245985,B,S,-1.43478947505,5.61576766448,75.1378549065,1276.56760156,235.157002106,0.13
1313,2020,730216448,NCST,D1 Atlantic Coast Conference,730340096,JMU,214807632,2020-02-15 13:00:00,3,2,0,0,1260724224,M. Willadsen,R,FA,L,0.649711700232,2.95220259504,14.3882114321,14.5479073676,6.6648855487,SL,S,-1.09182914465,5.96579283943,87.5347029549,2062.10993043,225.249860694,-0.15
1314,2020,730216448,NCST,D1 Atlantic Coast Conference,730340096,JMU,214807632,2020-02-15 13:00:00,3,2,1,0,1260724224,M. Willadsen,R,FA,L,0.786566126009,1.60266575473,11.2580573519,13.5577538829,6.64937965769,IP,S,-1.16725442401,5.89380295556,87.1247292819,2010.61625446,230.209892189,1.0
1315,2020,730216448,NCST,D1 Atlantic Coast Conference,730340096,JMU,214807632,2020-02-15 13:00:00,3,0,0,1,1260724224,M. Willadsen,R,FA,L,-1.73331274277,2.88351077051,18.4436741841,7.20045708909,6.42474185211,B,D,-1.3651167646,5.96745627291,87.0388727646,2047.9315726,201.289990319,0.13
1316,2020,730216448,NCST,D1 Atlantic Coast Conference,730340096,JMU,214807632,2020-02-15 13:00:00,3,1,0,1,1260724224,M. Willadsen,R,FA,L,-0.328167210888,3.79555172407,17.551404986,6.44077760797,6.57223837649,B,D,-1.40083869914,5.78006960559,87.4647897509,2146.45330797,200.11601661,0.13
1317,2020,730216448,NCST,D1 Atlantic Coast Conference,730340096,JMU,214807632,2020-02-15 13:00:00,3,2,0,1,1260724224,M. Willadsen,R,FA,L,-0.332119113253,1.5633499334,14.650966994,15.8657354278,6.5838566221,IP,D,-1.46227120286,5.89357204153,87.8525773191,2051.681946,227.214059496,1.26
1318,2020,730216448,NCST,D1 Atlantic Coast Conference,730340096,JMU,214807632,2020-02-15 13:00:00,3,0,0,1,1277208468,E. Justice,L,FA,R,-0.679173813213,-0.112384744326,10.2479032574,-4.62899483173,5.74779247291,B,IP_OUT,1.29979748173,5.47660080843,92.0275853571,2281.38359264,155.755599981,0.13
1319,2020,730216448,NCST,D1 Atlantic Coast Conference,730340096,JMU,214807632,2020-02-15 13:00:00,3,1,0,1,1277208468,E. Justice,L,FA,R,-0.598853732973,1.61635198736,12.8071102172,-5.07953366271,6.00889387325,SL,IP_OUT,1.23490589012,5.55249861364,91.9922696954,2431.15687308,158.412689991,-0.15
1320,2020,730216448,NCST,D1 Atlantic Coast Conference,730340096,JMU,214807632,2020-02-15 13:00:00,3,0,0,2,1277208468,E. Justice,L,FA,R,-0.114120670858,0.736323406661,12.4672217786,-4.07189981271,5.66878576755,B,K,1.38526515851,5.48875178209,92.1618249457,2240.77986566,161.954599337,0.13
1321,2020,730216448,NCST,D1 Atlantic Coast Conference,730340096,JMU,214807632,2020-02-15 13:00:00,3,1,0,2,1277208468,E. Justice,L,FA,R,-0.534999365165,1.48211617699,9.86909552676,-10.586912326,5.94371105982,SL,K,1.29448340067,5.45527717856,91.7118009001,2233.04153961,133.080403718,-0.15
1322,2020,730216448,NCST,D1 Atlantic Coast Conference,730340096,JMU,214807632,2020-02-15 13:00:00,3,1,1,2,1277208468,E. Justice,L,FA,R,0.706839989113,1.73205677076,13.0618095259,-10.6164439597,5.90714803151,F,K,1.40092063298,5.68172093111,93.0164455714,2241.00096165,140.961402624,-0.15
1323,2020,730216448,NCST,D1 Atlantic Coast Conference,730340096,JMU,214807632,2020-02-15 13:00:00,3,1,2,2,1277208468,E. Justice,L,FA,R,1.18576935508,2.68550909267,13.8799859552,-10.4571372955,5.69010458691,F,K,1.45674860936,5.45642117301,91.5654403541,2317.21105158,143.068148311,0.0
1324,2020,730216448,NCST,D1 Atlantic Coast Conference,730340096,JMU,214807632,2020-02-15 13:00:00,3,1,2,2,1277208468,E. Justice,L,FA,R,-0.128142729796,3.31031429455,15.8523008006,-10.2984755846,5.83462503725,F,K,1.42507653881,5.66148853781,92.5943048536,2307.73671477,147.040499019,0.0
1325,2020,730216448,NCST,D1 Atlantic Coast Conference,730340096,JMU,214807632,2020-02-15 13:00:00,3,1,2,2,1277208468,E. Justice,L,SL,R,0.597449416538,1.66540995205,-3.12855293597,9.34128796319,5.43367774471,SS,K,1.21180110478,5.4218424899,80.8990867072,1992.46966735,288.290990195,-0.15
1326,2020,730216448,NCST,D1 Atlantic Coast Conference,730340096,JMU,214807632,2020-02-15 13:00:00,3,0,0,2,1277208468,E. Justice,L,FA,R,-1.50819703325,1.71646047844,13.8090358674,-12.67501403,6.04890572579,B,IP_OUT,1.19027749877,5.46792759237,91.8076450169,2425.84222432,137.515527861,0.13
1327,2020,730216448,NCST,D1 Atlantic Coast Conference,730340096,JMU,214807632,2020-02-15 13:00:00,4,0,0,0,1277208468,E. Justice,L,FA,R,0.391575649201,1.161043832,14.6710538467,-11.0562293439,5.7377365289,SL,IP_OUT,1.45807386438,5.38129391041,89.9648249312,2297.74978714,143.05974322,-0.15
1328,2020,730216448,NCST,D1 Atlantic Coast Conference,730340096,JMU,214807632,2020-02-15 13:00:00,4,0,0,1,1277208468,E. Justice,L,FA,R,1.91997305123,1.45890158538,13.6881322141,-9.52031080653,5.6192100756,B,S,1.41708505589,5.50954501224,91.8677469423,2367.30620316,145.24258415,0.13
1329,2020,730216448,NCST,D1 Atlantic Coast Conference,730340096,JMU,214807632,2020-02-15 13:00:00,4,1,0,1,1277208468,E. Justice,L,FA,R,-0.0769921498785,2.110543001,12.1208008754,-9.35086495282,5.81035464508,IP,S,1.11133033277,5.66070102568,91.7446898618,2278.46753154,142.422387224,1.0
1330,2020,730216448,NCST,D1 Atlantic Coast Conference,730340096,JMU,214807632,2020-02-15 13:00:00,4,0,0,1,1277208468,E. Justice,L,FA,R,-0.128266609602,1.88082251849,9.67054119701,-13.8264870554,5.66689860269,SL,K,1.33091261919,5.4417695401,92.313176711,2382.76105932,125.056580469,-0.15
1331,2020,730216448,NCST,D1 Atlantic Coast Conference,730340096,JMU,214807632,2020-02-15 13:00:00,4,0,1,1,1277208468,E. Justice,L,SL,R,0.392509494285,1.5368794944,-5.78355315692,8.63464031445,5.29837921472,SL,K,0.917510811777,5.58219246283,80.8755891665,2102.96844321,303.625081562,-0.15
1332,2020,730216448,NCST,D1 Atlantic Coast Conference,730340096,JMU,214807632,2020-02-15 13:00:00,4,0,2,1,1277208468,E. Justice,L,FA,R,0.87436505591,3.74133689178,13.4622662608,-14.9654662603,5.68813240239,SS,K,1.34757891792,5.52369007442,91.4446516297,2388.87138185,132.040588348,-0.15
1333,2020,730216448,NCST,D1 Atlantic Coast Conference,730340096,JMU,214807632,2020-02-15 13:00:00,4,0,0,2,1277208468,E. Justice,L,SL,L,0.836580392484,2.55419428653,-4.55283244924,10.8642002657,5.35732864967,SL,S,0.740645661475,5.65064695692,79.6764750453,1923.33876049,292.545684614,-0.15
1334,2020,730216448,NCST,D1 Atlantic Coast Conference,730340096,JMU,214807632,2020-02-15 13:00:00,4,0,1,2,1277208468,E. Justice,L,FA,L,-1.1262723835,2.00677564163,18.9532212132,-7.9007584368,5.87711159955,SL,S,0.839017375785,5.68407321462,91.9452968855,2352.52078733,157.404563222,-0.15
1335,2020,730216448,NCST,D1 Atlantic Coast Conference,730340096,JMU,214807632,2020-02-15 13:00:00,4,0,2,2,1277208468,E. Justice,L,SL,L,-1.29784350649,1.2274446457,-4.31750254026,7.55659616856,5.62457550764,B,S,0.619148010035,5.5049087476,82.2316643355,2072.78937645,299.513914409,0.13
1336,2020,730216448,NCST,D1 Atlantic Coast Conference,730340096,JMU,214807632,2020-02-15 13:00:00,4,1,2,2,1277208468,E. Justice,L,FA,L,-0.890802146277,3.5318664248,18.2714021011,-10.3895320293,5.97128407207,F,S,0.745812222606,5.60538923746,91.1607314288,2328.44818463,150.419264323,0.0
1337,2020,730216448,NCST,D1 Atlantic Coast Conference,730340096,JMU,214807632,2020-02-15 13:00:00,4,1,2,2,1277208468,E. Justice,L,FA,L,0.299532615331,2.33460432096,16.3689527442,-6.68498418208,6.13312083077,F,S,0.802435108904,5.58459311353,91.0807636385,2385.40109577,157.823521955,0.0
1338,2020,730216448,NCST,D1 Atlantic Coast Conference,730340096,JMU,214807632,2020-02-15 13:00:00,4,1,2,2,1277208468,E. Justice,L,SL,L,-1.36550554469,1.29602329209,-4.74792981492,8.41681490226,5.7398054787,B,S,0.678370085323,5.50071604954,82.7650849868,2028.56180159,299.226307365,0.13
1339,2020,730216448,NCST,D1 Atlantic Coast Conference,730340096,JMU,214807632,2020-02-15 13:00:00,4,2,2,2,1277208468,E. Justice,L,FA,L,0.544236084427,3.09058675524,13.1540474278,-6.85083200233,6.12824266623,IP,S,0.743225164727,5.58941637546,91.6702662216,2355.09548103,152.544015458,1.0
1340,2020,730216448,NCST,D1 Atlantic Coast Conference,730340096,JMU,214807632,2020-02-15 13:00:00,4,0,0,2,1277208468,E. Justice,L,FA,R,-0.256663377702,3.54825082615,17.8676980343,-5.54432727389,6.22266885597,SS,IP_OUT,1.06386186389,5.55813588288,91.5972937001,2322.84651174,162.789159365,-0.15
1341,2020,730216448,NCST,D1 Atlantic Coast Conference,730340096,JMU,214807632,2020-02-15 13:00:00,4,0,1,2,1277208468,E. Justice,L,CH,R,1.12507184326,2.40426915431,3.21537729706,-12.3897586802,6.3323715981,SL,IP_OUT,1.411936076,5.0262190922,81.4936474768,1638.14985776,104.717525924,-0.15
1342,2020,730216448,NCST,D1 Atlantic Coast Conference,730340096,JMU,214807632,2020-02-15 13:00:00,4,0,2,2,1277208468,E. Justice,L,FA,R,-1.01127061411,3.3070491358,10.8070669436,-7.84601878045,6.15332444261,B,IP_OUT,0.968612088986,5.48976418815,90.8629073794,2284.86097637,144.099307437,0.13
1343,2020,730216448,NCST,D1 Atlantic Coast Conference,730340096,JMU,214807632,2020-02-15 13:00:00,5,0,0,0,1277208468,E. Justice,L,FA,L,0.431307693608,0.777887794581,8.59898521657,-9.98501021951,5.83044245042,B,IP_OUT,1.12799496898,5.52547514492,90.5649299105,2290.19083564,130.83968909,0.13
1344,2020,730216448,NCST,D1 Atlantic Coast Conference,730340096,JMU,214807632,2020-02-15 13:00:00,5,0,0,1,1277208468,E. Justice,L,SL,R,-0.614471525175,1.66479215527,-0.153529015039,8.26366393185,5.49224150245,SL,IP_OUT,1.14377810753,5.681346092,80.8744524804,2080.11981873,270.782982631,-0.15
1345,2020,730216448,NCST,D1 Atlantic Coast Conference,730340096,JMU,214807632,2020-02-15 13:00:00,5,0,1,1,1277208468,E. Justice,L,FA,R,0.872727861067,3.22277654744,11.1789635755,-6.76490105733,5.77391999579,B,IP_OUT,1.47038504604,5.52412811575,91.2292752888,2303.27080523,148.891148549,0.13
1346,2020,730216448,NCST,D1 Atlantic Coast Conference,730340096,JMU,214807632,2020-02-15 13:00:00,5,1,1,1,1277208468,E. Justice,L,FA,R,0.869326729197,1.75937460105,10.9798977725,-8.35873163402,5.90464054856,SL,IP_OUT,1.26183169299,5.51113543453,90.8262399877,2256.23000911,142.797922989,-0.15
1347,2020,730216448,NCST,D1 Atlantic Coast Conference,730340096,JMU,214807632,2020-02-15 13:00:00,5,1,2,1,1277208468,E. Justice,L,FA,R,0.702525070416,4.0355525193,13.6004058961,-8.47447483372,5.95126301147,B,IP_OUT,1.31054722696,5.6092856723,90.3141037083,2236.81983434,148.133075733,0.13
1348,2020,730216448,NCST,D1 Atlantic Coast Conference,730340096,JMU,214807632,2020-02-15 13:00:00,5,2,2,1,1277208468,E. Justice,L,FA,R,-2.04267021556,1.19164052103,10.3185022433,-7.15167684721,6.19382961101,B,IP_OUT,1.39141948933,5.57350994233,91.1911188969,2236.13936115,145.355139387,0.13
1349,2020,730216448,NCST,D1 Atlantic Coast Conference,730340096,JMU,214807632,2020-02-15 13:00:00,5,0,0,2,1277208468,E. Justice,L,FA,R,-0.753319049064,1.2030250775,9.59115466965,-10.9596141867,6.0263913011,B,S,1.11907827742,5.5050526975,91.270965739,2338.8429384,131.282827438,0.13
1350,2020,730216448,NCST,D1 Atlantic Coast Conference,730340096,JMU,214807632,2020-02-15 13:00:00,5,1,0,2,1277208468,E. Justice,L,FA,R,-0.279593506686,1.51806839257,9.98833215334,-11.9700354622,5.86572742205,IP,S,1.14732499727,5.52794801566,91.1926183777,2338.96003732,129.931620702,1.0
1351,2020,730216448,NCST,D1 Atlantic Coast Conference,730340096,JMU,214807632,2020-02-15 13:00:00,5,0,0,2,1277208468,E. Justice,L,FA,R,0.787181486245,2.85375428378,11.8179762485,-10.0965247385,5.87682931967,SL,K,1.4244056939,5.30380792192,89.9963836139,2352.96709181,139.568837549,-0.15
1352,2020,730216448,NCST,D1 Atlantic Coast Conference,730340096,JMU,214807632,2020-02-15 13:00:00,5,0,1,2,1277208468,E. Justice,L,SL,R,-0.096639206208,1.9209171867,-1.67600454213,5.48403720734,5.24089220224,SL,K,0.910240017522,5.53521524678,81.1205581881,2033.13212933,286.605128355,-0.15
1353,2020,730216448,NCST,D1 Atlantic Coast Conference,730340096,JMU,214807632,2020-02-15 13:00:00,5,0,2,2,1277208468,E. Justice,L,FA,R,1.06183010518,4.88063724866,18.957427184,-13.4233329898,6.03747729029,B,K,1.21769734803,5.57818721886,90.6265642701,2363.35552453,144.743881057,0.13
1354,2020,730216448,NCST,D1 Atlantic Coast Conference,730340096,JMU,214807632,2020-02-15 13:00:00,5,1,2,2,1277208468,E. Justice,L,FA,R,-0.210080680983,3.04729411184,14.2946309327,-10.6641263362,5.94668071699,SS,K,1.67980590156,5.41109110327,91.1951625537,2307.55525215,143.336757964,-0.15
1355,2020,730216448,NCST,D1 Atlantic Coast Conference,730340096,JMU,214807632,2020-02-15 13:00:00,6,0,0,0,1160391680,S. Highfill,R,CU,R,-0.425993001349,2.62333392122,-0.311601334236,-14.5860229434,5.16962550261,SL,S,-1.71405582739,5.89440618537,70.5132698605,1962.20988689,88.9918314133,-0.15
1356,2020,730216448,NCST,D1 Atlantic Coast Conference,730340096,JMU,214807632,2020-02-15 13:00:00,6,0,1,0,1160391680,S. Highfill,R,FA,R,0.494714247925,3.16042956556,20.972334852,7.49198960112,5.95962867948,IP,S,-1.33555496283,5.96059518575,89.0678056929,2134.87525984,199.629490103,1.0
1357,2020,730216448,NCST,D1 Atlantic Coast Conference,730340096,JMU,214807632,2020-02-15 13:00:00,6,0,0,0,1160391680,S. Highfill,R,FA,R,1.16280878863,2.43558045644,22.4533455259,8.53386294077,5.92411073149,SL,SH,-1.61168914554,6.10135970789,88.3585542625,2110.88543496,200.781471096,-0.15
1358,2020,730216448,NCST,D1 Atlantic Coast Conference,730340096,JMU,214807632,2020-02-15 13:00:00,6,0,1,0,1160391680,S. Highfill,R,CU,R,1.00065465686,1.43465702572,0.388031690159,-10.6060289927,5.12778933805,B,SH,-1.69892070939,6.03568288796,73.6661355274,2026.64781605,92.3663242752,0.13
1359,2020,730216448,NCST,D1 Atlantic Coast Conference,730340096,JMU,214807632,2020-02-15 13:00:00,6,1,1,0,1160391680,S. Highfill,R,FA,R,0.12075551704,4.20596810801,20.511837429,11.8721627276,5.93863671563,B,SH,-1.53605823335,6.04359639819,86.4534974416,2060.04014269,210.019107413,0.13
1360,2020,730216448,NCST,D1 Atlantic Coast Conference,730340096,JMU,214807632,2020-02-15 13:00:00,6,2,1,0,1160391680,S. Highfill,R,FA,R,0.500837032568,1.212858707,20.2717508103,9.53126093659,6.02852841759,F,SH,-1.49243244284,6.09501126791,84.6066493227,2010.63776932,205.141568352,-0.15
1361,2020,730216448,NCST,D1 Atlantic Coast Conference,730340096,JMU,214807632,2020-02-15 13:00:00,6,0,0,1,1160391680,S. Highfill,R,CU,R,1.28138247651,0.73456202812,-5.02668937435,-7.14568429277,5.34683997086,B,DP,-1.67045854485,6.0815899147,72.6730592576,2068.87511014,55.1515248039,0.13
1362,2020,730216448,NCST,D1 Atlantic Coast Conference,730340096,JMU,214807632,2020-02-15 13:00:00,6,1,0,1,1160391680,S. Highfill,R,FA,R,-0.0188253027348,1.79024749676,22.3369880989,5.58649970483,5.86889037043,SL,DP,-1.45582658744,6.07454824811,87.5448082707,2111.50251709,194.020707284,-0.15
1363,2020,730216448,NCST,D1 Atlantic Coast Conference,730340096,JMU,214807632,2020-02-15 13:00:00,6,1,1,1,1160391680,S. Highfill,R,FA,R,-0.997785141996,2.19853123115,18.763928184,9.35371488798,5.9890879114,SL,DP,-1.36283943458,6.08020766511,87.2838940475,2173.28348753,206.453890316,-0.15
1364,2020,730216448,NCST,D1 Atlantic Coast Conference,730340096,JMU,214807632,2020-02-15 13:00:00,6,1,2,1,1160391680,S. Highfill,R,FA,R,0.678872153178,4.55106872244,21.0685994056,9.17952568496,5.97026975618,B,DP,-1.47726963203,6.00475548053,88.6319460653,2218.97468076,203.508985764,0.13
1365,2020,730216448,NCST,D1 Atlantic Coast Conference,730340096,JMU,214807632,2020-02-15 13:00:00,6,2,2,1,1160391680,S. Highfill,R,FA,R,-0.892737637372,1.70770696394,21.436832913,6.74552814123,5.96428442696,IP,DP,-1.18689268511,6.12080212791,88.5316957296,2185.03506097,197.441180705,-0.21
1366,2020,730216448,NCST,D1 Atlantic Coast Conference,730340096,JMU,214807632,2020-02-15 13:00:00,7,0,0,1,1160391680,S. Highfill,R,FA,R,1.25617347832,2.60370901696,19.8457366857,7.55168052866,5.88532272633,SL,HBP,-1.27572478495,6.07707937859,89.4932314354,2055.36819856,200.801046826,-0.15
1367,2020,730216448,NCST,D1 Atlantic Coast Conference,730340096,JMU,214807632,2020-02-15 13:00:00,7,0,1,1,1160391680,S. Highfill,R,FA,R,1.63220972404,3.33028707126,19.925357845,3.7635318768,6.02839914608,B,HBP,-1.27516063859,6.00136731738,89.5478018236,2057.63227718,190.679004314,0.13
1368,2020,730216448,NCST,D1 Atlantic Coast Conference,730340096,JMU,214807632,2020-02-15 13:00:00,7,1,1,1,1160391680,S. Highfill,R,FA,R,0.216798263501,1.50295190404,20.4858751938,15.8530610694,6.0089907487,B,HBP,-1.27231624107,6.08770341215,88.9017723547,2090.41269941,217.6893375,0.13
1369,2020,730216448,NCST,D1 Atlantic Coast Conference,730340096,JMU,214807632,2020-02-15 13:00:00,7,2,1,1,1160391680,S. Highfill,R,FA,R,-0.0783367744717,2.75872526436,20.8927955965,11.4366605945,6.05218743776,F,HBP,-1.32917273966,6.07519558232,88.2576634878,2069.50807297,208.657371654,-0.15
1370,2020,730216448,NCST,D1 Atlantic Coast Conference,730340096,JMU,214807632,2020-02-15 13:00:00,7,2,2,1,1160391680,S. Highfill,R,FA,R,-1.38984436581,4.11883589888,21.4999126525,8.14491943955,5.82294761252,HBP,HBP,-1.15719466202,6.19675214811,88.7851563009,2123.99299526,200.719028136,0.8
1371,2020,730216448,NCST,D1 Atlantic Coast Conference,730340096,JMU,214807632,2020-02-15 13:00:00,7,0,0,1,1160391680,S. Highfill,R,CH,L,-0.289428123577,2.05608564169,12.4141972359,11.0242737899,6.25159391982,SS,IP_OUT,-1.89252658201,5.80185737692,77.8259216338,1564.99378052,221.508076065,-0.15
1372,2020,730216448,NCST,D1 Atlantic Coast Conference,730340096,JMU,214807632,2020-02-15 13:00:00,7,0,1,1,1160391680,S. Highfill,R,CH,L,0.499996624974,-0.773732576086,9.16028532156,21.4950768727,6.20803176854,B,IP_OUT,-1.97318290926,5.75240085457,78.9171448017,1584.09008228,246.823628782,0.13
1373,2020,730216448,NCST,D1 Atlantic Coast Conference,730340096,JMU,214807632,2020-02-15 13:00:00,7,0,0,2,1160391680,S. Highfill,R,FA,R,0.609077628891,2.40655963044,24.6828180412,10.607833066,5.8309107413,SL,K,-1.36707723276,6.14781444763,88.0830862917,2207.811977,203.227118837,-0.15
1374,2020,730216448,NCST,D1 Atlantic Coast Conference,730340096,JMU,214807632,2020-02-15 13:00:00,7,0,1,2,1160391680,S. Highfill,R,CU,R,1.57161304559,1.52686172979,0.19348863419,-8.77221252265,5.37031952076,B,K,-1.79400105929,6.07712336216,75.9892836703,2209.94211165,91.5702598168,0.13
1375,2020,730216448,NCST,D1 Atlantic Coast Conference,730340096,JMU,214807632,2020-02-15 13:00:00,7,1,1,2,1160391680,S. Highfill,R,FA,R,0.699782554514,2.69771531816,22.6550348516,7.33455697457,5.99683027262,F,K,-1.48651458196,6.08124538009,87.7137263371,2214.79068409,197.913615074,-0.15
1376,2020,730216448,NCST,D1 Atlantic Coast Conference,730340096,JMU,214807632,2020-02-15 13:00:00,7,1,2,2,1160391680,S. Highfill,R,FA,R,0.464991552461,3.97782150007,20.49972865,9.78076211156,5.91042849246,B,K,-1.50256621735,6.00944561748,88.8653813074,2162.9920144,205.47005349,0.13
1377,2020,730216448,NCST,D1 Atlantic Coast Conference,730340096,JMU,214807632,2020-02-15 13:00:00,7,2,2,2,1160391680,S. Highfill,R,FA,R,-0.510946802583,1.81735123481,20.9021558383,10.2103155491,5.86347815532,SL,K,-1.36062207084,6.11542597076,87.7783914229,2101.50085447,205.997572382,-0.15
1378,2020,730216448,NCST,D1 Atlantic Coast Conference,730340096,JMU,214807632,2020-02-15 13:00:00,8,0,0,0,1160391680,S. Highfill,R,SL,R,1.66179926298,1.34611450215,-2.24352856093,-11.8503999634,5.15275532814,B,IP_OUT,-1.56610242729,6.09513438791,74.0508418469,2089.29297021,79.5136801628,0.13
1379,2020,730216448,NCST,D1 Atlantic Coast Conference,730340096,JMU,214807632,2020-02-15 13:00:00,8,0,0,1,1160391680,S. Highfill,R,FA,R,1.40414590977,2.60758405177,17.329422722,5.44506428309,6.11801167955,SL,S,-1.11570765226,5.98060096063,88.059159448,2149.55255029,197.410979915,-0.15
1380,2020,730216448,NCST,D1 Atlantic Coast Conference,730340096,JMU,214807632,2020-02-15 13:00:00,8,0,1,1,1160391680,S. Highfill,R,FA,R,0.511286039801,3.67969583126,18.1862553089,7.9005075126,6.0086278997,B,S,-1.09053256373,6.17716715368,88.8799416751,2066.71813076,203.442770856,0.13
1381,2020,730216448,NCST,D1 Atlantic Coast Conference,730340096,JMU,214807632,2020-02-15 13:00:00,8,1,1,1,1160391680,S. Highfill,R,FA,R,0.885417446242,2.05803379878,22.335123898,8.4687945959,6.0541143415,SL,S,-1.28362753107,6.06784818975,86.5823401402,2108.038711,200.734990555,-0.15
1382,2020,730216448,NCST,D1 Atlantic Coast Conference,730340096,JMU,214807632,2020-02-15 13:00:00,8,1,2,1,1160391680,S. Highfill,R,FA,R,-0.471229960509,2.13184691849,22.3037725739,11.1950884475,5.91443535709,IP,S,-1.20906783698,6.12552565819,86.3649445755,1953.01271313,206.61716274,1.0
1383,2020,730216448,NCST,D1 Atlantic Coast Conference,730340096,JMU,214807632,2020-02-15 13:00:00,8,0,0,1,1160391680,S. Highfill,R,FA,R,0.610050297799,2.73473797035,23.1193789005,7.7413656354,5.92531933344,F,FC,-1.29189266107,6.16149350862,86.1090701819,2207.06817561,198.486159788,-0.15
1384,2020,730216448,NCST,D1 Atlantic Coast Conference,730340096,JMU,214807632,2020-02-15 13:00:00,8,0,1,1,1160391680,S. Highfill,R,FA,R,0.0640787353443,1.76669080415,20.6636821242,8.70682435194,5.90571558654,SL,FC,-1.36073193822,6.07724262428,86.2571898976,2093.85451963,202.813265354,-0.15
1385,2020,730216448,NCST,D1 Atlantic Coast Conference,730340096,JMU,214807632,2020-02-15 13:00:00,8,0,2,1,1160391680,S. Highfill,R,FA,R,1.50207402193,3.4295774035,17.2151945299,9.28496230744,6.06177314236,B,FC,-1.51870214606,5.8068459497,85.573895675,2068.77712811,208.29007654,0.13
1386,2020,730216448,NCST,D1 Atlantic Coast Conference,730340096,JMU,214807632,2020-02-15 13:00:00,8,1,2,1,1160391680,S. Highfill,R,FA,R,0.563080857083,2.8042900993,19.064165962,5.9986272901,5.93621483692,IP,FC,-1.28027478624,5.99270154741,87.0340686692,2230.46078907,197.436609393,-0.21
1387,2020,730216448,NCST,D1 Atlantic Coast Conference,730340096,JMU,214807632,2020-02-15 13:00:00,8,0,0,2,1160391680,S. Highfill,R,CU,R,-0.0130007666765,3.14298545257,-1.59589383341,-11.0653460116,5.15364204296,SL,BB,-1.85042885572,5.92801365684,71.3010132423,2044.31529676,82.0621681823,-0.15
1388,2020,730216448,NCST,D1 Atlantic Coast Conference,730340096,JMU,214807632,2020-02-15 13:00:00,8,0,1,2,1160391680,S. Highfill,R,FA,R,1.72806097712,1.43104123232,21.4899301339,11.4856799927,5.96057244891,B,BB,-1.64957411217,5.97820717174,87.2269651303,2241.45538506,208.084437924,0.13
1389,2020,730216448,NCST,D1 Atlantic Coast Conference,730340096,JMU,214807632,2020-02-15 13:00:00,8,1,1,2,1160391680,S. Highfill,R,FA,R,1.80212078138,1.4933244676,20.4900975396,11.5458918636,6.08539899798,B,BB,-1.53514678571,5.9082848761,85.9533564799,2192.77126084,209.358102224,0.13
1390,2020,730216448,NCST,D1 Atlantic Coast Conference,730340096,JMU,214807632,2020-02-15 13:00:00,8,2,1,2,1160391680,S. Highfill,R,SL,R,1.00158313702,1.14593649337,-3.20061728039,-9.65656859274,5.18388748907,B,BB,-1.88746831607,5.87818610776,72.6405889537,2026.98735584,71.9404888114,0.13
1391,2020,730216448,NCST,D1 Atlantic Coast Conference,730340096,JMU,214807632,2020-02-15 13:00:00,8,3,1,2,1160391680,S. Highfill,R,CU,R,0.911559167942,1.65711816669,-5.32603138445,-9.72922591423,5.1812300961,SL,BB,-1.93521035258,5.98823487296,71.8905023563,2048.4359876,61.5397971845,-0.15
1392,2020,730216448,NCST,D1 Atlantic Coast Conference,730340096,JMU,214807632,2020-02-15 13:00:00,8,3,2,2,1160391680,S. Highfill,R,FA,R,0.454740900193,2.39202796098,13.95633263,9.93303990165,6.09069891169,F,BB,-1.75869529771,5.78484845612,86.1677253307,1972.15355355,215.371920141,0.0
1393,2020,730216448,NCST,D1 Atlantic Coast Conference,730340096,JMU,214807632,2020-02-15 13:00:00,8,3,2,2,1160391680,S. Highfill,R,FA,R,-0.636249995401,4.42863320132,20.7510889613,6.9679743854,5.88818654987,B,BB,-1.45793416412,6.04621562857,84.2959824974,1984.75056707,198.530558766,0.8
1394,2020,730216448,NCST,D1 Atlantic Coast Conference,730340096,JMU,214807632,2020-02-15 13:00:00,8,0,0,2,1160391680,S. Highfill,R,FA,R,0.674576906133,2.18110247078,19.2563933409,9.26861204309,6.04002234883,F,S,-1.35763578493,6.09130957379,86.0043503085,1986.989659,205.661411312,-0.15
1395,2020,730216448,NCST,D1 Atlantic Coast Conference,730340096,JMU,214807632,2020-02-15 13:00:00,8,0,1,2,1160391680,S. Highfill,R,CU,R,-0.190600081666,2.25295123936,-7.64190788631,-7.10163241257,5.31467234086,F,S,-1.97146323188,5.97311652663,73.255888983,2158.26006167,43.0885285824,-0.15
1396,2020,730216448,NCST,D1 Atlantic Coast Conference,730340096,JMU,214807632,2020-02-15 13:00:00,8,0,2,2,1160391680,S. Highfill,R,FA,R,-0.579312038156,4.80733086837,18.5662462801,10.9606912252,5.85184211222,B,S,-1.6780479682,5.82810532721,86.3997575236,2071.68418753,210.508021898,0.13
1397,2020,730216448,NCST,D1 Atlantic Coast Conference,730340096,JMU,214807632,2020-02-15 13:00:00,8,1,2,2,1160391680,S. Highfill,R,FA,R,-1.10027948607,3.24582250518,21.4761509268,4.40954614096,5.86366542001,IP,S,-1.3561097596,5.98847459491,85.2385215065,2067.63448291,191.583723552,1.0
1398,2020,730216448,NCST,D1 Atlantic Coast Conference,730340096,JMU,214807632,2020-02-15 13:00:00,8,0,0,2,1160391680,S. Highfill,R,CH,L,1.00374721677,1.71680951,15.6961237882,11.4574743572,6.59703991456,B,BB,-1.76499326012,5.62186773554,77.7274588845,1481.87502245,216.053588237,0.13
1399,2020,730216448,NCST,D1 Atlantic Coast Conference,730340096,JMU,214807632,2020-02-15 13:00:00,8,1,0,2,1160391680,S. Highfill,R,FA,L,0.771029888115,3.4487150229,22.7646524635,4.64918939407,6.04748512028,F,BB,-1.30769208558,5.8831601227,86.8979827737,2063.21089,191.525397839,-0.15
1400,2020,730216448,NCST,D1 Atlantic Coast Conference,730340096,JMU,214807632,2020-02-15 13:00:00,8,1,1,2,1160391680,S. Highfill,R,CH,L,0.098035689165,2.59315662631,12.3789858559,14.4815025113,6.4592515717,F,BB,-1.74915391224,5.63407107249,76.6059269731,1258.40765179,229.375699237,-0.15
1401,2020,730216448,NCST,D1 Atlantic Coast Conference,730340096,JMU,214807632,2020-02-15 13:00:00,8,1,2,2,1160391680,S. Highfill,R,FA,L,0.953738824184,3.98479471979,20.2058787735,9.67586663331,6.16405549626,B,BB,-1.34299840836,5.98526143576,87.7621636852,2121.01066948,205.55064187,0.13
1402,2020,730216448,NCST,D1 Atlantic Coast Conference,730340096,JMU,214807632,2020-02-15 13:00:00,8,2,2,2,1160391680,S. Highfill,R,SL,L,0.786665820412,1.05373991323,-4.43359410957,-7.77661527293,5.22269082557,B,BB,-1.69960143632,5.83044898992,75.3303131929,2191.00215266,60.5745266026,0.13
1403,2020,730216448,NCST,D1 Atlantic Coast Conference,730340096,JMU,214807632,2020-02-15 13:00:00,8,3,2,2,1160391680,S. Highfill,R,FA,L,-0.495477858879,3.08015267943,19.8171571788,8.80854151636,6.01734709997,F,BB,-1.42798414349,5.9921775579,85.5860940356,2022.0048126,203.926512102,0.0
1404,2020,730216448,NCST,D1 Atlantic Coast Conference,730340096,JMU,214807632,2020-02-15 13:00:00,8,3,2,2,1160391680,S. Highfill,R,FA,L,0.805539370327,3.97040410066,17.6960008392,5.66686495451,6.0347871855,B,BB,-1.42676270452,5.91553356177,86.0367117061,1892.73215137,197.723838968,0.8
1405,2020,730216448,NCST,D1 Atlantic Coast Conference,730340096,JMU,214807632,2020-02-15 13:00:00,8,0,0,2,1160391680,S. Highfill,R,SL,R,0.710965967998,1.30384964947,-6.4407561971,-8.05878898243,5.31021421135,B,FC,-1.58131955888,5.8753519605,71.6754660969,1990.13695904,51.594995828,0.13
1406,2020,730216448,NCST,D1 Atlantic Coast Conference,730340096,JMU,214807632,2020-02-15 13:00:00,8,1,0,2,1160391680,S. Highfill,R,FA,R,0.648814495756,3.06513082729,15.6896131414,6.4430544429,6.32194889488,F,FC,-1.42394553342,5.85536409637,84.8044966824,2098.54755995,202.279844618,-0.15
1407,2020,730216448,NCST,D1 Atlantic Coast Conference,730340096,JMU,214807632,2020-02-15 13:00:00,8,1,1,2,1160391680,S. Highfill,R,FA,R,1.21711763139,2.95039109334,20.3152599478,4.9510979655,6.17837699269,F,FC,-1.27813342963,5.81942307449,87.5164848861,2149.84107093,193.674693889,-0.15
1408,2020,730216448,NCST,D1 Atlantic Coast Conference,730340096,JMU,214807632,2020-02-15 13:00:00,8,1,2,2,1160391680,S. Highfill,R,FA,R,-0.576416242225,3.21951547038,23.8367063306,4.41707524557,6.05263644168,IP,FC,-1.24162213881,6.01592278226,85.375061783,2089.99993682,190.482575127,-0.21
1409,2020,730216448,NCST,D1 Atlantic Coast Conference,730340096,JMU,214807632,2020-02-15 13:00:00,9,0,0,0,1402718585,K. Klyman,L,FA,L,-0.245571137252,2.77171135995,19.7955683186,-8.11511773075,5.78880553583,F,K,1.46891696297,6.05952449825,87.7431166723,2125.61727386,157.744223569,-0.15
1410,2020,730216448,NCST,D1 Atlantic Coast Conference,730340096,JMU,214807632,2020-02-15 13:00:00,9,0,1,0,1402718585,K. Klyman,L,FA,L,-0.675716616116,1.56118854061,20.3484812332,-11.6582622838,6.0215466655,F,K,1.56095094166,5.8783786985,88.127052222,2127.08517557,150.231292688,-0.15
1411,2020,730216448,NCST,D1 Atlantic Coast Conference,730340096,JMU,214807632,2020-02-15 13:00:00,9,0,2,0,1402718585,K. Klyman,L,CU,L,-0.623858901537,2.24473209227,-5.26076379953,10.5984187023,5.07401169983,SL,K,1.52282444959,6.03850481506,75.969557667,2196.4849985,296.193748906,-0.15
1412,2020,730216448,NCST,D1 Atlantic Coast Conference,730340096,JMU,214807632,2020-02-15 13:00:00,9,0,0,1,1402718585,K. Klyman,L,CU,R,2.72032081446,1.59252218064,-8.41727009141,12.2124397796,5.4329267796,B,IP_OUT,1.71023746114,5.90747959006,73.871113979,2104.55167285,304.419243134,0.13
1413,2020,730216448,NCST,D1 Atlantic Coast Conference,730340096,JMU,214807632,2020-02-15 13:00:00,9,0,0,2,1402718585,K. Klyman,L,FA,R,-0.498443421261,2.76595672433,17.6726571311,-7.30432108636,6.08756411583,SL,IP_OUT,1.53779764024,5.82806176672,88.6242576445,2108.95899142,157.582288526,-0.15
1414,2020,730216448,NCST,D1 Atlantic Coast Conference,730340096,JMU,359870410,2020-02-14 13:00:00,1,0,0,0,1395656800,N. Swiney,L,FA,L,0.363502275315,1.72490865024,21.3291985585,-5.43579008405,5.80396449456,F,K,0.474348895053,5.88753335484,91.6025402083,1961.43098471,165.722833538,-0.15
1415,2020,730216448,NCST,D1 Atlantic Coast Conference,730340096,JMU,359870410,2020-02-14 13:00:00,1,0,1,0,1395656800,N. Swiney,L,CU,L,2.15711829904,3.80525623896,-16.6939191777,16.1535838974,5.79348644784,B,K,1.29339668751,5.6574841336,77.3879036868,2618.82631813,315.865392073,0.13
1416,2020,730216448,NCST,D1 Atlantic Coast Conference,730340096,JMU,359870410,2020-02-14 13:00:00,1,1,1,0,1395656800,N. Swiney,L,CU,L,1.03376604977,2.43139262191,-15.2081988566,13.5468182673,5.83812497211,SL,K,1.11051645466,5.6848238496,77.8406969219,2675.84616525,318.224214175,-0.15
1417,2020,730216448,NCST,D1 Atlantic Coast Conference,730340096,JMU,359870410,2020-02-14 13:00:00,1,1,2,0,1395656800,N. Swiney,L,CU,L,-0.422116522261,1.64195800134,-14.5363487602,17.7670546408,5.65180036798,F,K,0.945389333296,5.64756197708,78.4554171388,2838.37645414,309.203648765,0.0
1418,2020,730216448,NCST,D1 Atlantic Coast Conference,730340096,JMU,359870410,2020-02-14 13:00:00,1,1,2,0,1395656800,N. Swiney,L,FA,L,-0.649141861884,3.27623002161,20.4934172864,-5.78989941037,5.98604407983,SS,K,0.293198389369,5.8918454141,91.4864333145,2063.88047724,164.246461489,-0.15
1419,2020,730216448,NCST,D1 Atlantic Coast Conference,730340096,JMU,359870410,2020-02-14 13:00:00,1,0,0,1,1395656800,N. Swiney,L,CH,R,-0.0836571590295,1.15841132935,4.08569274866,-12.5080374559,6.29282243261,F,K,0.929603211821,5.52480943508,77.6952597814,2225.69514559,108.264108736,-0.15
1420,2020,730216448,NCST,D1 Atlantic Coast Conference,730340096,JMU,359870410,2020-02-14 13:00:00,1,0,1,1,1395656800,N. Swiney,L,CH,R,0.588776011018,3.0634641319,11.1462672741,-15.9159523095,6.33735962617,SL,K,0.913060323958,5.66537481612,80.3313992143,2326.96305035,125.10064917,-0.15
1421,2020,730216448,NCST,D1 Atlantic Coast Conference,730340096,JMU,359870410,2020-02-14 13:00:00,1,0,2,1,1395656800,N. Swiney,L,FA,R,0.352796473341,4.44577050988,17.6788061505,-6.78984402173,5.92437832542,B,K,0.28288235167,5.9829838325,91.547339347,2074.67535806,159.023698457,0.13
1422,2020,730216448,NCST,D1 Atlantic Coast Conference,730340096,JMU,359870410,2020-02-14 13:00:00,1,1,2,1,1395656800,N. Swiney,L,FA,R,-0.871954307343,2.39433332872,16.9214617284,-5.01942221596,6.14946060109,SL,K,0.351446869613,5.81353818331,90.4108005456,2023.942209,163.507207986,-0.15
1423,2020,730216448,NCST,D1 Atlantic Coast Conference,730340096,JMU,359870410,2020-02-14 13:00:00,1,0,0,2,1395656800,N. Swiney,L,FA,L,-0.35137148236,2.48416465537,23.7539298409,-5.45088120804,5.98527017949,SL,IP_OUT,0.123244422851,5.89239206587,91.7795529384,2125.6428445,167.092398037,-0.15
1424,2020,730216448,NCST,D1 Atlantic Coast Conference,730340096,JMU,359870410,2020-02-14 13:00:00,2,0,0,0,1395656800,N. Swiney,L,FA,R,0.964295117385,4.02973652996,24.8398127013,-6.2752229227,5.76431028172,B,K,0.451618335417,5.96186044197,91.4733672395,1996.91974994,165.83953713,0.13
1425,2020,730216448,NCST,D1 Atlantic Coast Conference,730340096,JMU,359870410,2020-02-14 13:00:00,2,1,0,0,1395656800,N. Swiney,L,CH,R,0.221183123161,1.98239286565,8.73575751818,-16.0227695204,6.15426369084,SL,K,0.851330030713,5.6855062717,78.7113952924,2240.43340723,118.715623434,-0.15
1426,2020,730216448,NCST,D1 Atlantic Coast Conference,730340096,JMU,359870410,2020-02-14 13:00:00,2,1,1,0,1395656800,N. Swiney,L,CH,R,0.526010806009,2.52255814719,6.60044644018,-12.8813765732,6.18140882534,SS,K,1.06736439736,5.57468302809,77.2736525456,2244.20532114,117.28436386,-0.15
1427,2020,730216448,NCST,D1 Atlantic Coast Conference,730340096,JMU,359870410,2020-02-14 13:00:00,2,1,2,0,1395656800,N. Swiney,L,CH,R,-0.0482466574548,0.245055846972,-3.71521375832,-15.1201345082,6.17793162601,SS,K,0.917665791156,5.55894432826,76.2233508649,2309.80466305,76.3551365495,-0.15
1428,2020,730216448,NCST,D1 Atlantic Coast Conference,730340096,JMU,359870410,2020-02-14 13:00:00,2,0,0,1,1395656800,N. Swiney,L,CH,R,0.388625645927,2.00307189398,8.0951699279,-17.9711005384,6.20613563933,SS,IP_OUT,0.905560437108,5.64556278319,78.0269122577,2314.75877298,114.363152661,-0.15
1429,2020,730216448,NCST,D1 Atlantic Coast Conference,730340096,JMU,359870410,2020-02-14 13:00:00,2,0,0,2,1395656800,N. Swiney,L,CH,R,0.995796774777,3.26334611419,-14.8206006778,18.5727008545,5.59737586893,B,BB,0.965213508308,5.73570358142,77.7473626423,2396.26230703,308.50533706,0.13
1430,2020,730216448,NCST,D1 Atlantic Coast Conference,730340096,JMU,359870410,2020-02-14 13:00:00,2,1,0,2,1395656800,N. Swiney,L,CH,R,0.886313159792,1.3906744361,3.21228979066,-16.1920278847,6.23318469857,B,BB,0.85267202659,5.69213998402,76.9820300112,2377.50556412,101.371803983,0.13
1431,2020,730216448,NCST,D1 Atlantic Coast Conference,730340096,JMU,359870410,2020-02-14 13:00:00,2,2,0,2,1395656800,N. Swiney,L,FA,R,0.382028304304,2.82686644725,19.5927805561,-5.24000830243,5.83482184977,SS,BB,0.172786311033,5.78650645432,91.0952054485,2000.08967965,165.050099216,-0.15
1432,2020,730216448,NCST,D1 Atlantic Coast Conference,730340096,JMU,359870410,2020-02-14 13:00:00,2,2,1,2,1395656800,N. Swiney,L,CH,R,0.433933433251,2.05595179911,7.23342785344,-17.4491035543,6.26894546471,SS,BB,0.755832999889,5.61621491261,79.3916737259,2237.82932712,112.631449465,-0.15
1433,2020,730216448,NCST,D1 Atlantic Coast Conference,730340096,JMU,359870410,2020-02-14 13:00:00,2,2,2,2,1395656800,N. Swiney,L,FA,R,0.504116450491,2.43624877411,18.9466910813,-6.22275908846,6.05169731585,F,BB,0.110366062342,5.87533817189,91.3995151222,1986.40414963,161.846198346,0.0
1434,2020,730216448,NCST,D1 Atlantic Coast Conference,730340096,JMU,359870410,2020-02-14 13:00:00,2,2,2,2,1395656800,N. Swiney,L,CU,R,1.61419880641,2.82710163568,-15.3724562977,17.3814188365,5.67319481673,B,BB,0.929001117486,5.69708183469,77.9698010681,2761.67650482,311.407789425,0.13
1435,2020,730216448,NCST,D1 Atlantic Coast Conference,730340096,JMU,359870410,2020-02-14 13:00:00,2,3,2,2,1395656800,N. Swiney,L,CH,R,-0.0394464078792,1.40255797999,9.95718683999,-15.3375133566,6.36940595186,B,BB,0.701031444165,5.5631046598,79.1194394004,2307.65213062,123.10112235,0.8
1436,2020,730216448,NCST,D1 Atlantic Coast Conference,730340096,JMU,359870410,2020-02-14 13:00:00,2,0,0,2,1395656800,N. Swiney,L,CH,R,0.996158469894,3.28024607712,7.57471207529,-15.4722273126,6.06659205295,B,K,1.09444158506,5.68755469695,76.7478416418,2208.49822937,116.216888293,0.13
1437,2020,730216448,NCST,D1 Atlantic Coast Conference,730340096,JMU,359870410,2020-02-14 13:00:00,2,1,0,2,1395656800,N. Swiney,L,CH,R,0.502088083934,0.60085796268,11.8141580311,-18.0317205376,6.20332222924,SS,K,1.27937312517,5.65746347088,78.057709129,2211.63042855,123.3284306,-0.15
1438,2020,730216448,NCST,D1 Atlantic Coast Conference,730340096,JMU,359870410,2020-02-14 13:00:00,2,1,1,2,1395656800,N. Swiney,L,FA,R,-0.92851282481,2.6363116724,16.7864748194,-7.9413396335,6.46322436762,SL,K,0.382086812646,5.72612711092,90.1703167452,1925.2179858,154.724116297,-0.15
1439,2020,730216448,NCST,D1 Atlantic Coast Conference,730340096,JMU,359870410,2020-02-14 13:00:00,2,1,2,2,1395656800,N. Swiney,L,CH,R,-0.209469226023,1.6632476438,11.3282542008,-12.7839882135,6.25254313194,F,K,0.97128556003,5.72578939018,76.6646916829,2305.19399027,131.656352888,0.0
1440,2020,730216448,NCST,D1 Atlantic Coast Conference,730340096,JMU,359870410,2020-02-14 13:00:00,2,1,2,2,1395656800,N. Swiney,L,CU,R,0.925245465133,2.8455176741,-15.5631499416,16.6383126562,6.09569428807,SL,K,1.12689728905,5.74001878823,76.5214989468,2528.32201477,313.00391971,-0.15
1441,2020,730216448,NCST,D1 Atlantic Coast Conference,730340096,JMU,359870410,2020-02-14 13:00:00,3,0,0,0,1395656800,N. Swiney,L,FA,R,0.94917480564,2.004813145,21.5427718375,-5.5080272049,5.96017296369,SL,K,0.222474142094,5.86464180315,90.1422882384,2033.42751089,165.678548089,-0.15
1442,2020,730216448,NCST,D1 Atlantic Coast Conference,730340096,JMU,359870410,2020-02-14 13:00:00,3,0,1,0,1395656800,N. Swiney,L,FA,R,-0.203809622916,1.58356503361,22.5118754281,-6.30444695392,6.07798838626,SS,K,0.365608502851,5.90222424916,90.9836129256,2114.74167932,164.375957015,-0.15
1443,2020,730216448,NCST,D1 Atlantic Coast Conference,730340096,JMU,359870410,2020-02-14 13:00:00,3,0,2,0,1395656800,N. Swiney,L,FA,R,0.441912075789,4.57425828858,23.0264987339,-6.24245811999,5.88375637315,B,K,0.617758804704,5.98515506912,89.2302408102,1969.40412016,164.852581927,0.13
1444,2020,730216448,NCST,D1 Atlantic Coast Conference,730340096,JMU,359870410,2020-02-14 13:00:00,3,1,2,0,1395656800,N. Swiney,L,CH,R,-1.66757570481,0.295879734956,7.56834062702,-16.8421642709,6.31987614807,B,K,0.601828955964,5.66703755004,77.7729701042,2269.4223094,114.319489156,0.13
1445,2020,730216448,NCST,D1 Atlantic Coast Conference,730340096,JMU,359870410,2020-02-14 13:00:00,3,2,2,0,1395656800,N. Swiney,L,CH,R,-0.0593203997676,0.972032501265,8.3363649899,-15.22988944,6.43141811911,SS,K,0.620213171201,5.57146122561,78.2993143497,2283.35742955,118.816846337,-0.15
1446,2020,730216448,NCST,D1 Atlantic Coast Conference,730340096,JMU,359870410,2020-02-14 13:00:00,3,0,0,1,1395656800,N. Swiney,L,CH,R,-0.711064666612,1.43935677433,9.94982094795,-17.9136984735,6.37276431104,SL,K,0.715195384705,5.60939341863,78.6349514746,2267.06903839,119.151246127,-0.15
1447,2020,730216448,NCST,D1 Atlantic Coast Conference,730340096,JMU,359870410,2020-02-14 13:00:00,3,0,1,1,1395656800,N. Swiney,L,FA,R,0.365086560212,1.37330888924,22.3097645668,-11.3174253895,6.07473041981,B,K,0.206370736206,5.86206653485,90.9192864315,2042.14181412,153.135113289,0.13
1448,2020,730216448,NCST,D1 Atlantic Coast Conference,730340096,JMU,359870410,2020-02-14 13:00:00,3,1,1,1,1395656800,N. Swiney,L,CU,R,-0.00305115771426,0.269840079321,-15.7859628406,16.9937427061,5.50202227643,B,K,0.985512976549,5.65701810718,77.5949895542,2786.01459796,312.807568692,0.13
1449,2020,730216448,NCST,D1 Atlantic Coast Conference,730340096,JMU,359870410,2020-02-14 13:00:00,3,2,1,1,1395656800,N. Swiney,L,CH,R,0.148131773186,1.54770955648,11.2013595832,-16.791190744,6.3613858414,F,K,0.803227650818,5.55324503525,77.6647428755,2193.52164977,123.809009376,-0.15
1450,2020,730216448,NCST,D1 Atlantic Coast Conference,730340096,JMU,359870410,2020-02-14 13:00:00,3,2,2,1,1395656800,N. Swiney,L,FA,R,0.363958864016,3.14041520186,21.3226591715,-9.48195170872,6.01022191984,F,K,0.307844485901,5.76771167957,90.8563485653,2058.58348922,156.057584367,0.0
1451,2020,730216448,NCST,D1 Atlantic Coast Conference,730340096,JMU,359870410,2020-02-14 13:00:00,3,2,2,1,1395656800,N. Swiney,L,FA,R,-1.23115670904,0.704766902819,24.103580965,-0.947788363434,5.99486148046,B,K,0.16998296281,5.84520368759,91.1206247156,2122.89239714,177.751169298,0.13
1452,2020,730216448,NCST,D1 Atlantic Coast Conference,730340096,JMU,359870410,2020-02-14 13:00:00,3,3,2,1,1395656800,N. Swiney,L,CH,R,0.0163824571803,1.25255294352,7.47786863356,-19.8574137995,6.48298201511,SS,K,0.670520124329,5.53099239272,79.2351007513,2258.14761845,110.739770777,-0.15
1453,2020,730216448,NCST,D1 Atlantic Coast Conference,730340096,JMU,359870410,2020-02-14 13:00:00,3,0,0,2,1395656800,N. Swiney,L,CH,L,0.580994932792,1.26204923742,1.76051067422,-17.9901086442,6.29942249781,SS,K,0.673254649007,5.50675916841,75.6607344094,2198.40174025,95.7328553473,-0.15
1454,2020,730216448,NCST,D1 Atlantic Coast Conference,730340096,JMU,359870410,2020-02-14 13:00:00,3,0,1,2,1395656800,N. Swiney,L,CU,L,0.429233129732,2.21140526537,-15.4607192981,14.4978208766,5.7447890732,SL,K,0.855683989549,5.6195567036,77.9140830842,2660.95273232,316.75888654,-0.15
1455,2020,730216448,NCST,D1 Atlantic Coast Conference,730340096,JMU,359870410,2020-02-14 13:00:00,3,0,2,2,1395656800,N. Swiney,L,FA,L,-0.433305578137,5.0953225518,21.4038776479,-9.9872843315,5.93780229237,B,K,0.476613642472,5.86820007723,89.8183113519,2037.41859859,155.019372523,0.13
1456,2020,730216448,NCST,D1 Atlantic Coast Conference,730340096,JMU,359870410,2020-02-14 13:00:00,3,1,2,2,1395656800,N. Swiney,L,FA,L,0.643186185036,2.59585408852,20.1388635136,-6.21866186011,6.02063641455,SS,K,0.155688500265,5.78320879,89.9012163756,1945.13276855,162.865861441,-0.15
1457,2020,730216448,NCST,D1 Atlantic Coast Conference,730340096,JMU,359870410,2020-02-14 13:00:00,4,0,0,0,1395656800,N. Swiney,L,CU,R,1.75724020207,3.19024094037,-16.6859800966,10.0989702465,5.49220950727,B,K,1.21262097858,5.68325876801,76.1752740191,2700.65493045,328.744644661,0.13
1458,2020,730216448,NCST,D1 Atlantic Coast Conference,730340096,JMU,359870410,2020-02-14 13:00:00,4,1,0,0,1395656800,N. Swiney,L,CH,R,-0.172438402859,1.28663420318,6.49408075838,-19.4178398553,6.2458025011,SS,K,1.02976016844,5.80342187999,77.892657022,2352.47489224,108.605984449,-0.15
1459,2020,730216448,NCST,D1 Atlantic Coast Conference,730340096,JMU,359870410,2020-02-14 13:00:00,4,1,1,0,1395656800,N. Swiney,L,FA,R,0.386227958041,2.46120420846,22.6263763877,-6.64757123779,5.92789940582,SL,K,0.461196471882,5.80237168832,89.3228840767,2171.70989328,163.649986177,-0.15
1460,2020,730216448,NCST,D1 Atlantic Coast Conference,730340096,JMU,359870410,2020-02-14 13:00:00,4,1,2,0,1395656800,N. Swiney,L,FA,R,-1.22883407212,2.73838715659,20.6219613241,-3.22790459116,5.97620924662,SL,K,0.334078158901,5.79894898205,89.7425381703,2103.32543551,171.117748672,-0.15
1461,2020,730216448,NCST,D1 Atlantic Coast Conference,730340096,JMU,359870410,2020-02-14 13:00:00,4,0,0,1,1395656800,N. Swiney,L,FA,L,0.603949884515,3.4391063247,17.6998629413,-10.9181284632,5.98471050194,F,S,0.401162813313,5.78722908468,89.5850762124,2098.48401496,148.379183236,-0.15
1462,2020,730216448,NCST,D1 Atlantic Coast Conference,730340096,JMU,359870410,2020-02-14 13:00:00,4,0,1,1,1395656800,N. Swiney,L,FA,L,1.25649262841,3.25572886077,20.3629940864,-7.27168454513,5.84975613351,F,S,0.306364196443,5.81172393996,89.4543779333,2166.61532593,160.377705205,-0.15
1463,2020,730216448,NCST,D1 Atlantic Coast Conference,730340096,JMU,359870410,2020-02-14 13:00:00,4,0,2,1,1395656800,N. Swiney,L,FA,L,-1.56057224458,1.87353208649,21.1058662696,-6.31587917052,5.9960477125,B,S,0.302959092196,5.88003052644,88.8998213292,2089.57478417,163.365064575,0.13
1464,2020,730216448,NCST,D1 Atlantic Coast Conference,730340096,JMU,359870410,2020-02-14 13:00:00,4,1,2,1,1395656800,N. Swiney,L,CU,L,0.58644212304,1.51989195413,-14.3690725333,15.0225011455,5.79008594521,IP,S,0.92337201846,5.67773468718,76.9867556334,2690.89307797,313.636306426,1.0
1465,2020,730216448,NCST,D1 Atlantic Coast Conference,730340096,JMU,359870410,2020-02-14 13:00:00,4,0,0,1,1395656800,N. Swiney,L,CH,R,1.04489243187,2.10430264947,8.19032405341,-17.5061195678,6.29987470354,IP,DP,1.22769670771,5.65769687013,77.5255301397,2296.85510051,115.191021397,-0.21
1466,2020,730216448,NCST,D1 Atlantic Coast Conference,730340096,JMU,359870410,2020-02-14 13:00:00,5,0,0,0,1395656800,N. Swiney,L,FA,R,1.32979182863,3.11419280956,20.6053685391,-8.61069831257,5.7135200181,B,K,0.562092623014,5.79587354894,89.8091164178,2055.96328753,157.353675508,0.13
1467,2020,730216448,NCST,D1 Atlantic Coast Conference,730340096,JMU,359870410,2020-02-14 13:00:00,5,1,0,0,1395656800,N. Swiney,L,CH,R,1.22394731507,2.14241865756,12.1909664263,-19.1701446085,6.18256627242,SL,K,0.923953052644,5.61455916664,78.3082358589,2205.78258797,122.546180721,-0.15
1468,2020,730216448,NCST,D1 Atlantic Coast Conference,730340096,JMU,359870410,2020-02-14 13:00:00,5,1,1,0,1395656800,N. Swiney,L,CH,R,0.144668040673,1.87122318309,6.19343658798,-18.9742188988,6.16489418,SL,K,0.859461344453,5.59236282545,77.1934651556,2283.67710023,108.198457956,-0.15
1469,2020,730216448,NCST,D1 Atlantic Coast Conference,730340096,JMU,359870410,2020-02-14 13:00:00,5,1,2,0,1395656800,N. Swiney,L,FA,R,0.465702827737,4.04439351995,26.0248776732,-7.90567126308,5.89058880763,F,K,0.435799689362,5.96866895183,89.6329745405,2020.95569241,163.122822843,0.0
1470,2020,730216448,NCST,D1 Atlantic Coast Conference,730340096,JMU,359870410,2020-02-14 13:00:00,5,1,2,0,1395656800,N. Swiney,L,CU,R,1.08141755691,1.79945132656,-11.0771129911,18.0441116722,5.55191501045,SL,K,1.12507447988,5.67911491056,77.4412987183,2750.99793297,301.439832998,-0.15
1471,2020,730216448,NCST,D1 Atlantic Coast Conference,730340096,JMU,359870410,2020-02-14 13:00:00,5,0,0,1,1395656800,N. Swiney,L,CU,R,-0.039266678223,1.38066764006,-13.6445654343,16.6241290637,5.681085072,IP,S,1.09636230765,5.62330735755,76.9386757134,2625.40892737,309.283062803,1.0
1472,2020,730216448,NCST,D1 Atlantic Coast Conference,730340096,JMU,359870410,2020-02-14 13:00:00,5,0,0,2,1395656800,N. Swiney,L,FA,R,0.916312636662,2.19302315657,16.8854329187,-6.85234426385,5.92711862481,SL,IP_OUT,0.828773885067,5.85505648091,89.1766659757,2067.30905611,157.951435143,-0.15
1473,2020,730216448,NCST,D1 Atlantic Coast Conference,730340096,JMU,359870410,2020-02-14 13:00:00,5,0,1,2,1395656800,N. Swiney,L,FA,R,-0.47303406622,0.754033144044,20.2665299295,1.76029655821,6.30355174748,B,IP_OUT,0.485336295568,5.89046307468,89.1393528345,2000.00657544,184.956066546,0.13
1474,2020,730216448,NCST,D1 Atlantic Coast Conference,730340096,JMU,359870410,2020-02-14 13:00:00,5,1,1,2,1395656800,N. Swiney,L,CH,R,-0.572347603871,0.746965573545,6.71136756252,-17.2649025008,6.27955325155,SS,IP_OUT,0.759109633473,5.56877167313,77.5657993788,2358.29984645,111.368412197,-0.15
1475,2020,730216448,NCST,D1 Atlantic Coast Conference,730340096,JMU,359870410,2020-02-14 13:00:00,6,0,0,0,1395656800,N. Swiney,L,CH,R,-0.854633228053,-0.190191207473,9.14073375773,-13.5000745279,6.09830967452,B,BB,1.04292424826,5.58078141634,76.5569528996,2318.08172342,124.232610044,0.13
1476,2020,730216448,NCST,D1 Atlantic Coast Conference,730340096,JMU,359870410,2020-02-14 13:00:00,6,1,0,0,1395656800,N. Swiney,L,FA,R,0.936074239417,3.1941581683,17.932236662,-10.933227177,5.95891218637,B,BB,0.75062184106,5.83222932574,89.9615798277,2090.93033891,148.675867579,0.13
1477,2020,730216448,NCST,D1 Atlantic Coast Conference,730340096,JMU,359870410,2020-02-14 13:00:00,6,2,0,0,1395656800,N. Swiney,L,FA,R,0.232293824989,2.16948198593,17.6416691913,-7.10163885184,5.90936437762,SL,BB,0.386149935755,5.8180110149,89.6076144259,2144.9744799,158.109639544,-0.15
1478,2020,730216448,NCST,D1 Atlantic Coast Conference,730340096,JMU,359870410,2020-02-14 13:00:00,6,2,1,0,1395656800,N. Swiney,L,CH,R,-0.899726258985,0.790553649648,12.0296652905,-13.8138860463,6.36777446748,B,BB,0.841550285464,5.66313548178,77.6877430155,2368.59532218,131.152177164,0.13
1479,2020,730216448,NCST,D1 Atlantic Coast Conference,730340096,JMU,359870410,2020-02-14 13:00:00,6,3,1,0,1395656800,N. Swiney,L,FA,R,0.605416000077,1.71247883498,16.8071531454,-11.1322586732,5.94338866787,SL,BB,0.436506944902,5.82668507296,89.6597403866,2150.50671501,146.533010499,-0.15
1480,2020,730216448,NCST,D1 Atlantic Coast Conference,730340096,JMU,359870410,2020-02-14 13:00:00,6,3,2,0,1395656800,N. Swiney,L,FA,R,1.50233679446,1.96873422098,17.4974241281,-7.6802940534,5.76554146804,B,BB,0.571390978912,5.85705449294,89.2158178034,2116.59851429,156.341489969,0.8
1481,2020,730216448,NCST,D1 Atlantic Coast Conference,730340096,JMU,359870410,2020-02-14 13:00:00,6,0,0,0,1395656800,N. Swiney,L,CH,R,-0.895524814486,0.603595023567,7.4616376667,-12.8233626041,6.47540618792,B,DP,0.992805904388,5.66328611534,78.6758722498,2249.58775328,120.332587393,0.13
1482,2020,730216448,NCST,D1 Atlantic Coast Conference,730340096,JMU,359870410,2020-02-14 13:00:00,6,1,0,0,1395656800,N. Swiney,L,FA,R,-0.153106807517,1.89993875788,17.7576423055,-6.58930557504,6.11474169133,IP,DP,0.630962972514,5.81949662826,89.2147892033,2044.99846379,159.67624851,-0.21
1483,2020,730216448,NCST,D1 Atlantic Coast Conference,730340096,JMU,359870410,2020-02-14 13:00:00,6,0,0,2,1395656800,N. Swiney,L,CU,L,0.61887499807,2.01195452824,-13.2616371804,15.6944943705,5.71551689267,SL,K,1.19762382856,5.63300250413,75.8044198727,2624.90989175,310.097591622,-0.15
1484,2020,730216448,NCST,D1 Atlantic Coast Conference,730340096,JMU,359870410,2020-02-14 13:00:00,6,0,1,2,1395656800,N. Swiney,L,CH,L,-0.473544386855,1.3823262376,7.56706872359,-16.407734517,6.27002293281,B,K,1.04059640277,5.56136164497,76.8112491401,2244.03839477,114.885687367,0.13
1485,2020,730216448,NCST,D1 Atlantic Coast Conference,730340096,JMU,359870410,2020-02-14 13:00:00,6,1,1,2,1395656800,N. Swiney,L,CU,L,-0.642592917117,2.14612965342,-13.4274721748,22.0605510075,5.7351675088,F,K,1.16294781235,5.66354321199,77.009821799,2686.84761437,301.240577914,-0.15
1486,2020,730216448,NCST,D1 Atlantic Coast Conference,730340096,JMU,359870410,2020-02-14 13:00:00,6,1,2,2,1395656800,N. Swiney,L,CH,L,-0.581387623323,3.01139057773,7.25603528658,-16.9745614341,6.14482482803,SL,K,0.948865088188,5.54439329842,77.3864132302,2265.72773361,113.269183786,-0.15
1487,2020,730216448,NCST,D1 Atlantic Coast Conference,730340096,JMU,359870410,2020-02-14 13:00:00,7,0,0,0,1395656800,N. Swiney,L,FA,R,0.606083514685,3.61905693954,26.0164732343,-8.99048151713,5.70009138226,B,IP_OUT,0.646930226792,5.91048004449,89.6499020537,2093.25034836,160.959012219,0.13
1488,2020,730216448,NCST,D1 Atlantic Coast Conference,730340096,JMU,359870410,2020-02-14 13:00:00,7,0,0,1,1395656800,N. Swiney,L,CH,L,0.162796872171,2.06077749833,13.1926248719,-16.5732912382,6.2945368106,F,IP_OUT,0.914856668817,5.67135340717,77.2763536858,2225.42024975,128.612071045,-0.15
1489,2020,730216448,NCST,D1 Atlantic Coast Conference,730340096,JMU,359870410,2020-02-14 13:00:00,7,0,1,1,1395656800,N. Swiney,L,FA,L,1.36243244175,5.24897088211,23.0143398467,-6.18807933361,5.85675888848,B,IP_OUT,0.480717049412,5.93018360515,87.9934398043,2094.49060234,164.971518905,0.13
1490,2020,730216448,NCST,D1 Atlantic Coast Conference,730340096,JMU,359870410,2020-02-14 13:00:00,7,0,0,2,1395656800,N. Swiney,L,FA,R,1.29516457035,3.51853814722,21.964576796,-11.5606145817,5.78190503146,B,K,0.629808734156,5.93673027596,89.4834298954,2065.00698,152.276373684,0.13
1491,2020,730216448,NCST,D1 Atlantic Coast Conference,730340096,JMU,359870410,2020-02-14 13:00:00,7,1,0,2,1395656800,N. Swiney,L,CU,R,0.762665922326,3.02140354643,-14.3107084336,20.0893664726,5.70978497631,SL,K,1.1849690253,5.69756921297,76.4674923158,2671.76940049,305.376647919,-0.15
1492,2020,730216448,NCST,D1 Atlantic Coast Conference,730340096,JMU,359870410,2020-02-14 13:00:00,7,1,1,2,1395656800,N. Swiney,L,CH,R,-0.173103880659,0.177470108125,10.8492394096,-15.6211830406,6.2435212037,B,K,0.904696289117,5.57751056982,76.6801623521,2214.03642467,124.890501196,0.13
1493,2020,730216448,NCST,D1 Atlantic Coast Conference,730340096,JMU,359870410,2020-02-14 13:00:00,7,2,1,2,1395656800,N. Swiney,L,CH,R,0.783176691227,1.6329318123,8.88831323892,-18.4513444509,6.12560410838,SS,K,0.869284858253,5.72558348318,77.7771312452,2155.49302364,115.829886245,-0.15
1494,2020,730216448,NCST,D1 Atlantic Coast Conference,730340096,JMU,359870410,2020-02-14 13:00:00,7,2,2,2,1395656800,N. Swiney,L,FA,R,-0.500198390249,1.30914261531,23.5551912091,-4.83384489251,6.07113630901,B,K,0.256290797853,5.86698859851,88.3698527398,2003.94828598,168.419216074,0.13
1495,2020,730216448,NCST,D1 Atlantic Coast Conference,730340096,JMU,359870410,2020-02-14 13:00:00,7,3,2,2,1395656800,N. Swiney,L,CH,R,0.750644730271,1.36172511648,7.52579383019,-18.7982702149,6.22730212397,SS,K,0.744332231639,5.60045912939,78.3766112595,2354.17452548,111.929857107,-0.15
1496,2020,730216448,NCST,D1 Atlantic Coast Conference,730340096,JMU,359870410,2020-02-14 13:00:00,8,1,0,0,1104238452,B. Nelson,R,FA,R,-0.277663441926,2.79955253794,16.4585885318,15.1604085011,4.96201413475,F,IP_OUT,-1.62030774488,5.24930506519,89.4931385314,2352.48777735,222.589656255,-0.15
1497,2020,730216448,NCST,D1 Atlantic Coast Conference,730340096,JMU,359870410,2020-02-14 13:00:00,8,1,1,0,1104238452,B. Nelson,R,SL,R,0.0739113205589,2.49656705343,-2.53433004123,-16.4866735694,4.71389417974,F,IP_OUT,-1.84284685602,5.05903484032,74.5400800944,2450.16063318,81.4319698902,-0.15
1498,2020,730216448,NCST,D1 Atlantic Coast Conference,730340096,JMU,359870410,2020-02-14 13:00:00,8,0,0,1,1104238452,B. Nelson,R,FA,R,1.26990505523,3.56958368605,18.3605131624,11.53365265,5.16499025846,B,K,-1.73554853068,5.29207712276,90.715539023,2251.80413892,212.089608144,0.13
1499,2020,730216448,NCST,D1 Atlantic Coast Conference,730340096,JMU,359870410,2020-02-14 13:00:00,8,1,0,1,1104238452,B. Nelson,R,FA,R,0.316301268416,2.55519925628,17.623266618,14.980472857,5.03021414232,F,K,-1.77301824165,5.26558140552,90.7358108249,2357.3131734,220.312450813,-0.15
1500,2020,730216448,NCST,D1 Atlantic Coast Conference,730340096,JMU,359870410,2020-02-14 13:00:00,8,1,1,1,1104238452,B. Nelson,R,FA,R,-0.749768179534,3.76343526769,17.9489624758,9.73296957756,5.11776312688,B,K,-1.61201665929,5.24752512941,90.1977992857,2356.33059151,208.424392306,0.13
1501,2020,730216448,NCST,D1 Atlantic Coast Conference,730340096,JMU,359870410,2020-02-14 13:00:00,8,2,1,1,1104238452,B. Nelson,R,SL,R,1.15262416268,1.02370700189,-7.6502732181,-14.7277800246,4.59551490789,B,K,-1.83648242474,5.03569133932,75.4454816115,2607.71700679,62.7013439673,0.13
1502,2020,730216448,NCST,D1 Atlantic Coast Conference,730340096,JMU,359870410,2020-02-14 13:00:00,8,3,1,1,1104238452,B. Nelson,R,FA,R,-0.935493708484,2.37836642466,12.9818052594,21.380239269,4.98731849749,F,K,-1.7478405356,5.29303795941,91.2171608462,2316.04440312,238.669934226,-0.15
1503,2020,730216448,NCST,D1 Atlantic Coast Conference,730340096,JMU,359870410,2020-02-14 13:00:00,8,3,2,1,1104238452,B. Nelson,R,FA,R,0.774307319771,1.88384547572,18.2335873734,14.6969097581,5.19763971663,SL,K,-1.67594939555,5.28032304537,91.0839046949,2406.9895681,218.819708834,-0.15
1504,2020,730216448,NCST,D1 Atlantic Coast Conference,730340096,JMU,359870410,2020-02-14 13:00:00,8,0,0,2,1104238452,B. Nelson,R,SL,R,1.08979286083,2.00054420748,-10.3981872381,-14.7485450611,4.49429145736,SL,IP_OUT,-1.78040135587,5.11771507456,75.6462802912,2548.86090668,54.9427893352,-0.15
1505,2020,730216448,NCST,D1 Atlantic Coast Conference,730340096,JMU,359870410,2020-02-14 13:00:00,8,0,1,2,1104238452,B. Nelson,R,SL,R,0.0968133642447,1.85667942792,-8.7468724225,-15.7811949656,4.84508570452,SL,IP_OUT,-1.67731696409,5.08829573395,74.354518435,2524.2974702,61.1414789522,-0.15
1506,2020,730216448,NCST,D1 Atlantic Coast Conference,730340096,JMU,359870410,2020-02-14 13:00:00,9,0,0,0,1104238452,B. Nelson,R,SL,R,0.267664501911,1.4507860007,-5.02041923973,-13.412493381,4.47915310255,SL,K,-1.7298579845,5.0683797152,75.3008764238,2519.8673737,69.6652960398,-0.15
1507,2020,730216448,NCST,D1 Atlantic Coast Conference,730340096,JMU,359870410,2020-02-14 13:00:00,9,0,1,0,1104238452,B. Nelson,R,FA,R,1.3370835625,1.87151774383,11.1025073766,16.0066312063,4.92541987764,SL,K,-1.61409636905,5.17931168817,90.7454480753,2441.94852894,235.17326355,-0.15
1508,2020,730216448,NCST,D1 Atlantic Coast Conference,730340096,JMU,359870410,2020-02-14 13:00:00,9,0,2,0,1104238452,B. Nelson,R,SL,R,1.04228364886,-0.14608581035,-4.89692964816,-14.3996670968,4.58609342018,B,K,-1.60991470393,5.11390289063,75.5186619991,2589.43190223,71.3938318669,0.13
1509,2020,730216448,NCST,D1 Atlantic Coast Conference,730340096,JMU,359870410,2020-02-14 13:00:00,9,1,2,0,1104238452,B. Nelson,R,FA,R,-0.759276141422,1.84133223231,15.0688494267,16.5747566005,4.97553403731,F,K,-1.85712696513,5.08930545417,90.9242417467,2404.19279095,227.661742735,0.0
1510,2020,730216448,NCST,D1 Atlantic Coast Conference,730340096,JMU,359870410,2020-02-14 13:00:00,9,1,2,0,1104238452,B. Nelson,R,FA,R,-0.27628210347,1.98822389639,15.2268845156,18.816210733,5.04785218077,F,K,-1.67264469713,5.27014257847,91.377016305,2326.5063832,230.958762082,0.0
1511,2020,730216448,NCST,D1 Atlantic Coast Conference,730340096,JMU,359870410,2020-02-14 13:00:00,9,1,2,0,1104238452,B. Nelson,R,FA,R,-1.0065459105,2.35553522451,10.4816725815,21.3233672456,5.05616178001,SL,K,-1.74871037884,5.19183676421,90.9490930073,2309.43364369,243.751633352,-0.15
1512,2020,730216448,NCST,D1 Atlantic Coast Conference,730340096,JMU,359870410,2020-02-14 13:00:00,9,0,0,2,1104238452,B. Nelson,R,SL,L,-1.61733045799,3.07688584172,-9.12912010235,-16.5091735726,4.78636780806,B,S,-1.93044262982,5.07400978921,73.0381584358,2470.61979841,61.1968553835,0.13
1513,2020,730216448,NCST,D1 Atlantic Coast Conference,730340096,JMU,359870410,2020-02-14 13:00:00,9,1,0,2,1104238452,B. Nelson,R,FA,L,0.511809355591,0.889792266912,8.9421758179,24.8985220566,5.00921924203,B,S,-1.94462636028,5.18940520941,90.9044886896,2355.94697507,250.176932214,0.13
1514,2020,730216448,NCST,D1 Atlantic Coast Conference,730340096,JMU,359870410,2020-02-14 13:00:00,9,2,0,2,1104238452,B. Nelson,R,FA,L,-0.179206474247,1.66151675891,13.6596562085,21.9375854312,4.971269029,IP,S,-1.70603713506,5.30401854411,90.9343712604,2294.9420991,238.028676873,1.0
1515,2020,730216448,NCST,D1 Atlantic Coast Conference,730340096,JMU,359870410,2020-02-14 13:00:00,9,0,0,2,1104238452,B. Nelson,R,SL,R,1.35361125392,2.94590524982,-7.54933455646,-15.4773752259,4.57504526139,B,BB,-1.7587081359,5.05420410218,75.7913709815,2581.34804212,64.142742758,0.13
1516,2020,730216448,NCST,D1 Atlantic Coast Conference,730340096,JMU,359870410,2020-02-14 13:00:00,9,1,0,2,1104238452,B. Nelson,R,SL,R,1.71997124775,1.13562554472,-5.30109300124,-13.9305644556,4.60984469376,B,BB,-1.86231029111,5.04369853312,75.10441924,2516.28332397,69.342854805,0.13
1517,2020,730216448,NCST,D1 Atlantic Coast Conference,730340096,JMU,359870410,2020-02-14 13:00:00,9,2,0,2,1104238452,B. Nelson,R,FA,R,1.17944407579,1.15791461994,12.2225159774,23.5904639657,4.98879392905,B,BB,-1.79989499613,5.16761135649,89.8671522152,2278.79150366,242.545567282,0.13
1518,2020,730216448,NCST,D1 Atlantic Coast Conference,730340096,JMU,359870410,2020-02-14 13:00:00,9,3,0,2,1104238452,B. Nelson,R,FA,R,0.487485979032,3.39620957568,18.6074536482,10.8710669053,5.16989300716,B,BB,-1.8345938001,5.282228071,89.3637162432,2398.24425851,210.249344755,0.8
1519,2020,730216448,NCST,D1 Atlantic Coast Conference,730340096,JMU,359870410,2020-02-14 13:00:00,9,0,0,2,1402718585,K. Klyman,L,FA,L,-1.13030649303,2.70001097583,17.2987810171,-7.20015187476,6.24046849326,SL,K,1.61081746366,5.91696521379,87.264484292,2156.90700436,157.442070833,-0.15
1520,2020,730216448,NCST,D1 Atlantic Coast Conference,730340096,JMU,359870410,2020-02-14 13:00:00,9,0,1,2,1402718585,K. Klyman,L,FA,L,-0.918614203584,3.53899246147,25.5755882025,-7.82196455157,5.9815876195,B,K,1.66809724804,6.1427805893,87.7794323788,2092.48914185,163.015931295,0.13
1521,2020,730216448,NCST,D1 Atlantic Coast Conference,730340096,JMU,359870410,2020-02-14 13:00:00,9,1,1,2,1402718585,K. Klyman,L,FA,L,-1.21767553537,1.6144870142,20.6249541612,-7.7708658959,6.03343646437,SL,K,1.65720426029,6.07449074649,88.6714065562,2147.85785586,159.385688994,-0.15
1522,2020,730216448,NCST,D1 Atlantic Coast Conference,730340096,JMU,359870410,2020-02-14 13:00:00,9,1,2,2,1402718585,K. Klyman,L,FA,L,-0.694205739311,2.44337834656,18.7068755369,-7.77704250788,6.01343155694,F,K,1.50088659862,5.98105765794,88.1055924112,2105.70641712,157.462559895,0.0
1523,2020,730216448,NCST,D1 Atlantic Coast Conference,730340096,JMU,359870410,2020-02-14 13:00:00,9,1,2,2,1402718585,K. Klyman,L,FA,L,-0.49581253522,3.89252229272,27.2548692605,-0.162436172923,6.03024136861,SS,K,1.65634689253,5.94429597481,87.908178584,2176.86396524,179.65895721,-0.15
1524,2020,730206976,ALA,D1 Southeastern Conference,343,NE,466174553,2020-02-16 13:00:00,1,0,0,0,1094204160,A. Jean,L,FA,R,0.810970474458,3.28649924459,8.68805670037,-17.4752621322,6.0690745595,B,BB,0.417667972,5.67637629227,87.3251647843,2057.43921263,116.523129406,0.13
1525,2020,730206976,ALA,D1 Southeastern Conference,343,NE,466174553,2020-02-16 13:00:00,1,1,0,0,1094204160,A. Jean,L,FA,R,0.0312521662972,0.996331082631,11.5613394382,-17.1719257922,5.83020036722,B,BB,0.423364313238,5.68335450598,86.8280949532,2053.5943212,124.030318958,0.13
1526,2020,730206976,ALA,D1 Southeastern Conference,343,NE,466174553,2020-02-16 13:00:00,1,2,0,0,1094204160,A. Jean,L,FA,R,-0.715760377365,4.22214155422,22.2331057227,-6.82282438779,5.90961622657,B,BB,0.367731597027,5.65220035802,85.4682271002,2022.60853721,162.965754451,0.13
1527,2020,730206976,ALA,D1 Southeastern Conference,343,NE,466174553,2020-02-16 13:00:00,1,3,0,0,1094204160,A. Jean,L,FA,R,-1.58007538949,2.12078942891,8.94454490682,-8.52113026893,6.12501988395,B,BB,0.295876891475,5.68271244825,85.0265348212,2141.54192601,136.50282647,0.8
1528,2020,730206976,ALA,D1 Southeastern Conference,343,NE,466174553,2020-02-16 13:00:00,1,0,0,0,1094204160,A. Jean,L,FA,R,1.09690230356,2.13181058209,9.53298312506,-16.6823225914,5.85180446044,IP,S,0.580486275688,5.71494721735,85.2921971323,2005.10469476,119.838599732,1.0
1529,2020,730206976,ALA,D1 Southeastern Conference,343,NE,466174553,2020-02-16 13:00:00,1,0,0,0,1094204160,A. Jean,L,FA,R,0.395248305691,3.27017896881,11.8586253323,-15.8455331283,5.89927618877,SL,FC,0.376923718752,5.84923174579,87.2910126147,2016.48770164,126.889557325,-0.15
1530,2020,730206976,ALA,D1 Southeastern Conference,343,NE,466174553,2020-02-16 13:00:00,1,0,1,0,1094204160,A. Jean,L,SL,R,0.65724069625,1.05261758457,-2.30508006769,4.47733481089,5.39725193505,B,FC,0.448222359816,5.78388885041,76.2125575247,2486.37388088,296.780980504,0.13
1531,2020,730206976,ALA,D1 Southeastern Conference,343,NE,466174553,2020-02-16 13:00:00,1,1,1,0,1094204160,A. Jean,L,FA,R,0.234095768732,1.77758811789,10.6935264696,-13.2130119264,6.00331525647,IP,FC,0.383768798854,5.72334632562,86.6584925849,2131.48925508,129.074073543,-0.21
1532,2020,730206976,ALA,D1 Southeastern Conference,343,NE,466174553,2020-02-16 13:00:00,1,0,0,1,1094204160,A. Jean,L,CU,L,1.0023493483,1.95833058128,-2.69926567142,4.25111247464,5.45915923333,B,S,0.562434857736,5.83800190909,74.7093497907,2528.03706457,301.96083076,0.13
1533,2020,730206976,ALA,D1 Southeastern Conference,343,NE,466174553,2020-02-16 13:00:00,1,1,0,1,1094204160,A. Jean,L,FA,L,0.0420406346455,3.04825515116,12.6713392157,-8.57318293923,6.33069097735,SL,S,0.284484362211,5.85166781283,85.2172039778,2225.35019534,145.99183203,-0.15
1534,2020,730206976,ALA,D1 Southeastern Conference,343,NE,466174553,2020-02-16 13:00:00,1,1,1,1,1094204160,A. Jean,L,CU,L,-1.03039257677,1.46234717861,-3.98853440845,7.963747366,5.4535767556,IP,S,0.359372236755,5.80182478839,74.6915976652,2611.79291128,296.328905916,1.0
1535,2020,730206976,ALA,D1 Southeastern Conference,343,NE,466174553,2020-02-16 13:00:00,1,0,0,2,1094204160,A. Jean,L,FA,L,-0.250760299713,2.92410271071,13.1747726842,-8.83462857669,6.31727540662,SL,K,0.188711385909,5.86539655001,84.8797056462,2190.03912106,146.226866355,-0.15
1536,2020,730206976,ALA,D1 Southeastern Conference,343,NE,466174553,2020-02-16 13:00:00,1,0,1,2,1094204160,A. Jean,L,FA,L,-1.76282581101,1.00416096635,13.4304872196,-10.0584758846,6.32962420419,B,K,0.254911732477,5.78138641804,85.738119821,2209.26388376,143.2410144,0.13
1537,2020,730206976,ALA,D1 Southeastern Conference,343,NE,466174553,2020-02-16 13:00:00,1,1,1,2,1094204160,A. Jean,L,CU,L,-0.783605399125,2.94425768666,-5.94583661188,10.7835343791,5.52607887309,SL,K,0.347012128995,5.81574644613,73.6988992013,2634.63368663,298.6728678,-0.15
1538,2020,730206976,ALA,D1 Southeastern Conference,343,NE,466174553,2020-02-16 13:00:00,1,1,2,2,1094204160,A. Jean,L,FA,L,-2.27082701119,3.47753445922,14.2381608065,-8.38466381821,6.50968681599,B,K,0.159486885778,5.82499686306,86.9118552564,2284.11806181,149.565868486,0.13
1539,2020,730206976,ALA,D1 Southeastern Conference,343,NE,466174553,2020-02-16 13:00:00,1,2,2,2,1094204160,A. Jean,L,CU,L,-0.545882348143,2.20822078304,-1.96325135874,9.06464895546,5.55468954646,F,K,0.410923750023,5.86634957948,74.7601447818,2646.95936328,281.936487527,0.0
1540,2020,730206976,ALA,D1 Southeastern Conference,343,NE,466174553,2020-02-16 13:00:00,1,2,2,2,1094204160,A. Jean,L,FA,L,-0.776029231334,3.37111662818,14.0958567507,-12.5455703126,6.12683203835,F,K,0.258797776417,5.75595115559,86.4018071381,2212.27499053,138.401555983,0.0
1541,2020,730206976,ALA,D1 Southeastern Conference,343,NE,466174553,2020-02-16 13:00:00,1,2,2,2,1094204160,A. Jean,L,FA,L,-1.1439672607,1.05821516984,12.4922627299,-13.5033545683,6.13538279701,B,K,0.192444765762,5.75245320108,86.6730572575,2084.12139197,132.851472292,0.13
1542,2020,730206976,ALA,D1 Southeastern Conference,343,NE,466174553,2020-02-16 13:00:00,1,3,2,2,1094204160,A. Jean,L,CU,L,-1.51742888953,1.13094777607,-4.41371743772,1.88849133459,5.57716539377,SS,K,0.378184923658,5.86376163221,75.5658867509,2363.19311659,336.615926853,-0.15
1543,2020,730206976,ALA,D1 Southeastern Conference,343,NE,466174553,2020-02-16 13:00:00,2,0,0,0,1094204160,A. Jean,L,FA,R,1.26730488138,2.79267118745,10.2739273853,-16.3175291082,5.66120902824,B,IP_OUT,0.308240878456,5.67166617381,84.2399339804,2031.20051942,122.289983533,0.13
1544,2020,730206976,ALA,D1 Southeastern Conference,343,NE,466174553,2020-02-16 13:00:00,2,1,0,0,1094204160,A. Jean,L,SL,R,0.841955506932,3.01412716218,11.3522685754,-15.1481423121,5.82398790362,SL,IP_OUT,0.35586706994,5.67076645707,77.5690321655,1470.54469314,126.95449585,-0.15
1545,2020,730206976,ALA,D1 Southeastern Conference,343,NE,466174553,2020-02-16 13:00:00,2,0,0,1,1094204160,A. Jean,L,FA,L,-1.07531535209,1.21094667919,14.4136616315,-11.1351494245,5.99257335092,B,IP_OUT,-0.00331770595301,5.76937744617,85.7233045324,2183.56164524,142.380469254,0.13
1546,2020,730206976,ALA,D1 Southeastern Conference,343,NE,466174553,2020-02-16 13:00:00,2,1,0,1,1094204160,A. Jean,L,FA,L,-1.01524614649,2.45563320155,14.1129959496,-8.25028641044,6.03979275833,SL,IP_OUT,0.117407165297,5.8045695389,84.7612799814,2179.44600824,149.753672602,-0.15
1547,2020,730206976,ALA,D1 Southeastern Conference,343,NE,466174553,2020-02-16 13:00:00,2,1,1,1,1094204160,A. Jean,L,SL,L,-1.04779633162,0.346105007827,-5.3776147576,1.79867749033,5.26969806812,SS,IP_OUT,0.272460577842,5.74951846076,74.7636631368,2452.38192953,341.351715927,-0.15
1548,2020,730206976,ALA,D1 Southeastern Conference,343,NE,466174553,2020-02-16 13:00:00,2,1,2,1,1094204160,A. Jean,L,SL,L,-0.320836421495,2.03891928183,-6.00423973,2.36507059931,5.24814926865,F,IP_OUT,0.238694703817,5.77464697115,75.9172387778,2455.65623858,338.349388515,0.0
1549,2020,730206976,ALA,D1 Southeastern Conference,343,NE,466174553,2020-02-16 13:00:00,2,1,2,1,1094204160,A. Jean,L,FA,L,-0.299754243141,2.0785600901,17.7471601928,-10.9819673652,6.03406642753,F,IP_OUT,-0.0951159727814,5.90859740874,87.0336779724,2204.56551114,148.299954618,0.0
1550,2020,730206976,ALA,D1 Southeastern Conference,343,NE,466174553,2020-02-16 13:00:00,2,0,0,2,1094204160,A. Jean,L,CH,R,0.00176286057593,2.6720892342,8.80207161222,-11.8375657461,6.05528132404,SL,IP_OUT,0.398970284514,5.69084299061,79.4014430506,1467.37127949,126.762304934,-0.15
1551,2020,730206976,ALA,D1 Southeastern Conference,343,NE,466174553,2020-02-16 13:00:00,2,0,1,2,1094204160,A. Jean,L,CH,R,-1.59902883198,1.55360568001,9.60885618231,-10.66229265,5.90461725568,B,IP_OUT,0.378094969998,5.71330008286,79.9044765371,1681.03033698,132.147157722,0.13
1552,2020,730206976,ALA,D1 Southeastern Conference,343,NE,466174553,2020-02-16 13:00:00,3,0,0,0,1094204160,A. Jean,L,SL,R,-0.653668282372,1.76270947694,8.3288001844,-9.52960830128,5.65524243161,F,IP_OUT,0.225098856464,5.6803542473,77.6869498438,1457.1077018,131.302982153,-0.15
1553,2020,730206976,ALA,D1 Southeastern Conference,343,NE,466174553,2020-02-16 13:00:00,3,0,0,1,1094204160,A. Jean,L,CH,R,-0.531757124895,0.86807622586,6.77551112883,-12.9349540387,5.46831829093,SS,IP_OUT,0.31546423352,5.72692459699,78.9740638538,1406.58715792,117.794214668,-0.15
1554,2020,730206976,ALA,D1 Southeastern Conference,343,NE,466174553,2020-02-16 13:00:00,3,0,1,1,1094204160,A. Jean,L,FA,R,-1.13040128417,1.11298168141,13.9765450658,-11.3379040945,6.01757400146,B,IP_OUT,0.0925593271715,5.66802058658,87.2745350542,2151.66946136,141.019255466,0.13
1555,2020,730206976,ALA,D1 Southeastern Conference,343,NE,466174553,2020-02-16 13:00:00,3,1,1,1,1094204160,A. Jean,L,FA,R,-0.350420127405,0.295898065314,11.667569596,-18.763504383,5.94523366214,B,IP_OUT,0.0587697466929,5.68733418048,86.2638963187,1946.70291865,121.951549434,0.13
1556,2020,730206976,ALA,D1 Southeastern Conference,343,NE,466174553,2020-02-16 13:00:00,3,2,1,1,1094204160,A. Jean,L,CH,R,-0.253308782552,3.11602936695,10.5744621012,-11.348079171,5.80772662001,SL,IP_OUT,0.253230236971,5.74239952956,80.3422047756,1469.91643521,133.088813217,-0.15
1557,2020,730206976,ALA,D1 Southeastern Conference,343,NE,466174553,2020-02-16 13:00:00,3,2,2,1,1094204160,A. Jean,L,SL,R,-0.537305039988,3.23477005411,-0.688368478237,6.55418858634,5.33828217271,F,IP_OUT,0.064423918799,5.76951378226,77.4154456987,2629.17882134,275.611538606,0.0
1558,2020,730206976,ALA,D1 Southeastern Conference,343,NE,466174553,2020-02-16 13:00:00,3,0,0,2,1094204160,A. Jean,L,SL,R,-0.866962135453,1.64823276441,11.9748717843,-10.8870442857,5.85665085774,B,K,0.345547520748,5.66008832886,79.6826316728,1494.37171679,137.82279265,0.13
1559,2020,730206976,ALA,D1 Southeastern Conference,343,NE,466174553,2020-02-16 13:00:00,3,1,0,2,1094204160,A. Jean,L,FA,R,-0.210817761991,1.25161969692,9.60199890275,-18.748902548,5.78132358417,SL,K,0.164806704437,5.75379185104,84.957533842,2088.43665451,117.207421021,-0.15
1560,2020,730206976,ALA,D1 Southeastern Conference,343,NE,466174553,2020-02-16 13:00:00,3,1,1,2,1094204160,A. Jean,L,FA,R,0.152963640282,1.40315297029,12.6916233382,-17.3276030368,5.87955577626,SL,K,0.110751272677,5.7530044041,86.6203379914,2119.39295155,126.296231393,-0.15
1561,2020,730206976,ALA,D1 Southeastern Conference,343,NE,466174553,2020-02-16 13:00:00,3,1,2,2,1094204160,A. Jean,L,CH,R,0.63215178569,2.00727503949,6.58838504781,-15.7985295451,5.8958986813,F,K,0.138231063319,5.80784746329,81.3636777502,1553.01412328,112.761068012,0.0
1562,2020,730206976,ALA,D1 Southeastern Conference,343,NE,466174553,2020-02-16 13:00:00,3,1,2,2,1094204160,A. Jean,L,SL,R,-0.831277492448,1.02368432054,-4.01803413438,3.9804214829,5.37397579505,SS,K,0.153775400931,5.79032900049,78.4124641413,2611.06035056,314.958960502,-0.15
1563,2020,730206976,ALA,D1 Southeastern Conference,343,NE,466174553,2020-02-16 13:00:00,4,0,0,0,1094204160,A. Jean,L,CU,L,-0.673482411945,1.24243510457,-2.27339922774,2.57061477421,5.34432659354,SS,S,0.426812439143,5.77486142831,73.3223144221,2321.80497336,310.86241707,-0.15
1564,2020,730206976,ALA,D1 Southeastern Conference,343,NE,466174553,2020-02-16 13:00:00,4,0,1,0,1094204160,A. Jean,L,FA,L,0.0199470456083,1.57467922595,15.8836965961,-13.4118009934,5.96794659367,F,S,0.155411787607,5.85352956302,85.25919173,2183.68177075,139.886949245,-0.15
1565,2020,730206976,ALA,D1 Southeastern Conference,343,NE,466174553,2020-02-16 13:00:00,4,0,2,0,1094204160,A. Jean,L,CU,L,0.839093612966,2.97867029713,-6.74189620736,2.53957766925,5.53849165781,B,S,0.173042199517,5.76174041565,75.4802161511,2373.07360932,339.228238643,0.13
1566,2020,730206976,ALA,D1 Southeastern Conference,343,NE,466174553,2020-02-16 13:00:00,4,1,2,0,1094204160,A. Jean,L,FA,L,-0.248946097503,2.88253886952,12.9754353174,-11.6699688478,6.0036242795,IP,S,-0.0982093949256,5.93504049971,86.1200216177,2150.48378784,138.108784601,1.0
1567,2020,730206976,ALA,D1 Southeastern Conference,343,NE,466174553,2020-02-16 13:00:00,4,0,0,0,1094204160,A. Jean,L,SL,R,1.64798755536,3.13494493825,11.5403509174,-14.6525921672,5.67201547078,B,IP_OUT,0.321787769877,5.79979876316,75.6616631945,1422.65973539,128.334803765,0.13
1568,2020,730206976,ALA,D1 Southeastern Conference,343,NE,466174553,2020-02-16 13:00:00,4,1,0,0,1094204160,A. Jean,L,FA,R,0.0224577271083,0.683083670916,15.1161073888,-15.5204050903,6.09086176973,B,IP_OUT,0.234098765897,5.84729705095,84.4453180808,2183.26349361,134.313013998,0.13
1569,2020,730206976,ALA,D1 Southeastern Conference,343,NE,466174553,2020-02-16 13:00:00,4,2,0,0,1094204160,A. Jean,L,FA,R,1.08222368638,2.9958484341,12.0526458958,-17.0083238838,5.85009756218,B,IP_OUT,0.270175844582,5.79105343392,82.9290099716,2031.73765376,125.407676404,0.13
1570,2020,730206976,ALA,D1 Southeastern Conference,343,NE,466174553,2020-02-16 13:00:00,4,3,0,0,1094204160,A. Jean,L,FA,R,-0.290757223001,2.63917602053,15.1027666915,-11.5367457053,5.91568650657,SL,IP_OUT,0.232424402433,5.82859132673,83.4367985165,1990.83384577,142.69268665,-0.15
1571,2020,730206976,ALA,D1 Southeastern Conference,343,NE,466174553,2020-02-16 13:00:00,4,0,0,1,1094204160,A. Jean,L,SL,L,-0.0196105266592,3.23163968568,-1.47026542386,6.50323332243,5.37585984679,B,IP_OUT,0.164106105675,5.78509755682,74.185785782,2389.15392039,282.33462531,0.13
1572,2020,730206976,ALA,D1 Southeastern Conference,343,NE,466174553,2020-02-16 13:00:00,4,0,0,2,1094204160,A. Jean,L,SL,R,1.3767090804,3.34368822319,6.62775289997,-12.651046542,5.82637460031,B,S,0.443498048414,5.73932089639,78.350681037,1470.79912975,117.800334857,0.13
1573,2020,730206976,ALA,D1 Southeastern Conference,343,NE,466174553,2020-02-16 13:00:00,4,1,0,2,1094204160,A. Jean,L,FA,R,0.245397065088,2.56124751768,13.260069274,-14.2492614878,5.76299167542,IP,S,0.289704078243,5.79556098193,84.0267883128,2062.30031772,133.020819273,1.0
1574,2020,730206976,ALA,D1 Southeastern Conference,343,NE,466174553,2020-02-16 13:00:00,4,0,0,2,1094204160,A. Jean,L,CH,L,-0.223479956558,1.38914797636,10.7154416985,-12.8772911494,6.14906108356,SL,IP_OUT,-0.057277889116,5.86713527908,84.5266473224,1973.79180807,129.859452234,-0.15
1575,2020,730206976,ALA,D1 Southeastern Conference,343,NE,466174553,2020-02-16 13:00:00,4,0,1,2,1094204160,A. Jean,L,CU,L,-0.508495096908,2.54730583666,-4.26759606859,4.78994553291,5.42713943112,SS,IP_OUT,0.170236040017,5.88546068835,72.8852347744,2375.22891377,311.367669074,-0.15
1576,2020,730206976,ALA,D1 Southeastern Conference,343,NE,466174553,2020-02-16 13:00:00,4,0,2,2,1094204160,A. Jean,L,SL,L,-0.702886566682,3.45378449906,-6.08721088854,4.99830526059,5.59617936276,B,IP_OUT,0.240801268678,5.81965391603,77.4715154166,2356.17355886,320.406863838,0.13
1577,2020,730206976,ALA,D1 Southeastern Conference,343,NE,466174553,2020-02-16 13:00:00,5,0,0,0,1039675181,J. McNairy,R,FA,R,0.317228300314,2.51678260242,6.75102567643,18.7892762367,6.31915436872,SL,IP_OUT,-3.58913680551,5.52217676114,90.8490315758,1965.96485871,250.151793416,-0.15
1578,2020,730206976,ALA,D1 Southeastern Conference,343,NE,466174553,2020-02-16 13:00:00,5,0,1,0,1039675181,J. McNairy,R,FA,R,1.53647329057,1.75900699895,9.14295850769,15.5084865618,6.41783926815,B,IP_OUT,-3.77372253783,5.42292933636,90.9987428664,2130.69970273,239.392865883,0.13
1579,2020,730206976,ALA,D1 Southeastern Conference,343,NE,466174553,2020-02-16 13:00:00,5,1,1,0,1039675181,J. McNairy,R,CU,R,0.938306837103,-0.390408586091,-6.99556039463,-9.85265282331,6.08366773224,B,IP_OUT,-3.70884679174,5.30315414585,77.9215245847,2231.86623674,54.7904296925,0.13
1580,2020,730206976,ALA,D1 Southeastern Conference,343,NE,466174553,2020-02-16 13:00:00,5,2,1,0,1039675181,J. McNairy,R,FA,R,-0.184016508036,1.88871068464,8.88976668068,17.7463445752,6.27123126067,SL,IP_OUT,-3.46248592417,5.57113137066,90.6308384788,2084.66393736,243.310720351,-0.15
1581,2020,730206976,ALA,D1 Southeastern Conference,343,NE,466174553,2020-02-16 13:00:00,5,0,0,1,1039675181,J. McNairy,R,SL,R,1.78116205246,1.63029783299,-1.3832925807,-17.5650503992,6.0632169621,B,IP_OUT,-3.86287214415,5.33680723652,77.0008423862,2124.03308679,85.6420356628,0.13
1582,2020,730206976,ALA,D1 Southeastern Conference,343,NE,466174553,2020-02-16 13:00:00,5,1,0,1,1039675181,J. McNairy,R,FA,R,1.57655282651,2.54445006944,8.01878615591,18.8685906673,6.29833278991,B,IP_OUT,-3.49990175012,5.65813756219,91.7621739726,2157.84639324,246.895722393,0.13
1583,2020,730206976,ALA,D1 Southeastern Conference,343,NE,466174553,2020-02-16 13:00:00,5,2,0,1,1039675181,J. McNairy,R,FA,R,-0.373654375733,0.898697784936,6.50069242847,19.0871806871,6.47562282682,SS,IP_OUT,-3.55562938756,5.58866331367,91.2657257019,2140.34024816,251.10891017,-0.15
1584,2020,730206976,ALA,D1 Southeastern Conference,343,NE,466174553,2020-02-16 13:00:00,5,0,0,2,1039675181,J. McNairy,R,FA,R,-0.515363486617,2.59015400052,9.40878442711,18.0363080615,6.36096828937,F,K,-3.63632484572,5.66378720152,91.5903064055,2166.91006877,242.37403709,-0.15
1585,2020,730206976,ALA,D1 Southeastern Conference,343,NE,466174553,2020-02-16 13:00:00,5,0,1,2,1039675181,J. McNairy,R,SL,R,-0.670401436674,2.3075382365,-6.50298423287,-11.6607310871,5.95859674162,F,K,-4.00504483436,5.22578185984,74.9295071043,2109.29884193,61.0284022071,-0.15
1586,2020,730206976,ALA,D1 Southeastern Conference,343,NE,466174553,2020-02-16 13:00:00,5,0,2,2,1039675181,J. McNairy,R,FA,R,2.46714475201,2.13335416706,8.91119238187,18.1421503934,6.6002675121,B,K,-3.61648526206,5.4641729678,92.4350332949,2286.71169248,243.763310295,0.13
1587,2020,730206976,ALA,D1 Southeastern Conference,343,NE,466174553,2020-02-16 13:00:00,5,1,2,2,1039675181,J. McNairy,R,FA,R,-1.12879796278,1.64250489115,6.00277846914,19.6638724332,6.37010725435,SS,K,-3.84318881232,5.59729408314,91.5789111163,2073.41160635,252.941906006,-0.15
1588,2020,730206976,ALA,D1 Southeastern Conference,343,NE,466174553,2020-02-16 13:00:00,6,0,0,0,1039675181,J. McNairy,R,FA,R,-0.681741689013,2.89703651037,14.0870087609,18.0392272813,6.32670866168,IP,S,-3.48529620501,5.63559166426,90.8180010285,2253.29961956,231.951419289,1.0
1589,2020,730206976,ALA,D1 Southeastern Conference,343,NE,466174553,2020-02-16 13:00:00,6,0,0,0,1039675181,J. McNairy,R,FA,L,-1.9497566672,2.44351168579,11.1366461309,18.692704222,6.25987609266,B,K,-3.76645692518,5.50372588811,89.3333673968,2204.29968707,239.141178457,0.13
1590,2020,730206976,ALA,D1 Southeastern Conference,343,NE,466174553,2020-02-16 13:00:00,6,1,0,0,1039675181,J. McNairy,R,CH,L,-1.38645268404,1.72799040418,3.29727778814,17.2843978278,6.26558655307,SS,K,-3.90922029646,5.37916149397,83.0494797672,2191.89775882,259.079295695,-0.15
1591,2020,730206976,ALA,D1 Southeastern Conference,343,NE,466174553,2020-02-16 13:00:00,6,1,1,0,1039675181,J. McNairy,R,CH,L,-1.50045351069,2.34049822028,5.80676310587,19.6044849996,6.18451260801,SS,K,-3.94593725309,5.38596742787,83.3283632258,2220.97343451,253.400031309,-0.15
1592,2020,730206976,ALA,D1 Southeastern Conference,343,NE,466174553,2020-02-16 13:00:00,6,1,2,0,1039675181,J. McNairy,R,CH,L,0.42769457038,1.15205084036,5.20276897761,18.7947463386,6.25155956568,B,K,-3.99591939406,5.29296479298,83.322687185,2179.73050662,254.420137566,0.13
1593,2020,730206976,ALA,D1 Southeastern Conference,343,NE,466174553,2020-02-16 13:00:00,6,2,2,0,1039675181,J. McNairy,R,FA,L,-2.00659420673,2.24754636899,9.57376237258,19.3379070894,6.28773198102,SL,K,-3.63519987614,5.53872985576,90.0882606621,2191.40485686,243.585172422,-0.15
1594,2020,730206976,ALA,D1 Southeastern Conference,343,NE,466174553,2020-02-16 13:00:00,6,0,0,1,1039675181,J. McNairy,R,FA,R,0.481698536024,2.67255065766,15.0807647703,16.8296307154,6.35360985659,SL,DP,-3.47065691941,5.64667218037,91.0697293645,2258.17579965,228.077802134,-0.15
1595,2020,730206976,ALA,D1 Southeastern Conference,343,NE,466174553,2020-02-16 13:00:00,6,0,1,1,1039675181,J. McNairy,R,FA,R,-0.464072919567,2.31802830891,10.4728753461,18.5513068262,6.20521665643,IP,DP,-3.61650517048,5.60857063705,90.4986748679,2203.38918853,240.479188495,-0.21
1596,2020,730206976,ALA,D1 Southeastern Conference,343,NE,466174553,2020-02-16 13:00:00,7,0,0,0,1039675181,J. McNairy,R,CU,L,-0.653890747262,1.59292658225,3.2560005486,18.00078108,6.33752570353,SL,IP_OUT,-4.13307410112,5.33376755856,79.9473191493,1992.11708273,259.622358422,-0.15
1597,2020,730206976,ALA,D1 Southeastern Conference,343,NE,466174553,2020-02-16 13:00:00,7,0,0,1,1039675181,J. McNairy,R,FA,R,0.547333679982,3.00342723666,10.3385767796,18.67040243,6.22774405276,SL,K,-3.5839158664,5.5920958471,89.92452423,2158.04615584,240.94957167,-0.15
1598,2020,730206976,ALA,D1 Southeastern Conference,343,NE,466174553,2020-02-16 13:00:00,7,0,1,1,1039675181,J. McNairy,R,SL,R,-0.165267157447,1.06969195697,-4.69581010432,-9.19427380438,5.91561080569,SS,K,-3.92552332244,5.26979897342,75.1738995648,2093.34886091,63.1755007861,-0.15
1599,2020,730206976,ALA,D1 Southeastern Conference,343,NE,466174553,2020-02-16 13:00:00,7,0,2,1,1039675181,J. McNairy,R,FA,R,2.16492477307,1.84895396253,8.60928874765,17.6141969683,6.52179781924,B,K,-3.6299377814,5.51602544216,89.369482134,2141.69613831,243.867114191,0.13
1600,2020,730206976,ALA,D1 Southeastern Conference,343,NE,466174553,2020-02-16 13:00:00,7,1,2,1,1039675181,J. McNairy,R,SL,R,-1.01656204876,3.02302037917,-4.40296979597,-11.6758635518,5.97999396983,SL,K,-3.81323577014,5.3214975776,75.0841379762,2105.36002409,69.5372634794,-0.15
1601,2020,730206976,ALA,D1 Southeastern Conference,343,NE,466174553,2020-02-16 13:00:00,7,0,0,2,1039675181,J. McNairy,R,FA,L,-2.1530104139,2.57393832725,10.4681221639,17.0845577495,6.39390651792,B,K,-3.80552458059,5.54699615582,89.4171570242,2056.35578486,238.425064008,0.13
1602,2020,730206976,ALA,D1 Southeastern Conference,343,NE,466174553,2020-02-16 13:00:00,7,1,0,2,1039675181,J. McNairy,R,CH,L,-0.593610846506,1.68484184781,5.34108382761,17.8484154313,6.56308837493,SS,K,-3.83939450289,5.38849035051,82.3820122214,2127.40514919,253.228958748,-0.15
1603,2020,730206976,ALA,D1 Southeastern Conference,343,NE,466174553,2020-02-16 13:00:00,7,1,1,2,1039675181,J. McNairy,R,CH,L,-0.663549313004,0.881709709271,1.55206321021,17.0798079419,6.5845494971,SS,K,-3.98869424007,5.34791486288,82.5632079748,2080.24948748,264.68286802,-0.15
1604,2020,730206976,ALA,D1 Southeastern Conference,343,NE,466174553,2020-02-16 13:00:00,7,1,2,2,1039675181,J. McNairy,R,CH,L,-1.00519042101,0.737843393257,3.0258944113,20.3266435233,6.51709188922,SS,K,-3.91213633661,5.3467603092,82.8540748288,2169.51592047,261.429819285,-0.15
1605,2020,730206976,ALA,D1 Southeastern Conference,343,NE,466174553,2020-02-16 13:00:00,8,0,0,0,1529227113,C. Lee,R,FA,R,-0.365834966967,1.03673678978,-4.90045500026,17.2851950463,6.89309541357,B,K,-4.38730047856,3.47553961656,90.4624400012,2316.5903552,285.731028831,0.13
1606,2020,730206976,ALA,D1 Southeastern Conference,343,NE,466174553,2020-02-16 13:00:00,8,1,0,0,1529227113,C. Lee,R,FA,R,0.0825005703562,1.94355236404,-3.82521841833,16.4162116458,6.70361831092,F,K,-4.51560149231,3.44187050873,89.8027067542,2443.1413202,283.009209407,-0.15
1607,2020,730206976,ALA,D1 Southeastern Conference,343,NE,466174553,2020-02-16 13:00:00,8,1,1,0,1529227113,C. Lee,R,FA,R,0.702093715687,1.36239927035,-0.670085159457,16.456678172,7.00287125395,SL,K,-4.42351946523,3.46115922718,90.9462787841,2476.7628872,272.223387889,-0.15
1608,2020,730206976,ALA,D1 Southeastern Conference,343,NE,466174553,2020-02-16 13:00:00,8,1,2,0,1529227113,C. Lee,R,SL,R,0.00201750051441,1.07711442079,1.45071217159,-14.3051250937,5.95847629759,B,K,-4.51532624678,3.41668351668,79.5552298651,2758.77075952,95.955747768,0.13
1609,2020,730206976,ALA,D1 Southeastern Conference,343,NE,466174553,2020-02-16 13:00:00,8,2,2,0,1529227113,C. Lee,R,SL,R,1.13430490468,1.23036139149,2.9426582968,-17.7776506566,5.80824966201,SS,K,-4.67804229928,3.41727473002,80.0175054006,2962.8125989,99.5291527787,-0.15
1610,2020,730206976,ALA,D1 Southeastern Conference,343,NE,466174553,2020-02-16 13:00:00,8,0,0,1,1529227113,C. Lee,R,SL,R,-0.240063296382,1.97955010005,1.66440219261,-14.8510782477,5.98189501112,SL,K,-4.52739032744,3.48698447233,77.9033976428,2827.65378219,96.5591480471,-0.15
1611,2020,730206976,ALA,D1 Southeastern Conference,343,NE,466174553,2020-02-16 13:00:00,8,0,1,1,1529227113,C. Lee,R,FA,R,1.25359277547,1.9234965616,-4.31314399907,13.6127372659,6.93429975474,B,K,-4.36466088519,3.49740979534,90.7333740967,2346.54303381,287.461173227,0.13
1612,2020,730206976,ALA,D1 Southeastern Conference,343,NE,466174553,2020-02-16 13:00:00,8,1,1,1,1529227113,C. Lee,R,SL,R,1.13725850847,1.98773514602,2.42394845653,-15.8795916714,5.78063045442,SS,K,-4.65684007129,3.41538983095,79.3279092068,2899.15448066,98.8284784998,-0.15
1613,2020,730206976,ALA,D1 Southeastern Conference,343,NE,466174553,2020-02-16 13:00:00,8,1,2,1,1529227113,C. Lee,R,SL,R,1.07559984984,1.15674392053,0.975239990184,-14.6067358288,5.98697628484,SS,K,-4.43339010602,3.56244607174,80.5120545267,2883.01870771,93.9790664991,-0.15
1614,2020,730206976,ALA,D1 Southeastern Conference,343,NE,466174553,2020-02-16 13:00:00,8,0,0,2,1529227113,C. Lee,R,FA,R,1.20424721934,1.5140854879,-3.27874122388,15.5320575214,6.86692291164,B,K,-4.32910360786,3.53324258113,90.9403637951,2440.72706794,281.809587129,0.13
1615,2020,730206976,ALA,D1 Southeastern Conference,343,NE,466174553,2020-02-16 13:00:00,8,1,0,2,1529227113,C. Lee,R,SL,R,-0.506746815488,2.711867203,-0.364231071242,-16.5058104051,6.01462655188,F,K,-4.64471382444,3.45799359533,78.8556369804,2936.40202589,88.883192412,-0.15
1616,2020,730206976,ALA,D1 Southeastern Conference,343,NE,466174553,2020-02-16 13:00:00,8,1,1,2,1529227113,C. Lee,R,SL,R,-0.092668073154,2.10001182209,2.79741325127,-15.473830035,6.05964995099,F,K,-4.61782364173,3.46056971434,77.9430622423,2810.75799299,100.403529088,-0.15
1617,2020,730206976,ALA,D1 Southeastern Conference,343,NE,466174553,2020-02-16 13:00:00,8,1,2,2,1529227113,C. Lee,R,SL,R,-0.540660516041,2.54549712529,5.94024197038,-19.1214947307,6.03132196874,SL,K,-4.52611097898,3.52208849578,79.1442810489,2847.46825008,107.37256916,-0.15
1618,2020,730206976,ALA,D1 Southeastern Conference,343,NE,466174553,2020-02-16 13:00:00,9,0,0,0,1529227113,C. Lee,R,FA,R,-0.184086224126,1.13130104676,-2.4843011799,15.3420126516,6.71472060541,B,IP_OUT,-4.47068705594,3.52652745327,88.7399352033,2266.27743809,279.079930489,0.13
1619,2020,730206976,ALA,D1 Southeastern Conference,343,NE,466174553,2020-02-16 13:00:00,9,1,0,0,1529227113,C. Lee,R,SL,R,0.270281886586,1.77953744257,1.43158060304,-18.7392104001,5.88513476903,SL,IP_OUT,-4.73364814895,3.56681024374,77.7555927448,2829.20389126,94.5016941145,-0.15
1620,2020,730206976,ALA,D1 Southeastern Conference,343,NE,466174553,2020-02-16 13:00:00,9,1,1,0,1529227113,C. Lee,R,FA,R,0.0720157769898,1.22027457293,-3.26041956534,15.1975019687,6.77094985659,SL,IP_OUT,-4.44948037816,3.47591704943,89.3330974381,2474.71653358,281.994010611,-0.15
1621,2020,730206976,ALA,D1 Southeastern Conference,343,NE,466174553,2020-02-16 13:00:00,9,0,0,1,1529227113,C. Lee,R,SL,L,-0.363419368271,1.15842536878,3.67567565255,-16.6156969895,6.07393720933,B,IP_OUT,-4.69300257202,3.47242575766,78.9716105032,2750.99408715,102.611651442,0.13
1622,2020,730206976,ALA,D1 Southeastern Conference,343,NE,466174553,2020-02-16 13:00:00,9,1,0,1,1529227113,C. Lee,R,FA,L,-1.2703274818,2.32942106873,0.558926440611,12.8266575961,6.55965831011,SL,IP_OUT,-4.52829844188,3.53866450293,89.6128075784,2429.73103724,267.363591019,-0.15
1623,2020,730206976,ALA,D1 Southeastern Conference,343,NE,466174553,2020-02-16 13:00:00,9,0,0,2,1529227113,C. Lee,R,FA,L,-1.17105729268,0.760865016895,-1.27201355435,13.8470424995,6.85007286196,B,K,-4.64395727551,3.51109196118,88.3420575739,2364.68726823,275.115722393,0.13
1624,2020,730206976,ALA,D1 Southeastern Conference,343,NE,466174553,2020-02-16 13:00:00,9,1,0,2,1529227113,C. Lee,R,FA,L,-0.564470453624,2.59192101626,2.02447460867,14.9567523061,6.71429693045,F,K,-4.48353774905,3.61496023487,89.8701920635,2456.83652153,262.173020122,-0.15
1625,2020,730206976,ALA,D1 Southeastern Conference,343,NE,466174553,2020-02-16 13:00:00,9,1,1,2,1529227113,C. Lee,R,SL,L,-1.28483351789,1.14804866278,9.34842704298,-18.5631297695,5.93201891249,SL,K,-4.78208347335,3.3941874212,79.4073121313,2848.22006507,116.833225297,-0.15
1626,2020,730206976,ALA,D1 Southeastern Conference,343,NE,466174553,2020-02-16 13:00:00,9,1,2,2,1529227113,C. Lee,R,CH,L,-1.4511266289,-0.207411979452,-8.40836066989,19.075657296,6.56376756009,B,K,-4.49890267986,3.38546479027,82.7178570321,1621.62578615,293.692597217,0.13
1627,2020,730206976,ALA,D1 Southeastern Conference,343,NE,466174553,2020-02-16 13:00:00,9,2,2,2,1529227113,C. Lee,R,FA,L,-2.62936422613,2.73487078556,-1.77434171163,12.0433283523,6.56074517778,B,K,-4.65713645549,3.54292804841,89.5715662505,2467.70841285,278.232031393,0.13
1628,2020,730206976,ALA,D1 Southeastern Conference,343,NE,466174553,2020-02-16 13:00:00,9,3,2,2,1529227113,C. Lee,R,FA,L,0.155216196081,1.81043007786,-2.53533938034,13.3305843477,6.84850088439,F,K,-4.53610311512,3.452462589,88.168705691,2413.58759842,280.631756867,0.0
1629,2020,730206976,ALA,D1 Southeastern Conference,343,NE,466174553,2020-02-16 13:00:00,9,3,2,2,1529227113,C. Lee,R,FA,L,0.499961802483,1.15353495597,1.06592559983,13.1403482641,6.88381974195,SL,K,-4.46604798152,3.47195718328,89.9312655914,2444.16024411,265.223137294,-0.15
1630,2020,730206976,ALA,D1 Southeastern Conference,343,NE,432030969,2020-02-15 13:00:00,1,0,0,0,1247216552,C. Shamblin,R,FA,R,-2.05106391083,3.1446168588,7.86717533654,11.0287397547,6.61802128971,HBP,HBP,-4.12749649716,5.73235605689,89.70775743,1646.42250215,234.389983205,0.8
1631,2020,730206976,ALA,D1 Southeastern Conference,343,NE,432030969,2020-02-15 13:00:00,1,0,0,0,1247216552,C. Shamblin,R,FA,L,-0.912165599013,2.03022904073,10.4656885576,7.89910869954,6.77493509646,IP,S,-3.87715575267,5.65111849173,90.5168634454,1709.01895174,216.962897515,1.0
1632,2020,730206976,ALA,D1 Southeastern Conference,343,NE,432030969,2020-02-15 13:00:00,1,0,0,0,1247216552,C. Shamblin,R,SL,R,0.529922287417,1.51151692827,-7.01735253769,-11.6014380332,5.92504506122,B,DP,-4.03578087096,5.59562070678,76.8044600513,1984.76669317,58.9940066388,0.13
1633,2020,730206976,ALA,D1 Southeastern Conference,343,NE,432030969,2020-02-15 13:00:00,1,1,0,0,1247216552,C. Shamblin,R,FA,R,-0.508436671303,2.12270570304,10.7408309781,7.94652551515,6.72935372835,IP,DP,-3.96376667157,5.64195592712,89.7358969723,1820.38750176,216.415712431,-0.21
1634,2020,730206976,ALA,D1 Southeastern Conference,343,NE,432030969,2020-02-15 13:00:00,1,0,0,2,1247216552,C. Shamblin,R,SL,R,-2.1107287417,3.74665587141,-7.10899952847,-10.8197241511,6.02549901836,HBP,HBP,-4.13273824707,5.61066855135,76.7381154642,2086.13139627,56.8574336607,0.8
1635,2020,730206976,ALA,D1 Southeastern Conference,343,NE,432030969,2020-02-15 13:00:00,2,0,0,0,1247216552,C. Shamblin,R,FA,R,-0.366090981479,2.54115691902,15.7301436383,7.26259623714,6.68324272122,SL,K,-3.93982361503,6.03898806304,88.9940205393,1652.96358736,204.738454652,-0.15
1636,2020,730206976,ALA,D1 Southeastern Conference,343,NE,432030969,2020-02-15 13:00:00,2,0,1,0,1247216552,C. Shamblin,R,CU,R,-0.00733131350291,2.2422487515,-10.1845128887,-11.4111177339,5.92808335089,SL,K,-4.05852463771,5.76089571977,77.4518052075,1852.88804231,48.3734779599,-0.15
1637,2020,730206976,ALA,D1 Southeastern Conference,343,NE,432030969,2020-02-15 13:00:00,2,0,2,0,1247216552,C. Shamblin,R,SL,R,-0.248027692662,2.67374550714,-6.00173249322,-4.73177478743,6.18765410586,F,K,-4.168590431,5.6474068806,80.3511298999,2056.13211636,38.4394147488,0.0
1638,2020,730206976,ALA,D1 Southeastern Conference,343,NE,432030969,2020-02-15 13:00:00,2,0,2,0,1247216552,C. Shamblin,R,FA,R,0.295519046401,4.11653023352,12.6943741018,3.63235624648,6.50023558371,B,K,-3.77723499373,5.9083129684,89.3284838905,1897.25424803,195.929755962,0.13
1639,2020,730206976,ALA,D1 Southeastern Conference,343,NE,432030969,2020-02-15 13:00:00,2,1,2,0,1247216552,C. Shamblin,R,CH,R,-0.727867941383,1.93128374633,1.90004655146,14.7700833878,6.63929913953,SS,K,-3.92960200487,5.71587727362,82.9711732569,1352.48207956,262.529317088,-0.15
1640,2020,730206976,ALA,D1 Southeastern Conference,343,NE,432030969,2020-02-15 13:00:00,2,0,0,1,1247216552,C. Shamblin,R,FA,L,-0.868331497136,3.21734685606,11.8334813834,4.90657471724,6.68453321057,F,IP_OUT,-3.94827062333,5.66732526048,90.1641261518,1863.69922754,202.467399044,-0.15
1641,2020,730206976,ALA,D1 Southeastern Conference,343,NE,432030969,2020-02-15 13:00:00,2,0,1,1,1247216552,C. Shamblin,R,CH,L,-0.0197965253904,0.0894455441594,0.682320314932,17.8800151417,6.72197831535,SS,IP_OUT,-4.11196884526,5.50344701168,84.2581328163,1510.45772306,267.698504803,-0.15
1642,2020,730206976,ALA,D1 Southeastern Conference,343,NE,432030969,2020-02-15 13:00:00,2,0,2,1,1247216552,C. Shamblin,R,FA,L,-0.593924409441,4.45641375683,17.264066677,6.72810231857,6.8755467451,B,IP_OUT,-3.75157124663,5.79135439802,91.7605497111,1892.77274716,201.258032497,0.13
1643,2020,730206976,ALA,D1 Southeastern Conference,343,NE,432030969,2020-02-15 13:00:00,3,0,0,0,1247216552,C. Shamblin,R,FA,L,0.168209385534,2.26371600649,10.4892829502,7.63702237228,6.77957593967,SL,S,-3.84491208169,5.73479386438,88.6104381149,1689.04576695,215.973641508,-0.15
1644,2020,730206976,ALA,D1 Southeastern Conference,343,NE,432030969,2020-02-15 13:00:00,3,0,1,0,1247216552,C. Shamblin,R,SL,L,-2.19670014353,3.5989611244,7.76206010385,14.8277451143,7.00357258789,B,S,-4.18458901897,5.67087893604,81.7821592792,1388.72159605,242.254742791,0.13
1645,2020,730206976,ALA,D1 Southeastern Conference,343,NE,432030969,2020-02-15 13:00:00,3,1,1,0,1247216552,C. Shamblin,R,CH,L,-0.0168461180989,1.55928661945,2.81470214545,11.140031778,6.95870862998,SL,S,-3.85787429856,5.57445863802,83.4982266934,1284.15999491,255.645885367,-0.15
1646,2020,730206976,ALA,D1 Southeastern Conference,343,NE,432030969,2020-02-15 13:00:00,3,1,2,0,1247216552,C. Shamblin,R,FA,L,-0.19902979976,2.03102418834,12.5456515335,8.75749598642,6.76586117904,IP,S,-3.86902097802,5.65302478379,90.9074544512,1835.54255827,214.851397296,1.0
1647,2020,730206976,ALA,D1 Southeastern Conference,343,NE,432030969,2020-02-15 13:00:00,3,0,0,0,1247216552,C. Shamblin,R,SL,R,-0.539489761595,2.87829435941,4.64367534613,12.4136755388,6.92170066303,SL,DP,-3.93331900198,5.56053830502,82.4691875671,1406.47320094,249.340995402,-0.15
1648,2020,730206976,ALA,D1 Southeastern Conference,343,NE,432030969,2020-02-15 13:00:00,3,0,1,0,1247216552,C. Shamblin,R,FA,R,-0.20394988822,2.34539376566,9.21107049581,8.85535289986,6.68108928141,IP,DP,-3.72446061873,5.67128905116,89.5396349302,1673.45776853,223.774075577,-0.21
1649,2020,730206976,ALA,D1 Southeastern Conference,343,NE,432030969,2020-02-15 13:00:00,3,0,0,2,1247216552,C. Shamblin,R,CH,L,-1.58143334938,2.93950128674,4.26868762165,13.5659628754,7.09343215719,SL,IP_OUT,-4.1429677866,5.63377807703,84.5649887136,1445.18366956,252.399636778,-0.15
1650,2020,730206976,ALA,D1 Southeastern Conference,343,NE,432030969,2020-02-15 13:00:00,3,0,1,2,1247216552,C. Shamblin,R,CH,L,-0.59498378853,0.965789033883,9.25358271708,13.1634655502,6.95759261484,SL,IP_OUT,-3.93168436726,5.53515695643,84.8979639784,1595.91337321,234.792551433,-0.15
1651,2020,730206976,ALA,D1 Southeastern Conference,343,NE,432030969,2020-02-15 13:00:00,3,0,2,2,1247216552,C. Shamblin,R,FA,L,0.512689168676,3.30030801565,13.0090010745,10.3827630967,6.79401304699,B,IP_OUT,-3.96546302433,5.71520257044,93.5334373545,1974.05927449,218.532105761,0.13
1652,2020,730206976,ALA,D1 Southeastern Conference,343,NE,432030969,2020-02-15 13:00:00,4,0,0,0,1247216552,C. Shamblin,R,SL,R,-1.3593914879,3.72945136901,1.29768892607,12.2217710845,6.85042750082,B,IP_OUT,-4.03425824244,5.66814166709,80.5897738471,1170.22700445,263.758139246,0.13
1653,2020,730206976,ALA,D1 Southeastern Conference,343,NE,432030969,2020-02-15 13:00:00,4,0,0,1,1247216552,C. Shamblin,R,FA,R,-1.53615901857,2.01038503117,11.1541149101,11.3623270895,7.08409990134,B,S,-3.80388301979,5.78528142859,90.3386935813,1778.12945403,225.451507515,0.13
1654,2020,730206976,ALA,D1 Southeastern Conference,343,NE,432030969,2020-02-15 13:00:00,4,1,0,1,1247216552,C. Shamblin,R,FA,R,0.122077473348,2.15650900919,9.85925426433,8.3901002983,6.9382587995,SL,S,-3.80907692233,5.63053944582,90.0831159461,1792.17327365,220.308757568,-0.15
1655,2020,730206976,ALA,D1 Southeastern Conference,343,NE,432030969,2020-02-15 13:00:00,4,1,1,1,1247216552,C. Shamblin,R,SL,R,0.677122965677,0.879403318174,-4.92105007761,-2.97040257113,6.34588869746,B,S,-4.02661848464,5.5869207885,81.017636229,2159.4943987,31.3186328537,0.13
1656,2020,730206976,ALA,D1 Southeastern Conference,343,NE,432030969,2020-02-15 13:00:00,4,2,1,1,1247216552,C. Shamblin,R,FA,R,0.233074840722,1.69257975656,11.3256249064,8.62575696186,7.07845423221,IP,S,-3.94814123069,5.72817686923,90.4543249588,1778.85861607,217.218761754,1.0
1657,2020,730206976,ALA,D1 Southeastern Conference,343,NE,432030969,2020-02-15 13:00:00,4,0,0,1,1247216552,C. Shamblin,R,CH,L,-1.57768071782,0.0268433231015,0.346327179814,18.3080237191,6.87745816179,B,BB,-4.03069681526,5.5737790774,83.4728421496,1409.73334348,268.801669852,0.13
1658,2020,730206976,ALA,D1 Southeastern Conference,343,NE,432030969,2020-02-15 13:00:00,4,1,0,1,1247216552,C. Shamblin,R,FA,L,-0.611607762387,1.25315100627,9.87605854272,13.8948081836,6.94740006574,B,BB,-3.79959034308,5.53555717489,91.9023647789,1887.61704878,234.513959165,0.13
1659,2020,730206976,ALA,D1 Southeastern Conference,343,NE,432030969,2020-02-15 13:00:00,4,2,0,1,1247216552,C. Shamblin,R,FA,L,-1.60949200929,2.05117736893,12.3370740283,5.53418352185,6.90088302018,SL,BB,-3.78815496881,5.66302908875,89.7217578449,1906.46558776,204.105840288,-0.15
1660,2020,730206976,ALA,D1 Southeastern Conference,343,NE,432030969,2020-02-15 13:00:00,4,2,1,1,1247216552,C. Shamblin,R,SL,L,-1.18814993386,4.50866874515,-0.54563807661,5.97630205651,7.03241510152,B,BB,-4.02610495692,5.50814630753,80.9893745159,1281.27401205,274.854735855,0.13
1661,2020,730206976,ALA,D1 Southeastern Conference,343,NE,432030969,2020-02-15 13:00:00,4,3,1,1,1247216552,C. Shamblin,R,FA,L,0.842242006554,2.13724465489,13.9138176991,3.22716152205,7.02191473818,B,BB,-3.80927162726,5.52129753825,90.6842079871,1914.79105889,193.030461196,0.8
1662,2020,730206976,ALA,D1 Southeastern Conference,343,NE,432030969,2020-02-15 13:00:00,4,0,0,1,1247216552,C. Shamblin,R,FA,R,-0.0399475860663,1.42571225749,10.2715690824,12.0901413052,6.81480848503,F,K,-3.83630134997,5.67506711345,89.7115565074,1811.77492194,229.562548885,-0.15
1663,2020,730206976,ALA,D1 Southeastern Conference,343,NE,432030969,2020-02-15 13:00:00,4,0,1,1,1247216552,C. Shamblin,R,SL,R,-0.604411956014,0.916850660653,-7.07955469642,-2.94083463142,6.27888484988,B,K,-3.99720954103,5.47589258366,77.9979959065,2156.55725221,22.6806386587,0.13
1664,2020,730206976,ALA,D1 Southeastern Conference,343,NE,432030969,2020-02-15 13:00:00,4,1,1,1,1247216552,C. Shamblin,R,FA,R,-1.01307843726,1.41264027716,12.0399118432,10.3329663983,6.90909470857,F,K,-3.72840653245,5.61044340474,89.1381970766,1780.40766642,220.562450252,-0.15
1665,2020,730206976,ALA,D1 Southeastern Conference,343,NE,432030969,2020-02-15 13:00:00,4,1,2,1,1247216552,C. Shamblin,R,CH,R,0.448578562586,0.296284296152,2.10250973518,13.9530134943,6.87162363149,SS,K,-3.94364479047,5.56854762236,84.3573906608,1486.76298432,261.287936528,-0.15
1666,2020,730206976,ALA,D1 Southeastern Conference,343,NE,432030969,2020-02-15 13:00:00,5,0,0,0,1247216552,C. Shamblin,R,SL,R,-1.15714622537,4.27505648489,-3.77576944775,-13.8852119512,5.94216141705,B,K,-4.22197288103,5.70220767608,75.5073234923,1749.68732474,74.9671901422,0.13
1667,2020,730206976,ALA,D1 Southeastern Conference,343,NE,432030969,2020-02-15 13:00:00,5,1,0,0,1247216552,C. Shamblin,R,FA,R,0.741057521037,2.03138760932,17.2302121174,10.8969723245,6.70140650812,F,K,-3.90849411046,5.70087399484,90.0378313912,1843.4123179,212.263199295,-0.15
1668,2020,730206976,ALA,D1 Southeastern Conference,343,NE,432030969,2020-02-15 13:00:00,5,1,1,0,1247216552,C. Shamblin,R,SL,R,0.431733154374,1.25213065766,-2.62940161418,-11.31880476,6.19462924508,B,K,-4.1543399493,5.63173816962,77.6174535462,2063.3620217,77.135427987,0.13
1669,2020,730206976,ALA,D1 Southeastern Conference,343,NE,432030969,2020-02-15 13:00:00,5,2,1,0,1247216552,C. Shamblin,R,FA,R,-0.797475321564,3.29043637961,11.130353793,5.50378294932,6.6682002835,F,K,-3.94614255527,5.73416326103,89.5523909772,1866.77293879,206.246200429,-0.15
1670,2020,730206976,ALA,D1 Southeastern Conference,343,NE,432030969,2020-02-15 13:00:00,5,2,2,0,1247216552,C. Shamblin,R,CH,R,-1.02305268725,2.21920816131,-0.814269596559,11.2068894477,7.18030087508,F,K,-4.04021712101,5.63775175002,84.4564205939,1248.01228538,273.978942519,0.0
1671,2020,730206976,ALA,D1 Southeastern Conference,343,NE,432030969,2020-02-15 13:00:00,5,2,2,0,1247216552,C. Shamblin,R,SL,R,-0.719872006545,2.12570228987,-3.40879534437,-3.56708685242,6.39836630687,SS,K,-4.02256607137,5.55338354616,81.0290069544,2058.52325463,46.6317581069,-0.15
1672,2020,730206976,ALA,D1 Southeastern Conference,343,NE,432030969,2020-02-15 13:00:00,5,0,0,1,1247216552,C. Shamblin,R,CH,L,-0.251816652794,1.97840303383,0.445275229535,14.4119376335,6.8903777893,SL,K,-3.98225343141,5.58734278458,83.6380737054,1349.26717592,268.087426222,-0.15
1673,2020,730206976,ALA,D1 Southeastern Conference,343,NE,432030969,2020-02-15 13:00:00,5,0,1,1,1247216552,C. Shamblin,R,SL,L,-0.255685358384,1.50722669214,-5.52382423471,-13.723031183,6.21561800897,SL,K,-4.15245831533,5.60632516214,78.316781543,2140.99640418,68.2289013922,-0.15
1674,2020,730206976,ALA,D1 Southeastern Conference,343,NE,432030969,2020-02-15 13:00:00,5,0,2,1,1247216552,C. Shamblin,R,FA,L,-0.861163130912,0.422087568687,0.45354748271,15.557217327,6.9846482917,SS,K,-4.00278579415,5.523814629,87.2620759988,1226.43090732,268.208179119,-0.15
1675,2020,730206976,ALA,D1 Southeastern Conference,343,NE,432030969,2020-02-15 13:00:00,5,0,0,2,1247216552,C. Shamblin,R,SL,R,-0.109614866552,2.14488606824,-4.31999614796,-15.2677463717,6.21522741711,SL,K,-4.03327219892,5.6401189251,76.6314829374,2087.02691688,74.3567063479,-0.15
1676,2020,730206976,ALA,D1 Southeastern Conference,343,NE,432030969,2020-02-15 13:00:00,5,0,1,2,1247216552,C. Shamblin,R,SL,R,-1.5994326159,3.32672015228,-5.65685734712,-16.1117524717,6.29693984592,B,K,-4.32734419188,5.59494990069,76.8944541208,2032.9459239,70.7933072428,0.13
1677,2020,730206976,ALA,D1 Southeastern Conference,343,NE,432030969,2020-02-15 13:00:00,5,1,1,2,1247216552,C. Shamblin,R,CH,R,0.168453960712,0.87650376473,5.95635643737,9.33934460804,6.98450292175,SS,K,-3.87414575234,5.55719546012,84.6789859959,1235.17328106,237.318430348,-0.15
1678,2020,730206976,ALA,D1 Southeastern Conference,343,NE,432030969,2020-02-15 13:00:00,5,1,2,2,1247216552,C. Shamblin,R,SL,R,-0.0675551681048,1.34118921658,-8.55120068739,-7.0491574251,6.45953476627,F,K,-4.08814863512,5.48295051467,81.2379366699,2274.16215375,39.6285482893,0.0
1679,2020,730206976,ALA,D1 Southeastern Conference,343,NE,432030969,2020-02-15 13:00:00,5,1,2,2,1247216552,C. Shamblin,R,FA,R,1.05490621716,2.15709122888,13.279963588,4.49564062799,6.96756096802,SL,K,-3.71772297602,5.66161058202,92.2869727863,1883.96915161,198.663518958,-0.15
1680,2020,730206976,ALA,D1 Southeastern Conference,343,NE,432030969,2020-02-15 13:00:00,6,0,0,0,1302864451,C. Cobb,R,FA,L,-0.90673019409,1.9064168594,20.9942334247,7.49224576562,6.53483512821,SL,IP_OUT,-3.5037490962,5.28964132562,92.2774202197,2072.84539706,199.613606525,-0.15
1681,2020,730206976,ALA,D1 Southeastern Conference,343,NE,432030969,2020-02-15 13:00:00,6,0,0,1,1302864451,C. Cobb,R,FA,R,-2.09065723217,1.46081020846,13.8079642624,10.78508537,6.75577932096,B,K,-3.46910142936,5.30268089723,93.4074923858,2055.88169931,217.933721511,0.13
1682,2020,730206976,ALA,D1 Southeastern Conference,343,NE,432030969,2020-02-15 13:00:00,6,1,0,1,1302864451,C. Cobb,R,FA,R,-0.345387590395,2.14469472222,16.418732871,10.5295230617,6.89274053038,SL,K,-3.27321938063,5.24901919396,82.9160609958,2158.36239612,212.614188889,-0.15
1683,2020,730206976,ALA,D1 Southeastern Conference,343,NE,432030969,2020-02-15 13:00:00,6,1,1,1,1302864451,C. Cobb,R,FA,R,0.465201012689,1.69627622238,17.7534955236,6.32910387441,6.3060202012,SL,K,-3.2373550775,5.24355770573,94.8408800989,2056.51909325,199.5915808,-0.15
1684,2020,730206976,ALA,D1 Southeastern Conference,343,NE,432030969,2020-02-15 13:00:00,6,1,2,1,1302864451,C. Cobb,R,FA,R,-0.191905431878,1.06359189831,14.7586601651,12.578233709,6.94096097597,SL,K,-3.07147272097,5.21598238099,83.5594541535,2096.17211233,220.36985178,-0.15
1685,2020,730206976,ALA,D1 Southeastern Conference,343,NE,432030969,2020-02-15 13:00:00,6,0,0,2,1302864451,C. Cobb,R,FA,R,1.26059819998,1.14331036137,17.3135349679,6.76622581893,6.51723244077,B,IP_OUT,-3.24427026113,5.36358413751,95.6798471053,2104.15271902,201.313933292,0.13
1686,2020,730206976,ALA,D1 Southeastern Conference,343,NE,432030969,2020-02-15 13:00:00,6,1,0,2,1302864451,C. Cobb,R,SL,R,-0.0265839391954,1.4660199653,2.70306997216,-6.01544806025,6.39091398548,SL,IP_OUT,-3.40047994909,5.21727948925,79.5354799312,2194.52450412,114.521920022,-0.15
1687,2020,730206976,ALA,D1 Southeastern Conference,343,NE,432030969,2020-02-15 13:00:00,6,1,1,2,1302864451,C. Cobb,R,SL,R,0.678535238771,-0.117146757925,-3.19357665527,-10.1276218819,6.31793395782,B,IP_OUT,-3.26535855238,5.24911742086,80.526963389,2395.2459405,72.7070930936,0.13
1688,2020,730206976,ALA,D1 Southeastern Conference,343,NE,432030969,2020-02-15 13:00:00,6,2,1,2,1302864451,C. Cobb,R,FA,R,-1.58875648646,2.78443170541,17.0613612395,4.40620851437,6.60788388419,B,IP_OUT,-3.29157375349,5.31213867448,92.9583625341,1946.45578519,194.45659614,0.13
1689,2020,730206976,ALA,D1 Southeastern Conference,343,NE,432030969,2020-02-15 13:00:00,7,0,0,0,1302864451,C. Cobb,R,FA,L,-0.917824045101,2.26431557318,20.341270994,13.220567875,6.51875034752,F,K,-3.45376775448,5.31873001171,89.9778835003,1919.4486377,212.980332563,-0.15
1690,2020,730206976,ALA,D1 Southeastern Conference,343,NE,432030969,2020-02-15 13:00:00,7,0,1,0,1302864451,C. Cobb,R,SL,L,-0.795698423735,2.0882732979,15.1896930533,12.005901007,6.92606674956,SL,K,-3.27674153754,5.28658358986,81.886952633,2193.71453347,218.253872672,-0.15
1691,2020,730206976,ALA,D1 Southeastern Conference,343,NE,432030969,2020-02-15 13:00:00,7,0,2,0,1302864451,C. Cobb,R,FA,L,-1.73152626569,2.41148790115,14.4965675304,7.92611034484,6.88240105342,F,K,-3.4381108137,5.28398778942,91.828886679,2045.49173341,208.618059482,0.0
1692,2020,730206976,ALA,D1 Southeastern Conference,343,NE,432030969,2020-02-15 13:00:00,7,0,2,0,1302864451,C. Cobb,R,FA,L,-0.400265542185,2.79129737493,17.6767848736,6.35669424279,6.51949964763,F,K,-3.45744055583,5.24640571796,91.775000513,1933.63282431,199.747360889,0.0
1693,2020,730206976,ALA,D1 Southeastern Conference,343,NE,432030969,2020-02-15 13:00:00,7,0,2,0,1302864451,C. Cobb,R,CH,L,-1.07113017053,1.29429680906,11.6424023962,15.4353043216,7.14210436838,SL,K,-3.30844817067,5.2979932897,83.0437325804,2235.99936143,232.887848655,-0.15
1694,2020,730206976,ALA,D1 Southeastern Conference,343,NE,432030969,2020-02-15 13:00:00,7,0,0,1,1302864451,C. Cobb,R,FA,R,-1.60899108496,2.51184759712,18.4657830306,5.46190360562,6.46098069491,SL,K,-3.51510953625,5.29848051882,93.3283872658,1986.2702472,196.452567701,-0.15
1695,2020,730206976,ALA,D1 Southeastern Conference,343,NE,432030969,2020-02-15 13:00:00,7,0,1,1,1302864451,C. Cobb,R,FA,R,-1.10100451834,2.7808581295,14.7387513611,10.2640309517,6.48485461337,F,K,-3.40948665404,5.30036988328,91.8930894139,1961.60955933,214.797224329,-0.15
1696,2020,730206976,ALA,D1 Southeastern Conference,343,NE,432030969,2020-02-15 13:00:00,7,0,2,1,1302864451,C. Cobb,R,FA,R,-0.440681181538,3.93154013635,18.2382759286,5.88590510129,6.76691448282,SS,K,-3.52103201839,5.33339998711,92.6423129075,2058.89375877,197.858601963,-0.15
1697,2020,730206976,ALA,D1 Southeastern Conference,343,NE,432030969,2020-02-15 13:00:00,7,0,0,2,1302864451,C. Cobb,R,FA,L,-1.56132343977,2.34500199835,15.4308847519,10.3065137843,6.57406484945,B,IP_OUT,-3.64242485059,5.41441862871,93.3372427353,2110.90682482,213.688999343,0.13
1698,2020,730206976,ALA,D1 Southeastern Conference,343,NE,432030969,2020-02-15 13:00:00,7,1,0,2,1302864451,C. Cobb,R,CH,L,-2.28652102333,1.40645845614,16.4808418145,13.0989013143,6.41617430207,SL,IP_OUT,-3.58837730017,5.39942536097,93.2006992686,2167.54598138,218.42713492,-0.15
1699,2020,730206976,ALA,D1 Southeastern Conference,343,NE,432030969,2020-02-15 13:00:00,7,1,1,2,1302864451,C. Cobb,R,CH,L,-0.97963211153,1.52747586379,10.1209289383,16.390898455,6.82988546425,SL,IP_OUT,-3.21341992164,5.29548214858,84.4525153699,2264.0152159,238.215797767,-0.15
1700,2020,730206976,ALA,D1 Southeastern Conference,343,NE,432030969,2020-02-15 13:00:00,8,0,0,0,1078215471,G. Rukes,L,CH,R,0.56989546563,3.6721516582,16.2632476793,-5.72108457602,6.13498734557,B,IP_OUT,0.90485016484,5.36422159048,85.0069931125,1896.22795548,160.659351052,0.13
1701,2020,730206976,ALA,D1 Southeastern Conference,343,NE,432030969,2020-02-15 13:00:00,8,0,0,2,1078215471,G. Rukes,L,FA,L,0.198413869477,2.45253241541,18.3501598505,-8.70124120608,5.88661906397,SL,IP_OUT,0.688156780077,5.41338058313,85.5422300718,2063.58823414,154.674325655,-0.15
1702,2020,730206976,ALA,D1 Southeastern Conference,343,NE,432030969,2020-02-15 13:00:00,8,0,1,2,1078215471,G. Rukes,L,SL,L,-0.433287023071,1.9455754507,3.05562989521,16.6316574666,5.31080135104,F,IP_OUT,0.734097109882,5.34151137169,72.6693174156,2536.88901068,259.418582259,-0.15
1703,2020,730206976,ALA,D1 Southeastern Conference,343,NE,432030969,2020-02-15 13:00:00,9,0,0,0,1129467304,B. Guffey,L,FA,R,0.887756328683,3.02157100024,13.3493152451,-12.7826222943,6.91922482443,SL,IP_OUT,-0.648974729813,5.4284104217,86.0014784685,1921.78930953,136.314685887,-0.15
1704,2020,730206976,ALA,D1 Southeastern Conference,343,NE,432030969,2020-02-15 13:00:00,9,0,0,2,1129467304,B. Guffey,L,FA,R,0.647182481624,2.11575202843,12.9432842564,-13.3245825423,7.17508335424,SL,IP_OUT,-0.765555614221,5.27335146664,85.0702492845,2028.80073229,134.243709824,-0.15
1705,2020,730206976,ALA,D1 Southeastern Conference,343,NE,432030969,2020-02-15 13:00:00,9,0,1,2,1129467304,B. Guffey,L,CU,R,-0.968467580719,0.690063473997,-9.54754208838,4.00358093567,6.04514455776,B,IP_OUT,-0.435946193306,5.25285751405,72.3566317787,2218.18695391,337.144475621,0.13
1706,2020,730206976,ALA,D1 Southeastern Conference,343,NE,385542789,2020-02-14 13:00:00,2,0,0,0,1917106969,C. Prielipp,L,FC,R,1.07296322102,4.1379506943,18.6275742115,-11.3220067332,5.60180312442,B,BB,0.0348349132384,6.32722915666,91.9054670164,1905.7608927,148.751305423,0.13
1707,2020,730206976,ALA,D1 Southeastern Conference,343,NE,385542789,2020-02-14 13:00:00,2,1,0,0,1917106969,C. Prielipp,L,FA,R,1.1063524469,3.02808538348,23.7499100401,-11.5929584505,5.7118746253,F,BB,-0.0601800569362,6.34165939116,92.1442969291,1979.99355268,154.011568396,-0.15
1708,2020,730206976,ALA,D1 Southeastern Conference,343,NE,385542789,2020-02-14 13:00:00,2,1,1,0,1917106969,C. Prielipp,L,SL,R,0.873412570653,0.673022127268,2.95220542812,0.597201843994,6.18654085368,B,BB,-0.218989762786,6.22778775827,85.1051079301,2316.18948199,191.300344828,0.13
1709,2020,730206976,ALA,D1 Southeastern Conference,343,NE,385542789,2020-02-14 13:00:00,2,2,1,0,1917106969,C. Prielipp,L,FA,R,-1.07493219194,0.365982849455,18.8650770699,-4.03529138332,5.86791153009,B,BB,-0.359283077685,6.33196390084,92.3255507791,1926.84423342,167.94578985,0.13
1710,2020,730206976,ALA,D1 Southeastern Conference,343,NE,385542789,2020-02-14 13:00:00,2,3,1,0,1917106969,C. Prielipp,L,FA,R,-0.336176526396,0.765218362322,13.6505100073,-9.28022312098,5.88491784901,B,BB,-0.150689175163,6.14255091304,93.6946698838,2000.38731462,145.849207287,0.8
1711,2020,730206976,ALA,D1 Southeastern Conference,343,NE,385542789,2020-02-14 13:00:00,2,0,0,0,1917106969,C. Prielipp,L,FA,L,-1.30611030372,2.54314029217,15.3837448506,-7.08951951218,5.72636443084,SL,K,-0.385999314884,6.27763739107,92.3820206537,2020.59176478,155.301979923,-0.15
1712,2020,730206976,ALA,D1 Southeastern Conference,343,NE,385542789,2020-02-14 13:00:00,2,0,1,0,1917106969,C. Prielipp,L,FA,L,-1.52045756477,2.57585830327,21.4236839101,-4.03932358872,5.7334974869,SL,K,-0.245344494003,6.29936846528,93.4999898587,2194.76471566,169.337490532,-0.15
1713,2020,730206976,ALA,D1 Southeastern Conference,343,NE,385542789,2020-02-14 13:00:00,2,0,2,0,1917106969,C. Prielipp,L,FC,L,0.224183158419,3.08297578654,1.89241879448,3.93670464277,5.53351959966,SL,K,-0.445389849901,6.36573497111,84.4261215552,2777.03687518,243.891728324,-0.15
1714,2020,730206976,ALA,D1 Southeastern Conference,343,NE,385542789,2020-02-14 13:00:00,2,0,0,1,1917106969,C. Prielipp,L,FC,R,-1.33613967513,3.40125314152,19.7553430913,-4.65114137576,5.65606669568,B,IP_OUT,0.280885812991,6.07907035519,93.250864811,2009.47809975,166.771676108,0.13
1715,2020,730206976,ALA,D1 Southeastern Conference,343,NE,385542789,2020-02-14 13:00:00,2,1,0,1,1917106969,C. Prielipp,L,FC,R,0.658112087734,3.45754156496,7.24553662315,-0.138787043079,5.68003432244,B,IP_OUT,-0.33366678277,6.25379090999,85.2404652898,2570.28443316,178.908075687,0.13
1716,2020,730206976,ALA,D1 Southeastern Conference,343,NE,385542789,2020-02-14 13:00:00,2,2,0,1,1917106969,C. Prielipp,L,FA,R,-0.401082592188,1.58853921277,15.7154615353,-12.0026216894,5.62325049215,SL,IP_OUT,-0.296005100636,6.2836143235,92.034616918,2166.41556554,142.685125374,-0.15
1717,2020,730206976,ALA,D1 Southeastern Conference,343,NE,385542789,2020-02-14 13:00:00,2,0,0,2,1917106969,C. Prielipp,L,FA,L,-0.645942859125,2.3117121939,12.4339103669,-10.1026436659,5.62899295993,IP,FC,0.0161236441796,6.12765496061,92.3717773563,2099.42066984,140.976105007,-0.21
1718,2020,730206976,ALA,D1 Southeastern Conference,343,NE,385542789,2020-02-14 13:00:00,3,0,0,0,1917106969,C. Prielipp,L,FA,R,0.719830842915,3.65534587531,15.9017669105,-12.2454786337,5.56394349513,B,S,0.0808368608045,6.24653708411,91.0042536313,2051.62979459,142.457675779,0.13
1719,2020,730206976,ALA,D1 Southeastern Conference,343,NE,385542789,2020-02-14 13:00:00,3,1,0,0,1917106969,C. Prielipp,L,FA,R,-0.356366857205,2.81444450239,19.5109016815,-5.61897781046,5.72598098438,SL,S,-0.057492280344,6.29202978769,91.239596561,1880.6146242,163.959126935,-0.15
1720,2020,730206976,ALA,D1 Southeastern Conference,343,NE,385542789,2020-02-14 13:00:00,3,1,1,0,1917106969,C. Prielipp,L,FA,R,2.35824882706,2.50703576369,13.1042423373,-13.8796770298,5.61953102694,B,S,0.074378232522,6.31307816349,91.2898006603,2034.63462098,133.424191526,0.13
1721,2020,730206976,ALA,D1 Southeastern Conference,343,NE,385542789,2020-02-14 13:00:00,3,2,1,0,1917106969,C. Prielipp,L,FA,R,-1.39148559241,2.69333164252,13.2865017671,-5.37112947114,5.80574544433,B,S,-0.0904059776439,6.26213780389,91.1310494025,1931.47972281,158.03678179,0.13
1722,2020,730206976,ALA,D1 Southeastern Conference,343,NE,385542789,2020-02-14 13:00:00,3,3,1,0,1917106969,C. Prielipp,L,FA,R,-0.156018986215,2.83418001772,13.8438978239,-7.83662534437,5.76329532828,IP,S,-0.199860295219,6.20355926339,91.8393638633,1941.76073489,150.543394782,1.0
1723,2020,730206976,ALA,D1 Southeastern Conference,343,NE,385542789,2020-02-14 13:00:00,3,0,0,0,1917106969,C. Prielipp,L,FA,L,-0.995619576499,2.81491636967,14.9106765792,-10.3489883791,5.7929067165,F,K,0.145563939307,6.08040349022,91.2865936699,1971.41606036,145.294108056,-0.15
1724,2020,730206976,ALA,D1 Southeastern Conference,343,NE,385542789,2020-02-14 13:00:00,3,0,1,0,1917106969,C. Prielipp,L,SL,L,-0.569481590106,4.97473803324,4.86586233748,3.16761032636,6.03727427623,B,K,-0.261680927043,6.32847674422,84.6554493939,2535.52855669,212.86905539,0.13
1725,2020,730206976,ALA,D1 Southeastern Conference,343,NE,385542789,2020-02-14 13:00:00,3,1,1,0,1917106969,C. Prielipp,L,SL,L,-0.783018575985,2.3068349313,4.00499331988,3.89219888489,5.60388180394,SS,K,-0.422893098053,6.43476461765,82.7734400289,2811.28386132,223.908729266,-0.15
1726,2020,730206976,ALA,D1 Southeastern Conference,343,NE,385542789,2020-02-14 13:00:00,3,1,2,0,1917106969,C. Prielipp,L,FC,L,-1.86454812656,3.79520388533,-0.349487413387,7.93070677222,5.51763416945,B,K,-0.413894719072,6.34937379223,83.310557295,2823.60386386,272.24938098,0.13
1727,2020,730206976,ALA,D1 Southeastern Conference,343,NE,385542789,2020-02-14 13:00:00,3,2,2,0,1917106969,C. Prielipp,L,FA,L,-0.654662905865,2.56998667093,19.5123215469,-9.84706527934,5.8253215088,SS,K,-0.341212892041,6.2889046362,92.2403162851,2194.25527362,153.258444341,-0.15
1728,2020,730206976,ALA,D1 Southeastern Conference,343,NE,385542789,2020-02-14 13:00:00,3,0,0,1,1917106969,C. Prielipp,L,FA,R,-0.0825850184156,3.01643423675,5.04942989372,0.692585707369,6.0757100946,SL,K,-0.246915218737,6.23604165682,83.2294726265,2521.33745504,187.753208948,-0.15
1729,2020,730206976,ALA,D1 Southeastern Conference,343,NE,385542789,2020-02-14 13:00:00,3,0,1,1,1917106969,C. Prielipp,L,FA,R,0.349758529098,3.23354685141,20.8420287152,-9.31057574053,5.82029179943,F,K,-0.227457481193,6.23835812939,92.7225441092,2016.28669577,155.959989701,-0.15
1730,2020,730206976,ALA,D1 Southeastern Conference,343,NE,385542789,2020-02-14 13:00:00,3,0,2,1,1917106969,C. Prielipp,L,FC,R,0.100139326547,2.52671306756,1.43063075064,4.53586658021,5.78038867,F,K,-0.253368197172,6.34822632223,83.9669469496,2676.43569288,252.06542566,0.0
1731,2020,730206976,ALA,D1 Southeastern Conference,343,NE,385542789,2020-02-14 13:00:00,3,0,2,1,1917106969,C. Prielipp,L,FA,R,-0.222727320669,3.22855065258,17.7208765829,-8.06106501638,5.80000870283,SS,K,0.0424692274689,6.19866826397,92.352874193,2125.12154835,155.577566058,-0.15
1732,2020,730206976,ALA,D1 Southeastern Conference,343,NE,385542789,2020-02-14 13:00:00,3,0,0,2,1917106969,C. Prielipp,L,FA,R,0.903305787048,2.69728629381,17.7839762803,-7.83429800048,5.78354703765,SL,FC,0.22866235505,6.11582881521,92.538087918,2091.40010257,156.262203186,-0.15
1733,2020,730206976,ALA,D1 Southeastern Conference,343,NE,385542789,2020-02-14 13:00:00,3,0,1,2,1917106969,C. Prielipp,L,FA,R,2.62714575586,4.25226769878,16.0762660258,-12.3405869212,5.70052993108,B,FC,-0.115128958482,6.1976670382,92.4577921458,2048.63555978,142.543130358,0.13
1734,2020,730206976,ALA,D1 Southeastern Conference,343,NE,385542789,2020-02-14 13:00:00,3,1,1,2,1917106969,C. Prielipp,L,SL,R,0.394800636709,1.81383319418,3.39251724523,1.80828713512,5.72866802519,IP,FC,-0.221693892568,6.22157520163,84.982503558,2563.10372438,207.801107131,-0.21
1735,2020,730206976,ALA,D1 Southeastern Conference,343,NE,385542789,2020-02-14 13:00:00,4,1,0,0,1917106969,C. Prielipp,L,FA,R,1.20413790505,1.39866767936,18.6582694966,-12.9925549583,5.84151335365,B,BB,0.0257270140912,6.18800820506,91.9059116665,2137.16417787,145.193701619,0.13
1736,2020,730206976,ALA,D1 Southeastern Conference,343,NE,385542789,2020-02-14 13:00:00,4,2,0,0,1917106969,C. Prielipp,L,FA,R,0.694657210563,3.38187397993,19.4744883835,-11.5127630439,5.82099657461,B,BB,0.0176756612466,6.20323220445,91.4815940437,2183.82503337,149.450126856,0.13
1737,2020,730206976,ALA,D1 Southeastern Conference,343,NE,385542789,2020-02-14 13:00:00,4,3,0,0,1917106969,C. Prielipp,L,FA,R,0.919862906208,2.20657514187,17.4663851856,-10.2316264985,5.85780343445,SL,BB,-0.104710841509,6.21811298069,91.3669800482,2068.22297103,149.683917332,-0.15
1738,2020,730206976,ALA,D1 Southeastern Conference,343,NE,385542789,2020-02-14 13:00:00,4,3,1,0,1917106969,C. Prielipp,L,FA,R,-1.31599394836,1.95041066137,12.7622969979,-11.8792520403,5.94963385328,B,BB,0.035111898989,6.11278252103,91.6454735034,2005.36756376,137.122228511,0.8
1739,2020,730206976,ALA,D1 Southeastern Conference,343,NE,385542789,2020-02-14 13:00:00,4,0,0,0,1917106969,C. Prielipp,L,FA,R,1.56671790038,3.60857145047,17.6926521764,-10.4421394892,5.79059291597,B,K,0.143239191595,6.08781777885,91.0262729059,2061.36642658,149.496227341,0.13
1740,2020,730206976,ALA,D1 Southeastern Conference,343,NE,385542789,2020-02-14 13:00:00,4,1,0,0,1917106969,C. Prielipp,L,FA,R,-0.0308178766598,3.97203037081,20.6484287098,-12.3268412042,5.73182650377,B,K,-0.049740129417,6.15253311886,91.8306955771,2172.29583746,149.201717202,0.13
1741,2020,730206976,ALA,D1 Southeastern Conference,343,NE,385542789,2020-02-14 13:00:00,4,2,0,0,1917106969,C. Prielipp,L,FA,R,-0.880334345883,1.50885507804,14.5203749023,-10.5061698861,5.8527719847,SL,K,-0.0485393921739,6.13156230912,92.2472529065,2132.18168609,144.170549626,-0.15
1742,2020,730206976,ALA,D1 Southeastern Conference,343,NE,385542789,2020-02-14 13:00:00,4,2,1,0,1917106969,C. Prielipp,L,FA,R,0.991613524353,2.27636281084,15.6296739371,-13.9498590025,5.93500732591,SS,K,0.266244710835,6.11606216798,92.2858260966,2132.25366218,138.306549438,-0.15
1743,2020,730206976,ALA,D1 Southeastern Conference,343,NE,385542789,2020-02-14 13:00:00,4,2,2,0,1917106969,C. Prielipp,L,FA,R,-0.921884539527,1.57470572706,20.10803233,-11.0413122391,5.92855504054,SL,K,-0.178458851183,6.18602250231,93.1597069388,2230.07829863,151.26520118,-0.15
1744,2020,730206976,ALA,D1 Southeastern Conference,343,NE,385542789,2020-02-14 13:00:00,4,0,0,1,1917106969,C. Prielipp,L,FA,L,-1.46475326997,2.06311014632,16.5216219039,-13.3483038206,5.92009738275,SL,BB,0.0309615866743,6.09283346844,92.8371861372,2215.51719167,141.116009891,-0.15
1745,2020,730206976,ALA,D1 Southeastern Conference,343,NE,385542789,2020-02-14 13:00:00,4,0,1,1,1917106969,C. Prielipp,L,SI,L,-0.269949415048,0.926483107448,-0.527525307714,2.19646831449,5.68698336292,SS,BB,-0.409957751078,6.27942324136,83.6799096546,2641.74628382,282.572959977,-0.15
1746,2020,730206976,ALA,D1 Southeastern Conference,343,NE,385542789,2020-02-14 13:00:00,4,0,2,1,1917106969,C. Prielipp,L,SI,L,-0.980083278543,-0.763852297385,-4.59391494962,7.72748467891,5.71072139261,B,BB,-0.21211523548,6.24673737279,83.2295613091,2823.91570288,300.521517105,0.13
1747,2020,730206976,ALA,D1 Southeastern Conference,343,NE,385542789,2020-02-14 13:00:00,4,1,2,1,1917106969,C. Prielipp,L,CU,L,-3.23250056096,0.0884950352599,0.980618969455,2.04049125503,5.87016085578,B,BB,-0.40808250964,6.29885134523,84.3902455377,2737.34711651,243.494664798,0.13
1748,2020,730206976,ALA,D1 Southeastern Conference,343,NE,385542789,2020-02-14 13:00:00,4,2,2,1,1917106969,C. Prielipp,L,FA,L,-1.83175722888,1.93603432195,19.2104738918,-11.3501821782,6.02039410625,B,BB,-0.0974750259809,6.13895987281,92.9215220097,2185.30656398,149.463734879,0.13
1749,2020,730206976,ALA,D1 Southeastern Conference,343,NE,385542789,2020-02-14 13:00:00,4,3,2,1,1917106969,C. Prielipp,L,FC,L,0.310360478787,3.97801932517,1.57895920597,7.20990539605,5.79477307801,B,BB,-0.132720842215,6.20402346518,83.7807858911,2772.53282022,257.365176057,0.8
1750,2020,730206976,ALA,D1 Southeastern Conference,343,NE,385542789,2020-02-14 13:00:00,4,0,0,1,1917106969,C. Prielipp,L,FA,R,1.49792440051,2.00059114147,17.0982315807,-16.8376172361,5.91374643344,B,BB,0.110572206688,6.1147156875,92.4913644397,2300.76952448,135.491797197,0.13
1751,2020,730206976,ALA,D1 Southeastern Conference,343,NE,385542789,2020-02-14 13:00:00,4,1,0,1,1917106969,C. Prielipp,L,FA,R,0.00563635122576,2.22118241412,20.6159787794,-10.2653387028,5.92504073411,F,BB,-0.053414130625,6.14077374302,91.9232273034,2220.96473775,153.564347401,-0.15
1752,2020,730206976,ALA,D1 Southeastern Conference,343,NE,385542789,2020-02-14 13:00:00,4,1,1,1,1917106969,C. Prielipp,L,CH,R,0.370989191024,2.6677855126,-0.402173771952,5.17634777963,5.83815217307,SL,BB,-0.244216240283,6.25520532656,83.4813655847,2713.51205299,274.032450379,-0.15
1753,2020,730206976,ALA,D1 Southeastern Conference,343,NE,385542789,2020-02-14 13:00:00,4,1,2,1,1917106969,C. Prielipp,L,CU,R,1.25273030648,3.67030453487,18.8143556898,-12.5159873903,5.95250619568,B,BB,0.189137457326,6.13475366402,93.2524877593,2088.20259437,146.409330523,0.13
1754,2020,730206976,ALA,D1 Southeastern Conference,343,NE,385542789,2020-02-14 13:00:00,4,2,2,1,1917106969,C. Prielipp,L,FC,R,0.827062865892,3.34238389028,1.65632428885,4.51310141103,5.76261917279,B,BB,-0.218482918734,6.23193819541,83.6361416965,2678.33964452,249.426799989,0.13
1755,2020,730206976,ALA,D1 Southeastern Conference,343,NE,385542789,2020-02-14 13:00:00,4,3,2,1,1917106969,C. Prielipp,L,FA,R,-1.15237200626,0.805455458138,15.1177563399,-14.0239721863,5.95853243859,B,BB,-0.104940486078,6.09101623117,94.0685092894,2267.5832168,137.205865861,0.8
1756,2020,730206976,ALA,D1 Southeastern Conference,343,NE,385542789,2020-02-14 13:00:00,4,0,0,1,1917106969,C. Prielipp,L,FA,L,-0.925028091765,1.48288029335,21.5574506569,-10.7243087114,5.92519765155,SL,K,-0.156363849307,6.2558399664,92.8159921686,2204.74565297,153.583302623,-0.15
1757,2020,730206976,ALA,D1 Southeastern Conference,343,NE,385542789,2020-02-14 13:00:00,4,0,1,1,1917106969,C. Prielipp,L,FA,L,-0.415665057048,3.01635876396,21.3339288075,-9.90165948175,5.95999617568,SS,K,-0.202354492426,6.13863523911,93.5622392965,2271.03443145,155.133565079,-0.15
1758,2020,730206976,ALA,D1 Southeastern Conference,343,NE,385542789,2020-02-14 13:00:00,4,0,2,1,1917106969,C. Prielipp,L,FA,L,-1.36574176436,2.64242578144,12.9760298211,-14.5943086521,5.9961474887,SL,K,-0.220878338782,6.09161262254,94.0799400374,2264.35251972,131.705642458,-0.15
1759,2020,730206976,ALA,D1 Southeastern Conference,343,NE,385542789,2020-02-14 13:00:00,4,0,0,2,1917106969,C. Prielipp,L,FA,R,0.453759576423,2.29706353815,20.9087561524,-12.5365861547,5.93028058346,SS,IP_OUT,0.0101137402129,6.08285167941,93.456099118,2184.58711157,149.090497449,-0.15
1760,2020,730206976,ALA,D1 Southeastern Conference,343,NE,385542789,2020-02-14 13:00:00,4,0,1,2,1917106969,C. Prielipp,L,FA,R,1.17724384937,1.51699128885,16.8475445135,-16.8163168832,5.92261706933,B,IP_OUT,0.114224363561,6.06872926771,92.841086518,2280.18276116,135.105662755,0.13
1761,2020,730206976,ALA,D1 Southeastern Conference,343,NE,385542789,2020-02-14 13:00:00,4,1,1,2,1917106969,C. Prielipp,L,FA,R,0.0119860088755,1.85565254551,15.8515444042,-14.6613095003,5.88835862325,F,IP_OUT,-0.0960602425984,6.11847151273,93.3443977504,2255.26792876,137.288480195,-0.15
1762,2020,730206976,ALA,D1 Southeastern Conference,343,NE,385542789,2020-02-14 13:00:00,5,0,0,0,1708901007,T. Ras,R,FA,L,-0.898817946697,1.69271606091,14.1609332553,7.59040041746,6.39980005897,F,IP_OUT,-2.91819244516,6.09379702421,90.2676667716,2288.99383739,208.138007251,-0.15
1763,2020,730206976,ALA,D1 Southeastern Conference,343,NE,385542789,2020-02-14 13:00:00,5,0,1,0,1708901007,T. Ras,R,FA,L,-1.31000952481,3.2017041644,16.4859006746,-2.69727593246,6.40894629807,SL,IP_OUT,-3.11651206125,6.12861801812,90.1221689789,2312.42685286,170.725650653,-0.15
1764,2020,730206976,ALA,D1 Southeastern Conference,343,NE,385542789,2020-02-14 13:00:00,5,0,2,0,1708901007,T. Ras,R,FA,L,-2.02793849136,4.47877636972,16.132766948,10.4728772982,6.11258083596,B,IP_OUT,-3.07051580748,6.21463321166,90.0489876339,2290.00530988,212.9382217,0.13
1765,2020,730206976,ALA,D1 Southeastern Conference,343,NE,385542789,2020-02-14 13:00:00,5,0,0,1,1708901007,T. Ras,R,FA,R,1.19876516078,1.96488423888,16.95667566,0.0501139505184,6.4010845791,B,BB,-2.83534839897,6.08963030648,91.9730996475,2319.99031319,180.169026947,0.13
1766,2020,730206976,ALA,D1 Southeastern Conference,343,NE,385542789,2020-02-14 13:00:00,5,1,0,1,1708901007,T. Ras,R,FA,R,0.258449647243,3.39763118755,14.748335022,-0.0305477853373,6.36536652791,B,BB,-2.98041351361,6.021880467,91.2476533414,2283.92150865,179.881573764,0.13
1767,2020,730206976,ALA,D1 Southeastern Conference,343,NE,385542789,2020-02-14 13:00:00,5,2,0,1,1708901007,T. Ras,R,FA,R,0.635990423647,0.256116152305,15.6488152541,-0.183227972925,6.46621729389,B,BB,-2.83524539527,6.07946321173,89.5454075107,2184.09812187,179.330547365,0.13
1768,2020,730206976,ALA,D1 Southeastern Conference,343,NE,385542789,2020-02-14 13:00:00,5,3,0,1,1708901007,T. Ras,R,FA,R,0.924851954404,1.27223902632,17.4874620884,0.0354756481929,6.37756682244,B,BB,-2.67067866194,6.14226051592,90.1706148583,2261.83342039,180.116019292,0.8
1769,2020,730206976,ALA,D1 Southeastern Conference,343,NE,385542789,2020-02-14 13:00:00,5,0,0,1,1708901007,T. Ras,R,CU,R,0.801245046169,1.59355354475,-12.7396478513,-5.05486401366,5.15408433555,B,K,-2.82759700976,5.98184587723,72.8298292008,1968.29126434,21.7219896844,0.13
1770,2020,730206976,ALA,D1 Southeastern Conference,343,NE,385542789,2020-02-14 13:00:00,5,1,0,1,1708901007,T. Ras,R,FA,R,0.62390709982,2.30316548731,15.5479898503,-2.85587555759,6.10191469371,SL,K,-2.93986027853,6.094877141,88.4136491663,2280.35039702,169.613796952,-0.15
1771,2020,730206976,ALA,D1 Southeastern Conference,343,NE,385542789,2020-02-14 13:00:00,5,1,1,1,1708901007,T. Ras,R,CU,R,0.703410149564,2.18419265469,17.3581089865,5.9407870632,6.14108318709,SL,K,-2.8966882899,6.09601153253,89.6139817156,2264.68291409,198.860591216,-0.15
1772,2020,730206976,ALA,D1 Southeastern Conference,343,NE,385542789,2020-02-14 13:00:00,5,1,2,1,1708901007,T. Ras,R,FA,R,1.10245813746,3.03825152985,17.2834982481,-0.250154967937,6.59486964097,B,K,-2.8394384649,6.06841726133,91.3046767394,2339.87337622,179.172266469,0.13
1773,2020,730206976,ALA,D1 Southeastern Conference,343,NE,385542789,2020-02-14 13:00:00,5,2,2,1,1708901007,T. Ras,R,FA,R,0.324396830066,2.361306485,18.555670119,6.61754039916,6.17380297792,SS,K,-2.96268650867,6.08543242901,91.2079186543,2268.92251128,199.597133017,-0.15
1774,2020,730206976,ALA,D1 Southeastern Conference,343,NE,385542789,2020-02-14 13:00:00,5,0,0,2,1708901007,T. Ras,R,CU,R,1.02002140856,2.47342193861,-12.2747650079,-5.79700563902,5.42372162189,SL,S,-2.80345486675,6.02271554347,74.4172189463,1957.66032193,25.3686834536,-0.15
1775,2020,730206976,ALA,D1 Southeastern Conference,343,NE,385542789,2020-02-14 13:00:00,5,0,1,2,1708901007,T. Ras,R,CH,R,-0.772852385938,2.1297560899,0.641791317563,-11.2484563101,5.85966426126,SL,S,-3.1272495872,5.95328559381,79.6248542665,2088.31644189,93.4770486192,-0.15
1776,2020,730206976,ALA,D1 Southeastern Conference,343,NE,385542789,2020-02-14 13:00:00,5,0,2,2,1708901007,T. Ras,R,FA,R,1.49068985628,2.24215826813,17.7631491783,2.10560644704,6.71258778333,B,S,-2.87927638065,6.08946748354,91.9091868298,2322.51469332,186.748739188,0.13
1777,2020,730206976,ALA,D1 Southeastern Conference,343,NE,385542789,2020-02-14 13:00:00,5,1,2,2,1708901007,T. Ras,R,FA,R,-1.34642500549,3.24247225804,19.8498974955,-1.15298063481,6.44344921557,F,S,-2.72886207115,6.27445114572,92.3828652668,2334.95636193,176.680758256,0.0
1778,2020,730206976,ALA,D1 Southeastern Conference,343,NE,385542789,2020-02-14 13:00:00,5,1,2,2,1708901007,T. Ras,R,FA,R,0.756275242421,3.47054093972,16.4340559637,3.57940274605,6.54359811268,B,S,-2.86667199933,6.14958089125,91.324797926,2237.53571225,192.264865189,0.13
1779,2020,730206976,ALA,D1 Southeastern Conference,343,NE,385542789,2020-02-14 13:00:00,5,2,2,2,1708901007,T. Ras,R,FA,R,0.25652433701,1.02035121358,19.5684041822,2.5448507156,6.29819921756,B,S,-2.87348234351,6.14746116267,92.2105191294,2266.70927543,187.398099093,0.13
1780,2020,730206976,ALA,D1 Southeastern Conference,343,NE,385542789,2020-02-14 13:00:00,5,3,2,2,1708901007,T. Ras,R,FA,R,-0.717611258565,1.64674530851,17.5375769887,3.36923292231,6.61310463785,IP,S,-2.84338347265,6.11501162309,90.7126179515,2159.79847469,190.855966202,1.0
1781,2020,730206976,ALA,D1 Southeastern Conference,343,NE,385542789,2020-02-14 13:00:00,5,0,0,2,1708901007,T. Ras,R,CH,R,0.230064669892,4.33661671306,-12.4515265591,-3.91944543156,5.41836447499,B,K,-2.57004690891,5.97229571033,73.2778350138,1916.76440601,17.5398833086,0.13
1782,2020,730206976,ALA,D1 Southeastern Conference,343,NE,385542789,2020-02-14 13:00:00,5,1,0,2,1708901007,T. Ras,R,FA,R,-0.624392790465,2.88527398229,17.9948318464,5.99703346809,6.42778114399,F,K,-2.87355448579,6.03800541835,91.3079974483,2343.1680401,198.401562122,-0.15
1783,2020,730206976,ALA,D1 Southeastern Conference,343,NE,385542789,2020-02-14 13:00:00,5,1,1,2,1708901007,T. Ras,R,FA,R,-0.340163450656,1.82250511997,17.4652050106,2.47621247479,6.39989234641,F,K,-2.98612520584,6.02501826049,90.7941511578,2271.38748081,188.055441243,-0.15
1784,2020,730206976,ALA,D1 Southeastern Conference,343,NE,385542789,2020-02-14 13:00:00,5,1,2,2,1708901007,T. Ras,R,FA,R,-0.356473452043,2.58229312546,-2.34638148666,-4.27079299055,6.03565769879,SS,K,-3.05105839513,5.89187788492,79.0886356314,1930.58869702,61.6478852373,-0.15
1785,2020,730206976,ALA,D1 Southeastern Conference,343,NE,385542789,2020-02-14 13:00:00,6,1,0,0,1708901007,T. Ras,R,FA,L,0.0891600989428,2.23698470147,18.0459666237,0.144077570712,6.33035006892,SS,BB,-3.05548964814,6.06037086483,87.6668056583,2148.25145034,180.456583667,-0.15
1786,2020,730206976,ALA,D1 Southeastern Conference,343,NE,385542789,2020-02-14 13:00:00,6,1,1,0,1708901007,T. Ras,R,FA,L,0.388746178042,0.546720478574,9.63867613643,11.3948417184,6.4414992979,B,BB,-3.57803995038,5.61414893629,80.9901826084,1809.82817605,229.656678929,0.13
1787,2020,730206976,ALA,D1 Southeastern Conference,343,NE,385542789,2020-02-14 13:00:00,6,2,1,0,1708901007,T. Ras,R,FA,L,-1.23423779577,3.63585137287,16.5731895216,1.33073002876,6.4235856547,B,BB,-3.02719903439,6.10162579326,87.1266756165,2099.51133156,184.58140453,0.13
1788,2020,730206976,ALA,D1 Southeastern Conference,343,NE,385542789,2020-02-14 13:00:00,6,3,1,0,1708901007,T. Ras,R,FA,L,-1.01226270468,3.10508404263,20.0217112031,4.15184579137,6.21322000549,SL,BB,-3.03558612829,6.0708227041,89.1215823028,2289.86060274,191.696645385,-0.15
1789,2020,730206976,ALA,D1 Southeastern Conference,343,NE,385542789,2020-02-14 13:00:00,6,3,2,0,1708901007,T. Ras,R,FA,L,-0.903344978323,3.08340648912,19.8200987503,5.58232695617,6.51676094084,F,BB,-2.92089725017,6.0391849801,89.8013143013,2292.10773151,195.705859836,0.0
1790,2020,730206976,ALA,D1 Southeastern Conference,343,NE,385542789,2020-02-14 13:00:00,6,3,2,0,1708901007,T. Ras,R,FA,L,-1.08911190924,2.78486851584,17.3262683802,2.70381774103,6.50410983337,F,BB,-3.1681009574,6.0451382969,89.9748417829,2278.17013879,188.853671908,0.0
1791,2020,730206976,ALA,D1 Southeastern Conference,343,NE,385542789,2020-02-14 13:00:00,6,3,2,0,1708901007,T. Ras,R,FA,L,-1.70236116352,2.25193677099,16.2540406778,3.23365931961,6.49667317118,B,BB,-2.9499593288,6.07785232282,91.529000205,2316.5614538,191.231230388,0.8
1792,2020,730206976,ALA,D1 Southeastern Conference,343,NE,385542789,2020-02-14 13:00:00,6,0,0,0,1708901007,T. Ras,R,CH,R,-1.22568391348,4.18151439817,-6.16564883936,-5.31005905509,5.56816724286,B,DP,-2.93659782123,6.07830181999,73.2374151523,1861.3987991,40.9636420236,0.13
1793,2020,730206976,ALA,D1 Southeastern Conference,343,NE,385542789,2020-02-14 13:00:00,6,1,0,0,1708901007,T. Ras,R,FA,R,0.264571528983,1.41543892542,15.7376650622,2.89629540809,6.527444833,IP,DP,-3.0733248155,5.95889339447,88.4846488595,2198.31143383,190.406700738,-0.21
1794,2020,730206976,ALA,D1 Southeastern Conference,343,NE,385542789,2020-02-14 13:00:00,6,0,0,2,1708901007,T. Ras,R,FA,L,-0.235016848895,2.97239570275,17.1716080103,3.43876267019,6.15068655713,F,IP_OUT,-2.85802702614,6.24052824198,91.1996342459,2301.74963221,191.304165298,-0.15
1795,2020,730206976,ALA,D1 Southeastern Conference,343,NE,385542789,2020-02-14 13:00:00,6,0,1,2,1708901007,T. Ras,R,CU,L,-1.28209609481,1.50655040997,9.62741501102,11.9494104255,6.38183000818,SS,IP_OUT,-3.6619868923,5.59701158378,81.9421838192,1910.14191651,231.027946076,-0.15
1796,2020,730206976,ALA,D1 Southeastern Conference,343,NE,385542789,2020-02-14 13:00:00,6,0,2,2,1708901007,T. Ras,R,FA,L,-0.332569309633,3.48769485229,16.9877213191,1.2040029977,6.43655399179,F,IP_OUT,-2.91498674815,6.12123223812,91.3320441683,2346.77302676,184.046616456,0.0
1797,2020,730206976,ALA,D1 Southeastern Conference,343,NE,385542789,2020-02-14 13:00:00,7,0,1,0,1708901007,T. Ras,R,FA,R,-0.0486452885116,1.07494385703,17.3874088358,3.92108533563,6.57240487251,F,IP_OUT,-3.06783245806,6.01322012871,88.5135784034,2157.78904584,192.685173146,-0.15
1798,2020,730206976,ALA,D1 Southeastern Conference,343,NE,385542789,2020-02-14 13:00:00,7,0,2,0,1708901007,T. Ras,R,SI,R,0.995795791434,0.527820253798,-6.71634318761,-9.71319069155,5.56516303499,B,IP_OUT,-3.1011607224,5.82044039645,77.3896401283,2058.64768872,55.5178897886,0.13
1799,2020,730206976,ALA,D1 Southeastern Conference,343,NE,385542789,2020-02-14 13:00:00,7,0,0,1,1708901007,T. Ras,R,FA,L,-1.39365185503,2.49482054083,23.1120105234,4.9721063643,6.38701152263,F,IP_OUT,-2.88563727569,6.28004547579,89.2542672637,2278.54485681,192.124301841,-0.15
1800,2020,730206976,ALA,D1 Southeastern Conference,343,NE,385542789,2020-02-14 13:00:00,7,0,0,2,1708901007,T. Ras,R,SI,R,0.384366693333,2.43691718058,-7.82442802475,-3.38044379608,5.65033425437,SL,IP_OUT,-2.81769385,5.98258893657,73.4195240286,1862.22565825,23.4982054329,-0.15
1801,2020,730206976,ALA,D1 Southeastern Conference,343,NE,385542789,2020-02-14 13:00:00,7,0,1,2,1708901007,T. Ras,R,FA,R,0.627178162269,2.01064300554,14.5962460179,-0.0884715053072,6.58604386798,SS,IP_OUT,-2.86077241441,6.08123436817,89.2941181288,2225.41488466,179.653482815,-0.15
1802,2020,730206976,ALA,D1 Southeastern Conference,343,NE,385542789,2020-02-14 13:00:00,8,0,0,0,1547543212,L. Green,R,FA,R,2.08863717601,2.70113229776,19.5345219779,5.20499037774,6.75342171494,B,BB,-3.42326413777,5.46630782972,92.4209356499,2248.86308956,194.897750339,0.13
1803,2020,730206976,ALA,D1 Southeastern Conference,343,NE,385542789,2020-02-14 13:00:00,8,1,0,0,1547543212,L. Green,R,FA,R,1.19299708289,1.76012156582,21.0133568952,7.60265466818,6.47729557208,B,BB,-3.68772249623,5.29330862703,94.7050782516,2327.75173297,199.864496448,0.13
1804,2020,730206976,ALA,D1 Southeastern Conference,343,NE,385542789,2020-02-14 13:00:00,8,2,0,0,1547543212,L. Green,R,FA,R,-0.730685438151,1.5917426768,16.7360096454,13.6457266813,6.61259591188,F,BB,-3.57072463961,5.41879725101,92.8677386681,2320.41947137,219.141555245,-0.15
1805,2020,730206976,ALA,D1 Southeastern Conference,343,NE,385542789,2020-02-14 13:00:00,8,2,1,0,1547543212,L. Green,R,FA,R,1.07454429243,2.58160173981,20.4362439262,6.33963329565,6.63324287921,SL,BB,-3.40221184669,5.43469089142,93.2024001378,2353.58600466,197.210859065,-0.15
1806,2020,730206976,ALA,D1 Southeastern Conference,343,NE,385542789,2020-02-14 13:00:00,8,2,2,0,1547543212,L. Green,R,SI,R,0.0187810131732,3.8318920376,20.8439278329,4.17822686819,6.46715524956,B,BB,-3.17733067578,5.58876876536,94.0354686915,2190.70267641,191.319192338,0.13
1807,2020,730206976,ALA,D1 Southeastern Conference,343,NE,385542789,2020-02-14 13:00:00,8,3,2,0,1547543212,L. Green,R,FA,R,1.45789176878,1.35400815987,18.7036513821,6.79422721835,6.89799286671,B,BB,-3.4478271666,5.44215663773,93.0991848038,2250.63240104,199.934801927,0.8
1808,2020,730206976,ALA,D1 Southeastern Conference,343,NE,385542789,2020-02-14 13:00:00,8,0,0,0,1547543212,L. Green,R,FA,R,1.85064724538,1.29264097663,20.1861094415,5.98449686797,6.75556116369,B,S,-3.37508869461,5.5350681472,92.8897398871,2319.17026849,196.490007874,0.13
1809,2020,730206976,ALA,D1 Southeastern Conference,343,NE,385542789,2020-02-14 13:00:00,8,1,0,0,1547543212,L. Green,R,CU,R,0.579904460477,1.44776374198,-0.713826756906,-11.5345910283,6.07112060897,SL,S,-3.75363454398,5.28211958817,80.3648210521,2444.96441106,86.6631484484,-0.15
1810,2020,730206976,ALA,D1 Southeastern Conference,343,NE,385542789,2020-02-14 13:00:00,8,1,1,0,1547543212,L. Green,R,CU,R,0.0977062449177,3.20424840166,0.868864655217,-11.811820586,6.04549740521,B,S,-3.70645140761,5.37419879963,81.0581339769,2545.05498081,94.4027068487,0.13
1811,2020,730206976,ALA,D1 Southeastern Conference,343,NE,385542789,2020-02-14 13:00:00,8,2,1,0,1547543212,L. Green,R,FA,R,0.451915109249,2.40754268051,19.6949733838,8.36478894783,6.72004750984,SL,S,-3.66773500837,5.38565928535,92.351177698,2377.46633822,202.980204346,-0.15
1812,2020,730206976,ALA,D1 Southeastern Conference,343,NE,385542789,2020-02-14 13:00:00,8,2,2,0,1547543212,L. Green,R,CU,R,1.39824527625,1.51979511638,1.20081413367,-11.6119908148,6.28580518524,B,S,-3.74289011967,5.22856222119,80.7427437029,2546.30804484,96.1012902555,0.13
1813,2020,730206976,ALA,D1 Southeastern Conference,343,NE,385542789,2020-02-14 13:00:00,8,3,2,0,1547543212,L. Green,R,CU,R,-0.34698395618,2.24849164085,-3.5849530388,-14.4794334434,6.19682172898,IP,S,-3.80949786237,5.15877967167,79.7292688033,2602.17622782,76.2482676071,1.0
1814,2020,730206976,ALA,D1 Southeastern Conference,343,NE,385542789,2020-02-14 13:00:00,8,0,0,0,1547543212,L. Green,R,FA,R,1.8781374709,0.591118247111,18.0544647669,11.5956373183,6.48892791275,B,IP_OUT,-3.5849010672,5.42588552303,92.8195736267,2265.82015061,212.666978795,0.13
1815,2020,730206976,ALA,D1 Southeastern Conference,343,NE,385542789,2020-02-14 13:00:00,8,1,0,0,1547543212,L. Green,R,FA,R,0.437961502889,1.01472410051,17.7518303439,9.78171033727,6.54125549835,SS,IP_OUT,-3.61777355113,5.33095206168,92.2262164514,2168.29326248,208.814217029,-0.15
1816,2020,730206976,ALA,D1 Southeastern Conference,343,NE,385542789,2020-02-14 13:00:00,8,0,0,1,1547543212,L. Green,R,FA,L,0.806218100407,0.844533553404,19.892715125,11.9657294041,6.44877861228,B,S,-3.35847141793,5.52673587515,92.2863843529,2381.46910601,210.988249507,0.13
1817,2020,730206976,ALA,D1 Southeastern Conference,343,NE,385542789,2020-02-14 13:00:00,8,1,0,1,1547543212,L. Green,R,FA,L,0.495594856952,2.08085620689,19.8339314595,10.7892670455,6.40865999072,IP,S,-3.41255646476,5.47277227071,93.0741055006,2357.60102082,208.508583108,1.0
1818,2020,730206976,ALA,D1 Southeastern Conference,343,NE,385542789,2020-02-14 13:00:00,8,0,0,1,1547543212,L. Green,R,CU,R,2.90994913472,1.08716293969,-4.30682321459,-14.6064863201,6.26430785293,B,K,-3.66580615082,5.28835832281,80.8486447678,2547.47496211,73.7194554618,0.13
1819,2020,730206976,ALA,D1 Southeastern Conference,343,NE,385542789,2020-02-14 13:00:00,8,1,0,1,1547543212,L. Green,R,FA,R,0.305133762874,3.78656005629,17.0277227401,12.1985744924,6.36091803656,B,K,-3.57332897684,5.43879893321,92.2602378481,2357.25067668,215.568720203,0.13
1820,2020,730206976,ALA,D1 Southeastern Conference,343,NE,385542789,2020-02-14 13:00:00,8,2,0,1,1547543212,L. Green,R,FA,R,-0.790259324904,1.35945826619,16.2266426883,13.2292564606,6.50483194153,SS,K,-3.60241814387,5.50217731058,91.7111369521,2241.05195439,219.136255225,-0.15
1821,2020,730206976,ALA,D1 Southeastern Conference,343,NE,385542789,2020-02-14 13:00:00,8,2,1,1,1547543212,L. Green,R,FA,R,0.902964839341,2.38901805867,18.1572812294,8.41408856987,6.55480011426,F,K,-3.48737654558,5.50845825624,92.1319703321,2308.47803453,204.825678857,-0.15
1822,2020,730206976,ALA,D1 Southeastern Conference,343,NE,385542789,2020-02-14 13:00:00,8,2,2,1,1547543212,L. Green,R,FA,R,1.00548756123,2.68423973742,20.7762161584,10.0881371105,6.51490924394,SL,K,-3.39996301352,5.49300500166,91.5973455342,2312.77485091,205.865301611,-0.15
1823,2020,730206976,ALA,D1 Southeastern Conference,343,NE,385542789,2020-02-14 13:00:00,8,0,0,2,1547543212,L. Green,R,FA,L,0.41831262196,1.83291710994,18.7495032173,10.0878065098,6.36708833312,F,IP_OUT,-3.56163000878,5.4559187701,92.0793668945,2250.21669802,208.241824688,-0.15
1824,2020,730206976,ALA,D1 Southeastern Conference,343,NE,385542789,2020-02-14 13:00:00,8,0,1,2,1547543212,L. Green,R,FA,L,-1.44308553167,2.82118887861,16.6873024095,8.3797226697,6.47810869109,F,IP_OUT,-3.46557380332,5.48391097422,92.4597262358,2144.49393811,206.622556565,-0.15
1825,2020,730206976,ALA,D1 Southeastern Conference,343,NE,385542789,2020-02-14 13:00:00,9,0,0,0,1561511186,D. Smith,R,FA,R,1.25033068549,0.998874294587,19.3603737237,6.73020259095,6.09417580774,B,K,-2.79020804534,5.81732504266,90.3816174751,2353.35429625,199.139338855,0.13
1826,2020,730206976,ALA,D1 Southeastern Conference,343,NE,385542789,2020-02-14 13:00:00,9,1,0,0,1561511186,D. Smith,R,FA,R,1.25077217554,0.291784381043,19.8774384755,4.46058148657,6.10442123728,B,K,-2.90068524208,5.66800295002,90.2734713216,2295.46855017,192.628020075,0.13
1827,2020,730206976,ALA,D1 Southeastern Conference,343,NE,385542789,2020-02-14 13:00:00,9,2,0,0,1561511186,D. Smith,R,FA,R,0.106394828743,1.30821183931,18.5193352095,8.50553461073,6.06261808808,B,K,-2.96713490952,5.78813808751,89.4198960341,2415.36633494,204.629839973,0.13
1828,2020,730206976,ALA,D1 Southeastern Conference,343,NE,385542789,2020-02-14 13:00:00,9,3,0,0,1561511186,D. Smith,R,FA,R,0.298511830841,1.05851708271,21.4925709727,3.10609425989,6.02097647133,SL,K,-2.77527556297,5.80107736498,91.2128155639,2417.48139155,188.211474227,-0.15
1829,2020,730206976,ALA,D1 Southeastern Conference,343,NE,385542789,2020-02-14 13:00:00,9,3,1,0,1561511186,D. Smith,R,FA,R,0.161936602128,2.80919937211,20.0581161819,4.22902962923,6.03332261908,F,K,-2.92518604859,5.76777886641,91.0814996697,2386.22281663,191.887604271,-0.15
1830,2020,730206976,ALA,D1 Southeastern Conference,343,NE,385542789,2020-02-14 13:00:00,9,3,2,0,1561511186,D. Smith,R,FA,R,1.31074193588,1.49872832694,20.9625743938,2.1177634092,6.22545437846,SL,K,-2.50955669299,5.94171177574,90.9977019797,2548.87130924,185.760084971,-0.15
1831,2020,730206976,ALA,D1 Southeastern Conference,343,NE,385542789,2020-02-14 13:00:00,9,0,0,1,1561511186,D. Smith,R,FA,L,-0.255301949355,0.864152392145,19.3506473793,4.78627851478,6.07201169803,B,IP_OUT,-2.94671641407,5.74429752749,91.1151993408,2438.63902457,193.870960325,0.13
1832,2020,730206976,ALA,D1 Southeastern Conference,343,NE,385542789,2020-02-14 13:00:00,9,1,0,1,1561511186,D. Smith,R,FA,L,-0.467469030407,2.09901027249,18.6699448876,5.67476520738,6.26254806096,SL,IP_OUT,-2.7416038265,5.76417111238,91.6602733531,2498.03460937,196.880132055,-0.15
1833,2020,730206976,ALA,D1 Southeastern Conference,343,NE,385542789,2020-02-14 13:00:00,9,1,1,1,1561511186,D. Smith,R,FA,L,-0.796801104024,2.73217867508,20.8222753529,4.38144713451,6.06927105949,F,IP_OUT,-2.77404913546,5.91596781674,92.2507055696,2393.58427192,191.86559266,-0.15
1834,2020,730206976,ALA,D1 Southeastern Conference,343,NE,385542789,2020-02-14 13:00:00,9,1,2,1,1561511186,D. Smith,R,FA,L,-1.64450938902,2.78612987951,19.0454012307,7.99336404243,6.26717400007,F,IP_OUT,-3.04087411966,5.720427478,92.2664100777,2467.9349918,202.734593627,0.0
1835,2020,730206976,ALA,D1 Southeastern Conference,343,NE,385542789,2020-02-14 13:00:00,9,1,2,1,1561511186,D. Smith,R,CH,L,-1.52779009901,2.7521232622,-1.61797338492,5.44021256287,6.05992369577,B,IP_OUT,-2.84058023445,5.60139266011,80.264287267,966.296489273,286.162765077,0.13
1836,2020,730206976,ALA,D1 Southeastern Conference,343,NE,385542789,2020-02-14 13:00:00,9,2,2,1,1561511186,D. Smith,R,FA,L,-1.34556924779,2.23434540827,18.3239338665,2.46313283653,6.30745367553,F,IP_OUT,-2.88875150406,5.75933187043,90.6820194025,2425.2298198,187.642835074,0.0
1837,2020,730206976,ALA,D1 Southeastern Conference,343,NE,385542789,2020-02-14 13:00:00,9,2,2,1,1561511186,D. Smith,R,FA,L,1.04296477657,1.3562546993,17.7817271911,4.33074722927,6.29940054909,B,IP_OUT,-2.92452310272,5.74653086648,91.2268046853,2401.67121763,193.664823112,0.13
1838,2020,730206976,ALA,D1 Southeastern Conference,343,NE,385542789,2020-02-14 13:00:00,9,0,0,2,1561511186,D. Smith,R,FA,R,0.921571062433,1.51563379634,18.7009940384,6.75891856746,6.3313855665,SL,IP_OUT,-2.6864077916,5.71749564724,91.7712358515,2418.21574366,199.840806782,-0.15
1839,2020,5362,UK,D1 Southeastern Conference,730229504,UNCW,392440836,2020-03-01 13:00:00,1,0,0,0,1955295373,Z. Lee,R,FA,L,-0.833994719267,2.3082686176,10.3748152799,17.9025053151,5.9231731033,F,K,-2.03356133551,5.10837134598,93.9371394773,2112.88688062,239.835875152,-0.15
1840,2020,5362,UK,D1 Southeastern Conference,730229504,UNCW,392440836,2020-03-01 13:00:00,1,0,1,0,1955295373,Z. Lee,R,FA,L,-0.145202164146,4.00202158616,18.8465822996,14.3813700122,5.96567169876,B,K,-1.77615480797,5.35030592294,94.3524219742,2387.8227092,217.302732242,0.13
1841,2020,5362,UK,D1 Southeastern Conference,730229504,UNCW,392440836,2020-03-01 13:00:00,1,1,1,0,1955295373,Z. Lee,R,FA,L,-0.523677025064,2.88138141446,14.160724766,17.9405184425,6.22919100227,F,K,-1.87478854841,5.18122260313,94.4305523288,2166.95584802,231.657792387,-0.15
1842,2020,5362,UK,D1 Southeastern Conference,730229504,UNCW,392440836,2020-03-01 13:00:00,1,1,2,0,1955295373,Z. Lee,R,FA,L,0.558847734329,2.63328970086,11.8751679426,13.9651228319,5.95142726729,F,K,-1.69074645448,5.28741797014,95.4263730979,2343.25832759,229.555255727,0.0
1843,2020,5362,UK,D1 Southeastern Conference,730229504,UNCW,392440836,2020-03-01 13:00:00,1,1,2,0,1955295373,Z. Lee,R,FA,L,-1.11453038773,2.50768294181,9.3517683245,19.0252693803,5.98235137643,B,K,-1.96203790004,5.11586179105,94.8072810003,2201.52353793,243.753845883,0.13
1844,2020,5362,UK,D1 Southeastern Conference,730229504,UNCW,392440836,2020-03-01 13:00:00,1,2,2,0,1955295373,Z. Lee,R,FA,L,1.02356622167,2.53810972927,12.8239622398,16.4916002866,6.01958651844,SL,K,-1.69669398446,5.50694001615,94.5957799255,2273.33618618,232.068403694,-0.15
1845,2020,5362,UK,D1 Southeastern Conference,730229504,UNCW,392440836,2020-03-01 13:00:00,1,0,0,1,1955295373,Z. Lee,R,FA,R,-0.512512860584,3.33041559601,10.2729473015,16.7218295914,6.1361249842,B,IP_OUT,-1.85018915638,5.21388086126,94.6889613666,2196.31512498,238.364458603,0.13
1846,2020,5362,UK,D1 Southeastern Conference,730229504,UNCW,392440836,2020-03-01 13:00:00,1,0,0,2,1955295373,Z. Lee,R,FA,L,-0.107171563515,2.5560807665,7.55256715273,19.9385861517,5.91980227434,SL,S,-2.01629064749,5.103048557,93.0668971101,2176.89276784,249.178131458,-0.15
1847,2020,5362,UK,D1 Southeastern Conference,730229504,UNCW,392440836,2020-03-01 13:00:00,1,0,1,2,1955295373,Z. Lee,R,FA,L,0.940730901155,2.69951930772,13.4738227255,13.9973076618,6.11636493955,SL,S,-1.88194527946,5.10766113247,94.340824416,2374.64323718,226.029659611,-0.15
1848,2020,5362,UK,D1 Southeastern Conference,730229504,UNCW,392440836,2020-03-01 13:00:00,1,0,2,2,1955295373,Z. Lee,R,FA,L,0.120008033976,3.48737779905,14.5395412385,14.7490718311,6.00611738138,F,S,-1.75736493114,5.39069059743,95.179429571,2371.62995989,225.353404353,0.0
1849,2020,5362,UK,D1 Southeastern Conference,730229504,UNCW,392440836,2020-03-01 13:00:00,1,0,2,2,1955295373,Z. Lee,R,SL,L,-0.406316670998,2.42413075048,-1.04731618109,-1.54035489182,6.14798697763,F,S,-1.95716019191,4.97277405818,84.3730035004,2088.94696466,56.7236098022,0.0
1850,2020,5362,UK,D1 Southeastern Conference,730229504,UNCW,392440836,2020-03-01 13:00:00,1,0,2,2,1955295373,Z. Lee,R,FA,L,1.00462046256,2.16384808277,14.0306116318,13.8799839086,6.07749084681,F,S,-1.64519430942,5.32594016693,94.2995158709,2311.5235225,224.630312869,0.0
1851,2020,5362,UK,D1 Southeastern Conference,730229504,UNCW,392440836,2020-03-01 13:00:00,1,0,2,2,1955295373,Z. Lee,R,CH,L,0.330333847813,0.971236825661,9.13637779662,21.9551454187,6.49348963939,IP,S,-1.99108234264,4.82538448915,87.9596690128,1863.20484039,247.332175161,1.0
1852,2020,5362,UK,D1 Southeastern Conference,730229504,UNCW,392440836,2020-03-01 13:00:00,1,0,0,2,1955295373,Z. Lee,R,FA,R,-0.543386259776,2.49592586582,11.8979406751,17.9224703978,6.10946759988,SS,IP_OUT,-2.08603421513,5.0528409057,91.8086549036,2093.63795747,236.353366267,-0.15
1853,2020,5362,UK,D1 Southeastern Conference,730229504,UNCW,392440836,2020-03-01 13:00:00,2,0,0,0,1955295373,Z. Lee,R,FA,L,-0.110166801721,2.08034629068,7.33227223468,19.1331024693,5.93154494199,IP,S,-2.04721725582,5.12968662477,92.6061895015,2188.72060973,248.952656789,1.0
1854,2020,5362,UK,D1 Southeastern Conference,730229504,UNCW,392440836,2020-03-01 13:00:00,2,0,0,0,1955295373,Z. Lee,R,FA,R,-0.162267725382,2.17342967321,10.3686449837,19.1437778398,6.18937233352,IP,D,-1.93554694803,5.0389140446,90.9518225337,2044.14869312,241.48695936,1.26
1855,2020,5362,UK,D1 Southeastern Conference,730229504,UNCW,392440836,2020-03-01 13:00:00,2,0,0,0,1955295373,Z. Lee,R,SL,L,0.298738098081,2.12376634302,2.48206490473,0.0739835183034,6.01371781936,IP,D,-2.26697213485,4.90411494542,82.9904721448,2096.81830057,181.68188053,1.26
1856,2020,5362,UK,D1 Southeastern Conference,730229504,UNCW,392440836,2020-03-01 13:00:00,2,0,0,0,1955295373,Z. Lee,R,FA,R,-0.654089133303,1.3639177278,5.91946292149,19.9347062394,6.20172646957,SS,S,-2.0167340155,5.0170411253,91.9839047405,1985.8233651,253.381055183,-0.15
1857,2020,5362,UK,D1 Southeastern Conference,730229504,UNCW,392440836,2020-03-01 13:00:00,2,0,1,0,1955295373,Z. Lee,R,SL,R,1.66588523053,-0.130518002116,2.870300388,0.390989840401,6.34176050389,B,S,-2.22457383835,4.64588683008,82.2426091745,1962.25340733,187.655486551,0.13
1858,2020,5362,UK,D1 Southeastern Conference,730229504,UNCW,392440836,2020-03-01 13:00:00,2,1,1,0,1955295373,Z. Lee,R,FA,R,-1.1806165489,2.49026885415,7.4216351315,20.9326935524,6.18010533689,IP,S,-2.29439419944,4.79684058816,91.1875061701,2067.95575833,250.402652863,1.0
1859,2020,5362,UK,D1 Southeastern Conference,730229504,UNCW,392440836,2020-03-01 13:00:00,2,0,0,0,1955295373,Z. Lee,R,FA,L,1.53353267677,3.87556864848,19.263909742,13.17929884,6.13951943443,B,S,-1.83860108282,5.14467779512,92.7567669676,2278.85969844,214.335440728,0.13
1860,2020,5362,UK,D1 Southeastern Conference,730229504,UNCW,392440836,2020-03-01 13:00:00,2,1,0,0,1955295373,Z. Lee,R,CH,L,0.599261993185,0.915284851351,8.49826836956,16.5324673813,6.61015207407,B,S,-2.07300997342,4.72418699035,85.5907426539,1730.45596548,242.700425675,0.13
1861,2020,5362,UK,D1 Southeastern Conference,730229504,UNCW,392440836,2020-03-01 13:00:00,2,2,0,0,1955295373,Z. Lee,R,FA,L,0.305352645273,1.81137574577,4.98124439807,19.8293000976,6.0845996953,IP,S,-2.14834354693,4.90156902198,91.2780727465,2035.98620591,255.813678867,1.0
1862,2020,5362,UK,D1 Southeastern Conference,730229504,UNCW,392440836,2020-03-01 13:00:00,2,0,0,1,1955295373,Z. Lee,R,FA,R,-0.183361784159,1.94596590071,4.87324755783,17.6112101328,6.06369083175,IP,S,-1.92332346517,4.92909926881,91.0546752315,1967.03280804,254.438257707,1.0
1863,2020,5362,UK,D1 Southeastern Conference,730229504,UNCW,392440836,2020-03-01 13:00:00,2,0,0,1,1649234262,A. Degen,R,SL,L,-0.569555874826,1.99207025668,-8.17967891005,-10.7389577655,5.48325335218,SL,SH,-2.27086144395,6.54652148395,70.6664409867,2182.15775893,52.8846292616,-0.15
1864,2020,5362,UK,D1 Southeastern Conference,730229504,UNCW,392440836,2020-03-01 13:00:00,2,0,0,2,1649234262,A. Degen,R,CU,R,0.695444652519,2.30444209728,6.40968669155,-1.4531740595,6.64184187158,SS,IP_OUT,-2.58531245722,6.28229550632,81.6362045291,2225.61847877,167.299472956,-0.15
1865,2020,5362,UK,D1 Southeastern Conference,730229504,UNCW,392440836,2020-03-01 13:00:00,3,0,0,0,1649234262,A. Degen,R,SL,L,0.79782783316,1.70073312369,8.42817297601,0.193714141585,6.57023521565,B,IP_OUT,-2.49331422743,6.36257799619,80.6928160191,2312.01657823,181.31059998,0.13
1866,2020,5362,UK,D1 Southeastern Conference,730229504,UNCW,392440836,2020-03-01 13:00:00,3,1,0,0,1649234262,A. Degen,R,SL,L,-1.05920739578,0.874814120394,13.4015040821,9.91592264737,6.28968455733,B,IP_OUT,-2.62732627625,6.35206448934,81.5072551968,1643.01547093,216.41929659,0.13
1867,2020,5362,UK,D1 Southeastern Conference,730229504,UNCW,392440836,2020-03-01 13:00:00,3,2,0,0,1649234262,A. Degen,R,FA,L,0.825811038272,2.49159466336,17.4579792087,9.87921486835,6.88854387387,SL,IP_OUT,-2.31642380348,6.31668193314,91.3216051313,2470.12124903,209.46225011,-0.15
1868,2020,5362,UK,D1 Southeastern Conference,730229504,UNCW,392440836,2020-03-01 13:00:00,3,2,1,0,1649234262,A. Degen,R,FA,L,0.111854454689,3.0079107959,13.6523449129,11.1463644056,6.81930214035,F,IP_OUT,-2.28816928972,6.29544270727,90.7018685426,2379.27407663,219.16609815,-0.15
1869,2020,5362,UK,D1 Southeastern Conference,730229504,UNCW,392440836,2020-03-01 13:00:00,3,2,2,0,1649234262,A. Degen,R,FA,L,1.27577506801,2.03670330486,15.7369966643,7.65556103889,6.97357710552,B,IP_OUT,-2.42007020652,6.35872791616,91.2460718689,2193.30727625,205.897883479,0.13
1870,2020,5362,UK,D1 Southeastern Conference,730229504,UNCW,392440836,2020-03-01 13:00:00,3,0,0,1,1649234262,A. Degen,R,SL,R,1.50110099823,1.69563069936,8.7951890418,0.000695263522859,6.84345625099,B,HBP,-2.30480228873,6.36519555156,83.8453704934,2155.65200368,180.004510656,0.13
1871,2020,5362,UK,D1 Southeastern Conference,730229504,UNCW,392440836,2020-03-01 13:00:00,3,1,0,1,1649234262,A. Degen,R,FA,R,-0.433082507003,3.31296292898,15.6875804714,10.7640174526,6.89434757223,F,HBP,-2.29524693613,6.30078000085,91.8482525783,2218.93982265,214.404621855,-0.15
1872,2020,5362,UK,D1 Southeastern Conference,730229504,UNCW,392440836,2020-03-01 13:00:00,3,1,1,1,1649234262,A. Degen,R,FA,R,-1.19766857835,3.34601719178,15.7657093579,13.054297312,6.75394772895,HBP,HBP,-2.23365347454,6.27545210066,92.632760584,2332.94300329,219.572277577,0.8
1873,2020,5362,UK,D1 Southeastern Conference,730229504,UNCW,392440836,2020-03-01 13:00:00,3,0,0,1,1649234262,A. Degen,R,FA,L,-1.3128974129,2.60001096323,19.2828693573,13.3785600137,6.45078758034,B,K,-2.34554527611,6.51152791465,89.8814812897,2311.82087083,214.708698323,0.13
1874,2020,5362,UK,D1 Southeastern Conference,730229504,UNCW,392440836,2020-03-01 13:00:00,3,1,0,1,1649234262,A. Degen,R,CH,L,-0.307958596387,2.43886958924,14.8236854256,5.62398483344,6.53332515582,F,K,-2.64064790873,6.35798830116,80.9818174361,1594.39834543,200.726239439,-0.15
1875,2020,5362,UK,D1 Southeastern Conference,730229504,UNCW,392440836,2020-03-01 13:00:00,3,1,1,1,1649234262,A. Degen,R,CU,L,-1.7508258794,3.01195393276,-8.56980446366,-5.2880360644,5.88577111979,B,K,-2.35706663333,6.4853520804,72.576019699,2205.43440515,31.8266395395,0.13
1876,2020,5362,UK,D1 Southeastern Conference,730229504,UNCW,392440836,2020-03-01 13:00:00,3,2,1,1,1649234262,A. Degen,R,FA,L,0.365512682324,2.94312489625,18.071069886,8.16922573781,6.41152696508,F,K,-2.38828326969,6.35531269084,89.2078975027,2310.80331631,204.287015992,-0.15
1877,2020,5362,UK,D1 Southeastern Conference,730229504,UNCW,392440836,2020-03-01 13:00:00,3,2,2,1,1649234262,A. Degen,R,CU,L,0.967061720692,0.757542340504,-7.90861770466,-4.3795503222,5.98335337019,SS,K,-2.31671754926,6.41915121252,73.9266266787,2313.42000433,29.1266464768,-0.15
1878,2020,5362,UK,D1 Southeastern Conference,730229504,UNCW,392440836,2020-03-01 13:00:00,3,0,0,2,1649234262,A. Degen,R,FA,R,1.46147511611,2.22191792495,17.8681213948,9.50091011992,6.72792719911,B,S,-2.21667897616,6.36379475426,91.6073213584,2320.82487303,207.959857907,0.13
1879,2020,5362,UK,D1 Southeastern Conference,730229504,UNCW,392440836,2020-03-01 13:00:00,3,1,0,2,1649234262,A. Degen,R,CH,R,-0.786629324993,2.59253727253,11.4588907912,7.91147019479,6.44038336098,F,S,-2.39768372412,6.32152398511,82.6187280978,1463.35692817,214.533527449,-0.15
1880,2020,5362,UK,D1 Southeastern Conference,730229504,UNCW,392440836,2020-03-01 13:00:00,3,1,1,2,1649234262,A. Degen,R,SL,R,0.263106400252,2.05256449115,5.86029742749,1.75945066037,6.4950709544,SS,S,-2.47412224964,6.34497113866,81.7521804709,2254.78294164,196.60845414,-0.15
1881,2020,5362,UK,D1 Southeastern Conference,730229504,UNCW,392440836,2020-03-01 13:00:00,3,1,2,2,1649234262,A. Degen,R,FA,R,0.878598935869,2.07156206466,19.2521033207,12.0302298506,6.59006349093,IP,S,-2.13648151922,6.48179865802,91.7763692591,2411.63826889,211.959313047,1.0
1882,2020,5362,UK,D1 Southeastern Conference,730229504,UNCW,392440836,2020-03-01 13:00:00,3,0,0,2,1649234262,A. Degen,R,CU,L,0.56099832024,1.76448503656,-5.24389222521,-5.24893195374,5.7593236913,SS,K,-2.28437292799,6.43339036247,73.329912239,2313.53196146,45.2996679729,-0.15
1883,2020,5362,UK,D1 Southeastern Conference,730229504,UNCW,392440836,2020-03-01 13:00:00,3,0,1,2,1649234262,A. Degen,R,CU,L,-0.624206317454,3.47088683708,-9.72583464821,-7.08450550268,5.94324830559,B,K,-2.15401048602,6.44001089686,73.265815222,2266.09367828,36.2089511354,0.13
1884,2020,5362,UK,D1 Southeastern Conference,730229504,UNCW,392440836,2020-03-01 13:00:00,3,1,1,2,1649234262,A. Degen,R,CU,L,0.248526542093,1.71777715342,-7.47776128512,-3.26904773164,5.9881017729,SS,K,-2.24654300605,6.39847211599,72.8594684571,2247.72441,23.7534010548,-0.15
1885,2020,5362,UK,D1 Southeastern Conference,730229504,UNCW,392440836,2020-03-01 13:00:00,3,1,2,2,1649234262,A. Degen,R,CU,L,-0.152198099818,0.366920772564,-10.4869276908,-6.79401013786,5.8903669123,SS,K,-2.17233297958,6.48409893363,73.9763638316,2337.27443421,33.0585610558,-0.15
1886,2020,5362,UK,D1 Southeastern Conference,730229504,UNCW,392440836,2020-03-01 13:00:00,4,0,0,0,1649234262,A. Degen,R,FA,L,-0.392265339857,2.43526507561,20.5807734317,8.79594074093,6.73503089309,F,IP_OUT,-2.53159119118,6.37143386699,90.976302995,2258.27663227,203.110188549,-0.15
1887,2020,5362,UK,D1 Southeastern Conference,730229504,UNCW,392440836,2020-03-01 13:00:00,4,0,1,0,1649234262,A. Degen,R,FA,L,1.18446507574,2.93679681529,20.0406097923,6.01938766885,6.90563623832,B,IP_OUT,-2.4793190242,6.33899059984,90.376487107,2379.78893887,196.693529937,0.13
1888,2020,5362,UK,D1 Southeastern Conference,730229504,UNCW,392440836,2020-03-01 13:00:00,4,1,1,0,1649234262,A. Degen,R,CU,L,0.144914940149,2.89747701832,-10.7907721365,-2.2189909265,5.87832433641,SL,IP_OUT,-2.25970988156,6.47315812863,74.4258173779,2289.23643613,11.6698612484,-0.15
1889,2020,5362,UK,D1 Southeastern Conference,730229504,UNCW,392440836,2020-03-01 13:00:00,4,1,2,0,1649234262,A. Degen,R,FA,L,-0.768192906435,3.62008649974,18.0663999997,10.6750750611,6.69755794108,B,IP_OUT,-2.43433520295,6.46151469764,92.1138360135,2329.92644073,210.53618484,0.13
1890,2020,5362,UK,D1 Southeastern Conference,730229504,UNCW,392440836,2020-03-01 13:00:00,4,2,2,0,1649234262,A. Degen,R,CU,L,0.4756831508,1.4446273456,-6.88499696373,-4.45786502295,6.09245402465,F,IP_OUT,-2.12072698963,6.3871795879,74.3508816415,2282.3495419,33.1041342304,0.0
1891,2020,5362,UK,D1 Southeastern Conference,730229504,UNCW,392440836,2020-03-01 13:00:00,4,0,0,1,1649234262,A. Degen,R,CH,R,-0.789767568068,1.83373147832,11.0477984985,11.6392775517,6.64898595895,SS,K,-2.21572386345,6.35660249993,84.5316721312,1713.27757303,226.402148906,-0.15
1892,2020,5362,UK,D1 Southeastern Conference,730229504,UNCW,392440836,2020-03-01 13:00:00,4,0,1,1,1649234262,A. Degen,R,FA,R,1.26881440521,2.1193836349,14.9114270637,9.74880196957,6.95983773774,B,K,-2.10775305937,6.35137354017,92.4805769595,2372.4060657,213.124376423,0.13
1893,2020,5362,UK,D1 Southeastern Conference,730229504,UNCW,392440836,2020-03-01 13:00:00,4,1,1,1,1649234262,A. Degen,R,CU,R,0.588241819908,2.79906900848,-7.45421501755,-8.51922232016,6.1159897148,SL,K,-2.22259934615,6.38866822492,73.0594430866,2237.2946078,49.0010613041,-0.15
1894,2020,5362,UK,D1 Southeastern Conference,730229504,UNCW,392440836,2020-03-01 13:00:00,4,1,2,1,1649234262,A. Degen,R,SL,R,0.332046326761,2.85429006676,9.02818339719,5.22237181261,6.70392080148,SS,K,-2.15376798911,6.33968416418,83.0136033356,2198.33389804,209.946124872,-0.15
1895,2020,5362,UK,D1 Southeastern Conference,730229504,UNCW,392440836,2020-03-01 13:00:00,4,0,0,2,1649234262,A. Degen,R,CH,L,-1.47557345115,3.07199434466,12.9044255053,10.2386300254,6.85814890628,B,IP_OUT,-2.44349967659,6.2489484806,85.1423266958,1593.83649846,218.355192383,0.13
1896,2020,5362,UK,D1 Southeastern Conference,730229504,UNCW,392440836,2020-03-01 13:00:00,4,1,0,2,1649234262,A. Degen,R,FA,L,-1.80827727401,3.23128245921,18.9202188905,9.83708118668,6.61855900252,B,IP_OUT,-2.38259261604,6.37133117872,91.4620637617,2361.37138654,207.433463588,0.13
1897,2020,5362,UK,D1 Southeastern Conference,730229504,UNCW,392440836,2020-03-01 13:00:00,4,2,0,2,1649234262,A. Degen,R,SL,L,-1.26165225773,4.35140275631,9.35727071636,5.84692027352,6.76300231352,B,IP_OUT,-2.50256519938,6.2667846028,83.5106061969,2187.10052302,211.899999765,0.13
1898,2020,5362,UK,D1 Southeastern Conference,730229504,UNCW,392440836,2020-03-01 13:00:00,4,3,0,2,1649234262,A. Degen,R,FA,L,-1.01407690581,2.90041196686,14.7978079277,11.4885253383,6.84737522478,SL,IP_OUT,-2.52152146461,6.3161020656,89.5135981021,2197.15860577,217.765832086,-0.15
1899,2020,5362,UK,D1 Southeastern Conference,730229504,UNCW,392440836,2020-03-01 13:00:00,5,0,0,0,1649234262,A. Degen,R,FA,R,-0.350206340261,3.6115807891,15.2471828483,5.22963417052,6.82028275326,B,IP_OUT,-2.15989104143,6.33884330282,90.2662726266,1962.4452988,198.895770745,0.13
1900,2020,5362,UK,D1 Southeastern Conference,730229504,UNCW,392440836,2020-03-01 13:00:00,5,1,0,0,1649234262,A. Degen,R,SL,R,-0.238193815493,2.75342519394,4.16995496367,-0.59802590447,6.4758606436,SL,IP_OUT,-2.21718216771,6.33399069607,81.1571291085,2200.40133524,171.913158913,-0.15
1901,2020,5362,UK,D1 Southeastern Conference,730229504,UNCW,392440836,2020-03-01 13:00:00,5,1,1,0,1649234262,A. Degen,R,FA,R,-0.864318872927,3.20140912005,18.0004994581,7.53455274006,6.61260988497,SS,IP_OUT,-2.21824470895,6.44325119438,90.9422590036,2173.63545255,202.678149412,-0.15
1902,2020,5362,UK,D1 Southeastern Conference,730229504,UNCW,392440836,2020-03-01 13:00:00,5,1,2,0,1649234262,A. Degen,R,CU,R,1.144748733,0.949038113638,-9.27285833955,-1.22584438568,6.31059950239,B,IP_OUT,-2.12285741458,6.37669108415,74.1612704837,2131.77897835,7.56860913557,0.13
1903,2020,5362,UK,D1 Southeastern Conference,730229504,UNCW,392440836,2020-03-01 13:00:00,5,0,0,2,1649234262,A. Degen,R,CH,R,-1.33811749738,2.08872680456,13.0704702175,10.8939918593,6.76777897611,B,K,-2.38101389022,6.39070391465,84.1313588861,1498.58868163,219.733156314,0.13
1904,2020,5362,UK,D1 Southeastern Conference,730229504,UNCW,392440836,2020-03-01 13:00:00,5,1,0,2,1649234262,A. Degen,R,CH,R,-0.0918551362973,2.23261836023,12.1224544922,4.89789129513,6.53864063521,SS,K,-2.35094611325,6.14334185154,82.2673612543,1458.51654807,201.938306361,-0.15
1905,2020,5362,UK,D1 Southeastern Conference,730229504,UNCW,392440836,2020-03-01 13:00:00,5,1,1,2,1649234262,A. Degen,R,FA,R,1.82524401308,0.930958221624,15.1896069397,8.20891845001,6.92122074081,B,K,-2.05053797418,6.27934997253,92.2572495462,2394.2961112,208.340724423,0.13
1906,2020,5362,UK,D1 Southeastern Conference,730229504,UNCW,392440836,2020-03-01 13:00:00,5,2,1,2,1649234262,A. Degen,R,SL,R,0.208908045727,2.16623124897,15.8329473956,3.68782553926,6.74722071963,SS,K,-2.17285896127,6.39788421722,80.9656299414,2090.58926318,193.080576266,-0.15
1907,2020,5362,UK,D1 Southeastern Conference,730229504,UNCW,392440836,2020-03-01 13:00:00,5,2,2,2,1649234262,A. Degen,R,CU,R,0.602059908631,1.9813331445,-5.67755955975,-8.10491711065,6.27269077942,SL,K,-2.13381086629,6.4055557773,73.900004544,2208.99671251,55.2140395537,-0.15
1908,2020,5362,UK,D1 Southeastern Conference,730229504,UNCW,392440836,2020-03-01 13:00:00,6,0,0,0,1649234262,A. Degen,R,CH,L,-2.12648198664,1.16188348186,10.0205064219,9.59320509245,6.50544840576,B,D,-2.64280312063,6.22794082154,82.2954863226,1484.55794689,223.644721712,0.13
1909,2020,5362,UK,D1 Southeastern Conference,730229504,UNCW,392440836,2020-03-01 13:00:00,6,1,0,0,1649234262,A. Degen,R,FA,L,-1.34636199317,2.93581204556,15.3861271545,9.65092347422,6.61879930377,B,D,-2.48096612435,6.32087188529,90.4040115576,2318.04609641,212.04561024,0.13
1910,2020,5362,UK,D1 Southeastern Conference,730229504,UNCW,392440836,2020-03-01 13:00:00,6,2,0,0,1649234262,A. Degen,R,CH,L,-1.10899077043,1.76430033641,13.6770339142,7.75588809653,6.54928429553,SL,D,-2.43682222178,6.20292374387,82.3512134312,1558.45875094,209.488828059,-0.15
1911,2020,5362,UK,D1 Southeastern Conference,730229504,UNCW,392440836,2020-03-01 13:00:00,6,2,1,0,1649234262,A. Degen,R,FA,L,1.12023113172,2.77662498191,17.0434796055,8.44958770326,7.08410338703,B,D,-2.23765173709,6.32429816144,90.4376094092,2348.77691451,206.329643289,0.13
1912,2020,5362,UK,D1 Southeastern Conference,730229504,UNCW,392440836,2020-03-01 13:00:00,6,3,1,0,1649234262,A. Degen,R,FA,L,-0.231908910275,3.02519154559,15.1410768255,8.48564321528,6.62766434622,IP,D,-2.41513971151,6.12536428241,88.370252721,2184.37275571,209.215079501,1.26
1913,2020,5362,UK,D1 Southeastern Conference,730229504,UNCW,392440836,2020-03-01 13:00:00,6,0,0,0,1649234262,A. Degen,R,SL,R,0.133588163802,2.86494465959,9.23066428892,5.8555499336,6.63122397912,F,IP_OUT,-2.264831338,6.31622533931,81.4139414706,2260.76581882,212.282043356,-0.15
1914,2020,5362,UK,D1 Southeastern Conference,730229504,UNCW,392440836,2020-03-01 13:00:00,6,0,1,0,1649234262,A. Degen,R,FA,R,-1.80555447051,3.49083256281,18.3670097457,8.94720301942,6.35813286079,F,IP_OUT,-2.38818363538,6.47845791381,90.1669175088,2342.11854791,205.933614653,-0.15
1915,2020,5362,UK,D1 Southeastern Conference,730229504,UNCW,392440836,2020-03-01 13:00:00,6,0,0,1,1649234262,A. Degen,R,CU,L,-0.0712467770905,2.42893190933,-4.84857794567,-6.69496129158,6.26435776054,IP,S,-2.40095033713,6.43782344375,74.4830024267,2329.70223048,54.3522872669,1.0
1916,2020,5362,UK,D1 Southeastern Conference,730229504,UNCW,392440836,2020-03-01 13:00:00,6,0,0,1,1628677208,C. Daniels,L,SL,L,-1.51148292411,1.23562028299,-0.667958622786,17.1221867995,4.94255805482,B,K,2.46288916025,5.48749578626,75.5452473866,2277.56189727,272.072374048,0.13
1917,2020,5362,UK,D1 Southeastern Conference,730229504,UNCW,392440836,2020-03-01 13:00:00,6,1,0,1,1628677208,C. Daniels,L,FA,L,-0.509830894022,2.72631139913,7.18683968962,1.16699156703,5.84078050132,F,K,2.76693813875,5.34026157441,83.0169542178,1881.57019062,189.174950605,-0.15
1918,2020,5362,UK,D1 Southeastern Conference,730229504,UNCW,392440836,2020-03-01 13:00:00,6,1,1,1,1628677208,C. Daniels,L,SL,L,0.0876623932562,1.7057910113,0.533919809644,17.9237792175,5.08559093665,F,K,2.37637095228,5.53264580743,72.7541278454,2349.39504678,268.127825088,-0.15
1919,2020,5362,UK,D1 Southeastern Conference,730229504,UNCW,392440836,2020-03-01 13:00:00,6,1,2,1,1628677208,C. Daniels,L,SL,L,0.153571195058,1.78971895307,0.499860155993,17.6014926009,4.94927707714,SL,K,2.46032470054,5.47056284951,73.7387702164,2156.50482767,268.210548778,-0.15
1920,2020,5362,UK,D1 Southeastern Conference,730229504,UNCW,392440836,2020-03-01 13:00:00,6,0,0,2,1632235451,H. Rigsby,R,FA,R,-2.22889706377,1.78967341318,19.1658470591,7.56358073401,6.9223553967,B,HBP,-1.94492121556,6.06821429007,91.1885773869,2268.64120435,201.50532054,0.13
1921,2020,5362,UK,D1 Southeastern Conference,730229504,UNCW,392440836,2020-03-01 13:00:00,6,1,0,2,1632235451,H. Rigsby,R,FA,R,-0.807762254034,3.45373809845,18.8568798202,9.68481489922,6.86615585788,SS,HBP,-2.0520119992,6.1100076363,91.1724418745,2172.24089936,207.147362319,-0.15
1922,2020,5362,UK,D1 Southeastern Conference,730229504,UNCW,392440836,2020-03-01 13:00:00,6,1,1,2,1632235451,H. Rigsby,R,FA,R,0.104641275718,1.72385841064,21.0833683916,6.21536587423,6.87621033705,SL,HBP,-1.80921507965,6.04851305572,92.788124701,2233.84534635,196.403933091,-0.15
1923,2020,5362,UK,D1 Southeastern Conference,730229504,UNCW,392440836,2020-03-01 13:00:00,6,1,2,2,1632235451,H. Rigsby,R,SL,R,-1.74999922023,3.65331403778,-5.50377473324,-6.45649594692,6.25851964144,B,HBP,-2.21164108664,6.01062146463,77.486532917,2210.89716061,49.7770177415,0.13
1924,2020,5362,UK,D1 Southeastern Conference,730229504,UNCW,392440836,2020-03-01 13:00:00,6,2,2,2,1632235451,H. Rigsby,R,FA,R,-1.81124944594,2.79371159903,21.8763601453,4.61734830583,6.92404719881,HBP,HBP,-1.98943128516,6.17575444476,92.635830928,2244.62019095,191.902641324,0.8
1925,2020,5362,UK,D1 Southeastern Conference,730229504,UNCW,392440836,2020-03-01 13:00:00,6,0,0,2,1632235451,H. Rigsby,R,FA,L,-0.339745152568,1.66952985345,19.5836610152,5.82524214509,7.00013278275,SL,IP_OUT,-1.85745287032,6.10386236048,91.9032932866,2162.65119653,196.541665371,-0.15
1926,2020,5362,UK,D1 Southeastern Conference,730229504,UNCW,392440836,2020-03-01 13:00:00,6,0,1,2,1632235451,H. Rigsby,R,FA,L,-1.04657163362,1.7401943423,19.4799306503,9.00319349373,6.86348952245,B,IP_OUT,-1.99170312746,6.09007915218,91.7285813461,2178.14848629,204.771647326,0.13
1927,2020,5362,UK,D1 Southeastern Conference,730229504,UNCW,392440836,2020-03-01 13:00:00,6,1,1,2,1632235451,H. Rigsby,R,SL,L,-0.986639784753,1.85908869036,-5.28279950801,-1.88980247127,6.33303134937,SL,IP_OUT,-2.29647353465,6.10124677967,78.0615110838,2227.14391275,19.8289888066,-0.15
1928,2020,5362,UK,D1 Southeastern Conference,730229504,UNCW,392440836,2020-03-01 13:00:00,7,0,0,0,1632235451,H. Rigsby,R,FA,R,0.149469669103,2.79117881073,15.9035022842,4.65932378586,6.99581420802,SS,K,-1.77615513264,6.16868592956,92.1734425181,2456.32435459,196.300645518,-0.15
1929,2020,5362,UK,D1 Southeastern Conference,730229504,UNCW,392440836,2020-03-01 13:00:00,7,0,1,0,1632235451,H. Rigsby,R,SL,R,0.106833648105,1.03310589164,-8.82778838659,-5.18622226285,6.18087986971,SS,K,-2.24843372221,6.08443204052,78.8577095899,2335.01287606,30.5518194646,-0.15
1930,2020,5362,UK,D1 Southeastern Conference,730229504,UNCW,392440836,2020-03-01 13:00:00,7,0,2,0,1632235451,H. Rigsby,R,SL,R,-0.125836166604,0.764200279876,-6.62084197948,-4.9258199627,6.07126881441,SS,K,-2.17929111336,6.14982115732,79.3326632641,2290.88367636,36.8198340713,-0.15
1931,2020,5362,UK,D1 Southeastern Conference,730229504,UNCW,392440836,2020-03-01 13:00:00,7,0,0,1,1632235451,H. Rigsby,R,SL,L,0.11907860058,1.07803664454,11.7043288159,15.876898957,7.23654553904,B,K,-2.22609827426,5.98401664139,84.1097759428,2122.06293654,233.520461046,0.13
1932,2020,5362,UK,D1 Southeastern Conference,730229504,UNCW,392440836,2020-03-01 13:00:00,7,1,0,1,1632235451,H. Rigsby,R,FA,L,-0.439450292939,2.05288021156,20.1760201535,4.71321293712,7.04956856013,SL,K,-2.02926153077,6.24277459088,92.6250684854,2276.39934314,193.130481116,-0.15
1933,2020,5362,UK,D1 Southeastern Conference,730229504,UNCW,392440836,2020-03-01 13:00:00,7,1,1,1,1632235451,H. Rigsby,R,FA,L,-0.576535647539,2.5959908927,19.3327058576,4.0288069498,6.94928215976,SL,K,-1.92279161944,6.20048120253,93.098128352,2198.09438734,191.754436258,-0.15
1934,2020,5362,UK,D1 Southeastern Conference,730229504,UNCW,392440836,2020-03-01 13:00:00,7,1,2,1,1632235451,H. Rigsby,R,FA,L,-0.215273074839,1.54933156572,20.1803076121,5.02774015289,7.05570993375,SL,K,-1.8082001131,6.06826602244,93.449501086,2325.21503146,193.970893583,-0.15
1935,2020,5362,UK,D1 Southeastern Conference,730229504,UNCW,392440836,2020-03-01 13:00:00,7,0,0,2,1632235451,H. Rigsby,R,SL,R,-0.0600177353098,0.242482658238,-7.77277423058,-7.00002720173,6.36217996692,B,HR,-2.31161579599,6.04191486929,79.7620981868,2291.46844596,42.1549556658,0.13
1936,2020,5362,UK,D1 Southeastern Conference,730229504,UNCW,392440836,2020-03-01 13:00:00,7,1,0,2,1632235451,H. Rigsby,R,FA,R,-1.27901949019,2.45625889154,16.6207535661,0.842550815216,7.09476674183,B,HR,-2.00254506244,6.20701403385,92.2108101307,2167.19041654,182.896828261,0.13
1937,2020,5362,UK,D1 Southeastern Conference,730229504,UNCW,392440836,2020-03-01 13:00:00,7,2,0,2,1632235451,H. Rigsby,R,FA,R,0.755004168758,1.13109537809,19.354236921,2.11054650501,7.16781153048,B,HR,-1.84234538183,6.11930218857,91.6844365684,2071.92333185,186.213768494,0.13
1938,2020,5362,UK,D1 Southeastern Conference,730229504,UNCW,392440836,2020-03-01 13:00:00,7,3,0,2,1632235451,H. Rigsby,R,FA,R,-0.411097885375,1.89518470491,18.2825116458,1.58958976596,7.12090327996,SL,HR,-1.84693067888,6.10293244376,91.9744879199,2099.4874179,184.961065701,-0.15
1939,2020,5362,UK,D1 Southeastern Conference,730229504,UNCW,392440836,2020-03-01 13:00:00,7,3,1,2,1632235451,H. Rigsby,R,FA,R,0.526424134228,1.89516121874,17.1406270932,1.81023429965,7.12195960556,F,HR,-1.76452101751,6.05611283535,92.3853835374,2216.02028113,186.01832301,-0.15
1940,2020,5362,UK,D1 Southeastern Conference,730229504,UNCW,392440836,2020-03-01 13:00:00,7,3,2,2,1632235451,H. Rigsby,R,SL,R,-0.246493499367,2.49225566835,-7.88777359493,-4.90104035495,6.36231214062,IP,HR,-2.24479717791,5.96636916039,78.7715288937,2121.87434583,31.9904853335,1.76
1941,2020,5362,UK,D1 Southeastern Conference,730229504,UNCW,392440836,2020-03-01 13:00:00,7,0,0,2,1632235451,H. Rigsby,R,FA,L,-0.398868505027,1.36373940576,17.967736786,4.58611117323,7.26563597428,SL,K,-1.83725445813,6.09101503698,92.3599482516,2309.84280857,194.296162543,-0.15
1942,2020,5362,UK,D1 Southeastern Conference,730229504,UNCW,392440836,2020-03-01 13:00:00,7,0,1,2,1632235451,H. Rigsby,R,SL,L,0.192093710422,0.70501556452,11.5164852016,15.4472952753,7.00128065579,SS,K,-2.36802522752,5.89967778982,84.9740885578,2182.49581727,233.210379879,-0.15
1943,2020,5362,UK,D1 Southeastern Conference,730229504,UNCW,392440836,2020-03-01 13:00:00,7,0,2,2,1632235451,H. Rigsby,R,SL,L,-0.522455103901,0.873542958695,-6.39053273786,-5.29562498336,6.12259640306,F,K,-2.31648125513,5.96681638143,79.6649032022,2244.13523635,39.8295419024,0.0
1944,2020,5362,UK,D1 Southeastern Conference,730229504,UNCW,392440836,2020-03-01 13:00:00,7,0,2,2,1632235451,H. Rigsby,R,FA,L,-0.605349163574,4.53135002477,17.9884463078,3.97343094189,6.9285532352,B,K,-2.1476129508,6.19967584188,92.5053456348,2128.07372349,192.436302834,0.13
1945,2020,5362,UK,D1 Southeastern Conference,730229504,UNCW,392440836,2020-03-01 13:00:00,7,1,2,2,1632235451,H. Rigsby,R,FA,L,-0.746625029165,1.40794272743,17.3613544864,3.16719094788,6.89821678965,B,K,-1.79462483113,6.0552181023,93.5292829927,2212.86049573,190.321905361,0.13
1946,2020,5362,UK,D1 Southeastern Conference,730229504,UNCW,392440836,2020-03-01 13:00:00,7,2,2,2,1632235451,H. Rigsby,R,SL,L,-0.611052039393,2.08568934637,-3.47803189152,-6.01899182692,6.29853858526,SS,K,-2.23425383009,6.01727544537,79.3556460768,2163.17930773,60.2709054825,-0.15
1947,2020,5362,UK,D1 Southeastern Conference,730229504,UNCW,392440836,2020-03-01 13:00:00,8,0,0,0,1833750009,C. Coleman,R,FA,R,0.00593598590792,1.43169101438,14.4806333043,22.9580244244,6.0384255654,SL,K,-1.7782706631,4.83529970955,93.8835395066,2472.47783983,237.705295799,-0.15
1948,2020,5362,UK,D1 Southeastern Conference,730229504,UNCW,392440836,2020-03-01 13:00:00,8,0,1,0,1833750009,C. Coleman,R,FA,R,0.586644731405,2.56461520643,16.4056946086,20.5262302193,6.08884310168,F,K,-1.86783358048,4.87536910828,93.8902662212,2558.49368739,231.315810304,-0.15
1949,2020,5362,UK,D1 Southeastern Conference,730229504,UNCW,392440836,2020-03-01 13:00:00,8,0,2,0,1833750009,C. Coleman,R,SL,R,1.86833986007,1.57102569498,0.636551318187,-4.72919458721,5.61709741686,B,K,-1.93044324317,4.72285872801,81.8358248573,2380.20353542,98.1286978965,0.13
1950,2020,5362,UK,D1 Southeastern Conference,730229504,UNCW,392440836,2020-03-01 13:00:00,8,1,2,0,1833750009,C. Coleman,R,FA,R,0.886631156394,1.33994148322,14.5576750112,18.3716513912,6.12601914099,B,K,-1.81601366801,4.85590116909,93.2200105973,2476.62192161,231.549107261,0.13
1951,2020,5362,UK,D1 Southeastern Conference,730229504,UNCW,392440836,2020-03-01 13:00:00,8,2,2,0,1833750009,C. Coleman,R,FA,R,-0.894600831185,2.93169146338,14.8192759084,21.9430208683,6.05661410958,F,K,-1.8572752091,4.93280347142,93.7274530684,2438.92860011,235.913549203,0.0
1952,2020,5362,UK,D1 Southeastern Conference,730229504,UNCW,392440836,2020-03-01 13:00:00,8,2,2,0,1833750009,C. Coleman,R,FA,R,1.04148682855,2.0352352641,15.6186310982,20.5605267403,6.22550326139,SL,K,-1.74421335483,4.93615227954,94.068507029,2463.70747123,232.725956799,-0.15
1953,2020,5362,UK,D1 Southeastern Conference,730229504,UNCW,392440836,2020-03-01 13:00:00,8,0,0,1,1833750009,C. Coleman,R,FA,L,0.315206077024,1.83933665886,11.6050031153,23.763417324,6.18443231839,SL,IP_OUT,-1.84901467165,4.76164349146,93.7650417934,2534.29507534,243.912921628,-0.15
1954,2020,5362,UK,D1 Southeastern Conference,730229504,UNCW,392440836,2020-03-01 13:00:00,8,0,1,1,1833750009,C. Coleman,R,FA,L,-1.31996695818,3.3201156672,11.8418800238,21.2567415576,5.89981057504,B,IP_OUT,-1.92311344082,4.7882463394,93.6347589825,2535.2956182,240.815688641,0.13
1955,2020,5362,UK,D1 Southeastern Conference,730229504,UNCW,392440836,2020-03-01 13:00:00,8,1,1,1,1833750009,C. Coleman,R,FA,L,-1.00638815135,2.64480155208,14.5432291588,22.660513402,5.7800566808,SS,IP_OUT,-1.99060727871,4.75628935405,93.1374999358,2505.33047638,237.252542491,-0.15
1956,2020,5362,UK,D1 Southeastern Conference,730229504,UNCW,392440836,2020-03-01 13:00:00,8,0,0,2,1833750009,C. Coleman,R,CH,L,-0.192424938811,0.332452754799,6.61150011475,18.7617996681,5.81806853633,B,BB,-1.79787987497,4.82898443912,89.3196508945,1825.98734541,250.498396111,0.13
1957,2020,5362,UK,D1 Southeastern Conference,730229504,UNCW,392440836,2020-03-01 13:00:00,8,1,0,2,1833750009,C. Coleman,R,FA,L,-0.32696660674,2.22432464338,13.3368114385,19.3264424695,5.82832951727,F,BB,-1.80779851938,4.93231375449,93.8733325607,2567.25637609,235.329983633,-0.15
1958,2020,5362,UK,D1 Southeastern Conference,730229504,UNCW,392440836,2020-03-01 13:00:00,8,1,1,2,1833750009,C. Coleman,R,FA,L,-1.14018451448,3.96793221145,14.6965918969,22.1254212391,5.91608923289,B,BB,-2.02140559469,4.86068428022,93.5769141965,2494.83500225,236.351933694,0.13
1959,2020,5362,UK,D1 Southeastern Conference,730229504,UNCW,392440836,2020-03-01 13:00:00,8,2,1,2,1833750009,C. Coleman,R,FA,L,-0.249251660161,1.01462329026,13.876323442,21.1471230967,6.20527475685,B,BB,-1.83542770204,4.83439646818,93.3947408543,2508.98701709,236.671084622,0.13
1960,2020,5362,UK,D1 Southeastern Conference,730229504,UNCW,392440836,2020-03-01 13:00:00,8,3,1,2,1833750009,C. Coleman,R,FA,L,-2.83719158119,3.96891228328,12.7700965243,20.1823448072,5.69161327035,B,BB,-1.91177871744,4.91333751438,92.9842042683,2587.62003324,237.614200857,0.8
1961,2020,5362,UK,D1 Southeastern Conference,730229504,UNCW,392440836,2020-03-01 13:00:00,8,0,0,2,1833750009,C. Coleman,R,FA,L,-0.71279913891,2.59002880365,12.8141070926,21.3745506778,6.00816115201,F,K,-1.92981239617,4.89796833235,92.263956073,2481.57166424,238.996167814,-0.15
1962,2020,5362,UK,D1 Southeastern Conference,730229504,UNCW,392440836,2020-03-01 13:00:00,8,0,1,2,1833750009,C. Coleman,R,FA,L,-1.2452844148,3.11659961238,14.3055092535,19.6590181199,6.00353663454,B,K,-2.04376912016,4.76570263452,92.5560725127,2504.41768912,233.898559416,0.13
1963,2020,5362,UK,D1 Southeastern Conference,730229504,UNCW,392440836,2020-03-01 13:00:00,8,1,1,2,1833750009,C. Coleman,R,FA,L,-1.21325224616,2.23555503185,11.5214783909,19.9117445117,6.11558311595,F,K,-1.93408810645,4.76835754124,92.192218615,2449.5033848,239.879501804,-0.15
1964,2020,5362,UK,D1 Southeastern Conference,730229504,UNCW,392440836,2020-03-01 13:00:00,8,1,2,2,1833750009,C. Coleman,R,FA,L,-0.810171982298,2.06866785632,12.8406399468,21.4598159487,6.16753521254,F,K,-1.96754685346,4.8887635337,92.3544135612,2425.70631348,239.04582777,0.0
1965,2020,5362,UK,D1 Southeastern Conference,730229504,UNCW,392440836,2020-03-01 13:00:00,8,1,2,2,1833750009,C. Coleman,R,FA,L,-2.67128293824,4.96260403894,16.6869506135,19.4720305057,5.90834057921,B,K,-2.09336052175,4.90108531775,91.8938981777,2436.59876151,229.35117635,0.13
1966,2020,5362,UK,D1 Southeastern Conference,730229504,UNCW,392440836,2020-03-01 13:00:00,8,2,2,2,1833750009,C. Coleman,R,FA,L,0.282051146394,2.27333357956,14.4231734254,23.0169304953,6.1784805446,SS,K,-1.98159538396,4.76070620869,91.7794520308,2451.18949648,237.871843705,-0.15
1967,2020,5362,UK,D1 Southeastern Conference,730229504,UNCW,392440836,2020-03-01 13:00:00,9,0,0,1,1373890168,C. Stupp,R,CH,L,-1.18054604974,3.36254601007,7.76064484966,15.792531267,6.10679935827,B,S,-1.26378483158,5.73544588948,79.8969358011,1387.50237879,243.711794402,0.13
1968,2020,5362,UK,D1 Southeastern Conference,730229504,UNCW,392440836,2020-03-01 13:00:00,9,1,0,1,1373890168,C. Stupp,R,FA,L,0.795959750421,3.13516461523,14.5564389253,15.5529483659,5.87230415145,SL,S,-0.898777245427,5.92847167132,90.0915155447,2050.45361531,226.832215124,-0.15
1969,2020,5362,UK,D1 Southeastern Conference,730229504,UNCW,392440836,2020-03-01 13:00:00,9,1,1,1,1373890168,C. Stupp,R,CH,L,-0.67358591665,2.04110942092,12.907041421,12.9408586707,6.14310795564,IP,S,-1.46458711476,5.67624073917,81.7955411145,1407.52254626,224.989428281,1.0
1970,2020,5362,UK,D1 Southeastern Conference,730229504,UNCW,392440836,2020-03-01 13:00:00,9,0,0,1,1373890168,C. Stupp,R,FA,L,0.717828573156,3.58235259964,13.7321964274,15.0203342082,5.79116848306,B,IP_OUT,-0.601922032766,6.02967639056,89.4601477296,2013.08619834,227.497342272,0.13
1971,2020,5362,UK,D1 Southeastern Conference,730229504,UNCW,392440836,2020-03-01 13:00:00,9,1,0,1,1373890168,C. Stupp,R,FA,L,1.36766573678,2.44445652167,9.15276733728,14.1178257503,5.62688463664,SS,IP_OUT,-0.766538344979,5.94179609932,90.3699291924,1938.19870033,236.952167619,-0.15
1972,2020,5362,UK,D1 Southeastern Conference,730229504,UNCW,392440836,2020-03-01 13:00:00,9,0,0,2,1845063706,W. Gambino,R,CH,R,-0.847307104619,2.77507871641,6.15833464818,10.4128946144,6.42425721638,SL,K,-2.48106156584,4.96135746974,83.610456008,1356.57122439,239.251347666,-0.15
1973,2020,5362,UK,D1 Southeastern Conference,730229504,UNCW,392440836,2020-03-01 13:00:00,9,0,1,2,1845063706,W. Gambino,R,CH,R,-0.317031066832,0.374435503189,8.51996870011,13.8082604689,6.56892411862,B,K,-2.64337460323,4.79885931602,83.6940794849,1385.58017556,238.214922491,0.13
1974,2020,5362,UK,D1 Southeastern Conference,730229504,UNCW,392440836,2020-03-01 13:00:00,9,1,1,2,1845063706,W. Gambino,R,SL,R,0.857800529031,1.40989318823,-4.8871439283,-8.13286001683,5.96240462116,B,K,-2.47580679671,5.02712254953,75.4749598325,2121.35288635,59.2373866854,0.13
1975,2020,5362,UK,D1 Southeastern Conference,730229504,UNCW,392440836,2020-03-01 13:00:00,9,2,1,2,1845063706,W. Gambino,R,CH,R,-0.60106954066,0.594058159712,4.61967571072,12.9291553729,6.45563967522,SS,K,-2.76755619724,4.83264893594,83.8863611093,1385.91241526,250.197280813,-0.15
1976,2020,5362,UK,D1 Southeastern Conference,730229504,UNCW,392440836,2020-03-01 13:00:00,9,2,2,2,1845063706,W. Gambino,R,SL,R,-0.0684422976271,1.33310843104,-5.42498239541,-8.68130427227,5.76477357389,SS,K,-2.70422748886,4.95628232668,76.5205232882,2354.90484337,58.2132135274,-0.15
1977,2020,5362,UK,D1 Southeastern Conference,730229504,UNCW,161870574,2020-02-29 13:00:00,1,0,0,0,1032852603,M. Hazelwood,L,FA,L,1.83563547633,2.90446119784,9.9043875368,-16.9311930929,5.85714721123,B,ROE,2.05403395566,5.66762829348,87.0683843863,2142.30648269,120.415868664,0.13
1978,2020,5362,UK,D1 Southeastern Conference,730229504,UNCW,161870574,2020-02-29 13:00:00,1,1,0,0,1032852603,M. Hazelwood,L,FA,L,0.391922396572,1.98356695654,11.2334830155,-15.7504173587,5.85317776027,IP,ROE,2.16474167343,5.64290910023,85.7791915691,2156.42119836,125.585284585,0.0
1979,2020,5362,UK,D1 Southeastern Conference,730229504,UNCW,161870574,2020-02-29 13:00:00,1,0,0,0,1032852603,M. Hazelwood,L,FA,R,2.19697434835,2.57997689245,15.3504171016,-11.9419178237,6.07766042573,B,K,1.84088532743,5.6481354016,86.5908231155,2215.83894024,142.183209732,0.13
1980,2020,5362,UK,D1 Southeastern Conference,730229504,UNCW,161870574,2020-02-29 13:00:00,1,1,0,0,1032852603,M. Hazelwood,L,CH,R,0.79541302602,1.70028478816,11.658111957,-16.0811171252,5.9876784215,F,K,1.67663389203,5.58432232566,81.6470425157,2053.20381282,126.033235745,-0.15
1981,2020,5362,UK,D1 Southeastern Conference,730229504,UNCW,161870574,2020-02-29 13:00:00,1,1,1,0,1032852603,M. Hazelwood,L,FA,R,0.865870041714,2.26319046396,12.1353505431,-16.1019296694,6.05323019552,SS,K,1.90336891623,5.46384060234,87.0089680538,2201.8786274,127.082042541,-0.15
1982,2020,5362,UK,D1 Southeastern Conference,730229504,UNCW,161870574,2020-02-29 13:00:00,1,1,2,0,1032852603,M. Hazelwood,L,FA,R,1.18226450367,2.8097700182,12.9246598047,-17.9998376774,5.83691568226,SS,K,1.94249802988,5.48106530036,87.5467913409,2136.72555494,125.751973487,-0.15
1983,2020,5362,UK,D1 Southeastern Conference,730229504,UNCW,161870574,2020-02-29 13:00:00,1,0,0,1,1032852603,M. Hazelwood,L,FA,L,1.76723781168,2.50149402945,12.5507823073,-15.9164180938,6.2070235451,B,DP,1.9579273846,5.51469006812,87.949941749,2273.14674273,128.332051641,0.13
1984,2020,5362,UK,D1 Southeastern Conference,730229504,UNCW,161870574,2020-02-29 13:00:00,1,1,0,1,1032852603,M. Hazelwood,L,FA,L,0.765012442433,2.26288845896,11.296006044,-17.8075504435,6.12566242215,IP,DP,1.86817236607,5.52502685701,86.9180589308,2232.66395495,122.467944345,-0.21
1985,2020,5362,UK,D1 Southeastern Conference,730229504,UNCW,161870574,2020-02-29 13:00:00,2,0,0,1,1032852603,M. Hazelwood,L,FA,R,-0.252078725305,3.11697675467,13.8692012521,-16.6831906747,6.04544716665,SL,K,2.04370815918,5.66791779097,86.9506233374,2213.73095849,129.807823552,-0.15
1986,2020,5362,UK,D1 Southeastern Conference,730229504,UNCW,161870574,2020-02-29 13:00:00,2,0,1,1,1032852603,M. Hazelwood,L,FA,R,0.747928440767,2.78379600223,13.4226565191,-18.35768089,5.99366864892,F,K,2.23398505386,5.56043090906,88.0760699104,2209.87390868,126.242078148,-0.15
1987,2020,5362,UK,D1 Southeastern Conference,730229504,UNCW,161870574,2020-02-29 13:00:00,2,0,2,1,1032852603,M. Hazelwood,L,FA,R,-0.739593620394,3.2021040872,9.75333103332,-21.8661535833,6.01119409084,SL,K,2.32146466097,5.48287519877,89.9097755762,2335.03156697,114.110092216,-0.15
1988,2020,5362,UK,D1 Southeastern Conference,730229504,UNCW,161870574,2020-02-29 13:00:00,2,0,0,2,1032852603,M. Hazelwood,L,FA,R,1.11914973183,2.78089312943,10.9807289881,-20.3151000311,6.04988272033,SL,K,2.22486104727,5.50776962671,87.0485251892,2285.6733972,118.467245133,-0.15
1989,2020,5362,UK,D1 Southeastern Conference,730229504,UNCW,161870574,2020-02-29 13:00:00,2,0,1,2,1032852603,M. Hazelwood,L,FA,R,-0.14085538148,2.70402852239,13.2233420072,-19.7271847852,5.99590049127,SL,K,2.33543617264,5.49444347181,89.146105852,2247.06608994,123.900774353,-0.15
1990,2020,5362,UK,D1 Southeastern Conference,730229504,UNCW,161870574,2020-02-29 13:00:00,2,0,2,2,1032852603,M. Hazelwood,L,FA,R,-0.247659393538,2.80396531035,14.1022138023,-19.4910531786,5.89486232726,F,K,2.40240004589,5.41943807275,89.6136415589,2291.96797537,125.950309112,0.0
1991,2020,5362,UK,D1 Southeastern Conference,730229504,UNCW,161870574,2020-02-29 13:00:00,2,0,2,2,1032852603,M. Hazelwood,L,SL,R,0.412655824799,3.31500389701,7.69488376566,-0.163178294803,5.55913632801,SS,K,2.2082609724,5.45098261669,81.2295080592,2260.20597134,178.791550684,-0.15
1992,2020,5362,UK,D1 Southeastern Conference,730229504,UNCW,161870574,2020-02-29 13:00:00,3,0,0,0,1032852603,M. Hazelwood,L,FA,R,0.617208760399,4.57327304984,16.634968057,-13.6823517668,5.99255285718,B,S,2.03324897386,5.54180885177,85.4009430167,2143.74935915,140.623634103,0.13
1993,2020,5362,UK,D1 Southeastern Conference,730229504,UNCW,161870574,2020-02-29 13:00:00,3,1,0,0,1032852603,M. Hazelwood,L,FA,R,0.702657799414,2.20825566442,14.2005235756,-13.8669879005,5.98917300047,F,S,2.34128608614,5.58821074943,85.4450296121,2162.42550074,135.75334161,-0.15
1994,2020,5362,UK,D1 Southeastern Conference,730229504,UNCW,161870574,2020-02-29 13:00:00,3,1,1,0,1032852603,M. Hazelwood,L,FA,R,0.175307052095,3.2414417153,14.3126763202,-17.1009094117,5.85623258745,IP,S,2.06253140038,5.56609325263,86.4795931151,2177.16757768,129.997942417,1.0
1995,2020,5362,UK,D1 Southeastern Conference,730229504,UNCW,161870574,2020-02-29 13:00:00,3,0,0,1,1032852603,M. Hazelwood,L,FA,R,-0.332518705633,1.26954192595,9.96814435529,-20.7115302916,5.93710590634,IP,S,1.80195389335,5.35910598924,87.5928463508,2216.13116649,115.77863195,1.0
1996,2020,5362,UK,D1 Southeastern Conference,730229504,UNCW,161870574,2020-02-29 13:00:00,3,0,0,2,1032852603,M. Hazelwood,L,FA,R,-1.53299618561,0.743872564351,13.7227852458,-17.1752656075,6.37588197906,B,K,1.65669688329,5.34414409299,86.5924602939,2230.87011032,128.695399617,0.13
1997,2020,5362,UK,D1 Southeastern Conference,730229504,UNCW,161870574,2020-02-29 13:00:00,3,1,0,2,1032852603,M. Hazelwood,L,FA,R,-0.0840004186026,2.93418504661,15.3759659137,-17.3140377689,6.18248421667,F,K,1.96042975396,5.54623541972,85.5086845304,2291.33527234,131.674229421,-0.15
1998,2020,5362,UK,D1 Southeastern Conference,730229504,UNCW,161870574,2020-02-29 13:00:00,3,1,1,2,1032852603,M. Hazelwood,L,CH,R,0.484392385553,2.6120210626,8.50159740859,-17.3573921652,6.44293125194,F,K,1.95975213821,5.50584584958,76.6276619899,1962.35985078,116.213054196,-0.15
1999,2020,5362,UK,D1 Southeastern Conference,730229504,UNCW,161870574,2020-02-29 13:00:00,3,1,2,2,1032852603,M. Hazelwood,L,FA,R,-0.144314031681,3.32600852682,13.7041253527,-21.2794416048,6.1726180987,B,K,2.1003972122,5.38155726077,89.6510442408,2313.78393973,122.844811149,0.13
2000,2020,5362,UK,D1 Southeastern Conference,730229504,UNCW,161870574,2020-02-29 13:00:00,3,2,2,2,1032852603,M. Hazelwood,L,SL,R,0.771142678527,2.70393151673,5.97227769909,-4.10100514372,5.94612335944,SL,K,2.03484403496,5.55469957611,79.3102419525,2121.78459465,145.710398093,-0.15
2001,2020,5362,UK,D1 Southeastern Conference,730229504,UNCW,161870574,2020-02-29 13:00:00,4,0,0,0,1032852603,M. Hazelwood,L,FA,L,0.366427346055,2.41836118845,15.8556296739,-15.4837544992,6.04261633124,IP,S,2.0961482021,5.57603717229,87.1936401849,2232.59131275,135.74280943,1.0
2002,2020,5362,UK,D1 Southeastern Conference,730229504,UNCW,161870574,2020-02-29 13:00:00,4,0,0,0,1032852603,M. Hazelwood,L,SL,R,0.847615376618,1.05559730646,14.4505329282,-14.7489089076,6.10071970905,SS,IP_OUT,2.00913336226,5.55708173156,79.2317424363,1924.73789595,134.496782431,-0.15
2003,2020,5362,UK,D1 Southeastern Conference,730229504,UNCW,161870574,2020-02-29 13:00:00,4,0,1,0,1032852603,M. Hazelwood,L,SL,R,1.75360274601,2.71536389027,13.678349967,-18.7629143808,6.16937865795,F,IP_OUT,1.71467331031,5.57447131481,80.363595814,1979.93820449,126.172456301,-0.15
2004,2020,5362,UK,D1 Southeastern Conference,730229504,UNCW,161870574,2020-02-29 13:00:00,4,0,0,1,1032852603,M. Hazelwood,L,SL,R,0.600993364314,1.06522658973,6.39475312585,-20.985140843,6.21197519617,SS,K,2.05720565671,5.51650069871,80.3218509139,1961.76401906,107.049007362,-0.15
2005,2020,5362,UK,D1 Southeastern Conference,730229504,UNCW,161870574,2020-02-29 13:00:00,4,0,1,1,1032852603,M. Hazelwood,L,FA,R,-0.164343327754,3.59172457952,15.7253405644,-14.7345388802,6.06456786464,SS,K,1.83559003903,5.44587166426,87.9348877016,2318.01602024,136.925251676,-0.15
2006,2020,5362,UK,D1 Southeastern Conference,730229504,UNCW,161870574,2020-02-29 13:00:00,4,0,2,1,1032852603,M. Hazelwood,L,CH,R,0.913186584066,2.06303373643,14.9079153583,-13.8340606733,6.18386259546,SL,K,1.86890544596,5.49083677534,79.8765907491,1971.17903903,137.217323009,-0.15
2007,2020,5362,UK,D1 Southeastern Conference,730229504,UNCW,161870574,2020-02-29 13:00:00,4,0,0,2,1032852603,M. Hazelwood,L,CH,R,0.337951759973,4.31589457362,13.7771248358,-13.1706421876,6.12657655908,B,K,1.78116660219,5.54025280983,78.5096054999,1877.99102393,136.376995519,0.13
2008,2020,5362,UK,D1 Southeastern Conference,730229504,UNCW,161870574,2020-02-29 13:00:00,4,1,0,2,1032852603,M. Hazelwood,L,CH,R,-0.152143698758,1.10204245444,13.7557358671,-17.4561840901,6.17120080627,B,K,1.83197288461,5.40763076822,83.9846818085,2138.18362922,128.313640547,0.13
2009,2020,5362,UK,D1 Southeastern Conference,730229504,UNCW,161870574,2020-02-29 13:00:00,4,2,0,2,1032852603,M. Hazelwood,L,CH,R,1.03193470272,2.90048811574,14.3429152427,-14.7867763863,5.92849446692,F,K,1.75702140046,5.49018881611,83.6213299364,2168.81931503,134.20287619,-0.15
2010,2020,5362,UK,D1 Southeastern Conference,730229504,UNCW,161870574,2020-02-29 13:00:00,4,2,1,2,1032852603,M. Hazelwood,L,FA,R,0.553460416069,2.29859711168,12.1457259053,-17.0166992663,6.16751529487,F,K,1.77653996473,5.46006091922,86.163520739,2227.84561623,125.596466807,-0.15
2011,2020,5362,UK,D1 Southeastern Conference,730229504,UNCW,161870574,2020-02-29 13:00:00,4,2,2,2,1032852603,M. Hazelwood,L,FA,R,-1.37216601132,0.346767765271,11.0620883798,-18.5823495617,6.18289143601,B,K,1.82134146241,5.27817939365,89.9383000562,2338.58147918,120.839999597,0.13
2012,2020,5362,UK,D1 Southeastern Conference,730229504,UNCW,161870574,2020-02-29 13:00:00,4,3,2,2,1032852603,M. Hazelwood,L,FA,R,-0.694720119267,2.24301343635,15.9060205327,-18.5180100342,6.12337201208,SL,K,1.73420023889,5.51741165491,85.0906852477,2210.97191795,130.72540752,-0.15
2013,2020,5362,UK,D1 Southeastern Conference,730229504,UNCW,161870574,2020-02-29 13:00:00,5,0,0,0,1032852603,M. Hazelwood,L,SL,R,-0.513014955746,2.05309883214,7.78741950486,-12.9277532596,6.04482082362,SL,IP_OUT,1.9787548553,5.61248158107,79.7136932279,1971.48208411,121.19713398,-0.15
2014,2020,5362,UK,D1 Southeastern Conference,730229504,UNCW,161870574,2020-02-29 13:00:00,5,0,1,0,1032852603,M. Hazelwood,L,FA,R,-0.132654899459,1.59990694159,14.1106047919,-15.7644437604,5.95950145574,SS,IP_OUT,2.2320227221,5.55451350143,87.8044330023,2203.39595681,131.900105279,-0.15
2015,2020,5362,UK,D1 Southeastern Conference,730229504,UNCW,161870574,2020-02-29 13:00:00,5,0,2,0,1032852603,M. Hazelwood,L,FA,R,-1.0678937905,3.63764981652,14.8218464067,-14.4675540288,6.18702703431,B,IP_OUT,2.20331446164,5.33717726657,89.7695748811,2268.25839295,135.755772759,0.13
2016,2020,5362,UK,D1 Southeastern Conference,730229504,UNCW,161870574,2020-02-29 13:00:00,5,1,2,0,1032852603,M. Hazelwood,L,FA,R,0.723631609759,3.18057791519,16.3139533665,-16.5725167851,5.89177372964,F,IP_OUT,2.14625034733,5.45660150259,86.8064388021,2267.09704436,134.611698345,0.0
2017,2020,5362,UK,D1 Southeastern Conference,730229504,UNCW,161870574,2020-02-29 13:00:00,5,0,0,1,1032852603,M. Hazelwood,L,CH,R,-0.407875065006,1.88928948032,13.6582508133,-15.1112735437,6.1654693751,SL,T,1.99105281919,5.56732214593,81.3005721874,2080.21396925,132.190688571,-0.15
2018,2020,5362,UK,D1 Southeastern Conference,730229504,UNCW,161870574,2020-02-29 13:00:00,5,0,1,1,1032852603,M. Hazelwood,L,FA,R,1.25503388057,2.93098512284,13.0794834951,-18.0094241284,5.75357716964,IP,T,2.40173176021,5.47823279374,88.0892386644,2241.93767178,126.060266017,1.54
2019,2020,5362,UK,D1 Southeastern Conference,730229504,UNCW,161870574,2020-02-29 13:00:00,5,0,0,1,1032852603,M. Hazelwood,L,FA,R,-0.668001461867,1.16515101538,10.5904393668,-16.0583794099,6.12238639572,B,ROE,1.81302253462,5.44653209634,88.3282683198,2349.61182276,123.488456349,0.13
2020,2020,5362,UK,D1 Southeastern Conference,730229504,UNCW,161870574,2020-02-29 13:00:00,5,1,0,1,1032852603,M. Hazelwood,L,FA,R,0.242405651848,1.32179058892,14.1900625412,-14.5462207581,6.26877493481,IP,ROE,1.94430063694,5.4823585206,85.1143806149,2247.228966,134.362178986,0.0
2021,2020,5362,UK,D1 Southeastern Conference,730229504,UNCW,161870574,2020-02-29 13:00:00,5,0,0,1,1032852603,M. Hazelwood,L,FA,L,-0.561072031224,1.77791654139,12.9169528509,-17.4797243727,5.95987876938,SL,K,1.86157435499,5.56449991037,85.5835145309,2179.40926637,126.539830913,-0.15
2022,2020,5362,UK,D1 Southeastern Conference,730229504,UNCW,161870574,2020-02-29 13:00:00,5,0,1,1,1032852603,M. Hazelwood,L,CH,L,-0.189704176409,2.80818256231,4.69615878656,2.17260265074,5.90348519048,F,K,1.85239921013,5.61531399574,77.0631921576,2158.80354154,204.624117817,-0.15
2023,2020,5362,UK,D1 Southeastern Conference,730229504,UNCW,161870574,2020-02-29 13:00:00,5,0,2,1,1032852603,M. Hazelwood,L,FA,L,-0.44950775631,5.25436461132,16.3940312689,-13.6361839716,5.92501052682,B,K,1.9057346158,5.55044804517,86.9700378601,2228.10656374,140.308348484,0.13
2024,2020,5362,UK,D1 Southeastern Conference,730229504,UNCW,161870574,2020-02-29 13:00:00,5,1,2,1,1032852603,M. Hazelwood,L,FA,L,-2.15153928173,1.9249379985,12.8050001283,-11.2453405026,6.20782991561,B,K,1.82091377818,5.46586815399,89.973910528,2335.300551,138.783498104,0.13
2025,2020,5362,UK,D1 Southeastern Conference,730229504,UNCW,161870574,2020-02-29 13:00:00,5,2,2,1,1032852603,M. Hazelwood,L,FA,L,0.528132164377,2.07774730917,13.3902334019,-14.2954379684,6.33270690493,SL,K,1.86230406915,5.43638257512,85.649324738,2230.82202683,133.204350649,-0.15
2026,2020,5362,UK,D1 Southeastern Conference,730229504,UNCW,161870574,2020-02-29 13:00:00,5,0,0,2,1032852603,M. Hazelwood,L,FA,R,-0.122128516314,2.88648859107,11.6558860635,-17.9424619917,5.99584059039,SL,ROE,2.01553921343,5.46883929349,88.7155437546,2316.23727539,123.084944017,-0.15
2027,2020,5362,UK,D1 Southeastern Conference,730229504,UNCW,161870574,2020-02-29 13:00:00,5,0,1,2,1032852603,M. Hazelwood,L,FA,R,0.883206975804,2.22284298404,13.4819394188,-20.3199618207,5.94601796133,IP,ROE,1.89555756011,5.45191023833,88.1736250486,2285.7744697,123.631023382,0.0
2028,2020,5362,UK,D1 Southeastern Conference,730229504,UNCW,161870574,2020-02-29 13:00:00,5,0,0,2,1032852603,M. Hazelwood,L,SL,L,0.420539805736,2.59135117914,0.0111319556185,6.64403920018,5.48860417718,SL,K,2.05854630629,5.57710378658,75.7682839127,2132.97293406,269.500951658,-0.15
2029,2020,5362,UK,D1 Southeastern Conference,730229504,UNCW,161870574,2020-02-29 13:00:00,5,0,1,2,1032852603,M. Hazelwood,L,FA,L,-0.507730976282,2.03033870208,9.47715991988,-20.8413416275,6.28823448466,SL,K,2.18811102612,5.43116178136,87.965405254,2309.53412711,114.530397438,-0.15
2030,2020,5362,UK,D1 Southeastern Conference,730229504,UNCW,161870574,2020-02-29 13:00:00,5,0,2,2,1032852603,M. Hazelwood,L,FA,L,-0.316396178616,3.59976956455,13.9454687421,-15.2577258868,5.96334701143,B,K,1.82193693433,5.53039957834,87.1808428603,2241.43292302,132.498964796,0.13
2031,2020,5362,UK,D1 Southeastern Conference,730229504,UNCW,161870574,2020-02-29 13:00:00,5,1,2,2,1032852603,M. Hazelwood,L,SL,L,-1.01245508596,1.5881380708,-0.422429173811,7.93602078489,5.51177873797,SS,K,2.05903551792,5.63531085243,75.8229908215,2305.22955918,272.711011276,-0.15
2032,2020,5362,UK,D1 Southeastern Conference,730229504,UNCW,161870574,2020-02-29 13:00:00,6,0,0,0,1032852603,M. Hazelwood,L,SL,R,1.49868924088,1.80371093368,10.6182560504,-16.4295434265,6.02429236212,SS,IP_OUT,1.96645946118,5.59242602019,81.0182960182,2059.24876287,122.972109478,-0.15
2033,2020,5362,UK,D1 Southeastern Conference,730229504,UNCW,161870574,2020-02-29 13:00:00,6,0,1,0,1032852603,M. Hazelwood,L,SL,R,-0.0647567892609,3.0833237661,10.3173631979,-16.3061120165,6.12756169464,SL,IP_OUT,1.94056866701,5.57661728241,79.7470170097,2041.78812779,122.425291247,-0.15
2034,2020,5362,UK,D1 Southeastern Conference,730229504,UNCW,161870574,2020-02-29 13:00:00,6,0,0,1,1032852603,M. Hazelwood,L,FA,R,-0.895596307468,2.31363841653,14.6630657457,-17.2858396875,6.12028006665,B,IP_OUT,2.25132618458,5.52429120729,87.3531690272,2256.49231626,130.373574469,0.13
2035,2020,5362,UK,D1 Southeastern Conference,730229504,UNCW,161870574,2020-02-29 13:00:00,6,1,0,1,1032852603,M. Hazelwood,L,SL,R,1.29517219248,2.58243458738,9.29468735211,-15.2484121781,6.42866915468,SS,IP_OUT,2.1240879046,5.48417487997,79.0477146331,1998.42754591,121.477828827,-0.15
2036,2020,5362,UK,D1 Southeastern Conference,730229504,UNCW,161870574,2020-02-29 13:00:00,6,0,0,2,1032852603,M. Hazelwood,L,SL,R,0.284263856741,2.00791939423,0.961872033916,6.24381048558,5.69823495189,F,IP_OUT,2.06436945295,5.51360729436,74.6616124053,2078.24770775,260.811709869,-0.15
2037,2020,5362,UK,D1 Southeastern Conference,730229504,UNCW,161870574,2020-02-29 13:00:00,7,0,0,0,1032852603,M. Hazelwood,L,SL,R,0.326143230544,2.73016961178,10.4495177173,-17.114437464,5.88951745251,IP,S,1.71165388906,5.6557230579,79.8660599878,2015.29117393,121.507914477,1.0
2038,2020,5362,UK,D1 Southeastern Conference,730229504,UNCW,161870574,2020-02-29 13:00:00,7,0,0,0,1032852603,M. Hazelwood,L,CH,R,0.0433202876519,2.73797996913,11.6964495622,-17.7541811566,6.18230087938,IP,DP,2.02312089887,5.51759098758,84.744984436,2132.74773042,123.45938284,-0.21
2039,2020,5362,UK,D1 Southeastern Conference,730229504,UNCW,161870574,2020-02-29 13:00:00,7,0,0,2,1032852603,M. Hazelwood,L,FA,R,-1.11435094642,2.74333426091,10.936630204,-18.3324222231,6.0026368461,B,K,2.11556051635,5.47736490172,84.3664226245,2183.13600124,120.906680322,0.13
2040,2020,5362,UK,D1 Southeastern Conference,730229504,UNCW,161870574,2020-02-29 13:00:00,7,1,0,2,1032852603,M. Hazelwood,L,SL,R,-0.656351251273,1.97243988773,12.3137184979,-14.075245314,6.02978238185,SS,K,1.99040389683,5.56582642966,79.1252275906,1993.8798051,131.278044687,-0.15
2041,2020,5362,UK,D1 Southeastern Conference,730229504,UNCW,161870574,2020-02-29 13:00:00,7,1,1,2,1032852603,M. Hazelwood,L,FA,R,-0.82306787478,2.85662501333,15.7171881207,-16.5049429496,5.99675283835,F,K,2.23707765212,5.52709420908,86.8665363589,2213.81074266,133.66366058,-0.15
2042,2020,5362,UK,D1 Southeastern Conference,730229504,UNCW,161870574,2020-02-29 13:00:00,7,1,2,2,1032852603,M. Hazelwood,L,SL,R,1.08349390225,2.38282131714,3.66844917127,11.6840617002,5.44839591196,SL,K,2.08237948926,5.38120097634,75.9570199605,2280.12508208,252.362124642,-0.15
2043,2020,5362,UK,D1 Southeastern Conference,730229504,UNCW,161870574,2020-02-29 13:00:00,8,0,0,0,1833750009,C. Coleman,R,FA,L,-1.02776607949,1.04294878403,15.4334180159,22.9046932518,6.08978667745,B,K,-2.05193282265,4.83261646234,91.6814912986,2499.60194989,235.973263514,0.13
2044,2020,5362,UK,D1 Southeastern Conference,730229504,UNCW,161870574,2020-02-29 13:00:00,8,1,0,0,1833750009,C. Coleman,R,FA,L,-0.304026747977,1.63197029822,19.1701132924,22.6107537765,6.07488642762,SS,K,-1.95557768695,4.92399873059,92.0099306466,2483.87155399,229.661658417,-0.15
2045,2020,5362,UK,D1 Southeastern Conference,730229504,UNCW,161870574,2020-02-29 13:00:00,8,1,1,0,1833750009,C. Coleman,R,FA,L,1.04525816124,1.5418472437,17.1288784409,19.853004283,5.98682712462,B,K,-2.03418519224,4.83749591479,91.9114985967,2465.21968224,229.160806237,0.13
2046,2020,5362,UK,D1 Southeastern Conference,730229504,UNCW,161870574,2020-02-29 13:00:00,8,2,1,0,1833750009,C. Coleman,R,FA,L,-0.245876282435,1.72810084529,13.4839751393,25.1567783775,5.92663400354,SS,K,-2.03884383078,4.86595898676,91.3636142305,2427.32976774,241.752372237,-0.15
2047,2020,5362,UK,D1 Southeastern Conference,730229504,UNCW,161870574,2020-02-29 13:00:00,8,2,2,0,1833750009,C. Coleman,R,FA,L,0.132520166907,1.41454748434,14.6419663809,23.4289981127,6.0071633634,SL,K,-1.85630338904,4.8697375494,91.7954498196,2355.60792914,237.940964835,-0.15
2048,2020,5362,UK,D1 Southeastern Conference,730229504,UNCW,161870574,2020-02-29 13:00:00,8,0,0,1,1833750009,C. Coleman,R,FA,R,0.10933797833,2.64464123254,15.6541114708,24.24089974,6.02040623939,SL,K,-1.85810940613,4.95858874686,92.22106222,2487.17357551,237.09473583,-0.15
2049,2020,5362,UK,D1 Southeastern Conference,730229504,UNCW,161870574,2020-02-29 13:00:00,8,0,1,1,1833750009,C. Coleman,R,FA,R,0.566930294757,1.93320047353,19.3687987596,20.3248697383,5.9583751344,SL,K,-1.85922062714,4.95606662039,93.2364400691,2515.43754181,226.334440142,-0.15
2050,2020,5362,UK,D1 Southeastern Conference,730229504,UNCW,161870574,2020-02-29 13:00:00,8,0,2,1,1833750009,C. Coleman,R,SL,R,0.375736918237,2.97031701299,1.15134910166,-6.72853568294,5.30367641924,SS,K,-2.00736909661,4.75334117784,79.6370963935,2356.80261103,100.058876507,-0.15
2051,2020,5362,UK,D1 Southeastern Conference,730229504,UNCW,161870574,2020-02-29 13:00:00,8,0,0,2,1833750009,C. Coleman,R,FA,L,-1.17597328156,1.94190757964,15.4451949163,23.4229583798,5.9766321049,B,K,-1.91629901519,4.87027909519,92.214949161,2541.80869276,236.545651266,0.13
2052,2020,5362,UK,D1 Southeastern Conference,730229504,UNCW,161870574,2020-02-29 13:00:00,8,1,0,2,1833750009,C. Coleman,R,FA,L,0.0397232789222,2.87400452464,15.5436231629,19.0262676635,6.03934486427,SS,K,-1.99384321317,4.94404325985,92.4475554961,2537.75856468,230.696660496,-0.15
2053,2020,5362,UK,D1 Southeastern Conference,730229504,UNCW,161870574,2020-02-29 13:00:00,8,1,1,2,1833750009,C. Coleman,R,FA,L,-1.37180063922,0.482361230324,13.6929112653,20.1413156812,5.85267790034,B,K,-2.0446846862,4.90152270841,92.4013441895,2494.58139069,235.729554965,0.13
2054,2020,5362,UK,D1 Southeastern Conference,730229504,UNCW,161870574,2020-02-29 13:00:00,8,2,1,2,1833750009,C. Coleman,R,FA,L,-2.39608586612,3.00367177011,14.3670642576,19.8692906987,5.92800537458,B,K,-2.091540964,4.90998082523,92.0404121043,2538.35104838,234.070274411,0.13
2055,2020,5362,UK,D1 Southeastern Conference,730229504,UNCW,161870574,2020-02-29 13:00:00,8,3,1,2,1833750009,C. Coleman,R,FA,L,-1.19892287889,2.30455695547,16.2826181945,20.389224437,6.07041237765,SL,K,-2.02221663213,4.91216076972,92.8446412903,2602.11074878,231.33694399,-0.15
2056,2020,5362,UK,D1 Southeastern Conference,730229504,UNCW,161870574,2020-02-29 13:00:00,8,3,2,2,1833750009,C. Coleman,R,FA,L,0.0375276322259,2.01196659601,16.9844652153,21.7915381634,5.97012525041,SS,K,-1.86681326345,4.96040104851,93.1867626004,2418.46199666,232.017121619,-0.15
2057,2020,5362,UK,D1 Southeastern Conference,730229504,UNCW,161870574,2020-02-29 13:00:00,9,0,0,0,1628677208,C. Daniels,L,SL,L,-0.603786169693,2.22835560029,0.672215995544,21.402123426,4.92324306285,SL,K,2.35399249121,5.49159746716,73.2876921651,2281.57827773,268.063439678,-0.15
2058,2020,5362,UK,D1 Southeastern Conference,730229504,UNCW,161870574,2020-02-29 13:00:00,9,0,1,0,1628677208,C. Daniels,L,SL,L,-1.03392589861,0.20724884514,-4.08681868123,17.4893282844,4.75850397704,SS,K,2.36989762173,5.51360069649,74.3079264845,2269.01506244,282.997129089,-0.15
2059,2020,5362,UK,D1 Southeastern Conference,730229504,UNCW,161870574,2020-02-29 13:00:00,9,0,2,0,1628677208,C. Daniels,L,SL,L,-0.625900853909,1.70199272648,-2.65948862295,16.5596118084,4.97957587234,SS,K,2.41121118695,5.4572980526,73.7559753467,2122.48159504,278.955048981,-0.15
2060,2020,5362,UK,D1 Southeastern Conference,730229504,UNCW,161870574,2020-02-29 13:00:00,9,0,0,2,1632235451,H. Rigsby,R,FA,L,0.493469567897,2.74075653178,21.9567702202,7.23747550739,6.90246527883,F,K,-1.89598453368,6.05019863477,91.9474067579,2269.41364815,198.220219035,-0.15
2061,2020,5362,UK,D1 Southeastern Conference,730229504,UNCW,161870574,2020-02-29 13:00:00,9,0,1,2,1632235451,H. Rigsby,R,FA,L,-2.23023629264,2.22917922985,22.7064318722,7.40723340919,6.69705817197,B,K,-2.16069592804,6.06389357603,92.2915531727,2351.72751009,198.045008901,0.13
2062,2020,5362,UK,D1 Southeastern Conference,730229504,UNCW,161870574,2020-02-29 13:00:00,9,1,1,2,1632235451,H. Rigsby,R,FA,L,1.0382556209,1.51517736102,21.2102393595,1.19437846429,6.830739634,B,K,-1.74139480296,6.13475466385,91.7316387174,2239.55342708,183.218427632,0.13
2063,2020,5362,UK,D1 Southeastern Conference,730229504,UNCW,161870574,2020-02-29 13:00:00,9,2,1,2,1632235451,H. Rigsby,R,FA,L,-0.827804341818,2.62220886985,21.0763429524,-0.280744538671,6.98443067001,SL,K,-2.10084732152,6.20755235769,89.7391566797,2258.43445528,179.237978262,-0.15
2064,2020,5362,UK,D1 Southeastern Conference,730229504,UNCW,161870574,2020-02-29 13:00:00,9,2,2,2,1632235451,H. Rigsby,R,FA,L,-0.796849627352,1.68477377804,22.2531864306,3.54782388013,6.88221178704,SS,K,-1.88448149456,6.05641053526,93.0658326587,2301.20020478,189.046658696,-0.15
2065,2020,5362,UK,D1 Southeastern Conference,730229504,UNCW,290069415,2020-02-28 13:00:00,1,0,0,0,1141323009,J. Ramsey,R,FA,L,-1.27875833382,2.34561268677,12.8111480847,11.9092152956,6.78171579396,SL,S,-2.73739537835,6.39644318105,89.4265414925,2307.36436305,222.840457009,-0.15
2066,2020,5362,UK,D1 Southeastern Conference,730229504,UNCW,290069415,2020-02-28 13:00:00,1,0,1,0,1141323009,J. Ramsey,R,FA,L,-1.34170442253,3.485015989,9.97221304927,10.0495912259,6.78876933383,B,S,-2.80833138291,6.27817794293,88.9110958025,2319.51534694,225.130337845,0.13
2067,2020,5362,UK,D1 Southeastern Conference,730229504,UNCW,290069415,2020-02-28 13:00:00,1,1,1,0,1141323009,J. Ramsey,R,CH,L,-1.86060214365,2.0836899081,16.372622349,13.1953163047,6.49430405919,B,S,-2.97096078592,6.2431806015,83.9380740776,1730.83363082,218.804438233,0.13
2068,2020,5362,UK,D1 Southeastern Conference,730229504,UNCW,290069415,2020-02-28 13:00:00,1,2,1,0,1141323009,J. Ramsey,R,FA,L,0.648991461897,2.88902396335,16.0907210292,12.9760681065,6.74393409798,SL,S,-2.68661923379,6.38784674152,89.3530873309,2294.6022847,218.8283357,-0.15
2069,2020,5362,UK,D1 Southeastern Conference,730229504,UNCW,290069415,2020-02-28 13:00:00,1,2,2,0,1141323009,J. Ramsey,R,FA,L,0.459604735948,0.0955669545218,14.8101998561,10.5706792807,6.9365128496,B,S,-2.5571813832,6.30992700644,89.6661381538,2334.0591142,215.459815128,0.13
2070,2020,5362,UK,D1 Southeastern Conference,730229504,UNCW,290069415,2020-02-28 13:00:00,1,3,2,0,1141323009,J. Ramsey,R,FA,L,-0.135186543658,2.71853920932,13.1797971201,11.7560400843,6.90476109374,F,S,-2.68657437651,6.37876032343,88.4688092138,2209.35432813,221.663370338,0.0
2071,2020,5362,UK,D1 Southeastern Conference,730229504,UNCW,290069415,2020-02-28 13:00:00,1,3,2,0,1141323009,J. Ramsey,R,FA,L,-0.0468508559201,2.14837461683,11.333740992,11.3300884683,6.92093731603,IP,S,-2.7081208507,6.45596470697,88.7871972677,2238.19144842,224.910890382,1.0
2072,2020,5362,UK,D1 Southeastern Conference,730229504,UNCW,290069415,2020-02-28 13:00:00,1,0,0,0,1141323009,J. Ramsey,R,FA,R,-0.681456104233,1.73787024658,4.75329591507,14.6977444764,6.70984291289,SL,S,-2.8307045793,6.16253844028,86.8442152876,2140.11383888,251.960525635,-0.15
2073,2020,5362,UK,D1 Southeastern Conference,730229504,UNCW,290069415,2020-02-28 13:00:00,1,0,1,0,1141323009,J. Ramsey,R,FA,R,0.405663597943,1.66741474973,4.80398235081,15.0930058771,6.85482347036,F,S,-2.71901828532,6.02544051209,87.6447371731,2239.09399641,252.231627394,-0.15
2074,2020,5362,UK,D1 Southeastern Conference,730229504,UNCW,290069415,2020-02-28 13:00:00,1,0,2,0,1141323009,J. Ramsey,R,FA,R,-1.37559589394,4.58891135441,13.6862799345,11.9757178718,6.49611667037,B,S,-2.70718355168,6.34179564388,86.8656789062,2220.69400417,221.116182554,0.13
2075,2020,5362,UK,D1 Southeastern Conference,730229504,UNCW,290069415,2020-02-28 13:00:00,1,1,2,0,1141323009,J. Ramsey,R,FA,R,0.484090860762,1.78189766693,7.04516790779,13.7428172233,6.77313587056,IP,S,-2.75120618438,6.21822686525,87.7225984168,2243.11670039,242.751172195,1.0
2076,2020,5362,UK,D1 Southeastern Conference,730229504,UNCW,290069415,2020-02-28 13:00:00,1,0,0,0,1141323009,J. Ramsey,R,CH,L,-0.82065785475,2.73750574845,9.20199519834,10.1732142737,6.70602715754,F,S,-2.91959486198,6.14125447321,83.0662092994,1672.64624564,227.754857887,-0.15
2077,2020,5362,UK,D1 Southeastern Conference,730229504,UNCW,290069415,2020-02-28 13:00:00,1,0,1,0,1141323009,J. Ramsey,R,FA,L,-0.426510571576,3.18616720378,15.8239200948,11.2047034889,6.77147755874,F,S,-2.82037047939,6.30476926152,88.2817908401,2226.26833608,215.246431446,-0.15
2078,2020,5362,UK,D1 Southeastern Conference,730229504,UNCW,290069415,2020-02-28 13:00:00,1,0,2,0,1141323009,J. Ramsey,R,SL,L,-0.361140425535,1.85131540829,-0.0320551757763,-5.30929794818,6.31705480613,F,S,-2.83629075613,6.15178743722,79.6832960738,1992.13777885,90.0892459972,0.0
2079,2020,5362,UK,D1 Southeastern Conference,730229504,UNCW,290069415,2020-02-28 13:00:00,1,0,2,0,1141323009,J. Ramsey,R,FA,L,-0.143138897133,1.0988459047,9.15499089088,15.892501128,6.85787589053,IP,S,-2.69397592733,6.23639614059,88.1692367251,2312.73017304,239.96861491,1.0
2080,2020,5362,UK,D1 Southeastern Conference,730229504,UNCW,290069415,2020-02-28 13:00:00,1,0,0,0,1141323009,J. Ramsey,R,CH,R,-0.18255097786,1.30714586707,10.6325495294,15.4077690382,6.87143388107,F,K,-2.86135154994,6.05140678133,81.8415972369,1680.17178527,235.295890457,-0.15
2081,2020,5362,UK,D1 Southeastern Conference,730229504,UNCW,290069415,2020-02-28 13:00:00,1,0,1,0,1141323009,J. Ramsey,R,FA,R,0.846586312441,0.731526184874,6.03759575184,14.5037563067,6.86181974338,B,K,-2.63806293475,6.24273217411,88.7619720374,2227.36523202,247.291073301,0.13
2082,2020,5362,UK,D1 Southeastern Conference,730229504,UNCW,290069415,2020-02-28 13:00:00,1,1,1,0,1141323009,J. Ramsey,R,CH,R,-1.0280668654,2.39170791074,11.9030987205,12.8529937664,6.79184175144,SL,K,-2.77270035667,6.16002690613,82.9578376255,1641.91014607,227.108784788,-0.15
2083,2020,5362,UK,D1 Southeastern Conference,730229504,UNCW,290069415,2020-02-28 13:00:00,1,1,2,0,1141323009,J. Ramsey,R,FA,R,0.333147512895,3.87263782885,15.089903495,10.074009463,6.86075898692,F,K,-2.73570825157,6.31186195125,89.0463195779,2388.37206177,213.671592441,0.0
2084,2020,5362,UK,D1 Southeastern Conference,730229504,UNCW,290069415,2020-02-28 13:00:00,1,1,2,0,1141323009,J. Ramsey,R,CH,R,-0.830309326752,2.35894084821,9.35177421501,14.3368050285,6.42992849432,F,K,-2.61840749982,6.20864288247,82.1007753455,1692.85509424,236.777404406,0.0
2085,2020,5362,UK,D1 Southeastern Conference,730229504,UNCW,290069415,2020-02-28 13:00:00,1,1,2,0,1141323009,J. Ramsey,R,SL,R,0.230007499115,2.92447884507,3.51199097315,-9.45116291596,6.05545946713,SL,K,-2.60288636303,6.19338618093,79.8355973371,2071.0420896,110.604466804,-0.15
2086,2020,5362,UK,D1 Southeastern Conference,730229504,UNCW,290069415,2020-02-28 13:00:00,1,0,0,1,1141323009,J. Ramsey,R,CH,L,-1.30958593449,3.33746938437,11.7962671369,13.7882578198,6.61643212934,B,S,-2.7178592492,6.17533353381,82.5510951696,1608.1907562,229.361482936,0.13
2087,2020,5362,UK,D1 Southeastern Conference,730229504,UNCW,290069415,2020-02-28 13:00:00,1,1,0,1,1141323009,J. Ramsey,R,CH,L,0.658536869763,1.38030433886,10.4971295333,8.98238217675,6.12956262836,F,S,-2.73890365568,6.21599695042,82.4046064895,1664.05328176,220.450999824,-0.15
2088,2020,5362,UK,D1 Southeastern Conference,730229504,UNCW,290069415,2020-02-28 13:00:00,1,1,1,1,1141323009,J. Ramsey,R,CH,L,-0.476182807938,1.94935667922,5.83964957907,11.2655866211,6.28809523115,IP,S,-2.80557257084,6.06942803204,83.0391558865,1667.50813294,242.450740063,1.0
2089,2020,5362,UK,D1 Southeastern Conference,730229504,UNCW,290069415,2020-02-28 13:00:00,1,0,0,1,1141323009,J. Ramsey,R,FA,R,-1.10425703653,3.96913177929,9.14161307632,13.4145127547,6.80575136286,B,K,-2.89937862589,6.20654975321,87.3983508874,2259.61118047,235.62999336,0.13
2090,2020,5362,UK,D1 Southeastern Conference,730229504,UNCW,290069415,2020-02-28 13:00:00,1,1,0,1,1141323009,J. Ramsey,R,CH,R,-2.59683174779,2.7539217206,8.90724349823,12.8696083788,6.35309868875,B,K,-2.85818695129,6.15600448864,82.1647545192,1630.6068792,235.198301654,0.13
2091,2020,5362,UK,D1 Southeastern Conference,730229504,UNCW,290069415,2020-02-28 13:00:00,1,2,0,1,1141323009,J. Ramsey,R,FA,R,0.432554725694,2.12549666075,9.60866433872,13.2533333194,6.78279166504,SL,K,-2.67983515601,6.19371704844,87.1411784146,2324.59882921,233.963914508,-0.15
2092,2020,5362,UK,D1 Southeastern Conference,730229504,UNCW,290069415,2020-02-28 13:00:00,1,2,1,1,1141323009,J. Ramsey,R,FA,R,-0.620349411266,3.32108610483,3.64785669446,13.6274596951,6.74002733819,SL,K,-2.62096571886,6.2353409652,87.4944345213,2207.35433202,254.88427125,-0.15
2093,2020,5362,UK,D1 Southeastern Conference,730229504,UNCW,290069415,2020-02-28 13:00:00,1,2,2,1,1141323009,J. Ramsey,R,SL,R,-0.692069349132,2.95021896507,6.04418910264,-1.2302048879,6.197105172,SL,K,-2.73215310045,6.28462643451,80.1531491431,2197.76863496,168.568320724,-0.15
2094,2020,5362,UK,D1 Southeastern Conference,730229504,UNCW,290069415,2020-02-28 13:00:00,1,0,0,2,1141323009,J. Ramsey,R,FA,L,-0.878354363534,3.51449779068,6.91670431466,16.4971996192,6.87429062951,B,IP_OUT,-2.83872222579,6.13834667024,88.0616573594,2280.97138621,247.158140151,0.13
2095,2020,5362,UK,D1 Southeastern Conference,730229504,UNCW,290069415,2020-02-28 13:00:00,1,1,0,2,1141323009,J. Ramsey,R,FA,L,-0.869709502653,4.36406907217,7.56460032072,10.4311968809,6.78976419969,B,IP_OUT,-2.65005730327,6.149393785,87.296704453,2197.27718591,233.932896963,0.13
2096,2020,5362,UK,D1 Southeastern Conference,730229504,UNCW,290069415,2020-02-28 13:00:00,2,0,0,0,1141323009,J. Ramsey,R,FA,R,-0.879690214056,1.56851032018,6.31705837135,14.1810678045,6.74370187247,SL,IP_OUT,-2.68615572182,6.07629696808,88.5235638101,2285.08023892,245.881132807,-0.15
2097,2020,5362,UK,D1 Southeastern Conference,730229504,UNCW,290069415,2020-02-28 13:00:00,2,0,1,0,1141323009,J. Ramsey,R,FA,R,-0.038591499278,1.05995934717,6.46867094589,15.060181024,6.71505698827,B,IP_OUT,-2.72693584375,6.21503529861,88.3933991927,2252.6654257,246.651428887,0.13
2098,2020,5362,UK,D1 Southeastern Conference,730229504,UNCW,290069415,2020-02-28 13:00:00,2,0,0,1,1141323009,J. Ramsey,R,CH,L,-0.490205781607,1.13430430968,11.6150327187,10.6310465839,6.73500955358,SS,IP_OUT,-2.9692602877,6.06339612538,84.0579276731,1743.05879296,222.379090623,-0.15
2099,2020,5362,UK,D1 Southeastern Conference,730229504,UNCW,290069415,2020-02-28 13:00:00,2,0,1,1,1141323009,J. Ramsey,R,CH,L,-1.62938364639,2.18304406979,11.769713205,12.6755496772,6.17370958523,B,IP_OUT,-2.80616828156,6.19656120963,82.148932646,1593.56336438,227.028684148,0.13
2100,2020,5362,UK,D1 Southeastern Conference,730229504,UNCW,290069415,2020-02-28 13:00:00,2,1,1,1,1141323009,J. Ramsey,R,FA,L,-0.0502029684391,2.79245405316,10.8857085713,15.0290302273,6.76695381282,SL,IP_OUT,-2.64038568826,6.34195447943,89.2386826564,2293.74321499,234.003973276,-0.15
2101,2020,5362,UK,D1 Southeastern Conference,730229504,UNCW,290069415,2020-02-28 13:00:00,3,0,0,0,1141323009,J. Ramsey,R,CH,R,-0.2305041342,1.4441827741,7.07846708161,18.8571119404,6.24223464367,SS,K,-2.88271596603,6.01354296254,82.9746884137,1638.80528605,249.324784166,-0.15
2102,2020,5362,UK,D1 Southeastern Conference,730229504,UNCW,290069415,2020-02-28 13:00:00,3,0,1,0,1141323009,J. Ramsey,R,FA,R,0.485494930848,1.94376674937,8.2675200521,16.0233975509,6.89240878693,SS,K,-2.63375291668,6.17602121549,87.0277032943,2262.98390149,242.612976104,-0.15
2103,2020,5362,UK,D1 Southeastern Conference,730229504,UNCW,290069415,2020-02-28 13:00:00,3,0,2,0,1141323009,J. Ramsey,R,SL,R,0.728399046254,3.30299930348,6.59998275811,-2.7616086076,6.42138279686,B,K,-2.58133706207,6.15825768362,80.3771136113,2195.29276056,157.417843389,0.13
2104,2020,5362,UK,D1 Southeastern Conference,730229504,UNCW,290069415,2020-02-28 13:00:00,3,1,2,0,1141323009,J. Ramsey,R,FA,R,0.815942481831,1.72491525896,7.41013530618,18.2680194526,6.85165344145,SL,K,-2.56209425988,6.18931470478,87.5207541823,2300.88085297,247.831592386,-0.15
2105,2020,5362,UK,D1 Southeastern Conference,730229504,UNCW,290069415,2020-02-28 13:00:00,3,0,0,1,1141323009,J. Ramsey,R,SL,L,-1.46786205822,3.22995152941,3.82633102406,-4.5548479879,6.12731722129,B,S,-2.8019772524,6.1431446625,78.8149142882,2117.14657043,130.342775628,0.13
2106,2020,5362,UK,D1 Southeastern Conference,730229504,UNCW,290069415,2020-02-28 13:00:00,3,1,0,1,1141323009,J. Ramsey,R,FA,L,-2.01317858088,4.83105520023,5.74983036433,14.7571485243,6.60410783623,B,S,-2.7501918459,6.2128378194,87.8149243224,2194.60939802,248.602186365,0.13
2107,2020,5362,UK,D1 Southeastern Conference,730229504,UNCW,290069415,2020-02-28 13:00:00,3,2,0,1,1141323009,J. Ramsey,R,CH,L,-0.755326121914,2.26173985846,16.6457946415,9.83938270238,6.23188608823,F,S,-2.75528210204,6.20269585116,83.2264629525,1828.04469932,210.531485841,-0.15
2108,2020,5362,UK,D1 Southeastern Conference,730229504,UNCW,290069415,2020-02-28 13:00:00,3,2,1,1,1141323009,J. Ramsey,R,FA,L,0.935007425616,3.99980953732,11.583192739,9.6560554735,6.70496279404,B,S,-2.6367416126,6.27989864302,87.7648689322,2230.91362729,219.735619253,0.13
2109,2020,5362,UK,D1 Southeastern Conference,730229504,UNCW,290069415,2020-02-28 13:00:00,3,3,1,1,1141323009,J. Ramsey,R,FA,L,-0.473730166845,2.69333617784,8.58341404237,15.8584195778,6.8678547609,F,S,-2.73765170457,6.16877843572,86.3955360101,2198.74683245,241.481572923,-0.15
2110,2020,5362,UK,D1 Southeastern Conference,730229504,UNCW,290069415,2020-02-28 13:00:00,3,3,2,1,1141323009,J. Ramsey,R,FA,L,-0.183086900582,1.65259299925,7.82512998252,16.3322972394,6.96459128335,IP,S,-2.73141974945,6.20204278537,87.8193373791,2270.29708633,244.307281781,1.0
2111,2020,5362,UK,D1 Southeastern Conference,730229504,UNCW,290069415,2020-02-28 13:00:00,3,0,0,1,1141323009,J. Ramsey,R,CH,R,0.027499573878,0.753731790013,6.9880348386,14.3254798762,6.40307616572,SS,K,-2.83242172474,6.09798087339,81.5413402527,1574.36398018,243.871249633,-0.15
2112,2020,5362,UK,D1 Southeastern Conference,730229504,UNCW,290069415,2020-02-28 13:00:00,3,0,1,1,1141323009,J. Ramsey,R,FA,R,0.571643651324,3.12495466478,7.34678601864,13.4996528244,6.6547191559,B,K,-2.72772854991,6.31696532517,88.0842179035,2234.36694792,241.337215248,0.13
2113,2020,5362,UK,D1 Southeastern Conference,730229504,UNCW,290069415,2020-02-28 13:00:00,3,1,1,1,1141323009,J. Ramsey,R,FA,R,-0.281274807355,2.55081731728,8.2555475449,17.9775316606,6.50639250424,SS,K,-2.77457451466,6.31435356872,87.0965790864,2267.74644774,245.244776933,-0.15
2114,2020,5362,UK,D1 Southeastern Conference,730229504,UNCW,290069415,2020-02-28 13:00:00,3,1,2,1,1141323009,J. Ramsey,R,FA,R,0.694444504982,1.59438178953,8.81571365948,14.9983148466,6.80587736935,SS,K,-2.62669239246,6.21036807574,86.7484532992,2248.20321584,239.458139831,-0.15
2115,2020,5362,UK,D1 Southeastern Conference,730229504,UNCW,290069415,2020-02-28 13:00:00,3,0,0,2,1141323009,J. Ramsey,R,FA,L,-0.156477559369,2.67104436072,8.57719277425,18.0291515103,6.73590009416,SL,S,-2.77849129141,6.26321619765,86.3054655811,2172.89624136,244.470371548,-0.15
2116,2020,5362,UK,D1 Southeastern Conference,730229504,UNCW,290069415,2020-02-28 13:00:00,3,0,1,2,1141323009,J. Ramsey,R,SL,L,0.275443212835,1.7339784112,5.7324020572,0.177029473448,6.11491485497,IP,S,-2.85062830126,6.16107496936,79.4037065572,2109.20890921,181.756203332,1.0
2117,2020,5362,UK,D1 Southeastern Conference,730229504,UNCW,290069415,2020-02-28 13:00:00,3,0,0,2,1141323009,J. Ramsey,R,FA,R,-0.624530075809,3.16839305671,11.3428986625,12.4725281233,6.80064101803,F,K,-2.84624610363,6.28797874971,87.2752043574,2281.5998143,227.632169635,-0.15
2118,2020,5362,UK,D1 Southeastern Conference,730229504,UNCW,290069415,2020-02-28 13:00:00,3,0,1,2,1141323009,J. Ramsey,R,FA,R,0.50678853478,1.78531515115,8.34607360911,14.42860428,6.7448635915,SL,K,-2.73648288779,6.19190904856,87.3450040323,2261.34488552,239.854368054,-0.15
2119,2020,5362,UK,D1 Southeastern Conference,730229504,UNCW,290069415,2020-02-28 13:00:00,3,0,2,2,1141323009,J. Ramsey,R,SL,R,1.53535753988,0.375933434035,3.51878571103,-3.78806133117,6.4673486225,B,K,-2.77029061491,6.22735950709,80.6478881336,2100.27138091,133.209911934,0.13
2120,2020,5362,UK,D1 Southeastern Conference,730229504,UNCW,290069415,2020-02-28 13:00:00,3,1,2,2,1141323009,J. Ramsey,R,FA,R,-0.448227048903,4.34753417578,7.0019819615,9.77572662242,6.6068725541,B,K,-2.59885293669,6.29786684252,85.5214982509,2131.90615402,234.254028635,0.13
2121,2020,5362,UK,D1 Southeastern Conference,730229504,UNCW,290069415,2020-02-28 13:00:00,3,2,2,2,1141323009,J. Ramsey,R,FA,R,-0.942701472116,2.71297326817,5.13469609979,13.866915447,6.73535206849,F,K,-2.74354450296,6.31101227453,85.1035998235,2141.12914784,249.553951746,0.0
2122,2020,5362,UK,D1 Southeastern Conference,730229504,UNCW,290069415,2020-02-28 13:00:00,3,2,2,2,1141323009,J. Ramsey,R,SL,R,-1.37481389685,4.23918154405,5.977660349,-4.04489335095,6.08395879135,B,K,-2.64867591638,6.25872631414,77.6056314888,1956.75257881,146.106695578,0.13
2123,2020,5362,UK,D1 Southeastern Conference,730229504,UNCW,290069415,2020-02-28 13:00:00,3,3,2,2,1141323009,J. Ramsey,R,CH,R,-0.044500591194,1.03755644311,8.94792641688,13.620031726,6.34273690161,SS,K,-2.80891938517,6.22272931793,82.0314607168,1605.24789547,236.584599048,-0.15
2124,2020,5362,UK,D1 Southeastern Conference,730229504,UNCW,290069415,2020-02-28 13:00:00,4,0,0,0,1141323009,J. Ramsey,R,FA,L,-0.157917815299,3.20528959505,6.03772780068,10.3039296009,6.84021315839,SS,K,-2.82875524049,6.1050676548,88.6033961853,2242.62852733,239.499703321,-0.15
2125,2020,5362,UK,D1 Southeastern Conference,730229504,UNCW,290069415,2020-02-28 13:00:00,4,0,1,0,1141323009,J. Ramsey,R,FA,L,-0.427528994332,3.02045521962,10.5902415417,14.3636270983,6.780041843,SS,K,-2.69831163968,6.15087788922,88.153043155,2296.00857271,233.515022149,-0.15
2126,2020,5362,UK,D1 Southeastern Conference,730229504,UNCW,290069415,2020-02-28 13:00:00,4,0,2,0,1141323009,J. Ramsey,R,FA,L,-0.476795489968,2.45646872192,10.9995677899,8.72608388672,6.55135158888,F,K,-2.73903644764,6.34449495229,87.8205692042,2332.1794287,218.342001735,0.0
2127,2020,5362,UK,D1 Southeastern Conference,730229504,UNCW,290069415,2020-02-28 13:00:00,4,0,2,0,1141323009,J. Ramsey,R,FA,L,-0.863601250768,3.18212748974,12.062741144,11.1520872455,6.66608357887,F,K,-2.87510671564,6.30331349574,85.9856247903,2214.43820926,222.67293541,0.0
2128,2020,5362,UK,D1 Southeastern Conference,730229504,UNCW,290069415,2020-02-28 13:00:00,4,0,2,0,1141323009,J. Ramsey,R,CH,L,-1.07282103638,0.978965412909,4.96502163949,13.513158271,6.24163963294,SS,K,-2.8762059562,6.07257696981,83.3072551185,1620.83144061,249.686420151,-0.15
2129,2020,5362,UK,D1 Southeastern Conference,730229504,UNCW,290069415,2020-02-28 13:00:00,4,0,0,1,1141323009,J. Ramsey,R,CH,R,-0.617078066163,3.17333828922,13.5249149532,12.5317251475,6.38215411525,SL,S,-2.72111918457,6.1390214728,82.4496691345,1698.0796528,222.738172935,-0.15
2130,2020,5362,UK,D1 Southeastern Conference,730229504,UNCW,290069415,2020-02-28 13:00:00,4,0,1,1,1141323009,J. Ramsey,R,CH,R,1.28074027521,1.11620832547,8.04202429921,17.4270610018,6.12979112162,B,S,-2.65284203255,6.23287979517,82.8763904859,1528.1891235,245.125045787,0.13
2131,2020,5362,UK,D1 Southeastern Conference,730229504,UNCW,290069415,2020-02-28 13:00:00,4,1,1,1,1141323009,J. Ramsey,R,FA,R,0.114855732342,2.95515401789,10.699103622,13.7333717172,6.82763358616,F,S,-2.66379607815,6.2696715228,89.1412510706,2270.65024355,231.997130249,-0.15
2132,2020,5362,UK,D1 Southeastern Conference,730229504,UNCW,290069415,2020-02-28 13:00:00,4,1,2,1,1141323009,J. Ramsey,R,CH,R,0.491340465634,2.03948673595,6.15942530741,12.1950609043,6.35904584583,F,S,-2.78294703148,6.13118029427,81.1700356676,1604.01110784,243.055903699,0.0
2133,2020,5362,UK,D1 Southeastern Conference,730229504,UNCW,290069415,2020-02-28 13:00:00,4,1,2,1,1141323009,J. Ramsey,R,FA,R,0.552016479035,1.26398966505,9.85994474072,16.4282064916,7.06152447068,B,S,-2.5249838287,6.25605553611,89.6114338046,2277.9051081,238.947336468,0.13
2134,2020,5362,UK,D1 Southeastern Conference,730229504,UNCW,290069415,2020-02-28 13:00:00,4,2,2,1,1141323009,J. Ramsey,R,FA,R,0.252573682577,2.62438515533,12.1437634074,13.6057862816,6.94125261826,IP,S,-2.64440156618,6.34463594557,88.0260999387,2287.42247786,228.172793248,1.0
2135,2020,5362,UK,D1 Southeastern Conference,730229504,UNCW,290069415,2020-02-28 13:00:00,4,0,0,1,1141323009,J. Ramsey,R,SL,L,-0.0515802705907,3.08566019321,5.62917366094,-1.26523634294,6.19451741834,SL,S,-2.84201996168,6.11061617515,79.9717862326,2091.70199807,167.420162004,-0.15
2136,2020,5362,UK,D1 Southeastern Conference,730229504,UNCW,290069415,2020-02-28 13:00:00,4,0,1,1,1141323009,J. Ramsey,R,FA,L,-0.957911526583,2.45630990672,4.8064029197,15.1286949081,6.59081941304,IP,S,-2.81800531252,6.10563117838,87.5012975194,2287.6323287,252.260903504,1.0
2137,2020,5362,UK,D1 Southeastern Conference,730229504,UNCW,290069415,2020-02-28 13:00:00,4,0,0,1,1141323009,J. Ramsey,R,FA,L,0.531266940519,1.85475205664,10.5400838076,16.3974447142,6.86218466301,F,BB,-2.91096828409,6.22815947953,87.6331023216,2183.97530633,237.18650963,-0.15
2138,2020,5362,UK,D1 Southeastern Conference,730229504,UNCW,290069415,2020-02-28 13:00:00,4,0,1,1,1141323009,J. Ramsey,R,FA,L,1.65814366984,0.657305528311,5.33466158207,12.2464122638,6.87387965696,B,BB,-2.86499606271,6.10137348546,87.2837168624,2191.96839505,246.331058296,0.13
2139,2020,5362,UK,D1 Southeastern Conference,730229504,UNCW,290069415,2020-02-28 13:00:00,4,1,1,1,1141323009,J. Ramsey,R,CH,L,-1.314422821,1.74376232106,5.92250114121,11.5756868361,6.34668237044,F,BB,-2.96951438966,6.15103424363,81.3317575899,1522.38037082,242.752482938,-0.15
2140,2020,5362,UK,D1 Southeastern Conference,730229504,UNCW,290069415,2020-02-28 13:00:00,4,1,2,1,1141323009,J. Ramsey,R,FA,L,-0.00776142179652,4.2045330892,13.6847154015,9.9440782093,6.619887129,B,BB,-2.92079244161,6.32771750162,86.5027779639,2287.31365013,215.936977071,0.13
2141,2020,5362,UK,D1 Southeastern Conference,730229504,UNCW,290069415,2020-02-28 13:00:00,4,2,2,1,1141323009,J. Ramsey,R,CH,L,-0.637865249959,1.31974138232,9.98916516989,17.3416859546,6.24509054231,F,BB,-2.84269626609,6.22956611872,82.2992680142,1550.12793503,239.962356819,0.0
2142,2020,5362,UK,D1 Southeastern Conference,730229504,UNCW,290069415,2020-02-28 13:00:00,4,2,2,1,1141323009,J. Ramsey,R,SL,L,1.70133580272,0.351159113792,6.2654392177,-1.1643482595,6.47404353011,B,BB,-2.92694986206,6.11590719944,82.2496574448,2140.41770143,169.534598808,0.13
2143,2020,5362,UK,D1 Southeastern Conference,730229504,UNCW,290069415,2020-02-28 13:00:00,4,3,2,1,1141323009,J. Ramsey,R,CH,L,1.36182493446,0.420208186134,14.6424158584,8.8585783664,6.66844506005,B,BB,-2.84836921308,6.0995552436,81.9268069718,1666.87834113,211.108269134,0.8
2144,2020,5362,UK,D1 Southeastern Conference,730229504,UNCW,290069415,2020-02-28 13:00:00,4,0,0,1,1141323009,J. Ramsey,R,FA,R,-1.30419670619,2.57135495913,6.57202745459,17.5278487293,6.85378920697,B,IP_OUT,-2.93296937564,6.11389659751,85.5303800571,2297.94695146,249.347451196,0.13
2145,2020,5362,UK,D1 Southeastern Conference,730229504,UNCW,290069415,2020-02-28 13:00:00,4,1,0,1,1141323009,J. Ramsey,R,CH,R,0.936371806582,1.1877965975,16.0362987879,14.2025454094,6.43554349271,B,IP_OUT,-2.88189527248,6.11937405965,82.2807766148,1644.73091955,221.46211895,0.13
2146,2020,5362,UK,D1 Southeastern Conference,730229504,UNCW,290069415,2020-02-28 13:00:00,4,0,0,2,1141323009,J. Ramsey,R,FA,L,-1.1545928989,3.83531328535,9.04100365153,14.1389214485,6.64794429974,B,IP_OUT,-2.80124640557,6.32246453149,86.7253538621,2293.67656067,237.307087585,0.13
2147,2020,5362,UK,D1 Southeastern Conference,730229504,UNCW,290069415,2020-02-28 13:00:00,4,1,0,2,1141323009,J. Ramsey,R,SL,L,-0.540798338513,2.75466413065,1.6995413265,-2.58567203885,6.1719230651,SL,IP_OUT,-2.94784334568,6.17856095705,80.0930906485,1998.08841876,123.940494821,-0.15
2148,2020,5362,UK,D1 Southeastern Conference,730229504,UNCW,290069415,2020-02-28 13:00:00,5,0,0,0,1141323009,J. Ramsey,R,FA,R,-1.65719364918,2.42536075288,8.0523191754,16.7124757518,6.71587691366,B,HBP,-3.04065973762,6.11102605106,84.8867869945,2143.55529135,244.175856658,0.13
2149,2020,5362,UK,D1 Southeastern Conference,730229504,UNCW,290069415,2020-02-28 13:00:00,5,1,0,0,1141323009,J. Ramsey,R,FA,R,-2.13655536114,3.39457640005,8.30331696051,18.0252738047,6.78288773884,HBP,HBP,-2.78669522981,6.2043636261,85.5991082875,2248.71374169,245.175740255,0.8
2150,2020,5362,UK,D1 Southeastern Conference,730229504,UNCW,290069415,2020-02-28 13:00:00,5,0,0,0,1141323009,J. Ramsey,R,FA,L,-0.153748166199,2.09573845313,9.46836117973,17.1199792579,6.74310120909,IP,DP,-2.86002964541,6.15715069749,85.4637348433,2209.96118381,240.965760966,-0.21
2151,2020,5362,UK,D1 Southeastern Conference,730229504,UNCW,290069415,2020-02-28 13:00:00,5,0,0,2,1141323009,J. Ramsey,R,CH,R,-2.44725075743,4.89956708136,7.68341859833,14.1180006615,6.36186773778,HBP,HBP,-2.76953824516,6.24438049163,80.2776789025,1509.28915353,241.319999232,0.8
2152,2020,5362,UK,D1 Southeastern Conference,730229504,UNCW,290069415,2020-02-28 13:00:00,5,0,0,2,1141323009,J. Ramsey,R,CH,L,-0.409056943481,0.893680417009,6.69118402531,15.3937124205,6.25075601642,SL,S,-2.93990413076,6.23119288444,80.9821670974,1521.91700108,246.383073335,-0.15
2153,2020,5362,UK,D1 Southeastern Conference,730229504,UNCW,290069415,2020-02-28 13:00:00,5,0,1,2,1141323009,J. Ramsey,R,CH,L,-0.443964368838,1.59961151349,7.08349841439,16.0058855294,6.15371317148,IP,S,-2.95044745111,6.03868113124,81.0571663883,1641.23895962,246.009334302,1.0
2154,2020,5362,UK,D1 Southeastern Conference,730229504,UNCW,290069415,2020-02-28 13:00:00,5,0,0,2,1141323009,J. Ramsey,R,FA,R,0.849529705252,1.86705975924,7.59899258823,16.2909636947,6.77533655411,SL,K,-2.76669551695,6.17196167295,86.1449209698,2238.59736521,244.894496104,-0.15
2155,2020,5362,UK,D1 Southeastern Conference,730229504,UNCW,290069415,2020-02-28 13:00:00,5,0,1,2,1141323009,J. Ramsey,R,FA,R,0.551928721585,1.80308607717,10.3360213019,16.6965221593,6.8059910929,SL,K,-2.69859643479,6.19879320241,86.6041252033,2290.6061935,238.157242749,-0.15
2156,2020,5362,UK,D1 Southeastern Conference,730229504,UNCW,290069415,2020-02-28 13:00:00,5,0,2,2,1141323009,J. Ramsey,R,FA,R,-0.0450287400642,1.37316707019,10.1739272139,14.9186565147,6.74048301438,SS,K,-2.78935329325,6.36602772538,86.314802127,2270.80954161,235.618976103,-0.15
2157,2020,5362,UK,D1 Southeastern Conference,730229504,UNCW,290069415,2020-02-28 13:00:00,6,0,0,0,1126285073,B. Cottongame,L,FA,L,0.318123698634,1.65585504908,12.2577032111,1.27189928125,6.21067582246,SL,K,1.10022850445,6.04249184654,85.5689123395,1839.57543739,185.907247474,-0.15
2158,2020,5362,UK,D1 Southeastern Conference,730229504,UNCW,290069415,2020-02-28 13:00:00,6,0,1,0,1126285073,B. Cottongame,L,SL,L,0.555482585368,2.45283898137,-3.58685190227,2.82777289794,5.14664968352,F,K,1.11891241466,6.09908923239,73.8027274009,2265.00853471,321.364825977,-0.15
2159,2020,5362,UK,D1 Southeastern Conference,730229504,UNCW,290069415,2020-02-28 13:00:00,6,0,2,0,1126285073,B. Cottongame,L,SL,L,0.259625866839,0.181091362915,-4.92780291752,1.2123359619,5.38026789185,SS,K,1.07211924053,6.04408720351,73.3055079355,2253.81639388,346.043436005,-0.15
2160,2020,5362,UK,D1 Southeastern Conference,730229504,UNCW,290069415,2020-02-28 13:00:00,6,0,0,1,1126285073,B. Cottongame,L,CH,L,0.152828372043,1.47902994418,9.94645126704,-2.77740570232,5.6419570106,SS,K,1.49390644005,5.93026651697,79.8683840736,1361.09632244,164.459897837,-0.15
2161,2020,5362,UK,D1 Southeastern Conference,730229504,UNCW,290069415,2020-02-28 13:00:00,6,0,1,1,1126285073,B. Cottongame,L,FA,L,0.0192340708509,1.66584862427,13.8864914126,-0.410160228556,6.02048064085,SL,K,1.06988322388,6.09460878282,83.6996503964,2099.33087376,178.312648719,-0.15
2162,2020,5362,UK,D1 Southeastern Conference,730229504,UNCW,290069415,2020-02-28 13:00:00,6,0,2,1,1126285073,B. Cottongame,L,SL,L,-0.921595014489,1.03602243562,-2.44703923417,2.6304113042,5.16738447098,F,K,1.04302647963,6.01643835803,73.942567994,2276.69183712,312.350291762,0.0
2163,2020,5362,UK,D1 Southeastern Conference,730229504,UNCW,290069415,2020-02-28 13:00:00,6,0,2,1,1126285073,B. Cottongame,L,FA,L,0.496675873672,3.69312117205,18.153653928,1.75280620974,6.13240403517,SS,K,1.06870025591,6.18198845476,84.673162437,2048.49574837,185.504152066,-0.15
2164,2020,5362,UK,D1 Southeastern Conference,730229504,UNCW,290069415,2020-02-28 13:00:00,6,0,0,2,1126285073,B. Cottongame,L,CH,R,-0.160045448117,2.76500750771,10.5977076833,-7.49996966438,5.73892452859,SL,HR,1.48288471447,5.93187885988,79.1656437713,1797.35712109,144.819182127,-0.15
2165,2020,5362,UK,D1 Southeastern Conference,730229504,UNCW,290069415,2020-02-28 13:00:00,6,0,1,2,1126285073,B. Cottongame,L,FA,R,-0.456887707581,0.767651159633,17.4835712296,-1.31731086894,6.15137108052,B,HR,1.27861428445,5.99464384205,84.9831661677,2172.17232054,175.699874966,0.13
2166,2020,5362,UK,D1 Southeastern Conference,730229504,UNCW,290069415,2020-02-28 13:00:00,6,1,1,2,1126285073,B. Cottongame,L,FA,R,0.315869038999,2.31748948205,18.4469981122,-0.588566542772,5.8883233939,IP,HR,1.31936599762,6.07972235301,84.7548032838,2084.12772928,178.176142011,1.76
2167,2020,5362,UK,D1 Southeastern Conference,730229504,UNCW,290069415,2020-02-28 13:00:00,6,0,0,2,1126285073,B. Cottongame,L,CH,L,1.62640201727,2.80790980758,14.9570319435,-6.75432892257,5.93030623365,B,HR,1.63570595582,6.02463716087,80.2231850135,1892.26541856,155.756133381,0.13
2168,2020,5362,UK,D1 Southeastern Conference,730229504,UNCW,290069415,2020-02-28 13:00:00,6,1,0,2,1126285073,B. Cottongame,L,FA,L,-0.92956501852,0.993473825318,16.929081074,2.62627043019,6.00623257523,B,HR,1.09545132422,6.07065361656,84.4717382443,2133.84620498,188.79934432,0.13
2169,2020,5362,UK,D1 Southeastern Conference,730229504,UNCW,290069415,2020-02-28 13:00:00,6,2,0,2,1126285073,B. Cottongame,L,CH,L,0.606312818653,1.83544198711,12.2532140896,-7.15652444746,5.72512903898,IP,HR,1.42494781266,5.88576289007,80.338352988,1759.04766229,149.798650895,1.76
2170,2020,5362,UK,D1 Southeastern Conference,730229504,UNCW,290069415,2020-02-28 13:00:00,6,0,0,2,1126285073,B. Cottongame,L,FA,R,0.693530724175,1.67261311898,15.7899568744,-0.800376744659,6.14230597182,SL,IP_OUT,1.32592178039,5.95803343263,85.2904148929,2044.91236122,177.104710927,-0.15
2171,2020,5362,UK,D1 Southeastern Conference,730229504,UNCW,290069415,2020-02-28 13:00:00,7,0,0,0,1126285073,B. Cottongame,L,FA,L,0.0421180827605,2.77310717064,12.4002655412,-0.976390578412,6.08777990299,SL,K,1.24973692603,6.05888548736,82.5607411767,1869.01079368,175.5113736,-0.15
2172,2020,5362,UK,D1 Southeastern Conference,730229504,UNCW,290069415,2020-02-28 13:00:00,7,0,1,0,1126285073,B. Cottongame,L,FA,L,-0.395730815054,1.70900399046,19.5353315132,-1.36540067687,5.85427734152,SL,K,1.12442754424,6.04330110335,82.580027837,2012.12377664,176.009727918,-0.15
2173,2020,5362,UK,D1 Southeastern Conference,730229504,UNCW,290069415,2020-02-28 13:00:00,7,0,2,0,1126285073,B. Cottongame,L,SL,L,-0.529534617983,0.015299157036,-3.97522791704,4.0950216381,5.14805913921,B,K,1.30760050689,6.04168982958,72.1105810634,2166.12522626,313.777244349,0.13
2174,2020,5362,UK,D1 Southeastern Conference,730229504,UNCW,290069415,2020-02-28 13:00:00,7,1,2,0,1126285073,B. Cottongame,L,FA,L,0.873520901084,1.74245236913,14.1048538983,-1.2131433535,6.24625068359,SL,K,0.991624690126,6.09748368467,85.4490778672,1959.68871017,175.096328962,-0.15
2175,2020,5362,UK,D1 Southeastern Conference,730229504,UNCW,290069415,2020-02-28 13:00:00,7,0,0,1,1126285073,B. Cottongame,L,SL,R,-0.360797737711,3.29267394664,-3.79183931983,7.02773913715,5.36334228314,SL,IP_OUT,1.39711846792,6.09707825928,73.9577411426,2205.80220929,298.044686728,-0.15
2176,2020,5362,UK,D1 Southeastern Conference,730229504,UNCW,290069415,2020-02-28 13:00:00,7,0,1,1,1126285073,B. Cottongame,L,FA,R,-0.766191969361,1.47845134956,16.2975424823,-4.14727506778,5.9638137818,SL,IP_OUT,0.948088554298,6.07688700888,84.9174116372,1845.1948615,165.753015955,-0.15
2177,2020,5362,UK,D1 Southeastern Conference,730229504,UNCW,290069415,2020-02-28 13:00:00,7,0,2,1,1126285073,B. Cottongame,L,SL,R,1.49820425143,0.558932758527,-6.24848744176,2.58929558299,5.33082433924,B,IP_OUT,1.22089709404,5.8769195293,74.3016945439,2321.27249216,337.3350023,0.13
2178,2020,5362,UK,D1 Southeastern Conference,730229504,UNCW,290069415,2020-02-28 13:00:00,7,1,2,1,1126285073,B. Cottongame,L,SL,R,0.0931022670607,2.93836400519,-3.98118084967,2.64934906048,5.27283507824,F,IP_OUT,1.21738012082,6.03119862138,72.229375066,2186.54388463,326.014844225,0.0
2179,2020,5362,UK,D1 Southeastern Conference,730229504,UNCW,290069415,2020-02-28 13:00:00,7,0,0,2,1126285073,B. Cottongame,L,FA,R,0.0982943235924,0.957202018035,13.9574871855,1.1237481424,6.17161969555,B,IP_OUT,1.25147386283,5.91611108544,83.3654923958,1858.4577794,184.591015053,0.13
2180,2020,5362,UK,D1 Southeastern Conference,730229504,UNCW,290069415,2020-02-28 13:00:00,7,1,0,2,1126285073,B. Cottongame,L,FA,R,-1.26567419017,2.33786916939,10.6140021537,3.80135014409,5.86435774323,SS,IP_OUT,1.03518689432,5.99855815644,84.4658636137,1928.64190298,199.642600254,-0.15
2181,2020,5362,UK,D1 Southeastern Conference,730229504,UNCW,290069415,2020-02-28 13:00:00,8,0,0,0,1850495526,D. Harper,R,FA,R,0.409185929304,1.3650802731,11.1347377013,9.31011544496,5.96484957875,B,ROE,-0.902130414366,5.93316414924,90.6853980965,2209.86112596,219.820203178,0.13
2182,2020,5362,UK,D1 Southeastern Conference,730229504,UNCW,290069415,2020-02-28 13:00:00,8,1,0,0,1850495526,D. Harper,R,FA,R,0.213769543776,1.41359334771,16.1100952391,8.52204732044,5.99026264093,SS,ROE,-0.917079291945,5.93537525197,91.2016266479,2265.03466024,207.832065674,-0.15
2183,2020,5362,UK,D1 Southeastern Conference,730229504,UNCW,290069415,2020-02-28 13:00:00,8,1,1,0,1850495526,D. Harper,R,FA,R,-0.542979361528,2.02639526261,13.6992257845,5.37511522026,5.81745640234,IP,ROE,-1.22853761234,5.70553042387,89.8258390063,2411.01120939,201.377984475,0.0
2184,2020,5362,UK,D1 Southeastern Conference,730229504,UNCW,290069415,2020-02-28 13:00:00,8,0,0,0,1850495526,D. Harper,R,FA,L,-0.84310982235,2.84899157937,15.8381361841,12.3032774061,5.77537858233,SL,IP_OUT,-1.24075693586,6.0651806812,91.6411096703,2300.13644884,217.786030415,-0.15
2185,2020,5362,UK,D1 Southeastern Conference,730229504,UNCW,290069415,2020-02-28 13:00:00,8,0,0,2,1850495526,D. Harper,R,FA,L,-1.29230994248,2.51946577223,19.3949539729,7.05958084129,5.84264411386,B,K,-1.07745115662,6.05890945202,92.7713351534,2497.58795176,199.972260402,0.13
2186,2020,5362,UK,D1 Southeastern Conference,730229504,UNCW,290069415,2020-02-28 13:00:00,8,1,0,2,1850495526,D. Harper,R,CH,L,1.03351419768,1.10040206449,12.6599691348,10.8239023183,6.03559709966,B,K,-1.3998758407,5.69701597655,84.1891495341,1832.93724778,220.447528123,0.13
2187,2020,5362,UK,D1 Southeastern Conference,730229504,UNCW,290069415,2020-02-28 13:00:00,8,2,0,2,1850495526,D. Harper,R,FA,L,0.0321372325078,1.99591729811,14.5748450998,2.48686918646,6.00421219985,F,K,-1.49055175451,5.7016039937,89.1388925685,2232.50284727,189.661832214,-0.15
2188,2020,5362,UK,D1 Southeastern Conference,730229504,UNCW,290069415,2020-02-28 13:00:00,8,2,1,2,1850495526,D. Harper,R,FA,L,-0.271174847329,1.90904492349,19.6566796145,0.130016241338,5.84431738024,SL,K,-1.46279046651,5.73544203063,92.2200578808,2428.74187776,180.378371412,-0.15
2189,2020,5362,UK,D1 Southeastern Conference,730229504,UNCW,290069415,2020-02-28 13:00:00,8,2,2,2,1850495526,D. Harper,R,FA,L,0.588769105788,2.10959719647,18.1296879618,-0.547590336657,5.79775043355,F,K,-1.5161151096,5.72646250759,89.3358923951,2286.8479246,178.273132753,0.0
2190,2020,5362,UK,D1 Southeastern Conference,730229504,UNCW,290069415,2020-02-28 13:00:00,8,2,2,2,1850495526,D. Harper,R,FA,L,-0.344400514545,2.08187678327,11.3088684351,-0.481765632037,5.63890476373,F,K,-1.45339683638,5.78034941231,87.8747529313,2391.87387213,177.56799777,0.0
2191,2020,5362,UK,D1 Southeastern Conference,730229504,UNCW,290069415,2020-02-28 13:00:00,8,2,2,2,1850495526,D. Harper,R,FA,L,-0.421153386068,3.16875419423,18.2311309132,6.0496644525,5.78534120228,SS,K,-1.17228506468,5.87491604343,93.8049408082,2566.31768227,198.32922503,-0.15
2192,2020,5362,UK,D1 Southeastern Conference,730229504,UNCW,290069415,2020-02-28 13:00:00,9,0,0,0,1580609693,R. Cole,R,FA,R,-0.518821010535,2.86323575694,13.6357768397,14.708826051,5.73862747711,SS,BB,-2.91744454941,5.12728548972,88.2019773506,1875.49793457,227.096891172,-0.15
2193,2020,5362,UK,D1 Southeastern Conference,730229504,UNCW,290069415,2020-02-28 13:00:00,9,0,1,0,1580609693,R. Cole,R,SL,R,0.405900793109,-0.819611802743,5.02486009533,0.647811284096,6.03032513155,B,BB,-2.69349747319,5.0656087909,82.4124515695,2046.60057408,187.29124796,0.13
2194,2020,5362,UK,D1 Southeastern Conference,730229504,UNCW,290069415,2020-02-28 13:00:00,9,1,1,0,1580609693,R. Cole,R,FA,R,-0.452672839717,3.29516878174,10.7158164707,15.4260090952,6.16364811757,B,BB,-2.94573177402,5.17183215631,88.618264757,1946.73416936,235.129670875,0.13
2195,2020,5362,UK,D1 Southeastern Conference,730229504,UNCW,290069415,2020-02-28 13:00:00,9,2,1,0,1580609693,R. Cole,R,FA,R,-0.961039516333,3.36686516936,8.6151315781,17.5599798842,5.91675267041,B,BB,-2.96982745851,5.22501895298,87.2600218901,1915.51241105,243.775398841,0.13
2196,2020,5362,UK,D1 Southeastern Conference,730229504,UNCW,290069415,2020-02-28 13:00:00,9,3,1,0,1580609693,R. Cole,R,FA,R,-0.620120044722,1.69490443216,5.02098023738,22.0041233802,5.93635869527,F,BB,-2.80938465133,5.26117426213,87.6520770111,1853.44129646,257.060026204,-0.15
2197,2020,5362,UK,D1 Southeastern Conference,730229504,UNCW,290069415,2020-02-28 13:00:00,9,3,2,0,1580609693,R. Cole,R,FA,R,0.174730571973,-0.00135283070574,11.1898699227,17.3359121334,5.93766902816,B,BB,-3.03492250637,5.16972476662,86.5333586793,1913.24440371,237.075452138,0.8
2198,2020,5362,UK,D1 Southeastern Conference,730229504,UNCW,290069415,2020-02-28 13:00:00,9,0,0,0,1580609693,R. Cole,R,SL,L,1.95366357394,-1.23129976838,7.53403595328,1.58132897262,6.14980633367,B,BB,-2.9994538488,5.03321042178,81.8114048379,1979.17087076,191.794605663,0.13
2199,2020,5362,UK,D1 Southeastern Conference,730229504,UNCW,290069415,2020-02-28 13:00:00,9,1,0,0,1580609693,R. Cole,R,FA,L,-0.0148393646244,0.616239031135,9.24559544713,14.5615467287,5.83775250809,B,BB,-3.08287902333,5.16231369897,87.3826699391,1961.30902655,237.490007753,0.13
2200,2020,5362,UK,D1 Southeastern Conference,730229504,UNCW,290069415,2020-02-28 13:00:00,9,2,0,0,1580609693,R. Cole,R,FA,L,-1.8081398135,2.55501293892,8.10564599633,15.3944705655,5.60640783519,B,BB,-3.19217248599,5.08695727087,86.699048256,1899.04698852,242.129369505,0.13
2201,2020,5362,UK,D1 Southeastern Conference,730229504,UNCW,290069415,2020-02-28 13:00:00,9,3,0,0,1580609693,R. Cole,R,FA,L,-0.684903638176,1.13210667896,7.11677943129,19.19731247,5.93789454314,B,BB,-2.89595821386,5.14606877705,87.6128141447,1938.55246539,249.569783122,0.8
2202,2020,5362,UK,D1 Southeastern Conference,730229504,UNCW,290069415,2020-02-28 13:00:00,9,0,0,0,1580609693,R. Cole,R,FA,L,-0.366788725058,0.868171211022,6.85014520657,18.4794221278,5.87891673854,B,SH,-3.05166615201,5.20231297796,86.579652702,1889.32867863,249.564285835,0.13
2203,2020,5362,UK,D1 Southeastern Conference,730229504,UNCW,290069415,2020-02-28 13:00:00,9,1,0,0,1580609693,R. Cole,R,CH,L,-1.00416123864,1.2688872901,6.48034321863,20.290032177,5.9518778787,SS,SH,-2.82826161696,5.25586427695,82.1389656275,1644.30651118,252.186738824,-0.15
2204,2020,5362,UK,D1 Southeastern Conference,730229504,UNCW,290069415,2020-02-28 13:00:00,9,0,0,1,1580609693,R. Cole,R,FA,L,-1.18726714544,1.57211561425,9.19009228501,19.721900661,5.83113422565,SL,D,-2.83650318425,5.26522503707,87.9293398247,1907.46360316,244.933581476,-0.15
2205,2020,5362,UK,D1 Southeastern Conference,730229504,UNCW,290069415,2020-02-28 13:00:00,9,0,1,1,1580609693,R. Cole,R,FA,L,-1.15696778908,1.48449483017,6.87713859598,17.2153919232,5.88996360353,IP,D,-2.93398364537,5.28626737523,87.4773763074,1889.91054357,248.125283967,1.26
2206,2020,5362,UK,D1 Southeastern Conference,730229504,UNCW,290069415,2020-02-28 13:00:00,9,0,0,1,1580609693,R. Cole,R,FA,R,-1.4748227232,3.77775908031,15.2898658825,14.192048415,5.90398165675,B,SF,-3.07118782286,5.07248347112,87.3365212432,2031.52752689,222.80226785,0.13
2207,2020,5362,UK,D1 Southeastern Conference,730229504,UNCW,290069415,2020-02-28 13:00:00,9,1,0,1,1580609693,R. Cole,R,SL,R,0.294619888012,2.08809319218,2.65818991942,-1.0896928936,5.94871584286,SS,SF,-2.92216084762,5.0574201573,80.1674256092,1929.77457719,158.017725808,-0.15
2208,2020,5362,UK,D1 Southeastern Conference,730229504,UNCW,290069415,2020-02-28 13:00:00,9,1,1,1,1580609693,R. Cole,R,FA,R,-0.846174587596,1.0560242514,6.82911846584,18.4190747495,5.97998415972,B,SF,-3.01185051578,5.12462994583,87.5993784211,1932.91544452,249.561614708,0.13
2209,2020,5362,UK,D1 Southeastern Conference,730229504,UNCW,290069415,2020-02-28 13:00:00,9,2,1,1,1580609693,R. Cole,R,SL,R,-0.215012278887,1.29934001375,2.56378606388,-0.38977776285,5.90161106062,SS,SF,-3.01118693678,5.10739052737,80.0440457976,2007.09242834,171.489864151,-0.15
2210,2020,5362,UK,D1 Southeastern Conference,730229504,UNCW,290069415,2020-02-28 13:00:00,9,2,2,1,1580609693,R. Cole,R,SL,R,0.142997467888,0.984620238179,5.82945596469,2.0204732595,5.78248275757,F,SF,-2.87507737573,5.13821187955,80.9276354616,2094.08540058,198.993496548,0.0
2211,2020,5362,UK,D1 Southeastern Conference,730229504,UNCW,290069415,2020-02-28 13:00:00,9,2,2,1,1580609693,R. Cole,R,SL,R,-0.79792032694,1.69943147271,2.94204418348,-2.35405510749,5.81582469269,F,SF,-2.87525479054,4.95962282725,80.9612155355,2030.22107971,141.715260697,0.0
2212,2020,5362,UK,D1 Southeastern Conference,730229504,UNCW,290069415,2020-02-28 13:00:00,9,0,0,2,1580609693,R. Cole,R,CH,L,0.34362298008,0.481027139618,10.6196883206,17.0523284896,6.22593418349,B,IP_OUT,-2.93217044957,5.0694873234,82.2651642791,1736.44990175,237.993020113,0.13
2213,2020,730216448,NCST,D1 Atlantic Coast Conference,730229504,UNCW,335385558,2020-02-25 13:00:00,1,0,0,0,1142319794,D. Harrison,L,FA,L,-0.621720935802,2.0477728104,17.1093204858,-12.7594567849,5.33473420869,SL,IP_OUT,1.69878493662,5.65607481534,89.1004335973,2168.66592676,143.339981122,-0.15
2214,2020,730216448,NCST,D1 Atlantic Coast Conference,730229504,UNCW,335385558,2020-02-25 13:00:00,1,0,1,0,1142319794,D. Harrison,L,FA,L,-1.70354316332,1.11023775818,12.5928087419,-12.9960179689,5.52567212369,B,IP_OUT,1.66577715458,5.45522534414,89.8533240262,2193.70865202,134.171978766,0.13
2215,2020,730216448,NCST,D1 Atlantic Coast Conference,730229504,UNCW,335385558,2020-02-25 13:00:00,1,0,0,1,1142319794,D. Harrison,L,FA,R,0.921852856913,1.86083590278,16.9562890751,-14.0452822243,5.44144208705,SL,K,1.68666160156,5.63043958626,89.97103206,2201.03168744,140.419096855,-0.15
2216,2020,730216448,NCST,D1 Atlantic Coast Conference,730229504,UNCW,335385558,2020-02-25 13:00:00,1,0,1,1,1142319794,D. Harrison,L,CH,R,0.910541027727,2.2618144198,10.7308002044,-18.5124487914,5.28946033171,F,K,1.9373221235,5.16370486198,80.8388651105,2078.64156959,120.194227407,-0.15
2217,2020,730216448,NCST,D1 Atlantic Coast Conference,730229504,UNCW,335385558,2020-02-25 13:00:00,1,0,2,1,1142319794,D. Harrison,L,FA,R,-0.699730087699,3.61563887392,9.18203268428,-13.7655324036,5.31269802569,B,K,1.59878836701,5.59848859335,89.4995215947,2130.90955588,123.800729932,0.13
2218,2020,730216448,NCST,D1 Atlantic Coast Conference,730229504,UNCW,335385558,2020-02-25 13:00:00,1,1,2,1,1142319794,D. Harrison,L,CH,R,0.122269773519,0.015477539792,1.23660316852,-17.3281276261,5.3961964177,B,K,2.02058329749,5.15640684268,82.3110927443,2180.43269151,94.2124237791,0.13
2219,2020,730216448,NCST,D1 Atlantic Coast Conference,730229504,UNCW,335385558,2020-02-25 13:00:00,1,2,2,1,1142319794,D. Harrison,L,CH,R,0.805507443606,1.55436286347,8.50172853824,-16.7364118091,5.4587285278,SS,K,2.04316041123,5.12927875306,82.4479803185,2065.90075943,117.036116233,-0.15
2220,2020,730216448,NCST,D1 Atlantic Coast Conference,730229504,UNCW,335385558,2020-02-25 13:00:00,1,0,0,2,1142319794,D. Harrison,L,CU,L,0.609113638238,3.70788516395,-1.26903269209,15.5716505642,5.33318837477,B,K,1.66628658227,5.37098996172,73.6754517136,1999.78308304,274.477778914,0.13
2221,2020,730216448,NCST,D1 Atlantic Coast Conference,730229504,UNCW,335385558,2020-02-25 13:00:00,1,1,0,2,1142319794,D. Harrison,L,FA,L,-0.223186017837,2.72502093297,15.930580782,-12.1359632618,5.29222769348,SS,K,1.63869435606,5.53238973943,90.2926841513,2130.03157168,142.756693095,-0.15
2222,2020,730216448,NCST,D1 Atlantic Coast Conference,730229504,UNCW,335385558,2020-02-25 13:00:00,1,1,1,2,1142319794,D. Harrison,L,FA,L,-0.326849438084,3.71379019411,17.7265137877,-10.4160260005,5.35969186474,SS,K,1.69348846641,5.49365217088,90.354598922,2141.875637,149.60785473,-0.15
2223,2020,730216448,NCST,D1 Atlantic Coast Conference,730229504,UNCW,335385558,2020-02-25 13:00:00,1,1,2,2,1142319794,D. Harrison,L,FA,L,1.29542905591,1.86039297777,16.1389501713,-10.5726205131,5.44699240175,SL,K,1.66266021012,5.4909306681,90.5546329993,2202.1216172,146.82410745,-0.15
2224,2020,730216448,NCST,D1 Atlantic Coast Conference,730229504,UNCW,335385558,2020-02-25 13:00:00,2,0,0,0,1142319794,D. Harrison,L,FA,R,-0.029858067543,0.830246602645,15.4077535319,-7.65308738833,5.30261892386,B,BB,1.79321445619,5.67494712825,87.1674897364,2122.00944059,153.638447491,0.13
2225,2020,730216448,NCST,D1 Atlantic Coast Conference,730229504,UNCW,335385558,2020-02-25 13:00:00,2,1,0,0,1142319794,D. Harrison,L,CH,R,1.03073943119,2.6719008777,10.9588906666,-17.7998547895,5.29859719334,SL,BB,2.21564463529,5.3177160356,79.0310841928,2141.13987645,121.720381881,-0.15
2226,2020,730216448,NCST,D1 Atlantic Coast Conference,730229504,UNCW,335385558,2020-02-25 13:00:00,2,1,1,0,1142319794,D. Harrison,L,CH,R,-1.1309012215,-0.304666549464,2.62576632884,-17.724210742,5.59646245488,B,BB,2.13077236599,5.18050350546,80.5087197794,2111.42577807,98.5577575989,0.13
2227,2020,730216448,NCST,D1 Atlantic Coast Conference,730229504,UNCW,335385558,2020-02-25 13:00:00,2,2,1,0,1142319794,D. Harrison,L,FA,R,-0.598034124106,0.936116575011,14.7718949067,-13.8812196796,5.46642091604,B,BB,1.7745310951,5.60677822052,89.1138463687,2204.84331487,136.84568149,0.13
2228,2020,730216448,NCST,D1 Atlantic Coast Conference,730229504,UNCW,335385558,2020-02-25 13:00:00,2,3,1,0,1142319794,D. Harrison,L,FA,R,-0.862324684542,1.26824705406,15.7301923187,-13.3385834556,5.56632604702,B,BB,1.86103760276,5.48611251931,88.1900739131,2158.78012812,139.764917924,0.8
2229,2020,730216448,NCST,D1 Atlantic Coast Conference,730229504,UNCW,335385558,2020-02-25 13:00:00,2,0,0,0,1142319794,D. Harrison,L,CH,R,1.75174600307,3.23886423405,9.98923895382,-16.6953460061,5.39471936161,B,DP,1.96503068818,5.3180212193,80.4396847886,2092.31956053,120.998212272,0.13
2230,2020,730216448,NCST,D1 Atlantic Coast Conference,730229504,UNCW,335385558,2020-02-25 13:00:00,2,1,0,0,1142319794,D. Harrison,L,CH,R,1.14001115089,1.89509875127,9.8772792083,-14.1093909774,5.55314030956,SS,DP,2.20672067579,5.29363228009,81.3230158386,2127.05125131,125.105036345,-0.15
2231,2020,730216448,NCST,D1 Atlantic Coast Conference,730229504,UNCW,335385558,2020-02-25 13:00:00,2,1,1,0,1142319794,D. Harrison,L,FA,R,0.833826295633,1.902928101,15.2184575332,-12.2084323772,5.48210983675,IP,DP,1.72527976851,5.53107223013,88.7966581519,2168.5159224,141.325799613,-0.21
2232,2020,730216448,NCST,D1 Atlantic Coast Conference,730229504,UNCW,335385558,2020-02-25 13:00:00,2,0,0,2,1142319794,D. Harrison,L,FA,L,-1.7546037048,2.2296961937,20.3956975131,-3.06265092166,5.57861192694,B,IP_OUT,1.63038903919,5.71212798289,89.49376442,2200.81881086,171.474010838,0.13
2233,2020,730216448,NCST,D1 Atlantic Coast Conference,730229504,UNCW,335385558,2020-02-25 13:00:00,3,0,0,0,1142319794,D. Harrison,L,CH,R,-0.23491884422,2.39163517541,7.04071787227,-19.0062881442,5.24859316546,SL,K,2.09260455831,5.35156650424,79.2221720598,2053.30533615,110.4406369,-0.15
2234,2020,730216448,NCST,D1 Atlantic Coast Conference,730229504,UNCW,335385558,2020-02-25 13:00:00,3,0,1,0,1142319794,D. Harrison,L,CH,R,0.414364892185,1.76899568311,11.8978274314,-19.1248236962,5.49815258779,SS,K,2.1088015779,5.33352330918,79.4035760995,2085.68519351,121.978068859,-0.15
2235,2020,730216448,NCST,D1 Atlantic Coast Conference,730229504,UNCW,335385558,2020-02-25 13:00:00,3,0,2,0,1142319794,D. Harrison,L,FA,R,-0.925185608298,2.35859009029,10.4781568599,-16.2774733104,5.48250869347,B,K,1.70219960986,5.58505461054,88.7004414921,2111.78454327,122.854758248,0.13
2236,2020,730216448,NCST,D1 Atlantic Coast Conference,730229504,UNCW,335385558,2020-02-25 13:00:00,3,1,2,0,1142319794,D. Harrison,L,CH,R,-0.25585571497,1.68343792195,11.2603165338,-17.5429633206,5.56292328756,SS,K,2.1723340921,5.22881205816,80.5172398606,2160.23503115,122.790410495,-0.15
2237,2020,730216448,NCST,D1 Atlantic Coast Conference,730229504,UNCW,335385558,2020-02-25 13:00:00,3,0,0,1,1142319794,D. Harrison,L,CH,R,0.3080214914,1.97050415073,13.476647101,-15.2129148709,5.58251364449,F,IP_OUT,2.02653965988,5.21428006588,80.1942637514,2085.33772459,131.623732952,-0.15
2238,2020,730216448,NCST,D1 Atlantic Coast Conference,730229504,UNCW,335385558,2020-02-25 13:00:00,3,0,1,1,1142319794,D. Harrison,L,FA,R,-0.27375054196,2.01752311018,11.4447056504,-14.2630886485,5.59775720141,F,IP_OUT,1.84341442113,5.47456594768,88.9638619662,2104.79572609,128.825693277,-0.15
2239,2020,730216448,NCST,D1 Atlantic Coast Conference,730229504,UNCW,335385558,2020-02-25 13:00:00,3,0,0,2,1142319794,D. Harrison,L,FA,L,0.396927682916,3.11157259171,15.7766848766,-13.484556673,5.57122546508,F,S,1.70717995613,5.61426612485,89.4500321753,2175.07522516,139.538437243,-0.15
2240,2020,730216448,NCST,D1 Atlantic Coast Conference,730229504,UNCW,335385558,2020-02-25 13:00:00,3,0,1,2,1142319794,D. Harrison,L,CU,L,-0.0730802504645,3.46887325985,-5.3507787476,10.635112473,5.25265335877,B,S,1.62819270342,5.49596350951,74.2068182614,1987.39381623,296.497993474,0.13
2241,2020,730216448,NCST,D1 Atlantic Coast Conference,730229504,UNCW,335385558,2020-02-25 13:00:00,3,1,1,2,1142319794,D. Harrison,L,FA,L,-0.659134118455,3.13663478287,17.0765306575,-5.87668358574,5.63545812863,SS,S,1.77427598351,5.50892198272,89.3960278061,2080.639875,161.043983188,-0.15
2242,2020,730216448,NCST,D1 Atlantic Coast Conference,730229504,UNCW,335385558,2020-02-25 13:00:00,3,1,2,2,1142319794,D. Harrison,L,FA,L,-0.600532214144,2.81146083012,17.907776204,-7.81081171027,5.6003004201,IP,S,1.61155093341,5.56457172418,89.6131104942,2045.55518708,156.473613537,1.0
2243,2020,730216448,NCST,D1 Atlantic Coast Conference,730229504,UNCW,335385558,2020-02-25 13:00:00,3,0,0,2,1142319794,D. Harrison,L,FA,L,0.743949403051,2.74779319849,19.3948642854,-8.53563715628,5.60788029321,F,S,1.63430271977,5.60825885511,88.9286136947,2080.68761293,156.283077674,-0.15
2244,2020,730216448,NCST,D1 Atlantic Coast Conference,730229504,UNCW,335385558,2020-02-25 13:00:00,3,0,1,2,1142319794,D. Harrison,L,CH,L,-0.0852474692093,2.31646911608,12.8827934238,-13.4305004371,5.5323622253,IP,S,1.90849546472,5.15705218744,80.2937474671,2161.03207086,133.900464803,1.0
2245,2020,730216448,NCST,D1 Atlantic Coast Conference,730229504,UNCW,335385558,2020-02-25 13:00:00,4,0,0,0,1142319794,D. Harrison,L,CU,L,-1.45963991102,1.94396588164,-4.06495572121,10.3140642817,5.42363936958,B,IP_OUT,1.65981991549,5.51214553081,72.752826293,1955.43912458,291.267957908,0.13
2246,2020,730216448,NCST,D1 Atlantic Coast Conference,730229504,UNCW,335385558,2020-02-25 13:00:00,4,0,0,1,1142319794,D. Harrison,L,FA,R,1.40193695792,2.40375124244,20.1730065156,-10.3950378984,5.45263480909,B,K,1.6626183968,5.73681034296,87.8168783375,2129.48098151,152.777940374,0.13
2247,2020,730216448,NCST,D1 Atlantic Coast Conference,730229504,UNCW,335385558,2020-02-25 13:00:00,4,1,0,1,1142319794,D. Harrison,L,FA,R,1.27078482094,1.828640751,11.3376918183,-16.0611953857,5.4421388873,B,K,2.07438952475,5.34547904439,79.7856867559,2069.90682359,125.317592594,0.13
2248,2020,730216448,NCST,D1 Atlantic Coast Conference,730229504,UNCW,335385558,2020-02-25 13:00:00,4,2,0,1,1142319794,D. Harrison,L,FA,R,-0.373004982874,1.94246436007,16.9286120344,-13.8293548135,5.54455556741,SL,K,1.77468233435,5.72830345134,88.6664900839,2087.74975517,140.809575265,-0.15
2249,2020,730216448,NCST,D1 Atlantic Coast Conference,730229504,UNCW,335385558,2020-02-25 13:00:00,4,2,1,1,1142319794,D. Harrison,L,FA,R,0.119593402307,3.04145875768,15.6675760002,-8.76281000392,5.60154273796,SL,K,1.63702337101,5.67368644598,88.620844384,2015.39995253,150.835203329,-0.15
2250,2020,730216448,NCST,D1 Atlantic Coast Conference,730229504,UNCW,335385558,2020-02-25 13:00:00,4,2,2,1,1142319794,D. Harrison,L,FA,R,-1.0394727349,2.11027212643,17.9289069124,-8.58925280551,5.59363826619,SS,K,1.68845678,5.63039367134,88.4978643178,1994.70323942,154.444347997,-0.15
2251,2020,730216448,NCST,D1 Atlantic Coast Conference,730229504,UNCW,335385558,2020-02-25 13:00:00,4,0,0,2,1142319794,D. Harrison,L,FA,R,0.589364791592,2.44450907119,13.3908071359,-11.9375339727,5.54609259172,F,K,1.70704933967,5.63226406726,88.4834617852,2041.17512219,138.355672229,-0.15
2252,2020,730216448,NCST,D1 Atlantic Coast Conference,730229504,UNCW,335385558,2020-02-25 13:00:00,4,0,1,2,1142319794,D. Harrison,L,FA,R,1.22051967923,2.68773454719,11.9982992885,-15.4601926159,5.60380770971,F,K,2.09413796284,5.33415815936,80.7089433269,2002.40219923,127.909198563,-0.15
2253,2020,730216448,NCST,D1 Atlantic Coast Conference,730229504,UNCW,335385558,2020-02-25 13:00:00,4,0,2,2,1142319794,D. Harrison,L,FA,R,0.941124606039,5.94358628454,17.2690069754,-11.0834048521,5.7768577437,B,K,1.64783942348,5.77319751125,88.5794590315,2017.49566989,147.358124505,0.13
2254,2020,730216448,NCST,D1 Atlantic Coast Conference,730229504,UNCW,335385558,2020-02-25 13:00:00,4,1,2,2,1142319794,D. Harrison,L,FA,R,0.84445291437,3.08530789792,16.7702926778,-14.7863237071,5.58419947426,SS,K,1.67238389013,5.60254975823,88.8238049782,1998.10537106,138.654955207,-0.15
2255,2020,730216448,NCST,D1 Atlantic Coast Conference,730229504,UNCW,335385558,2020-02-25 13:00:00,5,0,0,0,1142319794,D. Harrison,L,FA,L,-0.451337352452,2.71587771271,21.1224614888,-11.5042730097,5.50629907954,SL,K,1.57142503516,5.88983289759,86.4766970187,1991.5122672,151.466202419,-0.15
2256,2020,730216448,NCST,D1 Atlantic Coast Conference,730229504,UNCW,335385558,2020-02-25 13:00:00,5,0,1,0,1142319794,D. Harrison,L,CU,L,-1.47689965346,1.41275127805,-7.61509189491,12.5193551226,5.55184184534,B,K,1.7527107037,5.59495740371,73.7235058874,1862.34951569,301.146323352,0.13
2257,2020,730216448,NCST,D1 Atlantic Coast Conference,730229504,UNCW,335385558,2020-02-25 13:00:00,5,1,1,0,1142319794,D. Harrison,L,FA,L,1.01220008153,2.09674136933,5.97244311531,-21.1446194072,5.4590117557,SL,K,2.0221441384,5.25720018459,78.4103152036,1984.96601123,105.883206844,-0.15
2258,2020,730216448,NCST,D1 Atlantic Coast Conference,730229504,UNCW,335385558,2020-02-25 13:00:00,5,1,2,0,1142319794,D. Harrison,L,FA,L,0.399227955581,4.58247403612,17.0009946583,-10.7127628604,5.56166270844,B,K,1.75962884704,5.75041908803,87.3161101754,1983.5123144,147.836649447,0.13
2259,2020,730216448,NCST,D1 Atlantic Coast Conference,730229504,UNCW,335385558,2020-02-25 13:00:00,5,2,2,0,1142319794,D. Harrison,L,FA,L,1.36490829586,3.44808412068,17.0559061023,-9.97602791951,5.55512906896,SS,K,1.72014750386,5.73361536494,87.5220590413,1953.74085496,149.726865399,-0.15
2260,2020,730216448,NCST,D1 Atlantic Coast Conference,730229504,UNCW,335385558,2020-02-25 13:00:00,5,0,0,1,1142319794,D. Harrison,L,FA,R,0.0679133434797,2.20746894932,13.3033258388,-10.0056194498,5.44398051339,IP,D,1.53460168107,5.68221887748,88.0873357289,2001.98478171,143.123167034,1.26
2261,2020,730216448,NCST,D1 Atlantic Coast Conference,730229504,UNCW,335385558,2020-02-25 13:00:00,5,0,0,1,1142319794,D. Harrison,L,CH,R,-0.418529148007,0.843310930106,13.2410185364,-18.1735643603,5.65098737336,B,BB,2.0234570744,5.34744326427,80.9547033797,2018.98681873,126.1598334,0.13
2262,2020,730216448,NCST,D1 Atlantic Coast Conference,730229504,UNCW,335385558,2020-02-25 13:00:00,5,1,0,1,1142319794,D. Harrison,L,CH,R,-0.157426620382,1.07556640003,9.37085524161,-15.6409990484,5.67284921958,B,BB,2.10896225543,5.2318538622,80.9779049542,2060.77111277,121.034993967,0.13
2263,2020,730216448,NCST,D1 Atlantic Coast Conference,730229504,UNCW,335385558,2020-02-25 13:00:00,5,2,0,1,1142319794,D. Harrison,L,CH,R,-0.650987220204,0.691125762373,11.970288726,-17.5639156005,5.57455696428,B,BB,2.18726969716,5.34770752804,81.6384056562,2066.27259948,124.364319349,0.13
2264,2020,730216448,NCST,D1 Atlantic Coast Conference,730229504,UNCW,335385558,2020-02-25 13:00:00,5,3,0,1,1142319794,D. Harrison,L,FA,R,-1.86021720745,2.37482193687,23.497507865,-5.40008146542,5.68469245209,B,BB,1.6955079363,5.71316483795,88.1847870096,2067.05502662,167.075545143,0.8
2265,2020,730216448,NCST,D1 Atlantic Coast Conference,730229504,UNCW,335385558,2020-02-25 13:00:00,5,0,0,1,1142319794,D. Harrison,L,FA,L,-0.203689705097,2.02310092312,11.5490878529,-10.9936608953,5.58910613891,IP,FC,1.6129518042,5.63655323947,87.5216594632,2085.64757325,136.497058868,-0.21
2266,2020,730216448,NCST,D1 Atlantic Coast Conference,730229504,UNCW,335385558,2020-02-25 13:00:00,6,0,0,0,1181835470,C. Silver,L,FA,R,1.59390450225,2.93837163153,16.1103895019,-3.56682523554,6.0156211021,B,IP_OUT,1.1409117159,6.36460333309,84.50363647,2275.79568069,167.543387008,0.13
2267,2020,730216448,NCST,D1 Atlantic Coast Conference,730229504,UNCW,335385558,2020-02-25 13:00:00,6,1,0,0,1181835470,C. Silver,L,FA,R,-1.52145451226,0.998130779951,21.3549817279,0.233702088407,6.44759153207,B,IP_OUT,0.878694938679,6.38477878132,84.5514068468,2289.99471643,180.62594324,0.13
2268,2020,730216448,NCST,D1 Atlantic Coast Conference,730229504,UNCW,335385558,2020-02-25 13:00:00,6,2,0,0,1181835470,C. Silver,L,FA,R,0.404800483068,1.47198557357,19.8341744629,-0.852491701615,6.45546142794,SL,IP_OUT,1.00815398707,6.26508737916,84.7045042892,2253.9374773,177.543322475,-0.15
2269,2020,730216448,NCST,D1 Atlantic Coast Conference,730229504,UNCW,335385558,2020-02-25 13:00:00,6,0,0,1,1181835470,C. Silver,L,FA,L,-0.238557918683,2.10472827223,21.7139796927,0.997527272764,6.37312661709,IP,S,1.13411966495,6.47047966796,85.3540706536,2250.06589611,182.625993851,1.0
2270,2020,730216448,NCST,D1 Atlantic Coast Conference,730229504,UNCW,335385558,2020-02-25 13:00:00,6,0,0,1,1260724224,M. Willadsen,R,SL,R,0.984210399932,1.17074367837,-3.7936144068,-3.8836020023,5.89777733275,B,DP,-1.7329476033,5.60424951581,76.4794805778,2347.11807532,46.0115600652,0.13
2271,2020,730216448,NCST,D1 Atlantic Coast Conference,730229504,UNCW,335385558,2020-02-25 13:00:00,6,1,0,1,1260724224,M. Willadsen,R,FA,R,-0.0315233897754,1.78196667546,16.9721620419,6.8943851128,6.36215332973,IP,DP,-1.52415418877,6.0755356438,88.8464115534,2224.48245542,202.069480582,-0.21
2272,2020,730216448,NCST,D1 Atlantic Coast Conference,730229504,UNCW,335385558,2020-02-25 13:00:00,7,0,0,0,1260724224,M. Willadsen,R,FA,L,0.0333624003417,3.05667627579,15.6741390746,10.4164799833,6.35831958048,F,HBP,-1.30368549652,5.89711685317,90.3305990346,2271.61403801,213.553320507,-0.15
2273,2020,730216448,NCST,D1 Atlantic Coast Conference,730229504,UNCW,335385558,2020-02-25 13:00:00,7,0,1,0,1260724224,M. Willadsen,R,CU,L,0.565328522565,1.42514326822,-15.6438095849,-4.69066116067,6.12409067093,B,HBP,-1.15524834813,6.00027800191,72.8371728273,2404.88382622,16.7416966695,0.13
2274,2020,730216448,NCST,D1 Atlantic Coast Conference,730229504,UNCW,335385558,2020-02-25 13:00:00,7,1,1,0,1260724224,M. Willadsen,R,CU,L,0.379203047939,2.23104586434,-16.8478255246,-5.88800397523,6.17094628516,F,HBP,-1.21567358077,6.00233923056,71.5832752183,2321.99429719,19.3186717678,-0.15
2275,2020,730216448,NCST,D1 Atlantic Coast Conference,730229504,UNCW,335385558,2020-02-25 13:00:00,7,1,2,0,1260724224,M. Willadsen,R,FA,L,1.30146167526,4.01701989697,18.1455120498,6.16320297675,6.52416699881,HBP,HBP,-1.05319319242,6.10232187716,90.1595307839,2177.10780848,198.729969189,0.8
2276,2020,730216448,NCST,D1 Atlantic Coast Conference,730229504,UNCW,335385558,2020-02-25 13:00:00,7,0,0,0,1260724224,M. Willadsen,R,FA,L,0.386559369949,2.52085471012,15.4111031509,6.67034482057,6.3391112097,F,K,-1.41227095237,5.9545167221,88.9134368319,2152.75103184,203.360254407,-0.15
2277,2020,730216448,NCST,D1 Atlantic Coast Conference,730229504,UNCW,335385558,2020-02-25 13:00:00,7,0,1,0,1260724224,M. Willadsen,R,FA,L,-0.981887832016,2.29382236378,16.9892191232,10.1029037288,6.47558109108,SL,K,-1.81062263454,6.09569733141,88.9480159398,2093.92740601,210.690026904,-0.15
2278,2020,730216448,NCST,D1 Atlantic Coast Conference,730229504,UNCW,335385558,2020-02-25 13:00:00,7,0,2,0,1260724224,M. Willadsen,R,FA,L,-0.0120818360254,4.10653830406,12.7048369645,6.82051824213,6.53225330407,SS,K,-1.46366273362,6.14862796547,88.5996732029,2145.73999849,208.167428387,-0.15
2279,2020,730216448,NCST,D1 Atlantic Coast Conference,730229504,UNCW,335385558,2020-02-25 13:00:00,7,0,0,1,1260724224,M. Willadsen,R,CU,R,-1.58195852892,2.96703468408,-0.511762121195,-4.94290943128,5.68378516315,B,K,-1.73627395883,5.7581463586,77.0793170129,2433.98884042,84.6028061042,0.13
2280,2020,730216448,NCST,D1 Atlantic Coast Conference,730229504,UNCW,335385558,2020-02-25 13:00:00,7,1,0,1,1260724224,M. Willadsen,R,FA,R,0.865336933256,1.06390831892,0.778308520362,-7.90896709737,5.91016348684,SS,K,-1.58898018301,5.73747962077,76.8738394241,2402.33622105,95.9403186757,-0.15
2281,2020,730216448,NCST,D1 Atlantic Coast Conference,730229504,UNCW,335385558,2020-02-25 13:00:00,7,1,1,1,1260724224,M. Willadsen,R,CU,R,-0.790773411329,2.13474407447,-17.4446738575,-2.55587303116,6.28503961484,SL,K,-1.23402806229,6.04364453823,70.501826171,2338.60595965,8.36034258726,-0.15
2282,2020,730216448,NCST,D1 Atlantic Coast Conference,730229504,UNCW,335385558,2020-02-25 13:00:00,7,1,2,1,1260724224,M. Willadsen,R,FA,R,-0.512821126681,0.739479460586,16.4736616779,10.5306061975,6.57942261873,B,K,-0.954112039597,6.22598667988,88.667554736,2186.12517859,212.536500565,0.13
2283,2020,730216448,NCST,D1 Atlantic Coast Conference,730229504,UNCW,335385558,2020-02-25 13:00:00,7,2,2,1,1260724224,M. Willadsen,R,SL,R,0.907815827639,1.099493943,-2.59841399353,-8.13902287058,6.08347701039,SS,K,-1.6036545566,5.79264203835,77.5872824984,2519.83657524,72.5734192442,-0.15
2284,2020,730216448,NCST,D1 Atlantic Coast Conference,730229504,UNCW,335385558,2020-02-25 13:00:00,7,0,0,2,1260724224,M. Willadsen,R,CU,R,0.989240595566,0.24723541958,-15.4666598431,-1.81444071394,6.39317368714,B,IP_OUT,-1.11128294605,6.02729872573,71.8136829502,2424.62239821,6.71278744954,0.13
2285,2020,730216448,NCST,D1 Atlantic Coast Conference,730229504,UNCW,335385558,2020-02-25 13:00:00,7,1,0,2,1260724224,M. Willadsen,R,FA,R,1.32987219761,1.82214891568,15.5866820024,10.0821337899,6.63443441436,SL,IP_OUT,-1.31954654071,6.04005728999,88.4550485372,2152.27833493,212.841451517,-0.15
2286,2020,730216448,NCST,D1 Atlantic Coast Conference,730229504,UNCW,335385558,2020-02-25 13:00:00,8,0,0,0,1323443936,L. Bender,R,SL,L,0.060803293691,2.4299789552,-8.48973183594,-12.4312637481,5.58411025646,SL,S,-1.6079008081,5.55842165576,81.5110947015,2739.61221502,55.7959612641,-0.15
2287,2020,730216448,NCST,D1 Atlantic Coast Conference,730229504,UNCW,335385558,2020-02-25 13:00:00,8,0,1,0,1323443936,L. Bender,R,FA,L,1.27515597497,1.98112869471,13.4491469346,7.21597364407,6.64107982148,B,S,-1.1251914382,5.61299290423,91.2121180105,2383.78596649,208.161187275,0.13
2288,2020,730216448,NCST,D1 Atlantic Coast Conference,730229504,UNCW,335385558,2020-02-25 13:00:00,8,1,1,0,1323443936,L. Bender,R,FA,L,-0.439129632556,2.37939209309,13.0104072993,8.52221757908,6.46842563411,IP,S,-1.29989092556,5.59205536033,90.9257119028,2388.83317485,213.16403737,1.0
2289,2020,730216448,NCST,D1 Atlantic Coast Conference,730229504,UNCW,335385558,2020-02-25 13:00:00,8,0,0,0,1323443936,L. Bender,R,SL,L,0.379194781384,3.09783131986,-11.2349105068,-11.9500761831,5.53889900566,SL,K,-1.50301480851,5.55434595887,81.5959855656,2818.32037593,46.8690389301,-0.15
2290,2020,730216448,NCST,D1 Atlantic Coast Conference,730229504,UNCW,335385558,2020-02-25 13:00:00,8,0,1,0,1323443936,L. Bender,R,SL,L,0.387987692509,3.06806653032,-12.2471706671,-11.1070952436,5.75077149844,SL,K,-1.6675777698,5.4862176957,81.1870173626,2742.12887227,42.2990608266,-0.15
2291,2020,730216448,NCST,D1 Atlantic Coast Conference,730229504,UNCW,335385558,2020-02-25 13:00:00,8,0,2,0,1323443936,L. Bender,R,SL,L,-0.256763111425,0.297716005811,-13.7236522973,-8.35150988837,6.0047224054,B,K,-1.24641001264,5.57504595563,81.4381329461,2827.49902904,31.3962859254,0.13
2292,2020,730216448,NCST,D1 Atlantic Coast Conference,730229504,UNCW,335385558,2020-02-25 13:00:00,8,1,2,0,1323443936,L. Bender,R,SL,L,-0.834894065063,1.04583861989,-11.6392126791,-11.6949626398,5.62386775951,F,K,-1.55836016983,5.63956190503,82.0003177571,2920.60206799,45.2349205694,0.0
2293,2020,730216448,NCST,D1 Atlantic Coast Conference,730229504,UNCW,335385558,2020-02-25 13:00:00,8,1,2,0,1323443936,L. Bender,R,FA,L,1.09009169358,1.07437118197,11.417601009,5.61617212574,6.48866705054,B,K,-1.16138826282,5.72828631162,90.3525420208,2459.96268771,206.129804071,0.13
2294,2020,730216448,NCST,D1 Atlantic Coast Conference,730229504,UNCW,335385558,2020-02-25 13:00:00,8,2,2,0,1323443936,L. Bender,R,SL,L,0.373754410215,0.523461734833,-8.38272789194,-11.41283893,5.64816703836,SS,K,-1.61735484031,5.5806519587,81.4084918306,2749.03320685,53.8351094894,-0.15
2295,2020,730216448,NCST,D1 Atlantic Coast Conference,730229504,UNCW,335385558,2020-02-25 13:00:00,8,0,0,1,1323443936,L. Bender,R,SL,L,-1.56828748185,2.2676880095,-8.51636254894,-11.871888548,5.67260268612,B,K,-1.55994748612,5.57857323658,80.9372509166,2833.9947055,54.4755073063,0.13
2296,2020,730216448,NCST,D1 Atlantic Coast Conference,730229504,UNCW,335385558,2020-02-25 13:00:00,8,1,0,1,1323443936,L. Bender,R,SL,L,-1.51309937267,2.03365410443,-6.28545440918,-12.9378504808,5.55991211005,B,K,-1.70580297829,5.64447163202,80.5945153929,2869.76882547,64.2366779638,0.13
2297,2020,730216448,NCST,D1 Atlantic Coast Conference,730229504,UNCW,335385558,2020-02-25 13:00:00,8,2,0,1,1323443936,L. Bender,R,FA,L,1.23273074532,1.28331477958,15.2789094565,3.82817301919,6.54786913603,B,K,-1.03889770307,5.76754473962,90.2153103525,2378.53467351,194.038415435,0.13
2298,2020,730216448,NCST,D1 Atlantic Coast Conference,730229504,UNCW,335385558,2020-02-25 13:00:00,8,3,0,1,1323443936,L. Bender,R,FA,L,0.344424895393,2.02318142052,17.0674551849,8.35067566606,6.58435486022,SL,K,-1.13743618306,5.81187236409,89.8103970929,2381.18822472,206.02960478,-0.15
2299,2020,730216448,NCST,D1 Atlantic Coast Conference,730229504,UNCW,335385558,2020-02-25 13:00:00,8,3,1,1,1323443936,L. Bender,R,SL,L,-0.397021649948,2.74313914673,-6.60142121885,-13.115089781,5.76858765996,SL,K,-1.57983240233,5.62779452601,80.5269953471,2777.14894739,63.42444162,-0.15
2300,2020,730216448,NCST,D1 Atlantic Coast Conference,730229504,UNCW,335385558,2020-02-25 13:00:00,8,3,2,1,1323443936,L. Bender,R,SL,L,1.30390129665,1.12851527825,-6.55478081661,-12.3658593036,5.69008040789,SS,K,-1.5388608143,5.50441490202,81.4156216406,2908.80411229,62.2191826115,-0.15
2301,2020,730216448,NCST,D1 Atlantic Coast Conference,730229504,UNCW,335385558,2020-02-25 13:00:00,8,0,0,2,1323443936,L. Bender,R,SL,L,1.8415021915,1.12409799517,-10.5495135584,-11.4863530553,5.97501151889,B,BB,-1.47561121538,5.58908948784,82.1758682952,2789.88866142,47.5410019304,0.13
2302,2020,730216448,NCST,D1 Atlantic Coast Conference,730229504,UNCW,335385558,2020-02-25 13:00:00,8,1,0,2,1323443936,L. Bender,R,FA,L,2.00442260865,2.10929826685,14.6587838442,5.21904726349,6.53526441768,B,BB,-1.26646983572,5.70303094326,89.7194938492,2450.01524001,199.558231329,0.13
2303,2020,730216448,NCST,D1 Atlantic Coast Conference,730229504,UNCW,335385558,2020-02-25 13:00:00,8,2,0,2,1323443936,L. Bender,R,SL,L,1.31282036044,1.97791869876,-7.44363902081,-9.69861552243,5.69463798323,B,BB,-1.54609372819,5.52828383052,81.9856054364,2841.2284488,52.6410795945,0.13
2304,2020,730216448,NCST,D1 Atlantic Coast Conference,730229504,UNCW,335385558,2020-02-25 13:00:00,8,3,0,2,1323443936,L. Bender,R,FA,L,0.424951850092,1.96476915218,12.851206051,5.73515760628,6.25301441092,SL,BB,-1.15848843923,5.67708918348,89.7627960512,2451.47478834,203.997400747,-0.15
2305,2020,730216448,NCST,D1 Atlantic Coast Conference,730229504,UNCW,335385558,2020-02-25 13:00:00,8,3,1,2,1323443936,L. Bender,R,FA,L,-0.730879264703,3.52818281467,17.4527977298,8.79762917814,6.50323769134,B,BB,-1.24971762426,5.76469026254,89.955450148,2406.41032422,206.710191691,0.8
2306,2020,730216448,NCST,D1 Atlantic Coast Conference,730229504,UNCW,335385558,2020-02-25 13:00:00,8,0,0,2,1323443936,L. Bender,R,SL,R,1.07572511596,1.38819807099,-5.35485275883,-12.7295259986,5.70110503484,SL,IP_OUT,-1.50761098823,5.66958690185,81.2663500753,2829.870879,67.3398852609,-0.15
2307,2020,730216448,NCST,D1 Atlantic Coast Conference,730229504,UNCW,335385558,2020-02-25 13:00:00,8,0,1,2,1323443936,L. Bender,R,SL,R,1.45867868236,1.51656981873,-5.3293031111,-12.2868299088,5.74819459678,SS,IP_OUT,-1.56571346427,5.58610548537,80.8382727566,2785.51751818,66.7115645592,-0.15
2308,2020,730216448,NCST,D1 Atlantic Coast Conference,730229504,UNCW,335385558,2020-02-25 13:00:00,9,0,0,0,1061489690,A. Tillery,R,FA,L,-0.625152179487,1.27065049516,15.5053722093,18.4383581529,6.24620772107,B,IP_OUT,-1.70851324622,5.68178581499,88.9422968637,2160.76751023,229.878932226,0.13
2309,2020,730216448,NCST,D1 Atlantic Coast Conference,730229504,UNCW,335385558,2020-02-25 13:00:00,9,1,0,0,1061489690,A. Tillery,R,FA,L,0.3483792847,3.25605994829,17.3372581461,17.1082308466,6.30480515663,SL,IP_OUT,-1.48145455272,5.74145083598,89.3860130864,2310.29305727,224.565465598,-0.15
2310,2020,730216448,NCST,D1 Atlantic Coast Conference,730229504,UNCW,335385558,2020-02-25 13:00:00,9,0,0,1,1061489690,A. Tillery,R,FA,L,-0.135172518221,1.73247424788,19.6545215711,13.2126475878,6.37460381212,SS,K,-1.34564259142,5.89614723917,90.5624567814,2196.86272317,213.868311903,-0.15
2311,2020,730216448,NCST,D1 Atlantic Coast Conference,730229504,UNCW,335385558,2020-02-25 13:00:00,9,0,1,1,1061489690,A. Tillery,R,CH,L,-1.3522849047,2.45179485491,11.8748182726,20.2589090028,6.3467630813,B,K,-1.60818042071,5.5558244637,83.8345156874,2206.62302706,239.54612077,0.13
2312,2020,730216448,NCST,D1 Atlantic Coast Conference,730229504,UNCW,335385558,2020-02-25 13:00:00,9,1,1,1,1061489690,A. Tillery,R,CH,L,-1.01169658944,2.21336800614,8.63203593876,20.9223726076,6.20005718926,F,K,-1.65491527889,5.50150106229,82.1658321041,2199.67406959,247.490105019,-0.15
2313,2020,730216448,NCST,D1 Atlantic Coast Conference,730229504,UNCW,335385558,2020-02-25 13:00:00,9,1,2,1,1061489690,A. Tillery,R,FA,L,0.217023755495,3.91732574022,18.9510220607,14.1021654497,6.29922886097,SS,K,-1.32816533847,5.79365520638,88.3329869854,2168.46161427,216.60591418,-0.15
2314,2020,730216448,NCST,D1 Atlantic Coast Conference,730229504,UNCW,335385558,2020-02-25 13:00:00,9,0,0,2,1061489690,A. Tillery,R,SL,L,-0.839861952979,3.00442928576,-9.03377317128,-7.69006500004,6.12635201007,SL,IP_OUT,-1.67472841277,5.52306735329,72.2868981636,1879.43351403,40.5624270727,-0.15
2315,2020,730216448,NCST,D1 Atlantic Coast Conference,730229504,UNCW,335385558,2020-02-25 13:00:00,9,0,1,2,1061489690,A. Tillery,R,FA,L,0.62240044469,3.53797374155,13.3720641266,13.549918544,6.44038229226,B,IP_OUT,-1.37868851124,5.79415218118,88.4386484157,2120.71671237,225.308010818,0.13
2316,2020,4104,CCAR,D1 Sun Belt Conference,730229504,UNCW,336929193,2020-02-19 13:00:00,1,0,0,0,1818604573,N. Parker,R,FA,L,-0.586114168394,0.762666845397,11.8109694072,19.1987806742,5.5094159703,B,K,-1.74161504878,5.81176871815,86.6271235291,1930.77556072,238.32311921,0.13
2317,2020,4104,CCAR,D1 Sun Belt Conference,730229504,UNCW,336929193,2020-02-19 13:00:00,1,1,0,0,1818604573,N. Parker,R,FA,L,-0.839402744846,0.8162955504,16.1394093839,14.5083949683,5.35654333284,B,K,-1.66567891748,5.81854344486,86.4288533594,1915.94339377,221.890068877,0.13
2318,2020,4104,CCAR,D1 Sun Belt Conference,730229504,UNCW,336929193,2020-02-19 13:00:00,1,2,0,0,1818604573,N. Parker,R,FA,L,0.140787324376,0.87563281194,10.763362436,18.3971517558,5.41127688763,SS,K,-1.75700570952,5.75268732508,86.1508183822,1989.50366256,239.585713806,-0.15
2319,2020,4104,CCAR,D1 Sun Belt Conference,730229504,UNCW,336929193,2020-02-19 13:00:00,1,2,1,0,1818604573,N. Parker,R,FA,L,0.0930005251032,1.78831755861,11.8973093855,14.9461034419,5.51051867201,F,K,-1.73957754312,5.84406058332,87.4737715774,2008.66529567,231.397003941,-0.15
2320,2020,4104,CCAR,D1 Sun Belt Conference,730229504,UNCW,336929193,2020-02-19 13:00:00,1,2,2,0,1818604573,N. Parker,R,CH,L,-0.740106133226,1.57901747019,10.7865197459,15.4034418054,5.36821345608,SS,K,-1.74057073466,5.66843686959,81.4973258121,1725.22805349,234.895635261,-0.15
2321,2020,4104,CCAR,D1 Sun Belt Conference,730229504,UNCW,336929193,2020-02-19 13:00:00,1,0,0,2,1818604573,N. Parker,R,FA,L,0.0548042021048,0.160640755807,14.8648569316,16.6681569286,5.31576907061,B,BB,-1.78911924413,5.84331681809,86.9951646192,2144.07402059,228.204093325,0.13
2322,2020,4104,CCAR,D1 Sun Belt Conference,730229504,UNCW,336929193,2020-02-19 13:00:00,1,1,0,2,1818604573,N. Parker,R,CH,L,-1.17076655891,2.59594799706,15.9916821104,15.1977704538,5.29444283343,F,BB,-1.80204673601,5.69732212558,80.3375200697,1892.6286733,223.465945883,-0.15
2323,2020,4104,CCAR,D1 Sun Belt Conference,730229504,UNCW,336929193,2020-02-19 13:00:00,1,1,1,2,1818604573,N. Parker,R,FA,L,-2.66530530815,1.58821849931,22.0738465662,14.1812382283,5.41132685799,B,BB,-2.01801631208,5.86001423185,87.8018271685,2224.01702751,212.676792929,0.13
2324,2020,4104,CCAR,D1 Sun Belt Conference,730229504,UNCW,336929193,2020-02-19 13:00:00,1,2,1,2,1818604573,N. Parker,R,FA,L,-0.308057371586,0.834200580559,15.6280721623,16.5214562895,5.48907263192,B,BB,-1.74526867051,5.81403124097,86.8916284744,2157.03617522,226.526171527,0.13
2325,2020,4104,CCAR,D1 Sun Belt Conference,730229504,UNCW,336929193,2020-02-19 13:00:00,1,3,1,2,1818604573,N. Parker,R,FA,L,0.959306566578,1.40000692085,19.1144952527,9.68004723661,5.40378104119,B,BB,-1.67999273275,5.78215813247,87.0935969012,2129.33751675,206.81549265,0.8
2326,2020,4104,CCAR,D1 Sun Belt Conference,730229504,UNCW,336929193,2020-02-19 13:00:00,1,0,0,2,1818604573,N. Parker,R,FA,R,0.785098767678,1.93790788778,20.6249360647,9.97491800548,5.39012158882,F,IP_OUT,-1.88846453867,5.90788343532,86.2211179678,2025.51012035,205.77027307,-0.15
2327,2020,4104,CCAR,D1 Sun Belt Conference,730229504,UNCW,336929193,2020-02-19 13:00:00,1,0,1,2,1818604573,N. Parker,R,FA,R,0.582976047621,1.19332969936,17.9562682032,12.1452076917,5.51101176253,B,IP_OUT,-1.85523458748,5.81155590874,86.5576935562,2083.56573016,214.020596185,0.13
2328,2020,4104,CCAR,D1 Sun Belt Conference,730229504,UNCW,336929193,2020-02-19 13:00:00,1,1,1,2,1818604573,N. Parker,R,SL,R,-0.107601619967,3.47019898746,1.80980080112,-4.19478627655,5.26830212893,SS,IP_OUT,-1.96228530668,5.80936085229,79.1627289509,2155.14098731,113.829902385,-0.15
2329,2020,4104,CCAR,D1 Sun Belt Conference,730229504,UNCW,336929193,2020-02-19 13:00:00,2,0,0,0,1818604573,N. Parker,R,SL,L,-0.557125779452,0.694530120808,2.82257793981,-5.36672492981,5.23468724463,B,IP_OUT,-1.88565617795,5.95808766583,79.4464177658,2094.32832249,118.096960628,0.13
2330,2020,4104,CCAR,D1 Sun Belt Conference,730229504,UNCW,336929193,2020-02-19 13:00:00,2,1,0,0,1818604573,N. Parker,R,FA,L,-0.586374962017,0.784924836018,14.1281038299,18.1550532808,5.4363569316,B,IP_OUT,-1.86338802527,5.94535758829,86.8310471658,2123.46153789,232.039796825,0.13
2331,2020,4104,CCAR,D1 Sun Belt Conference,730229504,UNCW,336929193,2020-02-19 13:00:00,2,2,0,0,1818604573,N. Parker,R,FA,L,-0.475469089145,2.41628964385,18.9072118749,7.57504490366,5.29300380113,SL,IP_OUT,-1.86790597226,5.92428330578,86.0773985957,2112.21275309,201.794999714,-0.15
2332,2020,4104,CCAR,D1 Sun Belt Conference,730229504,UNCW,336929193,2020-02-19 13:00:00,2,2,1,0,1818604573,N. Parker,R,FA,L,-0.669054785631,1.70918772635,18.2574432917,15.9068922039,5.39113998905,SS,IP_OUT,-1.9959653554,5.8462504551,85.6634507736,1959.88616005,221.006398962,-0.15
2333,2020,4104,CCAR,D1 Sun Belt Conference,730229504,UNCW,336929193,2020-02-19 13:00:00,2,2,2,0,1818604573,N. Parker,R,FA,L,-1.6288796308,1.42939287278,20.5294903992,16.0940423588,5.40547551207,B,IP_OUT,-1.96068715418,5.84906743992,86.7307321505,2078.08103754,218.045452857,0.13
2334,2020,4104,CCAR,D1 Sun Belt Conference,730229504,UNCW,336929193,2020-02-19 13:00:00,2,0,0,1,1818604573,N. Parker,R,FA,R,1.21617387905,1.5086472646,19.937184034,13.7562010678,5.53650171731,B,HR,-1.84009836932,5.85013943575,86.974514616,2075.31108118,214.556844009,0.13
2335,2020,4104,CCAR,D1 Sun Belt Conference,730229504,UNCW,336929193,2020-02-19 13:00:00,2,1,0,1,1818604573,N. Parker,R,FA,R,0.250925659918,2.0338578856,18.8153651056,12.2569396935,5.51565259535,IP,HR,-1.92791608124,5.81075248661,86.3884734446,2048.19494037,213.031320966,1.76
2336,2020,4104,CCAR,D1 Sun Belt Conference,730229504,UNCW,336929193,2020-02-19 13:00:00,2,0,0,1,1818604573,N. Parker,R,SL,R,-0.742972988335,3.90845156931,3.01948839859,-4.79220819224,5.29587110636,B,S,-1.89191552629,5.81859596994,80.1998652941,2213.30039985,122.572397592,0.13
2337,2020,4104,CCAR,D1 Sun Belt Conference,730229504,UNCW,336929193,2020-02-19 13:00:00,2,1,0,1,1818604573,N. Parker,R,SL,R,1.1937480956,2.24078029695,5.02224898768,-5.46226301986,5.56817501165,SS,S,-1.84286247292,5.79843773979,80.3369375259,2281.7846797,132.831995341,-0.15
2338,2020,4104,CCAR,D1 Sun Belt Conference,730229504,UNCW,336929193,2020-02-19 13:00:00,2,1,1,1,1818604573,N. Parker,R,SL,R,0.377183142823,1.5095206624,0.783416967387,-6.98770134387,5.52227333883,IP,S,-1.83768761969,5.81369599258,79.4216414553,2201.41691413,96.7443784199,1.0
2339,2020,4104,CCAR,D1 Sun Belt Conference,730229504,UNCW,336929193,2020-02-19 13:00:00,2,0,0,1,1818604573,N. Parker,R,FA,R,0.616042917139,3.91750124737,19.4178430698,6.8937226341,5.50034975803,B,DP,-1.90906025429,5.94718594661,85.9445428967,1885.29163132,199.511931408,0.13
2340,2020,4104,CCAR,D1 Sun Belt Conference,730229504,UNCW,336929193,2020-02-19 13:00:00,2,1,0,1,1818604573,N. Parker,R,FA,R,1.091098141,2.60402429403,15.7531911296,10.9526380163,5.3703926859,IP,DP,-1.75185482296,5.85610302883,84.5760989513,1854.63353311,214.745097437,-0.21
2341,2020,4104,CCAR,D1 Sun Belt Conference,730229504,UNCW,336929193,2020-02-19 13:00:00,3,0,0,0,1818604573,N. Parker,R,CH,L,-0.347261824891,1.10823470626,12.087389454,14.6797428045,5.38962866786,SS,IP_OUT,-1.94430594379,5.80462756932,79.0994916873,1645.44617662,230.43092964,-0.15
2342,2020,4104,CCAR,D1 Sun Belt Conference,730229504,UNCW,336929193,2020-02-19 13:00:00,3,0,1,0,1818604573,N. Parker,R,CH,L,-0.341461898206,0.923789014226,14.9622051152,16.1787731405,5.15228450888,SS,IP_OUT,-1.77953332668,5.79078247775,79.9302949307,1763.37492493,227.155250632,-0.15
2343,2020,4104,CCAR,D1 Sun Belt Conference,730229504,UNCW,336929193,2020-02-19 13:00:00,3,0,2,0,1818604573,N. Parker,R,CH,L,-1.64916597033,2.02049656705,11.8299453923,16.6539973869,5.29745117055,B,IP_OUT,-1.93108272085,5.67114649075,79.8668751328,1854.48629924,234.513682502,0.13
2344,2020,4104,CCAR,D1 Sun Belt Conference,730229504,UNCW,336929193,2020-02-19 13:00:00,3,1,2,0,1818604573,N. Parker,R,CU,L,0.979786587183,0.757212609123,-15.2611027793,-16.5027149216,4.98070031692,B,IP_OUT,-1.54673286164,6.12944058518,71.5350455185,2567.2119278,47.3418276218,0.13
2345,2020,4104,CCAR,D1 Sun Belt Conference,730229504,UNCW,336929193,2020-02-19 13:00:00,3,0,0,1,1818604573,N. Parker,R,CH,L,0.170848779883,2.49398487489,13.9031535187,16.3014149533,5.4116132172,SS,S,-1.86507099436,5.7515421076,79.4318124795,1683.68637321,229.452427335,-0.15
2346,2020,4104,CCAR,D1 Sun Belt Conference,730229504,UNCW,336929193,2020-02-19 13:00:00,3,0,1,1,1818604573,N. Parker,R,CH,L,0.468224275526,-0.328276196232,9.93922418497,19.1723382921,5.3506153515,B,S,-1.75777003142,5.69334497475,80.9092773202,1812.29873414,242.49964896,0.13
2347,2020,4104,CCAR,D1 Sun Belt Conference,730229504,UNCW,336929193,2020-02-19 13:00:00,3,1,1,1,1818604573,N. Parker,R,CH,L,-0.406494907275,2.61347952585,10.1913321605,16.4453930845,5.45188723035,IP,S,-1.85499923849,5.70495876974,80.42436234,1787.75222939,238.107883885,1.0
2348,2020,4104,CCAR,D1 Sun Belt Conference,730229504,UNCW,336929193,2020-02-19 13:00:00,3,0,0,1,1818604573,N. Parker,R,CH,L,-0.44658313347,2.31757331799,11.41972749,15.290189241,5.36559038129,SS,K,-1.93765318344,5.73198519123,78.6120054608,1765.66049767,233.139226707,-0.15
2349,2020,4104,CCAR,D1 Sun Belt Conference,730229504,UNCW,336929193,2020-02-19 13:00:00,3,0,1,1,1818604573,N. Parker,R,CU,L,0.450823717195,2.00307201895,-13.279384875,-14.8795773631,5.13804911263,SS,K,-1.81217278031,6.23419040109,69.2567642983,2522.90314885,48.3768106469,-0.15
2350,2020,4104,CCAR,D1 Sun Belt Conference,730229504,UNCW,336929193,2020-02-19 13:00:00,3,0,2,1,1818604573,N. Parker,R,CU,L,-0.215533910259,0.83604822701,-19.5651800829,-13.8379060285,4.99308242587,SS,K,-1.74057938852,6.11988552335,70.6295997759,2639.0990706,35.3486584845,-0.15
2351,2020,4104,CCAR,D1 Sun Belt Conference,730229504,UNCW,336929193,2020-02-19 13:00:00,3,0,0,2,1818604573,N. Parker,R,CH,L,-1.00289292997,2.06531553105,12.6690823821,16.9235422803,5.31677233345,SS,IP_OUT,-2.17798236695,5.76844376126,78.4697444389,1797.67212435,233.084982709,-0.15
2352,2020,4104,CCAR,D1 Sun Belt Conference,730229504,UNCW,336929193,2020-02-19 13:00:00,3,0,1,2,1818604573,N. Parker,R,CU,L,0.145188237883,0.550007326636,-16.9934679001,-15.8044714942,4.96190079108,B,IP_OUT,-1.792367772,6.15281764978,69.9256453815,2569.16912377,43.021266599,0.13
2353,2020,4104,CCAR,D1 Sun Belt Conference,730229504,UNCW,336929193,2020-02-19 13:00:00,3,1,1,2,1818604573,N. Parker,R,CU,L,-0.470261827309,2.18543443299,-16.1054564443,-17.175792091,4.96682400089,F,IP_OUT,-2.01194242293,6.13557512539,69.8351277085,2556.46640597,46.9449288963,-0.15
2354,2020,4104,CCAR,D1 Sun Belt Conference,730229504,UNCW,336929193,2020-02-19 13:00:00,4,0,0,0,1252690724,C. Green,R,SL,R,1.32693636762,0.995109987838,-9.88173515275,-13.6571710703,5.66933572784,B,IP_OUT,-1.66452711308,6.43371622055,74.6727569041,2489.51268558,54.2430857726,0.13
2355,2020,4104,CCAR,D1 Sun Belt Conference,730229504,UNCW,336929193,2020-02-19 13:00:00,4,1,0,0,1252690724,C. Green,R,FA,R,-0.089153441912,1.17074372308,12.0755175974,14.8161042927,6.39836208726,SS,IP_OUT,-1.6896692981,6.17212633213,86.958889482,2150.76204108,230.739746823,-0.15
2356,2020,4104,CCAR,D1 Sun Belt Conference,730229504,UNCW,336929193,2020-02-19 13:00:00,4,1,1,0,1252690724,C. Green,R,FA,R,-0.408981003053,1.74771987423,6.46842783791,19.3284539089,6.28959772758,SS,IP_OUT,-1.9978073735,6.10513661735,86.7915434038,2157.27106813,251.404147862,-0.15
2357,2020,4104,CCAR,D1 Sun Belt Conference,730229504,UNCW,336929193,2020-02-19 13:00:00,4,0,0,1,1252690724,C. Green,R,FA,L,-0.417770924329,3.00577240201,21.1634617055,4.88973085772,6.29381968048,SL,S,-1.80829814775,6.26997827009,88.2972593301,2312.25933169,192.990040006,-0.15
2358,2020,4104,CCAR,D1 Sun Belt Conference,730229504,UNCW,336929193,2020-02-19 13:00:00,4,0,1,1,1252690724,C. Green,R,CU,L,-0.114789774278,2.53203136861,-10.2382061263,-12.1797456139,5.56664608831,SL,S,-1.58739407158,6.38244399509,75.1356997405,2523.50718989,50.079842161,-0.15
2359,2020,4104,CCAR,D1 Sun Belt Conference,730229504,UNCW,336929193,2020-02-19 13:00:00,4,0,2,1,1252690724,C. Green,R,FA,L,-0.483647898328,1.83289058739,9.96108614612,13.4944017259,6.47008812908,F,S,-2.08090526042,5.96873289161,87.9860480912,2238.40460748,233.475329357,0.0
2360,2020,4104,CCAR,D1 Sun Belt Conference,730229504,UNCW,336929193,2020-02-19 13:00:00,4,0,2,1,1252690724,C. Green,R,CU,L,-0.293347597681,1.71009483032,-7.2696170364,-17.4637934804,5.69991025871,F,S,-1.70838236595,6.48298748461,75.6843358951,2523.73616325,67.5292701076,0.0
2361,2020,4104,CCAR,D1 Sun Belt Conference,730229504,UNCW,336929193,2020-02-19 13:00:00,4,0,2,1,1252690724,C. Green,R,FA,L,0.213067970432,1.31205254494,15.1104908731,7.40459135744,6.37194136406,IP,S,-1.61286171404,6.16054540387,88.3454522415,2200.16225997,206.056445148,1.0
2362,2020,4104,CCAR,D1 Sun Belt Conference,730229504,UNCW,336929193,2020-02-19 13:00:00,4,0,0,1,1252690724,C. Green,R,CU,R,1.24613683296,-1.05187921587,-13.2131504868,-11.5598884275,5.48920586318,B,BB,-1.61328701077,6.5037441525,74.3095910118,2523.78638868,41.2868549629,0.13
2363,2020,4104,CCAR,D1 Sun Belt Conference,730229504,UNCW,336929193,2020-02-19 13:00:00,4,1,0,1,1252690724,C. Green,R,FA,R,-1.61292669603,2.44152048045,11.9615856669,12.4153123438,6.20505719697,B,BB,-1.89296910859,6.24200985043,85.6231966207,2234.11168056,225.980406978,0.13
2364,2020,4104,CCAR,D1 Sun Belt Conference,730229504,UNCW,336929193,2020-02-19 13:00:00,4,2,0,1,1252690724,C. Green,R,FA,R,-0.256450097866,0.847828609167,16.168451724,11.0180307666,6.39451429118,B,BB,-1.84170702385,6.26600281424,86.6823331658,2131.4768011,214.215305784,0.13
2365,2020,4104,CCAR,D1 Sun Belt Conference,730229504,UNCW,336929193,2020-02-19 13:00:00,4,3,0,1,1252690724,C. Green,R,FA,R,-0.914785023312,2.26371317639,14.8379178177,16.6481156194,6.44182329879,SL,BB,-1.79668226403,6.25609233069,86.6650900934,2088.69339441,228.22359655,-0.15
2366,2020,4104,CCAR,D1 Sun Belt Conference,730229504,UNCW,336929193,2020-02-19 13:00:00,4,3,1,1,1252690724,C. Green,R,FA,R,-0.430374339023,1.74519796759,14.9615584229,10.5445311042,6.43533217107,F,BB,-1.6625368548,6.27140280387,87.2768756403,2220.68329632,215.113604947,-0.15
2367,2020,4104,CCAR,D1 Sun Belt Conference,730229504,UNCW,336929193,2020-02-19 13:00:00,4,3,2,1,1252690724,C. Green,R,FA,R,-1.830756109,1.91894642192,9.68381681461,17.5287722101,6.42769066176,B,BB,-1.79355530291,6.24384399067,87.3532608829,2121.68439241,240.995314946,0.8
2368,2020,4104,CCAR,D1 Sun Belt Conference,730229504,UNCW,336929193,2020-02-19 13:00:00,4,0,0,1,1252690724,C. Green,R,FA,R,0.291632327036,1.58537258755,10.0785257293,8.53283400199,6.36378018154,IP,FC,-1.66686585373,6.26935541418,87.3991400474,2155.34201258,220.158187072,-0.21
2369,2020,4104,CCAR,D1 Sun Belt Conference,730229504,UNCW,336929193,2020-02-19 13:00:00,5,0,0,0,1252690724,C. Green,R,CU,R,-0.234042349916,3.72172027836,-7.82872587234,-12.1828435944,5.25042082638,SL,S,-1.50847884197,6.5280874231,72.7554105159,2354.54850491,57.4451260633,-0.15
2370,2020,4104,CCAR,D1 Sun Belt Conference,730229504,UNCW,336929193,2020-02-19 13:00:00,5,0,1,0,1252690724,C. Green,R,FA,R,0.203694984833,0.775950428744,15.3954619052,11.1756982694,6.32239095777,B,S,-1.68644548177,6.18191555518,86.8822104371,2179.2728236,215.915143139,0.13
2371,2020,4104,CCAR,D1 Sun Belt Conference,730229504,UNCW,336929193,2020-02-19 13:00:00,5,1,1,0,1252690724,C. Green,R,CU,R,0.384722733353,2.67409003713,-8.69492551137,-11.0540485307,5.60545564582,IP,S,-1.5819106462,6.42878892638,74.307433198,2407.39758104,51.9653697514,1.0
2372,2020,4104,CCAR,D1 Sun Belt Conference,730229504,UNCW,336929193,2020-02-19 13:00:00,5,0,0,0,1252690724,C. Green,R,CH,L,-1.49090269709,3.56540515721,15.4676133679,9.19674491629,6.29988206083,B,FC,-1.88648540681,6.502324189,78.8746945401,1609.41185881,210.666608538,0.13
2373,2020,4104,CCAR,D1 Sun Belt Conference,730229504,UNCW,336929193,2020-02-19 13:00:00,5,1,0,0,1252690724,C. Green,R,FA,L,-0.591558399012,2.43128747057,19.3653656479,8.90438863495,6.35521555008,F,FC,-1.77206561536,6.45593102172,85.6768157393,2136.68020392,204.653649717,-0.15
2374,2020,4104,CCAR,D1 Sun Belt Conference,730229504,UNCW,336929193,2020-02-19 13:00:00,5,1,1,0,1252690724,C. Green,R,FA,L,-1.5512346134,2.61505957292,8.93750388564,18.9571497326,6.31721770543,SS,FC,-1.91923047098,6.2310121371,86.3165242799,2055.99707805,244.670685889,-0.15
2375,2020,4104,CCAR,D1 Sun Belt Conference,730229504,UNCW,336929193,2020-02-19 13:00:00,5,1,2,0,1252690724,C. Green,R,FA,L,-2.33720774918,3.75946117303,10.7861539683,15.8125217797,6.18487134947,B,FC,-1.87645406328,6.22692776242,87.5739558069,2083.12742361,235.615629108,0.13
2376,2020,4104,CCAR,D1 Sun Belt Conference,730229504,UNCW,336929193,2020-02-19 13:00:00,5,2,2,0,1252690724,C. Green,R,CU,L,-0.505907950889,2.83006080029,-3.98286177165,-8.00067918334,5.54151982749,IP,FC,-1.79464586508,6.43592735751,75.2501138744,2319.93699392,63.8077713258,-0.21
2377,2020,4104,CCAR,D1 Sun Belt Conference,730229504,UNCW,336929193,2020-02-19 13:00:00,5,0,0,1,1252690724,C. Green,R,FA,L,-1.2970288015,2.42596623166,9.7822951209,16.9045442242,6.18125697245,SS,S,-2.00056071859,6.22785181247,86.3404622135,2124.87742029,239.853456429,-0.15
2378,2020,4104,CCAR,D1 Sun Belt Conference,730229504,UNCW,336929193,2020-02-19 13:00:00,5,0,1,1,1252690724,C. Green,R,CH,L,-1.42935083179,1.32262326147,12.2613483807,11.3890467328,6.47518610595,B,S,-1.98213108387,6.27025207284,81.235936819,1777.6207392,222.795891416,0.13
2379,2020,4104,CCAR,D1 Sun Belt Conference,730229504,UNCW,336929193,2020-02-19 13:00:00,5,1,1,1,1252690724,C. Green,R,CH,L,-0.782475118252,2.74039752268,14.9344760542,10.2395844547,6.48881078621,IP,S,-1.85947504796,6.40142381366,80.0608151476,1875.65794559,214.363625594,1.0
2380,2020,4104,CCAR,D1 Sun Belt Conference,730229504,UNCW,336929193,2020-02-19 13:00:00,5,0,0,1,1252690724,C. Green,R,FA,L,-0.470100176038,1.61094100737,16.4530252715,12.1357180855,6.54174168108,SL,IP_OUT,-1.78372117175,6.37606954523,86.8339891379,2128.19775253,216.355807511,-0.15
2381,2020,4104,CCAR,D1 Sun Belt Conference,730229504,UNCW,336929193,2020-02-19 13:00:00,5,0,1,1,1252690724,C. Green,R,CU,L,1.19868460331,0.94480776038,-6.81527115872,-11.6304942705,5.68770792156,B,IP_OUT,-1.66243317407,6.40176792389,75.1793017226,2420.23688702,59.8032040392,0.13
2382,2020,4104,CCAR,D1 Sun Belt Conference,730229504,UNCW,336929193,2020-02-19 13:00:00,5,1,1,1,1252690724,C. Green,R,CU,L,-0.140279336287,1.78038464669,-12.9272235911,-8.94859978631,5.35230699201,SS,IP_OUT,-1.67946708179,6.56189145289,73.6325472621,2488.24172978,34.7951188991,-0.15
2383,2020,4104,CCAR,D1 Sun Belt Conference,730229504,UNCW,336929193,2020-02-19 13:00:00,5,0,0,2,1252690724,C. Green,R,FA,L,-2.36697444126,1.59505147891,8.70728531745,19.5594886856,6.22797353681,B,D,-1.93818583228,6.23042490317,87.1410211825,2101.08516363,245.918156219,0.13
2384,2020,4104,CCAR,D1 Sun Belt Conference,730229504,UNCW,336929193,2020-02-19 13:00:00,5,1,0,2,1252690724,C. Green,R,FA,L,-1.36678690764,2.18476330388,15.4127831262,13.2556581639,6.30659876374,SS,D,-1.88778408106,6.29221071849,86.5495485672,2203.15544812,220.63294573,-0.15
2385,2020,4104,CCAR,D1 Sun Belt Conference,730229504,UNCW,336929193,2020-02-19 13:00:00,5,1,1,2,1252690724,C. Green,R,FA,L,-0.914094097008,1.57743983369,7.06121647863,17.2024446441,6.30558452925,SL,D,-1.85690415731,6.06681273641,87.5096684858,2210.26507905,247.585330672,-0.15
2386,2020,4104,CCAR,D1 Sun Belt Conference,730229504,UNCW,336929193,2020-02-19 13:00:00,5,1,2,2,1252690724,C. Green,R,FA,L,-0.876099795904,3.14359351756,16.4111090855,6.95684279675,6.30081054947,IP,D,-1.63627724881,6.24570938796,88.5392170435,2302.90439473,202.931124315,1.26
2387,2020,4104,CCAR,D1 Sun Belt Conference,730229504,UNCW,336929193,2020-02-19 13:00:00,5,0,0,2,1252690724,C. Green,R,FA,R,1.0525141604,2.46699583636,17.9060128022,5.30316824548,6.3730618919,B,IP_OUT,-1.61779387987,6.37670661538,86.5657524292,2225.79336918,196.467606825,0.13
2388,2020,4104,CCAR,D1 Sun Belt Conference,730229504,UNCW,336929193,2020-02-19 13:00:00,5,1,0,2,1252690724,C. Green,R,CU,R,1.59775594264,0.320112140374,-8.47513963774,-9.26784465975,5.55845325616,B,IP_OUT,-1.69739546884,6.47941898985,75.5230377935,2524.22019589,47.7170123444,0.13
2389,2020,4104,CCAR,D1 Sun Belt Conference,730229504,UNCW,336929193,2020-02-19 13:00:00,5,2,0,2,1252690724,C. Green,R,FA,R,-1.27509825665,1.36155645932,11.8363785872,14.6999487362,6.29978520927,B,IP_OUT,-1.85308964853,6.23864662201,86.0948619177,2192.0878963,231.076274541,0.13
2390,2020,4104,CCAR,D1 Sun Belt Conference,730229504,UNCW,336929193,2020-02-19 13:00:00,5,3,0,2,1252690724,C. Green,R,FA,R,0.0130099268917,2.93229785674,17.8569303836,3.92108373451,6.51400405695,F,IP_OUT,-1.72910172589,6.41054215375,85.6943278949,2237.54348307,192.361212115,-0.15
2391,2020,4104,CCAR,D1 Sun Belt Conference,730229504,UNCW,336929193,2020-02-19 13:00:00,6,0,0,0,1104429599,J. Jarman,L,FA,L,1.22342645242,3.3969043258,17.6010523616,-19.3031024389,5.82748995571,B,BB,1.48693970159,5.36669465477,85.7933776683,2006.52633321,132.417987583,0.13
2392,2020,4104,CCAR,D1 Sun Belt Conference,730229504,UNCW,336929193,2020-02-19 13:00:00,6,1,0,0,1104429599,J. Jarman,L,FA,L,1.14558764205,4.44472857999,17.0469321659,-14.1381904344,5.91340986458,B,BB,1.55997276195,5.32810089724,85.6246334362,1981.17571773,140.388236185,0.13
2393,2020,4104,CCAR,D1 Sun Belt Conference,730229504,UNCW,336929193,2020-02-19 13:00:00,6,2,0,0,1104429599,J. Jarman,L,FA,L,0.190923130095,3.06834443129,18.0934931865,-16.0223284666,5.85650878606,SS,BB,1.23934693882,5.32501813046,85.1871942421,2017.08662522,138.531561642,-0.15
2394,2020,4104,CCAR,D1 Sun Belt Conference,730229504,UNCW,336929193,2020-02-19 13:00:00,6,2,1,0,1104429599,J. Jarman,L,FA,L,1.88574172283,3.57835697312,17.6831493994,-16.2769660008,5.88433063108,B,BB,1.4344299653,5.39230501422,86.0741297466,1974.71883817,137.428720781,0.13
2395,2020,4104,CCAR,D1 Sun Belt Conference,730229504,UNCW,336929193,2020-02-19 13:00:00,6,3,1,0,1104429599,J. Jarman,L,FA,L,-0.710778450907,2.93754344803,19.3196470863,-14.9816742386,5.97922874612,SL,BB,1.34397422374,5.40272792194,86.8163783401,1981.16241263,142.257968354,-0.15
2396,2020,4104,CCAR,D1 Sun Belt Conference,730229504,UNCW,336929193,2020-02-19 13:00:00,6,3,2,0,1104429599,J. Jarman,L,FA,L,-0.918881142143,3.62754018612,19.1507464025,-15.4166393718,6.03672022496,B,BB,1.31389979467,5.35883120411,86.5449217337,2063.61361419,141.216851276,0.8
2397,2020,4104,CCAR,D1 Sun Belt Conference,730229504,UNCW,336929193,2020-02-19 13:00:00,6,0,0,0,1104429599,J. Jarman,L,FA,R,-0.0340734510574,1.83425076173,21.6739852969,-14.4226120566,5.90580139239,SL,HBP,1.3830597726,5.380121435,85.101820891,1941.83225262,146.40350192,-0.15
2398,2020,4104,CCAR,D1 Sun Belt Conference,730229504,UNCW,336929193,2020-02-19 13:00:00,6,0,1,0,1104429599,J. Jarman,L,FA,R,0.700027459785,2.83646808877,17.2497281327,-15.35793572,5.77747229225,SL,HBP,1.43845872427,5.38195368653,85.39660757,1973.59033677,138.380216981,-0.15
2399,2020,4104,CCAR,D1 Sun Belt Conference,730229504,UNCW,336929193,2020-02-19 13:00:00,6,0,2,0,1104429599,J. Jarman,L,FA,R,0.496277871432,3.90085582278,20.4378269657,-16.5529483565,6.00348114536,B,HBP,1.42614130892,5.37853719989,85.3019905391,1930.91067532,141.045142398,0.13
2400,2020,4104,CCAR,D1 Sun Belt Conference,730229504,UNCW,336929193,2020-02-19 13:00:00,6,1,2,0,1104429599,J. Jarman,L,FA,R,-1.93841920045,1.57853124097,21.1073843552,-13.0438542966,6.00797334717,HBP,HBP,1.19698392087,5.37014885148,85.6422457256,2064.96136991,148.328896886,0.8
2401,2020,4104,CCAR,D1 Sun Belt Conference,730229504,UNCW,336929193,2020-02-19 13:00:00,6,0,0,0,1104429599,J. Jarman,L,FA,R,-1.15356983072,1.48038673669,18.6308228671,-19.0964757663,5.93257428419,B,K,1.52494650786,5.4123789537,84.8334094038,2115.87193249,134.349621872,0.13
2402,2020,4104,CCAR,D1 Sun Belt Conference,730229504,UNCW,336929193,2020-02-19 13:00:00,6,1,0,0,1104429599,J. Jarman,L,FA,R,-1.5859062471,1.3766666325,20.2173105027,-17.792605976,5.96320771467,B,K,1.45853939797,5.43571046984,83.8685482172,2003.67656598,138.703060373,0.13
2403,2020,4104,CCAR,D1 Sun Belt Conference,730229504,UNCW,336929193,2020-02-19 13:00:00,6,2,0,0,1104429599,J. Jarman,L,FA,R,-1.20619751308,2.85437240636,17.7447418563,-15.8137095032,6.00069150456,SL,K,1.44844773936,5.33066531549,85.4220955636,2097.98223374,138.35132709,-0.15
2404,2020,4104,CCAR,D1 Sun Belt Conference,730229504,UNCW,336929193,2020-02-19 13:00:00,6,2,1,0,1104429599,J. Jarman,L,FA,R,-0.813882443674,1.95898212501,18.4309356539,-16.5111174962,6.01103818335,SL,K,1.41520993635,5.40458325985,84.8015170351,2073.65246803,138.201628967,-0.15
2405,2020,4104,CCAR,D1 Sun Belt Conference,730229504,UNCW,336929193,2020-02-19 13:00:00,6,2,2,0,1104429599,J. Jarman,L,FA,R,-0.287779247689,3.03825864858,21.4873718573,-17.3300304387,6.02457441542,F,K,1.37593996331,5.40057085606,84.7695536813,2002.34717979,141.161200484,0.0
2406,2020,4104,CCAR,D1 Sun Belt Conference,730229504,UNCW,336929193,2020-02-19 13:00:00,6,2,2,0,1104429599,J. Jarman,L,FA,R,-2.48661440517,2.52045200993,15.0025713174,-11.2276033285,6.01868477678,B,K,1.34263096199,5.35357751672,85.3824736568,1971.21111356,143.256359259,0.13
2407,2020,4104,CCAR,D1 Sun Belt Conference,730229504,UNCW,336929193,2020-02-19 13:00:00,6,3,2,0,1104429599,J. Jarman,L,FA,R,0.478170366803,2.83882790578,14.3347380962,-17.4190878316,5.93956117223,SS,K,1.45112924017,5.34316390499,84.1089199505,1922.8878782,129.525291176,-0.15
2408,2020,4104,CCAR,D1 Sun Belt Conference,730229504,UNCW,336929193,2020-02-19 13:00:00,6,0,0,1,1104429599,J. Jarman,L,FA,R,-2.61108713848,1.34503329166,18.2115521371,-13.8431082822,6.29558817114,B,HBP,1.4069989633,5.32084676245,83.857877324,1983.96794918,142.81749442,0.13
2409,2020,4104,CCAR,D1 Sun Belt Conference,730229504,UNCW,336929193,2020-02-19 13:00:00,6,1,0,1,1104429599,J. Jarman,L,FA,R,-1.45535786052,2.95159713368,19.3949301718,-16.6981000199,6.12026900035,B,HBP,1.51217178709,5.34019310339,85.4173228202,2025.75665859,139.326013126,0.13
2410,2020,4104,CCAR,D1 Sun Belt Conference,730229504,UNCW,336929193,2020-02-19 13:00:00,6,2,0,1,1104429599,J. Jarman,L,FA,R,-1.2924743427,1.39736968722,15.5052686763,-18.868757117,5.84462924473,B,HBP,1.34874255579,5.32692831392,84.9394559012,1996.65889246,129.47825188,0.13
2411,2020,4104,CCAR,D1 Sun Belt Conference,730229504,UNCW,336929193,2020-02-19 13:00:00,6,3,0,1,1104429599,J. Jarman,L,FA,R,-0.0199668007876,1.45645016892,15.3928381168,-17.1426149048,5.95633364348,SL,HBP,1.39281864958,5.38158669543,83.3587388454,2014.73738119,131.992270396,-0.15
2412,2020,4104,CCAR,D1 Sun Belt Conference,730229504,UNCW,336929193,2020-02-19 13:00:00,6,3,1,1,1104429599,J. Jarman,L,FA,R,-2.75498351666,2.74995404416,25.8035079746,-12.5466289234,5.99169631203,HBP,HBP,1.17731324103,5.43578610862,85.6202038748,2139.88983357,154.10116694,0.8
2413,2020,4104,CCAR,D1 Sun Belt Conference,730229504,UNCW,336929193,2020-02-19 13:00:00,6,0,0,1,1980019917,A. Abney,R,SL,L,-2.01049582161,2.0953411453,5.54574784873,-11.2525001685,5.61891030164,B,K,-2.93545448838,2.82172065549,74.1896856895,2344.47810846,116.433292821,0.13
2414,2020,4104,CCAR,D1 Sun Belt Conference,730229504,UNCW,336929193,2020-02-19 13:00:00,6,1,0,1,1980019917,A. Abney,R,SL,L,-0.977968191646,3.11406560902,7.89873206855,-9.33146910155,5.85339110916,SL,K,-2.73814351628,2.96971086938,75.2934241409,2313.15677387,130.41147357,-0.15
2415,2020,4104,CCAR,D1 Sun Belt Conference,730229504,UNCW,336929193,2020-02-19 13:00:00,6,1,1,1,1980019917,A. Abney,R,SL,L,-0.997823289064,1.78920799137,7.80186819936,-11.1500178281,5.81783907003,SL,K,-2.99791320502,2.81107864649,76.6225378904,2495.1100735,125.135898311,-0.15
2416,2020,4104,CCAR,D1 Sun Belt Conference,730229504,UNCW,336929193,2020-02-19 13:00:00,6,1,2,1,1980019917,A. Abney,R,SL,L,-2.16408103565,0.578256444075,7.51818591254,-8.12998082837,5.66627545536,B,K,-3.16593105996,2.81138411326,77.2033721185,2494.62673849,132.930516512,0.13
2417,2020,4104,CCAR,D1 Sun Belt Conference,730229504,UNCW,336929193,2020-02-19 13:00:00,6,2,2,1,1980019917,A. Abney,R,FA,L,-2.12803590732,1.94227691992,1.02560307867,17.7293203064,6.32215398276,SS,K,-3.6181222154,2.97728688286,86.3649939888,2424.66717092,266.57569006,-0.15
2418,2020,4104,CCAR,D1 Sun Belt Conference,730229504,UNCW,336929193,2020-02-19 13:00:00,6,0,0,2,1980019917,A. Abney,R,SL,L,-1.21897411142,1.49392356769,5.62399543756,-8.50271558051,5.71693057517,SL,FC,-3.03976683159,2.83938699074,76.5116625035,2317.03641224,123.693321275,-0.15
2419,2020,4104,CCAR,D1 Sun Belt Conference,730229504,UNCW,336929193,2020-02-19 13:00:00,6,0,1,2,1980019917,A. Abney,R,FA,L,0.160959242468,1.99264703867,1.84568807744,14.9002841887,6.60503935243,IP,FC,-3.40052556311,2.94679552967,84.6617208537,2342.53460293,262.801131625,-0.21
2420,2020,4104,CCAR,D1 Sun Belt Conference,730229504,UNCW,336929193,2020-02-19 13:00:00,7,0,0,0,1980019917,A. Abney,R,SL,L,0.334164499549,3.03360597374,8.88537894135,-11.2388338406,5.68605213535,SS,IP_OUT,-2.96417173422,2.99814598727,76.6935112849,2349.12363168,128.470032614,-0.15
2421,2020,4104,CCAR,D1 Sun Belt Conference,730229504,UNCW,336929193,2020-02-19 13:00:00,7,0,1,0,1980019917,A. Abney,R,SL,L,-0.539048248828,1.24732478097,10.1904670318,-11.643254826,5.53176470962,B,IP_OUT,-3.10857088491,2.91285705458,77.0467020764,2346.36469295,131.316412451,0.13
2422,2020,4104,CCAR,D1 Sun Belt Conference,730229504,UNCW,336929193,2020-02-19 13:00:00,7,0,0,1,1980019917,A. Abney,R,FA,L,-0.563412673413,2.44152836851,-1.84210315676,17.8087507645,6.28633646836,F,K,-3.09698584697,3.08516349926,83.5004392284,2199.69050781,275.786646295,-0.15
2423,2020,4104,CCAR,D1 Sun Belt Conference,730229504,UNCW,336929193,2020-02-19 13:00:00,7,0,1,1,1980019917,A. Abney,R,FA,L,-0.646816706258,2.25398938641,-0.431047131591,13.0658290474,6.22087722357,SL,K,-3.09072380392,3.13079781806,85.910081509,2230.96197003,271.734493971,-0.15
2424,2020,4104,CCAR,D1 Sun Belt Conference,730229504,UNCW,336929193,2020-02-19 13:00:00,7,0,2,1,1980019917,A. Abney,R,FA,L,1.65659342806,1.88107379471,0.414238600695,12.1884132905,6.51315857397,B,K,-3.16087023331,3.15109933047,86.4163736245,2491.92404763,267.890987445,0.13
2425,2020,4104,CCAR,D1 Sun Belt Conference,730229504,UNCW,336929193,2020-02-19 13:00:00,7,1,2,1,1980019917,A. Abney,R,SL,L,-0.0161585773619,1.17748305746,0.957712245748,-11.3286381836,5.67843955694,SL,K,-3.24331618756,2.89671900903,77.1757941202,2480.89068015,95.0513203036,-0.15
2426,2020,4104,CCAR,D1 Sun Belt Conference,730229504,UNCW,336929193,2020-02-19 13:00:00,7,0,0,2,1980019917,A. Abney,R,FA,R,-1.20838301526,2.14629502339,-2.75455591887,14.526688123,6.64516554754,B,IP_OUT,-2.9592532082,2.960526043,83.4306340993,2186.16598056,280.59641672,0.13
2427,2020,4104,CCAR,D1 Sun Belt Conference,730229504,UNCW,336929193,2020-02-19 13:00:00,7,1,0,2,1980019917,A. Abney,R,SL,R,-1.31010309113,1.86563981774,8.89098490349,-10.2371505167,5.6942788602,B,IP_OUT,-2.81312839364,2.86141775718,76.2352513026,2446.52908115,131.117860498,0.13
2428,2020,4104,CCAR,D1 Sun Belt Conference,730229504,UNCW,336929193,2020-02-19 13:00:00,7,2,0,2,1980019917,A. Abney,R,FA,R,-0.0811489478215,2.59988663803,1.31017340618,13.2522597618,6.26209097419,F,IP_OUT,-2.85283826566,3.09042966681,83.8194488981,2273.52391892,264.195964268,-0.15
2429,2020,4104,CCAR,D1 Sun Belt Conference,730229504,UNCW,336929193,2020-02-19 13:00:00,8,0,0,0,1980019917,A. Abney,R,SL,L,-0.353044827761,1.83941076822,5.3344213951,-12.4247037022,5.69972971578,SL,IP_OUT,-2.94587211755,2.88674643905,76.2517301167,2380.52112184,113.412049225,-0.15
2430,2020,4104,CCAR,D1 Sun Belt Conference,730229504,UNCW,336929193,2020-02-19 13:00:00,8,0,1,0,1980019917,A. Abney,R,SL,L,0.812632386881,2.95781520624,6.33695812818,-13.3357000528,5.85383597933,SL,IP_OUT,-2.96474203093,2.87369883115,75.5477484615,2354.86534954,115.578738899,-0.15
2431,2020,4104,CCAR,D1 Sun Belt Conference,730229504,UNCW,336929193,2020-02-19 13:00:00,8,0,0,1,1980019917,A. Abney,R,SL,R,-0.600655871624,2.1321967586,11.7116323355,-10.9479920071,5.85671894527,SL,IP_OUT,-2.90081005064,2.78918312785,75.9303722101,2282.12545708,137.041107803,-0.15
2432,2020,4104,CCAR,D1 Sun Belt Conference,730229504,UNCW,336929193,2020-02-19 13:00:00,8,0,1,1,1980019917,A. Abney,R,CH,R,1.25573145157,2.15507585643,13.027383551,-11.6935559568,5.76110468189,SS,IP_OUT,-2.80089335037,2.81351982823,76.2792626596,1125.35342196,138.189547928,-0.15
2433,2020,4104,CCAR,D1 Sun Belt Conference,730229504,UNCW,336929193,2020-02-19 13:00:00,8,0,2,1,1980019917,A. Abney,R,SL,R,0.868036236567,0.797210972906,10.4246454652,-16.4028257371,5.75913615198,B,IP_OUT,-2.93185496183,2.93926828907,75.931867801,2475.00014107,122.553937098,0.13
2434,2020,4104,CCAR,D1 Sun Belt Conference,730229504,UNCW,336929193,2020-02-19 13:00:00,8,1,2,1,1980019917,A. Abney,R,FA,R,-1.01370456534,2.85940470686,-1.04083601046,16.5232330508,6.46019338879,F,IP_OUT,-3.11844667466,3.19798460966,85.9835596889,2276.1079762,273.482511406,0.0
2435,2020,4104,CCAR,D1 Sun Belt Conference,730229504,UNCW,336929193,2020-02-19 13:00:00,8,1,2,1,1980019917,A. Abney,R,SL,R,-1.66207762016,1.85082117823,13.9847108651,-8.03858161599,5.60260877127,B,IP_OUT,-2.8429811751,2.83859498219,76.4017861577,2406.24251363,150.189890299,0.13
2436,2020,4104,CCAR,D1 Sun Belt Conference,730229504,UNCW,336929193,2020-02-19 13:00:00,8,2,2,1,1980019917,A. Abney,R,SL,R,0.442765045968,1.01116627918,9.55781854163,-14.6169037316,6.00089062164,B,IP_OUT,-2.91257322777,2.7874742661,75.2957813966,2435.87432085,123.307612176,0.13
2437,2020,4104,CCAR,D1 Sun Belt Conference,730229504,UNCW,336929193,2020-02-19 13:00:00,8,0,0,2,1980019917,A. Abney,R,SL,L,-1.79630519462,2.00911292649,13.1218912326,-7.75464747242,5.71066632817,B,IP_OUT,-3.02313156211,2.7228099315,75.6859673,2366.23270357,149.506163627,0.13
2438,2020,4104,CCAR,D1 Sun Belt Conference,730229504,UNCW,336929193,2020-02-19 13:00:00,8,1,0,2,1980019917,A. Abney,R,FA,L,-0.674366171803,3.18105667169,-1.85435777902,13.477696551,6.46505198455,SL,IP_OUT,-3.22505613064,2.96574412759,83.6408635605,2285.37776921,277.676777674,-0.15
2439,2020,4104,CCAR,D1 Sun Belt Conference,730229504,UNCW,336929193,2020-02-19 13:00:00,9,0,0,0,1980019917,A. Abney,R,SL,R,-0.470002752156,1.98075886763,8.01246203463,-5.53464277103,5.88816528749,SL,IP_OUT,-2.9353807683,2.76016063676,75.9665772114,2286.15543806,145.514869911,-0.15
2440,2020,4104,CCAR,D1 Sun Belt Conference,730229504,UNCW,336929193,2020-02-19 13:00:00,9,0,1,0,1980019917,A. Abney,R,SL,R,-1.12540421417,1.47334388736,8.31087845809,-6.67296985404,5.66669687866,B,IP_OUT,-2.93166842526,2.67237525603,74.7307128053,2392.32526173,141.39571841,0.13
2441,2020,4104,CCAR,D1 Sun Belt Conference,730229504,UNCW,336929193,2020-02-19 13:00:00,9,1,1,0,1980019917,A. Abney,R,FA,R,-1.06650987453,1.67603721035,-2.37225154194,11.80773243,6.21649663653,SS,IP_OUT,-3.04727995837,2.8273469418,82.853430695,2163.41684355,281.182434239,-0.15
2442,2020,4104,CCAR,D1 Sun Belt Conference,730229504,UNCW,336929193,2020-02-19 13:00:00,9,0,0,1,1980019917,A. Abney,R,FA,L,0.057903708311,1.94949914646,-2.09473602911,11.5011495439,6.19654573901,SL,ROE,-3.34283313135,2.83222376629,82.8818586242,2268.0370871,280.138951015,-0.15
2443,2020,4104,CCAR,D1 Sun Belt Conference,730229504,UNCW,336929193,2020-02-19 13:00:00,9,0,1,1,1980019917,A. Abney,R,SL,L,-0.471098665349,0.704693590535,9.35530222531,-5.5187783692,5.85888734527,B,ROE,-3.0238073924,2.77365931561,75.9526662896,2396.82511433,149.584036338,0.13
2444,2020,4104,CCAR,D1 Sun Belt Conference,730229504,UNCW,336929193,2020-02-19 13:00:00,9,1,1,1,1980019917,A. Abney,R,FA,L,-1.22407910897,1.99629184749,-2.00257291443,13.3996492644,6.284495037,IP,ROE,-3.28657107876,3.01634336184,83.7607548431,2269.92499189,278.345066839,0.0
2445,2020,4104,CCAR,D1 Sun Belt Conference,730229504,UNCW,336929193,2020-02-19 13:00:00,9,0,0,2,1980019917,A. Abney,R,SL,L,-0.5504454936,2.28132231205,9.3091595582,-8.78412278993,5.96144477166,SL,IP_OUT,-3.00984102614,2.81160419005,76.7095473408,2289.11412043,136.798538911,-0.15
2446,2020,4104,CCAR,D1 Sun Belt Conference,730229504,UNCW,336929193,2020-02-19 13:00:00,9,0,1,2,1980019917,A. Abney,R,SL,L,-0.0772363276521,0.911363869308,4.88820499176,-4.82471179948,5.9160239542,B,IP_OUT,-3.07335898777,2.76848336765,76.7663973533,2321.4400096,135.63250737,0.13
2447,2020,4104,CCAR,D1 Sun Belt Conference,730229504,UNCW,336929193,2020-02-19 13:00:00,9,1,1,2,1980019917,A. Abney,R,FA,L,1.00358170391,1.54339844525,-5.03763759537,10.5928847383,6.41619069274,B,IP_OUT,-3.21937616514,3.03864030825,86.3522874014,2309.9706872,295.280020978,0.13
2448,2020,4104,CCAR,D1 Sun Belt Conference,730229504,UNCW,336929193,2020-02-19 13:00:00,9,2,1,2,1980019917,A. Abney,R,SL,L,-0.991867494568,2.07283989109,8.49925865042,-7.55207473119,5.95299745798,SL,IP_OUT,-3.02149899623,2.77774840589,75.2075656568,2268.59608047,138.531481244,-0.15
