,year,pitchingTeamId,pitchingTeam,conference,hittingTeamId,hittingTeam,gameId,gameDate,inning,balls,strikes,outs,pitcherId,Pitcher,pitcherHand,pitchType,batterHand,plateLocX,plateLocZ,inducedVertBreak,horzBreak,extension,pitchResult,atbatResult,relX,relZ,releaseVelocity,spinRate,spinDir,rv
0,2021,730197504,KENN,D1 Atlantic Sun Conference,730266880,BRY,320071038,2021-02-27 13:00:00,1,0,0,0,1971724906,J. Rice,L,FA,R,0.683243897107,3.84722447503,15.4955771885,-11.2843777472,4.72202057194,B,IP_OUT,1.37109040112,6.14282779798,91.9684296904,1909.35476832,143.99351678,0.13
1,2021,730197504,KENN,D1 Atlantic Sun Conference,730266880,BRY,320071038,2021-02-27 13:00:00,1,0,0,2,1971724906,J. Rice,L,FA,R,-0.187456030932,2.03102546788,20.3744153306,-11.1091264189,4.81069877424,SL,BB,1.19549042307,6.30667737124,93.609499249,2097.46264558,151.435966079,-0.15
2,2021,730197504,KENN,D1 Atlantic Sun Conference,730266880,BRY,320071038,2021-02-27 13:00:00,1,0,1,2,1971724906,J. Rice,L,FA,R,1.04860174315,2.76997558353,18.7231665867,-13.9967440023,4.93243470357,SL,BB,1.28905668412,6.14118025337,92.6857761648,2220.24173823,143.266109407,-0.15
3,2021,730197504,KENN,D1 Atlantic Sun Conference,730266880,BRY,320071038,2021-02-27 13:00:00,1,0,2,2,1971724906,J. Rice,L,FA,R,-1.07859034318,2.75309258366,16.6803220941,-16.4198772519,5.01680953286,B,BB,1.37030155817,6.1359351005,94.6481123781,2203.31142715,135.502907646,0.13
4,2021,730197504,KENN,D1 Atlantic Sun Conference,730266880,BRY,320071038,2021-02-27 13:00:00,1,1,2,2,1971724906,J. Rice,L,FA,R,0.196026016776,2.24322111133,19.2830250045,-15.6648835446,5.06497821935,F,BB,1.17658448865,6.24478286541,94.6242914512,2054.92454214,140.954800653,0.0
5,2021,730197504,KENN,D1 Atlantic Sun Conference,730266880,BRY,320071038,2021-02-27 13:00:00,1,1,2,2,1971724906,J. Rice,L,SL,R,0.749174821454,4.02201189536,-5.24500183806,13.1700279851,3.97053624294,B,BB,1.16656021005,6.24162623611,82.4053697712,2010.53030331,291.559330482,0.13
6,2021,730197504,KENN,D1 Atlantic Sun Conference,730266880,BRY,320071038,2021-02-27 13:00:00,1,2,2,2,1971724906,J. Rice,L,FA,R,-1.2144678025,4.93985727107,22.6421890777,-10.9453918725,5.12194432587,B,BB,1.28653121789,6.2122458959,94.0824345839,2183.50893941,154.231098791,0.13
7,2021,730197504,KENN,D1 Atlantic Sun Conference,730266880,BRY,320071038,2021-02-27 13:00:00,1,3,2,2,1971724906,J. Rice,L,FA,R,1.8216350479,2.17946469644,17.5917324868,-10.8358629078,5.02511212864,B,BB,1.48698460589,6.0417845371,92.7169409176,2120.99797764,148.414496041,0.8
8,2021,730197504,KENN,D1 Atlantic Sun Conference,730266880,BRY,320071038,2021-02-27 13:00:00,1,0,0,2,1971724906,J. Rice,L,FA,R,0.965835198081,3.32948914392,14.2896554806,-13.7291877235,5.14729136429,SS,IP_OUT,1.38898799738,5.88868731653,93.9678243338,2267.90718821,136.207207979,-0.15
9,2021,730197504,KENN,D1 Atlantic Sun Conference,730266880,BRY,320071038,2021-02-27 13:00:00,2,0,0,0,1971724906,J. Rice,L,FA,R,0.556985282375,2.32139274312,19.6242051736,-13.0263326698,4.83260585733,SL,K,1.34200584164,6.14294437268,90.0278098714,2050.10181668,146.470041918,-0.15
10,2021,730197504,KENN,D1 Atlantic Sun Conference,730266880,BRY,320071038,2021-02-27 13:00:00,2,0,1,0,1971724906,J. Rice,L,FA,R,-0.790853837086,2.28459318437,20.6093327488,-15.0643960752,5.09158511581,F,K,1.32147191836,6.09549411075,92.306974226,2195.04157782,143.877689295,-0.15
11,2021,730197504,KENN,D1 Atlantic Sun Conference,730266880,BRY,320071038,2021-02-27 13:00:00,2,0,2,0,1971724906,J. Rice,L,SL,R,1.3398249149,3.91604925206,-4.20712644526,11.3369666139,3.97710697284,B,K,1.19756946962,6.11567454113,78.8294806333,1613.27903739,290.160715518,0.13
12,2021,730197504,KENN,D1 Atlantic Sun Conference,730266880,BRY,320071038,2021-02-27 13:00:00,2,1,2,0,1971724906,J. Rice,L,FA,R,0.0291704000156,2.47066335556,15.8084378276,-15.3343483034,5.1515205985,SS,K,1.31520866389,6.04745972629,93.3143851091,2144.12105259,135.927976464,-0.15
13,2021,730197504,KENN,D1 Atlantic Sun Conference,730266880,BRY,320071038,2021-02-27 13:00:00,2,0,0,1,1971724906,J. Rice,L,FA,R,0.381275847533,2.41707890779,19.9364339308,-11.0646223297,5.30162074978,F,S,1.36615143168,6.09392246911,92.7229057768,2132.57122248,151.008002919,-0.15
14,2021,730197504,KENN,D1 Atlantic Sun Conference,730266880,BRY,320071038,2021-02-27 13:00:00,2,0,1,1,1971724906,J. Rice,L,FA,R,-1.23145712554,2.33237855989,20.6138987758,-4.9172940013,5.20019427928,B,S,1.21715561071,6.12172882244,93.8608415114,2232.8553458,166.602490808,0.13
15,2021,730197504,KENN,D1 Atlantic Sun Conference,730266880,BRY,320071038,2021-02-27 13:00:00,2,1,1,1,1971724906,J. Rice,L,FA,R,-1.27377919501,2.19015792905,21.4665477043,-6.97335324043,5.00833221452,B,S,1.18021692824,6.09430795068,92.6845379077,2189.41574155,162.028727248,0.13
16,2021,730197504,KENN,D1 Atlantic Sun Conference,730266880,BRY,320071038,2021-02-27 13:00:00,2,2,1,1,1971724906,J. Rice,L,FA,R,0.00851778525574,2.67449674942,21.2973805824,-10.8905158113,5.03898710852,IP,S,1.32412350815,6.10066241089,92.6640625543,2177.26034349,152.951684908,1.0
17,2021,730197504,KENN,D1 Atlantic Sun Conference,730266880,BRY,320071038,2021-02-27 13:00:00,2,0,0,2,1971724906,J. Rice,L,FA,R,-0.141450328694,3.27764022877,16.6846456316,-10.3284700443,5.05865906915,SS,K,1.04265181214,5.92245835965,92.2405524742,2159.28427097,148.289786314,-0.15
18,2021,730197504,KENN,D1 Atlantic Sun Conference,730266880,BRY,320071038,2021-02-27 13:00:00,2,0,1,2,1971724906,J. Rice,L,FA,R,0.973182650553,3.51463107551,16.0585246226,-8.15502889243,4.92232119963,B,K,1.17173801622,5.89691348902,91.2394846952,2163.2457442,153.124300796,0.13
19,2021,730197504,KENN,D1 Atlantic Sun Conference,730266880,BRY,320071038,2021-02-27 13:00:00,2,1,1,2,1971724906,J. Rice,L,FA,R,-1.06087431136,3.04583778567,19.2357722458,-8.51349290651,4.946473654,B,K,1.07011217274,6.07741430548,91.2396386315,2212.04937722,156.162719848,0.13
20,2021,730197504,KENN,D1 Atlantic Sun Conference,730266880,BRY,320071038,2021-02-27 13:00:00,2,2,1,2,1971724906,J. Rice,L,FA,R,-0.6040288379,2.60087834557,18.9402702435,-7.91524491613,5.1125225266,SL,K,1.21949926825,6.09137722939,94.3893757687,2221.12274804,157.352396596,-0.15
21,2021,730197504,KENN,D1 Atlantic Sun Conference,730266880,BRY,320071038,2021-02-27 13:00:00,2,2,2,2,1971724906,J. Rice,L,FA,R,0.511234227819,3.07802578356,17.7772851996,-9.08253240436,5.11460089433,F,K,1.39987710882,6.17855165951,95.1683402687,2122.49785746,152.976337828,0.0
22,2021,730197504,KENN,D1 Atlantic Sun Conference,730266880,BRY,320071038,2021-02-27 13:00:00,2,2,2,2,1971724906,J. Rice,L,SL,R,1.35168263257,3.62944002559,-2.3700779267,10.0905344293,4.41325583104,B,K,1.17200314174,6.13366200526,83.1433883354,1976.40388328,283.001680987,0.13
23,2021,730197504,KENN,D1 Atlantic Sun Conference,730266880,BRY,320071038,2021-02-27 13:00:00,2,3,2,2,1971724906,J. Rice,L,FA,R,0.252951490526,2.78525173359,18.0700019136,-9.39201628476,5.18721086241,SS,K,1.19354031515,6.10853102865,93.7725917884,2096.60953898,152.576057799,-0.15
24,2021,730197504,KENN,D1 Atlantic Sun Conference,730266880,BRY,320071038,2021-02-27 13:00:00,3,0,0,0,1971724906,J. Rice,L,FA,R,-0.0443157690763,2.3574439529,20.5666724278,-9.42752673679,5.00354718,SS,HBP,1.33876190669,6.18716565853,91.6619897652,2213.37229737,155.408249535,-0.15
25,2021,730197504,KENN,D1 Atlantic Sun Conference,730266880,BRY,320071038,2021-02-27 13:00:00,3,0,1,0,1971724906,J. Rice,L,FA,R,-1.81466355213,0.534766265997,19.9939628893,-13.7518710764,5.01953564718,HBP,HBP,1.24696775637,6.18481157132,91.819352875,2260.59328717,145.523615355,0.8
26,2021,730197504,KENN,D1 Atlantic Sun Conference,730266880,BRY,320071038,2021-02-27 13:00:00,3,0,0,0,1971724906,J. Rice,L,FA,L,0.0307011757432,2.49433072928,21.8179578854,-11.8453833205,4.90217676807,F,K,1.36077439532,6.06916281773,91.488089703,2217.24815384,151.537679488,-0.15
27,2021,730197504,KENN,D1 Atlantic Sun Conference,730266880,BRY,320071038,2021-02-27 13:00:00,3,0,1,0,1971724906,J. Rice,L,FA,L,-0.30449640201,4.07075086882,20.2451362026,-5.9657907305,4.88671877441,B,K,1.47726598948,6.03436681397,90.1921557806,2205.00442286,163.60679254,0.13
28,2021,730197504,KENN,D1 Atlantic Sun Conference,730266880,BRY,320071038,2021-02-27 13:00:00,3,1,1,0,1971724906,J. Rice,L,FA,L,0.00109949597364,3.49397960654,23.5327691465,-9.02108759124,5.03244097152,F,K,1.27806465742,6.08555961012,90.4615099491,2140.65587315,159.053248633,-0.15
29,2021,730197504,KENN,D1 Atlantic Sun Conference,730266880,BRY,320071038,2021-02-27 13:00:00,3,1,2,0,1971724906,J. Rice,L,FA,L,1.0253754776,3.60987588139,18.679757833,-12.5916023845,4.67300286017,B,K,1.50594873721,6.12189072806,91.5758734501,2242.74810708,146.064170395,0.13
30,2021,730197504,KENN,D1 Atlantic Sun Conference,730266880,BRY,320071038,2021-02-27 13:00:00,3,2,2,0,1971724906,J. Rice,L,FA,L,-0.730204196892,2.1861707511,16.4190982865,-15.9026690796,5.15350174292,SL,K,1.10288344249,6.00716622423,92.4379188846,2202.24240977,135.971489503,-0.15
31,2021,730197504,KENN,D1 Atlantic Sun Conference,730266880,BRY,320071038,2021-02-27 13:00:00,3,0,0,1,1971724906,J. Rice,L,FA,R,1.20895803486,1.12006380424,15.9020901802,-15.4771089091,4.93507016101,B,K,1.31080702935,6.10101765412,92.4272710313,2172.58649152,135.834179981,0.13
32,2021,730197504,KENN,D1 Atlantic Sun Conference,730266880,BRY,320071038,2021-02-27 13:00:00,3,1,0,1,1971724906,J. Rice,L,FA,R,0.764712705146,2.93589895208,18.0561562783,-11.3299917106,5.20378597067,F,K,1.21755514626,5.98804139936,92.2596665445,2191.47703901,147.938009867,-0.15
33,2021,730197504,KENN,D1 Atlantic Sun Conference,730266880,BRY,320071038,2021-02-27 13:00:00,3,1,1,1,1971724906,J. Rice,L,FA,R,1.02023877471,3.79727000378,17.014951988,-13.2328050565,5.1443562791,B,K,1.30476345365,5.94213278726,92.8834691069,2276.46600015,142.178093953,0.13
34,2021,730197504,KENN,D1 Atlantic Sun Conference,730266880,BRY,320071038,2021-02-27 13:00:00,3,2,1,1,1971724906,J. Rice,L,FA,R,-0.379617605715,2.52396856228,18.2139902004,-13.38270175,5.27422779555,SL,K,1.30124086915,5.9306528364,92.593142885,2237.34931289,143.740396574,-0.15
35,2021,730197504,KENN,D1 Atlantic Sun Conference,730266880,BRY,320071038,2021-02-27 13:00:00,3,2,2,1,1971724906,J. Rice,L,FA,R,-0.409470449365,2.82630853032,21.5732796939,-12.4109144079,5.11603508503,SS,K,1.16854192569,6.07818460972,94.5181074136,2309.2960549,150.123218925,-0.15
36,2021,730197504,KENN,D1 Atlantic Sun Conference,730266880,BRY,320071038,2021-02-27 13:00:00,3,0,0,2,1971724906,J. Rice,L,FA,L,-0.036890254796,2.89401775318,22.5990650204,-12.892309273,5.16375099987,F,K,1.24540336967,6.08653587765,93.9233957423,2310.52598274,150.329547969,-0.15
37,2021,730197504,KENN,D1 Atlantic Sun Conference,730266880,BRY,320071038,2021-02-27 13:00:00,3,0,1,2,1971724906,J. Rice,L,FA,L,1.12116129589,3.42437547348,16.0472655434,-12.8806652163,5.04228896902,F,K,1.22563905019,5.9086814443,92.5711361703,2186.71796429,141.30208763,-0.15
38,2021,730197504,KENN,D1 Atlantic Sun Conference,730266880,BRY,320071038,2021-02-27 13:00:00,3,0,2,2,1971724906,J. Rice,L,FA,L,-1.29680398672,0.684209789508,20.078728325,-11.0679114482,5.25174414659,B,K,1.12671575322,6.09584868081,94.8789523288,2213.37553807,151.172012845,0.13
39,2021,730197504,KENN,D1 Atlantic Sun Conference,730266880,BRY,320071038,2021-02-27 13:00:00,3,1,2,2,1971724906,J. Rice,L,SL,L,-1.08654702708,1.3270173752,-7.6289841469,10.1567163096,4.44125092663,B,K,1.13572957904,5.93026829522,80.6028126843,2101.64213447,306.756539766,0.13
40,2021,730197504,KENN,D1 Atlantic Sun Conference,730266880,BRY,320071038,2021-02-27 13:00:00,3,2,2,2,1971724906,J. Rice,L,FA,L,0.498322947051,2.90372723189,21.9500714786,-11.2889003811,5.08946016158,SS,K,1.05007986026,6.04558911254,93.2199956258,2211.32173581,152.816771261,-0.15
41,2021,730197504,KENN,D1 Atlantic Sun Conference,730266880,BRY,320071038,2021-02-27 13:00:00,4,0,0,0,1971724906,J. Rice,L,FA,R,1.26855534415,1.99252266688,20.847925338,-11.5334364205,4.85893146734,SL,K,1.45867586397,6.32846017038,89.9624511922,2113.51978467,151.08736831,-0.15
42,2021,730197504,KENN,D1 Atlantic Sun Conference,730266880,BRY,320071038,2021-02-27 13:00:00,4,0,1,0,1971724906,J. Rice,L,FA,R,0.14316095799,2.72181409219,17.9734099877,-13.894870999,5.17716692886,F,K,1.22926048901,6.14666983842,92.660861644,2127.34881927,142.341687119,-0.15
43,2021,730197504,KENN,D1 Atlantic Sun Conference,730266880,BRY,320071038,2021-02-27 13:00:00,4,0,2,0,1971724906,J. Rice,L,SL,R,0.454494206001,3.05610174571,-7.49528337563,10.6642493352,4.62831532668,SL,K,1.39729015512,6.19415110159,80.121161151,2047.12316509,304.945959771,-0.15
44,2021,730197504,KENN,D1 Atlantic Sun Conference,730266880,BRY,320071038,2021-02-27 13:00:00,4,0,0,1,1971724906,J. Rice,L,FA,R,-0.249337666082,3.30782001563,14.3017492449,-13.0702647686,4.99693652423,SS,K,1.50290487945,6.19176941012,91.7776457624,2228.33630746,137.640720346,-0.15
45,2021,730197504,KENN,D1 Atlantic Sun Conference,730266880,BRY,320071038,2021-02-27 13:00:00,4,0,1,1,1971724906,J. Rice,L,FA,R,-0.554527857042,3.65512539783,19.6393965837,-14.0006141973,5.17267733759,B,K,1.34802334164,6.21100343669,92.5541970089,2269.30482322,144.559625221,0.13
46,2021,730197504,KENN,D1 Atlantic Sun Conference,730266880,BRY,320071038,2021-02-27 13:00:00,4,1,1,1,1971724906,J. Rice,L,FA,R,0.116580116353,2.31560081446,18.5857684673,-16.4581595146,5.1032345925,F,K,1.342090746,6.08795733968,91.5775785863,2272.81972568,138.524348399,-0.15
47,2021,730197504,KENN,D1 Atlantic Sun Conference,730266880,BRY,320071038,2021-02-27 13:00:00,4,1,2,1,1971724906,J. Rice,L,FA,R,-0.269718730541,2.48418040317,20.8500145583,-13.8798660495,5.04956406863,SS,K,1.24246574123,6.29581252787,94.2453898841,2298.6222744,146.386925966,-0.15
48,2021,730197504,KENN,D1 Atlantic Sun Conference,730266880,BRY,320071038,2021-02-27 13:00:00,4,0,0,2,1971724906,J. Rice,L,FA,R,0.789717171553,3.45957816168,18.8907609792,-13.2287138343,5.11699456477,B,K,1.4317507665,6.23401602682,92.712804141,2229.15580098,145.042102081,0.13
49,2021,730197504,KENN,D1 Atlantic Sun Conference,730266880,BRY,320071038,2021-02-27 13:00:00,4,1,0,2,1971724906,J. Rice,L,FA,R,-0.588201717826,3.55182040993,15.7829340459,-10.2861428309,5.3733080177,SS,K,1.35442737055,6.02733618065,93.316875061,2251.32689275,146.957304942,-0.15
50,2021,730197504,KENN,D1 Atlantic Sun Conference,730266880,BRY,320071038,2021-02-27 13:00:00,4,1,1,2,1971724906,J. Rice,L,FA,R,0.123346042184,2.45438206132,18.3651146093,-12.8756178287,5.14486705003,SS,K,1.29788350702,6.1134690238,93.9113470563,2257.5478289,145.010741129,-0.15
51,2021,730197504,KENN,D1 Atlantic Sun Conference,730266880,BRY,320071038,2021-02-27 13:00:00,4,1,2,2,1971724906,J. Rice,L,SL,R,1.74308401718,4.69903267848,-4.94433023678,9.97281736318,4.58348083753,B,K,1.34127611833,6.05262150853,81.822200335,2017.58563422,296.182912384,0.13
52,2021,730197504,KENN,D1 Atlantic Sun Conference,730266880,BRY,320071038,2021-02-27 13:00:00,4,2,2,2,1971724906,J. Rice,L,SL,R,-0.266000252018,2.59998252163,-6.67171117903,7.9414155149,4.71951649805,SL,K,1.3731820943,6.05493630618,81.0156607677,2085.81803291,309.858706569,-0.15
53,2021,730197504,KENN,D1 Atlantic Sun Conference,730266880,BRY,320071038,2021-02-27 13:00:00,5,0,0,0,1042556622,B. Finney,L,FA,R,1.96767072485,3.20045812794,10.5708700364,-13.5969310217,5.48870611374,B,K,1.99574849312,5.06161849725,85.2981512978,2012.81050309,127.959796156,0.13
54,2021,730197504,KENN,D1 Atlantic Sun Conference,730266880,BRY,320071038,2021-02-27 13:00:00,5,1,0,0,1042556622,B. Finney,L,FA,R,1.29159004116,2.65512821183,11.9972381119,-11.6955154389,5.78221997396,SL,K,2.13514905486,4.95398162274,85.4561789567,2074.70815696,135.816155171,-0.15
55,2021,730197504,KENN,D1 Atlantic Sun Conference,730266880,BRY,320071038,2021-02-27 13:00:00,5,1,1,0,1042556622,B. Finney,L,FA,R,0.334473950014,1.71738967638,6.35105765936,-11.1446603397,5.70546570215,F,K,2.04649854244,4.92949743347,85.0380815818,2029.88415285,119.819073582,-0.15
56,2021,730197504,KENN,D1 Atlantic Sun Conference,730266880,BRY,320071038,2021-02-27 13:00:00,5,1,2,0,1042556622,B. Finney,L,CH,R,0.866055581965,3.38408671391,14.2668812105,-9.41570831963,6.1982540151,F,K,2.10736870193,4.87735842653,79.1758932523,1693.84389544,146.653564013,0.0
57,2021,730197504,KENN,D1 Atlantic Sun Conference,730266880,BRY,320071038,2021-02-27 13:00:00,5,1,2,0,1042556622,B. Finney,L,FA,R,1.7323915539,3.19771593988,9.44101058976,-13.8315851196,5.74692590443,B,K,2.01755362656,4.9597095851,85.70938757,2038.53401909,124.416847457,0.13
58,2021,730197504,KENN,D1 Atlantic Sun Conference,730266880,BRY,320071038,2021-02-27 13:00:00,5,2,2,0,1042556622,B. Finney,L,FA,R,1.85564888396,2.44088520045,8.84894529034,-15.1069517666,5.69748602689,SS,K,1.98924166899,4.98013350286,85.0628502155,2059.41003469,120.462908771,-0.15
59,2021,730197504,KENN,D1 Atlantic Sun Conference,730266880,BRY,320071038,2021-02-27 13:00:00,5,0,0,1,1042556622,B. Finney,L,SL,R,0.845626877829,1.70833228327,-5.02467827233,7.52010555504,5.35880252083,B,BB,2.14145224607,4.71131316501,75.9629675008,2188.18243962,303.50576583,0.13
60,2021,730197504,KENN,D1 Atlantic Sun Conference,730266880,BRY,320071038,2021-02-27 13:00:00,5,1,0,1,1042556622,B. Finney,L,FA,R,1.5727637471,3.72505874557,9.93434236422,-15.2111857514,5.77655907629,B,BB,2.05064902206,4.91615625875,85.0109940812,1998.61454011,123.244118511,0.13
61,2021,730197504,KENN,D1 Atlantic Sun Conference,730266880,BRY,320071038,2021-02-27 13:00:00,5,2,0,1,1042556622,B. Finney,L,FA,R,2.00136385103,4.19825113381,14.9327150706,-12.4218723855,5.87062181408,B,BB,2.04942150019,4.9847320218,83.4930906398,2015.91412082,140.31518557,0.13
62,2021,730197504,KENN,D1 Atlantic Sun Conference,730266880,BRY,320071038,2021-02-27 13:00:00,5,3,0,1,1042556622,B. Finney,L,FA,R,0.12316894042,1.98983075325,8.12306491547,-13.816137137,5.86978248109,SL,BB,2.05006534629,4.83797560862,84.4529251031,1996.46897977,120.565233833,-0.15
63,2021,730197504,KENN,D1 Atlantic Sun Conference,730266880,BRY,320071038,2021-02-27 13:00:00,5,3,1,1,1042556622,B. Finney,L,FA,R,0.152372973518,2.7786675555,14.9533102829,-16.5174847418,6.05702011328,F,BB,2.16149152469,4.95417581505,85.1429875652,2124.56482006,132.223762774,-0.15
64,2021,730197504,KENN,D1 Atlantic Sun Conference,730266880,BRY,320071038,2021-02-27 13:00:00,5,3,2,1,1042556622,B. Finney,L,FA,R,0.650794551904,1.14033881378,8.84135791732,-14.2511344006,5.81935106522,B,BB,2.13256143118,4.8257299529,83.6019009601,1944.6337761,121.925464907,0.8
65,2021,730197504,KENN,D1 Atlantic Sun Conference,730266880,BRY,320071038,2021-02-27 13:00:00,5,0,0,1,1042556622,B. Finney,L,FA,R,-0.962844189759,2.88344830155,8.00585887988,-13.0625726326,5.89887416665,B,S,2.03977048822,4.87171260204,84.6857065547,2031.87600502,121.621202931,0.13
66,2021,730197504,KENN,D1 Atlantic Sun Conference,730266880,BRY,320071038,2021-02-27 13:00:00,5,1,0,1,1042556622,B. Finney,L,FA,R,0.202839609311,2.65525862687,11.7971463186,-15.2231291411,5.96907326734,IP,S,2.07525743444,4.95712323402,84.8042064154,2007.5653519,127.859940739,1.0
67,2021,730197504,KENN,D1 Atlantic Sun Conference,730266880,BRY,320071038,2021-02-27 13:00:00,5,0,0,1,1042556622,B. Finney,L,FA,L,-0.567893632323,2.86629945792,8.0629884382,-17.3313503586,5.99531012885,SL,S,1.92308833134,4.93492225246,82.7484229095,1938.42250439,115.052873812,-0.15
68,2021,730197504,KENN,D1 Atlantic Sun Conference,730266880,BRY,320071038,2021-02-27 13:00:00,5,0,1,1,1042556622,B. Finney,L,FA,L,0.258656483713,2.48567695252,8.33046024456,-15.0138350643,5.88514919476,IP,S,1.9439040651,4.85313694187,83.3567318221,1954.54291255,119.133307898,1.0
69,2021,730197504,KENN,D1 Atlantic Sun Conference,730266880,BRY,320071038,2021-02-27 13:00:00,5,0,0,1,1042556622,B. Finney,L,FA,R,0.627681300823,2.75897466297,11.5322607743,-16.557701604,5.93892425744,IP,S,2.06561354084,4.86701434734,84.927702942,2061.34197148,124.942071946,1.0
70,2021,730197504,KENN,D1 Atlantic Sun Conference,730266880,BRY,320071038,2021-02-27 13:00:00,5,0,0,1,1042556622,B. Finney,L,FA,L,-0.559339400569,2.28426448231,6.36111649648,-17.7295789131,5.93230619548,SL,HBP,1.92723994827,4.84221942211,85.1434591473,2079.64876398,109.841345022,-0.15
71,2021,730197504,KENN,D1 Atlantic Sun Conference,730266880,BRY,320071038,2021-02-27 13:00:00,5,0,1,1,1042556622,B. Finney,L,CH,L,2.09322888071,3.66273076031,0.403125410856,6.61067009873,5.61250687693,HBP,HBP,2.17876552368,4.78455775669,73.3642260537,2018.15271801,266.081506263,0.8
72,2021,730197504,KENN,D1 Atlantic Sun Conference,730266880,BRY,320071038,2021-02-27 13:00:00,5,0,0,1,1042556622,B. Finney,L,FA,R,1.63335649795,2.69268614475,10.2174527894,-16.8211196536,5.76451941968,B,S,1.961973441,4.82914774062,84.5740478614,2036.36179439,121.367629556,0.13
73,2021,730197504,KENN,D1 Atlantic Sun Conference,730266880,BRY,320071038,2021-02-27 13:00:00,5,1,0,1,1042556622,B. Finney,L,FA,R,0.962279203397,2.84109618004,7.74266864926,-14.3159344679,5.77526691376,IP,S,1.99404500001,4.8194365884,85.7556659356,2058.55675179,118.517759958,1.0
74,2021,730197504,KENN,D1 Atlantic Sun Conference,730266880,BRY,320071038,2021-02-27 13:00:00,5,0,0,2,1042556622,B. Finney,L,FA,R,-0.576729351597,2.77655018896,17.920836605,-18.7996010651,5.70812176781,SL,BB,2.01351209937,5.08398316084,85.3634783455,2083.64669317,133.687648896,-0.15
75,2021,730197504,KENN,D1 Atlantic Sun Conference,730266880,BRY,320071038,2021-02-27 13:00:00,5,0,1,2,1042556622,B. Finney,L,FA,R,-1.12176551354,3.12138024083,15.8620931922,-17.4930958426,5.88598913677,B,BB,2.05705989023,4.94483050909,84.4525056639,2041.39118975,132.26760457,0.13
76,2021,730197504,KENN,D1 Atlantic Sun Conference,730266880,BRY,320071038,2021-02-27 13:00:00,5,1,1,2,1042556622,B. Finney,L,FA,R,1.83577090036,2.75718174588,12.8184895607,-16.8718039027,5.79763459957,B,BB,2.01237273761,4.83884581472,84.6199719588,2070.99177277,127.306002733,0.13
77,2021,730197504,KENN,D1 Atlantic Sun Conference,730266880,BRY,320071038,2021-02-27 13:00:00,5,2,1,2,1042556622,B. Finney,L,FA,R,0.219358202507,2.23474913089,10.6418888417,-19.1377074498,5.93481676199,F,BB,1.99253737304,4.83319638502,86.4267682057,2081.84506885,119.157884865,-0.15
78,2021,730197504,KENN,D1 Atlantic Sun Conference,730266880,BRY,320071038,2021-02-27 13:00:00,5,2,2,2,1042556622,B. Finney,L,FA,R,-1.16443630394,2.08471369195,14.3258166793,-14.2281508665,6.01809699555,B,BB,2.13951265739,4.93626618575,84.6624853325,2016.05991887,135.268658656,0.13
79,2021,730197504,KENN,D1 Atlantic Sun Conference,730266880,BRY,320071038,2021-02-27 13:00:00,5,3,2,2,1042556622,B. Finney,L,FA,R,0.598455217651,3.24774552662,9.05030655921,-15.9733463317,5.98108977219,F,BB,1.96804172363,4.91617953439,86.9667518784,2159.53614682,119.628560549,0.0
80,2021,730197504,KENN,D1 Atlantic Sun Conference,730266880,BRY,320071038,2021-02-27 13:00:00,5,3,2,2,1042556622,B. Finney,L,FA,R,-1.07655684413,2.01574742871,14.2512090411,-16.1545860104,5.81830600797,B,BB,1.85947146782,5.05833846305,86.6036923735,2076.18001793,131.488546977,0.8
81,2021,730197504,KENN,D1 Atlantic Sun Conference,730266880,BRY,320071038,2021-02-27 13:00:00,5,0,0,2,1188028672,N. Holler,R,FA,R,2.21318324333,1.89792993063,14.5125564754,14.9696321674,5.57560826091,B,K,-1.66071265102,4.66321694911,88.7645974548,2147.90586531,225.820827357,0.13
82,2021,730197504,KENN,D1 Atlantic Sun Conference,730266880,BRY,320071038,2021-02-27 13:00:00,5,1,0,2,1188028672,N. Holler,R,FA,R,1.10986426803,2.1469707424,12.583370372,12.9429993087,5.47078498061,SL,K,-1.73663980995,4.37938096599,88.21042537,2166.56328112,225.728495089,-0.15
83,2021,730197504,KENN,D1 Atlantic Sun Conference,730266880,BRY,320071038,2021-02-27 13:00:00,5,1,1,2,1188028672,N. Holler,R,SL,R,1.30962548381,2.92425117741,6.62771837157,-17.2109201472,4.76528254954,B,K,-2.0354719748,4.03407203039,78.117204536,2701.77741863,111.19393913,0.13
84,2021,730197504,KENN,D1 Atlantic Sun Conference,730266880,BRY,320071038,2021-02-27 13:00:00,5,2,1,2,1188028672,N. Holler,R,FA,R,-0.160339527032,3.31922932574,8.47470549267,13.7602460866,5.58484166982,SS,K,-1.79754136123,4.10036916866,87.915315289,2131.57748585,238.265731591,-0.15
85,2021,730197504,KENN,D1 Atlantic Sun Conference,730266880,BRY,320071038,2021-02-27 13:00:00,5,2,2,2,1188028672,N. Holler,R,SL,R,1.66526040344,2.29201400994,9.81839007202,-12.6056009863,5.17226891766,SS,K,-1.84676766399,3.86996110552,78.5014248593,2859.90632279,128.039829524,-0.15
86,2021,730197504,KENN,D1 Atlantic Sun Conference,730266880,BRY,320071038,2021-02-27 13:00:00,6,0,0,0,1188028672,N. Holler,R,FA,R,2.45884345559,1.68575457554,9.71642661654,14.7542054824,5.35832573307,B,K,-1.48343748421,4.17128907702,87.4222666651,2133.6368522,236.537325086,0.13
87,2021,730197504,KENN,D1 Atlantic Sun Conference,730266880,BRY,320071038,2021-02-27 13:00:00,6,1,0,0,1188028672,N. Holler,R,FA,R,0.504878174599,2.93268087302,11.3662509733,14.0066897336,5.17693698542,SS,K,-1.52444534528,4.34687332504,86.5296324288,2133.45244472,230.851428083,-0.15
88,2021,730197504,KENN,D1 Atlantic Sun Conference,730266880,BRY,320071038,2021-02-27 13:00:00,6,1,1,0,1188028672,N. Holler,R,FA,R,1.39347190834,1.51780968326,2.89323928946,16.6360567559,5.46898266257,B,K,-1.84492601329,3.91247369139,87.4789094445,2233.1484704,260.016915496,0.13
89,2021,730197504,KENN,D1 Atlantic Sun Conference,730266880,BRY,320071038,2021-02-27 13:00:00,6,2,1,0,1188028672,N. Holler,R,FA,R,0.851261752562,3.0671516228,12.9367311515,14.295983327,5.49073836143,SS,K,-1.8078236984,4.37597344439,87.8117998097,2313.41271882,227.78101327,-0.15
90,2021,730197504,KENN,D1 Atlantic Sun Conference,730266880,BRY,320071038,2021-02-27 13:00:00,6,2,2,0,1188028672,N. Holler,R,SL,R,-0.531045341824,2.23799660117,5.64125695025,-12.3743100754,4.69670738266,SL,K,-1.75849039802,3.99803803099,77.9296038165,2718.51023094,114.681618048,-0.15
91,2021,730197504,KENN,D1 Atlantic Sun Conference,730266880,BRY,320071038,2021-02-27 13:00:00,6,0,0,1,1188028672,N. Holler,R,FA,R,1.18936497682,1.95523974683,12.103698768,17.1771912823,5.44704286867,SL,IP_OUT,-1.73812821458,4.37750267107,88.1481076365,2142.73618962,234.752999314,-0.15
92,2021,730197504,KENN,D1 Atlantic Sun Conference,730266880,BRY,320071038,2021-02-27 13:00:00,6,0,1,1,1188028672,N. Holler,R,SL,R,1.66281464681,1.09267554372,9.58216762473,-13.8911549604,4.67275565575,B,IP_OUT,-1.72047786539,4.22630001405,78.2176281403,2840.43913528,124.725489321,0.13
93,2021,730197504,KENN,D1 Atlantic Sun Conference,730266880,BRY,320071038,2021-02-27 13:00:00,6,1,1,1,1188028672,N. Holler,R,SL,R,0.324909806529,2.3665900511,4.8618781605,-11.6090943243,5.01613653912,SS,IP_OUT,-1.88431109793,4.05416757512,77.9237970035,2793.07980907,112.912313567,-0.15
94,2021,730197504,KENN,D1 Atlantic Sun Conference,730266880,BRY,320071038,2021-02-27 13:00:00,6,0,0,2,1188028672,N. Holler,R,FA,R,1.58781962714,2.89870986934,10.2301601436,15.843902062,5.38117557673,B,K,-1.69721936909,4.21398195517,88.0425437008,2106.13622285,237.061307518,0.13
95,2021,730197504,KENN,D1 Atlantic Sun Conference,730266880,BRY,320071038,2021-02-27 13:00:00,6,1,0,2,1188028672,N. Holler,R,FA,R,1.7107182103,2.41744623931,21.6324400293,13.3542347553,5.54518541011,B,K,-1.60704305602,4.46020214808,88.0711987838,2234.88409359,211.647315352,0.13
96,2021,730197504,KENN,D1 Atlantic Sun Conference,730266880,BRY,320071038,2021-02-27 13:00:00,6,2,0,2,1188028672,N. Holler,R,FA,R,0.0081468127572,2.26864045249,9.96226475881,13.5689395395,5.33085900121,SL,K,-1.59294431913,4.23897504936,87.1226582707,2124.14511836,233.617806281,-0.15
97,2021,730197504,KENN,D1 Atlantic Sun Conference,730266880,BRY,320071038,2021-02-27 13:00:00,6,2,1,2,1188028672,N. Holler,R,SL,R,1.37833981804,1.8640109194,11.1343700243,-9.53125821848,4.91905016711,SL,K,-1.88032127264,3.88161332523,78.592052953,2671.88432238,139.548119653,-0.15
98,2021,730197504,KENN,D1 Atlantic Sun Conference,730266880,BRY,320071038,2021-02-27 13:00:00,6,2,2,2,1188028672,N. Holler,R,FA,R,1.03644605324,2.3372004438,18.6111707307,17.0303690619,5.51128393504,F,K,-1.49872513338,4.43747693501,87.4957380533,2249.70146393,222.406462369,0.0
99,2021,730197504,KENN,D1 Atlantic Sun Conference,730266880,BRY,320071038,2021-02-27 13:00:00,6,2,2,2,1188028672,N. Holler,R,FA,R,-1.20695133766,2.0810698055,12.7978571114,17.0750942903,5.54684308407,B,K,-1.81550236926,4.10051240408,87.4954814336,2282.28631461,233.073816895,0.13
100,2021,730197504,KENN,D1 Atlantic Sun Conference,730266880,BRY,320071038,2021-02-27 13:00:00,6,3,2,2,1188028672,N. Holler,R,SL,R,-0.495843991889,1.84209998251,5.6346674797,-13.666769777,4.76804886762,SL,K,-1.77811488603,3.94531920091,77.6415132123,2681.52324961,112.568629618,-0.15
101,2021,730197504,KENN,D1 Atlantic Sun Conference,730266880,BRY,320071038,2021-02-27 13:00:00,7,0,0,0,1188028672,N. Holler,R,FA,L,-1.1260531571,2.89127219531,7.61723117016,20.6915345507,5.29418389514,F,K,-1.74632875828,4.41661265342,86.9952690111,2277.79198299,249.701668211,-0.15
102,2021,730197504,KENN,D1 Atlantic Sun Conference,730266880,BRY,320071038,2021-02-27 13:00:00,7,0,1,0,1188028672,N. Holler,R,SL,L,0.586517392443,1.84316751273,6.69235462142,-17.3884890673,4.97403580256,SL,K,-1.87031484163,4.22339410813,76.4640474807,2673.62967128,111.184542909,-0.15
103,2021,730197504,KENN,D1 Atlantic Sun Conference,730266880,BRY,320071038,2021-02-27 13:00:00,7,0,2,0,1188028672,N. Holler,R,SL,L,-1.91787773684,2.35887070181,-0.784050855787,16.6614090298,5.65729263991,SS,K,-1.68065812498,4.20713180145,86.0522850996,2304.9444815,272.572211819,-0.15
104,2021,730197504,KENN,D1 Atlantic Sun Conference,730266880,BRY,320071038,2021-02-27 13:00:00,7,0,0,2,1188028672,N. Holler,R,FA,L,-0.345529844316,1.12938239576,-4.0080895224,18.0710329905,5.65417498949,F,IP_OUT,-1.68805224628,4.06671018502,86.5512132587,2194.69133037,282.399479522,-0.15
105,2021,730197504,KENN,D1 Atlantic Sun Conference,730266880,BRY,320071038,2021-02-27 13:00:00,7,0,1,2,1188028672,N. Holler,R,FA,L,-0.575270286589,1.33085312432,8.68449320098,20.9158422376,5.61550585863,B,IP_OUT,-1.67021127327,4.38352512558,86.9582013576,2287.72708768,247.368499473,0.13
106,2021,730197504,KENN,D1 Atlantic Sun Conference,730266880,BRY,320071038,2021-02-27 13:00:00,7,1,1,2,1188028672,N. Holler,R,SL,L,1.40748618405,1.65307266022,10.0447256988,-10.4605107925,5.12499368065,B,IP_OUT,-1.79065938995,4.217120079,78.0570591716,2685.65502104,133.964088427,0.13
107,2021,730197504,KENN,D1 Atlantic Sun Conference,730266880,BRY,320071038,2021-02-27 13:00:00,7,2,1,2,1188028672,N. Holler,R,FA,L,-0.330289873634,2.29605742651,14.3750654014,18.5900641627,5.76229221399,F,IP_OUT,-1.55217463767,4.32851336749,86.8134255673,2375.613639,232.218388105,-0.15
108,2021,730197504,KENN,D1 Atlantic Sun Conference,730266880,BRY,320071038,2021-02-27 13:00:00,8,0,0,0,1084574353,K. Johnson,R,FA,R,0.777326089238,3.37741930526,15.8616975079,14.9846460778,6.0414040138,SL,S,-1.30631326244,6.20582272463,90.3325051902,1940.30251858,223.313713579,-0.15
109,2021,730197504,KENN,D1 Atlantic Sun Conference,730266880,BRY,320071038,2021-02-27 13:00:00,8,0,1,0,1084574353,K. Johnson,R,SL,R,0.40936804331,3.74523363,-6.85123730634,-11.363528143,5.67299916633,B,S,-1.58832523871,5.88028723152,79.0170853919,2338.760151,59.0704000205,0.13
110,2021,730197504,KENN,D1 Atlantic Sun Conference,730266880,BRY,320071038,2021-02-27 13:00:00,8,1,1,0,1084574353,K. Johnson,R,FA,R,0.708574051852,3.22477071508,18.2086005917,12.9519389312,5.91684735707,F,S,-1.33249421453,5.9814153253,92.1835275534,2009.97820195,215.379010918,-0.15
111,2021,730197504,KENN,D1 Atlantic Sun Conference,730266880,BRY,320071038,2021-02-27 13:00:00,8,1,2,0,1084574353,K. Johnson,R,SL,R,0.15082391731,3.62982465333,-10.615181747,-11.3203221992,5.66131462215,IP,S,-1.53533383438,5.88991991481,79.2471255232,2157.72582411,46.956248926,1.0
112,2021,730197504,KENN,D1 Atlantic Sun Conference,730266880,BRY,320071038,2021-02-27 13:00:00,8,0,0,0,1084574353,K. Johnson,R,FA,R,0.844490385553,2.79121521572,10.8869803989,12.5452142692,5.9594569712,IP,ROE,-1.31963958969,5.99016532239,90.4114351979,2063.49913744,228.964590909,0.0
113,2021,730197504,KENN,D1 Atlantic Sun Conference,730266880,BRY,320071038,2021-02-27 13:00:00,8,0,0,0,1084574353,K. Johnson,R,SL,R,-0.962693148006,3.05134510403,-8.1842693662,-11.4456533464,5.71201359464,B,K,-1.42784357559,5.80123946045,79.1336496627,2130.40393606,54.5731352037,0.13
114,2021,730197504,KENN,D1 Atlantic Sun Conference,730266880,BRY,320071038,2021-02-27 13:00:00,8,1,0,0,1084574353,K. Johnson,R,SL,R,1.2022925041,2.63557584696,-12.9298245926,-11.2500627368,5.94370833727,B,K,-1.32634758242,5.90017136475,79.0080596751,2045.45749224,41.1191514884,0.13
115,2021,730197504,KENN,D1 Atlantic Sun Conference,730266880,BRY,320071038,2021-02-27 13:00:00,8,2,0,0,1084574353,K. Johnson,R,SL,R,0.0158737328002,1.15951485123,-14.466052738,-14.9049366558,5.68062111929,SS,K,-1.41184719778,5.89444040038,79.7808159155,2182.6849883,45.9395178645,-0.15
116,2021,730197504,KENN,D1 Atlantic Sun Conference,730266880,BRY,320071038,2021-02-27 13:00:00,8,2,1,0,1084574353,K. Johnson,R,FA,R,1.75731863858,2.6037035717,12.1482906217,12.949865897,6.14394514229,SL,K,-1.1085407045,6.03669468098,93.1543539105,2085.82083868,226.759066281,-0.15
117,2021,730197504,KENN,D1 Atlantic Sun Conference,730266880,BRY,320071038,2021-02-27 13:00:00,8,2,2,0,1084574353,K. Johnson,R,FA,R,0.593035292119,2.32284323599,17.2267973517,11.5467763821,6.02769310194,SS,K,-1.22423814514,5.98071001387,92.8452710489,2048.74277129,213.786871567,-0.15
118,2021,730197504,KENN,D1 Atlantic Sun Conference,730266880,BRY,320071038,2021-02-27 13:00:00,8,0,0,1,1084574353,K. Johnson,R,CH,L,-0.305184009136,1.16902168037,3.53984991276,20.2324906733,6.13791069894,F,K,-1.41306685915,5.78076240248,84.5072941137,1748.24399274,259.97613643,-0.15
119,2021,730197504,KENN,D1 Atlantic Sun Conference,730266880,BRY,320071038,2021-02-27 13:00:00,8,0,1,1,1084574353,K. Johnson,R,FA,L,0.952939330931,4.5301287535,17.8528970456,10.5949829391,6.05663812964,B,K,-1.00502496698,6.17579148317,91.9859447833,2025.65991828,210.644108275,0.13
120,2021,730197504,KENN,D1 Atlantic Sun Conference,730266880,BRY,320071038,2021-02-27 13:00:00,8,1,1,1,1084574353,K. Johnson,R,SL,L,-0.976406721659,2.76811743365,-10.2989307113,-9.69560325084,5.76700504252,SL,K,-1.42638870137,5.78127668926,79.8009067648,1939.14952612,43.3873559222,-0.15
121,2021,730197504,KENN,D1 Atlantic Sun Conference,730266880,BRY,320071038,2021-02-27 13:00:00,8,1,2,1,1084574353,K. Johnson,R,FA,L,0.206055220953,3.50920646896,22.5266410197,15.6996340854,6.05854499787,SS,K,-1.12356481883,6.34729745513,93.6976794073,2142.94643046,214.838726343,-0.15
122,2021,730197504,KENN,D1 Atlantic Sun Conference,730266880,BRY,320071038,2021-02-27 13:00:00,8,0,0,2,1084574353,K. Johnson,R,SL,R,-0.261952614234,2.5291815592,-9.4213565912,-9.53152195748,5.88030974359,SL,S,-1.39647197662,6.02400305387,80.8213419491,2126.18286421,45.4561696911,-0.15
123,2021,730197504,KENN,D1 Atlantic Sun Conference,730266880,BRY,320071038,2021-02-27 13:00:00,8,0,1,2,1084574353,K. Johnson,R,FA,R,2.0930233465,2.83751535728,21.7602012768,8.80434400895,5.97234745831,B,S,-1.04955021182,6.26606101011,92.9518043476,2116.56556783,202.000765583,0.13
124,2021,730197504,KENN,D1 Atlantic Sun Conference,730266880,BRY,320071038,2021-02-27 13:00:00,8,1,1,2,1084574353,K. Johnson,R,SL,R,0.368771708855,1.75971815318,-9.91591217217,-12.4278636354,5.64549132987,IP,S,-1.43857548606,5.93777755781,80.8695802284,2170.70464607,51.5297047209,1.0
125,2021,730197504,KENN,D1 Atlantic Sun Conference,730266880,BRY,320071038,2021-02-27 13:00:00,8,0,0,2,1084574353,K. Johnson,R,CH,R,1.06380781709,1.1947755258,9.19452756771,20.903471465,6.32720677208,B,IP_OUT,-1.32953025178,5.78465326161,84.8422485186,1692.45671019,246.174835367,0.13
126,2021,730197504,KENN,D1 Atlantic Sun Conference,730266880,BRY,320071038,2021-02-27 13:00:00,8,1,0,2,1084574353,K. Johnson,R,FA,R,-0.705382119431,1.49451175271,15.0378045575,14.0168783599,6.32318308409,SS,IP_OUT,-1.26268813757,6.14925646002,91.6314804104,2021.84249335,222.929278986,-0.15
127,2021,730197504,KENN,D1 Atlantic Sun Conference,730266880,BRY,320071038,2021-02-27 13:00:00,8,1,1,2,1084574353,K. Johnson,R,FA,R,0.914808833078,3.49780776452,22.2999929491,12.7334686043,6.16211470114,B,IP_OUT,-1.03328553257,6.37467757443,92.920034841,2112.09010573,209.693424957,0.13
128,2021,730197504,KENN,D1 Atlantic Sun Conference,730266880,BRY,320071038,2021-02-27 13:00:00,9,0,0,0,1084574353,K. Johnson,R,CH,L,-0.27291271429,2.13114272789,7.31293473645,19.0789271442,6.09128766552,B,K,-1.48035720563,5.91822659562,84.617323851,1795.2424533,248.932167717,0.13
129,2021,730197504,KENN,D1 Atlantic Sun Conference,730266880,BRY,320071038,2021-02-27 13:00:00,9,1,0,0,1084574353,K. Johnson,R,SL,L,-0.146226644333,4.40186349402,-7.50476169964,-11.8447644983,5.66831408241,SL,K,-1.37125007711,6.02344052746,79.049656541,2199.10218668,57.7914931915,-0.15
130,2021,730197504,KENN,D1 Atlantic Sun Conference,730266880,BRY,320071038,2021-02-27 13:00:00,9,1,1,0,1084574353,K. Johnson,R,CH,L,-1.34565905274,2.66716737949,8.57185406507,22.5301649668,5.91784979762,F,K,-1.4068979998,5.83362261589,84.5765376284,1888.10866503,249.087066811,-0.15
131,2021,730197504,KENN,D1 Atlantic Sun Conference,730266880,BRY,320071038,2021-02-27 13:00:00,9,1,2,0,1084574353,K. Johnson,R,FA,L,-0.323758626403,3.80770261947,15.8280648357,11.5402323867,5.80862345445,SS,K,-1.16418903211,6.28487347147,92.8403493065,1996.5284105,216.043496535,-0.15
132,2021,730197504,KENN,D1 Atlantic Sun Conference,730266880,BRY,320071038,2021-02-27 13:00:00,9,0,0,1,1084574353,K. Johnson,R,FA,R,1.45340740593,2.11743355821,17.8304395657,12.3964687446,6.13128882549,SS,IP_OUT,-1.13851762311,6.21370656986,92.9168911544,2107.83521707,214.763641355,-0.15
133,2021,730197504,KENN,D1 Atlantic Sun Conference,730266880,BRY,320071038,2021-02-27 13:00:00,9,0,1,1,1084574353,K. Johnson,R,SL,R,-0.298173839204,3.52580918054,-10.0341881687,-8.47462580664,5.69983643079,B,IP_OUT,-1.39572779365,6.00554742477,80.0868430644,2076.42049261,40.2993633381,0.13
134,2021,730197504,KENN,D1 Atlantic Sun Conference,730266880,BRY,320071038,2021-02-27 13:00:00,9,0,0,2,1084574353,K. Johnson,R,CH,L,0.217768868222,1.3010876427,10.7809120349,16.8559160584,6.07618834975,B,S,-1.334484747,5.84362079624,85.5211715624,1836.92937778,237.311934358,0.13
135,2021,730197504,KENN,D1 Atlantic Sun Conference,730266880,BRY,320071038,2021-02-27 13:00:00,9,1,0,2,1084574353,K. Johnson,R,CH,L,-0.364450909988,2.72336545502,8.7047162052,18.3350112068,6.2187954319,SS,S,-1.40881883746,5.87944772839,84.6832040451,1753.43252671,244.511929294,-0.15
136,2021,730197504,KENN,D1 Atlantic Sun Conference,730266880,BRY,320071038,2021-02-27 13:00:00,9,1,1,2,1084574353,K. Johnson,R,FA,L,0.903786868364,1.63447985405,17.0308975758,10.2087604867,5.93187757903,SS,S,-1.10869252563,6.23754109648,92.7478431724,2135.88856901,210.894319918,-0.15
137,2021,730197504,KENN,D1 Atlantic Sun Conference,730266880,BRY,320071038,2021-02-27 13:00:00,9,1,2,2,1084574353,K. Johnson,R,FA,L,-0.00064647249937,3.92839849221,20.7352976724,13.9419662355,5.9641555189,B,S,-0.968751924945,6.45801452508,92.4976048722,2096.99553165,213.87740253,0.13
138,2021,730197504,KENN,D1 Atlantic Sun Conference,730266880,BRY,320071038,2021-02-27 13:00:00,9,2,2,2,1084574353,K. Johnson,R,SL,L,-0.508547817945,1.33671031614,-6.60044136321,-9.42658025102,5.74015942329,IP,S,-1.45309877158,5.90702366268,80.315846599,2096.75686051,55.1687516104,1.0
139,2021,730197504,KENN,D1 Atlantic Sun Conference,730266880,BRY,320071038,2021-02-27 13:00:00,9,0,0,2,1084574353,K. Johnson,R,CH,R,2.12410245843,-0.195888647251,5.48852520689,18.8253787484,6.34600948716,B,S,-1.53871464183,5.77064513546,84.435292672,1701.43036334,253.644196892,0.13
140,2021,730197504,KENN,D1 Atlantic Sun Conference,730266880,BRY,320071038,2021-02-27 13:00:00,9,1,0,2,1084574353,K. Johnson,R,SL,R,0.236852568273,2.81433083435,-8.21863067038,-7.98896001638,5.74709356692,IP,S,-1.54839775295,5.93292726172,80.7518341149,2199.50385268,44.3295787593,1.0
141,2021,4104,CCAR,D1 Sun Belt Conference,730266880,BRY,244328189,2021-02-26 13:00:00,1,0,0,0,1833769636,J. Maton,R,FA,R,0.219064976604,3.64954974609,17.6979399508,2.73991112156,6.03404756949,B,S,-2.05172442749,6.46254437017,90.7958177312,2530.41191956,188.784992049,0.13
142,2021,4104,CCAR,D1 Sun Belt Conference,730266880,BRY,244328189,2021-02-26 13:00:00,1,1,0,0,1833769636,J. Maton,R,FA,R,0.391791882949,2.53391840121,15.9124830888,6.46051344948,6.26852832608,IP,S,-1.95732975234,6.13952884731,90.9327184295,2521.91301176,202.058523064,1.0
143,2021,4104,CCAR,D1 Sun Belt Conference,730266880,BRY,244328189,2021-02-26 13:00:00,1,0,0,0,1833769636,J. Maton,R,FA,L,-0.0526875515359,1.8755146139,12.3527363993,10.6304739451,6.06386074429,IP,S,-1.94710990553,6.28944214592,90.3144217135,2418.63431697,220.641853165,1.0
144,2021,4104,CCAR,D1 Sun Belt Conference,730266880,BRY,244328189,2021-02-26 13:00:00,1,0,0,0,1833769636,J. Maton,R,SL,R,0.523792336095,1.46245408666,-4.7560742517,-11.5382954034,5.34449378133,B,S,-2.37769315061,6.1291239952,77.6775839942,2600.67540904,67.7862332283,0.13
145,2021,4104,CCAR,D1 Sun Belt Conference,730266880,BRY,244328189,2021-02-26 13:00:00,1,1,0,1,1833769636,J. Maton,R,SL,R,-0.83410594804,2.20362307481,-5.36404239432,-10.2603963935,5.38400857627,SL,S,-2.23741575139,6.05352988705,78.2407779055,2648.49971058,62.5914840213,-0.15
146,2021,4104,CCAR,D1 Sun Belt Conference,730266880,BRY,244328189,2021-02-26 13:00:00,1,1,1,1,1833769636,J. Maton,R,FA,R,0.86799394633,3.44657359622,23.4597541467,3.82470161955,6.0253992568,B,S,-1.72571659402,6.69491094691,90.8360781727,2532.68264842,189.247313587,0.13
147,2021,4104,CCAR,D1 Sun Belt Conference,730266880,BRY,244328189,2021-02-26 13:00:00,1,2,1,1,1833769636,J. Maton,R,SL,R,0.0780039914468,2.72656557203,-5.79508843921,-10.6389609636,5.39708227725,IP,S,-2.24950373419,6.08339732421,77.7783238354,2627.79553541,61.6068363173,1.0
148,2021,4104,CCAR,D1 Sun Belt Conference,730266880,BRY,244328189,2021-02-26 13:00:00,1,0,0,1,1833769636,J. Maton,R,SL,R,-0.480174192501,4.02451883893,-3.93629405482,-9.31299804837,5.31070163133,IP,FC,-2.31080574853,6.09349853524,77.2014418964,2536.26508062,67.3219483478,-0.21
149,2021,4104,CCAR,D1 Sun Belt Conference,730266880,BRY,244328189,2021-02-26 13:00:00,1,0,0,2,1833769636,J. Maton,R,FA,R,1.14783984765,2.74612014885,17.1649266949,3.2337494491,6.12731791566,B,IP_OUT,-1.79503928033,6.34434661681,90.8919078912,2554.07557605,190.650021538,0.13
150,2021,4104,CCAR,D1 Sun Belt Conference,730266880,BRY,244328189,2021-02-26 13:00:00,1,1,0,2,1833769636,J. Maton,R,SL,R,0.494093198785,1.48650807792,-6.83369534015,-12.7728410219,5.30113021266,SS,IP_OUT,-2.07569126761,6.12905982875,77.930530563,2634.54564757,62.0059837748,-0.15
151,2021,4104,CCAR,D1 Sun Belt Conference,730266880,BRY,244328189,2021-02-26 13:00:00,1,1,1,2,1833769636,J. Maton,R,FA,R,-1.52086785011,3.07950294158,10.2179780457,12.0622405365,6.25275098389,B,IP_OUT,-2.11653179585,6.18919036004,91.6173614589,2435.7897734,229.647288412,0.13
152,2021,4104,CCAR,D1 Sun Belt Conference,730266880,BRY,244328189,2021-02-26 13:00:00,1,2,1,2,1833769636,J. Maton,R,FA,R,1.33768202975,2.25294839503,15.0222904747,2.07662859399,6.09380379283,SS,IP_OUT,-1.58792376262,6.40726116921,91.0273289856,2607.16483088,187.854381736,-0.15
153,2021,4104,CCAR,D1 Sun Belt Conference,730266880,BRY,244328189,2021-02-26 13:00:00,2,0,0,0,1833769636,J. Maton,R,CH,L,-1.76386050504,2.36147401531,8.93124701849,3.06949911511,5.74124118728,B,IP_OUT,-2.29371253989,5.97587358751,81.8034647639,2493.9155316,198.890369098,0.13
154,2021,4104,CCAR,D1 Sun Belt Conference,730266880,BRY,244328189,2021-02-26 13:00:00,2,1,0,0,1833769636,J. Maton,R,FA,L,-0.19262728838,3.16338544451,11.5244520825,2.53989671955,5.92408946046,F,IP_OUT,-1.97719852384,6.16705322129,89.2883899783,2598.54719741,192.394966687,-0.15
155,2021,4104,CCAR,D1 Sun Belt Conference,730266880,BRY,244328189,2021-02-26 13:00:00,2,1,1,0,1833769636,J. Maton,R,CH,L,-0.945288193179,2.51562476292,10.1047211502,7.67639081945,5.74749712085,SS,IP_OUT,-2.45911252027,5.99329387488,81.6927733276,2512.23950185,217.117496717,-0.15
156,2021,4104,CCAR,D1 Sun Belt Conference,730266880,BRY,244328189,2021-02-26 13:00:00,2,1,2,0,1833769636,J. Maton,R,SL,L,-1.36410364754,2.53453172962,-5.63945170689,-7.77885595207,5.45594561564,B,IP_OUT,-2.08453668428,6.21341798728,77.4924408078,2648.58671286,54.2729047542,0.13
157,2021,4104,CCAR,D1 Sun Belt Conference,730266880,BRY,244328189,2021-02-26 13:00:00,2,2,2,0,1833769636,J. Maton,R,FA,L,-1.6441112818,3.66310319725,13.2789492853,4.63175960479,6.20334812943,B,IP_OUT,-2.06742851193,6.16235008448,91.3947243785,2640.71473961,199.187547242,0.13
158,2021,4104,CCAR,D1 Sun Belt Conference,730266880,BRY,244328189,2021-02-26 13:00:00,2,0,0,1,1833769636,J. Maton,R,FA,R,-0.103358089819,4.24906705187,14.8243220589,5.21270438906,6.31374804201,B,S,-1.84442308283,6.37645628898,90.0641670832,2589.11062216,199.334778733,0.13
159,2021,4104,CCAR,D1 Sun Belt Conference,730266880,BRY,244328189,2021-02-26 13:00:00,2,1,0,1,1833769636,J. Maton,R,FA,R,-0.461283127816,3.69661875897,14.0369254675,2.70524781221,5.98422558485,B,S,-2.06587939676,6.26442127731,89.6754185656,2601.53803383,190.883934067,0.13
160,2021,4104,CCAR,D1 Sun Belt Conference,730266880,BRY,244328189,2021-02-26 13:00:00,2,2,0,1,1833769636,J. Maton,R,FA,R,0.485197075789,2.50593841199,14.8133273661,12.8960514919,6.34089595402,SL,S,-2.01143824067,6.03196413787,89.8151179563,2473.69785628,220.979832367,-0.15
161,2021,4104,CCAR,D1 Sun Belt Conference,730266880,BRY,244328189,2021-02-26 13:00:00,2,2,1,1,1833769636,J. Maton,R,FA,R,0.153887262372,2.01385663198,13.2324429165,5.94985197459,6.10676262199,F,S,-1.85926323961,6.31531022092,89.7204098139,2580.22588716,204.158076853,-0.15
162,2021,4104,CCAR,D1 Sun Belt Conference,730266880,BRY,244328189,2021-02-26 13:00:00,2,2,2,1,1833769636,J. Maton,R,FA,R,0.399282573253,2.80832992229,13.1303486409,2.25432930493,5.97016738502,IP,S,-1.67267782273,6.24922387183,90.7310358712,2602.14783503,189.719132137,1.0
163,2021,4104,CCAR,D1 Sun Belt Conference,730266880,BRY,244328189,2021-02-26 13:00:00,2,0,0,1,1833769636,J. Maton,R,SL,R,0.402797331716,2.59193598417,0.520629395839,-15.6533822731,5.57058958268,SL,IP_OUT,-2.17831571193,6.07588327481,77.9894190436,2613.49683138,92.0635095104,-0.15
164,2021,4104,CCAR,D1 Sun Belt Conference,730266880,BRY,244328189,2021-02-26 13:00:00,2,0,0,2,1833769636,J. Maton,R,SL,L,0.747126642893,1.92351233964,-7.25552249749,-17.2647098435,5.64147696598,SL,K,-1.95054291595,6.24710164445,78.4655028153,2555.96458342,67.3256036965,-0.15
165,2021,4104,CCAR,D1 Sun Belt Conference,730266880,BRY,244328189,2021-02-26 13:00:00,2,0,1,2,1833769636,J. Maton,R,SL,L,-0.323444946215,1.08534661245,-6.11005548833,-14.5988947627,5.47949388389,SS,K,-2.12828691745,6.09127821615,78.2390402889,2554.25366605,67.4341221657,-0.15
166,2021,4104,CCAR,D1 Sun Belt Conference,730266880,BRY,244328189,2021-02-26 13:00:00,2,0,2,2,1833769636,J. Maton,R,FA,L,-0.715169076267,4.08923357567,15.4803923708,2.49238188187,6.02313329119,B,K,-1.71889428485,6.26032020713,90.7261367334,2585.1182828,189.128165361,0.13
167,2021,4104,CCAR,D1 Sun Belt Conference,730266880,BRY,244328189,2021-02-26 13:00:00,2,1,2,2,1833769636,J. Maton,R,FA,L,0.441882128125,3.99873331508,19.7243652847,4.8453097504,6.2067902921,B,K,-1.88536888042,6.35457601724,89.9145610614,2549.15674426,193.780067428,0.13
168,2021,4104,CCAR,D1 Sun Belt Conference,730266880,BRY,244328189,2021-02-26 13:00:00,2,2,2,2,1833769636,J. Maton,R,SL,L,-0.0862262330383,0.438362194827,-7.71334397504,-11.8399671682,5.37829314888,SS,K,-1.95674763051,6.15738005908,80.2094537457,2629.10343423,57.0590095189,-0.15
169,2021,4104,CCAR,D1 Sun Belt Conference,730266880,BRY,244328189,2021-02-26 13:00:00,3,0,0,0,1833769636,J. Maton,R,SL,R,-0.580429955132,3.36295077296,-7.97524495888,-12.326856336,5.43640332048,SL,D,-2.25073678788,6.0881304552,76.3799992736,2548.05209149,57.2487981294,-0.15
170,2021,4104,CCAR,D1 Sun Belt Conference,730266880,BRY,244328189,2021-02-26 13:00:00,3,0,1,0,1833769636,J. Maton,R,SL,R,-0.729132484831,2.57090772966,-6.21579979413,-10.0190779291,5.56267581491,SL,D,-2.29000054599,6.05515981504,77.7610821791,2653.88299029,58.3652438207,-0.15
171,2021,4104,CCAR,D1 Sun Belt Conference,730266880,BRY,244328189,2021-02-26 13:00:00,3,0,2,0,1833769636,J. Maton,R,FA,R,0.738894667302,2.80579775773,11.8933071255,2.43708172841,5.86784386954,F,D,-1.73622494276,6.38516665833,90.3758012188,2545.53770217,191.550288323,0.0
172,2021,4104,CCAR,D1 Sun Belt Conference,730266880,BRY,244328189,2021-02-26 13:00:00,3,0,2,0,1833769636,J. Maton,R,FA,R,-0.230589314163,0.702221187362,13.8765304186,12.8143094254,6.29128206059,B,D,-2.0129351072,6.04855111065,90.0998339756,2384.62941151,222.65580641,0.13
173,2021,4104,CCAR,D1 Sun Belt Conference,730266880,BRY,244328189,2021-02-26 13:00:00,3,1,2,0,1833769636,J. Maton,R,SL,R,0.161759750409,3.34076081076,-7.59706992199,-11.6770671291,5.69237040758,F,D,-2.13654431392,6.04356349373,77.0049795685,2628.71256193,57.1063796637,0.0
174,2021,4104,CCAR,D1 Sun Belt Conference,730266880,BRY,244328189,2021-02-26 13:00:00,3,1,2,0,1833769636,J. Maton,R,SL,R,1.18316361835,0.960713717758,-8.35674418118,-16.3991885562,5.60235870228,B,D,-2.05612263233,6.07522878454,78.2662716757,2657.67274831,63.1172092178,0.13
175,2021,4104,CCAR,D1 Sun Belt Conference,730266880,BRY,244328189,2021-02-26 13:00:00,3,2,2,0,1833769636,J. Maton,R,FA,R,0.444615154577,2.29105454013,16.065616388,13.2398667585,6.1689235763,IP,D,-2.22957442867,6.05034265642,88.8924708293,2419.55961712,219.435053409,1.26
176,2021,4104,CCAR,D1 Sun Belt Conference,730266880,BRY,244328189,2021-02-26 13:00:00,3,0,0,0,1833769636,J. Maton,R,CH,L,0.926422046655,-0.975943486323,7.38569943677,4.44483780357,5.92798400428,B,S,-2.31868347029,5.96031869128,82.5197582665,2522.76197832,210.911238961,0.13
177,2021,4104,CCAR,D1 Sun Belt Conference,730266880,BRY,244328189,2021-02-26 13:00:00,3,1,0,0,1833769636,J. Maton,R,SL,L,1.72354504366,0.853613258371,9.78787265004,2.8537044418,5.93112917367,B,S,-2.39598950991,5.93860590869,80.7395255134,2533.89223652,196.19226923,0.13
178,2021,4104,CCAR,D1 Sun Belt Conference,730266880,BRY,244328189,2021-02-26 13:00:00,3,2,0,0,1833769636,J. Maton,R,FA,L,0.687376639112,2.7633260795,20.5310530917,2.61409567285,6.18096844907,IP,S,-1.92978645637,6.25131472982,88.6979325419,2395.10308538,187.24466196,1.0
179,2021,4104,CCAR,D1 Sun Belt Conference,730266880,BRY,244328189,2021-02-26 13:00:00,3,0,0,1,1833769636,J. Maton,R,FA,R,0.823988179991,2.7737046569,12.2808769923,0.282100597649,6.00036701805,SS,K,-1.85533673935,6.27646172516,88.1584093183,2565.15089717,181.312327439,-0.15
180,2021,4104,CCAR,D1 Sun Belt Conference,730266880,BRY,244328189,2021-02-26 13:00:00,3,0,1,1,1833769636,J. Maton,R,SL,R,1.0633744664,2.00665934561,-8.49971710498,-13.8172187633,5.42454715154,B,K,-2.06040861481,6.17901239743,77.952836844,2590.13194344,58.5338288826,0.13
181,2021,4104,CCAR,D1 Sun Belt Conference,730266880,BRY,244328189,2021-02-26 13:00:00,3,1,1,2,1833769636,J. Maton,R,SL,R,0.469105589866,2.76064933077,-6.62609762388,-10.9276785034,5.4264441416,F,K,-2.01276139853,6.14095829552,78.1471557267,2597.84060362,58.9346602431,-0.15
182,2021,4104,CCAR,D1 Sun Belt Conference,730266880,BRY,244328189,2021-02-26 13:00:00,3,1,2,2,1833769636,J. Maton,R,FA,R,-0.324926919677,3.95669391417,9.13901095608,5.14244423301,6.11703932484,F,K,-1.95033441794,6.1616209331,90.5229189077,2595.04014103,209.281652893,0.0
183,2021,4104,CCAR,D1 Sun Belt Conference,730266880,BRY,244328189,2021-02-26 13:00:00,3,1,2,2,1833769636,J. Maton,R,FA,R,0.769478531046,3.7321505315,15.3792069784,3.9162380963,6.10033668793,B,K,-1.58952956337,6.36049240977,90.071513334,2584.1828077,194.258162955,0.13
184,2021,4104,CCAR,D1 Sun Belt Conference,730266880,BRY,244328189,2021-02-26 13:00:00,3,2,2,2,1833769636,J. Maton,R,FA,R,0.653190409123,1.69626372646,13.8983856874,4.39479814767,6.23529151952,SL,K,-1.72745929226,6.32919560244,91.6653580865,2612.76755581,197.511519677,-0.15
185,2021,4104,CCAR,D1 Sun Belt Conference,730266880,BRY,244328189,2021-02-26 13:00:00,4,0,0,0,1833769636,J. Maton,R,FA,R,-0.496647558988,2.5739713775,14.0837583384,8.71858713737,6.0821816515,F,IP_OUT,-2.0598073186,6.04579378236,88.9546232064,2369.27998384,211.700373677,-0.15
186,2021,4104,CCAR,D1 Sun Belt Conference,730266880,BRY,244328189,2021-02-26 13:00:00,4,0,0,1,1833769636,J. Maton,R,FA,L,-1.34953621696,2.54702043045,16.1339332031,13.2417214951,5.97577231503,SS,K,-2.13910497702,6.20210481621,89.4687623087,2429.0268481,219.319403584,-0.15
187,2021,4104,CCAR,D1 Sun Belt Conference,730266880,BRY,244328189,2021-02-26 13:00:00,4,0,1,1,1833769636,J. Maton,R,SL,L,-0.00727992005947,1.48408489456,5.60902522566,4.47240227063,5.64491004259,SS,K,-2.14045366736,6.01162106572,81.1864555001,2435.17695525,218.370566464,-0.15
188,2021,4104,CCAR,D1 Sun Belt Conference,730266880,BRY,244328189,2021-02-26 13:00:00,4,0,2,1,1833769636,J. Maton,R,CH,L,-0.211537363081,1.38928458716,3.75860522261,5.88547453676,5.73608059505,SS,K,-2.26674222395,6.04035791603,81.5481567996,2507.5113012,237.170090361,-0.15
189,2021,4104,CCAR,D1 Sun Belt Conference,730266880,BRY,244328189,2021-02-26 13:00:00,4,0,0,2,1833769636,J. Maton,R,SL,R,-0.696247772573,0.568547465891,-10.2697107649,-12.0762152495,5.27974788062,B,IP_OUT,-2.15645819098,6.12627914068,77.1590195787,2608.78849059,49.7463634048,0.13
190,2021,4104,CCAR,D1 Sun Belt Conference,730266880,BRY,244328189,2021-02-26 13:00:00,4,1,0,2,1833769636,J. Maton,R,FA,R,0.260415617027,3.46467400798,11.2335223779,-1.51640706168,5.98226204774,SS,IP_OUT,-1.87243646275,6.19682571405,90.9146376313,2610.60803129,172.333155139,-0.15
191,2021,4104,CCAR,D1 Sun Belt Conference,730266880,BRY,244328189,2021-02-26 13:00:00,4,1,1,2,1833769636,J. Maton,R,SL,R,0.892989528254,1.60198296307,-7.94370121049,-11.7178108554,5.26682722342,SS,IP_OUT,-2.10824180822,6.13807461882,77.9517024955,2598.40052499,56.0136835136,-0.15
192,2021,4104,CCAR,D1 Sun Belt Conference,730266880,BRY,244328189,2021-02-26 13:00:00,5,0,0,1,1833769636,J. Maton,R,FA,L,-1.24804679385,1.86558847918,11.3496618552,13.6180895541,6.28533442933,SL,IP_OUT,-2.20615303115,6.11822252994,88.6714015365,2382.44925403,230.109946957,-0.15
193,2021,4104,CCAR,D1 Sun Belt Conference,730266880,BRY,244328189,2021-02-26 13:00:00,5,0,0,2,1833769636,J. Maton,R,SL,R,0.416951688468,0.659937900556,-7.06371574593,-12.373003807,5.34124404704,B,IP_OUT,-2.12656790065,6.16239195514,77.0564638367,2571.38322513,60.4355342348,0.13
194,2021,4104,CCAR,D1 Sun Belt Conference,730266880,BRY,244328189,2021-02-26 13:00:00,5,1,0,2,1833769636,J. Maton,R,FA,R,0.496098978703,3.87673266668,10.4183151783,1.46930289906,6.00998970223,B,IP_OUT,-1.83786939554,6.16822913674,88.8350928195,2581.48510245,188.002772084,0.13
195,2021,4104,CCAR,D1 Sun Belt Conference,730266880,BRY,244328189,2021-02-26 13:00:00,5,2,0,2,1833769636,J. Maton,R,FA,R,-0.124853640058,1.96541356677,16.5118112962,12.6967909748,6.22831992089,F,IP_OUT,-1.94070882118,6.28970992534,88.7718579358,2405.31507872,217.50333536,-0.15
196,2021,4104,CCAR,D1 Sun Belt Conference,730266880,BRY,244328189,2021-02-26 13:00:00,5,2,1,2,1833769636,J. Maton,R,FA,R,-0.383691312037,2.5683077431,16.5307871685,3.22641217794,6.14820022887,SL,IP_OUT,-1.93249847365,6.21483023841,89.6577750592,2554.68588074,191.022742954,-0.15
197,2021,4104,CCAR,D1 Sun Belt Conference,730266880,BRY,244328189,2021-02-26 13:00:00,6,0,0,0,1833769636,J. Maton,R,FA,L,-1.89096254256,4.04144403621,11.6290619139,2.8405525804,5.84533919556,B,IP_OUT,-1.84456098735,6.44101243438,87.2134008874,2594.95070118,193.687565177,0.13
198,2021,4104,CCAR,D1 Sun Belt Conference,730266880,BRY,244328189,2021-02-26 13:00:00,6,1,0,0,1833769636,J. Maton,R,FA,L,-1.19907653275,2.18454012167,10.603755413,6.17445361219,6.05228686829,SL,IP_OUT,-1.79070225428,6.26929557651,88.1341680573,2609.36945221,210.133428568,-0.15
199,2021,4104,CCAR,D1 Sun Belt Conference,730266880,BRY,244328189,2021-02-26 13:00:00,6,1,1,0,1833769636,J. Maton,R,CH,L,-2.10327902993,1.59976394626,4.18698292537,11.3985858249,5.55659846057,B,IP_OUT,-2.31019081344,6.02332174736,82.4533211288,2296.5153102,249.657509156,0.13
200,2021,4104,CCAR,D1 Sun Belt Conference,730266880,BRY,244328189,2021-02-26 13:00:00,6,2,1,0,1833769636,J. Maton,R,FA,L,-2.50693536535,2.79206355602,16.3401591156,15.5347841126,6.01791092105,B,IP_OUT,-2.03901709116,6.36361431612,88.5575558497,2337.32919903,223.49395377,0.13
201,2021,4104,CCAR,D1 Sun Belt Conference,730266880,BRY,244328189,2021-02-26 13:00:00,6,3,1,0,1833769636,J. Maton,R,FA,L,0.588432308964,1.57453900072,9.96371030602,10.6538266331,6.21528410783,SS,IP_OUT,-2.12583894099,6.07616513713,87.9661109618,2314.09023222,226.820386384,-0.15
202,2021,4104,CCAR,D1 Sun Belt Conference,730266880,BRY,244328189,2021-02-26 13:00:00,6,0,0,1,1833769636,J. Maton,R,CU,R,0.12487124962,0.660776372807,-9.544000142,-12.1591123795,5.40308370192,B,S,-2.26111303707,6.07205453654,77.278372483,2553.54450399,52.0016036219,0.13
203,2021,4104,CCAR,D1 Sun Belt Conference,730266880,BRY,244328189,2021-02-26 13:00:00,6,1,0,1,1833769636,J. Maton,R,FA,R,0.668811850657,3.46033736734,15.1465768512,5.4792354444,6.22199333488,B,S,-1.85359649973,6.38311148874,88.7535289917,2565.61095644,199.847717376,0.13
204,2021,4104,CCAR,D1 Sun Belt Conference,730266880,BRY,244328189,2021-02-26 13:00:00,6,2,0,1,1833769636,J. Maton,R,FA,R,-0.528154488678,2.68448265749,16.574126054,10.7441810012,6.2639570166,F,S,-1.94443817673,6.32764858277,89.4772674003,2351.47893497,212.901880423,-0.15
205,2021,4104,CCAR,D1 Sun Belt Conference,730266880,BRY,244328189,2021-02-26 13:00:00,6,2,1,1,1833769636,J. Maton,R,FA,R,0.412509778686,4.11061810238,14.5625821011,1.6849338172,5.90076576901,B,S,-1.73319438077,6.3540445866,89.5003234729,2604.07020114,186.585434997,0.13
206,2021,4104,CCAR,D1 Sun Belt Conference,730266880,BRY,244328189,2021-02-26 13:00:00,6,3,1,1,1833769636,J. Maton,R,FA,R,0.109684548849,2.01789531335,16.4814655484,6.48072593499,6.07973544339,IP,S,-1.94381373567,6.07283976915,88.7634156437,2463.61053122,201.426628718,1.0
207,2021,4104,CCAR,D1 Sun Belt Conference,730266880,BRY,244328189,2021-02-26 13:00:00,6,0,0,1,1833769636,J. Maton,R,FA,R,0.0987245206069,1.67612791187,13.8564286912,1.30478351798,6.24852939152,SL,K,-1.70447030289,6.16366560402,89.2027401075,2517.00723493,185.366965808,-0.15
208,2021,4104,CCAR,D1 Sun Belt Conference,730266880,BRY,244328189,2021-02-26 13:00:00,6,0,1,1,1833769636,J. Maton,R,SL,R,-0.826678041833,3.32688927553,-10.2168609362,-13.9616696619,5.25707330797,SL,K,-2.09796378889,6.1324415957,76.6448963581,2596.51486679,53.9255257788,-0.15
209,2021,4104,CCAR,D1 Sun Belt Conference,730266880,BRY,244328189,2021-02-26 13:00:00,6,0,2,1,1833769636,J. Maton,R,SL,R,0.438787143535,0.751940338337,-13.8701894821,-14.4474097474,5.67571805331,SS,K,-1.90978095727,6.0257472542,77.8619955222,2650.87530658,46.2581601998,-0.15
210,2021,4104,CCAR,D1 Sun Belt Conference,730266880,BRY,244328189,2021-02-26 13:00:00,6,0,0,2,1833769636,J. Maton,R,FA,R,1.63543218949,1.15820447036,15.0144265149,2.58726297217,5.95725740105,B,IP_OUT,-1.55325963857,6.30750638272,89.1129923007,2534.20258393,189.756390077,0.13
211,2021,4104,CCAR,D1 Sun Belt Conference,730266880,BRY,244328189,2021-02-26 13:00:00,6,1,0,2,1833769636,J. Maton,R,FA,R,0.565711017987,1.92266439782,14.7112066468,7.21961879974,6.19449959969,SS,IP_OUT,-1.67725656022,6.09327998931,89.2263795198,2387.20104472,206.0903674,-0.15
212,2021,4104,CCAR,D1 Sun Belt Conference,730266880,BRY,244328189,2021-02-26 13:00:00,6,1,1,2,1833769636,J. Maton,R,SL,R,-0.161391251211,1.54563712802,-11.5710333064,-13.2705153707,5.15353670975,SL,IP_OUT,-1.67116876713,6.17753417996,76.9822199089,2628.44981262,49.0252592474,-0.15
213,2021,4104,CCAR,D1 Sun Belt Conference,730266880,BRY,244328189,2021-02-26 13:00:00,7,0,0,0,1112469248,M. Joyce,R,FA,L,0.361700409467,-0.823383543825,14.4377218429,19.3713471637,6.18825117896,B,S,-2.47573241421,5.31951537804,88.4900308596,2179.64594858,233.239181931,0.13
214,2021,4104,CCAR,D1 Sun Belt Conference,730266880,BRY,244328189,2021-02-26 13:00:00,7,1,0,0,1112469248,M. Joyce,R,FA,L,0.132241450281,1.95733528268,16.3581617008,11.3969530965,6.12961006093,IP,S,-2.47405822493,5.19062878797,88.7532874196,2248.51010594,214.811116825,1.0
215,2021,4104,CCAR,D1 Sun Belt Conference,730266880,BRY,244328189,2021-02-26 13:00:00,7,0,0,0,1112469248,M. Joyce,R,SL,R,1.53679059749,1.7172186695,1.03950457081,-5.38728761171,5.76059111077,B,IP_OUT,-2.38386235219,5.29151714121,79.2287899211,2457.96253513,101.352773361,0.13
216,2021,4104,CCAR,D1 Sun Belt Conference,730266880,BRY,244328189,2021-02-26 13:00:00,7,1,0,0,1112469248,M. Joyce,R,FA,R,0.0115097421217,4.31496190209,16.3695567816,10.7463876282,6.28874553063,B,IP_OUT,-2.31406131102,5.40678471046,85.9271276416,2152.22192541,213.227827132,0.13
217,2021,4104,CCAR,D1 Sun Belt Conference,730266880,BRY,244328189,2021-02-26 13:00:00,7,0,0,1,1112469248,M. Joyce,R,SL,R,1.45485426981,2.42240201159,-2.33014391516,-4.79098993669,5.69901296495,B,IP_OUT,-2.55263135304,5.18846006857,78.2546875891,2443.306992,64.4785257448,0.13
218,2021,4104,CCAR,D1 Sun Belt Conference,730266880,BRY,244328189,2021-02-26 13:00:00,7,0,0,2,1112469248,M. Joyce,R,FA,L,-0.913087270579,2.13974194243,14.590991988,15.2508404791,6.00158715919,IP,S,-2.78175257649,5.32472513828,87.2903298037,2238.88711619,226.19907355,1.0
219,2021,4104,CCAR,D1 Sun Belt Conference,730266880,BRY,244328189,2021-02-26 13:00:00,7,0,0,2,1112469248,M. Joyce,R,SL,R,0.0509447745054,2.98454073713,-1.41902537543,-5.17360794407,5.73524738752,SL,IP_OUT,-2.59709400567,5.17440923767,78.6596503743,2363.83753745,75.0993943982,-0.15
220,2021,4104,CCAR,D1 Sun Belt Conference,730266880,BRY,244328189,2021-02-26 13:00:00,7,0,1,2,1112469248,M. Joyce,R,SL,R,0.094804032481,3.13162919811,2.9749105099,-7.00300679852,5.65042909585,F,IP_OUT,-2.83627085333,5.13429824987,80.3279395712,2313.82186168,113.299746755,-0.15
221,2021,4104,CCAR,D1 Sun Belt Conference,730266880,BRY,244328189,2021-02-26 13:00:00,8,0,0,0,1112469248,M. Joyce,R,SL,L,0.725053958447,2.29670965992,-7.76589312328,-9.64283014506,5.40671702124,SL,IP_OUT,-2.44576900207,5.29681711847,76.8474778065,2393.56322699,51.3154546892,-0.15
222,2021,4104,CCAR,D1 Sun Belt Conference,730266880,BRY,244328189,2021-02-26 13:00:00,8,0,1,0,1112469248,M. Joyce,R,CH,L,0.932521761039,1.15449729577,0.463842428814,2.73895863798,6.20850359234,SS,IP_OUT,-2.6594662927,4.89052192272,81.5775793368,1383.73497008,259.605412488,-0.15
223,2021,4104,CCAR,D1 Sun Belt Conference,730266880,BRY,244328189,2021-02-26 13:00:00,8,0,0,1,1112469248,M. Joyce,R,FA,R,2.36380823778,1.18259714739,20.1169393795,7.72824575613,6.1070113882,B,D,-2.4187723305,5.44801178291,85.9142023596,2251.28021242,200.981129276,0.13
224,2021,4104,CCAR,D1 Sun Belt Conference,730266880,BRY,244328189,2021-02-26 13:00:00,8,1,0,1,1112469248,M. Joyce,R,FA,R,0.954768451298,1.50618994575,17.3451499719,8.29722432457,6.10171915449,B,D,-2.51814741412,5.3661460417,84.6388876978,2142.90094698,205.517624526,0.13
225,2021,4104,CCAR,D1 Sun Belt Conference,730266880,BRY,244328189,2021-02-26 13:00:00,8,2,0,1,1112469248,M. Joyce,R,FA,R,-1.44997596539,1.69161746586,19.15311324,10.5907685924,5.8666453993,B,D,-2.3020225214,5.3560370506,85.0045675765,2230.62000375,208.894430504,0.13
226,2021,4104,CCAR,D1 Sun Belt Conference,730266880,BRY,244328189,2021-02-26 13:00:00,8,3,0,1,1112469248,M. Joyce,R,FA,R,-0.332790199307,3.01331982092,22.780343717,7.85520063243,6.09874448181,SL,D,-2.52243097457,5.41946374484,85.0882378711,2250.85885036,198.997620602,-0.15
227,2021,4104,CCAR,D1 Sun Belt Conference,730266880,BRY,244328189,2021-02-26 13:00:00,8,3,1,1,1112469248,M. Joyce,R,FA,R,-0.960296988283,2.35471940161,19.7938036172,9.16128737152,6.06497429697,F,D,-2.62891558171,5.26621799691,84.9674624314,2181.90996519,204.796794507,-0.15
228,2021,4104,CCAR,D1 Sun Belt Conference,730266880,BRY,244328189,2021-02-26 13:00:00,8,3,2,1,1112469248,M. Joyce,R,FA,R,0.230969316543,2.77568291756,17.9777621835,10.3888959813,6.0186660232,F,D,-2.4961017589,5.457997321,86.433684559,2304.29076196,209.974457888,0.0
229,2021,4104,CCAR,D1 Sun Belt Conference,730266880,BRY,244328189,2021-02-26 13:00:00,8,3,2,1,1112469248,M. Joyce,R,FA,R,-0.377543109747,1.91468174402,15.9031790974,10.2568511263,6.1696203758,IP,D,-2.45708819372,5.31506016708,87.0538374144,2359.93810305,212.764212037,1.26
230,2021,4104,CCAR,D1 Sun Belt Conference,730266880,BRY,244328189,2021-02-26 13:00:00,8,0,0,1,1112469248,M. Joyce,R,SL,R,1.87165021353,0.524958257275,-5.89748732342,-7.09337036236,5.79142749835,B,S,-2.5916950181,5.22374137421,79.7009367103,2496.97875201,50.4554666502,0.13
231,2021,4104,CCAR,D1 Sun Belt Conference,730266880,BRY,244328189,2021-02-26 13:00:00,8,1,0,1,1112469248,M. Joyce,R,FA,R,-0.193378087194,2.82680772868,16.3410587227,11.4255824451,6.15724164647,F,S,-2.46490466053,5.41302144947,86.0242814806,2307.49929907,214.904200544,-0.15
232,2021,4104,CCAR,D1 Sun Belt Conference,730266880,BRY,244328189,2021-02-26 13:00:00,8,1,1,1,1112469248,M. Joyce,R,SL,R,0.296270668223,1.28901966046,-8.44534124362,-3.34995241069,5.81227437512,IP,S,-2.54917360334,5.19838612981,78.3259095797,2404.66702028,21.7365549496,1.0
233,2021,4104,CCAR,D1 Sun Belt Conference,730266880,BRY,244328189,2021-02-26 13:00:00,8,0,0,1,1112469248,M. Joyce,R,FA,R,0.612046509487,2.19374344625,17.1362344379,9.15725896734,6.01798395019,SL,IP_OUT,-2.53686737631,5.50659617534,86.2556828765,2261.09254262,208.070262487,-0.15
234,2021,4104,CCAR,D1 Sun Belt Conference,730266880,BRY,244328189,2021-02-26 13:00:00,8,0,0,2,1112469248,M. Joyce,R,CH,L,-0.57954834525,1.14085448925,8.5044803972,12.8778214418,6.13359079361,SS,K,-2.9874288885,5.1524474052,82.3915677379,1386.72760948,236.440285908,-0.15
235,2021,4104,CCAR,D1 Sun Belt Conference,730266880,BRY,244328189,2021-02-26 13:00:00,8,0,1,2,1112469248,M. Joyce,R,CH,L,-0.3731980226,0.224317032629,1.11208262881,8.92351929657,5.97087496244,B,K,-3.02904739127,4.99842458437,82.4096072925,1332.93585216,262.65368964,0.13
236,2021,4104,CCAR,D1 Sun Belt Conference,730266880,BRY,244328189,2021-02-26 13:00:00,8,1,1,2,1112469248,M. Joyce,R,SL,L,1.35942601076,0.901795832843,-7.045724165,-8.88324212055,5.4910257282,B,K,-2.77323061672,5.06129669617,78.1089672773,2602.09746691,51.754449959,0.13
237,2021,4104,CCAR,D1 Sun Belt Conference,730266880,BRY,244328189,2021-02-26 13:00:00,8,2,1,2,1112469248,M. Joyce,R,FA,L,0.0169566429381,2.5418139174,18.5583691809,9.82794397216,6.1761173725,F,K,-2.66835470334,4.93771340736,84.3043115075,2209.76497205,207.857375704,-0.15
238,2021,4104,CCAR,D1 Sun Belt Conference,730266880,BRY,244328189,2021-02-26 13:00:00,8,2,2,2,1112469248,M. Joyce,R,CH,L,-0.823225323073,1.69762518741,2.03230064256,11.5569840793,6.15907566252,SS,K,-2.96788172369,4.88919132817,83.9642784021,1308.60630626,259.85179717,-0.15
239,2021,4104,CCAR,D1 Sun Belt Conference,730266880,BRY,244328189,2021-02-26 13:00:00,9,0,0,0,1446848942,N. Eaker,R,FA,R,0.867685649712,0.839251310281,15.0170905188,6.57366005974,6.50553352955,B,BB,-1.44569740459,6.19102076406,81.6185580963,2063.91589538,203.58725752,0.13
240,2021,4104,CCAR,D1 Sun Belt Conference,730266880,BRY,244328189,2021-02-26 13:00:00,9,1,0,0,1446848942,N. Eaker,R,SL,R,-0.0587935615132,4.68486751549,1.30129998187,-4.3125246979,5.92093603548,B,BB,-1.60242253336,6.1918433632,74.9012160623,2103.52497777,107.356345883,0.13
241,2021,4104,CCAR,D1 Sun Belt Conference,730266880,BRY,244328189,2021-02-26 13:00:00,9,2,0,0,1446848942,N. Eaker,R,FA,R,-0.105665552218,5.07414519207,19.0734872356,6.60554613511,6.411099609,B,BB,-1.48630457807,6.26332005564,81.3010283613,2068.80169279,199.06604781,0.13
242,2021,4104,CCAR,D1 Sun Belt Conference,730266880,BRY,244328189,2021-02-26 13:00:00,9,3,0,0,1446848942,N. Eaker,R,FA,R,-0.0477948548387,2.27665242791,18.2630506133,1.11465023366,6.81044947992,SL,BB,-1.63511010747,6.27570911418,81.7792490074,2093.79723152,183.48542586,-0.15
243,2021,4104,CCAR,D1 Sun Belt Conference,730266880,BRY,244328189,2021-02-26 13:00:00,9,3,1,0,1446848942,N. Eaker,R,FA,R,0.180115850304,2.50469453128,20.2903702905,6.44717633305,6.56510695644,F,BB,-1.59016702549,6.30866294871,81.9163021058,2048.93950862,197.595973732,-0.15
244,2021,4104,CCAR,D1 Sun Belt Conference,730266880,BRY,244328189,2021-02-26 13:00:00,9,3,2,0,1446848942,N. Eaker,R,FA,R,-0.502661189029,3.16283564825,16.980771569,5.11420643844,6.66144491833,F,BB,-1.48089051049,6.1848911137,80.7786949439,1998.65144232,196.725025078,0.0
245,2021,4104,CCAR,D1 Sun Belt Conference,730266880,BRY,244328189,2021-02-26 13:00:00,9,3,2,0,1446848942,N. Eaker,R,FA,R,0.53106471106,0.685078000192,14.9197862743,3.04143907954,6.82859130503,B,BB,-1.62488803104,6.1638035688,82.5423114418,2079.19878268,191.494056192,0.8
246,2021,4104,CCAR,D1 Sun Belt Conference,730266880,BRY,244328189,2021-02-26 13:00:00,9,0,0,0,1446848942,N. Eaker,R,FA,R,0.466018303481,1.30680788952,18.1708811912,6.82268397825,6.40750438537,SS,K,-1.58596414922,6.26991133687,83.4713684114,2185.78145564,200.541609379,-0.15
247,2021,4104,CCAR,D1 Sun Belt Conference,730266880,BRY,244328189,2021-02-26 13:00:00,9,0,1,0,1446848942,N. Eaker,R,SL,R,-0.0875953128411,2.07011828062,3.8256523289,-4.28788101242,6.11009771461,SL,K,-1.81464493994,6.21295239659,75.0712185793,2202.98451232,132.078436233,-0.15
248,2021,4104,CCAR,D1 Sun Belt Conference,730266880,BRY,244328189,2021-02-26 13:00:00,9,0,2,0,1446848942,N. Eaker,R,FA,R,0.400340740653,3.89085430262,23.2860437478,9.63908556975,6.32873497977,F,K,-1.38621309934,6.38298837056,84.6849070187,2177.18385353,202.455313899,0.0
249,2021,4104,CCAR,D1 Sun Belt Conference,730266880,BRY,244328189,2021-02-26 13:00:00,9,0,2,0,1446848942,N. Eaker,R,FS,R,0.565242609975,1.23262209595,11.065927522,-2.70854074699,6.24420582866,SS,K,-1.74554762517,6.15168751907,75.5391021456,1197.56103331,166.299948035,-0.15
250,2021,4104,CCAR,D1 Sun Belt Conference,730266880,BRY,244328189,2021-02-26 13:00:00,9,0,0,1,1446848942,N. Eaker,R,SL,R,-0.188473980881,2.22904058835,-0.806121056577,-3.49391618656,6.04588982473,SL,IP_OUT,-1.76205254357,6.20721727074,74.3254439604,2153.29387262,77.7307936479,-0.15
251,2021,4104,CCAR,D1 Sun Belt Conference,730266880,BRY,244328189,2021-02-26 13:00:00,9,0,1,1,1446848942,N. Eaker,R,FA,R,1.48989728369,2.32767365636,16.0105075567,6.09845787226,6.7055411483,B,IP_OUT,-1.5147797499,6.33034661306,83.8487060443,2132.24804365,200.80927456,0.13
252,2021,4104,CCAR,D1 Sun Belt Conference,730266880,BRY,244328189,2021-02-26 13:00:00,9,1,1,1,1446848942,N. Eaker,R,FA,R,1.20502995633,0.962657099153,17.3048409012,10.0618346648,6.46721399696,B,IP_OUT,-1.69889804078,6.24186353211,82.3135324753,2156.94855312,210.121319021,0.13
253,2021,4104,CCAR,D1 Sun Belt Conference,730266880,BRY,244328189,2021-02-26 13:00:00,9,2,1,1,1446848942,N. Eaker,R,FA,R,0.417768786861,1.81106086206,20.3395602613,2.96877492644,6.65950170679,SL,IP_OUT,-1.61049624496,6.27501831175,82.2623607345,2159.77589505,188.2891846,-0.15
254,2021,4104,CCAR,D1 Sun Belt Conference,730266880,BRY,244328189,2021-02-26 13:00:00,9,0,0,2,1446848942,N. Eaker,R,FA,R,0.268087327054,1.60902868873,21.2144943435,6.6594650782,6.57265970739,SL,S,-1.63305717951,6.3287696141,82.8965945183,2133.60283816,197.398899922,-0.15
255,2021,4104,CCAR,D1 Sun Belt Conference,730266880,BRY,244328189,2021-02-26 13:00:00,9,1,1,2,1446848942,N. Eaker,R,FS,R,-0.134024495025,2.23941364567,15.8147722699,-0.219136494969,6.47828864202,F,S,-1.59683544681,6.29229845851,75.8373412399,1297.30930513,179.208355968,-0.15
256,2021,4104,CCAR,D1 Sun Belt Conference,730266880,BRY,244328189,2021-02-26 13:00:00,9,1,2,2,1446848942,N. Eaker,R,SI,R,0.501900445065,1.16034857239,9.3967045134,-1.85168296792,6.30370928036,IP,S,-1.67233887012,6.28396560334,75.9221651271,1154.55924656,168.903562523,1.0
257,2021,4104,CCAR,D1 Sun Belt Conference,730266880,BRY,244328189,2021-02-26 13:00:00,9,0,0,2,1446848942,N. Eaker,R,FA,R,0.556135060646,0.483124821109,17.4988409381,6.45006219584,6.69291098711,B,IP_OUT,-1.6512059979,6.30016529325,82.2077277651,2105.29451743,200.193900187,0.13
258,2021,4285,SJU,D1 Big East Conference,730194944,SHU,252238125,2021-03-07 19:00:00,1,0,0,0,1055975208,B. Hendry,R,FA,L,-0.63808,1.82268,18.30599,5.95937,6.74426,B,IP_OUT,-1.31756,6.61572,91.0177,2160.025275,199.19671,0.13
259,2021,4285,SJU,D1 Big East Conference,730194944,SHU,252238125,2021-03-07 19:00:00,1,1,0,0,1055975208,B. Hendry,R,FA,L,-0.92644,2.10037,26.31875,3.26977,6.59575,B,IP_OUT,-1.1279,6.72486,90.97714,2245.323924,187.470594,0.13
260,2021,4285,SJU,D1 Big East Conference,730194944,SHU,252238125,2021-03-07 19:00:00,1,2,0,0,1055975208,B. Hendry,R,FA,L,0.37798,1.39288,23.41076,0.4113,6.93745,F,IP_OUT,-0.86925,6.68108,88.87376,2283.745868,181.064045,-0.15
261,2021,4285,SJU,D1 Big East Conference,730194944,SHU,252238125,2021-03-07 19:00:00,1,2,1,0,1055975208,B. Hendry,R,FA,L,1.18173,2.91839,17.10442,5.4554,6.85962,B,IP_OUT,-1.07729,6.6755,90.59195,2214.581448,198.966788,0.13
262,2021,4285,SJU,D1 Big East Conference,730194944,SHU,252238125,2021-03-07 19:00:00,1,0,0,1,1055975208,B. Hendry,R,FA,R,0.40762,3.69283,21.39958,4.16547,6.97897,SL,K,-1.02204,6.73798,90.53948,2175.881727,191.657387,-0.15
263,2021,4285,SJU,D1 Big East Conference,730194944,SHU,252238125,2021-03-07 19:00:00,1,0,1,1,1055975208,B. Hendry,R,FA,R,0.36567,3.04727,20.38505,6.70276,6.62356,F,K,-0.89427,6.7678,91.4332,2228.714012,199.301946,-0.15
264,2021,4285,SJU,D1 Big East Conference,730194944,SHU,252238125,2021-03-07 19:00:00,1,0,2,1,1055975208,B. Hendry,R,CU,R,1.3647,3.57267,-11.14587,-17.79147,6.10324,B,K,-0.63189,6.74548,75.14071,2353.322089,53.568809,0.13
265,2021,4285,SJU,D1 Big East Conference,730194944,SHU,252238125,2021-03-07 19:00:00,1,1,2,1,1055975208,B. Hendry,R,FA,R,0.37135,2.99025,22.04285,3.51555,6.58247,SS,K,-0.72678,6.76503,92.52454,2232.551709,189.609372,-0.15
266,2021,4285,SJU,D1 Big East Conference,730194944,SHU,252238125,2021-03-07 19:00:00,1,0,0,2,1055975208,B. Hendry,R,CU,R,0.33761,3.3543,-11.2854,-12.1289,5.9054,SL,IP_OUT,-0.83898,6.77892,75.87181,2401.639204,42.776444,-0.15
267,2021,4285,SJU,D1 Big East Conference,730194944,SHU,252238125,2021-03-07 19:00:00,2,0,0,1,1055975208,B. Hendry,R,FA,R,1.30548,0.98171,17.13103,5.24599,7.08437,B,IP_OUT,-0.92643,6.66322,89.10942,2115.370491,198.316498,0.13
268,2021,4285,SJU,D1 Big East Conference,730194944,SHU,252238125,2021-03-07 19:00:00,2,0,0,2,1055975208,B. Hendry,R,FA,L,-1.40496,3.22817,18.54993,8.69745,6.7426,B,D,-1.21774,6.6428,90.26364,2215.980038,206.679923,0.13
269,2021,4285,SJU,D1 Big East Conference,730194944,SHU,252238125,2021-03-07 19:00:00,2,1,0,2,1055975208,B. Hendry,R,FA,L,0.74485,2.69588,18.59241,-1.15571,6.9304,IP,D,-1.08609,6.627,89.58965,2219.143022,176.201954,1.26
270,2021,4285,SJU,D1 Big East Conference,730194944,SHU,252238125,2021-03-07 19:00:00,2,0,0,2,1055975208,B. Hendry,R,CU,R,1.71723,3.90257,-14.34509,-13.07359,6.21997,B,IP_OUT,-0.87605,6.70947,74.2,2316.796574,39.502691,0.13
271,2021,4285,SJU,D1 Big East Conference,730194944,SHU,252238125,2021-03-07 19:00:00,3,0,0,0,1055975208,B. Hendry,R,FA,R,-1.20058,2.94189,21.10072,5.76307,6.57902,B,BB,-0.95344,6.72891,88.13913,2007.166112,196.223905,0.13
272,2021,4285,SJU,D1 Big East Conference,730194944,SHU,252238125,2021-03-07 19:00:00,3,1,0,0,1055975208,B. Hendry,R,FA,R,0.19383,2.89443,22.60332,2.14709,6.77895,F,BB,-0.78726,6.80523,87.21168,2154.498914,185.760114,-0.15
273,2021,4285,SJU,D1 Big East Conference,730194944,SHU,252238125,2021-03-07 19:00:00,3,1,1,0,1055975208,B. Hendry,R,SL,R,1.4334,2.81464,1.01614,-5.99248,5.99754,B,BB,-1.15396,6.66061,79.95575,2090.375228,87.976474,0.13
274,2021,4285,SJU,D1 Big East Conference,730194944,SHU,252238125,2021-03-07 19:00:00,3,2,1,0,1055975208,B. Hendry,R,FA,R,0.27952,4.01374,20.37253,0.11114,6.78333,SL,BB,-0.94242,6.70819,88.29027,2091.681126,180.335155,-0.15
275,2021,4285,SJU,D1 Big East Conference,730194944,SHU,252238125,2021-03-07 19:00:00,3,2,2,0,1055975208,B. Hendry,R,FA,R,0.88664,2.58536,19.73426,-1.99091,6.86551,B,BB,-0.83581,6.69477,88.14835,2119.513519,173.841079,0.13
276,2021,4285,SJU,D1 Big East Conference,730194944,SHU,252238125,2021-03-07 19:00:00,3,3,2,0,1055975208,B. Hendry,R,FA,R,1.46605,2.29542,21.11588,0.62213,7.10783,B,BB,-0.8162,6.66951,89.52387,2152.581534,181.791929,0.8
277,2021,4285,SJU,D1 Big East Conference,730194944,SHU,252238125,2021-03-07 19:00:00,3,0,0,0,1055975208,B. Hendry,R,FA,R,1.05334,3.81773,20.59568,2.9115,6.886,B,SH,-1.11502,6.66799,87.27192,2144.468552,188.582886,0.13
278,2021,4285,SJU,D1 Big East Conference,730194944,SHU,252238125,2021-03-07 19:00:00,3,1,0,0,1055975208,B. Hendry,R,FA,R,0.72808,3.89152,20.16009,0.99016,7.03238,SL,SH,-1.19613,6.6304,85.48807,2100.241458,182.996385,-0.15
279,2021,4285,SJU,D1 Big East Conference,730194944,SHU,252238125,2021-03-07 19:00:00,3,0,0,1,1055975208,B. Hendry,R,CU,L,-0.66106,3.61465,-12.45595,-12.52335,6.36205,SL,IP_OUT,-0.93376,6.70082,73.97754,2219.87623,40.611858,-0.15
280,2021,4285,SJU,D1 Big East Conference,730194944,SHU,252238125,2021-03-07 19:00:00,3,0,0,2,1055975208,B. Hendry,R,FA,R,0.41773,3.36153,17.16182,-0.58744,6.87728,F,IP_OUT,-0.92524,6.71268,88.6911,2074.726729,177.906713,-0.15
281,2021,4285,SJU,D1 Big East Conference,730194944,SHU,252238125,2021-03-07 19:00:00,3,0,1,2,1055975208,B. Hendry,R,CU,R,0.48396,0.71772,-14.71284,-11.99343,6.2036,B,IP_OUT,-0.83832,6.70296,75.86717,2407.502098,36.076089,0.13
282,2021,4285,SJU,D1 Big East Conference,730194944,SHU,252238125,2021-03-07 19:00:00,3,1,1,2,1055975208,B. Hendry,R,SL,R,0.84047,2.20696,4.17626,-7.57524,6.24428,SL,IP_OUT,-1.40118,6.60976,82.32243,2102.740797,110.181441,-0.15
283,2021,4285,SJU,D1 Big East Conference,730194944,SHU,252238125,2021-03-07 19:00:00,3,1,2,2,1055975208,B. Hendry,R,FA,R,1.9283,3.86828,20.94009,0.39626,6.77997,B,IP_OUT,-0.99366,6.84794,91.37395,2130.93945,181.159007,0.13
284,2021,4285,SJU,D1 Big East Conference,730194944,SHU,252238125,2021-03-07 19:00:00,3,2,2,2,1055975208,B. Hendry,R,SL,R,1.89246,2.32182,3.68268,-6.40477,6.20648,B,IP_OUT,-1.35326,6.66825,82.69475,2203.428305,108.140377,0.13
285,2021,4285,SJU,D1 Big East Conference,730194944,SHU,252238125,2021-03-07 19:00:00,3,3,2,2,1055975208,B. Hendry,R,FA,R,-0.0788,2.95101,17.16714,-3.72512,7.0021,F,IP_OUT,-1.0717,6.73159,89.00957,2076.679098,166.749634,0.0
286,2021,4285,SJU,D1 Big East Conference,730194944,SHU,252238125,2021-03-07 19:00:00,3,3,2,2,1055975208,B. Hendry,R,FA,R,0.82217,3.28937,21.796,0.39248,6.93439,F,IP_OUT,-1.02812,6.74182,90.54569,2207.1685,181.097663,0.0
287,2021,4285,SJU,D1 Big East Conference,730194944,SHU,252238125,2021-03-07 19:00:00,4,0,0,1,1055975208,B. Hendry,R,FA,L,0.50844,2.37268,15.51335,4.6624,6.89219,IP,S,-1.26969,6.64284,87.37074,2055.028484,198.012639,1.0
288,2021,4285,SJU,D1 Big East Conference,730194944,SHU,252238125,2021-03-07 19:00:00,4,0,0,1,1055975208,B. Hendry,R,SL,R,0.17593,1.52354,7.69906,-4.75603,6.18049,SS,S,-1.35119,6.61846,78.89616,1979.349806,143.069219,-0.15
289,2021,4285,SJU,D1 Big East Conference,730194944,SHU,252238125,2021-03-07 19:00:00,4,0,1,1,1055975208,B. Hendry,R,SL,R,0.56607,3.29029,9.17233,-1.15752,6.37317,SS,S,-1.26253,6.6812,78.94396,2063.685205,171.3302,-0.15
290,2021,4285,SJU,D1 Big East Conference,730194944,SHU,252238125,2021-03-07 19:00:00,4,0,2,1,1055975208,B. Hendry,R,FA,R,1.4929,3.47374,18.00954,2.97469,6.77943,B,S,-1.2347,6.66784,86.42428,2027.482712,190.143143,0.13
291,2021,4285,SJU,D1 Big East Conference,730194944,SHU,252238125,2021-03-07 19:00:00,4,1,2,1,1055975208,B. Hendry,R,SL,R,0.15013,3.09015,1.82748,-4.75264,6.41341,IP,S,-1.40594,6.55659,80.22721,2233.545932,94.737673,1.0
292,2021,4285,SJU,D1 Big East Conference,730194944,SHU,252238125,2021-03-07 19:00:00,4,0,0,1,1055975208,B. Hendry,R,CH,L,0.43719,3.19891,11.20926,8.03237,6.55275,SL,ROE,-1.49896,6.54669,77.82537,1337.38856,219.81318,-0.15
293,2021,4285,SJU,D1 Big East Conference,730194944,SHU,252238125,2021-03-07 19:00:00,4,0,2,1,1055975208,B. Hendry,R,FA,L,0.26101,3.74377,17.67312,3.60099,6.97786,IP,ROE,-1.43975,6.63778,88.70767,2075.605604,192.420157,0.0
294,2021,4285,SJU,D1 Big East Conference,730194944,SHU,252238125,2021-03-07 19:00:00,4,0,0,1,1055975208,B. Hendry,R,SL,R,0.9355,1.75175,3.67941,-9.10563,6.42562,B,IP_OUT,-1.20792,6.62479,80.59199,2122.963052,103.486472,0.13
295,2021,4285,SJU,D1 Big East Conference,730194944,SHU,252238125,2021-03-07 19:00:00,4,1,0,1,1055975208,B. Hendry,R,SL,R,0.13277,3.5395,6.90154,-5.91922,6.17058,SL,IP_OUT,-1.52172,6.5794,81.45465,2174.264127,132.321623,-0.15
296,2021,4285,SJU,D1 Big East Conference,730194944,SHU,252238125,2021-03-07 19:00:00,4,1,1,1,1055975208,B. Hendry,R,SL,R,1.19559,3.30136,4.08945,-1.65795,6.27503,SL,IP_OUT,-1.52862,6.62864,81.93814,2179.772807,147.02698,-0.15
297,2021,4285,SJU,D1 Big East Conference,730194944,SHU,252238125,2021-03-07 19:00:00,4,0,0,2,1055975208,B. Hendry,R,SL,R,0.85727,1.63731,4.21177,-7.93969,6.39983,B,IP_OUT,-1.47735,6.58295,81.01707,2197.144374,109.493951,0.13
298,2021,4285,SJU,D1 Big East Conference,730194944,SHU,252238125,2021-03-07 19:00:00,4,1,0,2,1055975208,B. Hendry,R,FA,R,0.64664,4.09617,19.51048,0.78228,6.92112,B,IP_OUT,-1.30781,6.67094,87.74132,2101.693464,182.461912,0.13
299,2021,4285,SJU,D1 Big East Conference,730194944,SHU,252238125,2021-03-07 19:00:00,4,2,0,2,1055975208,B. Hendry,R,FA,R,0.78256,3.33892,18.28655,0.44996,7.00922,SL,IP_OUT,-1.23505,6.73403,88.97514,2145.489275,181.51386,-0.15
300,2021,4285,SJU,D1 Big East Conference,730194944,SHU,252238125,2021-03-07 19:00:00,4,2,1,2,1055975208,B. Hendry,R,FA,R,0.32948,2.74417,19.73147,1.46165,7.17439,F,IP_OUT,-1.03548,6.68845,88.49361,2097.351257,184.511208,-0.15
301,2021,4285,SJU,D1 Big East Conference,730194944,SHU,252238125,2021-03-07 19:00:00,5,0,0,0,1055975208,B. Hendry,R,FA,R,0.48657,3.25789,22.73257,4.46055,7.02882,F,IP_OUT,-1.01327,6.7922,86.03025,2115.145294,191.876849,-0.15
302,2021,4285,SJU,D1 Big East Conference,730194944,SHU,252238125,2021-03-07 19:00:00,5,0,1,0,1055975208,B. Hendry,R,SL,R,0.23097,3.44483,3.54028,-6.14866,6.09506,SL,IP_OUT,-1.14496,6.71637,79.68028,2068.571442,107.586409,-0.15
303,2021,4285,SJU,D1 Big East Conference,730194944,SHU,252238125,2021-03-07 19:00:00,5,0,2,0,1055975208,B. Hendry,R,SL,R,1.67707,2.20732,-0.4515,-6.24024,6.11588,B,IP_OUT,-1.14054,6.62482,80.75056,2291.424745,72.213367,0.13
304,2021,4285,SJU,D1 Big East Conference,730194944,SHU,252238125,2021-03-07 19:00:00,5,1,2,0,1055975208,B. Hendry,R,SL,R,-1.43971,3.99723,-2.57228,-9.7426,6.00649,B,IP_OUT,-1.14641,6.59398,81.36738,2172.561898,68.132649,0.13
305,2021,4285,SJU,D1 Big East Conference,730194944,SHU,252238125,2021-03-07 19:00:00,5,2,2,0,1055975208,B. Hendry,R,FA,R,1.32863,4.85972,18.93666,3.73874,6.94118,B,IP_OUT,-1.02767,6.69869,88.90835,2097.287249,191.921343,0.13
306,2021,4285,SJU,D1 Big East Conference,730194944,SHU,252238125,2021-03-07 19:00:00,5,3,2,0,1055975208,B. Hendry,R,FA,R,0.224,2.04328,19.89769,-0.94634,7.06613,F,IP_OUT,-0.79889,6.71567,86.67871,2100.73535,177.08801,0.0
307,2021,4285,SJU,D1 Big East Conference,730194944,SHU,252238125,2021-03-07 19:00:00,5,3,2,0,1055975208,B. Hendry,R,FA,R,0.76972,3.61337,20.66855,-1.05421,6.87386,F,IP_OUT,-0.82802,6.6775,87.66685,2082.341968,176.866117,0.0
308,2021,4285,SJU,D1 Big East Conference,730194944,SHU,252238125,2021-03-07 19:00:00,5,0,0,1,1055975208,B. Hendry,R,CH,L,-1.50856,5.24462,13.8954,10.90631,6.53001,B,IP_OUT,-1.24253,6.52684,80.59946,1373.338943,221.568074,0.13
309,2021,4285,SJU,D1 Big East Conference,730194944,SHU,252238125,2021-03-07 19:00:00,5,1,0,1,1055975208,B. Hendry,R,FA,L,0.86289,2.97515,22.32564,4.64465,6.87981,SL,IP_OUT,-1.19253,6.5623,88.42631,2137.895695,192.492152,-0.15
310,2021,4285,SJU,D1 Big East Conference,730194944,SHU,252238125,2021-03-07 19:00:00,5,1,1,1,1055975208,B. Hendry,R,SL,L,-0.33226,4.50337,5.40075,-4.10894,6.01375,B,IP_OUT,-1.16095,6.58759,81.20556,2190.951887,133.919151,0.13
311,2021,4285,SJU,D1 Big East Conference,730194944,SHU,252238125,2021-03-07 19:00:00,5,2,1,1,1055975208,B. Hendry,R,FA,L,-0.1155,2.50276,19.14308,6.36272,6.96771,F,IP_OUT,-1.1393,6.63418,88.89921,2190.999417,199.56579,-0.15
312,2021,4285,SJU,D1 Big East Conference,730194944,SHU,252238125,2021-03-07 19:00:00,5,0,0,2,1055975208,B. Hendry,R,FA,R,1.43216,4.37919,21.96529,0.17035,6.57428,B,BB,-1.0136,6.73953,88.71484,2072.700954,180.474421,0.13
313,2021,4285,SJU,D1 Big East Conference,730194944,SHU,252238125,2021-03-07 19:00:00,5,1,0,2,1055975208,B. Hendry,R,SL,R,0.54065,3.29288,-2.93937,-5.30425,5.92395,SL,BB,-1.17616,6.55611,78.79198,2173.600991,48.403542,-0.15
314,2021,4285,SJU,D1 Big East Conference,730194944,SHU,252238125,2021-03-07 19:00:00,5,1,1,2,1055975208,B. Hendry,R,SL,R,0.71299,3.81993,-0.31244,-7.32654,5.98699,B,BB,-1.22912,6.59219,80.22232,2288.833387,75.778247,0.13
315,2021,4285,SJU,D1 Big East Conference,730194944,SHU,252238125,2021-03-07 19:00:00,5,2,1,2,1055975208,B. Hendry,R,FA,R,0.62019,3.37943,19.74895,2.40303,6.948,SS,BB,-0.71954,6.71186,88.62347,2005.809026,187.429882,-0.15
316,2021,4285,SJU,D1 Big East Conference,730194944,SHU,252238125,2021-03-07 19:00:00,5,2,2,2,1055975208,B. Hendry,R,SL,R,1.05597,2.53761,-2.56784,-7.94642,6.10873,F,BB,-1.01569,6.56469,81.22088,2285.181305,63.501284,0.0
317,2021,4285,SJU,D1 Big East Conference,730194944,SHU,252238125,2021-03-07 19:00:00,5,2,2,2,1055975208,B. Hendry,R,FA,R,1.47827,5.92936,13.29202,-2.25906,6.63023,B,BB,-0.6903,6.7833,89.15455,1930.785231,169.363819,0.13
318,2021,4285,SJU,D1 Big East Conference,730194944,SHU,252238125,2021-03-07 19:00:00,5,3,2,2,1055975208,B. Hendry,R,FA,R,1.11744,4.16451,17.6604,-4.66544,6.91993,B,BB,-0.72024,6.68408,87.40999,1961.32707,164.092243,0.8
319,2021,4285,SJU,D1 Big East Conference,730194944,SHU,252238125,2021-03-07 19:00:00,5,0,0,2,1055975208,B. Hendry,R,SL,R,-0.14333,3.86659,-4.65796,-6.37099,6.18938,SL,S,-1.23059,6.56973,77.40068,2206.982503,46.796436,-0.15
320,2021,4285,SJU,D1 Big East Conference,730194944,SHU,252238125,2021-03-07 19:00:00,5,0,1,2,1055975208,B. Hendry,R,SL,R,-0.3555,4.1273,-2.62075,-5.90662,6.26255,F,S,-1.33346,6.53465,78.258,2208.598679,55.34018,-0.15
321,2021,4285,SJU,D1 Big East Conference,730194944,SHU,252238125,2021-03-07 19:00:00,5,0,2,2,1055975208,B. Hendry,R,SL,R,-0.18766,4.63199,-2.57563,-5.13374,6.29946,B,S,-1.28691,6.46588,78.684,2132.290145,51.985602,0.13
322,2021,4285,SJU,D1 Big East Conference,730194944,SHU,252238125,2021-03-07 19:00:00,5,1,2,2,1055975208,B. Hendry,R,CU,R,0.14659,2.61245,-14.65351,-10.50142,5.9562,IP,S,-0.80242,6.64479,73.34142,2255.905023,32.554516,1.0
323,2021,4285,SJU,D1 Big East Conference,730194944,SHU,252238125,2021-03-07 19:00:00,5,0,0,2,1055975208,B. Hendry,R,CH,L,-1.51833,1.74255,7.82898,12.59154,6.67154,B,FC,-1.54829,6.37697,80.69698,1291.633024,243.42748,0.13
324,2021,4285,SJU,D1 Big East Conference,730194944,SHU,252238125,2021-03-07 19:00:00,5,1,0,2,1055975208,B. Hendry,R,SL,L,-0.73303,2.96111,0.57043,-2.5828,6.2024,IP,FC,-1.45434,6.44283,77.9707,2216.118007,71.256238,-0.21
325,2021,4285,SJU,D1 Big East Conference,730194944,SHU,252238125,2021-03-07 19:00:00,6,0,0,0,1507993132,N. Guzzi,R,FA,R,0.56809,3.04481,17.03717,5.46103,6.47378,IP,D,-1.52869,6.40727,86.08397,2032.823918,199.047435,1.26
326,2021,4285,SJU,D1 Big East Conference,730194944,SHU,252238125,2021-03-07 19:00:00,6,0,0,0,1507993132,N. Guzzi,R,CH,L,-1.06106,2.23672,7.01075,14.29619,6.78065,F,K,-1.81091,6.1511,78.65741,1864.019017,249.261328,-0.15
327,2021,4285,SJU,D1 Big East Conference,730194944,SHU,252238125,2021-03-07 19:00:00,6,0,1,0,1507993132,N. Guzzi,R,FA,L,0.46546,2.56208,17.10068,3.96252,7.15403,F,K,-1.7107,6.27255,87.92387,1937.992793,193.972965,-0.15
328,2021,4285,SJU,D1 Big East Conference,730194944,SHU,252238125,2021-03-07 19:00:00,6,0,2,0,1507993132,N. Guzzi,R,CH,L,-0.28561,1.21576,5.55288,14.40792,6.90775,SS,K,-1.85987,6.18476,79.44775,1767.997521,254.299452,-0.15
329,2021,4285,SJU,D1 Big East Conference,730194944,SHU,252238125,2021-03-07 19:00:00,6,0,0,1,1507993132,N. Guzzi,R,FA,R,1.65398,2.1128,22.14852,7.35422,6.79354,B,IP_OUT,-1.56747,6.42228,88.22802,1916.606657,199.354712,0.13
330,2021,4285,SJU,D1 Big East Conference,730194944,SHU,252238125,2021-03-07 19:00:00,6,0,0,2,1507993132,N. Guzzi,R,SL,R,2.05155,2.41744,11.82115,-5.54237,5.98371,B,BB,-1.64759,6.31438,74.16412,1781.804247,151.812329,0.13
331,2021,4285,SJU,D1 Big East Conference,730194944,SHU,252238125,2021-03-07 19:00:00,6,2,0,2,1507993132,N. Guzzi,R,FA,R,1.0329,2.19743,15.06363,5.15303,6.49115,B,BB,-1.5954,6.40221,87.72005,1908.171963,200.173786,0.13
332,2021,4285,SJU,D1 Big East Conference,730194944,SHU,252238125,2021-03-07 19:00:00,6,3,0,2,1507993132,N. Guzzi,R,FA,R,0.13391,2.33382,17.48859,8.72796,6.43842,SL,BB,-1.74463,6.35991,86.33157,1904.653009,208.408378,-0.15
333,2021,4285,SJU,D1 Big East Conference,730194944,SHU,252238125,2021-03-07 19:00:00,6,3,1,2,1507993132,N. Guzzi,R,FA,R,0.05349,1.69612,15.64564,9.15839,6.70861,B,BB,-1.74441,6.27902,87.54605,1900.739629,212.613116,0.8
334,2021,4285,SJU,D1 Big East Conference,730194944,SHU,252238125,2021-03-07 19:00:00,6,0,0,2,1507993132,N. Guzzi,R,FA,R,-0.13415,2.03802,16.23048,8.86788,6.49192,F,K,-1.65314,6.32155,89.03446,1901.069492,210.783541,-0.15
335,2021,4285,SJU,D1 Big East Conference,730194944,SHU,252238125,2021-03-07 19:00:00,6,0,1,2,1507993132,N. Guzzi,R,FA,R,1.51702,2.69227,12.66123,8.20878,6.46033,B,K,-1.71036,6.39026,90.13617,1837.555896,215.3577,0.13
336,2021,4285,SJU,D1 Big East Conference,730194944,SHU,252238125,2021-03-07 19:00:00,6,1,1,2,1507993132,N. Guzzi,R,FA,R,1.131,1.8042,12.08024,6.13926,6.6048,SS,K,-1.6473,6.30919,87.62699,1789.208196,209.37477,-0.15
337,2021,4285,SJU,D1 Big East Conference,730194944,SHU,252238125,2021-03-07 19:00:00,6,1,2,2,1507993132,N. Guzzi,R,FA,R,0.53279,2.68852,14.12627,8.53304,6.34194,F,K,-1.73291,6.43986,90.05355,1798.079628,213.352772,0.0
338,2021,4285,SJU,D1 Big East Conference,730194944,SHU,252238125,2021-03-07 19:00:00,6,1,2,2,1507993132,N. Guzzi,R,CH,R,0.2053,2.08324,15.17206,20.68477,6.82649,SS,K,-1.77735,6.16638,80.43428,2097.926852,237.155104,-0.15
339,2021,4285,SJU,D1 Big East Conference,730194944,SHU,252238125,2021-03-07 19:00:00,7,0,0,0,1507589843,B. Cruz,L,FA,L,1.10352,2.32905,12.95607,-22.41938,6.50051,F,BB,3.42616,5.82675,85.36295,1905.801952,116.971941,-0.15
340,2021,4285,SJU,D1 Big East Conference,730194944,SHU,252238125,2021-03-07 19:00:00,7,0,1,0,1507589843,B. Cruz,L,SL,L,0.05403,3.05435,7.72126,15.95296,5.41152,SL,BB,3.54164,5.75259,73.99415,1450.797839,250.728512,-0.15
341,2021,4285,SJU,D1 Big East Conference,730194944,SHU,252238125,2021-03-07 19:00:00,7,0,2,0,1507589843,B. Cruz,L,SL,L,1.77645,3.24429,3.59292,11.51753,5.31435,B,BB,3.52494,5.74776,74.71616,1383.838502,263.416824,0.13
342,2021,4285,SJU,D1 Big East Conference,730194944,SHU,252238125,2021-03-07 19:00:00,7,1,2,0,1507589843,B. Cruz,L,SL,L,-1.20066,0.88736,-1.33425,6.83477,5.38627,B,BB,3.52355,5.80036,75.3348,1757.507227,296.264649,0.13
343,2021,4285,SJU,D1 Big East Conference,730194944,SHU,252238125,2021-03-07 19:00:00,7,2,2,0,1507589843,B. Cruz,L,FA,L,0.50826,2.73412,20.17659,-16.10595,6.26367,F,BB,3.57595,5.79022,86.03637,1918.053977,139.18951,0.0
344,2021,4285,SJU,D1 Big East Conference,730194944,SHU,252238125,2021-03-07 19:00:00,7,2,2,0,1507589843,B. Cruz,L,SL,L,-2.02044,1.25463,-5.89142,13.84339,5.58615,B,BB,3.37728,5.856,74.67119,1986.89787,299.601867,0.13
345,2021,4285,SJU,D1 Big East Conference,730194944,SHU,252238125,2021-03-07 19:00:00,7,3,2,0,1507589843,B. Cruz,L,FA,L,1.33336,4.4418,14.68658,-19.57954,6.26171,B,BB,3.48506,5.78061,86.14319,1767.207975,124.405386,0.8
346,2021,4285,SJU,D1 Big East Conference,730194944,SHU,252238125,2021-03-07 19:00:00,7,0,0,0,1507589843,B. Cruz,L,SL,L,0.88752,2.80636,0.43272,9.44886,5.47672,SL,DP,3.3361,5.73806,74.42951,1696.429289,278.502506,-0.15
347,2021,4285,SJU,D1 Big East Conference,730194944,SHU,252238125,2021-03-07 19:00:00,7,0,1,0,1507589843,B. Cruz,L,SL,L,-1.60095,1.02041,-4.88205,9.57697,5.69268,B,DP,3.31792,5.67959,73.85434,1988.246325,304.510422,0.13
348,2021,4285,SJU,D1 Big East Conference,730194944,SHU,252238125,2021-03-07 19:00:00,7,1,1,0,1507589843,B. Cruz,L,FA,L,0.11484,1.96767,15.12568,-20.67332,6.51178,B,DP,3.21445,5.79885,87.26621,1928.184573,123.876034,0.13
349,2021,4285,SJU,D1 Big East Conference,730194944,SHU,252238125,2021-03-07 19:00:00,7,2,1,0,1507589843,B. Cruz,L,FA,L,0.18672,2.15768,8.69016,-22.65111,6.43612,IP,DP,3.3443,5.71492,87.78299,1974.174717,108.207454,-0.21
350,2021,4285,SJU,D1 Big East Conference,730194944,SHU,252238125,2021-03-07 19:00:00,7,0,0,2,1507589843,B. Cruz,L,CH,R,3.2201,3.48123,13.87954,-19.52513,6.23737,B,IP_OUT,3.57593,5.57071,77.81434,1553.744577,122.359452,0.13
351,2021,4285,SJU,D1 Big East Conference,730194944,SHU,252238125,2021-03-07 19:00:00,8,0,0,0,1365730152,J. Rodriguez,R,FA,R,1.04398,2.82277,17.71843,5.61756,6.69339,SL,K,-1.50079,6.19207,92.52815,2147.029519,198.656814,-0.15
352,2021,4285,SJU,D1 Big East Conference,730194944,SHU,252238125,2021-03-07 19:00:00,8,0,1,0,1365730152,J. Rodriguez,R,FA,R,0.2511,3.80419,18.49619,11.75064,6.56915,SL,K,-1.32049,6.26578,91.27514,2194.835888,214.090102,-0.15
353,2021,4285,SJU,D1 Big East Conference,730194944,SHU,252238125,2021-03-07 19:00:00,8,0,2,0,1365730152,J. Rodriguez,R,FA,R,2.11376,2.6696,17.42934,7.98044,6.67423,B,K,-1.40607,6.20088,92.44151,2193.893995,206.042081,0.13
354,2021,4285,SJU,D1 Big East Conference,730194944,SHU,252238125,2021-03-07 19:00:00,8,1,2,0,1365730152,J. Rodriguez,R,SL,R,0.35215,3.4966,-20.56966,-19.06257,5.80052,SL,K,-1.48495,6.19367,76.33115,2496.37379,40.491964,-0.15
355,2021,4285,SJU,D1 Big East Conference,730194944,SHU,252238125,2021-03-07 19:00:00,8,0,0,1,1365730152,J. Rodriguez,R,FA,R,0.47492,3.00039,19.1347,12.06792,6.47458,SL,IP_OUT,-1.50183,6.20728,92.93868,2194.186276,213.818354,-0.15
356,2021,4285,SJU,D1 Big East Conference,730194944,SHU,252238125,2021-03-07 19:00:00,8,0,1,1,1365730152,J. Rodriguez,R,SL,R,-0.08498,2.82602,-17.80548,-19.45678,5.63845,SL,IP_OUT,-1.62673,6.12105,76.82086,2642.567515,44.801336,-0.15
357,2021,4285,SJU,D1 Big East Conference,730194944,SHU,252238125,2021-03-07 19:00:00,8,0,2,1,1365730152,J. Rodriguez,R,SL,R,1.394,2.75535,-19.40733,-19.39072,5.91906,B,IP_OUT,-1.43014,6.21026,76.7432,2643.196052,42.566126,0.13
358,2021,4285,SJU,D1 Big East Conference,730194944,SHU,252238125,2021-03-07 19:00:00,8,1,2,1,1365730152,J. Rodriguez,R,FA,R,0.38952,2.79445,20.93729,9.42567,6.69745,F,IP_OUT,-1.48292,6.24198,91.48269,2305.397655,205.623558,0.0
359,2021,4285,SJU,D1 Big East Conference,730194944,SHU,252238125,2021-03-07 19:00:00,8,0,0,2,1365730152,J. Rodriguez,R,CH,L,0.37046,-0.29722,7.78248,18.88544,6.56198,B,K,-2.00055,5.8913,84.05468,1605.241156,251.428134,0.13
360,2021,4285,SJU,D1 Big East Conference,730194944,SHU,252238125,2021-03-07 19:00:00,8,1,0,2,1365730152,J. Rodriguez,R,FA,L,0.25922,0.52381,21.83127,11.8876,6.27964,B,K,-1.51096,6.12622,92.11208,2276.860164,210.081304,0.13
361,2021,4285,SJU,D1 Big East Conference,730194944,SHU,252238125,2021-03-07 19:00:00,8,2,0,2,1365730152,J. Rodriguez,R,FA,L,0.09978,3.1156,24.67064,9.67398,6.41861,SS,K,-1.79602,6.07382,92.47075,2289.760805,202.507635,-0.15
362,2021,4285,SJU,D1 Big East Conference,730194944,SHU,252238125,2021-03-07 19:00:00,8,2,1,2,1365730152,J. Rodriguez,R,FA,L,0.75149,2.86128,22.57226,7.59489,6.66904,F,K,-1.60689,6.13002,92.18505,2336.299675,199.598244,-0.15
363,2021,4285,SJU,D1 Big East Conference,730194944,SHU,252238125,2021-03-07 19:00:00,8,2,2,2,1365730152,J. Rodriguez,R,CH,L,-0.88401,3.32136,5.89752,21.76682,6.35648,SL,K,-2.17551,5.99357,83.48033,1405.894443,258.356872,-0.15
364,2021,4285,SJU,D1 Big East Conference,730194944,SHU,252238125,2021-03-07 19:00:00,9,0,0,0,1196611983,E. Routzahn,R,FA,R,0.10295,3.99997,8.81138,16.07001,6.35335,SS,K,-3.50549,4.81262,90.05591,1762.083805,245.030315,-0.15
365,2021,4285,SJU,D1 Big East Conference,730194944,SHU,252238125,2021-03-07 19:00:00,9,0,1,0,1196611983,E. Routzahn,R,FA,R,1.86404,2.31434,8.28374,15.1315,6.50488,B,K,-3.27218,4.93175,90.36473,2005.97339,245.701949,0.13
366,2021,4285,SJU,D1 Big East Conference,730194944,SHU,252238125,2021-03-07 19:00:00,9,1,1,0,1196611983,E. Routzahn,R,FA,R,0.67458,2.66717,-0.26433,13.94662,6.34051,SS,K,-3.45242,4.62741,90.02397,1975.396678,276.227649,-0.15
367,2021,4285,SJU,D1 Big East Conference,730194944,SHU,252238125,2021-03-07 19:00:00,9,1,2,0,1196611983,E. Routzahn,R,FA,R,-0.35528,3.93504,6.31363,12.44158,6.32642,B,K,-3.46061,4.67093,89.96721,2029.26366,247.715202,0.13
368,2021,4285,SJU,D1 Big East Conference,730194944,SHU,252238125,2021-03-07 19:00:00,9,2,2,0,1196611983,E. Routzahn,R,FA,R,1.38386,2.74454,6.12079,10.72115,6.4913,SS,K,-3.53997,4.51117,88.83566,2022.744743,245.415121,-0.15
369,2021,4285,SJU,D1 Big East Conference,730194944,SHU,252238125,2021-03-07 19:00:00,9,0,0,1,1196611983,E. Routzahn,R,FA,R,1.44423,2.38319,1.7852,11.36142,6.50645,B,K,-3.50284,4.86075,90.10264,1886.964971,267.134251,0.13
370,2021,4285,SJU,D1 Big East Conference,730194944,SHU,252238125,2021-03-07 19:00:00,9,1,0,1,1196611983,E. Routzahn,R,FA,R,-0.54489,2.72051,1.09098,19.75611,6.43305,F,K,-3.69907,4.66111,88.78183,1882.671433,270.456091,-0.15
371,2021,4285,SJU,D1 Big East Conference,730194944,SHU,252238125,2021-03-07 19:00:00,9,1,1,1,1196611983,E. Routzahn,R,SL,R,0.34686,2.4323,-0.53386,-9.84201,5.61981,SL,K,-3.50321,5.0151,79.75304,2136.253137,78.483096,-0.15
372,2021,4285,SJU,D1 Big East Conference,730194944,SHU,252238125,2021-03-07 19:00:00,9,1,2,1,1196611983,E. Routzahn,R,SL,R,0.50718,3.22716,5.42059,-16.44005,5.79966,SL,K,-3.36074,4.85944,77.56843,1902.370779,103.067178,-0.15
373,2021,4285,SJU,D1 Big East Conference,730194944,SHU,252238125,2021-03-07 19:00:00,9,0,0,2,1196611983,E. Routzahn,R,FA,R,1.22392,2.77666,4.30264,10.52792,6.59957,B,BB,-3.45185,4.61783,89.24531,1792.795011,252.984214,0.13
374,2021,4285,SJU,D1 Big East Conference,730194944,SHU,252238125,2021-03-07 19:00:00,9,1,0,2,1196611983,E. Routzahn,R,FA,R,1.21553,2.51509,5.34807,9.135,6.35753,B,BB,-3.69717,4.45921,88.02571,1905.706903,245.482821,0.13
375,2021,4285,SJU,D1 Big East Conference,730194944,SHU,252238125,2021-03-07 19:00:00,9,2,0,2,1196611983,E. Routzahn,R,FA,R,0.56558,2.82466,1.87236,12.83694,6.43887,SS,BB,-3.61034,4.57719,88.491,1863.966101,266.58667,-0.15
376,2021,4285,SJU,D1 Big East Conference,730194944,SHU,252238125,2021-03-07 19:00:00,9,2,1,2,1196611983,E. Routzahn,R,FA,R,1.92973,2.05666,1.9763,16.13143,6.31324,B,BB,-3.55755,4.48263,89.17794,2014.010328,267.330818,0.13
377,2021,4285,SJU,D1 Big East Conference,730194944,SHU,252238125,2021-03-07 19:00:00,9,3,1,2,1196611983,E. Routzahn,R,FA,R,0.07997,2.65505,0.89736,15.01402,6.55526,SS,BB,-3.71628,4.67662,88.98331,1874.635656,271.074798,-0.15
378,2021,4285,SJU,D1 Big East Conference,730194944,SHU,252238125,2021-03-07 19:00:00,9,3,2,2,1196611983,E. Routzahn,R,FA,R,1.1714,2.00053,3.93134,13.70867,6.75961,B,BB,-3.6804,4.65741,87.8458,1890.023021,258.741042,0.8
379,2021,4285,SJU,D1 Big East Conference,730194944,SHU,252238125,2021-03-07 19:00:00,9,0,0,2,1196611983,E. Routzahn,R,FA,L,0.25388,3.33692,7.55292,9.32245,6.59284,F,K,-3.77837,4.73915,88.44521,1867.01765,235.51027,-0.15
380,2021,4285,SJU,D1 Big East Conference,730194944,SHU,252238125,2021-03-07 19:00:00,9,0,1,2,1196611983,E. Routzahn,R,FA,L,-0.959,3.08145,5.84662,14.43993,6.47285,F,K,-3.52201,4.77963,90.2684,1976.642737,252.849803,-0.15
381,2021,4285,SJU,D1 Big East Conference,730194944,SHU,252238125,2021-03-07 19:00:00,9,0,2,2,1196611983,E. Routzahn,R,FA,L,1.21751,2.07262,-2.61713,21.61891,6.07149,B,K,-3.53339,4.27423,86.61285,1876.841465,280.65196,0.13
382,2021,4285,SJU,D1 Big East Conference,730194944,SHU,252238125,2021-03-07 19:00:00,9,1,2,2,1196611983,E. Routzahn,R,FA,L,-0.14033,4.07196,5.74028,12.26229,6.6546,SS,K,-3.58239,4.81298,89.39859,2008.509078,249.508891,-0.15
383,2021,4285,SJU,D1 Big East Conference,730194944,SHU,143637746,2021-03-07 13:00:00,1,0,0,0,1323003392,S. Fauci,R,FA,L,-0.81817,0.8016,21.968,15.24505,6.55401,B,K,-1.87032,5.94903,87.26724,2216.374468,216.586062,0.13
384,2021,4285,SJU,D1 Big East Conference,730194944,SHU,143637746,2021-03-07 13:00:00,1,1,0,0,1323003392,S. Fauci,R,FA,L,-1.19554,2.78012,22.49828,18.93198,6.6815,SS,K,-1.79035,6.0792,87.00684,2167.274054,221.919175,-0.15
385,2021,4285,SJU,D1 Big East Conference,730194944,SHU,143637746,2021-03-07 13:00:00,1,1,1,0,1323003392,S. Fauci,R,CH,L,-0.89103,2.43002,8.22056,17.3817,6.60573,F,K,-2.08242,5.70249,79.97207,2030.022271,248.903345,-0.15
386,2021,4285,SJU,D1 Big East Conference,730194944,SHU,143637746,2021-03-07 13:00:00,1,1,2,0,1323003392,S. Fauci,R,FA,L,-1.94847,4.68212,18.29324,18.1484,6.55086,B,K,-1.81044,6.14276,87.81281,2120.666402,226.977922,0.13
387,2021,4285,SJU,D1 Big East Conference,730194944,SHU,143637746,2021-03-07 13:00:00,1,2,2,0,1323003392,S. Fauci,R,SL,L,-2.03204,2.54104,3.98792,-2.9939,6.34129,B,K,-1.94084,5.92943,79.32851,1950.32011,129.979404,0.13
388,2021,4285,SJU,D1 Big East Conference,730194944,SHU,143637746,2021-03-07 13:00:00,1,3,2,0,1323003392,S. Fauci,R,FA,L,-1.41346,3.64149,20.53926,18.33619,6.58046,SS,K,-1.83696,6.07643,87.24063,2205.538448,223.744643,-0.15
389,2021,4285,SJU,D1 Big East Conference,730194944,SHU,143637746,2021-03-07 13:00:00,1,0,0,1,1323003392,S. Fauci,R,FA,L,-0.24104,2.36406,23.51568,11.92253,6.56009,F,BB,-1.8143,5.99703,87.83036,2145.63892,208.307781,-0.15
390,2021,4285,SJU,D1 Big East Conference,730194944,SHU,143637746,2021-03-07 13:00:00,1,0,1,1,1323003392,S. Fauci,R,FA,L,1.90891,2.27383,20.40375,12.9939,6.53717,B,BB,-1.85483,5.93093,86.96197,2015.975671,214.524047,0.13
391,2021,4285,SJU,D1 Big East Conference,730194944,SHU,143637746,2021-03-07 13:00:00,1,1,1,1,1323003392,S. Fauci,R,FA,L,-1.16646,4.21309,20.5721,12.90005,6.43559,B,BB,-1.85467,5.93702,86.93411,2063.487705,214.147027,0.13
392,2021,4285,SJU,D1 Big East Conference,730194944,SHU,143637746,2021-03-07 13:00:00,1,2,1,1,1323003392,S. Fauci,R,FA,L,-1.07834,2.82966,21.74194,15.09729,6.55502,SS,BB,-1.99886,5.811,87.31497,2014.270519,216.706871,-0.15
393,2021,4285,SJU,D1 Big East Conference,730194944,SHU,143637746,2021-03-07 13:00:00,1,2,2,1,1323003392,S. Fauci,R,FA,L,-1.564,3.48988,23.0834,10.64386,6.4121,B,BB,-1.80702,6.02637,87.39197,2084.991786,206.233878,0.13
394,2021,4285,SJU,D1 Big East Conference,730194944,SHU,143637746,2021-03-07 13:00:00,1,3,2,1,1323003392,S. Fauci,R,FA,L,1.38559,2.08061,11.8143,16.10985,6.59723,B,BB,-1.94986,5.75775,86.7864,2043.976549,236.911259,0.8
395,2021,4285,SJU,D1 Big East Conference,730194944,SHU,143637746,2021-03-07 13:00:00,1,0,0,2,1323003392,S. Fauci,R,CH,L,-1.36188,1.77448,10.43095,14.16465,6.55383,B,BB,-2.19626,5.81899,78.50716,1951.073537,238.863754,0.13
396,2021,4285,SJU,D1 Big East Conference,730194944,SHU,143637746,2021-03-07 13:00:00,1,1,0,2,1323003392,S. Fauci,R,FA,L,-1.77797,3.88409,23.45812,12.82201,6.37151,B,BB,-1.95205,5.87461,88.39174,2077.433937,210.153152,0.13
397,2021,4285,SJU,D1 Big East Conference,730194944,SHU,143637746,2021-03-07 13:00:00,1,2,0,2,1323003392,S. Fauci,R,FA,L,-1.97585,2.61594,17.31095,19.35371,6.84637,B,BB,-1.95282,5.75686,86.45655,2051.595532,230.619303,0.13
398,2021,4285,SJU,D1 Big East Conference,730194944,SHU,143637746,2021-03-07 13:00:00,1,3,0,2,1323003392,S. Fauci,R,FA,L,-0.60168,2.061,24.51808,10.5678,6.74166,SL,BB,-1.56995,6.04973,87.09186,2013.701125,204.658245,-0.15
399,2021,4285,SJU,D1 Big East Conference,730194944,SHU,143637746,2021-03-07 13:00:00,1,3,1,2,1323003392,S. Fauci,R,FA,L,-2.08438,2.66523,23.96938,12.48028,6.42692,B,BB,-1.53188,6.19402,87.41493,2077.062149,208.969389,0.8
400,2021,4285,SJU,D1 Big East Conference,730194944,SHU,143637746,2021-03-07 13:00:00,1,0,0,2,1323003392,S. Fauci,R,SL,R,-0.34964,1.94626,-1.54134,-3.5002,6.13518,F,K,-1.74934,5.92815,79.27154,1994.034368,45.698198,-0.15
401,2021,4285,SJU,D1 Big East Conference,730194944,SHU,143637746,2021-03-07 13:00:00,1,0,1,2,1323003392,S. Fauci,R,FS,R,-1.01858,3.24944,1.49339,-4.95477,6.3197,B,K,-1.67781,6.16063,78.70947,1869.736732,88.247767,0.13
402,2021,4285,SJU,D1 Big East Conference,730194944,SHU,143637746,2021-03-07 13:00:00,1,1,1,2,1323003392,S. Fauci,R,FA,R,-0.19448,2.75737,20.08533,7.47426,6.67208,F,K,-1.47781,6.11646,88.28936,1996.78593,201.645836,-0.15
403,2021,4285,SJU,D1 Big East Conference,730194944,SHU,143637746,2021-03-07 13:00:00,1,1,2,2,1323003392,S. Fauci,R,CH,R,-0.64485,2.17173,6.51296,17.50828,6.6761,SS,K,-1.99648,5.70602,79.19137,1958.428932,254.372713,-0.15
404,2021,4285,SJU,D1 Big East Conference,730194944,SHU,143637746,2021-03-07 13:00:00,2,0,0,0,1323003392,S. Fauci,R,FA,R,-1.78758,3.93494,19.19312,17.37127,6.45516,HBP,HBP,-1.78542,6.02471,85.0489,2044.125046,224.570279,0.8
405,2021,4285,SJU,D1 Big East Conference,730194944,SHU,143637746,2021-03-07 13:00:00,2,0,0,0,1323003392,S. Fauci,R,CH,L,-0.67966,3.84401,10.96304,12.91646,6.36375,SL,K,-1.99442,5.85415,78.41609,1904.20627,234.48032,-0.15
406,2021,4285,SJU,D1 Big East Conference,730194944,SHU,143637746,2021-03-07 13:00:00,2,0,1,0,1323003392,S. Fauci,R,CH,L,-1.23685,2.00409,10.95123,17.93186,6.58349,SL,K,-2.05716,5.91141,78.75011,1945.156452,242.834098,-0.15
407,2021,4285,SJU,D1 Big East Conference,730194944,SHU,143637746,2021-03-07 13:00:00,2,0,2,0,1323003392,S. Fauci,R,FA,L,-1.82348,3.42901,18.7447,11.0915,6.67082,B,K,-1.87925,5.93766,84.80674,1988.899998,212.356534,0.13
408,2021,4285,SJU,D1 Big East Conference,730194944,SHU,143637746,2021-03-07 13:00:00,2,1,2,0,1323003392,S. Fauci,R,CH,L,-1.78915,1.77198,5.26205,15.83658,6.39924,B,K,-1.98675,5.96077,78.36899,1870.740409,257.299451,0.13
409,2021,4285,SJU,D1 Big East Conference,730194944,SHU,143637746,2021-03-07 13:00:00,2,2,2,0,1323003392,S. Fauci,R,FA,L,-0.0842,4.26841,20.51832,16.66276,6.70367,B,K,-1.67661,6.09123,85.40808,2023.54841,221.045975,0.13
410,2021,4285,SJU,D1 Big East Conference,730194944,SHU,143637746,2021-03-07 13:00:00,2,3,2,0,1323003392,S. Fauci,R,FA,L,0.25735,1.93657,21.84025,14.62501,6.57348,SL,K,-1.75987,5.8555,85.74965,2048.088431,215.603388,-0.15
411,2021,4285,SJU,D1 Big East Conference,730194944,SHU,143637746,2021-03-07 13:00:00,2,0,0,1,1323003392,S. Fauci,R,FA,R,-0.56861,2.46644,23.36722,13.75355,6.60249,IP,FC,-1.33991,6.21026,85.77705,2051.99466,212.068054,-0.21
412,2021,4285,SJU,D1 Big East Conference,730194944,SHU,143637746,2021-03-07 13:00:00,2,0,0,2,1323003392,S. Fauci,R,FA,R,-0.88152,2.71948,22.596,16.02324,6.47374,SL,K,-1.90156,6.08739,86.46464,2145.687674,217.10289,-0.15
413,2021,4285,SJU,D1 Big East Conference,730194944,SHU,143637746,2021-03-07 13:00:00,2,0,1,2,1323003392,S. Fauci,R,SL,R,0.8728,3.47724,1.93693,-3.25154,6.28016,B,K,-1.77861,6.08402,80.5947,2127.858755,98.633245,0.13
414,2021,4285,SJU,D1 Big East Conference,730194944,SHU,143637746,2021-03-07 13:00:00,2,1,1,2,1323003392,S. Fauci,R,CH,R,-0.63839,1.95408,10.47812,15.01406,6.84006,SS,K,-1.98931,5.83113,79.13739,1945.841957,239.189921,-0.15
415,2021,4285,SJU,D1 Big East Conference,730194944,SHU,143637746,2021-03-07 13:00:00,2,1,2,2,1323003392,S. Fauci,R,CH,R,-1.60189,1.74588,7.18973,13.72709,6.79866,B,K,-1.91025,5.74875,78.83469,2051.688904,247.399901,0.13
416,2021,4285,SJU,D1 Big East Conference,730194944,SHU,143637746,2021-03-07 13:00:00,2,2,2,2,1323003392,S. Fauci,R,FA,R,-0.23108,3.01268,21.2232,11.74123,6.672,F,K,-1.53558,6.10259,86.79867,2074.501182,210.478401,0.0
417,2021,4285,SJU,D1 Big East Conference,730194944,SHU,143637746,2021-03-07 13:00:00,2,2,2,2,1323003392,S. Fauci,R,CH,R,-0.31269,2.35868,8.33327,11.8352,6.58681,F,K,-1.99157,5.88934,78.30657,1902.315527,239.654886,0.0
418,2021,4285,SJU,D1 Big East Conference,730194944,SHU,143637746,2021-03-07 13:00:00,2,2,2,2,1323003392,S. Fauci,R,SL,R,0.61192,1.70873,4.91201,16.58568,6.89674,SS,K,-2.04218,5.77756,78.18379,1935.531776,258.472373,-0.15
419,2021,4285,SJU,D1 Big East Conference,730194944,SHU,143637746,2021-03-07 13:00:00,3,0,0,1,1323003392,S. Fauci,R,CH,L,-1.35895,2.98475,8.42457,18.9221,6.56524,B,S,-1.99807,5.91101,77.02734,1885.144048,250.597538,0.13
420,2021,4285,SJU,D1 Big East Conference,730194944,SHU,143637746,2021-03-07 13:00:00,3,1,0,1,1323003392,S. Fauci,R,FA,L,1.60924,2.02352,21.79525,17.00615,6.77886,B,S,-1.80257,5.93441,83.58536,2097.963721,220.08477,0.13
421,2021,4285,SJU,D1 Big East Conference,730194944,SHU,143637746,2021-03-07 13:00:00,3,2,0,1,1323003392,S. Fauci,R,FA,L,-0.77185,2.16215,18.78753,10.94406,6.54675,F,S,-1.952,5.91695,84.31719,2143.734356,212.288874,-0.15
422,2021,4285,SJU,D1 Big East Conference,730194944,SHU,143637746,2021-03-07 13:00:00,3,2,1,1,1323003392,S. Fauci,R,CH,L,-1.12768,4.12074,5.01414,13.75906,6.53873,B,S,-2.02042,5.79191,76.30947,1829.281582,257.717614,0.13
423,2021,4285,SJU,D1 Big East Conference,730194944,SHU,143637746,2021-03-07 13:00:00,3,3,1,1,1323003392,S. Fauci,R,FA,L,0.38882,3.50894,24.14694,12.80099,6.68849,F,S,-1.75967,6.0396,84.79475,2150.517453,209.737314,-0.15
424,2021,4285,SJU,D1 Big East Conference,730194944,SHU,143637746,2021-03-07 13:00:00,3,3,2,1,1323003392,S. Fauci,R,CH,L,-0.25588,2.09817,10.45174,15.69139,6.90202,IP,S,-2.01895,5.61107,77.46415,1830.795754,240.592813,1.0
425,2021,4285,SJU,D1 Big East Conference,730194944,SHU,143637746,2021-03-07 13:00:00,4,0,0,0,1323003392,S. Fauci,R,FA,R,-0.69656,2.78482,15.21753,12.65001,6.48825,F,HBP,-1.9749,6.00058,85.51773,2196.997088,222.425533,-0.15
426,2021,4285,SJU,D1 Big East Conference,730194944,SHU,143637746,2021-03-07 13:00:00,4,0,1,0,1323003392,S. Fauci,R,CH,R,-0.43478,3.47601,14.4702,16.49072,6.75287,SL,HBP,-1.87965,5.92632,77.86668,2024.647008,231.974641,-0.15
427,2021,4285,SJU,D1 Big East Conference,730194944,SHU,143637746,2021-03-07 13:00:00,4,0,2,0,1323003392,S. Fauci,R,SL,R,-0.72482,3.39892,8.4041,-5.72689,6.22444,F,HBP,-1.74083,6.07303,79.78201,2162.913154,140.839537,0.0
428,2021,4285,SJU,D1 Big East Conference,730194944,SHU,143637746,2021-03-07 13:00:00,4,0,2,0,1323003392,S. Fauci,R,FA,R,0.38581,3.10969,18.44135,15.66666,6.52623,F,HBP,-1.68454,5.84308,87.10896,2018.534097,222.220733,0.0
429,2021,4285,SJU,D1 Big East Conference,730194944,SHU,143637746,2021-03-07 13:00:00,4,0,2,0,1323003392,S. Fauci,R,CH,R,-2.37169,4.41147,3.98138,14.9056,6.10908,HBP,HBP,-1.87713,5.74769,78.27584,1367.017322,260.743542,0.8
430,2021,4285,SJU,D1 Big East Conference,730194944,SHU,143637746,2021-03-07 13:00:00,4,0,0,0,1323003392,S. Fauci,R,FA,R,0.22834,2.69441,16.0365,17.39686,6.64151,IP,S,-1.66122,5.89734,84.64289,2138.114963,230.366373,1.0
431,2021,4285,SJU,D1 Big East Conference,730194944,SHU,143637746,2021-03-07 13:00:00,4,0,0,0,1323003392,S. Fauci,R,FA,L,-0.52337,2.38653,22.11222,10.813,6.78551,SL,HBP,-1.69407,5.99766,86.27445,2118.39302,207.440274,-0.15
432,2021,4285,SJU,D1 Big East Conference,730194944,SHU,143637746,2021-03-07 13:00:00,4,0,1,0,1323003392,S. Fauci,R,FA,L,2.41305,2.76576,22.7745,7.36713,6.68991,HBP,HBP,-1.64579,6.04779,86.45347,1976.887845,198.895276,0.8
433,2021,4285,SJU,D1 Big East Conference,730194944,SHU,143637746,2021-03-07 13:00:00,4,0,0,0,1323003392,S. Fauci,R,FA,R,-0.74101,1.82176,19.09718,13.45973,6.68817,IP,DP,-1.37718,5.98453,86.73385,1978.891504,217.191002,-0.21
434,2021,4285,SJU,D1 Big East Conference,730194944,SHU,143637746,2021-03-07 13:00:00,4,0,0,2,1323003392,S. Fauci,R,FA,R,0.55982,2.1561,21.89186,6.43713,6.79554,SL,IP_OUT,-1.29202,6.10045,86.66638,2064.585125,197.360352,-0.15
435,2021,4285,SJU,D1 Big East Conference,730194944,SHU,143637746,2021-03-07 13:00:00,5,0,0,0,1173043712,B. Adams,L,FA,L,0.54477,3.19127,11.54008,-22.21521,6.50165,SL,IP_OUT,2.91009,6.26442,87.23514,1942.092286,114.673985,-0.15
436,2021,4285,SJU,D1 Big East Conference,730194944,SHU,143637746,2021-03-07 13:00:00,5,0,0,1,1173043712,B. Adams,L,FA,L,1.68025,3.08169,14.08772,-19.59517,6.61876,B,IP_OUT,2.96444,6.32263,87.2219,1802.306707,122.899153,0.13
437,2021,4285,SJU,D1 Big East Conference,730194944,SHU,143637746,2021-03-07 13:00:00,5,1,0,1,1173043712,B. Adams,L,FA,L,-0.02069,3.32464,18.16977,-18.6754,6.58874,SL,IP_OUT,2.96495,6.28641,87.90292,2117.580236,131.882963,-0.15
438,2021,4285,SJU,D1 Big East Conference,730194944,SHU,143637746,2021-03-07 13:00:00,5,0,0,2,1173043712,B. Adams,L,FA,R,1.12135,4.16276,13.52044,-19.99375,6.72073,B,IP_OUT,3.09851,6.21629,87.85472,1801.885482,121.290835,0.13
439,2021,4285,SJU,D1 Big East Conference,730194944,SHU,143637746,2021-03-07 13:00:00,5,1,0,2,1173043712,B. Adams,L,FA,R,-0.56083,1.79761,11.98997,-21.84938,6.63293,B,IP_OUT,2.99107,6.18125,87.87587,1976.014239,115.841158,0.13
440,2021,4285,SJU,D1 Big East Conference,730194944,SHU,143637746,2021-03-07 13:00:00,5,2,0,2,1173043712,B. Adams,L,FA,R,0.14381,4.32328,11.00949,-20.57966,6.69998,B,IP_OUT,3.23986,6.14362,87.29513,1944.606477,115.14264,0.13
441,2021,4285,SJU,D1 Big East Conference,730194944,SHU,143637746,2021-03-07 13:00:00,5,3,0,2,1173043712,B. Adams,L,FA,R,0.447,2.65097,9.00528,-20.03139,6.57069,SL,IP_OUT,3.055,6.1058,87.58673,1818.04094,110.955577,-0.15
442,2021,4285,SJU,D1 Big East Conference,730194944,SHU,143637746,2021-03-07 13:00:00,5,3,1,2,1173043712,B. Adams,L,FA,R,-1.28789,1.89805,11.97477,-22.3482,6.75489,SS,IP_OUT,3.09229,6.09715,86.81846,2005.454419,115.252586,-0.15
443,2021,4285,SJU,D1 Big East Conference,730194944,SHU,143637746,2021-03-07 13:00:00,6,0,0,0,1173043712,B. Adams,L,FA,L,-1.24391,4.2699,22.08403,-14.20379,6.57738,B,K,2.84659,6.27008,87.53835,1942.482696,145.495535,0.13
444,2021,4285,SJU,D1 Big East Conference,730194944,SHU,143637746,2021-03-07 13:00:00,6,1,0,0,1173043712,B. Adams,L,FA,L,0.14786,1.85244,18.68678,-20.45903,6.5069,SL,K,2.8429,6.22197,87.80058,1888.222159,130.330207,-0.15
445,2021,4285,SJU,D1 Big East Conference,730194944,SHU,143637746,2021-03-07 13:00:00,6,1,1,0,1173043712,B. Adams,L,CU,L,-0.88958,1.73057,-12.71831,15.48721,6.21522,F,K,2.86555,5.9362,69.36871,1846.573384,313.651176,-0.15
446,2021,4285,SJU,D1 Big East Conference,730194944,SHU,143637746,2021-03-07 13:00:00,6,1,2,0,1173043712,B. Adams,L,FA,L,-0.76058,3.71094,13.50272,-16.53469,6.72971,SS,K,2.81431,6.16565,84.87671,1839.783608,126.606815,-0.15
447,2021,4285,SJU,D1 Big East Conference,730194944,SHU,143637746,2021-03-07 13:00:00,6,0,0,1,1173043712,B. Adams,L,FA,R,1.54685,3.2278,19.45099,-16.66769,6.44137,B,BB,3.07587,6.22808,85.78183,1884.037038,137.450414,0.13
448,2021,4285,SJU,D1 Big East Conference,730194944,SHU,143637746,2021-03-07 13:00:00,6,1,0,1,1173043712,B. Adams,L,FA,R,-0.02956,3.59751,13.79839,-22.58875,6.68887,SL,BB,3.06053,6.17597,87.1512,2017.293289,118.956011,-0.15
449,2021,4285,SJU,D1 Big East Conference,730194944,SHU,143637746,2021-03-07 13:00:00,6,1,1,1,1173043712,B. Adams,L,FA,R,-0.55797,1.74178,20.62253,-17.40497,6.7362,B,BB,3.02367,6.09783,87.14359,1974.304271,137.799089,0.13
450,2021,4285,SJU,D1 Big East Conference,730194944,SHU,143637746,2021-03-07 13:00:00,6,2,1,1,1173043712,B. Adams,L,FA,R,1.5395,3.54726,14.7867,-26.09781,6.49186,B,BB,3.05616,6.21994,85.75065,1891.387675,117.42154,0.13
451,2021,4285,SJU,D1 Big East Conference,730194944,SHU,143637746,2021-03-07 13:00:00,6,3,1,1,1173043712,B. Adams,L,FA,R,-0.22358,4.2359,19.16064,-22.13525,6.49455,B,BB,2.97596,6.16938,86.89074,2012.832354,128.701019,0.8
452,2021,4285,SJU,D1 Big East Conference,730194944,SHU,143637746,2021-03-07 13:00:00,6,0,0,2,1173043712,B. Adams,L,FA,L,0.55418,2.33406,13.54572,-23.81619,6.60801,SS,K,3.00156,6.12767,86.0011,1935.969428,117.168515,-0.15
453,2021,4285,SJU,D1 Big East Conference,730194944,SHU,143637746,2021-03-07 13:00:00,6,0,1,2,1173043712,B. Adams,L,FA,L,-1.16503,2.91755,14.9415,-19.45253,6.10767,B,K,2.89599,6.15358,88.46965,2026.446703,125.184954,0.13
454,2021,4285,SJU,D1 Big East Conference,730194944,SHU,143637746,2021-03-07 13:00:00,6,1,1,2,1173043712,B. Adams,L,CU,L,-0.75076,3.8114,-10.67449,8.49371,6.49086,B,K,2.88054,6.02211,71.31528,1909.810736,325.859583,0.13
455,2021,4285,SJU,D1 Big East Conference,730194944,SHU,143637746,2021-03-07 13:00:00,6,2,1,2,1173043712,B. Adams,L,FA,L,-0.61735,2.34689,19.28824,-19.30922,6.5282,F,K,3.06019,6.08454,86.99236,1964.068717,132.86549,-0.15
456,2021,4285,SJU,D1 Big East Conference,730194944,SHU,143637746,2021-03-07 13:00:00,6,2,2,2,1173043712,B. Adams,L,FA,L,0.37065,3.28031,17.0667,-20.34163,6.40294,SS,K,3.03225,6.17615,88.43106,2093.023445,127.411546,-0.15
457,2021,4285,SJU,D1 Big East Conference,730194944,SHU,143637746,2021-03-07 13:00:00,7,0,0,0,1256941824,T. Roche,R,FA,R,-0.32573,4.2421,20.34489,14.62221,6.18838,B,HBP,-1.8122,6.25374,91.49152,2126.823423,217.518739,0.13
458,2021,4285,SJU,D1 Big East Conference,730194944,SHU,143637746,2021-03-07 13:00:00,7,1,0,0,1256941824,T. Roche,R,FA,R,-0.85009,3.47695,13.08009,19.73714,5.95041,SL,HBP,-1.54414,6.16365,91.03484,2141.822309,239.116592,-0.15
459,2021,4285,SJU,D1 Big East Conference,730194944,SHU,143637746,2021-03-07 13:00:00,7,1,1,0,1256941824,T. Roche,R,SL,R,-0.65962,3.37553,0.99173,-13.91599,5.64233,SL,HBP,-1.6391,6.02354,77.46311,2263.91084,87.363495,-0.15
460,2021,4285,SJU,D1 Big East Conference,730194944,SHU,143637746,2021-03-07 13:00:00,7,1,2,0,1256941824,T. Roche,R,SL,R,-1.76878,1.50491,4.31748,-6.57615,5.9694,HBP,HBP,-1.46144,6.08093,78.43779,2238.431043,112.569342,0.8
461,2021,4285,SJU,D1 Big East Conference,730194944,SHU,143637746,2021-03-07 13:00:00,7,0,0,0,1256941824,T. Roche,R,FA,L,-0.53354,2.30232,17.48241,18.94725,6.39967,IP,S,-1.52536,6.05999,90.642,2191.060284,229.816567,1.0
462,2021,4285,SJU,D1 Big East Conference,730194944,SHU,143637746,2021-03-07 13:00:00,7,0,0,0,1256941824,T. Roche,R,FA,R,0.75616,3.5133,16.01875,15.22556,6.08728,SL,K,-1.38556,6.25306,92.4069,2327.39825,225.873918,-0.15
463,2021,4285,SJU,D1 Big East Conference,730194944,SHU,143637746,2021-03-07 13:00:00,7,0,1,0,1256941824,T. Roche,R,FA,R,0.24916,3.6527,13.59765,16.63686,6.218,SS,K,-1.49053,6.19726,92.92912,2270.124397,233.430167,-0.15
464,2021,4285,SJU,D1 Big East Conference,730194944,SHU,143637746,2021-03-07 13:00:00,7,0,2,0,1256941824,T. Roche,R,FA,R,0.44282,4.22285,14.45477,21.19052,6.18195,SS,K,-1.51773,6.13297,93.95718,2330.660761,238.148668,-0.15
465,2021,4285,SJU,D1 Big East Conference,730194944,SHU,143637746,2021-03-07 13:00:00,7,0,0,1,1256941824,T. Roche,R,FA,R,0.64158,2.23177,18.11934,15.55938,6.45216,SL,S,-1.51424,6.19578,93.78974,2298.724667,222.56734,-0.15
466,2021,4285,SJU,D1 Big East Conference,730194944,SHU,143637746,2021-03-07 13:00:00,7,0,1,1,1256941824,T. Roche,R,FA,R,1.05479,3.33919,12.59635,13.89127,6.24969,SL,S,-1.19508,6.33085,92.43963,2189.620551,230.215916,-0.15
467,2021,4285,SJU,D1 Big East Conference,730194944,SHU,143637746,2021-03-07 13:00:00,7,0,2,1,1256941824,T. Roche,R,FA,R,1.93306,3.21528,13.10131,12.27044,6.09567,B,S,-1.18665,6.36582,93.79536,2262.585422,225.617001,0.13
468,2021,4285,SJU,D1 Big East Conference,730194944,SHU,143637746,2021-03-07 13:00:00,7,1,2,1,1256941824,T. Roche,R,SL,R,0.86501,1.43326,3.12795,-12.19335,6.07957,B,S,-1.51842,6.22245,79.86869,2179.479954,96.498589,0.13
469,2021,4285,SJU,D1 Big East Conference,730194944,SHU,143637746,2021-03-07 13:00:00,7,2,2,1,1256941824,T. Roche,R,FA,R,0.00214,2.69995,15.48308,13.41969,6.39278,IP,S,-1.23073,6.326,92.87655,2233.702217,222.932744,1.0
470,2021,4285,SJU,D1 Big East Conference,730194944,SHU,143637746,2021-03-07 13:00:00,7,0,0,1,1256941824,T. Roche,R,FA,R,0.96813,2.81278,13.68501,14.71272,6.13249,SL,DP,-1.47073,6.27766,91.31024,2157.97429,229.464677,-0.15
471,2021,4285,SJU,D1 Big East Conference,730194944,SHU,143637746,2021-03-07 13:00:00,7,0,1,1,1256941824,T. Roche,R,FA,R,0.73544,2.32013,14.42028,16.49013,6.37134,IP,DP,-1.52152,6.13222,92.02534,2328.872631,231.205951,-0.21
472,2021,4285,SJU,D1 Big East Conference,730194944,SHU,473263822,2021-03-06 13:00:00,1,0,0,1,1897410618,I. Murphy,R,FA,L,-0.76052,2.12947,22.16607,11.07028,5.95721,SS,ROE,-1.07101,6.31631,91.21117,1941.228483,208.101568,-0.15
473,2021,4285,SJU,D1 Big East Conference,730194944,SHU,473263822,2021-03-06 13:00:00,1,0,1,1,1897410618,I. Murphy,R,CH,L,-1.59344,2.19974,16.03241,19.8295,6.14476,SS,ROE,-1.41675,6.13588,85.1994,1943.626317,234.064496,-0.15
474,2021,4285,SJU,D1 Big East Conference,730194944,SHU,473263822,2021-03-06 13:00:00,1,0,2,1,1897410618,I. Murphy,R,CH,L,-1.81719,2.28696,11.67772,18.74458,5.99381,IP,ROE,-1.31046,6.14766,84.69475,1933.66542,241.926733,0.0
475,2021,4285,SJU,D1 Big East Conference,730194944,SHU,473263822,2021-03-06 13:00:00,1,0,0,1,1897410618,I. Murphy,R,FA,R,0.88233,1.73682,24.14474,1.09976,6.08505,B,FC,-0.94842,6.26696,92.29804,2128.629585,182.767777,0.13
476,2021,4285,SJU,D1 Big East Conference,730194944,SHU,473263822,2021-03-06 13:00:00,1,1,0,1,1897410618,I. Murphy,R,FA,R,1.24759,1.79262,21.0421,3.02752,6.17067,B,FC,-1.07087,6.30752,90.32084,2007.55615,188.71539,0.13
477,2021,4285,SJU,D1 Big East Conference,730194944,SHU,473263822,2021-03-06 13:00:00,1,2,0,1,1897410618,I. Murphy,R,FA,R,0.65661,2.90469,26.54868,-0.81713,6.17079,F,FC,-1.24715,6.44117,90.77065,2103.970895,178.141921,-0.15
478,2021,4285,SJU,D1 Big East Conference,730194944,SHU,473263822,2021-03-06 13:00:00,1,2,1,1,1897410618,I. Murphy,R,FA,R,-0.361,1.75151,21.85206,7.3176,6.22043,IP,FC,-1.258,6.30454,90.80521,2115.176048,199.656558,-0.21
479,2021,4285,SJU,D1 Big East Conference,730194944,SHU,473263822,2021-03-06 13:00:00,1,0,0,2,1897410618,I. Murphy,R,CH,L,-0.61352,2.60856,12.38575,8.16859,5.90308,SL,IP_OUT,-1.33004,6.25432,81.27926,1794.600758,218.099982,-0.15
480,2021,4285,SJU,D1 Big East Conference,730194944,SHU,473263822,2021-03-06 13:00:00,1,0,1,2,1897410618,I. Murphy,R,CH,L,-0.98467,2.90202,14.38894,15.65654,6.08131,SS,IP_OUT,-1.36762,6.14897,84.0046,1978.701219,231.024373,-0.15
481,2021,4285,SJU,D1 Big East Conference,730194944,SHU,473263822,2021-03-06 13:00:00,1,0,2,2,1897410618,I. Murphy,R,CH,L,-0.79312,1.527,15.12017,18.24162,5.92113,B,IP_OUT,-1.3436,6.22019,83.90654,2004.18368,233.924614,0.13
482,2021,4285,SJU,D1 Big East Conference,730194944,SHU,473263822,2021-03-06 13:00:00,2,0,0,0,1897410618,I. Murphy,R,FA,R,-0.5683,4.25725,24.15615,6.09465,6.09232,B,D,-1.06833,6.54382,89.38395,1993.401186,194.926892,0.13
483,2021,4285,SJU,D1 Big East Conference,730194944,SHU,473263822,2021-03-06 13:00:00,2,1,0,0,1897410618,I. Murphy,R,FA,R,0.71059,3.35212,21.29745,8.90532,6.35639,IP,D,-1.05397,6.38331,89.68087,1995.43651,204.066821,1.26
484,2021,4285,SJU,D1 Big East Conference,730194944,SHU,473263822,2021-03-06 13:00:00,2,0,0,0,1897410618,I. Murphy,R,FA,R,2.03372,3.30891,22.40623,4.88173,6.27508,B,K,-1.00504,6.44481,90.53721,2138.18482,192.999254,0.13
485,2021,4285,SJU,D1 Big East Conference,730194944,SHU,473263822,2021-03-06 13:00:00,2,1,0,0,1897410618,I. Murphy,R,CU,R,-0.0905,1.8974,-0.46173,-7.73559,5.65305,SL,K,-1.47948,6.27052,77.66186,2006.588253,73.960421,-0.15
486,2021,4285,SJU,D1 Big East Conference,730194944,SHU,473263822,2021-03-06 13:00:00,2,1,1,0,1897410618,I. Murphy,R,CU,R,0.60173,4.48261,1.45721,-7.20638,5.33824,B,K,-1.45286,6.20371,78.60771,2172.376859,88.998333,0.13
487,2021,4285,SJU,D1 Big East Conference,730194944,SHU,473263822,2021-03-06 13:00:00,2,2,1,0,1897410618,I. Murphy,R,FA,R,-0.46953,1.55094,21.57269,9.29162,6.19773,B,K,-1.19446,6.28811,88.61498,1980.112121,204.681962,0.13
488,2021,4285,SJU,D1 Big East Conference,730194944,SHU,473263822,2021-03-06 13:00:00,2,3,1,0,1897410618,I. Murphy,R,FA,R,0.6861,3.41558,22.90446,2.19307,6.22688,F,K,-1.2924,6.38145,88.79217,1889.810204,185.812872,-0.15
489,2021,4285,SJU,D1 Big East Conference,730194944,SHU,473263822,2021-03-06 13:00:00,2,3,2,0,1897410618,I. Murphy,R,FA,R,0.49987,2.54028,23.92926,1.88917,6.02356,SS,K,-1.08204,6.41234,89.05812,2072.903682,184.888864,-0.15
490,2021,4285,SJU,D1 Big East Conference,730194944,SHU,473263822,2021-03-06 13:00:00,2,0,0,1,1897410618,I. Murphy,R,FA,R,-0.729,3.46809,25.42466,9.20052,5.82893,F,IP_OUT,-1.0735,6.38374,88.95205,2060.847073,201.248463,-0.15
491,2021,4285,SJU,D1 Big East Conference,730194944,SHU,473263822,2021-03-06 13:00:00,2,0,1,1,1897410618,I. Murphy,R,CU,R,-0.11741,2.54578,-4.24721,-4.25949,5.14088,SL,IP_OUT,-1.07056,6.35509,74.70056,1950.021049,34.490454,-0.15
492,2021,4285,SJU,D1 Big East Conference,730194944,SHU,473263822,2021-03-06 13:00:00,2,0,0,2,1897410618,I. Murphy,R,FA,R,0.75545,2.29738,17.97068,2.31665,6.29997,SL,BB,-0.8807,6.44566,90.1292,2128.637177,187.945387,-0.15
493,2021,4285,SJU,D1 Big East Conference,730194944,SHU,473263822,2021-03-06 13:00:00,2,0,1,2,1897410618,I. Murphy,R,FA,R,0.81102,2.91162,21.88985,4.69209,5.99592,SS,BB,-1.02799,6.3466,88.76637,2043.702145,192.933995,-0.15
494,2021,4285,SJU,D1 Big East Conference,730194944,SHU,473263822,2021-03-06 13:00:00,2,0,2,2,1897410618,I. Murphy,R,FA,R,0.6614,3.79541,19.36733,1.75701,6.26331,B,BB,-0.95334,6.47231,89.13797,2070.457757,185.560909,0.13
495,2021,4285,SJU,D1 Big East Conference,730194944,SHU,473263822,2021-03-06 13:00:00,2,1,2,2,1897410618,I. Murphy,R,CU,R,-1.60633,5.30309,-4.44473,-8.78111,5.43361,B,BB,-1.51411,6.22227,79.38951,1996.628986,54.90034,0.13
496,2021,4285,SJU,D1 Big East Conference,730194944,SHU,473263822,2021-03-06 13:00:00,2,2,2,2,1897410618,I. Murphy,R,FA,R,1.4495,2.89569,29.23986,3.85587,6.12194,B,BB,-1.04378,6.37965,91.54329,2131.280086,187.879245,0.13
497,2021,4285,SJU,D1 Big East Conference,730194944,SHU,473263822,2021-03-06 13:00:00,2,3,2,2,1897410618,I. Murphy,R,FA,R,0.12397,4.28053,22.40096,2.48295,6.04576,B,BB,-1.13496,6.40239,89.8973,2138.752642,186.714085,0.8
498,2021,4285,SJU,D1 Big East Conference,730194944,SHU,473263822,2021-03-06 13:00:00,2,0,0,2,1897410618,I. Murphy,R,FA,R,1.16559,3.21555,26.20927,5.81327,6.13738,B,K,-1.00603,6.32922,89.23264,2115.528309,193.186917,0.13
499,2021,4285,SJU,D1 Big East Conference,730194944,SHU,473263822,2021-03-06 13:00:00,2,1,0,2,1897410618,I. Murphy,R,FA,R,0.73171,4.51425,25.4136,3.9928,6.17063,B,K,-0.93964,6.35087,89.60273,2122.392228,189.39891,0.13
500,2021,4285,SJU,D1 Big East Conference,730194944,SHU,473263822,2021-03-06 13:00:00,2,2,0,2,1897410618,I. Murphy,R,FA,R,0.78028,3.86067,23.0208,2.31567,6.1126,B,K,-1.16508,6.33205,88.79863,2142.852193,186.068005,0.13
501,2021,4285,SJU,D1 Big East Conference,730194944,SHU,473263822,2021-03-06 13:00:00,2,3,0,2,1897410618,I. Murphy,R,FA,R,-0.46255,2.39975,20.4219,6.85449,6.28111,SL,K,-1.18561,6.33362,88.15636,2056.639638,199.747029,-0.15
502,2021,4285,SJU,D1 Big East Conference,730194944,SHU,473263822,2021-03-06 13:00:00,2,3,1,2,1897410618,I. Murphy,R,FA,R,0.01063,3.15337,23.80812,1.25496,6.36992,SL,K,-1.20817,6.32123,89.48897,2120.700883,183.187151,-0.15
503,2021,4285,SJU,D1 Big East Conference,730194944,SHU,473263822,2021-03-06 13:00:00,2,3,2,2,1897410618,I. Murphy,R,FA,R,0.4976,2.82157,21.45667,7.94256,6.0198,F,K,-1.1297,6.4435,91.20782,2088.879634,201.484788,0.0
504,2021,4285,SJU,D1 Big East Conference,730194944,SHU,473263822,2021-03-06 13:00:00,2,3,2,2,1897410618,I. Murphy,R,FA,R,1.13549,3.00536,17.27135,3.34827,6.48142,SS,K,-1.06419,6.26735,90.2974,2024.54024,191.826557,-0.15
505,2021,4285,SJU,D1 Big East Conference,730194944,SHU,473263822,2021-03-06 13:00:00,3,0,0,0,1897410618,I. Murphy,R,FA,L,-0.34445,1.86896,21.83072,2.37685,6.14252,SS,IP_OUT,-0.84752,6.37765,88.2499,2079.365281,186.688668,-0.15
506,2021,4285,SJU,D1 Big East Conference,730194944,SHU,473263822,2021-03-06 13:00:00,3,0,1,0,1897410618,I. Murphy,R,CH,L,-0.39334,0.66601,17.70214,14.6156,6.09889,B,IP_OUT,-1.32123,6.20527,82.46166,2045.706509,222.613176,0.13
507,2021,4285,SJU,D1 Big East Conference,730194944,SHU,473263822,2021-03-06 13:00:00,3,0,0,1,1897410618,I. Murphy,R,FA,L,-0.21299,1.48881,17.80639,7.19343,6.12403,F,BB,-0.96926,6.38542,88.5889,2017.057744,203.637375,-0.15
508,2021,4285,SJU,D1 Big East Conference,730194944,SHU,473263822,2021-03-06 13:00:00,3,0,1,1,1897410618,I. Murphy,R,CH,L,-0.56818,0.62403,17.7306,14.55556,6.37445,SS,BB,-1.28753,6.1453,82.60726,2068.830596,222.113363,-0.15
509,2021,4285,SJU,D1 Big East Conference,730194944,SHU,473263822,2021-03-06 13:00:00,3,0,2,1,1897410618,I. Murphy,R,CH,L,-2.28812,2.68498,15.78887,19.41871,6.22497,B,BB,-1.27008,6.19272,84.37075,1920.815055,234.235604,0.13
510,2021,4285,SJU,D1 Big East Conference,730194944,SHU,473263822,2021-03-06 13:00:00,3,1,2,1,1897410618,I. Murphy,R,CH,L,0.48532,1.61548,17.09324,15.0841,6.27386,B,BB,-1.1251,6.23005,84.13092,2090.779424,224.048473,0.13
511,2021,4285,SJU,D1 Big East Conference,730194944,SHU,473263822,2021-03-06 13:00:00,3,2,2,1,1897410618,I. Murphy,R,FA,L,0.77601,2.78371,22.05304,0.51083,6.2677,B,BB,-1.00036,6.31885,90.20718,2015.669212,181.404423,0.13
512,2021,4285,SJU,D1 Big East Conference,730194944,SHU,473263822,2021-03-06 13:00:00,3,3,2,1,1897410618,I. Murphy,R,FA,L,-0.41588,1.20316,17.37903,5.82599,6.01839,B,BB,-1.02596,6.24825,91.88393,2083.146351,199.787952,0.8
513,2021,4285,SJU,D1 Big East Conference,730194944,SHU,473263822,2021-03-06 13:00:00,3,0,0,1,1897410618,I. Murphy,R,CU,R,1.198,2.747,-2.0741,-7.93977,5.64256,SL,BB,-1.02404,6.40346,77.48892,2091.300496,64.412684,-0.15
514,2021,4285,SJU,D1 Big East Conference,730194944,SHU,473263822,2021-03-06 13:00:00,3,0,1,1,1897410618,I. Murphy,R,CU,R,0.21525,2.44022,-6.43339,-12.16115,5.12905,F,BB,-1.18798,6.21721,75.37734,1981.796494,56.727553,-0.15
515,2021,4285,SJU,D1 Big East Conference,730194944,SHU,473263822,2021-03-06 13:00:00,3,0,2,1,1897410618,I. Murphy,R,CU,R,0.24657,2.94968,1.50728,-7.69536,5.58875,F,BB,-1.46586,6.15184,79.30873,2045.310148,88.414433,0.0
516,2021,4285,SJU,D1 Big East Conference,730194944,SHU,473263822,2021-03-06 13:00:00,3,0,2,1,1897410618,I. Murphy,R,FA,R,0.92334,4.54049,20.85214,2.86083,6.36173,B,BB,-0.94184,6.47946,89.66606,1942.702306,188.313322,0.13
517,2021,4285,SJU,D1 Big East Conference,730194944,SHU,473263822,2021-03-06 13:00:00,3,1,2,1,1897410618,I. Murphy,R,CU,R,-1.60057,5.41455,-7.69937,-6.18485,5.37611,B,BB,-1.19304,6.23585,74.63199,1963.144564,33.421731,0.13
518,2021,4285,SJU,D1 Big East Conference,730194944,SHU,473263822,2021-03-06 13:00:00,3,2,2,1,1897410618,I. Murphy,R,CH,R,-1.19236,2.39624,17.29737,16.6841,6.13814,F,BB,-1.30015,6.31812,83.37452,1982.399285,226.427327,0.0
519,2021,4285,SJU,D1 Big East Conference,730194944,SHU,473263822,2021-03-06 13:00:00,3,2,2,1,1897410618,I. Murphy,R,FA,R,-0.41429,2.704,21.70584,8.58323,6.12998,F,BB,-0.96425,6.30703,88.71543,2114.905667,203.220376,0.0
520,2021,4285,SJU,D1 Big East Conference,730194944,SHU,473263822,2021-03-06 13:00:00,3,2,2,1,1897410618,I. Murphy,R,CU,R,-0.2339,3.71683,-6.22815,-14.05914,5.15233,F,BB,-1.51106,6.066,78.82711,2015.472354,59.37804,0.0
521,2021,4285,SJU,D1 Big East Conference,730194944,SHU,473263822,2021-03-06 13:00:00,3,2,2,1,1897410618,I. Murphy,R,CH,R,-2.19364,3.03926,14.38768,19.11096,6.08209,B,BB,-1.34464,6.13182,81.87427,1939.619882,236.40771,0.13
522,2021,4285,SJU,D1 Big East Conference,730194944,SHU,473263822,2021-03-06 13:00:00,3,3,2,1,1897410618,I. Murphy,R,FA,R,0.17079,5.30536,22.8169,2.10004,6.27249,B,BB,-1.14046,6.42968,88.80761,2191.893699,185.609072,0.8
523,2021,4285,SJU,D1 Big East Conference,730194944,SHU,473263822,2021-03-06 13:00:00,3,0,0,1,1897410618,I. Murphy,R,CH,L,-0.48092,1.56187,15.45178,16.32804,6.18483,SS,DP,-1.21183,6.17453,81.27235,2007.259797,229.439232,-0.15
524,2021,4285,SJU,D1 Big East Conference,730194944,SHU,473263822,2021-03-06 13:00:00,3,0,1,1,1897410618,I. Murphy,R,CH,L,-0.9905,2.54553,16.69328,18.67533,6.41578,F,DP,-1.28039,6.20611,82.05158,2014.344479,231.086822,-0.15
525,2021,4285,SJU,D1 Big East Conference,730194944,SHU,473263822,2021-03-06 13:00:00,3,0,2,1,1897410618,I. Murphy,R,FA,L,-0.57982,2.24266,19.29407,4.16823,6.064,IP,DP,-1.0302,6.29303,90.30948,2004.126098,193.0175,-0.21
526,2021,4285,SJU,D1 Big East Conference,730194944,SHU,473263822,2021-03-06 13:00:00,4,0,0,0,1897410618,I. Murphy,R,CU,R,-0.1117,4.59898,-1.81193,-5.82461,5.28059,B,BB,-1.12261,6.39579,74.41899,1992.508452,57.28077,0.13
527,2021,4285,SJU,D1 Big East Conference,730194944,SHU,473263822,2021-03-06 13:00:00,4,1,0,0,1897410618,I. Murphy,R,FA,R,1.8611,3.6723,23.58793,-2.50854,6.4138,B,BB,-0.94333,6.41661,87.56397,2031.447744,173.552681,0.13
528,2021,4285,SJU,D1 Big East Conference,730194944,SHU,473263822,2021-03-06 13:00:00,4,2,0,0,1897410618,I. Murphy,R,FA,R,0.65727,0.89897,20.65277,4.89666,6.28053,B,BB,-1.01852,6.30281,88.59738,2082.429704,194.326048,0.13
529,2021,4285,SJU,D1 Big East Conference,730194944,SHU,473263822,2021-03-06 13:00:00,4,3,0,0,1897410618,I. Murphy,R,FA,R,-0.72615,1.42773,14.96009,1.49567,6.37182,B,BB,-1.10934,6.23276,88.36078,2080.517161,186.088779,0.8
530,2021,4285,SJU,D1 Big East Conference,730194944,SHU,473263822,2021-03-06 13:00:00,4,0,0,0,1897410618,I. Murphy,R,FA,R,0.01646,2.26279,20.04544,2.6504,6.22226,SL,K,-1.23868,6.18587,87.11944,2055.058638,187.962823,-0.15
531,2021,4285,SJU,D1 Big East Conference,730194944,SHU,473263822,2021-03-06 13:00:00,4,0,1,0,1897410618,I. Murphy,R,FA,R,0.4663,3.10947,23.56513,-0.5128,6.11619,F,K,-0.9793,6.37497,87.22046,2093.457667,178.6787,-0.15
532,2021,4285,SJU,D1 Big East Conference,730194944,SHU,473263822,2021-03-06 13:00:00,4,0,2,0,1897410618,I. Murphy,R,SL,R,-0.48316,2.54969,0.96425,-9.2515,5.46207,SL,K,-1.53681,6.13869,79.93043,2098.797226,86.542917,-0.15
533,2021,4285,SJU,D1 Big East Conference,730194944,SHU,473263822,2021-03-06 13:00:00,4,0,0,1,1897410618,I. Murphy,R,CH,R,-0.33202,0.95041,13.8767,11.83512,6.07452,B,IP_OUT,-1.24603,6.19998,81.18341,1944.51195,224.209426,0.13
534,2021,4285,SJU,D1 Big East Conference,730194944,SHU,473263822,2021-03-06 13:00:00,4,1,0,1,1897410618,I. Murphy,R,FA,R,0.6073,2.70176,20.26281,2.90799,6.03785,F,IP_OUT,-0.98912,6.35211,88.47863,2055.220487,188.768872,-0.15
535,2021,4285,SJU,D1 Big East Conference,730194944,SHU,473263822,2021-03-06 13:00:00,4,1,1,1,1897410618,I. Murphy,R,SL,R,0.52781,3.35089,5.54162,-4.41662,5.66146,SL,IP_OUT,-1.47382,6.08917,79.91405,2280.741446,132.27093,-0.15
536,2021,4285,SJU,D1 Big East Conference,730194944,SHU,473263822,2021-03-06 13:00:00,4,1,2,1,1897410618,I. Murphy,R,FA,R,0.39723,2.62083,20.22292,-0.47134,6.32587,F,IP_OUT,-1.12622,6.38405,89.11322,2153.92965,178.5705,0.0
537,2021,4285,SJU,D1 Big East Conference,730194944,SHU,473263822,2021-03-06 13:00:00,4,1,2,1,1897410618,I. Murphy,R,CU,R,-1.26233,4.2479,-6.94504,-18.3784,5.11634,B,IP_OUT,-1.52709,6.05148,77.83402,2134.929289,64.205421,0.13
538,2021,4285,SJU,D1 Big East Conference,730194944,SHU,473263822,2021-03-06 13:00:00,4,0,0,2,1897410618,I. Murphy,R,FA,R,0.53866,3.82819,25.25923,6.07792,6.20371,B,K,-1.06614,6.33163,87.51046,1976.357172,194.280695,0.13
539,2021,4285,SJU,D1 Big East Conference,730194944,SHU,473263822,2021-03-06 13:00:00,4,1,0,2,1897410618,I. Murphy,R,FA,R,-0.29031,2.47736,21.79604,12.04339,6.25343,F,K,-1.06556,6.17425,87.34358,2032.294686,210.594222,-0.15
540,2021,4285,SJU,D1 Big East Conference,730194944,SHU,473263822,2021-03-06 13:00:00,4,1,1,2,1897410618,I. Murphy,R,SL,R,-1.45935,4.27181,3.40347,-4.70331,5.60462,B,K,-1.69742,5.94967,79.05846,2051.883868,108.950625,0.13
541,2021,4285,SJU,D1 Big East Conference,730194944,SHU,473263822,2021-03-06 13:00:00,4,2,1,2,1897410618,I. Murphy,R,FA,R,-0.12856,3.32064,23.52403,3.58701,6.48505,SS,K,-1.07834,6.28448,88.28758,2098.065377,189.259289,-0.15
542,2021,4285,SJU,D1 Big East Conference,730194944,SHU,473263822,2021-03-06 13:00:00,4,2,2,2,1897410618,I. Murphy,R,FA,R,-0.27061,3.03011,16.46485,5.2565,6.37184,SS,K,-1.0815,6.31406,90.12778,1956.783863,199.120102,-0.15
543,2021,4285,SJU,D1 Big East Conference,730194944,SHU,473263822,2021-03-06 13:00:00,5,0,0,0,1897410618,I. Murphy,R,FA,R,0.41324,4.09106,20.07926,8.80115,6.52226,B,IP_OUT,-0.95986,6.24791,86.48059,2138.169606,205.227971,0.13
544,2021,4285,SJU,D1 Big East Conference,730194944,SHU,473263822,2021-03-06 13:00:00,5,1,0,0,1897410618,I. Murphy,R,FA,R,-0.04427,3.45227,18.82682,12.59926,6.06741,F,IP_OUT,-1.03899,6.25428,88.94957,2219.708864,216.054816,-0.15
545,2021,4285,SJU,D1 Big East Conference,730194944,SHU,473263822,2021-03-06 13:00:00,5,1,1,0,1897410618,I. Murphy,R,SL,R,-0.6505,3.49931,-0.14177,-7.61548,5.51949,B,IP_OUT,-1.52022,6.02598,78.18348,2217.163218,77.283158,0.13
546,2021,4285,SJU,D1 Big East Conference,730194944,SHU,473263822,2021-03-06 13:00:00,5,2,1,0,1897410618,I. Murphy,R,FA,R,0.01745,2.98455,18.54844,11.30154,6.4262,F,IP_OUT,-0.97969,6.24404,88.54844,2062.927113,213.285988,-0.15
547,2021,4285,SJU,D1 Big East Conference,730194944,SHU,473263822,2021-03-06 13:00:00,5,0,0,1,1897410618,I. Murphy,R,CH,L,1.60386,1.86753,17.55347,15.4269,6.03554,B,IP_OUT,-1.12225,6.23388,81.52908,1871.305481,224.523123,0.13
548,2021,4285,SJU,D1 Big East Conference,730194944,SHU,473263822,2021-03-06 13:00:00,5,0,0,2,1897410618,I. Murphy,R,CH,L,-0.5436,2.73592,17.7006,16.72355,6.34412,SL,S,-1.10141,6.29681,80.58711,1932.645741,226.64446,-0.15
549,2021,4285,SJU,D1 Big East Conference,730194944,SHU,473263822,2021-03-06 13:00:00,5,0,1,2,1897410618,I. Murphy,R,FA,L,0.54599,2.61518,19.21359,4.73496,6.69923,IP,S,-0.94661,6.24627,88.3417,2163.262887,194.908195,1.0
550,2021,4285,SJU,D1 Big East Conference,730194944,SHU,473263822,2021-03-06 13:00:00,5,0,0,2,1897410618,I. Murphy,R,CH,R,-0.37536,3.53291,19.18359,15.13253,6.07637,SL,D,-1.10472,6.40591,80.46507,1930.763914,221.272234,-0.15
551,2021,4285,SJU,D1 Big East Conference,730194944,SHU,473263822,2021-03-06 13:00:00,5,0,1,2,1897410618,I. Murphy,R,CU,R,0.38393,1.76297,-6.54835,-8.03768,5.88818,SS,D,-1.00584,6.46786,71.52839,1929.323209,43.130178,-0.15
552,2021,4285,SJU,D1 Big East Conference,730194944,SHU,473263822,2021-03-06 13:00:00,5,0,2,2,1897410618,I. Murphy,R,CU,R,0.95562,3.29205,-2.06327,-10.65725,5.191,F,D,-1.11029,6.26984,74.59864,2006.829279,71.123312,0.0
553,2021,4285,SJU,D1 Big East Conference,730194944,SHU,473263822,2021-03-06 13:00:00,5,0,2,2,1897410618,I. Murphy,R,FA,R,0.23809,2.84731,17.51647,4.92634,6.28696,IP,D,-0.87555,6.3502,88.76209,1961.291653,197.002171,1.26
554,2021,4285,SJU,D1 Big East Conference,730194944,SHU,473263822,2021-03-06 13:00:00,5,0,0,2,1897410618,I. Murphy,R,CH,L,-0.04282,2.35422,19.85072,15.22615,6.11417,SL,K,-1.31622,6.30827,80.44828,1999.863848,219.886329,-0.15
555,2021,4285,SJU,D1 Big East Conference,730194944,SHU,473263822,2021-03-06 13:00:00,5,0,1,2,1897410618,I. Murphy,R,CH,L,-0.95941,-0.07108,13.16013,16.35497,5.90359,B,K,-1.29843,6.17213,81.10124,1869.600866,235.207158,0.13
556,2021,4285,SJU,D1 Big East Conference,730194944,SHU,473263822,2021-03-06 13:00:00,5,1,1,2,1897410618,I. Murphy,R,CU,L,-1.26348,4.27468,-4.2978,-6.87981,5.52682,B,K,-1.41186,6.27891,73.68096,1927.119305,48.500904,0.13
557,2021,4285,SJU,D1 Big East Conference,730194944,SHU,473263822,2021-03-06 13:00:00,5,2,1,2,1897410618,I. Murphy,R,CH,L,-0.38364,1.49267,13.64119,19.86064,5.90533,SS,K,-1.20572,6.12592,80.91874,1848.371536,239.061429,-0.15
558,2021,4285,SJU,D1 Big East Conference,730194944,SHU,473263822,2021-03-06 13:00:00,5,2,2,2,1897410618,I. Murphy,R,CH,L,-1.63634,2.70909,13.1704,17.82859,6.06703,SS,K,-1.32287,6.22055,79.80063,1911.963642,237.533026,-0.15
559,2021,4285,SJU,D1 Big East Conference,730194944,SHU,473263822,2021-03-06 13:00:00,6,0,0,0,1327460352,G. Mosseau,L,FA,R,-0.87985,0.90128,15.01225,-23.20808,6.75916,B,K,0.8887,6.06887,84.04418,1773.938524,120.15655,0.13
560,2021,4285,SJU,D1 Big East Conference,730194944,SHU,473263822,2021-03-06 13:00:00,6,1,0,0,1327460352,G. Mosseau,L,FA,R,0.10892,4.60325,13.03623,-17.11269,6.68841,B,K,0.93059,5.94332,84.03972,1497.80018,124.574098,0.13
561,2021,4285,SJU,D1 Big East Conference,730194944,SHU,473263822,2021-03-06 13:00:00,6,2,0,0,1327460352,G. Mosseau,L,FA,R,-0.08166,3.61292,16.58383,-20.75411,6.43543,SL,K,0.78103,5.98874,83.00044,1672.68986,126.217774,-0.15
562,2021,4285,SJU,D1 Big East Conference,730194944,SHU,473263822,2021-03-06 13:00:00,6,2,1,0,1327460352,G. Mosseau,L,FA,R,-0.33462,2.30987,9.22158,-23.5923,6.62772,SL,K,0.78928,6.0189,84.52788,1593.803517,108.349537,-0.15
563,2021,4285,SJU,D1 Big East Conference,730194944,SHU,473263822,2021-03-06 13:00:00,6,2,2,0,1327460352,G. Mosseau,L,FA,R,-0.03347,1.68801,16.91729,-22.38706,6.59018,F,K,0.71661,6.10072,85.5191,1990.142898,124.548296,0.0
564,2021,4285,SJU,D1 Big East Conference,730194944,SHU,473263822,2021-03-06 13:00:00,6,2,2,0,1327460352,G. Mosseau,L,FA,R,-0.48231,3.36293,20.8371,-19.80808,6.51697,SS,K,0.85048,6.05711,83.91455,2026.697291,134.267176,-0.15
565,2021,4285,SJU,D1 Big East Conference,730194944,SHU,473263822,2021-03-06 13:00:00,6,0,0,1,1327460352,G. Mosseau,L,FA,R,1.41849,3.26418,14.3504,-23.08714,6.50593,F,K,0.75068,6.08431,86.074,1903.722375,119.508024,-0.15
566,2021,4285,SJU,D1 Big East Conference,730194944,SHU,473263822,2021-03-06 13:00:00,6,0,1,1,1327460352,G. Mosseau,L,CH,R,0.46701,3.41494,6.35886,-23.01096,6.95034,SL,K,1.07341,5.80605,77.13645,1434.418655,101.776678,-0.15
567,2021,4285,SJU,D1 Big East Conference,730194944,SHU,473263822,2021-03-06 13:00:00,6,0,2,1,1327460352,G. Mosseau,L,CH,R,0.56558,-0.04194,-0.25618,-24.61702,7.14111,B,K,1.05669,5.71214,76.5748,1353.714632,85.282603,0.13
568,2021,4285,SJU,D1 Big East Conference,730194944,SHU,473263822,2021-03-06 13:00:00,6,1,2,1,1327460352,G. Mosseau,L,FA,R,-0.86402,2.00782,16.53631,-19.31466,6.63505,SL,K,0.8485,5.95317,85.89272,2000.877831,128.210149,-0.15
569,2021,4285,SJU,D1 Big East Conference,730194944,SHU,473263822,2021-03-06 13:00:00,6,0,0,2,1327460352,G. Mosseau,L,FA,R,-0.95039,1.32051,16.73214,-19.4069,6.78609,B,IP_OUT,0.84896,5.88237,86.31732,2012.939466,128.379811,0.13
570,2021,4285,SJU,D1 Big East Conference,730194944,SHU,473263822,2021-03-06 13:00:00,6,1,0,2,1327460352,G. Mosseau,L,FA,R,-0.11654,2.25983,14.48143,-24.92659,6.57285,SL,IP_OUT,1.01502,5.98697,85.34287,2002.417654,117.323723,-0.15
571,2021,4285,SJU,D1 Big East Conference,730194944,SHU,473263822,2021-03-06 13:00:00,7,0,0,0,1327460352,G. Mosseau,L,FA,R,0.57796,3.59292,22.50867,-27.28017,6.44676,B,BB,0.89526,6.10623,85.05992,1757.749115,127.160361,0.13
572,2021,4285,SJU,D1 Big East Conference,730194944,SHU,473263822,2021-03-06 13:00:00,7,1,0,0,1327460352,G. Mosseau,L,FA,R,-0.92294,0.0613,17.29399,-22.23667,6.83319,B,BB,0.994,5.71542,85.00524,2028.881318,125.466296,0.13
573,2021,4285,SJU,D1 Big East Conference,730194944,SHU,473263822,2021-03-06 13:00:00,7,2,0,0,1327460352,G. Mosseau,L,FA,R,0.89427,3.48215,19.79938,-19.38316,6.53456,B,BB,0.7479,5.9046,84.46053,1930.616764,133.234304,0.13
574,2021,4285,SJU,D1 Big East Conference,730194944,SHU,473263822,2021-03-06 13:00:00,7,3,0,0,1327460352,G. Mosseau,L,FA,R,1.8846,4.09436,14.57284,-19.83214,6.86116,B,BB,1.1046,5.92124,83.82455,1840.088311,123.43713,0.8
575,2021,4285,SJU,D1 Big East Conference,730194944,SHU,473263822,2021-03-06 13:00:00,7,0,0,0,1327460352,G. Mosseau,L,FA,R,-0.99877,2.61782,17.80371,-21.53092,6.70951,SL,K,0.84242,5.9085,85.55515,1601.082159,127.054562,-0.15
576,2021,4285,SJU,D1 Big East Conference,730194944,SHU,473263822,2021-03-06 13:00:00,7,0,1,0,1327460352,G. Mosseau,L,FA,R,0.5869,3.50464,15.8054,-21.38678,6.65489,F,K,0.92458,5.88184,84.73596,1864.380071,124.010083,-0.15
577,2021,4285,SJU,D1 Big East Conference,730194944,SHU,473263822,2021-03-06 13:00:00,7,0,2,0,1327460352,G. Mosseau,L,CH,R,-0.00649,3.92683,3.18634,-17.93493,6.99545,B,K,1.07454,5.70278,76.80217,1108.458018,94.914568,0.13
578,2021,4285,SJU,D1 Big East Conference,730194944,SHU,473263822,2021-03-06 13:00:00,7,1,2,0,1327460352,G. Mosseau,L,CH,R,1.53341,2.85887,-3.5841,-13.30162,7.28116,SS,K,1.23801,5.59696,75.33978,1062.388911,69.264098,-0.15
579,2021,4285,SJU,D1 Big East Conference,730194944,SHU,473263822,2021-03-06 13:00:00,7,0,0,1,1327460352,G. Mosseau,L,FA,L,-0.70169,3.79141,15.7441,-19.3006,6.57562,B,BB,0.9609,5.94873,85.0926,1667.778152,126.436733,0.13
580,2021,4285,SJU,D1 Big East Conference,730194944,SHU,473263822,2021-03-06 13:00:00,7,1,0,1,1327460352,G. Mosseau,L,FA,L,-0.57616,2.77664,12.24292,-22.21769,6.69258,SS,BB,1.00629,5.88579,84.32048,1759.56827,116.125972,-0.15
581,2021,4285,SJU,D1 Big East Conference,730194944,SHU,473263822,2021-03-06 13:00:00,7,1,1,1,1327460352,G. Mosseau,L,FA,L,-0.24565,2.91504,13.12997,-25.26942,6.86949,F,BB,0.83109,5.88111,84.31276,1743.809566,114.785202,-0.15
582,2021,4285,SJU,D1 Big East Conference,730194944,SHU,473263822,2021-03-06 13:00:00,7,1,2,1,1327460352,G. Mosseau,L,SL,L,-1.01758,4.33408,-6.28347,0.81193,6.50911,B,BB,1.09828,5.75631,74.84181,1996.771342,354.239816,0.13
583,2021,4285,SJU,D1 Big East Conference,730194944,SHU,473263822,2021-03-06 13:00:00,7,2,2,1,1327460352,G. Mosseau,L,FA,L,-0.5177,2.82444,11.17445,-24.88332,6.57318,F,BB,1.12676,5.66165,83.8307,1884.975292,111.370637,0.0
584,2021,4285,SJU,D1 Big East Conference,730194944,SHU,473263822,2021-03-06 13:00:00,7,2,2,1,1327460352,G. Mosseau,L,FA,L,-1.483,3.73267,19.69474,-20.97588,6.82585,B,BB,1.0456,5.7187,85.48118,1897.742022,130.893473,0.13
585,2021,4285,SJU,D1 Big East Conference,730194944,SHU,473263822,2021-03-06 13:00:00,7,3,2,1,1327460352,G. Mosseau,L,FA,L,-1.82643,1.02046,18.99221,-18.01214,6.97368,B,BB,0.90942,5.87573,85.36029,1954.751477,134.414898,0.8
586,2021,4285,SJU,D1 Big East Conference,730194944,SHU,473263822,2021-03-06 13:00:00,7,0,0,1,1327460352,G. Mosseau,L,FA,L,-1.27804,2.85425,20.93489,-16.47119,6.63803,SL,BB,0.88762,5.98863,86.01141,1938.852562,139.846878,-0.15
587,2021,4285,SJU,D1 Big East Conference,730194944,SHU,473263822,2021-03-06 13:00:00,7,0,1,1,1327460352,G. Mosseau,L,SL,L,-2.84908,1.28412,-5.79528,2.46469,6.64593,B,BB,1.22853,5.71413,74.32637,2041.222946,342.465205,0.13
588,2021,4285,SJU,D1 Big East Conference,730194944,SHU,473263822,2021-03-06 13:00:00,7,1,1,1,1327460352,G. Mosseau,L,FA,L,-2.07754,-0.11925,20.03552,-20.78139,6.84852,B,BB,0.96477,5.76614,85.0912,1971.655243,131.973056,0.13
589,2021,4285,SJU,D1 Big East Conference,730194944,SHU,473263822,2021-03-06 13:00:00,7,2,1,1,1327460352,G. Mosseau,L,FA,L,-0.68069,0.85354,13.47009,-28.32297,6.92892,B,BB,1.00088,5.79946,84.12277,1927.564071,113.19242,0.13
590,2021,4285,SJU,D1 Big East Conference,730194944,SHU,473263822,2021-03-06 13:00:00,7,3,1,1,1327460352,G. Mosseau,L,FA,L,-1.27562,0.91782,10.85796,-26.56742,6.69603,B,BB,0.82811,5.93357,84.25311,1575.220958,109.808212,0.8
591,2021,4285,SJU,D1 Big East Conference,730194944,SHU,473263822,2021-03-06 13:00:00,7,0,0,1,1327460352,G. Mosseau,L,FA,R,-1.62537,0.93669,16.91969,-22.84013,6.98006,B,K,1.03651,5.77497,85.19179,1616.842295,124.469831,0.13
592,2021,4285,SJU,D1 Big East Conference,730194944,SHU,473263822,2021-03-06 13:00:00,7,1,0,1,1327460352,G. Mosseau,L,CH,R,1.91337,4.41256,2.00976,-18.69718,7.17305,B,K,0.9162,5.64312,73.29265,1145.068115,92.015416,0.13
593,2021,4285,SJU,D1 Big East Conference,730194944,SHU,473263822,2021-03-06 13:00:00,7,2,0,1,1327460352,G. Mosseau,L,FA,R,-0.20615,2.13049,14.10709,-26.45785,6.74725,SL,K,0.98152,5.89955,85.054,1853.091479,115.839939,-0.15
594,2021,4285,SJU,D1 Big East Conference,730194944,SHU,473263822,2021-03-06 13:00:00,7,2,1,1,1327460352,G. Mosseau,L,FA,R,-0.86874,2.82203,19.85088,-17.87623,6.73376,F,K,0.88446,5.86405,84.00477,1951.441144,135.805502,-0.15
595,2021,4285,SJU,D1 Big East Conference,730194944,SHU,473263822,2021-03-06 13:00:00,7,2,2,1,1327460352,G. Mosseau,L,CH,R,1.14883,3.58149,2.75055,-20.5958,7.05775,B,K,1.01696,5.7573,75.79252,1192.973889,93.215995,0.13
596,2021,4285,SJU,D1 Big East Conference,730194944,SHU,473263822,2021-03-06 13:00:00,7,3,2,1,1327460352,G. Mosseau,L,CH,R,1.09054,2.90864,10.28973,-29.78435,6.60385,SS,K,0.95647,5.82796,82.49767,1687.57983,106.152467,-0.15
597,2021,4285,SJU,D1 Big East Conference,730194944,SHU,473263822,2021-03-06 13:00:00,7,0,0,2,1327460352,G. Mosseau,L,SL,L,-1.26414,2.72833,1.78461,0.08917,6.89706,SL,ROE,1.18462,5.77116,75.36451,1854.175007,285.990667,-0.15
598,2021,4285,SJU,D1 Big East Conference,730194944,SHU,473263822,2021-03-06 13:00:00,7,0,1,2,1327460352,G. Mosseau,L,SL,L,0.47929,2.1989,-1.70012,-6.88118,6.56332,IP,ROE,1.21594,5.69284,73.53936,1834.92008,59.609808,0.0
599,2021,4285,SJU,D1 Big East Conference,730194944,SHU,473263822,2021-03-06 13:00:00,7,0,0,2,1327460352,G. Mosseau,L,CH,R,1.14675,4.19109,0.50618,-16.39958,7.4325,B,K,1.07835,5.83773,74.45714,1030.027678,85.466393,0.13
600,2021,4285,SJU,D1 Big East Conference,730194944,SHU,473263822,2021-03-06 13:00:00,7,1,0,2,1327460352,G. Mosseau,L,FA,R,0.0308,2.66119,13.01469,-25.59722,6.946,SL,K,1.04422,5.7922,84.12218,1778.103438,114.000742,-0.15
601,2021,4285,SJU,D1 Big East Conference,730194944,SHU,473263822,2021-03-06 13:00:00,7,1,1,2,1327460352,G. Mosseau,L,FA,R,0.0881,1.93104,14.80127,-23.84753,7.0872,F,K,1.00826,5.78347,84.67076,1663.491541,118.988772,-0.15
602,2021,4285,SJU,D1 Big East Conference,730194944,SHU,473263822,2021-03-06 13:00:00,7,1,2,2,1327460352,G. Mosseau,L,CH,R,0.97248,1.32288,7.19221,-24.67568,7.09766,SS,K,1.11006,5.7932,76.1017,1281.02427,102.61986,-0.15
603,2021,4285,SJU,D1 Big East Conference,730194944,SHU,473263822,2021-03-06 13:00:00,8,0,0,0,1126611968,J. Lajoie,R,FA,R,-0.00457,1.28811,22.43824,-4.28717,7.10367,B,BB,-1.1134,5.84575,87.82587,2003.030934,168.464216,0.13
604,2021,4285,SJU,D1 Big East Conference,730194944,SHU,473263822,2021-03-06 13:00:00,8,1,0,0,1126611968,J. Lajoie,R,FA,R,-0.01798,3.26086,22.613,-2.6676,6.96018,SL,BB,-1.13,5.78819,87.46749,2147.932807,172.824193,-0.15
605,2021,4285,SJU,D1 Big East Conference,730194944,SHU,473263822,2021-03-06 13:00:00,8,1,1,0,1126611968,J. Lajoie,R,FA,R,0.10326,3.58839,18.7995,-2.18547,6.90027,SL,BB,-0.87021,5.87321,87.98801,2026.044967,172.883447,-0.15
606,2021,4285,SJU,D1 Big East Conference,730194944,SHU,473263822,2021-03-06 13:00:00,8,1,2,0,1126611968,J. Lajoie,R,FA,R,-0.79561,3.10083,20.67922,1.65394,7.0234,F,BB,-0.75766,5.86708,88.41142,2003.236279,184.939708,0.0
607,2021,4285,SJU,D1 Big East Conference,730194944,SHU,473263822,2021-03-06 13:00:00,8,1,2,0,1126611968,J. Lajoie,R,SL,R,0.22354,-0.96581,3.46496,-9.63158,6.27315,B,BB,-1.58489,5.67839,76.28714,2330.198652,102.166039,0.13
608,2021,4285,SJU,D1 Big East Conference,730194944,SHU,473263822,2021-03-06 13:00:00,8,2,2,0,1126611968,J. Lajoie,R,FA,R,1.66963,1.67657,21.79293,-5.71996,7.05479,B,BB,-1.04599,5.67444,87.69577,2193.417307,164.427808,0.13
609,2021,4285,SJU,D1 Big East Conference,730194944,SHU,473263822,2021-03-06 13:00:00,8,3,2,0,1126611968,J. Lajoie,R,FA,R,-1.20485,1.77888,19.26103,-3.21492,6.95411,B,BB,-1.32388,5.8333,87.05978,2194.305665,169.897527,0.8
610,2021,4285,SJU,D1 Big East Conference,730194944,SHU,473263822,2021-03-06 13:00:00,8,0,0,0,1126611968,J. Lajoie,R,FA,R,0.07925,1.89038,19.0432,3.72355,7.08232,SL,IP_OUT,-1.22624,5.78563,87.65418,2056.954691,191.879559,-0.15
611,2021,4285,SJU,D1 Big East Conference,730194944,SHU,473263822,2021-03-06 13:00:00,8,0,1,0,1126611968,J. Lajoie,R,FA,R,0.74683,2.31076,24.51808,-6.663,6.87681,SS,IP_OUT,-1.14794,5.8011,88.52122,2197.001987,163.909008,-0.15
612,2021,4285,SJU,D1 Big East Conference,730194944,SHU,473263822,2021-03-06 13:00:00,8,0,2,0,1126611968,J. Lajoie,R,FA,R,1.04216,1.72768,23.13698,-3.64673,6.89817,B,IP_OUT,-1.04333,5.91675,87.60912,2145.430944,170.470401,0.13
613,2021,4285,SJU,D1 Big East Conference,730194944,SHU,473263822,2021-03-06 13:00:00,8,1,2,0,1126611968,J. Lajoie,R,FA,R,0.83165,1.89807,22.44671,-7.23961,7.15576,F,IP_OUT,-1.16613,5.82825,87.67089,2153.007466,160.971935,0.0
614,2021,4285,SJU,D1 Big East Conference,730194944,SHU,473263822,2021-03-06 13:00:00,8,1,2,0,1126611968,J. Lajoie,R,FA,R,-0.38669,4.39611,23.91596,6.24406,6.93746,B,IP_OUT,-1.05004,5.90126,88.08204,2199.943663,195.806774,0.13
615,2021,4285,SJU,D1 Big East Conference,730194944,SHU,473263822,2021-03-06 13:00:00,8,0,0,1,1126611968,J. Lajoie,R,FA,R,-0.90406,2.36754,21.00493,8.08918,6.70988,SL,FC,-1.13842,5.84929,88.40564,2235.370505,202.425588,-0.15
616,2021,4285,SJU,D1 Big East Conference,730194944,SHU,473263822,2021-03-06 13:00:00,8,0,1,1,1126611968,J. Lajoie,R,FA,R,-0.52927,2.97365,22.80391,3.21784,6.94412,F,FC,-1.1788,5.89067,88.26436,2213.842195,188.456244,-0.15
617,2021,4285,SJU,D1 Big East Conference,730194944,SHU,473263822,2021-03-06 13:00:00,8,0,2,1,1126611968,J. Lajoie,R,SL,R,-1.00813,1.81525,-1.73528,-13.17221,6.06634,IP,FC,-1.48407,5.67346,78.00688,2358.937996,74.476071,-0.21
618,2021,4285,SJU,D1 Big East Conference,730194944,SHU,473263822,2021-03-06 13:00:00,8,0,0,2,1126611968,J. Lajoie,R,FA,R,0.17309,4.14968,25.07655,4.23996,6.83477,SS,IP_OUT,-0.98702,5.9539,88.89682,2178.411126,190.179884,-0.15
619,2021,4285,SJU,D1 Big East Conference,730194944,SHU,473263822,2021-03-06 13:00:00,8,0,1,2,1126611968,J. Lajoie,R,FA,R,-0.32414,3.02973,21.85182,3.37496,6.94921,SS,IP_OUT,-0.99637,5.80101,88.12203,2120.070061,189.345797,-0.15
620,2021,4285,SJU,D1 Big East Conference,730194944,SHU,473263822,2021-03-06 13:00:00,8,0,2,2,1126611968,J. Lajoie,R,FA,R,0.00865,2.92149,20.39214,-0.17339,7.24401,F,IP_OUT,-1.08693,5.92434,88.83673,2188.194475,179.478008,0.0
621,2021,4285,SJU,D1 Big East Conference,730194944,SHU,473263822,2021-03-06 13:00:00,8,0,2,2,1126611968,J. Lajoie,R,CU,R,-1.7504,1.04228,-18.24131,-11.67288,6.06647,B,IP_OUT,-1.35939,5.7521,72.2603,1956.439748,29.751105,0.13
622,2021,4285,SJU,D1 Big East Conference,730194944,SHU,473263822,2021-03-06 13:00:00,8,1,2,2,1126611968,J. Lajoie,R,FA,R,0.30892,0.71169,23.24694,-3.24299,6.93799,B,IP_OUT,-1.0606,5.87712,87.62011,2106.005619,171.593908,0.13
623,2021,4285,SJU,D1 Big East Conference,730194944,SHU,473263822,2021-03-06 13:00:00,9,0,0,0,1126611968,J. Lajoie,R,FA,R,1.14855,1.42948,19.83017,0.40744,7.06701,B,K,-0.98587,5.85692,85.78829,2002.716926,181.264986,0.13
624,2021,4285,SJU,D1 Big East Conference,730194944,SHU,473263822,2021-03-06 13:00:00,9,1,0,0,1126611968,J. Lajoie,R,FA,R,-0.36168,3.16759,19.68863,1.01673,6.84612,SL,K,-0.9874,5.78827,85.66912,1992.440314,183.171743,-0.15
625,2021,4285,SJU,D1 Big East Conference,730194944,SHU,473263822,2021-03-06 13:00:00,9,1,1,0,1126611968,J. Lajoie,R,FA,R,-1.29151,3.43625,21.7858,0.60693,6.74267,B,K,-0.95956,5.92335,86.21986,1998.880496,181.703588,0.13
626,2021,4285,SJU,D1 Big East Conference,730194944,SHU,473263822,2021-03-06 13:00:00,9,2,1,0,1126611968,J. Lajoie,R,FA,R,-0.20834,3.24658,25.23482,-0.625,6.77011,SS,K,-1.00081,5.89832,86.67513,2025.550418,178.500425,-0.15
627,2021,4285,SJU,D1 Big East Conference,730194944,SHU,473263822,2021-03-06 13:00:00,9,0,0,1,1126611968,J. Lajoie,R,FA,L,-0.75881,2.42828,24.80982,0.96059,6.83226,SL,IP_OUT,-1.17452,5.87157,87.02467,1957.801232,182.349473,-0.15
628,2021,4285,SJU,D1 Big East Conference,730194944,SHU,473263822,2021-03-06 13:00:00,9,0,1,1,1126611968,J. Lajoie,R,FA,L,-2.269,2.80989,22.51883,-2.03173,6.67512,B,IP_OUT,-1.24424,5.82611,88.08602,2130.733707,174.534648,0.13
629,2021,4285,SJU,D1 Big East Conference,730194944,SHU,473263822,2021-03-06 13:00:00,9,0,0,2,1126611968,J. Lajoie,R,FA,R,0.29152,0.78637,20.42056,0.47736,6.88195,B,K,-1.0983,5.82858,87.07665,2004.077685,181.425905,0.13
630,2021,4285,SJU,D1 Big East Conference,730194944,SHU,473263822,2021-03-06 13:00:00,9,1,0,2,1126611968,J. Lajoie,R,FA,R,-1.14468,1.30688,24.75714,1.0376,6.73743,B,K,-1.00969,5.91473,86.98616,2154.317643,182.557737,0.13
631,2021,4285,SJU,D1 Big East Conference,730194944,SHU,473263822,2021-03-06 13:00:00,9,2,0,2,1126611968,J. Lajoie,R,FA,R,-0.58381,2.10952,16.10627,2.74736,6.70094,F,K,-1.12712,5.81443,86.51331,2043.333968,190.541459,-0.15
632,2021,4285,SJU,D1 Big East Conference,730194944,SHU,473263822,2021-03-06 13:00:00,9,2,1,2,1126611968,J. Lajoie,R,SL,R,0.14716,1.31517,-3.3978,-16.71517,6.09471,SS,K,-1.60732,5.66368,75.49651,2214.221483,73.17135,-0.15
633,2021,4285,SJU,D1 Big East Conference,730194944,SHU,473263822,2021-03-06 13:00:00,9,2,2,2,1126611968,J. Lajoie,R,SL,R,-0.99135,2.17089,-4.33591,-21.8417,5.99489,SL,K,-1.45022,5.64639,75.38043,2228.851192,74.583501,-0.15
