,year,pitchingTeamId,pitchingTeam,conference,hittingTeamId,hittingTeam,gameId,gameDate,inning,balls,strikes,outs,pitcherId,Pitcher,pitcherHand,pitchType,batterHand,plateLocX,plateLocZ,inducedVertBreak,horzBreak,extension,pitchResult,atbatResult,relX,relZ,releaseVelocity,spinRate,spinDir,rv
0,2020,245,TEX,D1 Big 12 Conference,730375936,AC,319768068,2020-03-11 13:00:00,1,0,0,0,1061062812,K. Kubichek,R,FA,L,-1.06559149422,2.75217077911,11.022034068,14.3743730915,5.93338434061,SL,IP_OUT,-0.323858759968,6.36357514333,91.8831958722,2080.80745016,232.442392846,-0.15
1,2020,245,TEX,D1 Big 12 Conference,730375936,AC,319768068,2020-03-11 13:00:00,1,0,1,0,1061062812,K. Kubichek,R,CH,L,-0.791854458456,1.69983355853,3.75827802062,12.0110204594,5.73726428128,SS,IP_OUT,-0.520773716212,6.19555577163,85.3593993793,1375.90619327,252.469248704,-0.15
2,2020,245,TEX,D1 Big 12 Conference,730375936,AC,319768068,2020-03-11 13:00:00,1,0,2,0,1061062812,K. Kubichek,R,CH,L,0.156395423885,0.793033849125,3.412720592,10.9443686293,5.73920253946,B,IP_OUT,-0.574839647676,6.12170627735,85.4310787602,1396.9114614,252.51189575,0.13
3,2020,245,TEX,D1 Big 12 Conference,730375936,AC,319768068,2020-03-11 13:00:00,1,0,0,1,1061062812,K. Kubichek,R,FA,L,0.085871819421,1.06245573103,8.32472267136,14.7155546374,5.91285866772,B,BB,-0.227012307428,6.33939166671,92.6042320161,2064.1556517,240.413054126,0.13
4,2020,245,TEX,D1 Big 12 Conference,730375936,AC,319768068,2020-03-11 13:00:00,1,1,0,1,1061062812,K. Kubichek,R,FA,L,-1.27618892133,2.84405560199,11.6984662325,10.155054127,6.06275292093,B,BB,-0.345854750389,6.3113200277,91.3477254426,2047.58668849,220.885317173,0.13
5,2020,245,TEX,D1 Big 12 Conference,730375936,AC,319768068,2020-03-11 13:00:00,1,2,0,1,1061062812,K. Kubichek,R,FA,L,0.552046193215,1.77350736793,10.9124284072,10.5041354453,5.97529167081,SL,BB,-0.235907465986,6.25939771377,91.8117373876,2030.88424049,223.827127226,-0.15
6,2020,245,TEX,D1 Big 12 Conference,730375936,AC,319768068,2020-03-11 13:00:00,1,2,1,1,1061062812,K. Kubichek,R,CH,L,0.597199957595,2.47469590926,8.18386510439,11.1999189893,5.87900878541,SL,BB,-0.440563498742,6.22044061475,85.8004087006,1418.62394664,233.725925688,-0.15
7,2020,245,TEX,D1 Big 12 Conference,730375936,AC,319768068,2020-03-11 13:00:00,1,2,2,1,1061062812,K. Kubichek,R,SL,L,0.205074343187,3.75422551466,6.79599535561,-4.05566239199,5.76673602599,B,BB,-0.201725308308,6.29714180171,85.7177301887,2158.62911725,149.302395261,0.13
8,2020,245,TEX,D1 Big 12 Conference,730375936,AC,319768068,2020-03-11 13:00:00,1,3,2,1,1061062812,K. Kubichek,R,FA,L,-0.379581283745,3.34568767503,12.0686555896,10.0988396277,6.05747738914,B,BB,-0.0867273662952,6.32292328051,90.3461909617,1984.55562339,219.848139783,0.8
9,2020,245,TEX,D1 Big 12 Conference,730375936,AC,319768068,2020-03-11 13:00:00,1,0,0,1,1061062812,K. Kubichek,R,FA,R,2.05863924364,0.476780062449,6.19325615522,15.1787825188,6.08194855178,B,IP_OUT,-0.331049602187,6.20311523677,91.2777328291,1994.54700425,247.702920228,0.13
10,2020,245,TEX,D1 Big 12 Conference,730375936,AC,319768068,2020-03-11 13:00:00,1,1,0,1,1061062812,K. Kubichek,R,FA,R,0.527659371163,2.3439704387,7.03543538989,12.4003214306,6.33846472998,SL,IP_OUT,-0.359431344476,6.2322188376,90.9608990237,2084.57373927,240.32360314,-0.15
11,2020,245,TEX,D1 Big 12 Conference,730375936,AC,319768068,2020-03-11 13:00:00,1,1,1,1,1061062812,K. Kubichek,R,SL,R,-0.259140832937,4.08002773759,10.900266878,-3.432208238,6.04742514655,B,IP_OUT,-0.491923198156,6.25248752361,83.5161128404,2179.97630964,162.577675888,0.13
12,2020,245,TEX,D1 Big 12 Conference,730375936,AC,319768068,2020-03-11 13:00:00,1,2,1,1,1061062812,K. Kubichek,R,FA,R,1.04816782296,0.874929584372,5.64340507656,16.4447014033,6.21158040183,SS,IP_OUT,-0.239229698529,6.26886504612,90.3731083014,2065.14145136,250.960961608,-0.15
13,2020,245,TEX,D1 Big 12 Conference,730375936,AC,319768068,2020-03-11 13:00:00,1,2,2,1,1061062812,K. Kubichek,R,FA,R,-0.566164291941,2.48281067432,10.9891692653,13.0394768243,6.10607703282,F,IP_OUT,-0.168194445994,6.37707636001,93.2241208778,2090.7169365,229.800405764,0.0
14,2020,245,TEX,D1 Big 12 Conference,730375936,AC,319768068,2020-03-11 13:00:00,1,2,2,1,1061062812,K. Kubichek,R,SL,R,0.56280788575,4.97711604272,6.24823457228,-4.61243623658,5.76117424829,B,IP_OUT,-0.414481266204,6.27419505884,83.5569866905,2134.19838823,143.729768665,0.13
15,2020,245,TEX,D1 Big 12 Conference,730375936,AC,319768068,2020-03-11 13:00:00,1,0,0,2,1061062812,K. Kubichek,R,FA,L,-0.19559732042,3.79808795445,6.91587258288,10.6800137344,5.95392786208,B,IP_OUT,-0.333762940622,6.33009976162,91.3968388719,2016.26119891,236.958118846,0.13
16,2020,245,TEX,D1 Big 12 Conference,730375936,AC,319768068,2020-03-11 13:00:00,2,0,0,0,1061062812,K. Kubichek,R,FA,R,-0.585392534178,3.22933529054,8.96984159129,15.7042998669,5.85344156206,F,S,-0.212767229681,6.49774754803,90.4620107192,2021.96614534,240.178234124,-0.15
17,2020,245,TEX,D1 Big 12 Conference,730375936,AC,319768068,2020-03-11 13:00:00,2,0,1,0,1061062812,K. Kubichek,R,SL,R,0.415571197262,1.9866339568,9.0907944055,-3.21239835656,5.79316623684,IP,S,-0.346417350077,6.34356397495,84.702342023,2100.98347672,160.609750078,1.0
18,2020,245,TEX,D1 Big 12 Conference,730375936,AC,319768068,2020-03-11 13:00:00,2,0,0,0,1061062812,K. Kubichek,R,FA,L,-0.834206972349,3.7362562183,8.69540493394,14.7476525831,6.194006274,B,FC,-0.324258340841,6.26840905049,89.1435182939,1921.9950493,239.382286668,0.13
19,2020,245,TEX,D1 Big 12 Conference,730375936,AC,319768068,2020-03-11 13:00:00,2,1,0,0,1061062812,K. Kubichek,R,FA,L,-0.623728711634,3.12473990273,10.8247948233,12.8425447167,6.20316381844,F,FC,-0.517460594338,6.32326415964,89.7531706689,2043.6164174,229.789410621,-0.15
20,2020,245,TEX,D1 Big 12 Conference,730375936,AC,319768068,2020-03-11 13:00:00,2,1,1,0,1061062812,K. Kubichek,R,FA,L,-0.736639495282,3.4524153645,9.42944538926,11.8995210293,6.1483400007,SS,FC,-0.497482718931,6.31768341583,89.3409199889,2078.91810519,231.510334866,-0.15
21,2020,245,TEX,D1 Big 12 Conference,730375936,AC,319768068,2020-03-11 13:00:00,2,1,2,0,1061062812,K. Kubichek,R,FA,L,-1.71692787795,2.00429611769,10.1803002315,13.5921415179,6.17081301725,B,FC,-0.50889101225,6.28222575913,90.988109192,2101.52148765,233.083411688,0.13
22,2020,245,TEX,D1 Big 12 Conference,730375936,AC,319768068,2020-03-11 13:00:00,2,2,2,0,1061062812,K. Kubichek,R,FA,L,-1.46706972857,4.41506404296,8.13448311541,12.6730287988,6.040273119,B,FC,-0.358366434319,6.21899053819,90.3512946538,2014.32299186,237.203753667,0.13
23,2020,245,TEX,D1 Big 12 Conference,730375936,AC,319768068,2020-03-11 13:00:00,2,3,2,0,1061062812,K. Kubichek,R,FA,L,-1.0563171835,2.93150483079,7.68380775605,11.2280423231,6.25765839265,IP,FC,-0.358014240524,6.21527459217,89.8128239395,2025.43953632,235.50462029,-0.21
24,2020,245,TEX,D1 Big 12 Conference,730375936,AC,319768068,2020-03-11 13:00:00,2,0,0,1,1061062812,K. Kubichek,R,CH,L,-0.331357390575,2.50620971217,7.89080273549,9.93876791077,5.85367124727,F,IP_OUT,-0.639699212757,6.18057492103,84.0891191095,1418.96109736,231.423032826,-0.15
25,2020,245,TEX,D1 Big 12 Conference,730375936,AC,319768068,2020-03-11 13:00:00,2,0,1,1,1061062812,K. Kubichek,R,FA,L,-0.664689612318,1.81273371426,12.7639191605,12.2316209805,6.2103032797,SL,IP_OUT,-0.3686914059,6.27351419141,90.5479529717,2005.56277574,223.709321107,-0.15
26,2020,245,TEX,D1 Big 12 Conference,730375936,AC,319768068,2020-03-11 13:00:00,2,0,0,2,1061062812,K. Kubichek,R,FA,R,0.494689396152,0.961418830018,8.68311951763,14.6640017988,6.11618250169,B,IP_OUT,-0.382524435326,6.39037646924,91.4124435455,2079.44450803,239.278790367,0.13
27,2020,245,TEX,D1 Big 12 Conference,730375936,AC,319768068,2020-03-11 13:00:00,2,1,0,2,1061062812,K. Kubichek,R,FA,R,-0.336359751349,2.77307119427,10.8896395634,10.1993379587,6.01881965461,F,IP_OUT,-0.262868303864,6.37711528044,91.0988086405,2139.01300263,223.043487009,-0.15
28,2020,245,TEX,D1 Big 12 Conference,730375936,AC,319768068,2020-03-11 13:00:00,3,0,0,0,1061062812,K. Kubichek,R,FA,L,-1.90695867404,3.1980239348,7.96060494987,12.6349633678,5.90943333986,B,K,-0.427733992296,6.38913067022,89.1255029808,1817.12753204,237.681315753,0.13
29,2020,245,TEX,D1 Big 12 Conference,730375936,AC,319768068,2020-03-11 13:00:00,3,1,0,0,1061062812,K. Kubichek,R,FA,L,0.422330933073,2.57823233247,8.06694868732,9.88660143473,5.93573622286,F,K,-0.0654920289654,6.42725299842,89.5315065135,1902.10338435,230.675424077,-0.15
30,2020,245,TEX,D1 Big 12 Conference,730375936,AC,319768068,2020-03-11 13:00:00,3,1,1,0,1061062812,K. Kubichek,R,CH,L,0.289478957515,1.48885602115,1.81104721764,11.8966147844,5.8542770449,F,K,-0.458056081519,6.15036622146,82.8480147657,1355.07747365,261.166246823,-0.15
31,2020,245,TEX,D1 Big 12 Conference,730375936,AC,319768068,2020-03-11 13:00:00,3,1,2,0,1061062812,K. Kubichek,R,CH,L,-1.50083967179,3.04946977337,6.17335619999,10.8170672698,5.91629786634,SS,K,-0.705252137577,6.14350099114,83.590454292,1308.06738907,240.138467497,-0.15
32,2020,245,TEX,D1 Big 12 Conference,730375936,AC,319768068,2020-03-11 13:00:00,3,0,0,1,1061062812,K. Kubichek,R,CH,L,-0.621205225737,2.94231771596,5.03320124349,13.4119102829,5.77683757555,F,K,-0.502417133972,6.16521624935,83.6906188544,1358.24785774,249.290536703,-0.15
33,2020,245,TEX,D1 Big 12 Conference,730375936,AC,319768068,2020-03-11 13:00:00,3,0,1,1,1061062812,K. Kubichek,R,FA,L,-1.03514447651,2.60193026747,10.020101268,13.6350900667,6.0922126943,SL,K,-0.139424497183,6.3269982592,90.3912034128,2013.21308211,233.602836116,-0.15
34,2020,245,TEX,D1 Big 12 Conference,730375936,AC,319768068,2020-03-11 13:00:00,3,0,2,1,1061062812,K. Kubichek,R,FA,L,-1.65020219035,0.953030252056,12.5088861982,13.1356648646,6.10000555946,B,K,-0.415966079083,6.33056344778,90.4151726499,2067.11778481,226.328014504,0.13
35,2020,245,TEX,D1 Big 12 Conference,730375936,AC,319768068,2020-03-11 13:00:00,3,1,2,1,1061062812,K. Kubichek,R,FA,L,0.685349610655,2.03525587843,8.64692678644,12.4406071555,6.12213624871,SL,K,0.149201121403,6.24953305457,90.5819966405,2006.4188751,235.101754603,-0.15
36,2020,245,TEX,D1 Big 12 Conference,730375936,AC,319768068,2020-03-11 13:00:00,3,0,0,2,1061062812,K. Kubichek,R,CH,L,0.0844227181721,0.765258049454,5.01266403052,14.6848574819,5.94784172769,B,IP_OUT,-0.49491149831,6.10968548907,84.1246716079,1514.60822182,251.025070639,0.13
37,2020,245,TEX,D1 Big 12 Conference,730375936,AC,319768068,2020-03-11 13:00:00,3,1,0,2,1061062812,K. Kubichek,R,CH,L,0.116878883362,2.40545219406,7.05771880857,8.63112062247,5.88700364407,SL,IP_OUT,-0.4196427729,6.21699525685,83.8650994058,1293.41187986,230.579910825,-0.15
38,2020,245,TEX,D1 Big 12 Conference,730375936,AC,319768068,2020-03-11 13:00:00,3,1,1,2,1061062812,K. Kubichek,R,FA,L,-1.4573664827,3.06664595414,9.53032597112,12.2255586877,6.12737610188,B,IP_OUT,-0.0845875068653,6.41111553214,89.2166659161,1934.22535189,231.968105467,0.13
39,2020,245,TEX,D1 Big 12 Conference,730375936,AC,319768068,2020-03-11 13:00:00,4,0,0,0,1061062812,K. Kubichek,R,FA,R,0.28714153781,4.1580852037,10.9667845041,10.2193636807,5.93734428638,B,IP_OUT,-0.205189755697,6.44028518175,90.0554313602,1748.64638632,222.896327919,0.13
40,2020,245,TEX,D1 Big 12 Conference,730375936,AC,319768068,2020-03-11 13:00:00,4,1,0,0,1061062812,K. Kubichek,R,FA,R,1.24409811194,0.831966359382,10.1460926425,10.5185967063,5.97267366937,B,IP_OUT,-0.122017491991,6.32633440823,89.4663599323,1920.44704578,225.941489432,0.13
41,2020,245,TEX,D1 Big 12 Conference,730375936,AC,319768068,2020-03-11 13:00:00,4,2,0,0,1061062812,K. Kubichek,R,FA,R,0.340579820515,1.98507387086,9.12628173591,12.2465346606,5.92662567602,SL,IP_OUT,-0.248418341692,6.38509697652,89.0229611781,1867.19133189,233.207357174,-0.15
42,2020,245,TEX,D1 Big 12 Conference,730375936,AC,319768068,2020-03-11 13:00:00,4,2,1,0,1061062812,K. Kubichek,R,FA,R,-0.64660231407,3.83009768185,8.80317733036,13.1732395277,6.01263648354,B,IP_OUT,-0.331218674937,6.36976020047,89.6294125638,1930.8726457,236.149878663,0.13
43,2020,245,TEX,D1 Big 12 Conference,730375936,AC,319768068,2020-03-11 13:00:00,4,3,1,0,1061062812,K. Kubichek,R,FA,R,-0.375776353654,2.14572281334,4.71470999758,11.4907414802,6.22506416711,F,IP_OUT,-0.233371603501,6.23172325663,86.9248133823,1809.00577608,247.547279342,-0.15
44,2020,245,TEX,D1 Big 12 Conference,730375936,AC,319768068,2020-03-11 13:00:00,4,0,0,1,1061062812,K. Kubichek,R,FA,L,-0.118371080581,2.86456893751,9.6459948565,14.0978617219,6.03332713573,SL,IP_OUT,-0.236108861458,6.40764184987,89.590705423,2038.97005129,235.53021548,-0.15
45,2020,245,TEX,D1 Big 12 Conference,730375936,AC,319768068,2020-03-11 13:00:00,4,0,1,1,1061062812,K. Kubichek,R,FA,L,0.57362939893,2.42495607615,9.87718369937,10.9274631365,6.06910675399,F,IP_OUT,-0.166300708796,6.3509213036,90.7070661293,1956.54489566,227.799808268,-0.15
46,2020,245,TEX,D1 Big 12 Conference,730375936,AC,319768068,2020-03-11 13:00:00,4,0,0,2,1061062812,K. Kubichek,R,FA,R,0.559994334079,3.0642271105,10.5073408927,10.55075169,5.99854657662,SL,IP_OUT,-0.0951669540911,6.36375208007,91.058003126,1987.45195324,225.033821429,-0.15
47,2020,245,TEX,D1 Big 12 Conference,730375936,AC,319768068,2020-03-11 13:00:00,4,0,1,2,1061062812,K. Kubichek,R,FA,R,-0.70717830092,4.13965911253,11.6058962533,8.76825793191,6.00623044839,B,IP_OUT,-0.1818925867,6.41932628944,89.7326640968,1859.50900986,216.995828033,0.13
48,2020,245,TEX,D1 Big 12 Conference,730375936,AC,319768068,2020-03-11 13:00:00,5,0,0,0,1306672896,A. Wallace,L,FA,L,-0.549001578569,2.47447528877,17.8371149584,-3.94308966705,6.86547518657,SL,K,2.02291496644,6.42076893038,87.6832003197,2244.6268519,167.556642696,-0.15
49,2020,245,TEX,D1 Big 12 Conference,730375936,AC,319768068,2020-03-11 13:00:00,5,0,1,0,1306672896,A. Wallace,L,FA,L,-0.586237555402,2.28485662534,15.5981618031,-7.51755245056,6.74836654609,SL,K,1.96872983964,6.43678285617,88.9976274559,2236.10787096,154.313841999,-0.15
50,2020,245,TEX,D1 Big 12 Conference,730375936,AC,319768068,2020-03-11 13:00:00,5,1,2,0,1306672896,A. Wallace,L,CU,L,-1.17381053896,1.78301185069,-10.9631876779,10.2964277134,6.49352574281,SS,K,2.05760379744,6.11251343444,73.273082212,1953.6608675,316.672061574,-0.15
51,2020,245,TEX,D1 Big 12 Conference,730375936,AC,319768068,2020-03-11 13:00:00,5,0,0,1,1306672896,A. Wallace,L,FA,L,1.04893804307,3.80901124586,15.7687385486,-8.90342518499,6.76838589656,HBP,HBP,2.00900790361,6.36247057171,88.0453480993,2276.44011794,150.600071757,0.8
52,2020,245,TEX,D1 Big 12 Conference,730375936,AC,319768068,2020-03-11 13:00:00,5,0,0,1,1306672896,A. Wallace,L,FA,R,1.67360549304,2.48215706243,13.0627954397,-5.9309326585,6.67064573415,B,K,2.17325695383,6.34606335396,87.1802594503,2119.64231666,155.63477543,0.13
53,2020,245,TEX,D1 Big 12 Conference,730375936,AC,319768068,2020-03-11 13:00:00,5,1,0,1,1306672896,A. Wallace,L,FA,R,-0.333567191524,2.67132274067,15.7694948307,-5.64368026318,6.79255970249,F,K,1.86282828261,6.38198313842,87.2929232409,2238.00444182,160.346367234,-0.15
54,2020,245,TEX,D1 Big 12 Conference,730375936,AC,319768068,2020-03-11 13:00:00,5,1,1,1,1306672896,A. Wallace,L,CH,R,0.778193585598,2.83526223128,10.7412449081,-8.54451397324,6.8074780568,SS,K,2.13446890958,6.13716656303,78.5224546886,1645.23186674,141.60321287,-0.15
55,2020,245,TEX,D1 Big 12 Conference,730375936,AC,319768068,2020-03-11 13:00:00,5,1,2,1,1306672896,A. Wallace,L,CU,R,-0.382120816987,2.02085532774,-11.2747142988,7.3361512444,6.43656805884,F,K,2.12834716402,6.12767810172,72.7218995326,2004.14963894,326.836333063,0.0
56,2020,245,TEX,D1 Big 12 Conference,730375936,AC,319768068,2020-03-11 13:00:00,5,1,2,1,1306672896,A. Wallace,L,CH,R,-1.53978632218,-0.618646743076,5.68164578616,-14.6236194604,7.20156940462,B,K,2.18237732794,5.88029561008,78.2334685332,1570.64467694,111.370199871,0.13
57,2020,245,TEX,D1 Big 12 Conference,730375936,AC,319768068,2020-03-11 13:00:00,5,2,2,1,1306672896,A. Wallace,L,FA,R,1.01483701801,1.72914691761,13.0629859947,-10.8858697718,6.63101078727,SL,K,2.02622640537,6.28591480424,87.5633817544,2126.97421561,140.265504599,-0.15
58,2020,245,TEX,D1 Big 12 Conference,730375936,AC,319768068,2020-03-11 13:00:00,5,0,0,2,1306672896,A. Wallace,L,CU,L,-1.86270877971,1.05888415004,-9.43712301944,8.9713060828,6.54579024104,B,IP_OUT,2.15218214808,6.13600194109,72.8101205539,2057.70317508,316.30292783,0.13
59,2020,245,TEX,D1 Big 12 Conference,730375936,AC,319768068,2020-03-11 13:00:00,6,0,0,0,1306672896,A. Wallace,L,FA,L,-0.718230710507,2.13187741891,14.8187512313,-8.08296513235,6.70956323362,SL,K,1.95288685357,6.30886382466,87.0989196978,2092.24153124,151.443235577,-0.15
60,2020,245,TEX,D1 Big 12 Conference,730375936,AC,319768068,2020-03-11 13:00:00,6,0,1,0,1306672896,A. Wallace,L,CU,L,-1.12943799277,1.40430105259,-10.71550355,9.76398573803,6.57588068432,B,K,2.07446163908,6.1027174512,72.0880088598,1992.49884836,317.52946795,0.13
61,2020,245,TEX,D1 Big 12 Conference,730375936,AC,319768068,2020-03-11 13:00:00,6,1,1,0,1306672896,A. Wallace,L,CU,L,0.60412108329,2.34224495172,-9.36849392996,9.77050906191,6.31413137901,SL,K,2.18950692957,6.14264158759,71.0801839051,1902.18023817,313.640741693,-0.15
62,2020,245,TEX,D1 Big 12 Conference,730375936,AC,319768068,2020-03-11 13:00:00,6,1,2,0,1306672896,A. Wallace,L,FA,L,-0.916156737506,2.08754487504,13.7768853175,-4.87553993734,6.83899088237,SL,K,1.65459641607,6.3548369834,86.8287608072,2050.38035921,160.554755795,-0.15
63,2020,245,TEX,D1 Big 12 Conference,730375936,AC,319768068,2020-03-11 13:00:00,6,0,0,1,1306672896,A. Wallace,L,CU,L,-0.260924725842,3.17762614352,-7.77828835696,10.0254402707,5.92556582262,SL,K,2.24660765719,6.20813842739,71.4867155803,1941.14906905,307.624058264,-0.15
64,2020,245,TEX,D1 Big 12 Conference,730375936,AC,319768068,2020-03-11 13:00:00,6,0,1,1,1306672896,A. Wallace,L,CU,L,0.70344828067,2.30970657402,-7.88123216167,10.394027974,6.34699868143,SL,K,1.98300352177,6.18290727778,71.2050326051,1861.95411726,306.994163379,-0.15
65,2020,245,TEX,D1 Big 12 Conference,730375936,AC,319768068,2020-03-11 13:00:00,6,0,2,1,1306672896,A. Wallace,L,FA,L,-0.397626910562,2.96753644419,14.8418864024,-5.50180718108,6.92549769346,SL,K,1.66457310543,6.39227558483,87.7392498037,2195.25971745,159.701119262,-0.15
66,2020,245,TEX,D1 Big 12 Conference,730375936,AC,319768068,2020-03-11 13:00:00,6,0,0,2,1306672896,A. Wallace,L,FA,R,0.548412144907,1.50052225682,17.3907817178,-6.76518178364,6.76531607296,B,S,1.8989545083,6.27820696548,88.2917736495,2193.70310316,158.779295273,0.13
67,2020,245,TEX,D1 Big 12 Conference,730375936,AC,319768068,2020-03-11 13:00:00,6,1,0,2,1306672896,A. Wallace,L,FA,R,0.0270909629397,1.7252338282,11.7226475692,-10.5192384188,6.80344416732,SL,S,1.76698065467,6.32991072732,87.5300580923,2112.64557231,138.175770786,-0.15
68,2020,245,TEX,D1 Big 12 Conference,730375936,AC,319768068,2020-03-11 13:00:00,6,1,1,2,1306672896,A. Wallace,L,CU,R,0.637974111684,1.40510941394,-8.36020093242,9.95006416083,6.52228999906,B,S,2.21399361314,6.12577005635,72.2966094143,1984.79645514,309.872770482,0.13
69,2020,245,TEX,D1 Big 12 Conference,730375936,AC,319768068,2020-03-11 13:00:00,6,2,1,2,1306672896,A. Wallace,L,CU,R,-0.172047114128,1.25171500608,-10.5934168999,11.2970386743,6.26214431782,IP,S,2.00261904669,6.1412897858,73.8557233646,2035.27933589,313.031697297,1.0
70,2020,245,TEX,D1 Big 12 Conference,730375936,AC,319768068,2020-03-11 13:00:00,6,0,0,2,1370629065,S. Walbridge,L,FA,L,1.27753558132,3.9853742431,16.0654053658,-8.60074824594,5.87182988374,B,BB,1.59385989622,6.38581504587,90.5423225722,1788.74854768,151.884179442,0.13
71,2020,245,TEX,D1 Big 12 Conference,730375936,AC,319768068,2020-03-11 13:00:00,6,1,0,2,1370629065,S. Walbridge,L,FA,L,-0.453519058954,3.88410593507,15.5593069583,-5.56192122577,5.91908750889,B,BB,1.41017802297,6.33992795916,89.0263785712,1735.99818968,160.367790859,0.13
72,2020,245,TEX,D1 Big 12 Conference,730375936,AC,319768068,2020-03-11 13:00:00,6,2,0,2,1370629065,S. Walbridge,L,FA,L,-1.09635677788,2.04249365549,16.5155567698,-6.06906972427,6.00280665539,B,BB,1.44331989599,6.33717868148,89.7509207569,1769.81380107,159.858825041,0.13
73,2020,245,TEX,D1 Big 12 Conference,730375936,AC,319768068,2020-03-11 13:00:00,6,3,0,2,1370629065,S. Walbridge,L,FA,L,0.0594053282781,3.70928145561,16.1348732263,-10.6798979875,6.00359364607,B,BB,1.24976044929,6.47376488156,91.3622419201,1820.96906824,146.549271892,0.8
74,2020,245,TEX,D1 Big 12 Conference,730375936,AC,319768068,2020-03-11 13:00:00,6,0,0,2,1370629065,S. Walbridge,L,FA,R,-0.849332223082,1.75316046531,10.4183043872,-15.2117712592,6.15409072745,B,HBP,1.39514746346,6.28233444868,91.1416825074,1869.21739723,124.485894595,0.13
75,2020,245,TEX,D1 Big 12 Conference,730375936,AC,319768068,2020-03-11 13:00:00,6,1,0,2,1370629065,S. Walbridge,L,FA,R,-1.29475898512,2.31608515415,13.965430629,-8.72817007483,6.20699659682,B,HBP,1.17473649256,6.38665925578,92.4861748034,1833.38078229,148.050379207,0.13
76,2020,245,TEX,D1 Big 12 Conference,730375936,AC,319768068,2020-03-11 13:00:00,6,2,0,2,1370629065,S. Walbridge,L,FA,R,0.702280284312,2.44053871199,12.6741146777,-10.159755678,6.0864606791,SL,HBP,1.04225314785,6.25723981935,91.6041731543,1806.16656872,141.351205314,-0.15
77,2020,245,TEX,D1 Big 12 Conference,730375936,AC,319768068,2020-03-11 13:00:00,6,2,1,2,1370629065,S. Walbridge,L,FA,R,-2.73190465299,0.964179349479,16.3701100613,-5.17104851088,6.27526504734,HBP,HBP,1.26622600689,6.13583365341,90.8277045379,1825.75876009,162.500839066,0.8
78,2020,245,TEX,D1 Big 12 Conference,730375936,AC,319768068,2020-03-11 13:00:00,6,0,0,2,1370629065,S. Walbridge,L,FA,R,-0.592659367081,2.35891924903,15.9841497441,-7.11943446297,5.9442266386,SL,IP_OUT,1.15426172939,6.3358229222,92.3634634977,1784.60519323,156.032458953,-0.15
79,2020,245,TEX,D1 Big 12 Conference,730375936,AC,319768068,2020-03-11 13:00:00,6,0,1,2,1370629065,S. Walbridge,L,FA,R,-0.0756868888479,1.14528806732,12.9583153346,-9.32109155718,6.3323777108,B,IP_OUT,1.36230882305,6.22689103165,91.4643434383,1712.21617296,144.33675942,0.13
80,2020,245,TEX,D1 Big 12 Conference,730375936,AC,319768068,2020-03-11 13:00:00,6,1,1,2,1370629065,S. Walbridge,L,FA,R,-0.305612379181,1.45319435574,16.1171837869,-7.4082605721,6.14885714907,SL,IP_OUT,0.969935934552,6.30839505086,92.7539818176,1902.31785207,155.354905824,-0.15
81,2020,245,TEX,D1 Big 12 Conference,730375936,AC,319768068,2020-03-11 13:00:00,7,0,0,0,1010100199,O. Meaney,R,FA,R,2.27172307314,3.69066803512,17.1405853557,6.01778577906,6.09545877133,B,IP_OUT,-0.616997692307,7.23921624957,90.9271199787,2179.78702679,199.312542676,0.13
82,2020,245,TEX,D1 Big 12 Conference,730375936,AC,319768068,2020-03-11 13:00:00,7,1,0,0,1010100199,O. Meaney,R,FA,R,-0.368502591796,1.13157093205,16.2331861404,5.9843621707,6.09698579621,B,IP_OUT,-0.790829225584,7.10997935483,88.7169182334,2129.35574581,200.198507307,0.13
83,2020,245,TEX,D1 Big 12 Conference,730375936,AC,319768068,2020-03-11 13:00:00,7,0,0,1,1010100199,O. Meaney,R,CH,R,1.6679979563,2.79382796071,16.7882899349,9.97775713962,5.82099708217,B,S,-0.796163862726,7.15178873275,79.9004636776,1516.54830066,210.662287311,0.13
84,2020,245,TEX,D1 Big 12 Conference,730375936,AC,319768068,2020-03-11 13:00:00,7,1,0,1,1010100199,O. Meaney,R,CH,R,0.332780442524,2.78981351027,13.436322351,12.5989091339,5.74658943406,IP,S,-0.791313694457,7.20595723829,80.5536130109,1396.73646177,223.071053426,1.0
85,2020,245,TEX,D1 Big 12 Conference,730375936,AC,319768068,2020-03-11 13:00:00,7,0,0,1,1010100199,O. Meaney,R,FA,L,0.398688359876,1.95463402696,17.4035022939,7.57436958569,6.12972651442,SL,IP_OUT,-1.08815960795,7.2002067613,89.5358676724,2194.4713124,203.480469612,-0.15
86,2020,245,TEX,D1 Big 12 Conference,730375936,AC,319768068,2020-03-11 13:00:00,7,0,1,1,1010100199,O. Meaney,R,CH,L,-0.437306522622,2.36173254786,6.34358045079,10.1396086827,5.74377842733,SS,IP_OUT,-1.1644078645,7.11314459664,78.8938780422,1377.9327802,237.797005912,-0.15
87,2020,245,TEX,D1 Big 12 Conference,730375936,AC,319768068,2020-03-11 13:00:00,7,0,2,1,1010100199,O. Meaney,R,CH,L,-0.232064657245,2.20241438061,11.86911037,9.8106372501,6.0053104343,F,IP_OUT,-1.16572229004,7.12026399132,78.8670632525,1388.77704106,219.47608092,0.0
88,2020,245,TEX,D1 Big 12 Conference,730375936,AC,319768068,2020-03-11 13:00:00,7,0,0,2,1010100199,O. Meaney,R,CH,L,0.255511674897,1.52548571324,9.07857809476,11.3983904637,5.97224861341,B,IP_OUT,-1.16226734819,7.14080004202,80.0824070206,1445.9279487,231.339299894,0.13
89,2020,245,TEX,D1 Big 12 Conference,730375936,AC,319768068,2020-03-11 13:00:00,7,1,0,2,1010100199,O. Meaney,R,CH,L,1.05472342599,2.02962708234,14.9283982858,9.89947504938,6.05068877281,SL,IP_OUT,-1.21297576451,7.13229347424,78.3945957856,1525.20355715,213.475303014,-0.15
90,2020,245,TEX,D1 Big 12 Conference,730375936,AC,319768068,2020-03-11 13:00:00,7,1,1,2,1010100199,O. Meaney,R,FA,L,1.00147573999,1.50642759982,13.6307000604,7.14733320752,6.0564590997,B,IP_OUT,-0.924938121921,7.28057118918,89.1353741329,2021.06706606,207.614318476,0.13
91,2020,245,TEX,D1 Big 12 Conference,730375936,AC,319768068,2020-03-11 13:00:00,7,2,1,2,1010100199,O. Meaney,R,FA,L,0.593544618834,2.15648230028,15.8783947666,8.32526842436,6.06488201571,F,IP_OUT,-0.882990667224,7.24668434812,88.7405835526,2169.17277853,207.620111654,-0.15
92,2020,245,TEX,D1 Big 12 Conference,730375936,AC,319768068,2020-03-11 13:00:00,8,0,0,0,1298008679,W. Swope,R,FA,L,0.339839078682,3.24849730241,18.4290817935,7.17946943833,6.07809158652,SL,K,-0.855494178296,6.53296895297,90.9686843397,2197.43001309,201.251602877,-0.15
93,2020,245,TEX,D1 Big 12 Conference,730375936,AC,319768068,2020-03-11 13:00:00,8,0,1,0,1298008679,W. Swope,R,FA,L,-0.235436437988,3.8469119217,18.3279998232,6.39060912339,5.99484695758,B,K,-1.09917551105,6.62847984753,91.034763984,2188.81218831,199.192180978,0.13
94,2020,245,TEX,D1 Big 12 Conference,730375936,AC,319768068,2020-03-11 13:00:00,8,1,1,0,1298008679,W. Swope,R,FA,L,-0.322845089689,3.05664478206,17.7146145448,6.39780165907,6.24657199245,SL,K,-1.08597628849,6.55484868296,90.2968541555,2255.19839536,199.825183935,-0.15
95,2020,245,TEX,D1 Big 12 Conference,730375936,AC,319768068,2020-03-11 13:00:00,8,1,2,0,1298008679,W. Swope,R,FA,L,0.808220474792,2.47455343276,18.514773808,6.79844054038,6.20555567706,SL,K,-1.06150945656,6.55043546997,90.644461243,2210.95369928,200.131407427,-0.15
96,2020,245,TEX,D1 Big 12 Conference,730375936,AC,319768068,2020-03-11 13:00:00,8,0,0,1,1298008679,W. Swope,R,FA,L,-0.201855136387,3.445541001,18.272061831,7.62469955977,6.10483161991,SS,S,-1.14573330024,6.64698317841,91.0611183697,2225.76291763,202.615538037,-0.15
97,2020,245,TEX,D1 Big 12 Conference,730375936,AC,319768068,2020-03-11 13:00:00,8,0,1,1,1298008679,W. Swope,R,FA,L,-0.26968016974,2.38849921862,19.5845404703,6.66324740504,6.07499012535,IP,S,-1.11793398339,6.56939067887,91.0340024932,2239.01360021,198.761965225,1.0
98,2020,245,TEX,D1 Big 12 Conference,730375936,AC,319768068,2020-03-11 13:00:00,8,0,0,1,1298008679,W. Swope,R,FA,L,1.25946337904,2.19303906798,18.3935833808,8.01457712804,6.04809890429,B,T,-0.781415242969,6.56069279228,91.3428531765,2336.00079975,203.508600094,0.13
99,2020,245,TEX,D1 Big 12 Conference,730375936,AC,319768068,2020-03-11 13:00:00,8,1,0,1,1298008679,W. Swope,R,FA,L,0.0508332362031,2.57451252819,18.3800309462,8.49596202488,6.12003803431,IP,T,-0.763375495265,6.46735773744,89.8611425956,2275.50493373,204.770260057,1.54
100,2020,245,TEX,D1 Big 12 Conference,730375936,AC,319768068,2020-03-11 13:00:00,8,0,0,1,1298008679,W. Swope,R,FA,R,0.445869769438,3.92492703238,19.3815600937,8.26286016216,5.96892684403,B,K,-0.79014395018,6.60356038725,91.8528187045,2353.78864431,203.056934973,0.13
101,2020,245,TEX,D1 Big 12 Conference,730375936,AC,319768068,2020-03-11 13:00:00,8,1,0,1,1298008679,W. Swope,R,FA,R,0.125295671022,1.82051288347,19.7552134835,9.11872205881,6.203309328,SL,K,-0.922938612506,6.44875316877,91.371891089,2340.5299803,204.743174113,-0.15
102,2020,245,TEX,D1 Big 12 Conference,730375936,AC,319768068,2020-03-11 13:00:00,8,2,1,1,1298008679,W. Swope,R,FA,R,0.453447154149,2.16129209103,17.9869023838,10.4533432716,5.95160216577,SS,K,-0.826261850725,6.47812087788,90.9918542691,2360.49535104,210.119980922,-0.15
103,2020,245,TEX,D1 Big 12 Conference,730375936,AC,319768068,2020-03-11 13:00:00,8,2,2,1,1298008679,W. Swope,R,FA,R,0.9163044817,2.02839329193,18.9419150142,10.5439894383,6.0192354349,SL,K,-0.823521839436,6.50315670852,90.305601501,2303.41028683,209.061311002,-0.15
104,2020,245,TEX,D1 Big 12 Conference,730375936,AC,319768068,2020-03-11 13:00:00,9,0,0,1,1322820608,J. Eckhardt,R,FA,R,-0.872669262731,4.50467065692,12.5605629872,11.5033217348,6.93343062616,B,IP_OUT,-1.16018741591,6.25663342776,91.1110615475,1888.77698578,222.416243218,0.13
105,2020,730284544,YSU,D1 Horizon League,730375936,AC,431907970,2020-02-29 13:00:00,1,0,0,0,1605779686,C. Floyd,L,FA,R,-0.646487213979,1.74797809658,12.1169287175,-2.47025551901,5.67843087751,B,S,3.4703665544,4.93624322366,87.4030973327,2004.17306383,168.50871452,0.13
106,2020,730284544,YSU,D1 Horizon League,730375936,AC,431907970,2020-02-29 13:00:00,1,1,0,0,1605779686,C. Floyd,L,FA,R,0.801020304102,1.66206026852,7.1760596949,-4.37321462265,5.72932214462,SL,S,3.33366574151,5.01836872445,88.057621544,1946.39877036,148.75969623,-0.15
107,2020,730284544,YSU,D1 Horizon League,730375936,AC,431907970,2020-02-29 13:00:00,1,1,1,0,1605779686,C. Floyd,L,FA,R,-0.274913968031,1.4655736978,-0.133149615463,-11.9892904737,5.73615376531,SS,S,3.24504292073,4.96461230363,87.2382788429,1969.46367306,89.5327839295,-0.15
108,2020,730284544,YSU,D1 Horizon League,730375936,AC,431907970,2020-02-29 13:00:00,1,1,2,0,1605779686,C. Floyd,L,FA,R,0.896374350386,3.74919739958,6.56284788577,-8.29073190319,6.05977800822,B,S,3.38604747611,4.98767521994,88.4119831591,2011.31980887,128.506345809,0.13
109,2020,730284544,YSU,D1 Horizon League,730375936,AC,431907970,2020-02-29 13:00:00,1,2,2,0,1605779686,C. Floyd,L,SL,R,0.772988537187,3.10166377792,1.0960664487,15.7562313274,5.33475814854,B,S,3.35119420023,5.16883306377,78.000313414,2386.69128404,265.864148348,0.13
110,2020,730284544,YSU,D1 Horizon League,730375936,AC,431907970,2020-02-29 13:00:00,1,3,2,0,1605779686,C. Floyd,L,FA,R,0.120487638549,2.35612645643,6.11027531868,-3.5298549237,5.87434942794,IP,S,3.3533399285,4.9153594777,87.4837029343,1971.76852493,150.121869234,1.0
111,2020,730284544,YSU,D1 Horizon League,730375936,AC,431907970,2020-02-29 13:00:00,1,0,0,0,1605779686,C. Floyd,L,SL,L,0.523236619474,3.69246708926,3.90774927966,8.77944331253,5.36288260277,B,BB,3.20142847253,5.12474800495,76.2809311827,2273.65181826,245.762752868,0.13
112,2020,730284544,YSU,D1 Horizon League,730375936,AC,431907970,2020-02-29 13:00:00,1,1,0,0,1605779686,C. Floyd,L,FA,L,-2.78597462599,1.3311546668,11.2781820513,-2.21622582548,5.84646149448,B,BB,3.16003401822,4.96231295943,86.5861310382,2117.52720544,168.916100166,0.13
113,2020,730284544,YSU,D1 Horizon League,730375936,AC,431907970,2020-02-29 13:00:00,1,2,0,0,1605779686,C. Floyd,L,FA,L,-2.55936641931,1.12729709608,9.98846147183,-3.12583528438,5.72057466626,B,BB,3.14085253011,5.0692418822,87.6334569316,2100.61115156,162.678551935,0.13
114,2020,730284544,YSU,D1 Horizon League,730375936,AC,431907970,2020-02-29 13:00:00,1,3,0,0,1605779686,C. Floyd,L,FA,L,0.459618595621,2.84337997425,9.00300757123,-4.51143421774,6.08894561695,SL,BB,3.23047786473,4.96607342162,86.5261496189,1977.67744622,153.471535404,-0.15
115,2020,730284544,YSU,D1 Horizon League,730375936,AC,431907970,2020-02-29 13:00:00,1,3,1,0,1605779686,C. Floyd,L,FA,L,0.228964864434,2.54616788399,9.91773692271,-4.56243867768,5.82605254438,F,BB,3.06877446139,5.05229556862,87.7688180023,1945.62566752,155.36973448,-0.15
116,2020,730284544,YSU,D1 Horizon League,730375936,AC,431907970,2020-02-29 13:00:00,1,3,2,0,1605779686,C. Floyd,L,SL,L,0.298383464813,2.89929554013,1.458661221,9.00939384055,5.83547364744,F,BB,3.03867516304,5.04754381443,78.3010018634,2150.66340272,260.542222696,0.0
117,2020,730284544,YSU,D1 Horizon League,730375936,AC,431907970,2020-02-29 13:00:00,1,3,2,0,1605779686,C. Floyd,L,SL,L,0.767488530779,2.99947052787,3.5390048069,14.8810152179,5.38251724011,B,BB,3.20771724376,5.09308232827,77.7930239403,2387.66229908,256.4657309,0.8
118,2020,730284544,YSU,D1 Horizon League,730375936,AC,431907970,2020-02-29 13:00:00,1,0,0,0,1605779686,C. Floyd,L,FA,L,-0.978230986466,3.02947009342,12.5551316172,3.49479419445,6.19537423466,IP,FC,3.12213825319,4.95973418431,87.2380307079,2113.16196052,195.515141608,-0.21
119,2020,730284544,YSU,D1 Horizon League,730375936,AC,431907970,2020-02-29 13:00:00,1,0,0,1,1605779686,C. Floyd,L,SL,R,1.22612360649,3.53156337825,10.5824709628,6.9071018182,5.53671418814,B,DP,3.31424737488,5.06730570815,78.6419216116,2326.48326931,213.02916427,0.13
120,2020,730284544,YSU,D1 Horizon League,730375936,AC,431907970,2020-02-29 13:00:00,1,1,0,1,1605779686,C. Floyd,L,FA,R,0.171472604439,3.18644569306,8.23796357988,-5.26131845721,6.09509020374,F,DP,3.1251028354,5.0205519826,88.2343619691,1983.66911554,147.538002883,-0.15
121,2020,730284544,YSU,D1 Horizon League,730375936,AC,431907970,2020-02-29 13:00:00,1,1,1,1,1605779686,C. Floyd,L,SL,R,0.989452898742,2.48748881823,2.7392163189,9.49208747416,5.16869708641,SL,DP,2.88883469793,5.20818178205,78.171112966,2449.8121475,253.66099654,-0.15
122,2020,730284544,YSU,D1 Horizon League,730375936,AC,431907970,2020-02-29 13:00:00,1,2,2,1,1605779686,C. Floyd,L,FA,R,0.715623872125,3.60863047493,12.6972739907,-5.82377492099,5.89667138122,F,DP,3.21640525369,5.25609451274,89.8335553058,2169.2925398,155.414785607,0.0
123,2020,730284544,YSU,D1 Horizon League,730375936,AC,431907970,2020-02-29 13:00:00,2,1,0,0,1605779686,C. Floyd,L,FA,L,-1.55774867538,1.33128342668,10.6886788246,-1.0692274659,5.83717852406,B,BB,3.29821461882,5.00656464793,86.8897796211,2026.18679518,174.305924746,0.13
124,2020,730284544,YSU,D1 Horizon League,730375936,AC,431907970,2020-02-29 13:00:00,2,2,0,0,1605779686,C. Floyd,L,FA,L,-2.14816220412,1.49116184098,10.1614087565,-1.15483396499,5.92097041097,B,BB,3.34437119558,4.998157691,87.1943487747,2025.67615355,173.537922029,0.13
125,2020,730284544,YSU,D1 Horizon League,730375936,AC,431907970,2020-02-29 13:00:00,2,3,0,0,1605779686,C. Floyd,L,FA,L,-0.215941011418,1.75160710848,8.06525366497,-4.81819987537,5.66803585202,SL,BB,3.29778545766,5.1283750431,86.5050611795,2015.77385593,149.254512782,-0.15
126,2020,730284544,YSU,D1 Horizon League,730375936,AC,431907970,2020-02-29 13:00:00,2,3,1,0,1605779686,C. Floyd,L,FA,L,-0.268496995183,2.21351273088,7.59715396839,-4.32289774088,5.61994818241,F,BB,3.46260247177,5.06011654945,87.4182043937,1984.11533533,150.469093014,-0.15
127,2020,730284544,YSU,D1 Horizon League,730375936,AC,431907970,2020-02-29 13:00:00,2,3,2,0,1605779686,C. Floyd,L,SL,L,1.12910612804,4.12650248939,6.38097654959,11.2651781067,5.34952654468,B,BB,3.40708557691,5.16930983153,77.4984163275,2268.74345025,240.301892739,0.8
128,2020,730284544,YSU,D1 Horizon League,730375936,AC,431907970,2020-02-29 13:00:00,2,0,0,1,1605779686,C. Floyd,L,FA,L,0.380284782625,3.17217871155,5.96729664494,-4.46094106577,6.0448895716,B,K,3.17024414285,4.87556096318,87.5766091548,2031.57298304,143.373694727,0.13
129,2020,730284544,YSU,D1 Horizon League,730375936,AC,431907970,2020-02-29 13:00:00,2,1,0,1,1605779686,C. Floyd,L,FA,L,-1.68827399106,1.93586802385,12.2209592179,-5.90880801753,5.93049693533,B,K,3.1964637449,5.00385021448,87.2976774881,2072.24884287,154.258693267,0.13
130,2020,730284544,YSU,D1 Horizon League,730375936,AC,431907970,2020-02-29 13:00:00,2,2,0,1,1605779686,C. Floyd,L,FA,L,-0.725777231952,3.1249944755,13.6753165018,-6.59933934175,5.87857130727,SS,K,3.15271876579,5.06654373307,86.8245014098,2013.02752606,154.295714092,-0.15
131,2020,730284544,YSU,D1 Horizon League,730375936,AC,431907970,2020-02-29 13:00:00,2,2,1,1,1605779686,C. Floyd,L,FA,L,-0.684377514487,1.72346059422,8.83191541071,-7.71123850539,5.83160393829,SL,K,3.1683492734,4.99364051116,87.1181768093,2010.85523674,138.985701274,-0.15
132,2020,730284544,YSU,D1 Horizon League,730375936,AC,431907970,2020-02-29 13:00:00,2,2,2,1,1605779686,C. Floyd,L,SL,L,-0.904673518011,1.82459463894,4.86926084776,7.4292745343,5.61967655339,SS,K,2.94441959736,5.18384629161,78.5453230768,2256.38494659,236.531650844,-0.15
133,2020,730284544,YSU,D1 Horizon League,730375936,AC,431907970,2020-02-29 13:00:00,2,0,0,2,1605779686,C. Floyd,L,FA,R,1.4377983494,3.65454934143,6.95497039489,-3.27404082705,5.94813833185,B,IP_OUT,3.23484944267,4.86048001544,87.9755342716,2046.50532797,154.895088057,0.13
134,2020,730284544,YSU,D1 Horizon League,730375936,AC,431907970,2020-02-29 13:00:00,2,1,0,2,1605779686,C. Floyd,L,SL,R,1.34483644135,2.91196722175,2.2153332306,11.4316355729,5.63158207303,B,IP_OUT,3.04604360913,5.17766531505,77.2715582494,2247.11611189,258.825619425,0.13
135,2020,730284544,YSU,D1 Horizon League,730375936,AC,431907970,2020-02-29 13:00:00,3,0,0,0,1605779686,C. Floyd,L,FA,L,-1.42756139175,1.9648975818,9.7036612776,-2.61107076232,6.00751713558,B,K,3.20096218795,5.07246723084,85.0049936855,2065.22527276,164.992154627,0.13
136,2020,730284544,YSU,D1 Horizon League,730375936,AC,431907970,2020-02-29 13:00:00,3,1,0,0,1605779686,C. Floyd,L,FA,L,-0.0860009224592,2.52702558089,9.01079933398,-1.25456146205,5.99962833747,SL,K,3.17017238282,4.98870523103,83.9816914255,1800.30590473,172.105502362,-0.15
137,2020,730284544,YSU,D1 Horizon League,730375936,AC,431907970,2020-02-29 13:00:00,3,1,1,0,1605779686,C. Floyd,L,FA,L,0.39507435419,2.92215393545,5.22726302433,-12.2623271194,5.81520379087,SL,K,3.35548326483,4.98828261314,87.4117671021,1913.78397203,113.224013128,-0.15
138,2020,730284544,YSU,D1 Horizon League,730375936,AC,431907970,2020-02-29 13:00:00,3,0,0,1,1605779686,C. Floyd,L,FA,R,1.24679511391,2.97976828598,6.23606102115,-9.41039301681,5.82405775047,B,IP_OUT,3.23295298903,5.07972676966,87.0322100633,1909.56975996,123.676482549,0.13
139,2020,730284544,YSU,D1 Horizon League,730375936,AC,431907970,2020-02-29 13:00:00,3,1,0,1,1605779686,C. Floyd,L,FA,R,0.0793388097523,2.01480938331,10.7617979273,-1.86252355105,5.6537061709,SS,IP_OUT,3.28074589418,5.10343684494,86.452580291,2000.97523648,170.212470594,-0.15
140,2020,730284544,YSU,D1 Horizon League,730375936,AC,431907970,2020-02-29 13:00:00,3,1,1,1,1605779686,C. Floyd,L,SL,R,-0.77719538056,0.646910279083,-3.0212037878,11.4505378173,5.77757558817,SS,IP_OUT,3.18859637953,5.241527078,78.1032371576,2242.3065807,284.583122295,-0.15
141,2020,730284544,YSU,D1 Horizon League,730375936,AC,431907970,2020-02-29 13:00:00,3,0,0,2,1605779686,C. Floyd,L,FA,L,0.723092677409,2.01263572628,7.90921372096,-14.9413859673,5.64710663532,F,IP_OUT,3.14253997531,5.00393222804,86.2840899033,1880.17981995,118.000628301,-0.15
142,2020,730284544,YSU,D1 Horizon League,730375936,AC,431907970,2020-02-29 13:00:00,3,0,1,2,1605779686,C. Floyd,L,SL,L,-2.16355787569,1.57178783504,6.05141483419,18.6792884158,5.84456411455,B,IP_OUT,3.1017777894,5.29797961351,76.7814111662,2198.52709915,251.924488814,0.13
143,2020,730284544,YSU,D1 Horizon League,730375936,AC,431907970,2020-02-29 13:00:00,4,0,0,0,1605779686,C. Floyd,L,FA,L,2.3217088224,4.09418888499,17.811693608,-10.5080477181,5.91214857423,HBP,HBP,3.23112012158,5.2643566402,85.3116141759,1897.11632326,149.511528858,0.8
144,2020,730284544,YSU,D1 Horizon League,730375936,AC,431907970,2020-02-29 13:00:00,4,0,0,0,1605779686,C. Floyd,L,SL,R,-0.575619901546,1.07485943153,-5.28967914995,13.1457543338,5.58355125176,B,IP_OUT,2.94526769559,4.974232846,75.6389097155,2149.02465285,291.748273135,0.13
145,2020,730284544,YSU,D1 Horizon League,730375936,AC,431907970,2020-02-29 13:00:00,4,1,0,0,1605779686,C. Floyd,L,FA,R,-0.488972210996,1.78469242637,9.69900151,-0.360970791285,5.80110319549,SL,IP_OUT,3.17329030991,5.0567103649,86.097158505,2001.51529008,177.876213101,-0.15
146,2020,730284544,YSU,D1 Horizon League,730375936,AC,431907970,2020-02-29 13:00:00,4,1,1,0,1605779686,C. Floyd,L,FA,R,1.2281465378,2.13157508709,6.1038353297,-15.2452629411,5.63607561441,SL,IP_OUT,3.22506630002,5.07025730583,85.9309041341,1943.75136092,111.936466329,-0.15
147,2020,730284544,YSU,D1 Horizon League,730375936,AC,431907970,2020-02-29 13:00:00,4,0,0,1,1605779686,C. Floyd,L,SL,L,0.0932178642784,1.20511281399,2.32908969546,9.54589367626,5.72527273217,B,K,2.94055653018,5.29369430277,75.7806898714,2178.17255156,256.03335223,0.13
148,2020,730284544,YSU,D1 Horizon League,730375936,AC,431907970,2020-02-29 13:00:00,4,1,0,1,1605779686,C. Floyd,L,FA,L,-0.769464758575,1.4168322737,7.9085243203,-6.04880516616,5.82908844755,SL,K,3.05315925096,4.83342745817,85.9014756987,1885.56762746,142.716328876,-0.15
149,2020,730284544,YSU,D1 Horizon League,730375936,AC,431907970,2020-02-29 13:00:00,4,1,1,1,1605779686,C. Floyd,L,SL,L,-1.75694626204,0.563852421768,3.67309213014,8.03711339442,5.71194515374,B,K,2.85874615193,5.18190956686,78.1605320389,2334.28048846,245.18935763,0.13
150,2020,730284544,YSU,D1 Horizon League,730375936,AC,431907970,2020-02-29 13:00:00,4,2,1,1,1605779686,C. Floyd,L,FA,L,0.577699493046,2.9981334112,4.62791236275,-10.4332630325,5.79678334225,SL,K,3.05929831815,4.95128899159,85.9708583774,1932.63309804,114.08353223,-0.15
151,2020,730284544,YSU,D1 Horizon League,730375936,AC,431907970,2020-02-29 13:00:00,4,2,2,1,1605779686,C. Floyd,L,SL,L,0.0777967683808,1.83891954861,3.35283796244,11.2995277268,5.46092912411,F,K,2.92517941615,5.15301441598,75.7064056554,2287.91953778,253.261479181,0.0
152,2020,730284544,YSU,D1 Horizon League,730375936,AC,431907970,2020-02-29 13:00:00,4,2,2,1,1605779686,C. Floyd,L,FA,L,0.540446515296,3.00345793237,6.5933990135,-5.11019595431,5.98018915575,F,K,3.02443301425,5.13197776864,88.1170909733,1914.76952521,142.361169439,0.0
153,2020,730284544,YSU,D1 Horizon League,730375936,AC,431907970,2020-02-29 13:00:00,4,0,0,2,1605779686,C. Floyd,L,FA,R,1.01695423611,3.65354683054,4.17986995829,-7.57374746982,5.96148600471,B,S,3.08865584843,5.23848917833,88.5000124283,1760.87955776,119.084206636,0.13
154,2020,730284544,YSU,D1 Horizon League,730375936,AC,431907970,2020-02-29 13:00:00,4,1,1,2,1605779686,C. Floyd,L,SL,R,0.0166255323867,2.19686372513,3.01460536184,11.8487994747,5.32860789593,SL,S,2.77292724967,5.18400993108,75.7060402075,2295.43530716,255.517655166,-0.15
155,2020,730284544,YSU,D1 Horizon League,730375936,AC,431907970,2020-02-29 13:00:00,4,1,2,2,1605779686,C. Floyd,L,CH,R,0.673513779279,1.58637515951,9.0299714937,-4.23180693895,5.92520990058,IP,S,2.64310870027,5.40942444844,79.618073676,1731.62632317,154.990582795,1.0
156,2020,730284544,YSU,D1 Horizon League,730375936,AC,431907970,2020-02-29 13:00:00,4,0,0,2,1605779686,C. Floyd,L,SL,L,0.754070631025,2.44252617977,3.27399881839,13.0484013734,5.45514207506,SL,IP_OUT,2.7414620982,5.31018995293,75.9241567783,2177.03314714,255.723690949,-0.15
157,2020,730284544,YSU,D1 Horizon League,730375936,AC,431907970,2020-02-29 13:00:00,4,0,1,2,1605779686,C. Floyd,L,SL,L,-2.05596624093,0.402267879426,0.698625343569,10.367514041,5.8938275329,B,IP_OUT,2.7910457532,5.2801291681,77.88934592,2165.45240155,265.909935844,0.13
158,2020,730284544,YSU,D1 Horizon League,730375936,AC,431907970,2020-02-29 13:00:00,5,0,0,0,1605779686,C. Floyd,L,FA,R,0.1613429214,1.65650494075,6.72919287048,-8.92446074975,5.80248608501,SS,K,3.07291063294,4.88926329443,85.6572436927,1857.15796402,127.164558324,-0.15
159,2020,730284544,YSU,D1 Horizon League,730375936,AC,431907970,2020-02-29 13:00:00,5,0,1,0,1605779686,C. Floyd,L,SL,R,-1.52371979441,0.986513363734,1.248938376,11.7519397149,5.64438105967,B,K,3.17971200451,5.18379586993,77.6705505261,2338.04401632,263.724678999,0.13
160,2020,730284544,YSU,D1 Horizon League,730375936,AC,431907970,2020-02-29 13:00:00,5,1,1,0,1605779686,C. Floyd,L,FA,R,-0.859669882848,1.80591534508,8.40851997146,-8.21502296276,6.16091937931,F,K,3.21743327607,4.9205113607,87.6206937442,1988.84296137,135.781967544,-0.15
161,2020,730284544,YSU,D1 Horizon League,730375936,AC,431907970,2020-02-29 13:00:00,5,1,2,0,1605779686,C. Floyd,L,SL,R,-0.529325394055,2.79432887606,2.00706183638,15.6435768505,5.32347741645,SS,K,2.96892674334,5.29683851189,77.7119935731,2287.30964632,262.529250828,-0.15
162,2020,730284544,YSU,D1 Horizon League,730375936,AC,431907970,2020-02-29 13:00:00,5,0,0,1,1605779686,C. Floyd,L,SL,L,0.00867628077591,2.55968080223,2.85063529483,14.7033273058,5.8300236991,F,K,3.02376961517,5.24224867797,77.3237491871,2210.44210395,258.865778335,-0.15
163,2020,730284544,YSU,D1 Horizon League,730375936,AC,431907970,2020-02-29 13:00:00,5,0,2,1,1605779686,C. Floyd,L,SL,L,-1.38058024006,0.757569856152,0.149532057253,13.9272005996,5.74527489433,SS,K,2.80941436235,5.27766649924,78.2316740208,2386.97574075,269.210907095,-0.15
164,2020,730284544,YSU,D1 Horizon League,730375936,AC,431907970,2020-02-29 13:00:00,5,0,0,2,1605779686,C. Floyd,L,FA,R,0.320206699464,2.18395183022,5.46934703514,-5.23831499638,6.24919961033,SL,IP_OUT,3.1584009498,4.86384204219,87.7735436215,2015.65362103,136.410470781,-0.15
165,2020,730284544,YSU,D1 Horizon League,730375936,AC,431907970,2020-02-29 13:00:00,5,0,1,2,1605779686,C. Floyd,L,SL,R,0.247483240056,0.931733049939,0.147853628279,14.143622312,5.53824748124,B,IP_OUT,2.97716182064,5.07866130301,76.804139056,2303.37468152,269.222179062,0.13
166,2020,730284544,YSU,D1 Horizon League,730375936,AC,431907970,2020-02-29 13:00:00,5,1,1,2,1605779686,C. Floyd,L,FA,R,0.629064274656,2.72289248345,5.71056200775,-5.90718254986,5.93553503914,SL,IP_OUT,3.12875552854,5.09971134562,88.8367572326,1972.56247161,134.194629919,-0.15
167,2020,730284544,YSU,D1 Horizon League,730375936,AC,431907970,2020-02-29 13:00:00,6,0,0,0,1605779686,C. Floyd,L,FA,L,0.152526579529,2.57007748593,9.42150106973,-8.05991218725,5.7910065238,F,K,3.30351547387,5.02126000209,86.4095043191,1884.64288941,139.55881396,-0.15
168,2020,730284544,YSU,D1 Horizon League,730375936,AC,431907970,2020-02-29 13:00:00,6,1,1,0,1605779686,C. Floyd,L,FA,L,0.592444096565,3.47248448901,8.6515835575,-4.90791144923,6.10249428672,B,K,3.18718601166,4.90289787074,85.7325251851,1900.37416213,150.534522267,0.13
169,2020,730284544,YSU,D1 Horizon League,730375936,AC,431907970,2020-02-29 13:00:00,6,0,0,1,1605779686,C. Floyd,L,FA,L,0.264309234325,2.6130677738,7.45060342646,-6.43204509236,5.94111883494,F,IP_OUT,3.20208939507,5.04810971072,87.0287705802,1863.40139441,139.32914454,-0.15
170,2020,730284544,YSU,D1 Horizon League,730375936,AC,431907970,2020-02-29 13:00:00,6,0,0,2,1605779686,C. Floyd,L,FA,R,1.66755913322,2.60677226575,6.14401550561,-14.7093807289,5.90512177668,B,HBP,3.08738817692,4.9505678115,87.8139196264,2091.28429538,112.783165734,0.13
171,2020,730284544,YSU,D1 Horizon League,730375936,AC,431907970,2020-02-29 13:00:00,6,1,0,2,1605779686,C. Floyd,L,FA,R,-0.71502769687,1.6657063038,6.85229479524,-6.42465633683,6.1071554232,B,HBP,3.12181295245,4.90430008286,86.4464162748,1965.02672045,136.989199069,0.13
172,2020,730284544,YSU,D1 Horizon League,730375936,AC,431907970,2020-02-29 13:00:00,6,2,0,2,1605779686,C. Floyd,L,FA,R,-1.04321162508,1.82622356983,10.443920568,-6.86027814892,6.12018085289,SL,HBP,3.11944471924,4.93195511398,85.8698263149,1866.90955575,146.788294423,-0.15
173,2020,730284544,YSU,D1 Horizon League,730375936,AC,431907970,2020-02-29 13:00:00,6,2,1,2,1605779686,C. Floyd,L,SL,R,-0.751047998613,1.15341776698,-0.409125228407,11.0360460344,5.56193061614,B,HBP,3.14951310302,5.19509504236,76.0983712472,2290.49248692,271.88646164,0.13
174,2020,730284544,YSU,D1 Horizon League,730375936,AC,431907970,2020-02-29 13:00:00,6,3,1,2,1605779686,C. Floyd,L,FA,R,0.238087858998,1.26433663061,5.73466142672,-8.97644937111,5.87506760848,F,HBP,3.11397026664,5.00626621302,86.2789571646,2000.53641528,122.733097444,-0.15
175,2020,730284544,YSU,D1 Horizon League,730375936,AC,431907970,2020-02-29 13:00:00,6,3,2,2,1605779686,C. Floyd,L,FA,R,-0.842562943283,3.35972079138,8.41202162931,-5.80102429729,6.35355838119,HBP,HBP,3.06445086635,5.22630751082,87.2916567551,2045.05964255,145.516941237,0.8
176,2020,730284544,YSU,D1 Horizon League,730375936,AC,431907970,2020-02-29 13:00:00,6,0,0,2,1605779686,C. Floyd,L,SL,L,0.14186788765,2.63705831505,1.01898556396,15.3261993512,5.64485496026,SL,IP_OUT,3.03351311756,5.29875847387,74.1448261211,2291.51573078,266.021140977,-0.15
177,2020,730284544,YSU,D1 Horizon League,730375936,AC,431907970,2020-02-29 13:00:00,6,0,1,2,1605779686,C. Floyd,L,SL,L,-1.36705068734,3.45118390146,4.11116538663,11.1902354776,5.62476270626,B,IP_OUT,2.91551828592,5.28314458617,74.7087177735,2294.50198106,249.617463912,0.13
178,2020,730284544,YSU,D1 Horizon League,730375936,AC,431907970,2020-02-29 13:00:00,7,0,0,1,1814780485,J. Hake,R,FA,L,-0.372852049213,1.90449105139,5.09668716645,21.5859330579,5.54010406155,SL,IP_OUT,-2.26067183206,3.84453879197,84.954295768,2199.32815734,256.622703889,-0.15
179,2020,730284544,YSU,D1 Horizon League,730375936,AC,431907970,2020-02-29 13:00:00,7,0,1,1,1814780485,J. Hake,R,FA,L,-0.806445021895,1.97750700273,7.09096571357,27.1364378579,5.5597585632,F,IP_OUT,-2.37702757063,3.81261577025,84.526816968,2138.21167897,255.281959887,-0.15
180,2020,730284544,YSU,D1 Horizon League,730375936,AC,431907970,2020-02-29 13:00:00,7,0,0,2,1814780485,J. Hake,R,SL,R,0.949409204998,2.6989604085,1.8263932767,-4.06358999746,5.38295071895,SL,K,-2.11285180641,3.70574638812,73.0742291692,2284.10160211,114.786280168,-0.15
181,2020,730284544,YSU,D1 Horizon League,730375936,AC,431907970,2020-02-29 13:00:00,7,0,1,2,1814780485,J. Hake,R,CH,R,1.29436845363,1.21703286045,3.39070908988,-5.8385618802,5.31327812189,B,K,-2.20559423629,3.66777375269,72.0796301531,2247.49749047,120.523368097,0.13
182,2020,730284544,YSU,D1 Horizon League,730375936,AC,431907970,2020-02-29 13:00:00,7,1,1,2,1814780485,J. Hake,R,FA,R,-0.504072870799,2.47400714123,9.63587324068,22.3777236755,5.62952338241,F,K,-2.13182862369,3.81164326008,83.2166542978,2149.35511485,246.620538929,-0.15
183,2020,730284544,YSU,D1 Horizon League,730375936,AC,431907970,2020-02-29 13:00:00,7,1,2,2,1814780485,J. Hake,R,CH,R,0.176365279359,2.90657511559,6.84319075153,-5.92661235543,5.30914542483,F,K,-2.39842935488,3.70744096219,73.0921445857,2293.94730392,139.314270647,0.0
184,2020,730284544,YSU,D1 Horizon League,730375936,AC,431907970,2020-02-29 13:00:00,7,1,2,2,1814780485,J. Hake,R,CH,R,1.62028456294,2.12825307065,6.45147774411,-2.12402020707,5.47936720337,B,K,-2.15639124078,3.36978439793,70.189267008,2193.16871954,161.918411131,0.13
185,2020,730284544,YSU,D1 Horizon League,730375936,AC,431907970,2020-02-29 13:00:00,7,2,2,2,1814780485,J. Hake,R,CH,R,0.718305815096,2.01511083824,8.34528616859,-7.86750089652,5.2234618317,SS,K,-2.21723614479,3.56500912011,70.8734641017,2220.87520758,136.870094512,-0.15
186,2020,730284544,YSU,D1 Horizon League,730375936,AC,431907970,2020-02-29 13:00:00,8,0,0,1,1710733870,C. Coles,R,FA,R,-0.825112067045,3.04212760315,22.125109925,6.6937016727,5.98710987886,B,BB,-1.27219440997,6.16569571089,93.5123106416,2360.7499014,196.811369155,0.13
187,2020,730284544,YSU,D1 Horizon League,730375936,AC,431907970,2020-02-29 13:00:00,8,1,0,1,1710733870,C. Coles,R,FA,R,-0.585645145703,3.16492446882,17.0188841435,6.08440711587,6.13472456746,B,BB,-1.44372158611,5.76219136155,92.4088930196,2409.4541324,199.640564796,0.13
188,2020,730284544,YSU,D1 Horizon League,730375936,AC,431907970,2020-02-29 13:00:00,8,2,0,1,1710733870,C. Coles,R,FA,R,0.677393497799,2.59713413959,17.5117108493,7.13622166707,6.18144854285,SL,BB,-1.45523766035,5.81104680169,91.1946455637,2437.41732796,202.136183878,-0.15
189,2020,730284544,YSU,D1 Horizon League,730375936,AC,431907970,2020-02-29 13:00:00,8,2,1,1,1710733870,C. Coles,R,FA,R,-0.62876203367,2.38870120969,14.5378326502,5.73295275618,6.35741947924,SL,BB,-1.24815324989,5.85691503889,92.2856166837,2306.02709491,201.48165249,-0.15
190,2020,730284544,YSU,D1 Horizon League,730375936,AC,431907970,2020-02-29 13:00:00,8,2,2,1,1710733870,C. Coles,R,SL,R,-0.988747794913,3.87680505899,0.514188896432,1.01166720375,5.42898953771,B,BB,-1.58529830237,5.78186629768,82.6705906804,2212.72802414,241.351717144,0.13
191,2020,730284544,YSU,D1 Horizon League,730375936,AC,431907970,2020-02-29 13:00:00,8,3,2,1,1710733870,C. Coles,R,FA,R,0.56670074504,2.87245985021,15.4353345716,8.87463017009,6.18784774819,F,BB,-1.38643669534,5.94694634271,91.0359248927,2357.2619172,209.847428171,0.0
192,2020,730284544,YSU,D1 Horizon League,730375936,AC,431907970,2020-02-29 13:00:00,8,3,2,1,1710733870,C. Coles,R,FA,R,-0.270944954685,3.42276289643,17.0402335652,12.3391752789,6.18556696035,B,BB,-1.64629086278,5.73617462934,90.8441533237,2359.18872319,215.858807702,0.8
193,2020,730284544,YSU,D1 Horizon League,730375936,AC,431907970,2020-02-29 13:00:00,8,0,0,1,1710733870,C. Coles,R,FA,L,-1.76819683417,4.0779864415,18.8656567246,11.0904345368,5.94160947546,B,IP_OUT,-1.15558549524,6.07007093086,90.6049964581,2267.43347193,210.407463241,0.13
194,2020,730284544,YSU,D1 Horizon League,730375936,AC,431907970,2020-02-29 13:00:00,8,1,0,1,1710733870,C. Coles,R,FA,L,-0.426662821499,2.82916933969,23.5040803581,10.0099236649,6.06963587665,F,IP_OUT,-1.16441315616,6.15081415093,90.5860067879,2346.18275744,203.04001976,-0.15
195,2020,730284544,YSU,D1 Horizon League,730375936,AC,431907970,2020-02-29 13:00:00,8,1,1,1,1710733870,C. Coles,R,FA,L,0.385386130595,2.94491795479,23.0995015695,10.4786741727,6.0794725939,F,IP_OUT,-0.948539440181,6.20655945067,91.3534676564,2342.95907131,204.371485876,-0.15
196,2020,730284544,YSU,D1 Horizon League,730375936,AC,431907970,2020-02-29 13:00:00,8,1,2,1,1710733870,C. Coles,R,SL,L,-1.30825693072,0.907433616838,4.78597604131,8.88359040748,5.56197898728,B,IP_OUT,-1.30544374333,6.07601737171,84.4921627314,876.68292587,241.500339822,0.13
197,2020,730284544,YSU,D1 Horizon League,730375936,AC,431907970,2020-02-29 13:00:00,8,0,0,2,1710733870,C. Coles,R,FA,L,0.44391745073,1.83738520129,17.6604667461,2.67899120015,6.07256988839,SS,IP_OUT,-1.20012608741,6.18311164365,91.2203637861,2341.76564627,188.610699652,-0.15
198,2020,730284544,YSU,D1 Horizon League,730375936,AC,431907970,2020-02-29 13:00:00,9,0,0,0,1080211575,G. Clift Jr.,R,FA,R,-0.515189329318,2.48949826278,15.4927376711,18.0414423958,5.41712133788,F,IP_OUT,-2.65715520373,5.11752938168,87.7971219825,2150.25957794,229.284007619,-0.15
199,2020,730284544,YSU,D1 Horizon League,730375936,AC,431907970,2020-02-29 13:00:00,9,0,0,1,1080211575,G. Clift Jr.,R,FA,L,0.517762036613,0.928609444734,17.88247295,13.3754033082,5.59004634507,B,K,-2.31262710306,5.32586030897,88.6701838535,2265.67120678,216.743600265,0.13
200,2020,730284544,YSU,D1 Horizon League,730375936,AC,431907970,2020-02-29 13:00:00,9,1,0,1,1080211575,G. Clift Jr.,R,FA,L,-1.16345241802,2.0842030771,14.9341381153,18.3660582834,5.37188736212,F,K,-2.523743914,5.39024158395,88.6640971431,2199.74949978,230.820740174,-0.15
201,2020,730284544,YSU,D1 Horizon League,730375936,AC,431907970,2020-02-29 13:00:00,9,1,1,1,1080211575,G. Clift Jr.,R,SL,L,-1.59726985529,3.14498609843,7.12018086926,15.5876465339,5.57443374952,B,K,-2.52102424189,5.0999135436,81.134681782,1462.48699224,245.328799469,0.13
202,2020,730284544,YSU,D1 Horizon League,730375936,AC,431907970,2020-02-29 13:00:00,9,2,1,1,1080211575,G. Clift Jr.,R,FA,L,-0.783529601623,2.56237610515,15.5284951881,18.7809002692,5.62108332674,F,K,-2.48979951483,5.26222674623,88.4832760729,2219.01533351,230.353336557,-0.15
203,2020,730284544,YSU,D1 Horizon League,730375936,AC,431907970,2020-02-29 13:00:00,9,2,2,1,1080211575,G. Clift Jr.,R,CH,L,-0.968413185607,2.68408963279,5.69530615695,-7.08590570556,5.14117850053,B,K,-2.4802040621,5.16306361643,75.7528941919,2100.55614362,129.024295251,0.13
204,2020,730284544,YSU,D1 Horizon League,730375936,AC,431907970,2020-02-29 13:00:00,9,3,2,1,1080211575,G. Clift Jr.,R,FA,L,-1.03934219048,2.83417647849,12.0596846892,17.611471442,5.59591972654,SS,K,-2.36127806614,5.319284041,88.3835559751,2175.47962494,235.52344043,-0.15
205,2020,730284544,YSU,D1 Horizon League,730375936,AC,431907970,2020-02-29 13:00:00,9,0,0,2,1080211575,G. Clift Jr.,R,FA,R,-0.82321512675,1.73337464803,14.0949979579,19.100273347,5.69404992241,F,IP_OUT,-2.41339210394,5.44180393845,88.9928273119,2292.61587023,233.511421055,-0.15
206,2020,730284544,YSU,D1 Horizon League,730375936,AC,431907970,2020-02-29 13:00:00,9,0,1,2,1080211575,G. Clift Jr.,R,SL,R,0.421980501008,2.35081102927,1.51642021505,-5.59775618379,5.46191459873,SL,IP_OUT,-2.74306923561,5.1092330128,76.3536783506,2111.2676359,105.595571632,-0.15
207,2020,730284544,YSU,D1 Horizon League,730375936,AC,381174851,2020-02-28 13:00:00,1,0,0,0,1265153279,C. Clark,L,FA,R,0.32162824423,0.828336971795,16.4505696467,-4.08670103715,6.18519775527,B,D,0.842985951255,6.0544089644,86.8222841331,1908.32680373,166.076892027,0.13
208,2020,730284544,YSU,D1 Horizon League,730375936,AC,381174851,2020-02-28 13:00:00,1,1,0,0,1265153279,C. Clark,L,FA,R,0.70227802509,2.14490857898,16.4824666012,-5.87445689532,6.31654797794,SL,D,0.708909700348,6.12513881591,87.0004375708,2036.18697104,160.420811981,-0.15
209,2020,730284544,YSU,D1 Horizon League,730375936,AC,381174851,2020-02-28 13:00:00,1,1,1,0,1265153279,C. Clark,L,FA,R,-0.510963557829,1.77803874457,18.3572822375,-0.512344441849,6.38815051702,IP,D,0.821793167373,6.18303621998,86.9071730737,2028.6366695,178.404280239,1.26
210,2020,730284544,YSU,D1 Horizon League,730375936,AC,381174851,2020-02-28 13:00:00,1,0,0,0,1265153279,C. Clark,L,FA,L,0.890335738567,1.95631034423,16.0813047382,-6.41110137932,6.05581399514,F,IP_OUT,0.824552500515,6.17540399449,86.429670247,1951.04370392,158.30711524,-0.15
211,2020,730284544,YSU,D1 Horizon League,730375936,AC,381174851,2020-02-28 13:00:00,1,0,1,0,1265153279,C. Clark,L,SL,L,0.0669143857052,1.94482450849,1.11715008798,11.9821193979,5.53527620233,SL,IP_OUT,0.758145721384,6.19991682353,75.9247071831,2144.21752532,264.457240124,-0.15
212,2020,730284544,YSU,D1 Horizon League,730375936,AC,381174851,2020-02-28 13:00:00,1,0,2,0,1265153279,C. Clark,L,FA,L,-0.36370675021,1.84928949408,20.9666605144,-5.8633053867,6.06872403511,F,IP_OUT,0.577598236975,6.22662146238,87.587538212,1964.65822988,164.400547092,0.0
213,2020,730284544,YSU,D1 Horizon League,730375936,AC,381174851,2020-02-28 13:00:00,1,0,0,1,1265153279,C. Clark,L,FA,L,0.829769196033,1.38578899305,14.7983875369,-10.2788443182,6.12582703477,F,D,0.58136809723,6.20904187974,86.3232190211,1947.80076143,145.280085324,-0.15
214,2020,730284544,YSU,D1 Horizon League,730375936,AC,381174851,2020-02-28 13:00:00,1,0,1,1,1265153279,C. Clark,L,SL,L,0.465866071513,2.37878490534,2.90282926441,11.2058808318,5.76873696511,SL,D,0.920495150677,6.3608274966,76.0502024336,2203.8839361,255.261102873,-0.15
215,2020,730284544,YSU,D1 Horizon League,730375936,AC,381174851,2020-02-28 13:00:00,1,0,2,1,1265153279,C. Clark,L,SL,L,-1.20662589933,0.97087325056,2.59911874299,7.94390444715,5.85460169399,B,D,0.896723530955,5.98444806335,81.7686320532,2295.55768614,251.628338384,0.13
216,2020,730284544,YSU,D1 Horizon League,730375936,AC,381174851,2020-02-28 13:00:00,1,1,2,1,1265153279,C. Clark,L,FA,L,-0.0339375806583,0.841262903678,15.9579908587,-5.90368554709,6.32086192426,B,D,0.72406684481,6.21787204495,87.4606769383,2046.42542603,159.737270565,0.13
217,2020,730284544,YSU,D1 Horizon League,730375936,AC,381174851,2020-02-28 13:00:00,1,2,2,1,1265153279,C. Clark,L,CH,L,0.158845743616,1.20974114912,6.37908877041,4.87818197556,5.66612639545,IP,D,0.681042499557,6.18035194771,77.3375689299,2289.27688574,217.21739802,1.26
218,2020,730284544,YSU,D1 Horizon League,730375936,AC,381174851,2020-02-28 13:00:00,1,0,0,1,1265153279,C. Clark,L,SL,L,-0.954684569378,-0.180718681182,-1.9356382265,9.56579797501,5.71436636534,SS,IP_OUT,0.788574359495,6.22572033919,76.1714561796,2181.07626495,281.180050526,-0.15
219,2020,730284544,YSU,D1 Horizon League,730375936,AC,381174851,2020-02-28 13:00:00,1,1,1,1,1265153279,C. Clark,L,FA,L,-0.859525682782,1.10473077141,17.4409984002,-4.81702876967,6.40134898482,B,IP_OUT,0.473116052374,6.22099495093,88.7958067331,1995.63489296,164.587803271,0.13
220,2020,730284544,YSU,D1 Horizon League,730375936,AC,381174851,2020-02-28 13:00:00,1,2,1,1,1265153279,C. Clark,L,FA,L,0.185062322315,2.91193096564,24.7930736619,-4.79704991851,6.24625737551,F,IP_OUT,0.785464107716,6.28899563292,87.567361717,1984.22553717,169.064109309,-0.15
221,2020,730284544,YSU,D1 Horizon League,730375936,AC,381174851,2020-02-28 13:00:00,2,0,0,0,1265153279,C. Clark,L,FA,L,0.587439282994,3.52178748407,19.8395204531,-6.51435063592,6.13440921595,F,K,0.756660352974,6.28978067391,85.6128445419,1971.19301175,161.852299195,-0.15
222,2020,730284544,YSU,D1 Horizon League,730375936,AC,381174851,2020-02-28 13:00:00,2,0,1,0,1265153279,C. Clark,L,FA,L,0.508769642403,2.5517280583,20.041314131,-7.00734358677,6.07766354588,SS,K,0.948226066395,6.23310319453,85.8326177137,1953.52706103,160.759688122,-0.15
223,2020,730284544,YSU,D1 Horizon League,730375936,AC,381174851,2020-02-28 13:00:00,2,0,2,0,1265153279,C. Clark,L,SL,L,0.42275905662,2.82068793719,4.59678184285,7.01684129272,5.5874494919,SL,K,0.598385275327,6.28273362043,79.0607453939,2234.46621956,236.528660755,-0.15
224,2020,730284544,YSU,D1 Horizon League,730375936,AC,381174851,2020-02-28 13:00:00,2,0,0,2,1265153279,C. Clark,L,FA,R,0.435449448857,3.62775418312,14.4739639754,-4.65365501439,6.45791305752,B,D,0.779749271725,6.15665971779,85.9409201132,1961.74100014,162.216167713,0.13
225,2020,730284544,YSU,D1 Horizon League,730375936,AC,381174851,2020-02-28 13:00:00,2,1,0,2,1265153279,C. Clark,L,CH,R,0.686657736048,2.02562801829,9.09046784219,-9.38580701866,5.92546288727,SS,D,0.661724488425,6.15014213355,80.4631603219,1490.97292461,134.210639457,-0.15
226,2020,730284544,YSU,D1 Horizon League,730375936,AC,381174851,2020-02-28 13:00:00,2,1,1,2,1265153279,C. Clark,L,CH,R,0.199805146592,2.58442052184,11.507299155,-5.98903315878,5.87840864397,F,D,0.767171546118,6.11465231756,81.9288080798,1469.900836,152.58434432,-0.15
227,2020,730284544,YSU,D1 Horizon League,730375936,AC,381174851,2020-02-28 13:00:00,2,1,2,2,1265153279,C. Clark,L,CH,R,0.545172507132,2.20219241667,9.03045122531,-8.52141065434,5.8547589936,IP,D,0.646864058724,6.11456631691,79.8225677252,1330.51586893,136.791216921,1.26
228,2020,730284544,YSU,D1 Horizon League,730375936,AC,381174851,2020-02-28 13:00:00,2,0,0,2,1265153279,C. Clark,L,FA,L,1.06220365376,3.6839935537,11.9570758196,-9.19533586484,5.83444158395,B,K,0.606198587087,6.23921399778,85.7966342681,1736.70444347,142.520879787,0.13
229,2020,730284544,YSU,D1 Horizon League,730375936,AC,381174851,2020-02-28 13:00:00,2,1,0,2,1265153279,C. Clark,L,FA,L,0.235258139068,3.11129009435,20.1917232551,-5.15790826679,6.00910381325,SL,K,0.542961973746,6.47820795645,84.3138303878,1798.39261531,165.695472822,-0.15
230,2020,730284544,YSU,D1 Horizon League,730375936,AC,381174851,2020-02-28 13:00:00,2,1,2,2,1265153279,C. Clark,L,CH,L,-0.441171913617,1.32932641816,11.0988005316,5.95667911269,5.71149219548,SS,K,0.987652183892,6.18720322697,79.6857318712,2376.6869872,208.133239721,-0.15
231,2020,730284544,YSU,D1 Horizon League,730375936,AC,381174851,2020-02-28 13:00:00,3,0,0,0,1265153279,C. Clark,L,SL,R,-0.37672347767,2.33689874191,8.73521985342,8.81528932559,5.6061954833,F,IP_OUT,0.564888836261,6.38212936387,77.1620013824,1982.15738852,225.118068216,-0.15
232,2020,730284544,YSU,D1 Horizon League,730375936,AC,381174851,2020-02-28 13:00:00,3,0,0,1,1265153279,C. Clark,L,FA,L,-0.837977151276,2.00740006994,12.5943035171,6.09332562217,5.46659403313,B,K,0.864752706365,6.2879170839,81.8501527446,2343.56145744,205.748080926,0.13
233,2020,730284544,YSU,D1 Horizon League,730375936,AC,381174851,2020-02-28 13:00:00,3,1,0,1,1265153279,C. Clark,L,FA,L,0.253989126965,2.63864289088,17.4481223906,-3.7202709024,6.3151735854,F,K,0.408386935136,6.16485900963,85.7121501072,1960.36624392,167.986926556,-0.15
234,2020,730284544,YSU,D1 Horizon League,730375936,AC,381174851,2020-02-28 13:00:00,3,1,1,1,1265153279,C. Clark,L,SL,L,0.5457718181,1.8070033738,1.58047308701,7.78780832892,5.40334459785,SL,K,0.479739809998,6.33208029736,77.4284913687,2319.36759731,258.204691497,-0.15
235,2020,730284544,YSU,D1 Horizon League,730375936,AC,381174851,2020-02-28 13:00:00,3,1,2,1,1265153279,C. Clark,L,CH,L,-0.875490906118,1.85155585601,4.71365209824,1.77304064249,5.82826223171,F,K,0.9465757955,5.93532167267,81.741544075,2301.45329194,200.456774377,0.0
236,2020,730284544,YSU,D1 Horizon League,730375936,AC,381174851,2020-02-28 13:00:00,3,1,2,1,1265153279,C. Clark,L,FA,L,-0.154981646278,1.15883981662,16.3745781166,-5.63652077874,6.47495928492,B,K,0.423268556888,6.14647080295,87.0573968422,1918.37262749,161.041836639,0.13
237,2020,730284544,YSU,D1 Horizon League,730375936,AC,381174851,2020-02-28 13:00:00,3,2,2,1,1265153279,C. Clark,L,SL,L,-0.772819439687,1.55573517819,1.94962730041,10.3421844293,5.68553092959,SS,K,0.547081915413,6.25281758305,75.6899806914,2283.28710734,259.077702878,-0.15
238,2020,730284544,YSU,D1 Horizon League,730375936,AC,381174851,2020-02-28 13:00:00,3,0,0,2,1265153279,C. Clark,L,FA,L,0.357373479767,1.78307080005,16.0948800465,-6.87563578914,6.23395868824,F,IP_OUT,0.623084254339,6.19477851361,87.1183184773,1952.82951322,156.911798824,-0.15
239,2020,730284544,YSU,D1 Horizon League,730375936,AC,381174851,2020-02-28 13:00:00,4,0,0,0,1265153279,C. Clark,L,FA,L,0.277154066616,2.06683663881,17.6819025061,-8.47822211448,6.19274412611,IP,S,0.55057361777,6.21094027322,86.0576584439,1814.39526095,154.42702999,1.0
240,2020,730284544,YSU,D1 Horizon League,730375936,AC,381174851,2020-02-28 13:00:00,4,0,1,1,1265153279,C. Clark,L,CH,R,-1.34611014797,0.227675355834,16.212976224,-9.4497632709,5.72978334476,B,K,0.788670688883,6.18670176997,80.9248873321,1681.88164736,149.825848138,0.13
241,2020,730284544,YSU,D1 Horizon League,730375936,AC,381174851,2020-02-28 13:00:00,4,1,1,1,1265153279,C. Clark,L,SL,R,0.0975552095269,1.37371176651,2.37076077322,12.6796355109,5.57299366025,SS,K,0.69317834857,6.28805383237,77.2430039187,2322.31185402,259.214230528,-0.15
242,2020,730284544,YSU,D1 Horizon League,730375936,AC,381174851,2020-02-28 13:00:00,4,1,2,1,1265153279,C. Clark,L,CH,R,-0.0440236804096,1.74732716127,12.7983138625,-8.87540647138,5.91040030677,SS,K,0.613829133874,6.14304166922,81.5327648212,1661.78254268,145.341352069,-0.15
243,2020,730284544,YSU,D1 Horizon League,730375936,AC,381174851,2020-02-28 13:00:00,4,0,0,2,1265153279,C. Clark,L,SL,L,0.0605647511522,2.81854390481,6.25536859479,6.79897350278,5.85798766744,SL,K,1.13057073541,5.92357432128,81.0155102949,2208.83216944,227.201554349,-0.15
244,2020,730284544,YSU,D1 Horizon League,730375936,AC,381174851,2020-02-28 13:00:00,4,0,1,2,1265153279,C. Clark,L,SL,L,-1.37136099198,1.67277903987,6.06505666366,12.8277358385,5.53347643615,SS,K,0.513749173718,6.30476054604,77.2096372101,2581.37201497,244.531966394,-0.15
245,2020,730284544,YSU,D1 Horizon League,730375936,AC,381174851,2020-02-28 13:00:00,4,0,2,2,1265153279,C. Clark,L,FA,L,-0.374980327603,3.39819622261,13.6928177027,-7.06293178691,6.28954727992,B,K,0.386737024538,6.04640686611,88.1572314229,1928.21515825,152.770804881,0.13
246,2020,730284544,YSU,D1 Horizon League,730375936,AC,381174851,2020-02-28 13:00:00,4,1,2,2,1265153279,C. Clark,L,SL,L,0.635436558573,3.74461168179,4.09757969125,9.91794732698,5.58824151028,B,K,0.316954987942,6.3460842429,76.0970468502,2377.08908359,247.326630078,0.13
247,2020,730284544,YSU,D1 Horizon League,730375936,AC,381174851,2020-02-28 13:00:00,4,3,2,2,1265153279,C. Clark,L,FC,L,-0.920110135011,0.995452579042,9.22716276247,9.7491669714,5.8759897495,SS,K,0.936876373448,6.02325049836,82.0947735742,2369.18024837,226.454025401,-0.15
248,2020,730284544,YSU,D1 Horizon League,730375936,AC,381174851,2020-02-28 13:00:00,5,0,0,0,1265153279,C. Clark,L,CH,R,1.20150025774,1.95338979329,7.93243540448,-10.7977717038,5.67327719057,SS,IP_OUT,0.618091283098,6.15158672672,81.224714413,1578.83708458,126.439712192,-0.15
249,2020,730284544,YSU,D1 Horizon League,730375936,AC,381174851,2020-02-28 13:00:00,5,0,0,1,1265153279,C. Clark,L,FA,R,0.714325340563,2.83038685004,11.3426294288,-8.97738386521,5.97138425564,F,IP_OUT,0.493839345435,6.10437790552,86.2351493813,1937.64245341,141.725375386,-0.15
250,2020,730284544,YSU,D1 Horizon League,730375936,AC,381174851,2020-02-28 13:00:00,5,0,0,2,1265153279,C. Clark,L,FA,L,-0.659947188081,2.61461971828,16.8438887376,-8.81633543047,6.15538371669,SL,K,0.327867657174,6.34918786522,86.5890268259,1858.22619428,152.420114527,-0.15
251,2020,730284544,YSU,D1 Horizon League,730375936,AC,381174851,2020-02-28 13:00:00,5,0,1,2,1265153279,C. Clark,L,FA,L,0.59748918501,3.26635582556,18.2888512741,-5.07152047533,6.1803584094,SS,K,0.553197921643,6.19730366502,87.4697639713,2105.03400934,164.528588807,-0.15
252,2020,730284544,YSU,D1 Horizon League,730375936,AC,381174851,2020-02-28 13:00:00,5,0,2,2,1265153279,C. Clark,L,SL,L,-0.526854027364,0.42743185709,-4.33635114742,11.0153705941,5.58731046818,SS,K,0.454556144673,6.24635534422,77.5355505444,2377.97557676,291.288741899,-0.15
253,2020,730284544,YSU,D1 Horizon League,730375936,AC,381174851,2020-02-28 13:00:00,6,0,0,0,1265153279,C. Clark,L,SL,R,1.04196655389,1.28396768684,-5.58837568648,6.95206152041,5.3141463907,B,IP_OUT,0.476982570666,6.22376977586,75.0478029414,2304.9312853,308.555883921,0.13
254,2020,730284544,YSU,D1 Horizon League,730375936,AC,381174851,2020-02-28 13:00:00,6,0,0,1,1265153279,C. Clark,L,FA,L,0.61781528061,3.44427835344,17.0740139858,-3.76733432377,6.10225160825,B,K,0.427920100533,6.09810946535,86.1856492081,1957.4279275,167.581879679,0.13
255,2020,730284544,YSU,D1 Horizon League,730375936,AC,381174851,2020-02-28 13:00:00,6,1,0,1,1265153279,C. Clark,L,FA,L,0.677778677918,1.88316186115,15.7762846817,-11.2453654219,6.17186087379,SS,K,0.586134757033,6.17721349791,86.6464631846,1957.54588989,144.577974129,-0.15
256,2020,730284544,YSU,D1 Horizon League,730375936,AC,381174851,2020-02-28 13:00:00,6,1,1,1,1265153279,C. Clark,L,CH,L,0.96484168571,2.20390169552,7.81223217299,1.83803525654,5.90012065411,SL,K,1.05799296791,5.92213864557,81.127284649,2301.36903461,193.174972647,-0.15
257,2020,730284544,YSU,D1 Horizon League,730375936,AC,381174851,2020-02-28 13:00:00,6,1,2,1,1265153279,C. Clark,L,SL,L,0.378270354332,2.64780207232,-5.75778680557,10.8734667326,5.56797343602,SL,K,0.543663658752,6.28895501116,73.6126796876,2321.72551464,297.700776641,-0.15
258,2020,730284544,YSU,D1 Horizon League,730375936,AC,381174851,2020-02-28 13:00:00,6,0,0,2,1265153279,C. Clark,L,FA,L,-0.425969213988,1.91278460769,18.3344085044,-3.7623530173,6.16882322621,SL,S,0.372947651603,6.18138525965,86.9790394169,1897.23560533,168.424502633,-0.15
259,2020,730284544,YSU,D1 Horizon League,730375936,AC,381174851,2020-02-28 13:00:00,6,1,1,2,1265153279,C. Clark,L,FA,L,-0.00604794711944,2.23175542035,18.5247269874,-3.43810625929,6.21619761998,IP,S,0.423981512357,6.17612962065,86.6203718379,1968.41033969,169.504889537,1.0
260,2020,730284544,YSU,D1 Horizon League,730375936,AC,381174851,2020-02-28 13:00:00,6,0,0,2,1265153279,C. Clark,L,FA,L,-0.825320548141,0.947931656837,17.8844025079,-5.86452679034,6.0221968042,B,IP_OUT,0.638201739656,6.19411105759,86.0069196891,2029.79278984,161.878503675,0.13
261,2020,730284544,YSU,D1 Horizon League,730375936,AC,381174851,2020-02-28 13:00:00,6,1,0,2,1265153279,C. Clark,L,FA,L,-0.688172817483,1.40718711482,18.6478527617,-5.56524983959,5.97967743397,B,IP_OUT,0.513902443878,6.1378894194,86.0655413934,1933.94274663,163.412528758,0.13
262,2020,730284544,YSU,D1 Horizon League,730375936,AC,381174851,2020-02-28 13:00:00,6,2,0,2,1265153279,C. Clark,L,FA,L,-1.1750218403,2.02758965511,20.4211150977,-5.00206850396,6.03910778963,SL,IP_OUT,0.508996697682,6.13549738732,84.640790907,1932.70014567,166.260246804,-0.15
263,2020,730284544,YSU,D1 Horizon League,730375936,AC,381174851,2020-02-28 13:00:00,6,2,1,2,1265153279,C. Clark,L,CH,L,-1.0540139955,1.64074849912,4.99491229212,5.30865184294,5.76899698894,B,IP_OUT,1.18103647594,5.7360410262,80.0881174651,2270.71677002,226.510712432,0.13
264,2020,730284544,YSU,D1 Horizon League,730375936,AC,381174851,2020-02-28 13:00:00,7,0,0,0,1265153279,C. Clark,L,CH,R,0.226726256587,0.245684547554,5.84937530993,6.18277941444,5.78605376101,B,IP_OUT,1.0346959195,5.98964875265,80.2964271051,2213.29102608,226.386934334,0.13
265,2020,730284544,YSU,D1 Horizon League,730375936,AC,381174851,2020-02-28 13:00:00,7,1,0,0,1265153279,C. Clark,L,FA,R,0.501468767164,4.16645103861,15.0334970948,-5.63001731231,6.10453735016,B,IP_OUT,0.548362918318,6.2838840957,85.9443793002,1969.24520009,159.513117001,0.13
266,2020,730284544,YSU,D1 Horizon League,730375936,AC,381174851,2020-02-28 13:00:00,7,0,0,1,1265153279,C. Clark,L,FA,L,0.508430863595,3.723266177,14.0631674589,-6.2807152925,6.13803819241,B,K,0.469654963674,6.22211998408,85.6665496769,1933.71893874,155.987709933,0.13
267,2020,730284544,YSU,D1 Horizon League,730375936,AC,381174851,2020-02-28 13:00:00,7,1,0,1,1265153279,C. Clark,L,FA,L,1.59649567208,2.4428379305,11.9392960192,-7.83519665808,6.03506136228,B,K,0.579656882888,6.06447765738,85.1738395074,1957.24520342,146.8040278,0.13
268,2020,730284544,YSU,D1 Horizon League,730375936,AC,381174851,2020-02-28 13:00:00,7,2,0,1,1265153279,C. Clark,L,FA,L,-0.27202913257,2.49955199002,18.3237869053,-9.32655725152,6.02298879531,F,K,0.70319591272,6.21984335484,84.34856635,1836.36226267,153.071185887,-0.15
269,2020,730284544,YSU,D1 Horizon League,730375936,AC,381174851,2020-02-28 13:00:00,7,2,1,1,1265153279,C. Clark,L,FA,L,-0.430754373653,2.45174189607,17.1981020145,-5.87642934811,6.30226835026,SL,K,0.371741373172,6.19640201333,84.7989947369,1883.15085646,161.17164567,-0.15
270,2020,730284544,YSU,D1 Horizon League,730375936,AC,381174851,2020-02-28 13:00:00,7,2,2,1,1265153279,C. Clark,L,SL,L,-1.06862590156,1.08123965597,-0.0527702810385,13.0419153234,5.33825908907,SS,K,0.414265360438,6.28139602263,75.7423414201,2452.42304266,270.0267054,-0.15
271,2020,730284544,YSU,D1 Horizon League,730375936,AC,381174851,2020-02-28 13:00:00,7,0,0,2,1265153279,C. Clark,L,CH,R,0.752083905026,4.4516517493,13.510523627,-11.4652407582,5.65146743028,B,IP_OUT,0.473041486173,6.26240508241,80.0765253734,1592.21318382,139.767414848,0.13
272,2020,730284544,YSU,D1 Horizon League,730375936,AC,381174851,2020-02-28 13:00:00,8,0,0,1,1265153279,C. Clark,L,FA,L,0.434727719913,2.6785917366,12.2619210002,-5.50573291808,5.88703220707,SS,K,0.446297297432,6.13777939368,85.2494137953,1936.50771625,155.88163466,-0.15
273,2020,730284544,YSU,D1 Horizon League,730375936,AC,381174851,2020-02-28 13:00:00,8,0,1,1,1265153279,C. Clark,L,SL,L,0.566500612152,1.29815969885,0.308224576411,10.4003974873,5.62401477707,B,K,0.743713147089,6.33879253399,77.2508703121,2362.64398766,268.062181857,0.13
274,2020,730284544,YSU,D1 Horizon League,730375936,AC,381174851,2020-02-28 13:00:00,8,1,1,1,1265153279,C. Clark,L,FA,L,-0.306919656154,2.86455316285,16.7359091757,-8.08855730042,6.0879919238,SL,K,0.666269417935,6.33766824036,85.7989214462,1882.06736826,154.252286515,-0.15
275,2020,730284544,YSU,D1 Horizon League,730375936,AC,381174851,2020-02-28 13:00:00,8,1,2,1,1265153279,C. Clark,L,SL,L,-1.48939509129,0.239371765578,0.88003045721,7.68395318323,5.70677155814,SS,K,0.889828344385,5.98881116374,81.4874436891,2306.59807105,263.176648605,-0.15
276,2020,730284544,YSU,D1 Horizon League,730375936,AC,381174851,2020-02-28 13:00:00,9,0,0,0,1265153279,C. Clark,L,FA,L,0.167055406464,3.17628271153,16.5791806271,-6.18335741667,6.07659088407,SS,IP_OUT,0.598124910009,6.12331837482,84.9459115185,1895.98946637,159.587016019,-0.15
277,2020,730284544,YSU,D1 Horizon League,730375936,AC,381174851,2020-02-28 13:00:00,9,0,1,0,1265153279,C. Clark,L,FA,L,0.325977863016,2.48566814058,13.272475265,-6.10351464615,6.11071826352,F,IP_OUT,0.53452896534,6.05622343299,83.8022126052,1803.07610025,155.364055905,-0.15
278,2020,730284544,YSU,D1 Horizon League,730375936,AC,381174851,2020-02-28 13:00:00,9,0,0,1,1265153279,C. Clark,L,FA,L,0.0983846321728,2.53367007421,15.1075664343,-6.19354209003,6.32741238998,F,IP_OUT,0.414730117142,6.09805655404,85.0997430458,1957.71202928,157.755257624,-0.15
279,2020,730284544,YSU,D1 Horizon League,730375936,AC,381174851,2020-02-28 13:00:00,9,0,1,1,1265153279,C. Clark,L,SL,L,1.25803647684,3.7921640283,-0.0390791630252,13.8143766143,5.3860034342,B,IP_OUT,0.726984083149,6.31641672061,74.2595670055,2284.09586941,269.960265454,0.13
280,2020,730284544,YSU,D1 Horizon League,730375936,AC,381174851,2020-02-28 13:00:00,9,0,0,2,1265153279,C. Clark,L,SL,L,-0.256599819713,3.29763300811,2.57920493816,10.4579183157,5.35700929738,B,IP_OUT,0.344544899673,6.33537564295,73.2815343204,2263.31448474,255.887211522,0.13
281,2020,730284544,YSU,D1 Horizon League,730375936,AC,381174851,2020-02-28 13:00:00,9,1,0,2,1265153279,C. Clark,L,FA,L,-0.6282629893,1.58227237435,18.9595949475,-5.27991650724,6.21960937941,SL,IP_OUT,0.470433936206,6.20994341752,85.9982225667,2012.12215882,164.465750477,-0.15
282,2020,730284544,YSU,D1 Horizon League,730375936,AC,381174851,2020-02-28 13:00:00,9,1,1,2,1265153279,C. Clark,L,CH,L,-0.400043238044,1.44375365231,8.00370955068,3.31758969389,5.75690036744,SS,IP_OUT,1.06133867446,5.99058353766,80.2128805682,2347.77238762,202.410052989,-0.15
283,2020,730284544,YSU,D1 Horizon League,730375936,AC,264226949,2020-02-27 13:00:00,1,0,0,0,1806909748,T. Perry,R,FA,L,-1.03854203344,2.70319654193,14.5750089368,12.0233805161,6.57214619096,SL,BB,-2.11784085427,6.14823409373,84.3287287222,1687.56741274,219.451394775,-0.15
284,2020,730284544,YSU,D1 Horizon League,730375936,AC,264226949,2020-02-27 13:00:00,1,0,1,0,1806909748,T. Perry,R,FA,L,-1.55028585667,2.1005843774,21.8474021496,4.77259813256,6.76748289008,B,BB,-2.12639875861,6.19867624866,84.3143755477,1854.77114395,192.303355367,0.13
285,2020,730284544,YSU,D1 Horizon League,730375936,AC,264226949,2020-02-27 13:00:00,1,1,1,0,1806909748,T. Perry,R,FA,L,-2.80555855118,3.39023816125,11.4266236779,10.506793592,6.537165756,B,BB,-2.0714060241,5.96808914394,83.7663235384,1689.31300967,222.50855696,0.13
286,2020,730284544,YSU,D1 Horizon League,730375936,AC,264226949,2020-02-27 13:00:00,1,2,1,0,1806909748,T. Perry,R,FA,L,0.988028347501,1.38361168764,23.2959344588,7.76377837998,6.69939084507,B,BB,-1.71659481965,6.08870383599,84.9279701597,1932.03535333,198.405543868,0.13
287,2020,730284544,YSU,D1 Horizon League,730375936,AC,264226949,2020-02-27 13:00:00,1,3,1,0,1806909748,T. Perry,R,FA,L,-1.22867541777,1.92083925673,16.9525404611,8.77443133557,6.76734827909,SL,BB,-2.27984054759,6.01041289093,84.4253550768,1836.27696861,207.316690538,-0.15
288,2020,730284544,YSU,D1 Horizon League,730375936,AC,264226949,2020-02-27 13:00:00,1,3,2,0,1806909748,T. Perry,R,FA,L,-0.470699017831,0.837400363469,17.4329911016,9.7339730807,6.5955418309,B,BB,-2.081953562,6.0328761745,85.2831947046,1866.81101843,209.128483802,0.8
289,2020,730284544,YSU,D1 Horizon League,730375936,AC,264226949,2020-02-27 13:00:00,1,0,0,0,1806909748,T. Perry,R,CH,R,1.86870212749,0.979061078385,1.74654584905,-3.51040188268,6.12064079635,B,S,-2.25652306346,6.21038265108,72.6024717778,1735.08227359,117.104366119,0.13
290,2020,730284544,YSU,D1 Horizon League,730375936,AC,264226949,2020-02-27 13:00:00,1,1,0,0,1806909748,T. Perry,R,FA,R,-0.0286985394268,2.73591497331,18.1870455986,7.43535957156,6.9459890236,SL,S,-2.16569222537,6.21239265606,83.1487639725,1763.0033712,202.195987537,-0.15
291,2020,730284544,YSU,D1 Horizon League,730375936,AC,264226949,2020-02-27 13:00:00,1,1,1,0,1806909748,T. Perry,R,SL,R,0.597694172501,0.156557282397,-0.991936446206,-1.63795467046,6.38533222702,B,S,-2.26072764727,6.02525208552,72.4611961369,1620.94630599,60.0952446006,0.13
292,2020,730284544,YSU,D1 Horizon League,730375936,AC,264226949,2020-02-27 13:00:00,1,2,1,0,1806909748,T. Perry,R,FA,R,-0.544930576696,1.7642260706,15.4022317921,8.20387457633,7.04602602822,F,S,-2.03643040901,6.0911432968,82.8680592014,1649.94931353,207.985197301,-0.15
293,2020,730284544,YSU,D1 Horizon League,730375936,AC,264226949,2020-02-27 13:00:00,1,2,2,0,1806909748,T. Perry,R,CU,R,-0.120586353524,2.11612411722,-8.57193128648,0.403285589447,6.30288680905,IP,S,-2.12018892076,5.96191125078,69.7983663375,1789.85068603,357.289562098,1.0
294,2020,730284544,YSU,D1 Horizon League,730375936,AC,264226949,2020-02-27 13:00:00,1,0,0,0,1806909748,T. Perry,R,FA,L,-1.32990463197,2.97799709721,23.6181447494,5.56810204054,6.2063190496,B,DP,-2.15871056422,6.41079838612,83.4677505775,1942.18057147,193.245243252,0.13
295,2020,730284544,YSU,D1 Horizon League,730375936,AC,264226949,2020-02-27 13:00:00,1,1,0,0,1806909748,T. Perry,R,FA,L,-0.338911810983,2.76584235725,19.6331542894,5.17057388919,6.27159529428,SS,DP,-2.11696750228,6.25653284753,82.4120078784,1914.35713435,194.726806549,-0.15
296,2020,730284544,YSU,D1 Horizon League,730375936,AC,264226949,2020-02-27 13:00:00,1,1,1,0,1806909748,T. Perry,R,FA,L,-1.0734222933,2.43648322448,12.4488785716,11.6798956152,6.43746405096,F,DP,-2.12771717069,6.23041526464,82.7977739176,1809.82273082,223.088368684,-0.15
297,2020,730284544,YSU,D1 Horizon League,730375936,AC,264226949,2020-02-27 13:00:00,1,1,2,0,1806909748,T. Perry,R,CH,L,-1.0311146555,1.34833550064,10.6451402211,11.1891866716,6.670189079,IP,DP,-2.30697245374,6.06022681464,78.1308647129,1629.54557251,226.31601085,-0.21
298,2020,730284544,YSU,D1 Horizon League,730375936,AC,264226949,2020-02-27 13:00:00,1,0,0,2,1806909748,T. Perry,R,FA,L,-0.674877315875,2.64434041915,18.6367601315,8.07634385445,6.91731308797,IP,S,-2.12937894403,6.184796518,85.5080404142,1907.46392833,203.3911186,1.0
299,2020,730284544,YSU,D1 Horizon League,730375936,AC,264226949,2020-02-27 13:00:00,1,1,0,2,1806909748,T. Perry,R,FA,R,0.119260847175,1.64729517885,19.9935733322,8.93159072021,6.54202071123,B,IP_OUT,-1.78562696464,6.25531804549,83.3436947065,1819.78460878,204.032136329,0.13
300,2020,730284544,YSU,D1 Horizon League,730375936,AC,264226949,2020-02-27 13:00:00,2,0,0,0,1806909748,T. Perry,R,FA,R,-0.894000337243,1.95508896522,15.7164461072,7.70192568936,6.80017894686,B,IP_OUT,-2.04156217821,6.10287487224,82.8867220396,1779.1873778,206.054419262,0.13
301,2020,730284544,YSU,D1 Horizon League,730375936,AC,264226949,2020-02-27 13:00:00,2,1,0,0,1806909748,T. Perry,R,FA,R,-0.739806887214,2.90236503507,19.864297347,12.193164309,6.87471787881,SL,IP_OUT,-1.86315338605,6.15010537856,82.612757081,1717.87623098,211.495040883,-0.15
302,2020,730284544,YSU,D1 Horizon League,730375936,AC,264226949,2020-02-27 13:00:00,2,1,1,0,1806909748,T. Perry,R,FA,R,0.00820871376786,2.88739128641,15.9658894749,6.6782541641,7.2216592462,SS,IP_OUT,-1.96825242975,6.00629902195,83.3879232644,1737.78724086,202.653530482,-0.15
303,2020,730284544,YSU,D1 Horizon League,730375936,AC,264226949,2020-02-27 13:00:00,2,0,0,1,1806909748,T. Perry,R,FA,L,-1.28319802797,1.69672119977,7.73013717654,14.2130492552,6.68152269611,SL,IP_OUT,-2.02291857591,6.02043877361,85.1021279589,1851.57206891,241.35155877,-0.15
304,2020,730284544,YSU,D1 Horizon League,730375936,AC,264226949,2020-02-27 13:00:00,2,0,1,1,1806909748,T. Perry,R,FA,L,-0.816577717651,2.86030640904,11.7994498585,15.0232180495,6.99617905552,F,IP_OUT,-2.13706444692,6.05956948413,84.4046547718,1879.57097982,231.771319267,-0.15
305,2020,730284544,YSU,D1 Horizon League,730375936,AC,264226949,2020-02-27 13:00:00,2,0,2,1,1806909748,T. Perry,R,SL,L,0.486563841636,0.031029972487,10.725164365,16.3775921109,7.24351885216,B,IP_OUT,-2.40059107352,5.66968082759,79.3913200475,1620.23438492,236.683459234,0.13
306,2020,730284544,YSU,D1 Horizon League,730375936,AC,264226949,2020-02-27 13:00:00,2,1,2,1,1806909748,T. Perry,R,FA,L,-0.793836589633,2.83961527779,19.3514475908,9.63548996545,7.04163146529,F,IP_OUT,-2.1500598495,6.17422527108,86.5103361448,1891.14614716,206.430082872,0.0
307,2020,730284544,YSU,D1 Horizon League,730375936,AC,264226949,2020-02-27 13:00:00,2,0,0,2,1806909748,T. Perry,R,FA,R,-1.16092577772,2.44794067459,10.4941217848,13.7067578693,6.93524527092,SS,K,-1.99835024216,5.98541463761,85.2302809178,1854.78845439,232.470992398,-0.15
308,2020,730284544,YSU,D1 Horizon League,730375936,AC,264226949,2020-02-27 13:00:00,2,0,1,2,1806909748,T. Perry,R,FA,R,-0.0746981230671,2.19288673425,14.375107926,10.5171633529,6.98186245623,F,K,-1.92220572479,5.9806790837,84.6468694591,1795.90472768,216.123882347,-0.15
309,2020,730284544,YSU,D1 Horizon League,730375936,AC,264226949,2020-02-27 13:00:00,2,1,2,2,1806909748,T. Perry,R,FA,R,-0.540627125644,3.37226327635,18.0865878912,6.60538566538,6.84916732797,SL,K,-1.84809990405,6.10925185049,84.8579029666,1900.42187163,200.02733044,-0.15
310,2020,730284544,YSU,D1 Horizon League,730375936,AC,264226949,2020-02-27 13:00:00,3,0,0,0,1806909748,T. Perry,R,FA,L,-0.123059089331,1.0935015725,13.7819658053,12.3512972468,7.1311209931,F,IP_OUT,-2.14039890369,5.92051106239,83.9028102194,1808.68365604,221.793150749,-0.15
311,2020,730284544,YSU,D1 Horizon League,730375936,AC,264226949,2020-02-27 13:00:00,3,0,0,1,1806909748,T. Perry,R,FA,L,0.297835190719,1.79417143547,13.0132147832,7.9384701196,7.26969377761,SS,IP_OUT,-2.09274578524,5.90804478807,83.9989683536,1673.50705004,211.315580104,-0.15
312,2020,730284544,YSU,D1 Horizon League,730375936,AC,264226949,2020-02-27 13:00:00,3,0,1,1,1806909748,T. Perry,R,CU,L,-0.311031005406,0.780875594489,-4.79070901593,-2.7199619188,6.39505087267,B,IP_OUT,-2.46838696346,5.87491224415,71.0251048103,1886.73705672,29.8505682906,0.13
313,2020,730284544,YSU,D1 Horizon League,730375936,AC,264226949,2020-02-27 13:00:00,3,0,0,2,1806909748,T. Perry,R,FA,R,0.0516553010569,2.91142389328,22.0295323686,9.56433878084,7.01694569813,IP,HR,-2.06011318005,6.23694903962,84.8490930533,1944.08680765,203.435514499,1.76
314,2020,730284544,YSU,D1 Horizon League,730375936,AC,264226949,2020-02-27 13:00:00,3,0,0,2,1806909748,T. Perry,R,FA,L,-1.53152264375,3.52299931042,15.7143470384,11.64148905,7.07700590175,B,IP_OUT,-2.28733028162,6.00604511856,84.08737341,1823.84429353,216.470267058,0.13
315,2020,730284544,YSU,D1 Horizon League,730375936,AC,264226949,2020-02-27 13:00:00,3,1,0,2,1806909748,T. Perry,R,FA,L,-1.21909495842,1.4803485719,16.1013206954,9.57083870108,6.96516804017,B,IP_OUT,-2.25290686537,6.02901352872,85.3038557567,1998.2945485,210.673871311,0.13
316,2020,730284544,YSU,D1 Horizon League,730375936,AC,264226949,2020-02-27 13:00:00,3,2,0,2,1806909748,T. Perry,R,FA,L,0.323827866529,0.928069433741,13.4626280078,8.09763427653,7.18159076472,F,IP_OUT,-2.20180109321,6.03891218403,83.2476200194,1885.41506244,210.958971456,-0.15
317,2020,730284544,YSU,D1 Horizon League,730375936,AC,264226949,2020-02-27 13:00:00,3,2,1,2,1806909748,T. Perry,R,FA,L,-1.51362969531,2.98106027655,13.8858845767,12.5427850316,6.78243581319,B,IP_OUT,-2.27429140037,5.9611595886,83.5972646991,1810.75612996,222.016202627,0.13
318,2020,730284544,YSU,D1 Horizon League,730375936,AC,264226949,2020-02-27 13:00:00,4,0,0,0,1806909748,T. Perry,R,FA,L,-0.57834600813,1.35688879817,14.830110112,11.1645012274,6.80433628571,B,K,-2.10966262914,6.05154003227,82.8902689446,1747.68793554,216.905348701,0.13
319,2020,730284544,YSU,D1 Horizon League,730375936,AC,264226949,2020-02-27 13:00:00,4,1,0,0,1806909748,T. Perry,R,FA,L,0.856886203221,2.09272826424,19.8047022322,7.37749913647,7.10309295528,B,K,-2.07933357528,6.14192890467,84.1154756894,1832.15082626,200.397737826,0.13
320,2020,730284544,YSU,D1 Horizon League,730375936,AC,264226949,2020-02-27 13:00:00,4,2,0,0,1806909748,T. Perry,R,FA,L,-0.331884424982,3.04028733325,22.1221307735,9.4318004912,7.03371056261,F,K,-2.20185056052,6.16407838929,82.7441405436,1789.74377559,203.056973753,-0.15
321,2020,730284544,YSU,D1 Horizon League,730375936,AC,264226949,2020-02-27 13:00:00,4,2,1,0,1806909748,T. Perry,R,FA,L,-1.55062755606,2.53570642601,16.2408752348,10.0650112696,6.79215070608,B,K,-2.13381288476,5.94027456434,82.3539083863,1750.52492389,211.728729422,0.13
322,2020,730284544,YSU,D1 Horizon League,730375936,AC,264226949,2020-02-27 13:00:00,4,3,1,0,1806909748,T. Perry,R,CH,L,-0.0991121762948,1.39072499367,12.6021010501,11.0198693088,7.36006312672,SS,K,-2.14684389387,5.77566114168,77.7656140951,1395.27376887,221.074692679,-0.15
323,2020,730284544,YSU,D1 Horizon League,730375936,AC,264226949,2020-02-27 13:00:00,4,3,2,0,1806909748,T. Perry,R,CH,L,-1.16372682684,0.923902338702,8.27224015517,11.638617967,7.24919077221,SS,K,-2.32329740848,5.79365492492,76.9938153668,1658.30277456,234.458294399,-0.15
324,2020,730284544,YSU,D1 Horizon League,730375936,AC,264226949,2020-02-27 13:00:00,4,0,0,1,1806909748,T. Perry,R,FA,R,0.735368338482,3.26933966009,14.6722344802,8.30756066059,7.48438947612,B,IP_OUT,-1.92667565419,5.93867806142,82.6468341073,1780.37898495,209.458452329,0.13
325,2020,730284544,YSU,D1 Horizon League,730375936,AC,264226949,2020-02-27 13:00:00,4,1,0,1,1806909748,T. Perry,R,FA,R,-0.765011975218,3.45829829437,17.4824861221,7.21239193032,7.1216715443,B,IP_OUT,-1.93714226301,6.20977305354,83.5873652684,1904.8316577,202.376985006,0.13
326,2020,730284544,YSU,D1 Horizon League,730375936,AC,264226949,2020-02-27 13:00:00,4,2,0,1,1806909748,T. Perry,R,FA,R,0.31712542355,1.95757664328,16.365668782,5.35871133311,7.15444780033,SL,IP_OUT,-1.8460669272,6.0735601479,83.1966285517,1729.03600659,198.0927489,-0.15
327,2020,730284544,YSU,D1 Horizon League,730375936,AC,264226949,2020-02-27 13:00:00,4,2,1,1,1806909748,T. Perry,R,CH,R,0.2880094663,3.05420595841,13.86986031,13.4509183776,7.35992120606,SL,IP_OUT,-1.95545211335,5.81981914854,77.2205222283,1422.56875599,224.035003699,-0.15
328,2020,730284544,YSU,D1 Horizon League,730375936,AC,264226949,2020-02-27 13:00:00,4,2,2,1,1806909748,T. Perry,R,CH,R,1.1460327685,1.31582588538,10.6642649656,16.2616953183,7.41968724364,B,IP_OUT,-2.34246629743,5.72871519455,75.7009044344,1416.86541747,236.635709813,0.13
329,2020,730284544,YSU,D1 Horizon League,730375936,AC,264226949,2020-02-27 13:00:00,4,0,0,2,1806909748,T. Perry,R,FA,R,0.816101737634,0.278843381591,13.0067323616,12.9443250355,7.46021495486,B,BB,-2.22728005601,5.7316038435,76.4717834846,1460.12550292,224.767968311,0.13
330,2020,730284544,YSU,D1 Horizon League,730375936,AC,264226949,2020-02-27 13:00:00,4,1,0,2,1806909748,T. Perry,R,FA,R,0.498046334137,0.850545489753,19.1687072814,9.11840266632,7.02420141589,B,BB,-2.22783288949,6.04177777472,83.0820689009,1850.64373697,205.398094699,0.13
331,2020,730284544,YSU,D1 Horizon League,730375936,AC,264226949,2020-02-27 13:00:00,4,2,0,2,1806909748,T. Perry,R,FA,R,-0.90558793565,3.51243325194,15.6375296776,9.72658336245,7.059206836,B,BB,-2.14539671752,5.98154927359,82.8914290769,1753.98633931,211.822525479,0.13
332,2020,730284544,YSU,D1 Horizon League,730375936,AC,264226949,2020-02-27 13:00:00,4,3,0,2,1806909748,T. Perry,R,FA,R,0.404729698457,2.79904873059,19.2105778909,7.95985927714,7.18298078999,SL,BB,-1.97430280749,6.07903414307,82.7987034483,1884.90593131,202.468572599,-0.15
333,2020,730284544,YSU,D1 Horizon League,730375936,AC,264226949,2020-02-27 13:00:00,4,3,1,2,1806909748,T. Perry,R,FA,R,-0.122653845611,3.29929880827,16.8519846093,6.43112975047,7.2408998071,SS,BB,-2.02883660645,6.04040851457,82.5704269172,1767.56400467,200.847249664,-0.15
334,2020,730284544,YSU,D1 Horizon League,730375936,AC,264226949,2020-02-27 13:00:00,4,3,2,2,1806909748,T. Perry,R,FA,R,0.979990950824,3.42487663483,18.8159675209,8.3940296861,7.16043814061,B,BB,-1.80683890776,6.10739635322,82.8408735271,1793.66860603,204.001336929,0.8
335,2020,730284544,YSU,D1 Horizon League,730375936,AC,264226949,2020-02-27 13:00:00,4,0,0,2,1806909748,T. Perry,R,SL,L,-0.459008211963,1.59013072892,5.73959515392,14.6090451712,6.74689254165,SS,HR,-2.41140135942,5.93675806452,77.1628918941,1438.58527179,248.407613948,-0.15
336,2020,730284544,YSU,D1 Horizon League,730375936,AC,264226949,2020-02-27 13:00:00,4,0,1,2,1806909748,T. Perry,R,FA,L,-1.32746652905,3.57549061042,14.702728312,9.90775687965,6.17053536389,B,HR,-2.05518475674,6.19702530322,81.7792244401,1658.7569946,213.905589854,0.13
337,2020,730284544,YSU,D1 Horizon League,730375936,AC,264226949,2020-02-27 13:00:00,4,1,1,2,1806909748,T. Perry,R,CH,L,0.31438184847,1.27429657626,12.5324958203,12.2607776259,6.72851721527,B,HR,-2.19332757454,6.07258964048,78.2394453585,1463.04155021,224.277997746,0.13
338,2020,730284544,YSU,D1 Horizon League,730375936,AC,264226949,2020-02-27 13:00:00,4,2,1,2,1806909748,T. Perry,R,FA,L,0.490963081225,2.13571734553,15.4281142894,10.0719912681,6.74497110595,IP,HR,-2.21421958857,6.21971430058,82.121137187,1711.10915434,213.074297285,1.76
339,2020,730284544,YSU,D1 Horizon League,730375936,AC,264226949,2020-02-27 13:00:00,5,0,0,0,1806909748,T. Perry,R,CH,L,-1.40033922295,3.2567967904,11.6982963739,10.8057583432,6.76967510219,B,IP_OUT,-2.23632358198,6.09191391057,79.1158482963,1748.92377067,222.63084235,0.13
340,2020,730284544,YSU,D1 Horizon League,730375936,AC,264226949,2020-02-27 13:00:00,5,0,0,1,1806909748,T. Perry,R,CH,L,0.228885616923,1.80737428138,14.3246119606,15.5343022681,7.24484137945,F,IP_OUT,-2.49252944993,5.76905064578,75.7370427477,1487.74535362,227.233063165,-0.15
341,2020,730284544,YSU,D1 Horizon League,730375936,AC,264226949,2020-02-27 13:00:00,5,0,1,1,1806909748,T. Perry,R,CH,L,-0.344911933155,2.17953276932,10.9124085947,12.1013397339,7.20644415513,SS,IP_OUT,-2.3837388845,5.78661907955,75.4612541601,1576.70704133,227.842325592,-0.15
342,2020,730284544,YSU,D1 Horizon League,730375936,AC,264226949,2020-02-27 13:00:00,5,0,2,1,1806909748,T. Perry,R,CH,L,0.23755593389,1.24470226265,12.1379852234,13.5241245246,7.33610749388,F,IP_OUT,-2.22100268439,5.75784452134,75.6131315509,1619.11987013,227.989267731,0.0
343,2020,730284544,YSU,D1 Horizon League,730375936,AC,264226949,2020-02-27 13:00:00,5,0,0,2,1806909748,T. Perry,R,SL,R,-0.561792083295,2.16686234413,11.1561776375,17.6206553942,7.04971740422,F,S,-2.3369147988,5.7348931045,75.5427341136,1582.67860184,237.559183393,-0.15
344,2020,730284544,YSU,D1 Horizon League,730375936,AC,264226949,2020-02-27 13:00:00,5,0,1,2,1806909748,T. Perry,R,CH,R,0.909499437535,2.1048184901,11.266291035,9.89260484995,7.26528739999,B,S,-2.32492412848,5.83875216764,74.3360695112,1116.21959853,221.171375976,0.13
345,2020,730284544,YSU,D1 Horizon League,730375936,AC,264226949,2020-02-27 13:00:00,5,1,1,2,1806909748,T. Perry,R,FA,R,-0.407563126934,4.17827695167,13.3092020396,9.90185818954,7.31590282704,B,S,-1.9011806024,6.04741013293,81.1287337619,1602.08329277,216.571387578,0.13
346,2020,730284544,YSU,D1 Horizon League,730375936,AC,264226949,2020-02-27 13:00:00,5,2,1,2,1806909748,T. Perry,R,FA,R,-0.0690725145305,2.15921332244,20.5260867782,7.67060748318,7.38161842003,F,S,-2.01057673107,5.95285339708,80.3530830291,1759.63681475,200.455513309,-0.15
347,2020,730284544,YSU,D1 Horizon League,730375936,AC,264226949,2020-02-27 13:00:00,5,2,2,2,1806909748,T. Perry,R,CH,R,1.5871648014,1.44337214503,11.8937372969,9.7131330902,7.43559995947,F,S,-2.37272917025,5.78113027853,76.4942908843,1174.1338867,219.136841014,0.0
348,2020,730284544,YSU,D1 Horizon League,730375936,AC,264226949,2020-02-27 13:00:00,5,2,2,2,1806909748,T. Perry,R,CH,R,1.48151513387,2.63422918427,13.2094053546,12.3930923962,7.60219683163,F,S,-2.36778403644,5.79132018093,74.8376349189,1411.03476858,223.07883977,0.0
349,2020,730284544,YSU,D1 Horizon League,730375936,AC,264226949,2020-02-27 13:00:00,5,2,2,2,1806909748,T. Perry,R,CH,R,1.42755325271,1.26963475464,12.0193764612,17.1204860954,7.43634526397,B,S,-2.1619332916,5.76613002581,76.8102256196,1585.03129442,234.835173746,0.13
350,2020,730284544,YSU,D1 Horizon League,730375936,AC,264226949,2020-02-27 13:00:00,5,3,2,2,1806909748,T. Perry,R,FA,R,-0.349298362237,2.79971932884,16.9848846223,12.1494923131,7.13131042033,IP,S,-1.78226088186,6.10354558159,82.0440993787,1713.90702377,215.517345918,1.0
351,2020,730284544,YSU,D1 Horizon League,730375936,AC,264226949,2020-02-27 13:00:00,5,0,0,2,1806909748,T. Perry,R,FA,L,-1.20689291407,2.89248761773,14.3301646772,13.3611446246,6.10227375965,SL,IP_OUT,-1.97138244076,6.30301533794,80.3244732266,1938.93065284,222.915590498,-0.15
352,2020,730284544,YSU,D1 Horizon League,730375936,AC,264226949,2020-02-27 13:00:00,5,0,1,2,1806909748,T. Perry,R,SL,L,0.83074456428,1.18072246182,5.22116933218,13.0820508436,6.67953971164,B,IP_OUT,-2.34467504135,5.95975209351,75.8127845125,1495.60503721,248.074893049,0.13
353,2020,730284544,YSU,D1 Horizon League,730375936,AC,264226949,2020-02-27 13:00:00,5,1,1,2,1806909748,T. Perry,R,FA,L,-0.511887443491,3.2658554355,17.9661480593,8.27096001385,6.81655744896,B,IP_OUT,-1.95673460394,6.26391008443,81.7856887239,1819.68127378,204.673925883,0.13
354,2020,730284544,YSU,D1 Horizon League,730375936,AC,264226949,2020-02-27 13:00:00,6,0,0,0,1806909748,T. Perry,R,CH,L,-0.980979011426,2.23875842155,13.1566759451,8.20469018645,6.81402067086,SS,IP_OUT,-2.67284309208,5.8855217847,73.4061833441,1211.00224222,211.85690925,-0.15
355,2020,730284544,YSU,D1 Horizon League,730375936,AC,264226949,2020-02-27 13:00:00,6,0,0,2,1806909748,T. Perry,R,SL,R,-0.732881516564,1.1217277437,3.99875416212,17.5095480242,7.27758577362,SS,IP_OUT,-2.35225414287,5.76511741006,74.3126502839,1404.14515754,256.993989313,-0.15
356,2020,730284544,YSU,D1 Horizon League,730375936,AC,264226949,2020-02-27 13:00:00,6,0,1,2,1806909748,T. Perry,R,CU,R,-0.299727643365,1.74580533932,-4.00235492525,-1.91351431056,6.35409779215,SL,IP_OUT,-2.13050518251,6.01258069316,71.4713439699,1667.78108576,25.8389268111,-0.15
357,2020,730284544,YSU,D1 Horizon League,730375936,AC,264226949,2020-02-27 13:00:00,7,0,0,0,1806909748,T. Perry,R,CH,L,-1.58080408026,1.42476165686,9.16796385768,13.9975824956,7.00314634546,SS,BB,-2.40233974722,5.92984868636,74.1573554001,1332.65001409,236.645101887,-0.15
358,2020,730284544,YSU,D1 Horizon League,730375936,AC,264226949,2020-02-27 13:00:00,7,0,1,0,1806909748,T. Perry,R,FA,L,1.2030953092,2.99406538044,13.6893033047,10.0365443548,7.2158329104,B,BB,-2.09670049879,6.04234193278,79.620547504,1747.95662925,216.168867918,0.13
359,2020,730284544,YSU,D1 Horizon League,730375936,AC,264226949,2020-02-27 13:00:00,7,1,1,0,1806909748,T. Perry,R,FA,L,0.106089117267,0.810722263193,19.0664815819,9.88096290044,7.03108205796,B,BB,-2.29216212183,6.00198009989,80.1909702629,1842.9345362,207.346583317,0.13
360,2020,730284544,YSU,D1 Horizon League,730375936,AC,264226949,2020-02-27 13:00:00,7,2,1,0,1806909748,T. Perry,R,FA,L,-0.122420892858,2.98921771656,16.2617901487,9.14217799168,6.88080614933,B,BB,-2.30726729401,6.10482284403,80.1688020201,1736.30631606,209.284694218,0.13
361,2020,730284544,YSU,D1 Horizon League,730375936,AC,264226949,2020-02-27 13:00:00,7,3,1,0,1806909748,T. Perry,R,FA,L,1.102204125,2.25969528271,19.0409163136,9.57777016756,7.08173506473,B,BB,-2.07704933389,6.16261860614,82.5254274385,1903.36966968,206.658124623,0.8
362,2020,730284544,YSU,D1 Horizon League,730375936,AC,264226949,2020-02-27 13:00:00,7,0,0,0,1806909748,T. Perry,R,CH,R,-0.487957936165,4.48508327083,14.4346941364,7.53696874163,6.52302656057,B,IP_OUT,-2.16808248668,6.23788167683,73.2353154419,1254.37171421,207.492902641,0.13
363,2020,730284544,YSU,D1 Horizon League,730375936,AC,264226949,2020-02-27 13:00:00,7,1,0,0,1806909748,T. Perry,R,FA,R,-0.860886521805,4.40823885427,18.0088344925,12.2840069888,6.67786133131,B,IP_OUT,-2.12801006178,6.34166549891,80.1235816612,1759.23071876,214.239095995,0.13
364,2020,730284544,YSU,D1 Horizon League,730375936,AC,264226949,2020-02-27 13:00:00,7,2,0,0,1806909748,T. Perry,R,FA,R,-0.859169728068,3.56485476922,18.572425242,10.9976265925,6.47357807781,B,IP_OUT,-2.13582567479,6.23426907666,79.5815538105,1724.20791916,210.576739232,0.13
365,2020,730284544,YSU,D1 Horizon League,730375936,AC,264226949,2020-02-27 13:00:00,7,3,0,0,1806909748,T. Perry,R,FA,R,-0.0601606301697,1.64486096457,17.7181289013,12.200604953,6.86506401343,SL,IP_OUT,-2.14442039893,6.04477069625,80.4246969089,1869.39733427,214.491891424,-0.15
366,2020,730284544,YSU,D1 Horizon League,730375936,AC,264226949,2020-02-27 13:00:00,7,0,0,1,1359006937,D. Earich,R,FA,L,0.365546840423,2.43837169683,12.843591999,14.1862965627,5.70454407653,SL,S,-2.233013009,5.98480420679,84.9961590114,1905.13401216,227.762663623,-0.15
367,2020,730284544,YSU,D1 Horizon League,730375936,AC,264226949,2020-02-27 13:00:00,7,0,1,1,1359006937,D. Earich,R,FA,L,-0.0203826505381,3.03383989877,12.5603292138,12.2421208778,5.72968326441,SL,S,-2.27346103764,6.01922494694,87.2914897648,1960.9352697,224.186152856,-0.15
368,2020,730284544,YSU,D1 Horizon League,730375936,AC,264226949,2020-02-27 13:00:00,7,0,2,1,1359006937,D. Earich,R,FA,L,0.552677160549,3.24836494259,19.6874887722,11.0730521161,5.75096232037,F,S,-2.20999450847,6.0248559797,87.3869907502,2083.89023405,209.311882907,0.0
369,2020,730284544,YSU,D1 Horizon League,730375936,AC,264226949,2020-02-27 13:00:00,7,0,2,1,1359006937,D. Earich,R,FA,L,-0.604962574147,3.95342380388,21.8059521655,11.6661866499,5.74242247732,B,S,-2.10405364264,6.01360933415,87.9444291591,2103.56542666,208.109179048,0.13
370,2020,730284544,YSU,D1 Horizon League,730375936,AC,264226949,2020-02-27 13:00:00,7,1,2,1,1359006937,D. Earich,R,FA,L,-0.0421795547664,1.13377829122,13.7435960142,13.4996055246,5.70568344934,IP,S,-2.31564267522,5.83093879271,86.1579827784,1895.43984041,224.412858487,1.0
371,2020,730284544,YSU,D1 Horizon League,730375936,AC,264226949,2020-02-27 13:00:00,7,0,0,1,1359006937,D. Earich,R,FA,L,0.306308683797,2.00412511271,11.942227002,17.0793840946,5.84361162094,IP,S,-1.98653794944,5.9051076291,86.3644269243,1856.12007363,234.958437145,1.0
372,2020,730284544,YSU,D1 Horizon League,730375936,AC,264226949,2020-02-27 13:00:00,7,0,0,1,1359006937,D. Earich,R,FA,R,1.01311232205,3.84657856883,19.3027105615,15.0674077329,5.89496429509,B,BB,-1.76020984933,6.01256114112,86.8348377852,1901.3682854,217.924647618,0.13
373,2020,730284544,YSU,D1 Horizon League,730375936,AC,264226949,2020-02-27 13:00:00,7,1,0,1,1359006937,D. Earich,R,CH,R,0.0657446616688,4.1501020451,15.7455790567,15.835494045,6.02312268898,B,BB,-1.91996989772,5.9867252821,81.5367734355,1799.6936401,225.091649684,0.13
374,2020,730284544,YSU,D1 Horizon League,730375936,AC,264226949,2020-02-27 13:00:00,7,2,0,1,1359006937,D. Earich,R,FA,R,-0.217293583788,3.78637244691,19.1337868233,10.8581209825,5.82380991124,B,BB,-1.96284984007,5.91982923563,83.8701040905,1938.35185996,209.525987007,0.13
375,2020,730284544,YSU,D1 Horizon League,730375936,AC,264226949,2020-02-27 13:00:00,7,3,0,1,1359006937,D. Earich,R,FA,R,0.896716107446,2.30625156262,13.080977516,15.5694210265,5.90602255774,SL,BB,-2.05091092499,5.93225709521,83.8531430046,1809.59846779,229.883769275,-0.15
376,2020,730284544,YSU,D1 Horizon League,730375936,AC,264226949,2020-02-27 13:00:00,7,3,1,1,1359006937,D. Earich,R,FA,R,1.03615266858,2.53875952504,13.7331931138,16.0210754888,6.04687404896,SL,BB,-1.90795375842,5.95744385597,82.5632214152,1774.07054994,229.31809639,-0.15
377,2020,730284544,YSU,D1 Horizon League,730375936,AC,264226949,2020-02-27 13:00:00,7,3,2,1,1359006937,D. Earich,R,FA,R,0.107668558467,4.31711594465,11.2760241674,15.4049050097,5.99449663162,B,BB,-2.00309520596,5.89217038851,83.4471724183,1735.43902653,233.70582906,0.8
378,2020,730284544,YSU,D1 Horizon League,730375936,AC,264226949,2020-02-27 13:00:00,7,0,0,1,1359006937,D. Earich,R,FA,L,-0.661065465429,2.76579785214,14.9407316531,20.299032049,5.82450365938,F,K,-2.08826383514,5.9473400934,84.7052561737,1945.30756029,233.578565062,-0.15
379,2020,730284544,YSU,D1 Horizon League,730375936,AC,264226949,2020-02-27 13:00:00,7,0,1,1,1359006937,D. Earich,R,FA,L,0.621477902355,2.20017668534,13.6473189407,14.228764316,5.90799091231,SL,K,-1.98778657362,5.88339400293,85.0338255641,1812.69059872,226.118842457,-0.15
380,2020,730284544,YSU,D1 Horizon League,730375936,AC,264226949,2020-02-27 13:00:00,7,0,2,1,1359006937,D. Earich,R,SL,L,0.784579329321,1.24445432183,-5.41661635768,-10.7468211843,5.51257099459,F,K,-2.49316732841,5.55259703804,72.3093565734,2088.56189723,63.4705866041,0.0
381,2020,730284544,YSU,D1 Horizon League,730375936,AC,264226949,2020-02-27 13:00:00,7,0,2,1,1359006937,D. Earich,R,FA,L,-0.0247026509732,3.6038754938,16.8337451137,9.46688883434,6.10171872386,B,K,-1.91465538605,6.00163211748,88.8787293791,2053.67527155,209.304233722,0.13
382,2020,730284544,YSU,D1 Horizon League,730375936,AC,264226949,2020-02-27 13:00:00,7,1,2,1,1359006937,D. Earich,R,SL,L,0.0220741522969,1.38180697514,-7.32505357355,-12.7323625337,5.54868583674,SS,K,-2.24693731956,5.64461633827,71.9016142722,1990.45402597,60.2640413205,-0.15
383,2020,730284544,YSU,D1 Horizon League,730375936,AC,264226949,2020-02-27 13:00:00,7,0,0,2,1359006937,D. Earich,R,FA,L,-0.227568526503,3.40464705381,17.2566846081,7.96943756729,5.94236306942,SL,IP_OUT,-1.75916020622,5.98669673015,88.2405707833,1876.71722607,204.745783393,-0.15
384,2020,730284544,YSU,D1 Horizon League,730375936,AC,264226949,2020-02-27 13:00:00,7,0,1,2,1359006937,D. Earich,R,FA,L,-0.0537989033175,2.73945066497,15.4221748457,14.1225677897,5.90167409609,SL,IP_OUT,-2.13950247976,5.89885239766,88.2455470936,1944.98337395,222.418818426,-0.15
385,2020,730284544,YSU,D1 Horizon League,730375936,AC,264226949,2020-02-27 13:00:00,8,0,0,0,1163143680,C. Marshalwitz,R,FA,R,0.176634252005,2.22435143853,10.4106607537,14.627395983,6.56402723473,IP,S,-2.13865230648,5.37621504324,85.2763708154,1698.07111211,234.468634759,1.0
386,2020,730284544,YSU,D1 Horizon League,730375936,AC,264226949,2020-02-27 13:00:00,8,0,0,0,1163143680,C. Marshalwitz,R,FA,L,0.0695222320069,1.01850286684,11.8314701547,14.8184449764,6.23475186599,B,DP,-2.07694012768,5.43840803639,85.092572738,1809.38015408,231.311203859,0.13
387,2020,730284544,YSU,D1 Horizon League,730375936,AC,264226949,2020-02-27 13:00:00,8,1,0,0,1163143680,C. Marshalwitz,R,FA,L,-1.34991924878,2.49117998211,3.11852189249,18.3648588411,6.26719388783,SS,DP,-2.176264246,5.36764765261,83.9987760162,1721.61573948,260.251638157,-0.15
388,2020,730284544,YSU,D1 Horizon League,730375936,AC,264226949,2020-02-27 13:00:00,8,1,1,0,1163143680,C. Marshalwitz,R,FA,L,0.302966519332,1.81755973649,15.1012424048,11.5808619196,6.20946725107,SL,DP,-2.11692889156,5.46077193558,85.9335303798,1868.45714641,217.419506023,-0.15
389,2020,730284544,YSU,D1 Horizon League,730375936,AC,264226949,2020-02-27 13:00:00,8,1,2,0,1163143680,C. Marshalwitz,R,SL,L,-1.37633906532,2.39658697587,9.41316284523,15.4568916009,6.91720559911,IP,DP,-2.41843019366,5.29061387689,78.5675115335,1496.22158341,238.548376037,-0.21
390,2020,730284544,YSU,D1 Horizon League,730375936,AC,264226949,2020-02-27 13:00:00,8,0,0,2,1163143680,C. Marshalwitz,R,FA,L,0.32528335749,1.46786729709,12.7419423491,14.3212760556,6.50529731748,B,IP_OUT,-1.76792893962,5.40962655485,86.1079926163,1673.76530281,228.262631803,0.13
391,2020,730284544,YSU,D1 Horizon League,730375936,AC,264226949,2020-02-27 13:00:00,8,1,0,2,1163143680,C. Marshalwitz,R,FA,L,-0.946683297658,3.28541256031,11.7528903496,14.8773473604,6.34151722838,B,IP_OUT,-1.99852120816,5.55880889073,84.8918641707,1725.73236268,231.606692114,0.13
392,2020,730284544,YSU,D1 Horizon League,730375936,AC,264226949,2020-02-27 13:00:00,8,2,0,2,1163143680,C. Marshalwitz,R,FA,L,-1.28509488478,2.15533866432,12.5329192728,14.0380158214,6.46375657949,SL,IP_OUT,-2.00596373025,5.44208717482,84.0470648988,1663.24363776,228.159337046,-0.15
393,2020,730284544,YSU,D1 Horizon League,730375936,AC,264226949,2020-02-27 13:00:00,8,2,1,2,1163143680,C. Marshalwitz,R,FA,L,-0.543532372756,2.4775049384,12.5417156502,17.6703016886,6.5538604535,SS,IP_OUT,-2.12310996996,5.47628510437,84.7529999164,1675.01985235,234.556779096,-0.15
394,2020,730284544,YSU,D1 Horizon League,730375936,AC,264226949,2020-02-27 13:00:00,8,2,2,2,1163143680,C. Marshalwitz,R,SL,L,0.0812141677254,1.18006121066,1.59856590598,-12.4931270148,6.17459591458,B,IP_OUT,-2.13351736925,5.40057483595,72.3361038937,2158.14155675,97.5200723446,0.13
395,2020,5045,TCU,D1 Big 12 Conference,730375936,AC,105196362,2020-02-18 13:00:00,1,0,0,0,1675397554,R. Cornelio,R,FA,L,-0.0353199586454,2.09826653508,18.9996252081,8.84230757709,6.25072866281,SL,IP_OUT,-1.02275840056,5.66018961416,89.7813126333,2123.91720257,204.919786839,-0.15
396,2020,5045,TCU,D1 Big 12 Conference,730375936,AC,105196362,2020-02-18 13:00:00,1,0,1,0,1675397554,R. Cornelio,R,CU,L,1.15613669242,1.98745912945,3.15519651898,-12.9018575788,5.84453214264,SL,IP_OUT,-1.20040480138,5.72813144128,76.233669296,1991.08253788,103.933913305,-0.15
397,2020,5045,TCU,D1 Big 12 Conference,730375936,AC,105196362,2020-02-18 13:00:00,1,0,0,2,1675397554,R. Cornelio,R,FA,L,0.264508996702,2.38854597512,21.3570161148,7.90684266305,6.236557673,SL,IP_OUT,-1.14210052064,5.82044082571,90.7134263133,2216.37854673,200.288061896,-0.15
398,2020,5045,TCU,D1 Big 12 Conference,730375936,AC,105196362,2020-02-18 13:00:00,2,0,0,0,1675397554,R. Cornelio,R,CU,R,-0.297064259095,2.17892069936,-1.64245863978,-11.5381565253,5.81781788157,SL,IP_OUT,-1.2887789423,5.78316409687,75.1081245411,2067.24533056,82.1266491095,-0.15
399,2020,5045,TCU,D1 Big 12 Conference,730375936,AC,105196362,2020-02-18 13:00:00,2,0,1,0,1675397554,R. Cornelio,R,FA,R,-0.0791275801216,4.0979475562,22.0327675963,8.40848330876,6.31016510882,B,IP_OUT,-0.909988039898,5.98419828784,90.7016992645,2210.11315386,200.861341443,0.13
400,2020,5045,TCU,D1 Big 12 Conference,730375936,AC,105196362,2020-02-18 13:00:00,2,1,1,0,1675397554,R. Cornelio,R,CU,R,0.289222513545,1.08602089565,2.90607886805,-10.0752364496,6.01725569133,B,IP_OUT,-1.28070857953,5.73878893585,76.351138605,2077.06569641,106.323453068,0.13
401,2020,5045,TCU,D1 Big 12 Conference,730375936,AC,105196362,2020-02-18 13:00:00,2,2,1,0,1675397554,R. Cornelio,R,FA,R,-0.62317167748,3.46490083429,23.8003452946,4.51744560332,6.19558858929,F,IP_OUT,-1.03648059406,5.85791155666,90.1060945438,2192.33500389,190.7331169,-0.15
402,2020,5045,TCU,D1 Big 12 Conference,730375936,AC,105196362,2020-02-18 13:00:00,2,0,0,1,1675397554,R. Cornelio,R,FA,R,-0.367822312587,2.31921426601,29.2504671103,2.153868068,6.36353270824,SL,IP_OUT,-0.882178603799,6.00607707896,91.6832905299,2208.50897145,184.206955422,-0.15
403,2020,5045,TCU,D1 Big 12 Conference,730375936,AC,105196362,2020-02-18 13:00:00,2,0,1,1,1675397554,R. Cornelio,R,FA,R,-0.467136075554,2.93089856661,24.3199491503,4.41200291481,6.34972846833,F,IP_OUT,-0.950558607738,5.93886995313,91.1144467217,2229.91536335,190.269632749,-0.15
404,2020,5045,TCU,D1 Big 12 Conference,730375936,AC,105196362,2020-02-18 13:00:00,2,0,2,1,1675397554,R. Cornelio,R,FA,R,0.495150522733,3.92329203076,19.0306268677,4.78190893634,6.3985241898,F,IP_OUT,-0.546878842791,5.94249571799,92.0797139858,2170.99489814,194.083500188,0.0
405,2020,5045,TCU,D1 Big 12 Conference,730375936,AC,105196362,2020-02-18 13:00:00,2,0,2,1,1675397554,R. Cornelio,R,CU,R,-0.455320419176,1.26797794735,1.28387134916,-13.5999267079,6.2788874163,B,IP_OUT,-1.07830923559,5.70414773906,76.4261944433,2002.97082473,95.5772629792,0.13
406,2020,5045,TCU,D1 Big 12 Conference,730375936,AC,105196362,2020-02-18 13:00:00,2,0,0,2,1675397554,R. Cornelio,R,FA,R,0.32331932039,3.06927469235,24.9968483013,7.3157898308,6.42278135316,SS,K,-0.874849664096,5.80070055223,91.5048005304,2177.88169479,196.294032715,-0.15
407,2020,5045,TCU,D1 Big 12 Conference,730375936,AC,105196362,2020-02-18 13:00:00,2,0,1,2,1675397554,R. Cornelio,R,FA,R,0.957943642696,2.71572123965,26.3135718414,3.08776851814,6.43848850555,SL,K,-0.590763595891,6.22293804049,91.5792794314,2180.79050866,186.68500479,-0.15
408,2020,5045,TCU,D1 Big 12 Conference,730375936,AC,105196362,2020-02-18 13:00:00,2,0,2,2,1675397554,R. Cornelio,R,FA,R,1.07408555167,2.14356994922,25.8989396678,6.76910375442,6.41136359782,SL,K,-0.653757628588,6.238678683,92.0760811303,2158.31627168,194.630937538,-0.15
409,2020,5045,TCU,D1 Big 12 Conference,730375936,AC,105196362,2020-02-18 13:00:00,3,0,0,0,1675397554,R. Cornelio,R,FA,L,-0.529148633901,1.5443953283,23.8551782465,7.38247001512,6.3920295304,SL,K,-1.24402156177,5.86316150346,89.8465320283,2059.76058146,197.173761581,-0.15
410,2020,5045,TCU,D1 Big 12 Conference,730375936,AC,105196362,2020-02-18 13:00:00,3,0,1,0,1675397554,R. Cornelio,R,FA,L,-0.501041140653,3.31597392239,26.5793166093,9.32486913592,6.23247090666,SS,K,-1.00642779667,5.84414985372,89.2282786507,2162.67676736,199.310352762,-0.15
411,2020,5045,TCU,D1 Big 12 Conference,730375936,AC,105196362,2020-02-18 13:00:00,3,0,2,0,1675397554,R. Cornelio,R,FA,L,-0.599799074313,2.73370874232,25.7355914338,2.90237518227,6.27738608292,SL,K,-1.1463104213,5.87550211187,92.0099005274,2222.98812311,186.426753689,-0.15
412,2020,5045,TCU,D1 Big 12 Conference,730375936,AC,105196362,2020-02-18 13:00:00,3,0,0,1,1675397554,R. Cornelio,R,FA,L,1.23444006276,2.09202812387,24.756954594,0.457517851066,6.47900121284,B,IP_OUT,-1.04919860103,5.87390677993,91.8058431995,2132.00649849,181.057409515,0.13
413,2020,5045,TCU,D1 Big 12 Conference,730375936,AC,105196362,2020-02-18 13:00:00,3,1,0,1,1675397554,R. Cornelio,R,FA,L,-0.32719528896,2.03064048821,16.4546733409,3.97788774845,6.23132927819,SL,IP_OUT,-1.130910554,5.54012456791,89.5036190082,2143.59713064,193.564481982,-0.15
414,2020,5045,TCU,D1 Big 12 Conference,730375936,AC,105196362,2020-02-18 13:00:00,3,1,1,1,1675397554,R. Cornelio,R,CH,L,0.789383793813,1.73975757492,15.8002525043,3.11780582793,7.15114021457,SL,IP_OUT,-1.05228468752,5.60529039175,80.1072379406,1648.30122788,191.135545669,-0.15
415,2020,5045,TCU,D1 Big 12 Conference,730375936,AC,105196362,2020-02-18 13:00:00,3,1,2,1,1675397554,R. Cornelio,R,FA,L,0.397689365504,2.32886780672,21.4537856382,4.74801698518,6.38141411906,F,IP_OUT,-1.0514964775,5.84854676039,92.340060346,2223.03969503,192.462098403,0.0
416,2020,5045,TCU,D1 Big 12 Conference,730375936,AC,105196362,2020-02-18 13:00:00,3,1,2,1,1675397554,R. Cornelio,R,FA,L,-0.707303240394,1.94954192715,23.6854954048,3.8820607166,6.24051038454,F,IP_OUT,-1.1593745061,5.97272847086,92.0832276077,2197.75621833,189.296141479,0.0
417,2020,5045,TCU,D1 Big 12 Conference,730375936,AC,105196362,2020-02-18 13:00:00,3,0,0,2,1675397554,R. Cornelio,R,CU,R,-0.567817613665,2.17929137308,-0.0504278942326,-16.5486097701,6.05136033221,SL,K,-1.25221788317,5.67509115445,73.2781265914,2088.10406286,89.9933792137,-0.15
418,2020,5045,TCU,D1 Big 12 Conference,730375936,AC,105196362,2020-02-18 13:00:00,3,0,1,2,1675397554,R. Cornelio,R,FA,R,1.63074587177,2.03735966681,24.3969085803,3.00546846654,6.46283143099,B,K,-1.06369177139,5.870786921,92.2110423817,2216.25925349,187.014201693,0.13
419,2020,5045,TCU,D1 Big 12 Conference,730375936,AC,105196362,2020-02-18 13:00:00,3,1,1,2,1675397554,R. Cornelio,R,FA,R,0.158994884553,1.9387475903,18.9236365683,7.53990865293,6.53377343164,SL,K,-1.00473998728,5.69992238226,91.4401961722,2227.8358087,201.692053856,-0.15
420,2020,5045,TCU,D1 Big 12 Conference,730375936,AC,105196362,2020-02-18 13:00:00,3,1,2,2,1675397554,R. Cornelio,R,CU,R,0.904141592245,-1.15172852599,-5.57695533291,-7.86627747854,6.32155355509,B,K,-1.09032982888,5.64228117398,77.8188546351,2137.00685129,54.875151748,0.13
421,2020,5045,TCU,D1 Big 12 Conference,730375936,AC,105196362,2020-02-18 13:00:00,3,2,2,2,1675397554,R. Cornelio,R,FA,R,1.02186021487,2.4183592357,27.1620455793,6.07158156444,6.56797275019,SS,K,-1.18381414563,5.94053275865,90.5511805329,2187.09021197,192.586026675,-0.15
422,2020,5045,TCU,D1 Big 12 Conference,730375936,AC,105196362,2020-02-18 13:00:00,4,0,0,0,1223059103,A. Krob,L,FA,L,0.00129838262857,1.91916557213,6.19393234888,-17.1826420712,5.45600516452,F,K,1.20775842471,5.52187385915,89.5624821687,2066.70077748,109.921524705,-0.15
423,2020,5045,TCU,D1 Big 12 Conference,730375936,AC,105196362,2020-02-18 13:00:00,4,0,1,0,1223059103,A. Krob,L,FA,L,-0.979938706797,1.60180824176,20.7604913625,-20.4086361343,5.49891523567,SL,K,1.38212879309,5.68081126328,90.8878433436,2214.70633335,135.534589233,-0.15
424,2020,5045,TCU,D1 Big 12 Conference,730375936,AC,105196362,2020-02-18 13:00:00,4,0,2,0,1223059103,A. Krob,L,SL,L,-1.14706238792,1.95402065147,5.99871908312,-5.11826206109,4.89989395797,F,K,1.25373096845,5.60994278263,83.6009612686,2720.80352997,139.712387972,0.0
425,2020,5045,TCU,D1 Big 12 Conference,730375936,AC,105196362,2020-02-18 13:00:00,4,0,2,0,1223059103,A. Krob,L,FA,L,-0.243822914672,1.98882642547,20.7071921764,-23.7407694026,5.59854828903,SS,K,1.16535809539,5.93395317958,91.3131578259,2149.10722764,131.139042583,-0.15
426,2020,5045,TCU,D1 Big 12 Conference,730375936,AC,105196362,2020-02-18 13:00:00,4,0,0,1,1223059103,A. Krob,L,FA,R,0.850308862908,2.50419996138,18.9055565305,-19.0645763903,5.5616646574,SL,IP_OUT,1.30339265426,5.5994964679,92.101819486,2196.39572349,134.808266388,-0.15
427,2020,5045,TCU,D1 Big 12 Conference,730375936,AC,105196362,2020-02-18 13:00:00,4,0,0,2,1223059103,A. Krob,L,FA,L,0.836828981998,1.57042622044,19.7709243245,-16.7947924527,5.46390679836,B,BB,1.24268835599,5.85949775475,92.1949447757,2208.51659265,139.698305578,0.13
428,2020,5045,TCU,D1 Big 12 Conference,730375936,AC,105196362,2020-02-18 13:00:00,4,1,0,2,1223059103,A. Krob,L,SL,L,-0.449787321068,2.99714618449,-2.37882908742,-3.73001843677,4.76389774023,SL,BB,1.39225196625,5.78371205167,80.1442602835,2710.26064271,57.9399871951,-0.15
429,2020,5045,TCU,D1 Big 12 Conference,730375936,AC,105196362,2020-02-18 13:00:00,4,1,1,2,1223059103,A. Krob,L,SL,L,-1.26674118425,0.101490115036,-3.56062965506,-4.91398084925,5.20129548734,B,BB,1.23970597912,5.59547365316,82.1283811286,2703.15170223,54.3777264832,0.13
430,2020,5045,TCU,D1 Big 12 Conference,730375936,AC,105196362,2020-02-18 13:00:00,4,2,1,2,1223059103,A. Krob,L,FA,L,-0.939673599972,1.70826958246,12.4441574622,-23.5487361759,6.03038078248,B,BB,0.985875924098,5.61715982376,89.6111221459,2211.96364078,117.91570612,0.13
431,2020,5045,TCU,D1 Big 12 Conference,730375936,AC,105196362,2020-02-18 13:00:00,4,3,1,2,1223059103,A. Krob,L,FA,L,-1.09875485294,1.46201952325,19.4765435009,-21.4178554785,5.49387105341,B,BB,1.21819780774,5.93212675247,90.2050318316,2028.15683526,132.32997177,0.8
432,2020,5045,TCU,D1 Big 12 Conference,730375936,AC,105196362,2020-02-18 13:00:00,4,0,0,2,1223059103,A. Krob,L,FA,R,0.788775812115,2.05542796178,15.5145542284,-25.4537828017,5.61143798798,SL,K,1.39383684456,5.56059987872,90.0766992136,2064.68356015,121.416745675,-0.15
433,2020,5045,TCU,D1 Big 12 Conference,730375936,AC,105196362,2020-02-18 13:00:00,4,0,1,2,1223059103,A. Krob,L,CU,R,-0.321189787751,1.87071475831,-9.12251323415,0.433195161812,4.86687875506,SS,K,1.00959416676,5.75546067325,79.3541664784,2791.15303277,357.268307919,-0.15
434,2020,5045,TCU,D1 Big 12 Conference,730375936,AC,105196362,2020-02-18 13:00:00,4,0,2,2,1223059103,A. Krob,L,FA,R,1.16063233125,1.73260571408,7.9650374537,-27.5465697493,5.6110570106,F,K,1.16065634127,5.43044585883,92.532939172,2150.24922023,106.186590151,0.0
435,2020,5045,TCU,D1 Big 12 Conference,730375936,AC,105196362,2020-02-18 13:00:00,4,0,2,2,1223059103,A. Krob,L,SL,R,0.211527938708,2.97104390492,8.30899500067,-6.89489701984,4.95473541737,SL,K,1.22938679246,5.71043230188,84.6100633661,2673.46567968,140.441671232,-0.15
436,2020,5045,TCU,D1 Big 12 Conference,730375936,AC,105196362,2020-02-18 13:00:00,5,0,0,0,1001234090,J. Meador,R,FA,R,0.334278781445,2.49868378279,30.4719101011,1.39853183039,5.68654160555,F,HBP,-1.65426645733,6.04288684408,91.9596278324,2301.6039884,182.625070248,-0.15
437,2020,5045,TCU,D1 Big 12 Conference,730375936,AC,105196362,2020-02-18 13:00:00,5,0,1,0,1001234090,J. Meador,R,FC,R,-1.86471477308,4.85341118667,10.0227977936,-7.54065403882,5.67301310104,HBP,HBP,-2.11726863023,5.35271456193,83.6732015112,2091.89987185,143.147070927,0.8
438,2020,5045,TCU,D1 Big 12 Conference,730375936,AC,105196362,2020-02-18 13:00:00,5,0,0,0,1001234090,J. Meador,R,FA,R,0.999897985124,1.44393260792,23.6839925643,0.936811535879,5.97867126162,B,IP_OUT,-1.65018221628,5.65462903774,91.1171180071,2263.59257818,182.262142715,0.13
439,2020,5045,TCU,D1 Big 12 Conference,730375936,AC,105196362,2020-02-18 13:00:00,5,1,0,0,1001234090,J. Meador,R,FA,R,0.183803697592,2.33111795856,23.6467309176,0.779341112307,6.08815813648,F,IP_OUT,-1.81319502365,5.62049732606,90.7770777973,2136.66496331,181.885141396,-0.15
440,2020,5045,TCU,D1 Big 12 Conference,730375936,AC,105196362,2020-02-18 13:00:00,5,0,0,1,1001234090,J. Meador,R,CH,L,-0.597191835134,1.22839494505,17.495676024,6.18309570051,6.54890010948,B,BB,-2.16167987164,5.43278055876,84.2650038769,1986.59333486,199.426677381,0.13
441,2020,5045,TCU,D1 Big 12 Conference,730375936,AC,105196362,2020-02-18 13:00:00,5,1,0,1,1001234090,J. Meador,R,FA,L,-1.24108237347,3.24591853128,27.4765636279,3.90731450261,5.97394597773,B,BB,-1.67942632427,5.75525157268,90.9341218784,2191.51028755,188.084224549,0.13
442,2020,5045,TCU,D1 Big 12 Conference,730375936,AC,105196362,2020-02-18 13:00:00,5,2,0,1,1001234090,J. Meador,R,FA,L,-0.51683190751,2.92198847452,24.8878611207,6.27262342682,6.02608215393,F,BB,-1.69862937796,5.48702895169,90.8081229596,2165.79914606,194.128487112,-0.15
443,2020,5045,TCU,D1 Big 12 Conference,730375936,AC,105196362,2020-02-18 13:00:00,5,2,1,1,1001234090,J. Meador,R,FA,L,0.510725789925,0.182925513885,25.087146258,-0.595071772622,6.02225242186,B,BB,-1.4856909931,5.64207378664,91.7264433149,2270.06462869,178.642871941,0.13
444,2020,5045,TCU,D1 Big 12 Conference,730375936,AC,105196362,2020-02-18 13:00:00,5,3,1,1,1001234090,J. Meador,R,FA,L,-1.19071072611,1.29419718339,23.8918934387,3.39065474577,5.98817022828,B,BB,-2.038604238,5.41942141918,90.6446255744,2241.20633574,188.066654623,0.8
445,2020,5045,TCU,D1 Big 12 Conference,730375936,AC,105196362,2020-02-18 13:00:00,5,0,0,1,1001234090,J. Meador,R,FA,L,0.337759506719,1.55866969688,26.5018911314,0.757569071395,6.10738441626,B,S,-1.90078186659,5.61505018575,91.5105413672,2261.34165039,181.635448568,0.13
446,2020,5045,TCU,D1 Big 12 Conference,730375936,AC,105196362,2020-02-18 13:00:00,5,1,0,1,1001234090,J. Meador,R,FA,L,-0.0425097459464,2.701879936,23.5005586062,4.05461865549,5.95931777748,F,S,-1.78867392208,5.49785557825,91.400037218,2195.91944805,189.776162053,-0.15
447,2020,5045,TCU,D1 Big 12 Conference,730375936,AC,105196362,2020-02-18 13:00:00,5,1,1,1,1001234090,J. Meador,R,CH,L,-0.92454733628,3.78017253098,13.9281620064,10.5024180736,6.05618167782,B,S,-2.22623795328,5.32890625433,85.4398233637,2017.49970889,216.946928118,0.13
448,2020,5045,TCU,D1 Big 12 Conference,730375936,AC,105196362,2020-02-18 13:00:00,5,2,1,1,1001234090,J. Meador,R,FA,L,0.902822636876,1.09329227964,23.8950474056,2.52559550807,5.94443814781,B,S,-1.60180949922,5.61541788449,90.9260696867,2231.04821533,186.025544909,0.13
449,2020,5045,TCU,D1 Big 12 Conference,730375936,AC,105196362,2020-02-18 13:00:00,5,3,1,1,1001234090,J. Meador,R,FA,L,-0.565429124602,2.66475072159,32.8806450936,5.46331114059,5.79702665541,SL,S,-1.93070113355,5.64706030033,91.4471824226,2245.61753412,189.424805181,-0.15
450,2020,5045,TCU,D1 Big 12 Conference,730375936,AC,105196362,2020-02-18 13:00:00,5,3,2,1,1001234090,J. Meador,R,FA,L,0.449111399744,1.86455525929,24.3027324153,2.08325848781,5.9582607093,F,S,-1.6429807447,5.64978310799,91.3010813133,2257.71072294,184.893132264,0.0
451,2020,5045,TCU,D1 Big 12 Conference,730375936,AC,105196362,2020-02-18 13:00:00,5,3,2,1,1001234090,J. Meador,R,FA,L,-0.165724795061,2.11925979331,28.0182082186,3.57384882004,5.93224813079,IP,S,-1.58111525435,5.7137709658,91.0296346068,2205.70655477,187.260922463,1.0
452,2020,5045,TCU,D1 Big 12 Conference,730375936,AC,105196362,2020-02-18 13:00:00,5,0,0,2,1001234090,J. Meador,R,FA,R,0.511263543734,2.1661428668,24.029116537,1.9598130795,6.01050806793,SL,K,-1.35989320868,5.56438564459,91.120233459,2225.35240681,184.656646371,-0.15
453,2020,5045,TCU,D1 Big 12 Conference,730375936,AC,105196362,2020-02-18 13:00:00,5,0,1,2,1001234090,J. Meador,R,CU,R,1.18426163936,0.720489644263,-4.49111490272,-15.9291414424,5.09713436545,B,K,-1.66473325523,5.50604609278,80.6656555638,2431.26180837,74.3939125047,0.13
454,2020,5045,TCU,D1 Big 12 Conference,730375936,AC,105196362,2020-02-18 13:00:00,5,1,1,2,1001234090,J. Meador,R,FA,R,-0.130267481247,3.20681377827,19.5089165684,6.60397356791,6.12679694355,SS,K,-1.66228779416,5.43436261752,90.999229115,2124.16170924,198.673333787,-0.15
455,2020,5045,TCU,D1 Big 12 Conference,730375936,AC,105196362,2020-02-18 13:00:00,5,1,2,2,1001234090,J. Meador,R,CU,R,-0.323620483348,2.91918709549,-9.96216357661,-16.716914932,4.98929380959,SL,K,-1.36875975191,5.56462547185,79.266596346,2374.69694256,59.3182534845,-0.15
456,2020,5045,TCU,D1 Big 12 Conference,730375936,AC,105196362,2020-02-18 13:00:00,6,0,0,0,1001234090,J. Meador,R,FA,L,-0.318294643969,2.20791685033,20.1353012859,-3.52528081265,5.9454070251,F,S,-1.71350160823,5.46821790459,90.9524561563,2302.49103328,170.08465512,-0.15
457,2020,5045,TCU,D1 Big 12 Conference,730375936,AC,105196362,2020-02-18 13:00:00,6,0,1,0,1001234090,J. Meador,R,FA,L,0.606914773356,3.71396825604,22.0011903313,4.13089216248,5.92587709888,B,S,-1.66640357673,5.67373655006,91.2835828013,2199.65858587,190.618985348,0.13
458,2020,5045,TCU,D1 Big 12 Conference,730375936,AC,105196362,2020-02-18 13:00:00,6,1,1,0,1001234090,J. Meador,R,FA,L,1.14549126026,2.5328845587,21.3545891056,-1.049368072,5.94472893781,F,S,-1.50403608879,5.49948313287,90.7525698538,2182.28217788,177.190939507,-0.15
459,2020,5045,TCU,D1 Big 12 Conference,730375936,AC,105196362,2020-02-18 13:00:00,6,1,2,0,1001234090,J. Meador,R,CH,L,-1.44370396513,3.416358537,10.7015254513,9.09099434234,5.78465848498,B,S,-2.1264420447,5.34473989603,86.1621800131,1996.76902306,220.25411258,0.13
460,2020,5045,TCU,D1 Big 12 Conference,730375936,AC,105196362,2020-02-18 13:00:00,6,2,2,0,1001234090,J. Meador,R,CU,L,-1.39456742495,3.39295225228,-7.76379560842,-16.0953052421,5.11617168644,B,S,-2.15895849766,5.40823310994,79.0257968605,2313.94306843,64.3750121592,0.13
461,2020,5045,TCU,D1 Big 12 Conference,730375936,AC,105196362,2020-02-18 13:00:00,6,3,2,0,1001234090,J. Meador,R,FA,L,-0.113209150118,4.02070926372,23.0249273387,3.11669732114,6.08989518944,F,S,-1.89555539457,5.50710813473,90.4149353855,2169.49559937,187.698189576,0.0
462,2020,5045,TCU,D1 Big 12 Conference,730375936,AC,105196362,2020-02-18 13:00:00,6,3,2,0,1001234090,J. Meador,R,FA,L,0.730620564004,2.40085677816,25.8261398851,2.62037695701,5.85763361486,F,S,-1.96182406639,5.68774703988,90.5198784658,2160.5785141,185.78634303,0.0
463,2020,5045,TCU,D1 Big 12 Conference,730375936,AC,105196362,2020-02-18 13:00:00,6,3,2,0,1001234090,J. Meador,R,CH,L,0.362302045876,2.05087327651,11.099367307,7.27954708593,6.60378142378,IP,S,-2.12228099332,5.18994547947,83.9191636075,1823.95798806,213.17324843,1.0
464,2020,5045,TCU,D1 Big 12 Conference,730375936,AC,105196362,2020-02-18 13:00:00,6,0,0,0,1001234090,J. Meador,R,FA,R,1.23387781405,2.00526828079,19.8124203845,-0.576459669009,5.96074891378,SL,BB,-1.55306266679,5.48137890402,89.6058138987,2229.47330141,178.336148939,-0.15
465,2020,5045,TCU,D1 Big 12 Conference,730375936,AC,105196362,2020-02-18 13:00:00,6,0,1,0,1001234090,J. Meador,R,CU,R,2.79037002974,-0.344826903591,-8.65410376249,-17.19332105,5.57001754282,B,BB,-1.96574369091,5.23387407095,79.0455571757,2276.58275803,63.3960814467,0.13
466,2020,5045,TCU,D1 Big 12 Conference,730375936,AC,105196362,2020-02-18 13:00:00,6,1,1,0,1001234090,J. Meador,R,FA,R,0.950331707445,2.48106107241,24.4887118057,5.11430836113,6.08345059995,F,BB,-1.68696389673,5.59214566895,89.7405352965,2239.50315299,191.781032702,-0.15
467,2020,5045,TCU,D1 Big 12 Conference,730375936,AC,105196362,2020-02-18 13:00:00,6,1,2,0,1001234090,J. Meador,R,CU,R,2.76882646271,-0.731235532414,-11.6802986005,-17.3723970081,5.20368657278,B,BB,-1.50522834695,5.54926471273,80.5621818962,2429.95283295,56.1825881609,0.13
468,2020,5045,TCU,D1 Big 12 Conference,730375936,AC,105196362,2020-02-18 13:00:00,6,2,2,0,1001234090,J. Meador,R,CU,R,1.32315368035,0.738212483545,-9.11528123502,-17.3198819498,5.47244108064,B,BB,-1.88284492816,5.38647985464,79.0134526103,2429.80864108,62.3558393804,0.13
469,2020,5045,TCU,D1 Big 12 Conference,730375936,AC,105196362,2020-02-18 13:00:00,6,3,2,0,1001234090,J. Meador,R,FA,R,-0.103332816112,3.71059643458,24.2956191041,0.974261778762,5.80540400524,B,BB,-1.82885427152,5.59975743776,89.8867927221,2208.8883545,182.293216173,0.8
470,2020,5045,TCU,D1 Big 12 Conference,730375936,AC,105196362,2020-02-18 13:00:00,6,0,0,0,1001234090,J. Meador,R,FA,L,0.109809577863,1.62587547009,26.5525237,5.1367735341,5.91708815351,F,D,-1.64206177129,5.75063423696,90.4067200242,2198.74254948,190.935803075,-0.15
471,2020,5045,TCU,D1 Big 12 Conference,730375936,AC,105196362,2020-02-18 13:00:00,6,0,1,0,1001234090,J. Meador,R,CH,L,-0.321628122127,2.22216229737,13.7680217711,8.08121372437,6.20938178116,IP,D,-2.05833373768,5.32129189157,84.5891166178,1842.95633524,210.345056427,1.26
472,2020,5045,TCU,D1 Big 12 Conference,730375936,AC,105196362,2020-02-18 13:00:00,6,0,0,0,1860423171,M. Perez,R,FA,R,-0.0232143307367,2.98353926435,18.1811957544,-0.878647463158,5.84280091765,F,S,-1.79242364571,5.78966333872,93.2078542478,2274.35982782,177.237816317,-0.15
473,2020,5045,TCU,D1 Big 12 Conference,730375936,AC,105196362,2020-02-18 13:00:00,6,0,1,0,1860423171,M. Perez,R,SL,R,2.83366907759,1.75469610608,6.56368031096,-20.1526558569,5.14662536288,B,S,-1.8671869722,5.4914682887,82.0241548221,2730.59340909,108.145495516,0.13
474,2020,5045,TCU,D1 Big 12 Conference,730375936,AC,105196362,2020-02-18 13:00:00,6,1,1,0,1860423171,M. Perez,R,SL,R,-0.632998962155,3.36159964311,5.00741662548,-18.8759336813,4.88654245266,B,S,-2.00580237339,5.60385292863,80.594384113,2738.05367463,104.976550062,0.13
475,2020,5045,TCU,D1 Big 12 Conference,730375936,AC,105196362,2020-02-18 13:00:00,6,2,1,0,1860423171,M. Perez,R,FA,R,0.26840657049,1.85071174704,14.9070785686,5.74281710658,6.15854691039,IP,S,-1.7894366125,5.49446556083,93.1777131057,2513.40899685,201.030039016,1.0
476,2020,5045,TCU,D1 Big 12 Conference,730375936,AC,105196362,2020-02-18 13:00:00,6,0,0,0,1860423171,M. Perez,R,FA,R,-0.131306546225,3.12105292874,22.1090023415,3.76652292442,5.888275688,SS,K,-1.716537919,5.69090230424,91.9254661691,2405.17633024,189.654646771,-0.15
477,2020,5045,TCU,D1 Big 12 Conference,730375936,AC,105196362,2020-02-18 13:00:00,6,0,1,0,1860423171,M. Perez,R,FA,R,1.11340638512,2.29698329226,24.2368252655,-0.0357732323344,5.83450302054,SL,K,-1.47772891177,6.00151354701,92.1172874894,2513.12822359,179.915542379,-0.15
478,2020,5045,TCU,D1 Big 12 Conference,730375936,AC,105196362,2020-02-18 13:00:00,6,0,2,0,1860423171,M. Perez,R,SL,R,1.61195347016,2.73632595969,12.2784202797,-19.8581084835,5.11101671053,B,K,-1.65961135474,5.6547991475,80.8941327972,2620.68003208,121.815750769,0.13
479,2020,5045,TCU,D1 Big 12 Conference,730375936,AC,105196362,2020-02-18 13:00:00,6,1,2,0,1860423171,M. Perez,R,FA,R,-1.26315891879,3.08415527922,26.1412017265,0.748794879327,5.78439871949,B,K,-1.66495309349,5.80926779322,92.3716127273,2457.54931209,181.638771633,0.13
480,2020,5045,TCU,D1 Big 12 Conference,730375936,AC,105196362,2020-02-18 13:00:00,6,2,2,0,1860423171,M. Perez,R,FA,R,-0.0829413769781,2.5539681143,22.56077212,2.76062813942,5.82644559283,SS,K,-1.54531407923,5.90908807957,92.6442042043,2493.44200658,186.966770179,-0.15
481,2020,5045,TCU,D1 Big 12 Conference,730375936,AC,105196362,2020-02-18 13:00:00,6,0,0,1,1860423171,M. Perez,R,FS,R,1.50984648551,1.92979112982,9.91092984519,-16.6966479894,5.36011074366,SS,K,-1.75698818765,5.61639994909,80.8595273581,2602.57395535,120.797045131,-0.15
482,2020,5045,TCU,D1 Big 12 Conference,730375936,AC,105196362,2020-02-18 13:00:00,6,0,1,1,1860423171,M. Perez,R,FA,R,0.0613966480264,3.00664822547,24.050161723,2.37090184187,5.9373867737,F,K,-1.42186762091,5.88230584645,92.0690742858,2384.98074163,185.622792556,-0.15
483,2020,5045,TCU,D1 Big 12 Conference,730375936,AC,105196362,2020-02-18 13:00:00,6,0,2,1,1860423171,M. Perez,R,FA,R,0.476310550704,2.77284877311,25.3089293318,-0.896156938791,5.75000075413,SL,K,-1.43620962609,5.74367118855,93.0326250045,2579.18108363,177.974555906,-0.15
484,2020,5045,TCU,D1 Big 12 Conference,730375936,AC,105196362,2020-02-18 13:00:00,6,0,0,2,1860423171,M. Perez,R,FA,R,0.848062977357,2.33431522534,22.2893138397,-3.37743349004,5.91901739725,SL,K,-1.50742284332,5.79120374846,92.2953575079,2386.30986124,171.395527882,-0.15
485,2020,5045,TCU,D1 Big 12 Conference,730375936,AC,105196362,2020-02-18 13:00:00,6,0,1,2,1860423171,M. Perez,R,SL,R,0.955895999337,3.09954460756,11.638962085,-18.5280798742,5.08683544341,SL,K,-1.77408537901,5.64009075937,81.9628618169,2629.13480332,122.226027095,-0.15
486,2020,5045,TCU,D1 Big 12 Conference,730375936,AC,105196362,2020-02-18 13:00:00,6,0,2,2,1860423171,M. Perez,R,FA,R,-0.0307341844562,2.83486554738,11.633463262,-1.10513588873,5.8974754618,SS,K,-1.49331530849,5.73643095426,92.2798981678,2377.83789174,174.587608403,-0.15
487,2020,5045,TCU,D1 Big 12 Conference,730375936,AC,105196362,2020-02-18 13:00:00,7,0,0,0,1860423171,M. Perez,R,FA,L,-0.70437976775,2.0360293535,21.8856753318,2.51874466532,5.87280706606,SS,S,-1.71786601289,5.64350973551,92.5700162112,2472.91453341,186.555872027,-0.15
488,2020,5045,TCU,D1 Big 12 Conference,730375936,AC,105196362,2020-02-18 13:00:00,7,0,1,0,1860423171,M. Perez,R,FA,L,-0.0825340477417,2.93781447741,21.2392566969,-0.0196894789177,5.70264408459,F,S,-1.75719474594,5.59276878642,93.6578180482,2547.1531287,179.946961057,-0.15
489,2020,5045,TCU,D1 Big 12 Conference,730375936,AC,105196362,2020-02-18 13:00:00,7,0,2,0,1860423171,M. Perez,R,FA,L,-0.468634085437,2.61885480043,13.5019882455,-2.73751533145,5.86900241706,F,S,-1.51715857011,5.73841301939,92.6680889793,2299.81899258,168.563836554,0.0
490,2020,5045,TCU,D1 Big 12 Conference,730375936,AC,105196362,2020-02-18 13:00:00,7,0,2,0,1860423171,M. Perez,R,CH,L,-2.41577066177,4.46710284588,4.63762153427,-4.84958091104,5.30035787134,B,S,-1.7870468327,5.6231629041,85.317168227,1272.3875541,133.949419363,0.13
491,2020,5045,TCU,D1 Big 12 Conference,730375936,AC,105196362,2020-02-18 13:00:00,7,1,2,0,1860423171,M. Perez,R,CH,L,-1.77189019984,2.17103916595,10.5323665396,3.58573198532,5.46658825601,B,S,-1.90449122115,5.56582383663,86.0111469735,1359.83669879,198.740970441,0.13
492,2020,5045,TCU,D1 Big 12 Conference,730375936,AC,105196362,2020-02-18 13:00:00,7,2,2,0,1860423171,M. Perez,R,FA,L,-0.270494215423,2.51887367295,16.3587164045,0.232555791545,6.01104443138,IP,S,-1.70354206346,5.68814631134,92.8205003755,2490.52916099,180.812960205,1.0
493,2020,5045,TCU,D1 Big 12 Conference,730375936,AC,105196362,2020-02-18 13:00:00,7,0,0,0,1860423171,M. Perez,R,SL,R,0.9779068813,2.24316643022,5.76008305997,-25.2073232381,5.07928485841,SS,K,-1.7951197856,5.63706702977,80.856530397,2624.47643737,102.961069403,-0.15
494,2020,5045,TCU,D1 Big 12 Conference,730375936,AC,105196362,2020-02-18 13:00:00,7,0,1,0,1860423171,M. Perez,R,FA,R,-1.00054550342,2.93534356652,17.1604372871,1.51815105042,5.86872139343,SS,K,-1.50286873303,5.71883361753,91.5161092703,2394.97482904,185.046442041,-0.15
495,2020,5045,TCU,D1 Big 12 Conference,730375936,AC,105196362,2020-02-18 13:00:00,7,0,2,0,1860423171,M. Perez,R,FA,R,0.93388289754,2.94166837069,15.6468800339,-0.833823320292,6.05333345376,SL,K,-1.46530807143,5.70404180418,91.2792547023,2551.25960052,176.955688351,-0.15
496,2020,5045,TCU,D1 Big 12 Conference,730375936,AC,105196362,2020-02-18 13:00:00,7,0,0,1,1860423171,M. Perez,R,SL,L,1.26694244574,2.10850662642,6.05225629446,-20.2373206272,5.20253819852,B,DP,-1.93935448422,5.52665578255,79.836882384,2593.74541988,106.760393361,0.13
497,2020,5045,TCU,D1 Big 12 Conference,730375936,AC,105196362,2020-02-18 13:00:00,7,1,0,1,1860423171,M. Perez,R,FA,L,-0.895608204961,2.07096809502,19.7724042957,2.30469753992,5.89993136083,SL,DP,-1.68932766744,5.86041437863,92.363543621,2478.90009638,186.638142303,-0.15
498,2020,5045,TCU,D1 Big 12 Conference,730375936,AC,105196362,2020-02-18 13:00:00,7,1,1,1,1860423171,M. Perez,R,FA,L,-0.172502852514,2.0941506314,18.8647824513,1.26571655778,5.93716291426,IP,DP,-1.71056596766,5.69130976402,91.5739019368,2358.65212205,183.832116541,-0.21
499,2020,5045,TCU,D1 Big 12 Conference,730375936,AC,105196362,2020-02-18 13:00:00,8,0,0,0,1906000633,D. Hill,R,SI,R,1.34136196024,0.745573529759,11.1192448223,7.52907389212,6.11052658779,B,IP_OUT,-1.30925891436,5.67627480061,91.2802223771,2145.44567685,214.027886901,0.13
500,2020,5045,TCU,D1 Big 12 Conference,730375936,AC,105196362,2020-02-18 13:00:00,8,1,0,0,1906000633,D. Hill,R,SI,R,-0.126848342637,3.98762928128,12.5219171428,4.55015586044,5.98278335734,B,IP_OUT,-1.50622859184,5.73097101562,90.064404799,2073.67353136,199.922963607,0.13
501,2020,5045,TCU,D1 Big 12 Conference,730375936,AC,105196362,2020-02-18 13:00:00,8,0,0,2,1270693030,M. Rudis,R,SI,R,-1.32858958441,4.46382033801,17.082034996,9.39399721111,5.45188953241,B,D,-1.77580340979,6.32602727414,91.8238848208,2233.018725,208.762992729,0.13
502,2020,5045,TCU,D1 Big 12 Conference,730375936,AC,105196362,2020-02-18 13:00:00,8,1,0,2,1270693030,M. Rudis,R,FA,R,0.49278154769,2.44583366171,27.7201386074,7.9247712469,5.6467692803,IP,D,-1.83139902149,6.68545706978,91.7807725828,2160.42110578,195.937061716,1.26
503,2020,5045,TCU,D1 Big 12 Conference,730375936,AC,105196362,2020-02-18 13:00:00,8,0,0,2,1270693030,M. Rudis,R,CU,R,1.61705084153,0.790518739084,1.54169584424,-10.8364732164,4.97725630514,SS,IP_OUT,-1.88194775173,6.29506894226,79.9712377818,2235.0431515,98.3177765821,-0.15
504,2020,5045,TCU,D1 Big 12 Conference,730375936,AC,105196362,2020-02-18 13:00:00,9,0,0,0,1397402991,H. Beethe,R,SL,L,0.294783024477,3.05472991663,8.24767619174,-12.5536377615,5.36187198354,SL,IP_OUT,-1.56454940554,5.70817352475,86.2991961616,2440.85045767,123.419199415,-0.15
505,2020,5045,TCU,D1 Big 12 Conference,730375936,AC,105196362,2020-02-18 13:00:00,9,0,1,0,1397402991,H. Beethe,R,FA,L,-1.75015227077,2.6519456566,21.8995127636,1.46902186263,5.43873317233,B,IP_OUT,-1.11135728694,6.44563620767,92.3928386663,2030.12361869,183.832138114,0.13
506,2020,5045,TCU,D1 Big 12 Conference,730375936,AC,105196362,2020-02-18 13:00:00,9,0,0,1,1397402991,H. Beethe,R,FA,R,-0.48804009968,2.94727139422,18.5983011302,8.92698135328,5.67349070073,F,K,-0.836403293564,6.09566945979,94.4502636985,2187.86634221,205.604388944,-0.15
507,2020,5045,TCU,D1 Big 12 Conference,730375936,AC,105196362,2020-02-18 13:00:00,9,0,1,1,1397402991,H. Beethe,R,FA,R,-0.363550967579,1.17657988994,20.8877615075,0.115660253471,6.01268740978,B,K,-0.671274033502,6.16283366292,93.4859222473,2016.73749614,180.316799054,0.13
508,2020,5045,TCU,D1 Big 12 Conference,730375936,AC,105196362,2020-02-18 13:00:00,9,1,1,1,1397402991,H. Beethe,R,FA,R,-0.834379320217,1.57900112317,20.6075324229,5.85824791028,5.71424447273,B,K,-0.835214283962,6.22364961275,94.019697928,2159.82482024,195.847147509,0.13
509,2020,5045,TCU,D1 Big 12 Conference,730375936,AC,105196362,2020-02-18 13:00:00,9,2,1,1,1397402991,H. Beethe,R,SL,R,0.845862925057,2.49834736094,3.2671322722,-16.8751955102,5.76078091148,SL,K,-1.125896298,5.7557240998,86.2324800973,2501.5595352,101.07182603,-0.15
510,2020,5045,TCU,D1 Big 12 Conference,730375936,AC,105196362,2020-02-18 13:00:00,9,2,2,1,1397402991,H. Beethe,R,SL,R,0.0224713882795,3.28378728584,4.16306713873,-17.0296865067,5.49671434256,B,K,-1.34287962167,5.81977561678,85.5061104817,2445.85681809,103.851391922,0.13
511,2020,5045,TCU,D1 Big 12 Conference,730375936,AC,105196362,2020-02-18 13:00:00,9,3,2,1,1397402991,H. Beethe,R,SL,R,0.446831609249,2.35379825129,10.0303035362,-15.2542082785,5.67111275177,SS,K,-1.159226079,5.79155516119,86.6628915701,2455.52736121,123.418412584,-0.15
512,2020,5045,TCU,D1 Big 12 Conference,730375936,AC,105196362,2020-02-18 13:00:00,9,0,0,2,1397402991,H. Beethe,R,FA,L,-0.709370251564,4.16351575159,22.6760832112,0.287575172116,5.98954728509,B,S,-1.08691967393,6.29605388963,94.7018191247,2094.40292714,180.7256355,0.13
513,2020,5045,TCU,D1 Big 12 Conference,730375936,AC,105196362,2020-02-18 13:00:00,9,1,0,2,1397402991,H. Beethe,R,SL,L,0.0579077474477,1.70150972983,10.2091641475,-13.6332351652,5.45091141441,SL,S,-1.62775831397,5.76362675677,86.8146343498,2493.16434103,126.922459706,-0.15
514,2020,5045,TCU,D1 Big 12 Conference,730375936,AC,105196362,2020-02-18 13:00:00,9,1,1,2,1397402991,H. Beethe,R,SL,L,-0.986021834074,1.58569335101,5.37555434767,-19.7923929766,5.29488071141,B,S,-1.46514755814,5.70497524375,85.9619206431,2551.9087006,105.292637294,0.13
515,2020,5045,TCU,D1 Big 12 Conference,730375936,AC,105196362,2020-02-18 13:00:00,9,2,1,2,1397402991,H. Beethe,R,SL,L,0.126974914535,3.45519928824,8.58576653307,-13.9610686046,5.56289936842,SL,S,-1.58484334465,5.75029737854,86.214462799,2425.8318296,121.696659025,-0.15
516,2020,5045,TCU,D1 Big 12 Conference,730375936,AC,105196362,2020-02-18 13:00:00,9,2,2,2,1397402991,H. Beethe,R,FA,L,-0.69687557876,2.60174736663,26.0511555383,-0.641718934651,6.16858226384,F,S,-0.913149381452,6.61873859325,94.7762623267,2093.75705479,178.590494081,0.0
517,2020,5045,TCU,D1 Big 12 Conference,730375936,AC,105196362,2020-02-18 13:00:00,9,2,2,2,1397402991,H. Beethe,R,FA,L,-0.645557504156,1.85448066568,18.3133719517,-3.25302820329,6.19704338776,IP,S,-1.01215589295,6.14982923522,94.4008896904,2092.67795221,169.943349216,1.0
518,2020,5045,TCU,D1 Big 12 Conference,730375936,AC,105196362,2020-02-18 13:00:00,9,0,0,2,1397402991,H. Beethe,R,FA,R,-0.52063388849,1.33158559946,24.2805139917,-1.70881411821,6.10546129272,B,K,-0.842494001828,6.33728006371,94.8013436818,2163.96403855,175.97916403,0.13
519,2020,5045,TCU,D1 Big 12 Conference,730375936,AC,105196362,2020-02-18 13:00:00,9,1,0,2,1397402991,H. Beethe,R,SL,R,-0.238365929787,2.36571784286,9.75488909384,-15.9115921042,5.54057417393,SL,K,-1.40201471412,5.81509838656,86.3504059918,2331.1978534,121.604685863,-0.15
520,2020,5045,TCU,D1 Big 12 Conference,730375936,AC,105196362,2020-02-18 13:00:00,9,1,1,2,1397402991,H. Beethe,R,SL,R,-0.186850094654,2.67953288401,5.27690762042,-15.8080146033,5.53057416781,SL,K,-1.42931248356,5.69053936917,85.4597605889,2360.30765001,108.578849996,-0.15
521,2020,5045,TCU,D1 Big 12 Conference,730375936,AC,105196362,2020-02-18 13:00:00,9,1,2,2,1397402991,H. Beethe,R,SL,R,0.178681862674,1.98253833578,4.2108061488,-12.2313403148,5.55483867233,F,K,-1.42836895528,5.66179297182,85.3162035962,2222.66616757,109.149832899,0.0
522,2020,5045,TCU,D1 Big 12 Conference,730375936,AC,105196362,2020-02-18 13:00:00,9,1,2,2,1397402991,H. Beethe,R,FA,R,-0.120043565015,0.977595363432,17.5748138545,-1.45094277825,6.19002493575,B,K,-0.765332762043,6.19714563171,94.2840612743,2191.05131593,175.288305275,0.13
523,2020,5045,TCU,D1 Big 12 Conference,730375936,AC,105196362,2020-02-18 13:00:00,9,2,2,2,1397402991,H. Beethe,R,SL,R,0.999286710859,1.55586891746,5.94127159269,-17.4428962326,5.75919661773,SS,K,-1.38321774536,5.70134670893,86.6225508877,2518.96571682,108.912854973,-0.15
524,2020,730263552,UVU,D1 Western Athletic Conference,730375936,AC,168778686,2020-02-16 13:00:00,1,0,0,0,1668752810,M. Gray,R,SL,L,-1.51624868519,2.49320773674,7.43302182197,14.8233857406,5.78868880401,B,IP_OUT,-2.1837558277,5.57540877307,74.2466437357,1406.74419079,243.22309177,0.13
525,2020,730263552,UVU,D1 Western Athletic Conference,730375936,AC,168778686,2020-02-16 13:00:00,1,1,0,0,1668752810,M. Gray,R,FA,L,1.09648748872,2.37674874979,19.1489210893,13.6264882422,5.50200066317,SL,IP_OUT,-2.17758384577,5.7277499943,85.4312450487,2057.23517781,215.384543525,-0.15
526,2020,730263552,UVU,D1 Western Athletic Conference,730375936,AC,168778686,2020-02-16 13:00:00,1,1,1,0,1668752810,M. Gray,R,SL,L,-1.21998791503,1.13784033735,3.65490633243,13.8935335821,5.92523911116,SS,IP_OUT,-2.36689937678,5.43449508284,74.5934031623,1270.02648292,255.081822776,-0.15
527,2020,730263552,UVU,D1 Western Athletic Conference,730375936,AC,168778686,2020-02-16 13:00:00,1,0,0,1,1668752810,M. Gray,R,FA,R,1.30233342567,3.62007837174,18.9804061748,11.7424800408,5.69489272897,B,IP_OUT,-1.9698841463,5.86469578564,87.7709600689,2199.3434328,211.697217964,0.13
528,2020,730263552,UVU,D1 Western Athletic Conference,730375936,AC,168778686,2020-02-16 13:00:00,1,1,0,1,1668752810,M. Gray,R,FA,R,1.52641149541,3.05341040362,17.4268002801,9.96712991458,5.6451325346,B,IP_OUT,-2.16703131663,5.66055419957,86.4524764836,2086.0972309,209.716875087,0.13
529,2020,730263552,UVU,D1 Western Athletic Conference,730375936,AC,168778686,2020-02-16 13:00:00,1,0,0,2,1668752810,M. Gray,R,FA,L,-1.63043198589,3.0427812688,16.0947895378,12.8090862431,5.5865462397,B,ROE,-2.28395687344,5.66597226972,87.3648748042,1968.7694768,218.454467007,0.13
530,2020,730263552,UVU,D1 Western Athletic Conference,730375936,AC,168778686,2020-02-16 13:00:00,1,1,0,2,1668752810,M. Gray,R,FA,L,0.110677409296,2.58894376041,17.5916117446,11.9408940558,5.66866670516,IP,ROE,-2.21272581433,5.63049081935,87.122155596,2120.02227473,214.115050545,0.0
531,2020,730263552,UVU,D1 Western Athletic Conference,730375936,AC,168778686,2020-02-16 13:00:00,1,0,0,2,1668752810,M. Gray,R,CU,R,0.386497897152,1.12932675398,-1.74572539207,-0.781925561813,5.37660621095,F,IP_OUT,-2.40206375649,5.52172620519,73.8192386245,1783.28613926,24.7442667292,-0.15
532,2020,730263552,UVU,D1 Western Athletic Conference,730375936,AC,168778686,2020-02-16 13:00:00,1,0,1,2,1668752810,M. Gray,R,FA,R,0.768292617258,3.80081683136,16.7348918247,14.0172024089,5.61990261302,B,IP_OUT,-1.85816386569,5.89180089104,87.1405432707,2107.68672089,219.890510549,0.13
533,2020,730263552,UVU,D1 Western Athletic Conference,730375936,AC,168778686,2020-02-16 13:00:00,2,0,0,0,1668752810,M. Gray,R,FA,R,0.324345765601,3.41168095949,18.2940196686,11.0072448927,5.36833377328,IP,S,-1.97368462866,5.84726635778,87.8801001055,1927.44165742,210.986403656,1.0
534,2020,730263552,UVU,D1 Western Athletic Conference,730375936,AC,168778686,2020-02-16 13:00:00,2,0,0,0,1668752810,M. Gray,R,CH,R,0.0179903607275,2.00249558099,5.35938881531,0.171598273379,5.01093298227,F,K,-2.28240039929,5.62782280447,74.168864871,1810.37275151,181.817040991,-0.15
535,2020,730263552,UVU,D1 Western Athletic Conference,730375936,AC,168778686,2020-02-16 13:00:00,2,0,1,0,1668752810,M. Gray,R,FA,R,-1.07228846925,2.97157467107,16.2901998653,19.8821419793,5.51634988024,F,K,-2.02545829656,5.83927689475,86.763153182,2075.91585034,230.609183949,-0.15
536,2020,730263552,UVU,D1 Western Athletic Conference,730375936,AC,168778686,2020-02-16 13:00:00,2,0,2,0,1668752810,M. Gray,R,FA,R,0.150552987507,3.76189896299,16.7203560895,12.6485137644,5.49541582991,SS,K,-1.78113180567,5.88417599645,87.3553950249,2028.55763465,217.04909708,-0.15
537,2020,730263552,UVU,D1 Western Athletic Conference,730375936,AC,168778686,2020-02-16 13:00:00,2,0,0,1,1668752810,M. Gray,R,SL,L,0.709954927606,0.707399371461,8.78983081637,13.4909552894,5.65582017646,B,IP_OUT,-2.19848928664,5.73493581227,74.5437361066,1465.88644908,236.773123804,0.13
538,2020,730263552,UVU,D1 Western Athletic Conference,730375936,AC,168778686,2020-02-16 13:00:00,2,1,0,1,1668752810,M. Gray,R,FA,L,-0.232548767841,2.97956524587,16.9800954363,13.4595948202,5.54718175085,F,IP_OUT,-2.01725576514,5.69854231919,86.9841523526,2110.49693546,218.345530477,-0.15
539,2020,730263552,UVU,D1 Western Athletic Conference,730375936,AC,168778686,2020-02-16 13:00:00,3,0,0,0,1668752810,M. Gray,R,SL,L,-1.61087671957,2.39065733771,6.08374233101,11.266826191,5.65258068628,B,HBP,-2.32755603031,5.67877226078,74.284165047,1281.09322029,241.445287905,0.13
540,2020,730263552,UVU,D1 Western Athletic Conference,730375936,AC,168778686,2020-02-16 13:00:00,3,1,0,0,1668752810,M. Gray,R,SL,L,-0.557896681132,2.0818295961,8.59050599298,12.5697873566,5.80107969819,SS,HBP,-2.08715579999,5.71332992385,74.0501889344,1273.83375607,235.50092339,-0.15
541,2020,730263552,UVU,D1 Western Athletic Conference,730375936,AC,168778686,2020-02-16 13:00:00,3,1,1,0,1668752810,M. Gray,R,FA,L,0.442169097661,2.45799777985,19.9228615684,11.0457749044,5.48785402304,SS,HBP,-2.10582310621,5.8301125926,87.7168710306,2219.40542132,208.963106885,-0.15
542,2020,730263552,UVU,D1 Western Athletic Conference,730375936,AC,168778686,2020-02-16 13:00:00,3,1,2,0,1668752810,M. Gray,R,FA,L,1.75564054127,1.57033551137,18.9879774866,16.3333369821,5.56225277381,HBP,HBP,-2.17877338797,5.75278780524,89.4348773807,2156.7367751,220.652306586,0.8
543,2020,730263552,UVU,D1 Western Athletic Conference,730375936,AC,168778686,2020-02-16 13:00:00,3,0,0,0,1668752810,M. Gray,R,FA,R,-0.840443276388,4.76592885092,18.1896385733,13.9978457566,5.38707511678,B,DP,-1.8471424208,6.1055647372,84.1342829597,2008.25795174,217.522816985,0.13
544,2020,730263552,UVU,D1 Western Athletic Conference,730375936,AC,168778686,2020-02-16 13:00:00,3,1,0,0,1668752810,M. Gray,R,FA,R,-0.697252748508,3.06243151052,16.8087804661,13.2442824899,5.20408090463,B,DP,-1.81506170049,5.90351730099,84.1208326266,2028.58084428,218.173807816,0.13
545,2020,730263552,UVU,D1 Western Athletic Conference,730375936,AC,168778686,2020-02-16 13:00:00,3,2,0,0,1668752810,M. Gray,R,FA,R,-0.133182555224,2.16075447869,17.1494424791,13.0675838031,5.34891421053,IP,DP,-1.71477236843,5.84512378467,84.7176636894,1954.47994616,217.247526538,-0.21
546,2020,730263552,UVU,D1 Western Athletic Conference,730375936,AC,168778686,2020-02-16 13:00:00,3,0,0,2,1668752810,M. Gray,R,FA,L,0.73837865143,3.3890975552,19.1916092543,12.4634544049,5.60765138462,B,S,-2.22997839235,5.77219513346,87.6488164169,1974.51178652,212.953767698,0.13
547,2020,730263552,UVU,D1 Western Athletic Conference,730375936,AC,168778686,2020-02-16 13:00:00,3,1,0,2,1668752810,M. Gray,R,FA,L,0.294309059635,1.46766463342,19.8703099658,12.5261981583,5.68353775663,SL,S,-2.1628879635,5.74258848857,87.5025927641,1945.60598159,212.182599586,-0.15
548,2020,730263552,UVU,D1 Western Athletic Conference,730375936,AC,168778686,2020-02-16 13:00:00,3,1,1,2,1668752810,M. Gray,R,SL,L,-0.728665014838,3.30986173027,6.22718522918,12.1156528728,5.56815651462,SL,S,-2.29144713359,5.58210887358,76.2821310373,1567.08804319,242.629683063,-0.15
549,2020,730263552,UVU,D1 Western Athletic Conference,730375936,AC,168778686,2020-02-16 13:00:00,3,1,2,2,1668752810,M. Gray,R,FA,L,0.286542955349,1.9633234742,18.9297118332,12.2540086872,5.66834435743,F,S,-2.15474664461,5.60551349432,88.6040276615,1903.62382771,212.870505249,0.0
550,2020,730263552,UVU,D1 Western Athletic Conference,730375936,AC,168778686,2020-02-16 13:00:00,3,1,2,2,1668752810,M. Gray,R,CH,L,-1.73898967544,3.43782829562,7.48257647458,10.9020452211,5.48634686984,B,S,-2.25543437483,5.588933244,78.1709218843,1540.66717568,235.381905721,0.13
551,2020,730263552,UVU,D1 Western Athletic Conference,730375936,AC,168778686,2020-02-16 13:00:00,3,2,2,2,1668752810,M. Gray,R,FA,L,0.0992266476977,2.71825588846,18.3818964168,10.0572410618,5.66399509149,IP,S,-2.23737361659,5.70360780764,88.7566911155,2234.66576037,208.63971603,1.0
552,2020,730263552,UVU,D1 Western Athletic Conference,730375936,AC,168778686,2020-02-16 13:00:00,3,0,0,2,1668752810,M. Gray,R,CH,R,0.681319698331,2.75878687345,6.13343240801,-0.000534955455526,5.12000713323,IP,FC,-2.0902620841,5.68577913498,76.5237596492,1850.22186756,179.995040259,-0.21
553,2020,730263552,UVU,D1 Western Athletic Conference,730375936,AC,168778686,2020-02-16 13:00:00,4,0,0,0,1668752810,M. Gray,R,SL,L,-1.18922016723,2.73643903991,5.06186918858,11.431444694,5.84500051957,SL,K,-2.25518243182,5.54544940777,73.9660455829,1425.39611489,245.918616996,-0.15
554,2020,730263552,UVU,D1 Western Athletic Conference,730375936,AC,168778686,2020-02-16 13:00:00,4,0,1,0,1668752810,M. Gray,R,FA,L,-0.24135422683,2.97361321262,14.9287095247,13.8354597594,5.44786786959,F,K,-2.23246764616,5.73718191849,87.4629514955,2078.4766004,222.757714343,-0.15
555,2020,730263552,UVU,D1 Western Athletic Conference,730375936,AC,168778686,2020-02-16 13:00:00,4,0,2,0,1668752810,M. Gray,R,SL,L,-0.514904729145,0.946981819033,6.82341893125,11.8272534347,5.80687994387,SS,K,-2.03813047489,5.54297078624,75.6825200515,1440.76885982,239.853933492,-0.15
556,2020,730263552,UVU,D1 Western Athletic Conference,730375936,AC,168778686,2020-02-16 13:00:00,4,0,0,1,1668752810,M. Gray,R,FA,R,1.11477964573,1.96467342652,15.2910787185,12.7153979347,5.55648405617,SL,K,-1.95233789193,5.86506389411,88.0466423027,2088.86489949,219.68283597,-0.15
557,2020,730263552,UVU,D1 Western Athletic Conference,730375936,AC,168778686,2020-02-16 13:00:00,4,0,1,1,1668752810,M. Gray,R,FA,R,0.978592390073,2.73501946496,15.0695445839,13.2946061166,5.68956548505,SL,K,-2.16505087784,5.82802582634,88.7056075099,2028.92269978,221.356492446,-0.15
558,2020,730263552,UVU,D1 Western Athletic Conference,730375936,AC,168778686,2020-02-16 13:00:00,4,0,2,1,1668752810,M. Gray,R,SL,R,0.0727209759103,0.896639361691,6.50831985848,11.4270052267,6.02495256784,SS,K,-1.89042184461,5.62525622277,78.1550513728,1539.27381663,240.177238666,-0.15
559,2020,730263552,UVU,D1 Western Athletic Conference,730375936,AC,168778686,2020-02-16 13:00:00,4,0,0,2,1668752810,M. Gray,R,CH,R,0.273373059842,3.38017568179,1.26903785456,-0.634387174377,5.22630667078,B,S,-2.404665247,5.47723985124,76.1356990585,1853.76699697,154.261255399,0.13
560,2020,730263552,UVU,D1 Western Athletic Conference,730375936,AC,168778686,2020-02-16 13:00:00,4,1,0,2,1668752810,M. Gray,R,FA,R,0.877697236243,2.20141485148,18.7854860179,13.4645762301,5.6462915245,SL,S,-2.05859788123,5.81837597568,88.1189288536,2191.29611805,215.582345942,-0.15
561,2020,730263552,UVU,D1 Western Athletic Conference,730375936,AC,168778686,2020-02-16 13:00:00,4,1,1,2,1668752810,M. Gray,R,CH,R,1.42996084759,-0.146061475121,1.41004195568,1.48545841528,5.51615423378,B,S,-2.42195466904,5.44957481726,77.7676653348,1882.02946445,225.608906291,0.13
562,2020,730263552,UVU,D1 Western Athletic Conference,730375936,AC,168778686,2020-02-16 13:00:00,4,2,1,2,1668752810,M. Gray,R,SL,R,1.09834383284,1.65178395034,2.91918230284,4.79437220156,5.58576111588,SL,S,-2.23641956914,5.52099326433,76.9662492735,1767.51345949,238.270594046,-0.15
563,2020,730263552,UVU,D1 Western Athletic Conference,730375936,AC,168778686,2020-02-16 13:00:00,4,2,2,2,1668752810,M. Gray,R,FA,R,0.985176102679,2.91185133088,15.0305770627,14.9392302641,5.72466793334,F,S,-1.76281801819,5.76940028336,90.7342495766,2104.34933621,224.764806684,0.0
564,2020,730263552,UVU,D1 Western Athletic Conference,730375936,AC,168778686,2020-02-16 13:00:00,4,2,2,2,1668752810,M. Gray,R,FA,R,0.623726192212,4.1272744997,18.08193012,9.16969945325,6.04020047823,B,S,-1.91685280386,5.90887789266,88.9448877971,1966.65853792,206.848612809,0.13
565,2020,730263552,UVU,D1 Western Athletic Conference,730375936,AC,168778686,2020-02-16 13:00:00,4,3,2,2,1668752810,M. Gray,R,SL,R,-0.078237764305,3.00802286232,6.62073397492,12.1950865914,5.88977717701,F,S,-1.84762671604,5.64683656987,76.4305930769,1272.44144975,241.341930651,0.0
566,2020,730263552,UVU,D1 Western Athletic Conference,730375936,AC,168778686,2020-02-16 13:00:00,4,3,2,2,1668752810,M. Gray,R,FA,R,0.52342226565,2.70060503434,15.4558936316,12.8489645638,5.67142859352,IP,S,-2.12013775184,5.75401259122,89.1412890657,2144.55788663,219.67723855,1.0
567,2020,730263552,UVU,D1 Western Athletic Conference,730375936,AC,168778686,2020-02-16 13:00:00,4,0,0,2,1668752810,M. Gray,R,FA,R,0.109955928149,4.00677897423,16.4549352237,7.07773340325,5.51590059052,B,IP_OUT,-1.93442546993,5.9259690233,87.0315601861,2034.74274775,203.229622018,0.13
568,2020,730263552,UVU,D1 Western Athletic Conference,730375936,AC,168778686,2020-02-16 13:00:00,4,1,0,2,1668752810,M. Gray,R,FA,R,1.22056327998,1.80375781838,16.7716376527,9.543468904,5.45574011061,SS,IP_OUT,-1.73729836057,5.94249678366,85.6457667513,1985.11075527,209.587547815,-0.15
569,2020,730263552,UVU,D1 Western Athletic Conference,730375936,AC,168778686,2020-02-16 13:00:00,4,1,1,2,1668752810,M. Gray,R,FA,R,0.970972106674,3.87538753249,17.923692941,6.59118282186,5.43140903558,B,IP_OUT,-1.86595224648,5.92915442526,86.8673157151,2057.2805467,200.153600801,0.13
570,2020,730263552,UVU,D1 Western Athletic Conference,730375936,AC,168778686,2020-02-16 13:00:00,4,2,1,2,1668752810,M. Gray,R,SL,R,0.96614095364,0.553385848937,7.61116367295,18.490874182,6.06381172317,B,IP_OUT,-1.75297314726,5.73465440662,74.1113143234,1607.66601681,247.50168821,0.13
571,2020,730263552,UVU,D1 Western Athletic Conference,730375936,AC,168778686,2020-02-16 13:00:00,4,3,1,2,1668752810,M. Gray,R,FA,R,-0.732234924304,2.17781969849,15.2917112625,13.7999677907,5.58393380383,F,IP_OUT,-1.89834312725,5.77219730976,85.1758067632,2027.88892534,221.996747316,-0.15
572,2020,730263552,UVU,D1 Western Athletic Conference,730375936,AC,168778686,2020-02-16 13:00:00,5,0,0,0,1668752810,M. Gray,R,FA,L,1.97554773232,3.11087121563,19.362774405,6.78221733294,5.75623220811,HBP,HBP,-2.37263522761,5.69673575799,85.70764827,2144.74535678,199.270285943,0.8
573,2020,730263552,UVU,D1 Western Athletic Conference,730375936,AC,168778686,2020-02-16 13:00:00,5,0,0,0,1668752810,M. Gray,R,SL,L,0.478028215455,1.57665446523,9.45189018082,13.9537415053,5.94407262052,SS,S,-1.8999825259,5.72628197396,73.0149110553,1535.36415297,235.749800429,-0.15
574,2020,730263552,UVU,D1 Western Athletic Conference,730375936,AC,168778686,2020-02-16 13:00:00,5,0,1,0,1668752810,M. Gray,R,SL,L,-1.84954733847,3.72049948595,6.57198730962,12.1011377767,5.989384052,B,S,-1.84333381098,5.69513202057,72.3657637208,1311.07645583,241.314544148,0.13
575,2020,730263552,UVU,D1 Western Athletic Conference,730375936,AC,168778686,2020-02-16 13:00:00,5,1,1,0,1668752810,M. Gray,R,FA,L,-0.00513765717376,2.62902531238,16.7812786934,14.0766397557,5.41806937902,F,S,-1.86004867791,5.68288707337,85.6801603816,1938.13887752,219.929868666,-0.15
576,2020,730263552,UVU,D1 Western Athletic Conference,730375936,AC,168778686,2020-02-16 13:00:00,5,1,2,0,1668752810,M. Gray,R,SL,L,1.3687565143,-1.19133561218,6.34064522138,23.7408050239,3.80570491772,B,S,-2.05941377301,5.74995054487,75.1335066932,1643.26414889,254.933491902,0.13
577,2020,730263552,UVU,D1 Western Athletic Conference,730375936,AC,168778686,2020-02-16 13:00:00,5,2,2,0,1668752810,M. Gray,R,FA,L,-2.04524118742,3.32997607932,15.3256904619,13.4551630016,5.47781693616,B,S,-2.22864277598,5.80568551373,87.0490349931,2054.27586339,221.216385184,0.13
578,2020,730263552,UVU,D1 Western Athletic Conference,730375936,AC,168778686,2020-02-16 13:00:00,5,3,2,0,1668752810,M. Gray,R,FA,L,-0.0343622626286,2.05059181911,18.6657046665,13.0448990947,5.53084665034,IP,S,-1.90546360945,5.8577179533,86.7963675256,2058.56142502,214.896986919,1.0
579,2020,730263552,UVU,D1 Western Athletic Conference,730375936,AC,168778686,2020-02-16 13:00:00,5,0,0,0,1664954467,J. Otis,R,FA,R,0.655026951451,1.72949856259,13.8657831887,12.5294349042,6.23805627236,F,K,-1.45014073151,6.18548543463,83.4518643865,1942.21983573,222.024347144,-0.15
580,2020,730263552,UVU,D1 Western Athletic Conference,730375936,AC,168778686,2020-02-16 13:00:00,5,0,1,0,1664954467,J. Otis,R,FA,R,0.367708278245,2.27875076727,11.1510516011,8.15949297706,6.1944433932,F,K,-1.51117669825,6.17394299425,82.4756506209,1856.74366732,216.100432177,-0.15
581,2020,730263552,UVU,D1 Western Athletic Conference,730375936,AC,168778686,2020-02-16 13:00:00,5,0,2,0,1664954467,J. Otis,R,CU,R,-1.29394725199,1.10981761156,5.97286278983,-3.46642002812,4.9729004507,F,K,-1.35482652724,6.66712154009,70.9765480544,2043.36742421,150.098699527,0.0
582,2020,730263552,UVU,D1 Western Athletic Conference,730375936,AC,168778686,2020-02-16 13:00:00,5,0,2,0,1664954467,J. Otis,R,FA,R,0.0558193212365,1.09074858887,19.8083282018,7.69135721296,5.85585343246,B,K,-1.19416072655,6.51879675318,90.6153680623,2089.41807641,201.189018958,0.13
583,2020,730263552,UVU,D1 Western Athletic Conference,730375936,AC,168778686,2020-02-16 13:00:00,5,1,2,0,1664954467,J. Otis,R,FA,R,0.476981552122,-0.261797262061,13.4516477294,7.27650404049,6.25874406852,B,K,-1.40936773525,6.25560495139,85.0593538068,1933.13897088,208.346872098,0.13
584,2020,730263552,UVU,D1 Western Athletic Conference,730375936,AC,168778686,2020-02-16 13:00:00,5,2,2,0,1664954467,J. Otis,R,FA,R,-0.426774041336,3.52257492178,18.733087246,13.7204558107,6.03564097086,SS,K,-1.08092116911,6.3293883072,90.486055915,2092.79377433,216.172511972,-0.15
585,2020,730263552,UVU,D1 Western Athletic Conference,730375936,AC,168778686,2020-02-16 13:00:00,5,0,0,1,1664954467,J. Otis,R,CH,L,-1.30205011452,2.46196502182,11.7330628712,18.8875850761,5.77631625144,SS,K,-1.54592174179,6.17398332635,78.7299243442,2148.70003371,238.057040459,-0.15
586,2020,730263552,UVU,D1 Western Athletic Conference,730375936,AC,168778686,2020-02-16 13:00:00,5,0,1,1,1664954467,J. Otis,R,CH,L,-1.15539065749,3.7337441332,15.3929384466,19.6781400836,5.68399666639,B,K,-1.74170006198,6.30342219888,77.6441047535,2094.11003088,231.885376333,0.13
587,2020,730263552,UVU,D1 Western Athletic Conference,730375936,AC,168778686,2020-02-16 13:00:00,5,1,1,1,1664954467,J. Otis,R,FA,L,-0.86263166808,3.4632719085,16.4294474932,10.5594967249,5.77049001689,SL,K,-1.13699730288,6.33644879926,90.2215516924,2040.93515787,212.678165974,-0.15
588,2020,730263552,UVU,D1 Western Athletic Conference,730375936,AC,168778686,2020-02-16 13:00:00,5,1,2,1,1664954467,J. Otis,R,FA,L,-0.664737963331,2.56145772234,19.0793761462,11.6643639494,5.84360037596,F,K,-1.23358497876,6.49820606174,92.1928730002,2104.58604129,211.397936693,0.0
589,2020,730263552,UVU,D1 Western Athletic Conference,730375936,AC,168778686,2020-02-16 13:00:00,5,1,2,1,1664954467,J. Otis,R,SL,L,-0.403386983814,2.14112198697,13.6561070349,21.4671076751,5.64217105954,SS,K,-1.58823551826,6.20696599307,80.1636998563,2211.07916618,237.457917196,-0.15
590,2020,730263552,UVU,D1 Western Athletic Conference,730375936,AC,168778686,2020-02-16 13:00:00,5,0,0,2,1664954467,J. Otis,R,FA,R,-0.67883233326,1.61614737984,20.64868916,14.7545529555,6.00249941059,F,S,-1.37767826176,6.37586213968,84.9617387341,1946.55966132,215.49955391,-0.15
591,2020,730263552,UVU,D1 Western Athletic Conference,730375936,AC,168778686,2020-02-16 13:00:00,5,0,1,2,1664954467,J. Otis,R,FA,R,-1.21445393049,1.90598335282,17.4265259142,12.0135892929,5.81264142374,B,S,-1.158465025,6.42673048798,90.7634839761,1950.15460229,214.532379941,0.13
592,2020,730263552,UVU,D1 Western Athletic Conference,730375936,AC,168778686,2020-02-16 13:00:00,5,1,1,2,1664954467,J. Otis,R,FA,R,1.28635817785,1.46977373736,18.1337977192,12.9347873576,5.80923817668,B,S,-0.983285530139,6.39301731495,90.2935338726,1999.62411622,215.451912137,0.13
593,2020,730263552,UVU,D1 Western Athletic Conference,730375936,AC,168778686,2020-02-16 13:00:00,5,2,1,2,1664954467,J. Otis,R,FA,R,0.89335684628,1.51609221933,8.12619094849,10.4349010674,6.27986628699,IP,S,-1.1452916624,6.18919612493,85.4591133113,1835.88982399,231.969807478,1.0
594,2020,730263552,UVU,D1 Western Athletic Conference,730375936,AC,168778686,2020-02-16 13:00:00,6,0,0,0,1664954467,J. Otis,R,FA,R,-1.00977026641,2.18842166671,15.2010574946,15.5412390597,5.96081790323,F,S,-1.09003521014,6.42368794409,86.0335254997,1916.35176381,225.567759139,-0.15
595,2020,730263552,UVU,D1 Western Athletic Conference,730375936,AC,168778686,2020-02-16 13:00:00,6,0,1,0,1664954467,J. Otis,R,CH,R,-0.388478368434,2.18978583378,5.99695903188,1.27534267293,5.48274752402,IP,S,-1.22298167195,6.45367981182,75.7702063136,2087.30263471,191.916403149,1.0
596,2020,730263552,UVU,D1 Western Athletic Conference,730375936,AC,168778686,2020-02-16 13:00:00,6,0,0,0,1664954467,J. Otis,R,FA,R,0.154473569267,0.066388382165,9.24779585065,17.5207391238,6.11204942003,B,K,-1.10273505895,6.26964637673,83.8630456758,1975.88353019,242.079335905,0.13
597,2020,730263552,UVU,D1 Western Athletic Conference,730375936,AC,168778686,2020-02-16 13:00:00,6,1,0,0,1664954467,J. Otis,R,FA,R,0.478308732614,1.86875673693,18.392724919,14.672700298,5.88203567525,SL,K,-1.18685089514,6.39072529098,87.1700743962,2071.79794759,218.528822337,-0.15
598,2020,730263552,UVU,D1 Western Athletic Conference,730375936,AC,168778686,2020-02-16 13:00:00,6,1,1,0,1664954467,J. Otis,R,FA,R,0.772940883198,1.99638189973,17.1390223177,17.896161495,5.84560511269,SL,K,-1.13407077431,6.38969846866,89.4601732988,2090.04460852,226.183389493,-0.15
599,2020,730263552,UVU,D1 Western Athletic Conference,730375936,AC,168778686,2020-02-16 13:00:00,6,1,2,0,1664954467,J. Otis,R,CH,R,0.103296243553,4.74360448613,14.4997929203,17.451902587,5.75932110173,B,K,-1.44765055102,6.31475482807,80.0067731768,2197.20572032,230.199004964,0.13
600,2020,730263552,UVU,D1 Western Athletic Conference,730375936,AC,168778686,2020-02-16 13:00:00,6,2,2,0,1664954467,J. Otis,R,FA,R,-0.838970821805,1.91574418884,10.0871042409,16.684259582,6.33842468258,SS,K,-1.38489060143,6.15779180563,86.0905507663,2034.42793509,238.755555384,-0.15
601,2020,730263552,UVU,D1 Western Athletic Conference,730375936,AC,168778686,2020-02-16 13:00:00,6,0,0,2,1664954467,J. Otis,R,FA,L,0.95381935096,2.10855267714,20.0145690777,13.7718484737,5.74828174527,IP,FC,-1.12302280267,6.43868328013,88.9732310385,2102.16473574,214.486448902,-0.21
602,2020,730263552,UVU,D1 Western Athletic Conference,730375936,AC,168778686,2020-02-16 13:00:00,7,0,0,0,1664954467,J. Otis,R,CH,L,-0.693863752881,0.80652504954,22.1800011414,13.5664931501,5.97009231994,B,IP_OUT,-1.20801509513,6.23024393916,76.7687710696,2111.75153855,211.400660215,0.13
603,2020,730263552,UVU,D1 Western Athletic Conference,730375936,AC,168778686,2020-02-16 13:00:00,7,1,0,0,1664954467,J. Otis,R,CH,L,1.48637144842,-0.579949684517,19.1216448331,17.5908268772,5.65313417448,B,IP_OUT,-1.46673901031,6.18632433896,79.2926192054,2357.64328494,222.548747413,0.13
604,2020,730263552,UVU,D1 Western Athletic Conference,730375936,AC,168778686,2020-02-16 13:00:00,7,0,0,1,1664954467,J. Otis,R,FA,R,0.482227975375,0.36247377076,10.9431400714,18.6876357006,5.94591559489,B,BB,-1.1346672915,6.23541617624,86.3634844295,2104.44147883,239.567665491,0.13
605,2020,730263552,UVU,D1 Western Athletic Conference,730375936,AC,168778686,2020-02-16 13:00:00,7,1,0,1,1664954467,J. Otis,R,CH,R,1.29518673251,1.4406153151,16.5369536528,14.5841052699,5.80143739449,B,BB,-1.42564867819,6.17316918329,80.4443746395,2231.4834536,221.339331534,0.13
606,2020,730263552,UVU,D1 Western Athletic Conference,730375936,AC,168778686,2020-02-16 13:00:00,7,2,0,1,1664954467,J. Otis,R,FA,R,0.617984356194,2.57498062011,18.3381055792,14.4429748822,5.74082482389,SL,BB,-1.23456410472,6.24064671887,90.4675262334,2125.2820187,218.174817054,-0.15
607,2020,730263552,UVU,D1 Western Athletic Conference,730375936,AC,168778686,2020-02-16 13:00:00,7,2,1,1,1664954467,J. Otis,R,FA,R,1.21210463062,0.957165340387,23.4037066601,14.1483173915,5.79851239043,B,BB,-1.10876850884,6.40053578194,90.9714080342,2172.35595514,211.119603242,0.13
608,2020,730263552,UVU,D1 Western Athletic Conference,730375936,AC,168778686,2020-02-16 13:00:00,7,3,1,1,1664954467,J. Otis,R,FA,R,0.450240646723,3.12025974976,18.8484386903,19.2605145076,5.96868462369,SL,BB,-1.2061218844,6.14930782133,89.8656687274,1979.14886048,225.569725925,-0.15
609,2020,730263552,UVU,D1 Western Athletic Conference,730375936,AC,168778686,2020-02-16 13:00:00,7,3,2,1,1664954467,J. Otis,R,FA,R,-0.995270081193,3.55576949886,21.5788870152,17.5551841851,5.67005093655,B,BB,-1.22509008176,6.38084153227,91.8205919205,2092.2873056,219.088432903,0.8
610,2020,730263552,UVU,D1 Western Athletic Conference,730375936,AC,168778686,2020-02-16 13:00:00,7,0,0,1,1664954467,J. Otis,R,CH,L,-0.707017138287,3.63527485281,15.3592104018,21.5351243913,5.66697951614,B,IP_OUT,-1.42722638768,6.02503280168,79.314911949,2107.63393444,234.428033943,0.13
611,2020,730263552,UVU,D1 Western Athletic Conference,730375936,AC,168778686,2020-02-16 13:00:00,7,1,0,2,1664954467,J. Otis,R,FA,L,-0.863938634516,3.11041296476,15.8792961943,13.7323556391,5.78710985848,SS,IP_OUT,-1.26018209752,6.15475566139,90.0491767454,1940.05517514,220.795565978,-0.15
612,2020,730263552,UVU,D1 Western Athletic Conference,730375936,AC,168778686,2020-02-16 13:00:00,7,1,1,2,1664954467,J. Otis,R,FA,L,0.0127342788641,3.61072426962,23.8150686901,13.8244637823,5.78143911355,SS,IP_OUT,-1.20737374228,6.44382589792,91.5742759011,2067.35151595,210.101974841,-0.15
613,2020,730263552,UVU,D1 Western Athletic Conference,730375936,AC,168778686,2020-02-16 13:00:00,7,1,2,2,1664954467,J. Otis,R,FA,L,0.392022025853,2.37914408854,20.802293337,15.8839384823,5.8680749677,F,IP_OUT,-0.949867857046,6.43348346297,92.445053234,2072.08682332,217.323202234,0.0
614,2020,730263552,UVU,D1 Western Athletic Conference,730375936,AC,168778686,2020-02-16 13:00:00,8,0,0,0,1664954467,J. Otis,R,FA,R,-0.167739314226,3.52702420316,15.9710993587,16.0494342459,5.76912082959,B,BB,-1.24705417468,6.23398290395,87.5589666901,1689.13481795,225.07917181,0.13
615,2020,730263552,UVU,D1 Western Athletic Conference,730375936,AC,168778686,2020-02-16 13:00:00,8,1,0,0,1664954467,J. Otis,R,FA,R,0.402546767874,0.888982396698,18.9183587468,19.0541898256,5.80462748627,B,BB,-1.2534418177,6.36024088369,89.4416899573,1878.05558882,225.155340316,0.13
616,2020,730263552,UVU,D1 Western Athletic Conference,730375936,AC,168778686,2020-02-16 13:00:00,8,2,0,0,1664954467,J. Otis,R,FA,R,-0.392870733203,2.74983429196,15.2341043499,16.0170035728,5.80823383749,SS,BB,-1.31660245848,6.13378012807,89.0960781675,2015.83041109,226.373489322,-0.15
617,2020,730263552,UVU,D1 Western Athletic Conference,730375936,AC,168778686,2020-02-16 13:00:00,8,2,1,0,1664954467,J. Otis,R,FA,R,0.707636995252,2.64454287993,20.4169218756,15.4378175156,5.848478073,F,BB,-1.47762405304,6.20943595414,90.5471931775,1967.88832921,217.051114107,-0.15
618,2020,730263552,UVU,D1 Western Athletic Conference,730375936,AC,168778686,2020-02-16 13:00:00,8,2,2,0,1664954467,J. Otis,R,FA,R,-0.149307237633,4.39362294411,17.3850737949,13.7197430803,5.6850899085,B,BB,-1.12370252424,6.23598497283,90.7787377742,2033.09230825,218.227451562,0.13
619,2020,730263552,UVU,D1 Western Athletic Conference,730375936,AC,168778686,2020-02-16 13:00:00,8,3,2,0,1664954467,J. Otis,R,FA,R,-0.954450867187,4.1152824971,14.8516811061,15.6091128855,6.00620324873,B,BB,-1.21422311219,6.12142613181,90.5933202589,2006.61880137,226.362659392,0.8
620,2020,730263552,UVU,D1 Western Athletic Conference,730375936,AC,168778686,2020-02-16 13:00:00,8,0,0,2,1664954467,J. Otis,R,CH,R,1.11205737501,0.288535044823,13.8824716021,11.450413653,5.90479797667,B,IP_OUT,-1.20286496476,6.26555767129,79.9923210146,2077.82046714,219.432614038,0.13
621,2020,730263552,UVU,D1 Western Athletic Conference,730375936,AC,168778686,2020-02-16 13:00:00,9,0,0,0,1996945337,P. Perdomo,R,SL,R,0.803310219561,1.19319607233,1.2814629338,3.63899391612,5.56391394676,B,D,-1.345124829,5.73252589198,76.1264392583,2181.99262716,249.955554478,0.13
622,2020,730263552,UVU,D1 Western Athletic Conference,730375936,AC,168778686,2020-02-16 13:00:00,9,1,0,0,1996945337,P. Perdomo,R,FA,R,0.0191213908884,2.82259952907,17.7735161227,9.97915494254,5.89688615679,IP,D,-1.24351361541,5.83920006244,88.7647321934,2021.30145227,209.266784842,1.26
623,2020,730263552,UVU,D1 Western Athletic Conference,730375936,AC,168778686,2020-02-16 13:00:00,9,0,0,0,1996945337,P. Perdomo,R,CH,R,0.506714221956,1.70204168368,2.67428971283,2.25545482086,5.52926370755,SL,S,-1.43613822258,5.69054594005,77.0965860325,2076.84270402,219.675470375,-0.15
624,2020,730263552,UVU,D1 Western Athletic Conference,730375936,AC,168778686,2020-02-16 13:00:00,9,0,1,0,1996945337,P. Perdomo,R,CH,R,0.537071154546,-0.0178675102644,2.17499984566,-4.6987785491e-14,5.35912297219,B,S,-1.31762025396,5.79597675273,76.6481058936,2175.52682414,180.0,0.13
625,2020,730263552,UVU,D1 Western Athletic Conference,730375936,AC,168778686,2020-02-16 13:00:00,9,1,1,0,1996945337,P. Perdomo,R,FA,R,1.41481409459,1.74308793795,17.5736863698,9.53668163973,6.13937886221,B,S,-1.03175643369,5.84764978249,88.2783979031,2047.39312619,208.441829642,0.13
626,2020,730263552,UVU,D1 Western Athletic Conference,730375936,AC,168778686,2020-02-16 13:00:00,9,2,1,0,1996945337,P. Perdomo,R,FA,R,1.2437989341,2.88327238451,2.4573376819,0.641597673367,5.84370764238,SL,S,-1.44807162886,5.56416174929,79.7155013966,2133.09768818,194.401428683,-0.15
627,2020,730263552,UVU,D1 Western Athletic Conference,730375936,AC,168778686,2020-02-16 13:00:00,9,2,2,0,1996945337,P. Perdomo,R,CH,R,-0.425273577637,2.0597421447,2.43308488318,0.453065210709,5.39469449374,F,S,-1.33667894472,5.72807609638,78.2512733846,2157.93971573,190.365282601,0.0
628,2020,730263552,UVU,D1 Western Athletic Conference,730375936,AC,168778686,2020-02-16 13:00:00,9,2,2,0,1996945337,P. Perdomo,R,CH,R,2.65422955228,0.612777455825,4.57303430439,-0.470421293604,5.69143429622,B,S,-1.29930414517,5.69814268472,76.7335549679,2140.22897951,174.183777627,0.13
629,2020,730263552,UVU,D1 Western Athletic Conference,730375936,AC,168778686,2020-02-16 13:00:00,9,3,2,0,1996945337,P. Perdomo,R,CH,R,-0.55316646694,2.23509721379,4.0923704709,0.0289921527763,5.63062299234,IP,S,-1.22085889249,5.71462870646,77.3708748751,2151.27481768,180.401541747,1.0
630,2020,730263552,UVU,D1 Western Athletic Conference,730375936,AC,168778686,2020-02-16 13:00:00,9,0,0,0,1996945337,P. Perdomo,R,FA,L,1.2310771691,1.63899232784,18.5904463518,10.4056625675,5.99227653874,B,FC,-1.00907477018,5.90963389849,87.4683145661,2001.86889074,209.192533056,0.13
631,2020,730263552,UVU,D1 Western Athletic Conference,730375936,AC,168778686,2020-02-16 13:00:00,9,1,0,0,1996945337,P. Perdomo,R,FA,L,-0.0944416641729,4.12176990753,20.0026983331,16.6994907708,6.06903726346,IP,FC,-1.46973778388,5.73247084465,86.5224882902,2037.9244017,219.807615009,-0.21
632,2020,730263552,UVU,D1 Western Athletic Conference,730375936,AC,168778686,2020-02-16 13:00:00,9,0,0,1,1996945337,P. Perdomo,R,FA,L,0.098293406938,3.19394731282,16.171069621,11.8958109651,5.97712464788,SL,K,-1.19854413507,5.83093442676,87.3302246146,1988.24969782,216.281472663,-0.15
633,2020,730263552,UVU,D1 Western Athletic Conference,730375936,AC,168778686,2020-02-16 13:00:00,9,0,1,1,1996945337,P. Perdomo,R,CH,L,0.898523092423,1.07177566073,15.3518449705,13.3014700184,6.05467967312,B,K,-1.24404954792,5.82014496387,80.3210249859,1524.93578708,220.832894962,0.13
634,2020,730263552,UVU,D1 Western Athletic Conference,730375936,AC,168778686,2020-02-16 13:00:00,9,1,1,1,1996945337,P. Perdomo,R,CH,L,1.25355199559,-0.245491365153,0.616842366368,0.498363857477,5.64278819744,B,K,-1.21903247873,5.75453736647,76.4621136853,2178.71409849,216.970535182,0.13
635,2020,730263552,UVU,D1 Western Athletic Conference,730375936,AC,168778686,2020-02-16 13:00:00,9,2,1,1,1996945337,P. Perdomo,R,FA,L,-0.454247989446,1.9362900179,18.5522349806,12.1689261983,6.03923266733,F,K,-1.06001965826,5.86361480204,87.7549291391,1976.30392703,213.214302486,-0.15
636,2020,730263552,UVU,D1 Western Athletic Conference,730375936,AC,168778686,2020-02-16 13:00:00,9,2,2,1,1996945337,P. Perdomo,R,CH,L,-0.406074379031,2.68091161627,1.52448113668,1.09104682424,5.43011928069,F,K,-1.25607008524,5.76913874349,76.7420828556,2123.05982537,214.799494398,0.0
637,2020,730263552,UVU,D1 Western Athletic Conference,730375936,AC,168778686,2020-02-16 13:00:00,9,2,2,1,1996945337,P. Perdomo,R,FA,L,-0.541328213446,1.51385832604,18.2896813656,10.1054922151,6.11997250157,F,K,-0.888502669184,5.86558337668,88.2693201094,2083.48539286,208.877747637,0.0
638,2020,730263552,UVU,D1 Western Athletic Conference,730375936,AC,168778686,2020-02-16 13:00:00,9,2,2,1,1996945337,P. Perdomo,R,CH,L,-0.602334289915,2.38047426776,16.6390162393,12.3924925582,6.30169909509,SS,K,-1.22578423091,5.75910500791,80.3759276904,1806.91429716,216.612157624,-0.15
639,2020,730263552,UVU,D1 Western Athletic Conference,730375936,AC,168778686,2020-02-16 13:00:00,9,0,0,2,1996945337,P. Perdomo,R,FA,R,0.761219467393,3.89417612283,21.9785536936,7.84742326601,5.91109453234,B,IP_OUT,-1.00854200454,5.8570003062,86.457432797,2222.68602865,199.619478391,0.13
640,2020,730263552,UVU,D1 Western Athletic Conference,730375936,AC,168778686,2020-02-16 13:00:00,9,1,0,2,1996945337,P. Perdomo,R,SL,R,0.896530158441,0.570010268224,0.884526060069,2.21866519969,5.60297784401,B,IP_OUT,-1.37720427539,5.57644248983,77.4334986405,2250.42624022,247.276079876,0.13
641,2020,730263552,UVU,D1 Western Athletic Conference,730375936,AC,168778686,2020-02-16 13:00:00,10,0,0,0,1996945337,P. Perdomo,R,CH,L,-2.03109227568,5.39069545277,13.5268340016,15.1398014863,5.82661788383,B,K,-1.22810384801,5.93150464915,79.4266156466,1727.53107481,228.131740372,0.13
642,2020,730263552,UVU,D1 Western Athletic Conference,730375936,AC,168778686,2020-02-16 13:00:00,10,1,0,0,1996945337,P. Perdomo,R,FA,L,3.09313789146,0.865346534371,19.4763335808,6.21986215333,6.32855662036,B,K,-1.26339787163,5.73228022013,87.949004968,2059.37545922,197.682134351,0.13
643,2020,730263552,UVU,D1 Western Athletic Conference,730375936,AC,168778686,2020-02-16 13:00:00,10,2,0,0,1996945337,P. Perdomo,R,FA,L,-0.108486981309,3.09394973798,18.5059068236,6.86196706895,6.10316528568,SL,K,-1.17187021679,5.80665872015,87.2785516167,1947.46437071,200.31015599,-0.15
644,2020,730263552,UVU,D1 Western Athletic Conference,730375936,AC,168778686,2020-02-16 13:00:00,10,2,1,0,1996945337,P. Perdomo,R,FA,L,0.784511919124,0.869626115593,19.6201251345,4.1074865808,6.19450663849,B,K,-1.11930301121,5.8717019689,88.6741245964,1979.50361848,191.80472689,0.13
645,2020,730263552,UVU,D1 Western Athletic Conference,730375936,AC,168778686,2020-02-16 13:00:00,10,3,1,0,1996945337,P. Perdomo,R,FA,L,0.696935916738,1.86316851935,17.6444950874,8.51696401616,6.14555257726,F,K,-1.12298089285,5.81817313375,87.4648760554,2001.46840423,205.723239799,-0.15
646,2020,730263552,UVU,D1 Western Athletic Conference,730375936,AC,168778686,2020-02-16 13:00:00,10,3,2,0,1996945337,P. Perdomo,R,CH,L,0.193105836477,1.54843254243,13.7990986763,16.6773343695,6.15228999919,SS,K,-1.04290116369,5.85213033074,80.8124460955,1663.09445081,230.313011383,-0.15
647,2020,730263552,UVU,D1 Western Athletic Conference,730375936,AC,168778686,2020-02-16 13:00:00,10,0,0,1,1996945337,P. Perdomo,R,SL,R,-0.518918074122,3.49428902378,3.51258123975,-3.63713824729,5.58983898263,B,S,-1.29161187399,5.65507046286,77.762096016,2144.46966543,134.359928438,0.13
648,2020,730263552,UVU,D1 Western Athletic Conference,730375936,AC,168778686,2020-02-16 13:00:00,10,1,0,1,1996945337,P. Perdomo,R,CH,R,1.50723139417,0.0213644357858,3.77586158614,2.30538950564,5.88393338547,B,S,-1.1597327468,5.76025864092,78.5282563836,2194.55012689,211.116465441,0.13
649,2020,730263552,UVU,D1 Western Athletic Conference,730375936,AC,168778686,2020-02-16 13:00:00,10,2,0,1,1996945337,P. Perdomo,R,FA,R,-0.211786211631,3.20150275924,18.1832854239,9.88922398408,6.24168249619,SL,S,-1.07957214229,5.88712913475,86.604896729,1983.31600281,208.494348995,-0.15
650,2020,730263552,UVU,D1 Western Athletic Conference,730375936,AC,168778686,2020-02-16 13:00:00,10,2,1,1,1996945337,P. Perdomo,R,FA,R,-0.215137815008,3.33568009541,18.8126087068,13.7432202579,5.95383011982,F,S,-0.767960554626,5.92965639975,87.1120791928,2080.42638898,216.099184755,-0.15
651,2020,730263552,UVU,D1 Western Athletic Conference,730375936,AC,168778686,2020-02-16 13:00:00,10,2,2,1,1996945337,P. Perdomo,R,FA,R,0.322445426444,1.34665998748,1.47550300178,1.13213787794,5.70890936587,IP,S,-1.13198883291,5.74308701044,78.354617577,2213.01736606,216.703338684,1.0
652,2020,730263552,UVU,D1 Western Athletic Conference,730375936,AC,168778686,2020-02-16 13:00:00,10,0,0,1,1604790584,D. Smith,R,FA,L,-0.360908361209,0.814386735972,12.4703537454,17.6114384307,6.58885273361,B,BB,-1.97158068664,5.65286527489,90.6864513053,1950.81447252,234.630195556,0.13
653,2020,730263552,UVU,D1 Western Athletic Conference,730375936,AC,168778686,2020-02-16 13:00:00,10,1,0,1,1604790584,D. Smith,R,FA,L,-2.31892078637,4.783507435,14.8247498198,11.0773137063,6.60948212693,B,BB,-2.36553612876,5.58226399026,87.9506024593,2018.76185852,216.706402144,0.13
654,2020,730263552,UVU,D1 Western Athletic Conference,730375936,AC,168778686,2020-02-16 13:00:00,10,2,0,1,1604790584,D. Smith,R,FA,L,0.352262416101,1.40774971289,15.57214365,11.7425050441,6.89628299306,F,BB,-1.98120117593,5.54079466875,88.304148627,2004.01020902,216.961667511,-0.15
655,2020,730263552,UVU,D1 Western Athletic Conference,730375936,AC,168778686,2020-02-16 13:00:00,10,2,1,1,1604790584,D. Smith,R,FA,L,-1.80006311237,3.93717109833,15.9223049368,13.4640451642,6.75913708109,B,BB,-2.28102772144,5.73620077597,88.515619441,2008.82060412,220.159703047,0.13
656,2020,730263552,UVU,D1 Western Athletic Conference,730375936,AC,168778686,2020-02-16 13:00:00,10,3,1,1,1604790584,D. Smith,R,FA,L,-1.07577788263,3.51841875737,16.026832042,14.54874345,6.80796586566,SS,BB,-2.1689131269,5.67733658291,88.7353483981,2038.37990465,222.174117544,-0.15
657,2020,730263552,UVU,D1 Western Athletic Conference,730375936,AC,168778686,2020-02-16 13:00:00,10,3,2,1,1604790584,D. Smith,R,FA,L,-1.47103558643,4.2417918695,13.5253404804,18.4064318727,6.83307724235,B,BB,-2.17129642963,5.69243624785,88.9182930754,2108.29239807,233.625236809,0.8
658,2020,730263552,UVU,D1 Western Athletic Conference,730375936,AC,168778686,2020-02-16 13:00:00,10,0,0,1,1604790584,D. Smith,R,SL,R,0.775511409483,2.29304929902,0.179477946144,-10.4083069852,5.91286878739,SL,K,-1.9225252791,5.67593960029,77.3507572094,2046.09888332,91.2341343143,-0.15
659,2020,730263552,UVU,D1 Western Athletic Conference,730375936,AC,168778686,2020-02-16 13:00:00,10,0,1,1,1604790584,D. Smith,R,SL,R,0.323048407668,2.82412461819,-1.33035960742,-9.17318919352,6.19481278457,SL,K,-1.59397585067,5.77334007058,79.9805196768,1976.49384066,81.9988985853,-0.15
660,2020,730263552,UVU,D1 Western Athletic Conference,730375936,AC,168778686,2020-02-16 13:00:00,10,0,2,1,1604790584,D. Smith,R,SL,R,1.13007386064,3.506730733,0.802136017497,-5.29983832517,5.81533496456,SS,K,-1.60269087023,5.82654988155,79.5255550465,1928.03524531,99.0517694804,-0.15
661,2020,730263552,UVU,D1 Western Athletic Conference,730375936,AC,168778686,2020-02-16 13:00:00,10,0,0,2,1604790584,D. Smith,R,FA,R,0.192273541819,2.70100093292,16.7470221311,11.6654889525,6.76473904421,SL,K,-1.76026852875,5.79120301532,90.769865489,2096.57678918,214.810187209,-0.15
662,2020,730263552,UVU,D1 Western Athletic Conference,730375936,AC,168778686,2020-02-16 13:00:00,10,0,1,2,1604790584,D. Smith,R,FA,R,1.09093482312,2.43620682664,14.5908036114,16.5970777498,6.78611023527,SL,K,-1.69808762585,5.69328750219,90.7820955596,2158.8772269,228.619930373,-0.15
663,2020,730263552,UVU,D1 Western Athletic Conference,730375936,AC,168778686,2020-02-16 13:00:00,10,0,2,2,1604790584,D. Smith,R,SL,R,0.838075481167,0.604331591699,-0.570654185153,-3.89471872027,6.18758909876,SS,K,-1.64620649873,5.81730893558,81.0508979239,2084.56459463,82.2406571664,-0.15
664,2020,730263552,UVU,D1 Western Athletic Conference,730375936,AC,168778686,2020-02-16 13:00:00,11,0,0,0,1604790584,D. Smith,R,FA,L,-0.0318805074873,1.38675318575,10.5160032831,12.8445255088,6.8602619143,F,S,-2.21774073772,5.67849903627,89.984395585,2043.7872197,230.609198995,-0.15
665,2020,730263552,UVU,D1 Western Athletic Conference,730375936,AC,168778686,2020-02-16 13:00:00,11,0,1,0,1604790584,D. Smith,R,SL,L,0.794337715377,1.33226948688,-0.29761925881,-1.42257891329,6.14969825702,B,S,-1.95095289411,5.73542212542,79.7622788667,1803.96333682,79.7728509801,0.13
666,2020,730263552,UVU,D1 Western Athletic Conference,730375936,AC,168778686,2020-02-16 13:00:00,11,1,1,0,1604790584,D. Smith,R,FA,L,-0.612898380187,1.88488871387,14.5049008429,14.4511550478,6.76907612768,IP,S,-2.14459469324,5.79487919022,89.8592694302,2063.24425257,224.831898149,1.0
667,2020,730263552,UVU,D1 Western Athletic Conference,730375936,AC,168778686,2020-02-16 13:00:00,11,0,0,0,1604790584,D. Smith,R,FA,L,1.47897623787,1.62849244381,8.83252470661,14.8907460154,6.85946826569,B,SH,-1.96844611809,5.64189334304,88.760345925,1990.51125592,239.234499713,0.13
668,2020,730263552,UVU,D1 Western Athletic Conference,730375936,AC,168778686,2020-02-16 13:00:00,11,1,0,0,1604790584,D. Smith,R,FA,L,-0.29420497855,0.859026874882,10.0173031779,18.1208548762,6.73022336283,B,SH,-2.18447128447,5.59866468554,89.7780650915,1949.67534438,240.989462607,0.13
669,2020,730263552,UVU,D1 Western Athletic Conference,730375936,AC,168778686,2020-02-16 13:00:00,11,2,0,0,1604790584,D. Smith,R,FA,L,0.406198763507,3.2615327399,13.8234401913,14.8909506977,6.83650588758,F,SH,-1.92114984197,5.73332198307,89.659220387,1998.39436626,227.064161208,-0.15
670,2020,730263552,UVU,D1 Western Athletic Conference,730375936,AC,168778686,2020-02-16 13:00:00,11,0,0,1,1604790584,D. Smith,R,SL,R,1.69066131556,2.29428732327,-6.26351885098,-6.07550080046,6.11594831853,B,BB,-1.60322482081,5.74493856976,79.1402999767,2047.37407196,44.3217206297,0.13
671,2020,730263552,UVU,D1 Western Athletic Conference,730375936,AC,168778686,2020-02-16 13:00:00,11,1,0,1,1604790584,D. Smith,R,FA,R,-0.691932568602,3.95961815425,11.9479050446,14.7079317029,6.63101359329,B,BB,-1.70836010693,5.78599690188,88.2845296804,1938.57516858,230.833870577,0.13
672,2020,730263552,UVU,D1 Western Athletic Conference,730375936,AC,168778686,2020-02-16 13:00:00,11,2,0,1,1604790584,D. Smith,R,FA,R,-0.0338881887184,3.96802781945,11.8360988745,16.9960172104,6.78339446007,B,BB,-1.7121160753,5.6872387202,89.5816420082,2154.23749973,235.074345881,0.13
673,2020,730263552,UVU,D1 Western Athletic Conference,730375936,AC,168778686,2020-02-16 13:00:00,11,3,0,1,1604790584,D. Smith,R,FA,R,-0.276727685693,3.98906960336,17.6357253222,9.38969135102,6.88145962542,B,BB,-1.79966644167,5.72267973835,88.0181586194,2043.09664277,207.987998798,0.8
674,2020,730263552,UVU,D1 Western Athletic Conference,730375936,AC,216822776,2020-02-15 19:00:00,1,0,0,0,1090836986,R. Carrillo,R,FA,L,-1.70422445106,2.99386894436,14.2463323175,7.79258217461,6.31828029508,B,HBP,-2.05418717126,5.2305420371,87.414933842,2093.1508835,208.621590167,0.13
675,2020,730263552,UVU,D1 Western Athletic Conference,730375936,AC,216822776,2020-02-15 19:00:00,1,1,0,0,1090836986,R. Carrillo,R,FA,L,-0.128731641078,1.04776797805,13.7987280285,9.48100954078,6.21150497369,B,HBP,-2.06244347653,5.12496194805,87.7270853625,2164.20824659,214.42767511,0.13
676,2020,730263552,UVU,D1 Western Athletic Conference,730375936,AC,216822776,2020-02-15 19:00:00,1,2,0,0,1090836986,R. Carrillo,R,FA,L,0.116722205996,2.99978994006,17.1815364483,9.19614087237,6.46059178864,F,HBP,-2.05214387188,5.16055135528,88.2847581885,2311.3547701,208.111646776,-0.15
677,2020,730263552,UVU,D1 Western Athletic Conference,730375936,AC,216822776,2020-02-15 19:00:00,1,2,1,0,1090836986,R. Carrillo,R,FA,L,0.340512328907,1.82540308332,14.9527036033,6.16538898689,6.49875128338,SS,HBP,-1.98296287496,5.25989139169,88.1424323457,2099.70116655,202.363585574,-0.15
678,2020,730263552,UVU,D1 Western Athletic Conference,730375936,AC,216822776,2020-02-15 19:00:00,1,2,2,0,1090836986,R. Carrillo,R,CH,L,1.85697500647,-1.10905385264,13.1637032952,8.49484783077,6.44376888352,HBP,HBP,-2.29773204397,4.86151877258,82.2629883031,1584.30292407,212.76047547,0.8
679,2020,730263552,UVU,D1 Western Athletic Conference,730375936,AC,216822776,2020-02-15 19:00:00,1,0,0,0,1090836986,R. Carrillo,R,FA,L,-0.631030094954,1.36394633782,15.1070831747,7.55153950108,6.4475893164,SL,S,-2.06001561617,5.39210336128,88.0199179601,2225.23054665,206.508974824,-0.15
680,2020,730263552,UVU,D1 Western Athletic Conference,730375936,AC,216822776,2020-02-15 19:00:00,1,0,1,0,1090836986,R. Carrillo,R,FA,L,-0.857161375429,0.217958198395,19.5188575346,8.43103778434,6.27689609575,B,S,-2.00735059268,5.23080464943,87.8575901762,2216.38307637,203.325453305,0.13
681,2020,730263552,UVU,D1 Western Athletic Conference,730375936,AC,216822776,2020-02-15 19:00:00,1,1,1,0,1090836986,R. Carrillo,R,FA,L,-1.33345473008,0.788773742625,7.84883511017,16.3538074162,6.2036225336,IP,S,-2.18144962911,4.87105032585,80.2446735433,1648.55761962,244.247600383,1.0
682,2020,730263552,UVU,D1 Western Athletic Conference,730375936,AC,216822776,2020-02-15 19:00:00,1,0,0,0,1090836986,R. Carrillo,R,FA,R,0.406627981474,1.33259372885,16.8185352399,5.82417570764,6.28750182814,SL,BB,-1.76378635906,5.31729641801,87.9854068742,2001.83790894,199.065018554,-0.15
683,2020,730263552,UVU,D1 Western Athletic Conference,730375936,AC,216822776,2020-02-15 19:00:00,1,0,1,0,1090836986,R. Carrillo,R,CU,R,1.96307908311,1.11344509362,-3.51478545354,1.37427968906,6.23467425119,B,BB,-1.91298662035,4.84696096256,74.7570822658,1921.63890229,338.384116166,0.13
684,2020,730263552,UVU,D1 Western Athletic Conference,730375936,AC,216822776,2020-02-15 19:00:00,1,1,1,0,1090836986,R. Carrillo,R,FA,R,1.7053893095,1.19089811686,14.2665601048,9.31694444762,6.54323970394,B,BB,-1.90273203156,5.14521960248,87.2155566037,1981.51160675,213.084929882,0.13
685,2020,730263552,UVU,D1 Western Athletic Conference,730375936,AC,216822776,2020-02-15 19:00:00,1,2,1,0,1090836986,R. Carrillo,R,FA,R,1.67655483936,1.22691992314,13.3605473752,10.0262734566,6.36914787027,B,BB,-1.79784542023,5.21333236371,88.1959407898,1813.78292299,216.81732997,0.13
686,2020,730263552,UVU,D1 Western Athletic Conference,730375936,AC,216822776,2020-02-15 19:00:00,1,3,1,0,1090836986,R. Carrillo,R,FA,R,1.24288453321,1.42616831884,15.4555724553,11.3721971191,6.68004083617,B,BB,-1.92754465925,5.16395462479,88.2246657622,2150.15279405,216.287812258,0.8
687,2020,730263552,UVU,D1 Western Athletic Conference,730375936,AC,216822776,2020-02-15 19:00:00,1,0,0,0,1090836986,R. Carrillo,R,FA,R,2.41330811202,1.69952110637,14.6396922804,6.25375728034,6.71648272817,B,K,-1.41192360421,5.25072617551,88.1682017319,2134.24081516,203.084907942,0.13
688,2020,730263552,UVU,D1 Western Athletic Conference,730375936,AC,216822776,2020-02-15 19:00:00,1,1,0,0,1090836986,R. Carrillo,R,FA,R,0.901249299922,2.58671595375,14.274287837,9.916874535,6.55231078023,SL,K,-1.95846565578,5.2067338791,89.2016529097,2029.69507905,214.72866753,-0.15
689,2020,730263552,UVU,D1 Western Athletic Conference,730375936,AC,216822776,2020-02-15 19:00:00,1,1,1,0,1090836986,R. Carrillo,R,FA,R,1.44766795265,-0.0309928016783,15.6315384932,12.8225896456,6.41924786298,B,K,-1.86817371039,5.23224945982,88.3610068726,2101.67562779,219.302645142,0.13
690,2020,730263552,UVU,D1 Western Athletic Conference,730375936,AC,216822776,2020-02-15 19:00:00,1,2,1,0,1090836986,R. Carrillo,R,FA,R,1.67700710413,2.58889032263,15.7774921284,8.63888373542,6.47721604878,B,K,-1.74251444896,5.38845000897,88.0021653242,2074.32638608,208.651683499,0.13
691,2020,730263552,UVU,D1 Western Athletic Conference,730375936,AC,216822776,2020-02-15 19:00:00,1,3,1,0,1090836986,R. Carrillo,R,FA,R,0.656642953499,1.34736463228,16.2786323852,7.30854992209,6.57046048154,SL,K,-1.78765672224,5.22116039796,87.8384183309,2032.49478045,204.134878186,-0.15
692,2020,730263552,UVU,D1 Western Athletic Conference,730375936,AC,216822776,2020-02-15 19:00:00,1,3,2,0,1090836986,R. Carrillo,R,FA,R,0.120230008568,2.72729900815,14.3583997546,6.60627281574,6.59024129619,SS,K,-1.77813028041,5.41100532106,87.599051319,2149.4035411,204.657172556,-0.15
693,2020,730263552,UVU,D1 Western Athletic Conference,730375936,AC,216822776,2020-02-15 19:00:00,1,0,0,1,1090836986,R. Carrillo,R,CU,R,1.58545338004,3.83247696332,-3.99944296327,-0.820360336768,6.15356737109,B,BB,-2.02675263197,4.97803915904,73.9926876097,2035.55788998,11.7277891939,0.13
694,2020,730263552,UVU,D1 Western Athletic Conference,730375936,AC,216822776,2020-02-15 19:00:00,1,1,0,1,1090836986,R. Carrillo,R,FA,R,0.84587344637,1.81896589758,15.2498627896,8.08278145848,6.55663825209,SS,BB,-1.8604525394,5.31791767356,86.7542507475,2070.67928524,207.87166433,-0.15
695,2020,730263552,UVU,D1 Western Athletic Conference,730375936,AC,216822776,2020-02-15 19:00:00,1,1,1,1,1090836986,R. Carrillo,R,FA,R,0.678706034843,0.684543704487,16.3827132107,6.71589873236,6.63474175679,B,BB,-1.72889842841,5.2126116478,87.4753544725,2073.59360087,202.249580794,0.13
696,2020,730263552,UVU,D1 Western Athletic Conference,730375936,AC,216822776,2020-02-15 19:00:00,1,2,1,1,1090836986,R. Carrillo,R,FA,R,1.61921162789,1.37444811956,12.9454641334,8.95159650352,6.59233220287,B,BB,-1.91326178368,5.2914557636,88.0064706938,2027.49217296,214.594725559,0.13
697,2020,730263552,UVU,D1 Western Athletic Conference,730375936,AC,216822776,2020-02-15 19:00:00,1,3,1,1,1090836986,R. Carrillo,R,FA,R,1.67350514642,1.19511315944,15.8814545352,10.8251064726,6.62883055404,B,BB,-1.97060062713,5.16134777503,88.2841042876,2128.14453457,214.224175516,0.8
698,2020,730263552,UVU,D1 Western Athletic Conference,730375936,AC,216822776,2020-02-15 19:00:00,1,0,0,1,1090836986,R. Carrillo,R,FA,L,1.00641450469,1.83213272289,14.0778645502,6.27631080698,6.660946551,SL,HBP,-2.31995598275,5.30271721566,88.7052622309,2101.72889632,203.980035211,-0.15
699,2020,730263552,UVU,D1 Western Athletic Conference,730375936,AC,216822776,2020-02-15 19:00:00,1,0,1,1,1090836986,R. Carrillo,R,FA,L,-0.60156002934,1.8983367954,14.2440712384,8.16744056172,6.38037695147,F,HBP,-2.52778246364,5.29116104905,88.6930466143,2163.20484102,209.772969374,-0.15
700,2020,730263552,UVU,D1 Western Athletic Conference,730375936,AC,216822776,2020-02-15 19:00:00,1,0,2,1,1090836986,R. Carrillo,R,CU,L,-0.461279457177,2.86334053367,-1.65444769027,0.167566361697,6.08722040759,F,HBP,-2.65394376221,4.97505240168,76.4366139581,2117.02477058,354.058239524,0.0
701,2020,730263552,UVU,D1 Western Athletic Conference,730375936,AC,216822776,2020-02-15 19:00:00,1,0,2,1,1090836986,R. Carrillo,R,FA,L,1.36337469643,3.10817340592,15.0410634686,7.70241788916,6.67224943602,HBP,HBP,-2.28702272983,5.28439760415,88.4865529026,2038.76201375,207.066198813,0.8
702,2020,730263552,UVU,D1 Western Athletic Conference,730375936,AC,216822776,2020-02-15 19:00:00,1,0,0,1,1245437440,N. Sims,R,SL,R,1.80713826138,1.74730660794,-0.675556122553,1.4697825988,5.34690857583,B,SF,-2.45777681348,4.95161578299,78.7243463401,1976.99412096,293.287514325,0.13
703,2020,730263552,UVU,D1 Western Athletic Conference,730375936,AC,216822776,2020-02-15 19:00:00,1,1,0,1,1245437440,N. Sims,R,FA,R,1.56361716819,2.07331712024,13.9686957195,19.307684202,5.26879167094,B,SF,-2.23293779869,5.23267446558,87.7490464676,2072.00252028,234.047799458,0.13
704,2020,730263552,UVU,D1 Western Athletic Conference,730375936,AC,216822776,2020-02-15 19:00:00,1,2,0,1,1245437440,N. Sims,R,FA,R,0.547869163213,2.20055048649,14.6996397674,18.4493477051,5.4458829572,F,SF,-2.39744481182,5.10770692605,87.1166852922,2016.19835548,231.387787094,-0.15
705,2020,730263552,UVU,D1 Western Athletic Conference,730375936,AC,216822776,2020-02-15 19:00:00,1,2,1,1,1245437440,N. Sims,R,FA,R,1.40009549578,1.37346814893,9.13833768517,15.6059285875,5.5068249046,B,SF,-2.46022220717,5.11825467992,88.4178970487,2124.11336671,239.555353539,0.13
706,2020,730263552,UVU,D1 Western Athletic Conference,730375936,AC,216822776,2020-02-15 19:00:00,1,3,1,1,1245437440,N. Sims,R,FA,R,0.615444051682,2.27154741376,9.55074952092,16.059504589,5.34357873965,F,SF,-2.56720574957,5.09044544581,87.3352418049,2103.77542522,239.16719519,-0.15
707,2020,730263552,UVU,D1 Western Athletic Conference,730375936,AC,216822776,2020-02-15 19:00:00,1,0,0,2,1245437440,N. Sims,R,FA,R,0.971071337203,1.77665598483,15.6324891427,16.7802735019,5.3137628052,SL,IP_OUT,-2.55389615222,5.17282183446,88.1334188776,2396.93362316,226.964159862,-0.15
708,2020,730263552,UVU,D1 Western Athletic Conference,730375936,AC,216822776,2020-02-15 19:00:00,2,0,0,0,1245437440,N. Sims,R,CH,L,0.584453396714,1.57122875005,6.06140705588,10.1432420889,5.9179460677,SL,K,-2.25394537335,4.8540031399,82.839393114,1384.09681064,238.978797704,-0.15
709,2020,730263552,UVU,D1 Western Athletic Conference,730375936,AC,216822776,2020-02-15 19:00:00,2,0,1,0,1245437440,N. Sims,R,CH,L,-1.17477088218,2.23669183449,7.11029748607,14.0045614213,5.70540389588,SL,K,-2.35965040764,4.89927626173,83.1924697049,1447.61848992,242.957856501,-0.15
710,2020,730263552,UVU,D1 Western Athletic Conference,730375936,AC,216822776,2020-02-15 19:00:00,2,0,2,0,1245437440,N. Sims,R,FA,L,-0.287984694156,2.12841363984,13.876786967,17.9412681877,5.32042663617,F,K,-1.97800017045,5.14178016087,88.4661512201,2261.3764941,232.211219487,0.0
711,2020,730263552,UVU,D1 Western Athletic Conference,730375936,AC,216822776,2020-02-15 19:00:00,2,0,2,0,1245437440,N. Sims,R,FA,L,-0.375861157266,0.936864913334,8.14596119387,11.6277711067,5.95712725419,B,K,-2.41629528367,4.69521523481,84.7557369412,1518.84094276,234.866981537,0.13
712,2020,730263552,UVU,D1 Western Athletic Conference,730375936,AC,216822776,2020-02-15 19:00:00,2,1,2,0,1245437440,N. Sims,R,CH,L,-1.50365288937,1.35876130975,2.28163767804,-7.212078703269999e-14,5.26156575628,B,K,-2.32831936744,4.71474915067,80.0068557165,2229.91333872,180.0,0.13
713,2020,730263552,UVU,D1 Western Athletic Conference,730375936,AC,216822776,2020-02-15 19:00:00,2,2,2,0,1245437440,N. Sims,R,FA,L,1.79753126972,1.18599029749,13.8350400777,16.5049839624,5.46341111847,B,K,-2.07298293726,5.14439385839,87.6062401876,2073.60077366,229.95774878,0.13
714,2020,730263552,UVU,D1 Western Athletic Conference,730375936,AC,216822776,2020-02-15 19:00:00,2,3,2,0,1245437440,N. Sims,R,SL,L,0.106527176556,0.954713586115,0.518266086306,4.73870919466,5.17603754702,SS,K,-2.42248660378,4.67710428368,78.2541900224,2154.14215295,263.220048263,-0.15
715,2020,730263552,UVU,D1 Western Athletic Conference,730375936,AC,216822776,2020-02-15 19:00:00,2,0,0,1,1245437440,N. Sims,R,SL,L,-1.11682854061,1.28077397485,-0.276596796405,-0.360486203033,5.1546317307,B,K,-2.34984706689,4.83441716243,80.0716874916,2302.94308455,57.0400144652,0.13
716,2020,730263552,UVU,D1 Western Athletic Conference,730375936,AC,216822776,2020-02-15 19:00:00,2,1,0,1,1245437440,N. Sims,R,FA,L,-0.470703683436,1.21580639897,15.2785659982,15.8316152099,5.45405529407,SL,K,-1.93079044857,5.14572007377,88.3613932807,2294.21950307,225.954262047,-0.15
717,2020,730263552,UVU,D1 Western Athletic Conference,730375936,AC,216822776,2020-02-15 19:00:00,2,1,1,1,1245437440,N. Sims,R,CU,L,-0.369140952614,0.703529999901,-3.40858696798,-3.00048983173,4.99874579292,SS,K,-2.37017059057,4.88902775466,77.0725030219,2100.01302943,41.7474093718,-0.15
718,2020,730263552,UVU,D1 Western Athletic Conference,730375936,AC,216822776,2020-02-15 19:00:00,2,1,2,1,1245437440,N. Sims,R,SL,L,-2.16351665955,1.4210624071,-1.68002455856,-3.04556398446,4.86435343391,B,K,-2.50866298717,4.88912585702,79.3085968138,2208.73596938,61.7538875318,0.13
719,2020,730263552,UVU,D1 Western Athletic Conference,730375936,AC,216822776,2020-02-15 19:00:00,2,2,2,1,1245437440,N. Sims,R,FA,L,0.263114279065,1.95071377416,12.8276243682,19.3373458188,5.41889409453,SL,K,-1.91527186908,5.0916688231,87.7179422743,2264.95134019,236.370127668,-0.15
720,2020,730263552,UVU,D1 Western Athletic Conference,730375936,AC,216822776,2020-02-15 19:00:00,2,0,0,2,1245437440,N. Sims,R,FA,L,-0.116970905,2.36577561919,14.3513118646,18.4019824916,5.45014857238,F,K,-2.13203613517,5.19744802954,88.1396736738,2298.48250067,231.983314602,-0.15
721,2020,730263552,UVU,D1 Western Athletic Conference,730375936,AC,216822776,2020-02-15 19:00:00,2,0,1,2,1245437440,N. Sims,R,CH,L,-1.64528127603,2.11734104036,6.94585782367,9.90750130102,5.70704844131,B,K,-2.25091855152,4.87456193139,82.9751324641,1417.43842444,234.818483042,0.13
722,2020,730263552,UVU,D1 Western Athletic Conference,730375936,AC,216822776,2020-02-15 19:00:00,2,1,1,2,1245437440,N. Sims,R,FA,L,-1.40119741684,2.09103999074,11.1125908487,18.7067744272,5.38531845232,F,K,-2.11924632654,5.03409605783,87.4262577138,2047.82617319,239.208864686,-0.15
723,2020,730263552,UVU,D1 Western Athletic Conference,730375936,AC,216822776,2020-02-15 19:00:00,2,1,2,2,1245437440,N. Sims,R,CH,L,-0.353001704788,-0.28915904122,1.5947200083,2.59685189526,5.19486688151,B,K,-2.44917632268,4.85483631786,79.1821114196,2201.71972948,237.749503637,0.13
724,2020,730263552,UVU,D1 Western Athletic Conference,730375936,AC,216822776,2020-02-15 19:00:00,2,2,2,2,1245437440,N. Sims,R,CH,L,-1.52500050145,2.3545264337,3.19565192848,0.861267764849,5.12191102031,B,K,-2.35568621877,4.82936480583,78.8780735103,2046.7559254,194.889758235,0.13
725,2020,730263552,UVU,D1 Western Athletic Conference,730375936,AC,216822776,2020-02-15 19:00:00,2,3,2,2,1245437440,N. Sims,R,FA,L,0.346707754834,1.91972983446,13.3841325274,18.3486782598,5.43587669771,F,K,-2.21468089584,5.03838025139,87.3473283357,2106.88599172,233.819889376,0.0
726,2020,730263552,UVU,D1 Western Athletic Conference,730375936,AC,216822776,2020-02-15 19:00:00,2,3,2,2,1245437440,N. Sims,R,SL,L,-1.17857584233,2.40134870966,1.84425083494,-1.50306476154,5.1877379942,SL,K,-2.42819819462,4.70495824843,78.3468596434,2247.89930366,141.482901134,-0.15
727,2020,730263552,UVU,D1 Western Athletic Conference,730375936,AC,216822776,2020-02-15 19:00:00,3,0,0,0,1245437440,N. Sims,R,CH,R,-0.710148746601,2.54090495487,7.96443090258,-0.192104679761,4.98526629279,SL,IP_OUT,-2.12487261225,5.05310902894,77.4790481434,1983.33020243,178.62601864,-0.15
728,2020,730263552,UVU,D1 Western Athletic Conference,730375936,AC,216822776,2020-02-15 19:00:00,3,0,1,0,1245437440,N. Sims,R,CH,R,-0.545083456623,1.79371100179,3.86550295566,2.21903496429,5.07161287363,F,IP_OUT,-2.28331344413,5.0112602731,77.4769300865,2186.56342867,209.568733216,-0.15
729,2020,730263552,UVU,D1 Western Athletic Conference,730375936,AC,216822776,2020-02-15 19:00:00,3,0,0,1,1245437440,N. Sims,R,CH,R,3.90974052643,0.385179554699,3.07828439765,1.76605203823,5.2982233722,B,K,-2.01561433395,5.02950279754,78.5534379081,2121.89083778,209.488593489,0.13
730,2020,730263552,UVU,D1 Western Athletic Conference,730375936,AC,216822776,2020-02-15 19:00:00,3,1,0,1,1245437440,N. Sims,R,CH,R,-0.191211431059,1.65590117275,2.09680402963,2.4183766804,5.09698449319,F,K,-2.1905538079,4.93585901169,77.903215419,2098.91899953,228.471276445,-0.15
731,2020,730263552,UVU,D1 Western Athletic Conference,730375936,AC,216822776,2020-02-15 19:00:00,3,1,1,1,1245437440,N. Sims,R,FA,R,0.510867941399,3.23353999009,11.0482199858,19.4519136795,5.33784189917,F,K,-2.09610884396,5.12202335072,86.4408146348,2320.77170573,240.324726495,-0.15
732,2020,730263552,UVU,D1 Western Athletic Conference,730375936,AC,216822776,2020-02-15 19:00:00,3,1,2,1,1245437440,N. Sims,R,SL,R,0.31122185477,1.32039035873,0.882882013641,-3.48977230531,5.0889610009,SS,K,-1.98105509575,5.07923200557,77.4155569875,2087.00717364,104.890231093,-0.15
733,2020,730263552,UVU,D1 Western Athletic Conference,730375936,AC,216822776,2020-02-15 19:00:00,3,0,0,2,1245437440,N. Sims,R,SL,R,1.37416843274,1.05803784566,0.261451148154,-3.20299809606,5.11609929223,B,BB,-1.97258118612,4.93344812031,77.5218169108,2072.1482564,95.456953208,0.13
734,2020,730263552,UVU,D1 Western Athletic Conference,730375936,AC,216822776,2020-02-15 19:00:00,3,1,0,2,1245437440,N. Sims,R,FA,R,0.539804573158,2.52517974094,14.1895317893,18.9473647595,5.28933516897,F,BB,-1.93911012675,5.21173831614,87.0914356591,2065.15349652,233.102869164,-0.15
735,2020,730263552,UVU,D1 Western Athletic Conference,730375936,AC,216822776,2020-02-15 19:00:00,3,1,1,2,1245437440,N. Sims,R,FA,R,-0.406275969182,2.36306981974,13.3874860653,19.1352636134,5.37636302223,F,BB,-1.90785685561,5.16465641564,86.6308046268,2329.65044592,234.950067827,-0.15
736,2020,730263552,UVU,D1 Western Athletic Conference,730375936,AC,216822776,2020-02-15 19:00:00,3,1,2,2,1245437440,N. Sims,R,SL,R,-0.326884321051,0.20570508497,0.282498297294,4.94525048569,5.44445566421,B,BB,-2.14684796095,4.96670340936,78.4142371034,2125.0677309,266.221411,0.13
737,2020,730263552,UVU,D1 Western Athletic Conference,730375936,AC,216822776,2020-02-15 19:00:00,3,2,2,2,1245437440,N. Sims,R,SL,R,2.67758559043,0.161844828741,0.404816456658,-1.43093384971,5.15999640915,B,BB,-2.16290179271,4.88730434418,77.613079589,2037.71531708,107.449475621,0.13
738,2020,730263552,UVU,D1 Western Athletic Conference,730375936,AC,216822776,2020-02-15 19:00:00,3,3,2,2,1245437440,N. Sims,R,CH,R,1.19296539538,-0.254647887243,6.31252000316,1.37957496154,5.3153191179,B,BB,-2.387446063,4.91142396202,77.3093204031,2213.18245294,192.24110702,0.8
739,2020,730263552,UVU,D1 Western Athletic Conference,730375936,AC,216822776,2020-02-15 19:00:00,3,0,0,2,1245437440,N. Sims,R,FA,L,0.777474902143,2.3168647238,13.9018240402,21.1751114826,5.27312768837,SL,S,-2.59892151552,5.09313680838,84.1373707266,1975.86223072,236.641419901,-0.15
740,2020,730263552,UVU,D1 Western Athletic Conference,730375936,AC,216822776,2020-02-15 19:00:00,3,0,1,2,1245437440,N. Sims,R,CH,L,0.551312258914,0.336302904304,2.01692952082,14.291073501,5.7133559014,B,S,-2.78975263501,4.84148137778,80.5917442604,1364.52560416,261.805249808,0.13
741,2020,730263552,UVU,D1 Western Athletic Conference,730375936,AC,216822776,2020-02-15 19:00:00,3,1,1,2,1245437440,N. Sims,R,FA,L,-0.140443650544,1.9804074553,12.7296340128,18.6727116081,5.39448658274,IP,S,-2.51900510512,5.04843399897,85.5869848407,2094.34460859,235.639659901,1.0
742,2020,730263552,UVU,D1 Western Athletic Conference,730375936,AC,216822776,2020-02-15 19:00:00,3,0,0,2,1245437440,N. Sims,R,FA,R,0.928265096318,1.80406853061,13.979677144,19.4297351072,5.28298123158,SL,S,-2.37142372267,5.26121461846,85.4526784026,2191.92629603,234.192809158,-0.15
743,2020,730263552,UVU,D1 Western Athletic Conference,730375936,AC,216822776,2020-02-15 19:00:00,3,0,1,2,1245437440,N. Sims,R,FA,R,0.417551859675,1.88750536834,11.4012722379,18.7941929111,5.42178323518,IP,S,-2.37944064399,5.1607950717,85.5449238214,2209.25222613,238.675219397,1.0
744,2020,730263552,UVU,D1 Western Athletic Conference,730375936,AC,216822776,2020-02-15 19:00:00,3,0,0,2,1245437440,N. Sims,R,SL,R,0.693820175103,1.69203865015,4.06257670862,1.92599959601,5.1023343855,SS,K,-2.50096855079,4.83627846963,77.6331625391,2170.78541343,205.117464948,-0.15
745,2020,730263552,UVU,D1 Western Athletic Conference,730375936,AC,216822776,2020-02-15 19:00:00,3,0,1,2,1245437440,N. Sims,R,SL,R,1.55008686613,0.932926465961,0.603807460735,0.830514160689,5.22379593176,B,K,-2.67245304246,4.87454222634,77.8036503448,2277.97267148,231.974979582,0.13
746,2020,730263552,UVU,D1 Western Athletic Conference,730375936,AC,216822776,2020-02-15 19:00:00,3,1,1,2,1245437440,N. Sims,R,FA,R,1.08113151979,1.59698218407,11.3188108951,19.5643621276,5.59227618886,SL,K,-2.61779271684,4.9569052598,85.4996467846,2121.1671827,239.868158128,-0.15
747,2020,730263552,UVU,D1 Western Athletic Conference,730375936,AC,216822776,2020-02-15 19:00:00,3,1,2,2,1245437440,N. Sims,R,FA,R,2.15907898569,1.52383806483,10.2953343075,18.1706836314,5.44531765624,B,K,-2.15218673166,5.23758659028,86.4505982718,2150.62033868,240.378611369,0.13
748,2020,730263552,UVU,D1 Western Athletic Conference,730375936,AC,216822776,2020-02-15 19:00:00,3,2,2,2,1245437440,N. Sims,R,CH,R,-0.153469771239,2.24604242292,4.152911278,1.87165159102,5.25651967276,SS,K,-2.48288970009,4.84252892774,77.9072598349,2165.03460023,204.028906132,-0.15
749,2020,730263552,UVU,D1 Western Athletic Conference,730375936,AC,216822776,2020-02-15 19:00:00,4,0,0,0,1245437440,N. Sims,R,FA,L,-0.945270071711,3.12068044745,12.5937505567,18.4232200407,5.37478398986,SS,IP_OUT,-2.17186623845,5.05002180454,84.3766342638,1930.32571803,235.564794257,-0.15
750,2020,730263552,UVU,D1 Western Athletic Conference,730375936,AC,216822776,2020-02-15 19:00:00,4,0,0,1,1245437440,N. Sims,R,SL,L,-0.260770558419,1.38926005712,2.95542167891,11.9712517121,5.82528091617,SS,S,-2.26977686893,4.85754775495,81.8292512685,1339.25814302,255.955698433,-0.15
751,2020,730263552,UVU,D1 Western Athletic Conference,730375936,AC,216822776,2020-02-15 19:00:00,4,0,1,1,1245437440,N. Sims,R,CH,L,-1.35708403608,0.820727904984,3.45797155017,-1.49572959178,5.10682700304,B,S,-2.19470112654,4.87089690797,76.7193966156,2057.71429754,156.886441975,0.13
752,2020,730263552,UVU,D1 Western Athletic Conference,730375936,AC,216822776,2020-02-15 19:00:00,4,1,1,1,1245437440,N. Sims,R,FA,L,0.471317403786,2.83839635046,12.3431851857,17.8715853051,5.37820746955,SL,S,-2.27460857235,5.03776646608,85.5418209585,2043.52498578,235.28953601,-0.15
753,2020,730263552,UVU,D1 Western Athletic Conference,730375936,AC,216822776,2020-02-15 19:00:00,4,1,2,1,1245437440,N. Sims,R,FA,L,-0.691063944127,2.42762200521,13.3352164454,18.1945644208,5.38283322471,F,S,-1.99278023334,5.15395203236,85.0127579775,2014.33006729,233.685742621,0.0
754,2020,730263552,UVU,D1 Western Athletic Conference,730375936,AC,216822776,2020-02-15 19:00:00,4,1,2,1,1245437440,N. Sims,R,SL,L,-0.531859779377,2.0627236041,7.64155332025,13.0971037825,5.75134892621,IP,S,-2.47795028564,4.83757802926,81.6315164219,1362.16344863,239.608721944,1.0
755,2020,730263552,UVU,D1 Western Athletic Conference,730375936,AC,216822776,2020-02-15 19:00:00,4,0,0,1,1245437440,N. Sims,R,FA,L,0.724262019317,1.07909298833,6.07633874482,19.2060699139,5.30826321766,IP,D,-2.51261608016,5.07116486269,85.465002252,2064.42967262,252.344334049,1.26
756,2020,730263552,UVU,D1 Western Athletic Conference,730375936,AC,216822776,2020-02-15 19:00:00,4,0,0,1,1245437440,N. Sims,R,CH,R,0.113099261752,1.20166687601,2.37014635083,2.39969968739,5.09037897358,SS,IP_OUT,-2.70596001016,4.87776447277,76.54947383,1993.30705955,224.794976387,-0.15
757,2020,730263552,UVU,D1 Western Athletic Conference,730375936,AC,216822776,2020-02-15 19:00:00,4,0,0,2,1245437440,N. Sims,R,SL,R,0.784243541622,1.53623246504,1.42100773143,2.55812591893,5.25189592616,F,BB,-2.74136139593,4.79745197517,76.5493141619,2073.12761133,240.153845163,-0.15
758,2020,730263552,UVU,D1 Western Athletic Conference,730375936,AC,216822776,2020-02-15 19:00:00,4,0,1,2,1245437440,N. Sims,R,FA,R,-0.222126092997,3.47923807617,10.4338194891,20.2768458386,5.33713297931,F,BB,-2.56904036207,5.03693605232,85.2176788567,1993.22978787,242.688615439,-0.15
759,2020,730263552,UVU,D1 Western Athletic Conference,730375936,AC,216822776,2020-02-15 19:00:00,4,0,2,2,1245437440,N. Sims,R,FA,R,1.43192099952,1.16923923477,9.9666047955,18.2835322949,5.44114122309,B,BB,-2.24841023888,5.09981666084,84.6228094296,2006.63502765,241.314069274,0.13
760,2020,730263552,UVU,D1 Western Athletic Conference,730375936,AC,216822776,2020-02-15 19:00:00,4,1,2,2,1245437440,N. Sims,R,CH,R,-0.0700226892789,0.94415300318,3.05690429895,1.99019106914,5.28894607333,B,BB,-2.65956216891,4.85204225318,76.3076880447,2089.13064254,212.673032409,0.13
761,2020,730263552,UVU,D1 Western Athletic Conference,730375936,AC,216822776,2020-02-15 19:00:00,4,2,2,2,1245437440,N. Sims,R,FA,R,1.19118662412,2.42457932105,12.7358738714,17.8892746927,5.35312247629,F,BB,-2.35353740492,5.07698004898,85.064406578,2242.66431429,234.473034964,0.0
762,2020,730263552,UVU,D1 Western Athletic Conference,730375936,AC,216822776,2020-02-15 19:00:00,4,2,2,2,1245437440,N. Sims,R,FA,R,-1.37300532484,2.4269696187,13.7968101497,16.5998488815,5.43084072888,B,BB,-2.53618647895,5.06615034856,85.0801658651,2094.19509583,230.192811202,0.13
763,2020,730263552,UVU,D1 Western Athletic Conference,730375936,AC,216822776,2020-02-15 19:00:00,4,3,2,2,1245437440,N. Sims,R,CH,R,0.359138707358,1.98744727702,5.49847847804,3.05124215554,5.30183952415,F,BB,-2.59228159545,4.95859747805,76.9297920576,2087.22585167,208.824689337,0.0
764,2020,730263552,UVU,D1 Western Athletic Conference,730375936,AC,216822776,2020-02-15 19:00:00,4,3,2,2,1245437440,N. Sims,R,FA,R,0.00938586738194,3.3105342464,12.964217948,19.4156212762,5.62548982883,F,BB,-2.60941495743,4.90664063853,85.6676048115,2145.04452695,236.194038656,0.0
765,2020,730263552,UVU,D1 Western Athletic Conference,730375936,AC,216822776,2020-02-15 19:00:00,4,3,2,2,1245437440,N. Sims,R,CH,R,0.129170175493,0.42578882645,3.75126966419,3.74026898459,5.32612010477,B,BB,-2.91854286358,4.77470552295,77.2016475931,2059.4383324,224.564509441,0.8
766,2020,730263552,UVU,D1 Western Athletic Conference,730375936,AC,216822776,2020-02-15 19:00:00,4,0,0,2,1245437440,N. Sims,R,FA,R,-0.0299962685653,1.66621188667,9.47022728725,17.1739011045,5.37388475693,F,HR,-2.46755561587,5.06115634765,84.7285357666,2125.9349749,241.030856436,-0.15
767,2020,730263552,UVU,D1 Western Athletic Conference,730375936,AC,216822776,2020-02-15 19:00:00,4,0,1,2,1245437440,N. Sims,R,CH,R,-0.313553010618,2.07295724233,2.93785529659,4.24769112501,5.33522814243,IP,HR,-2.59252977189,4.74282410326,77.4164733648,2092.00219718,234.91311651,1.76
768,2020,730263552,UVU,D1 Western Athletic Conference,730375936,AC,216822776,2020-02-15 19:00:00,4,0,0,2,1245437440,N. Sims,R,FA,L,1.10524297149,2.46166821281,10.7723032408,19.4827736304,5.58730984947,SL,IP_OUT,-2.32122780474,5.0183507566,84.4770348284,1997.25656761,240.977468596,-0.15
769,2020,730263552,UVU,D1 Western Athletic Conference,730375936,AC,216822776,2020-02-15 19:00:00,4,0,1,2,1245437440,N. Sims,R,FA,L,0.845567493845,1.85888308225,11.7469028849,15.6418710381,5.38109563889,F,IP_OUT,-2.305122638,5.06043300865,84.7553257757,2157.96534752,233.00655557,-0.15
770,2020,730263552,UVU,D1 Western Athletic Conference,730375936,AC,216822776,2020-02-15 19:00:00,5,0,0,1,1185843482,L. Petet,L,FA,R,-0.276073218864,1.43576292346,14.344096701,-6.40216940485,5.49325611056,SL,IP_OUT,0.679810716974,5.44441900811,85.439307131,1897.94114336,156.001415277,-0.15
771,2020,730263552,UVU,D1 Western Athletic Conference,730375936,AC,216822776,2020-02-15 19:00:00,5,0,0,2,1185843482,L. Petet,L,SL,L,0.372777429275,3.16743215927,1.90089518677,6.08931961187,5.21992803738,B,S,1.02043781631,5.29145068506,74.0016083645,2174.06801856,252.242341524,0.13
772,2020,730263552,UVU,D1 Western Athletic Conference,730375936,AC,216822776,2020-02-15 19:00:00,5,1,0,2,1185843482,L. Petet,L,CH,L,-0.0902029458183,0.437064901719,4.66253432132,3.12569390938,5.27093799836,B,S,0.741411381462,5.31743053429,74.0887386993,2157.41641174,213.562376686,0.13
773,2020,730263552,UVU,D1 Western Athletic Conference,730375936,AC,216822776,2020-02-15 19:00:00,5,2,0,2,1185843482,L. Petet,L,FA,L,0.620679021333,2.10750569917,13.1849920207,-11.930758622,5.34319483279,IP,S,0.584441659174,5.59304204064,85.3041764177,1905.59848626,137.938406495,1.0
774,2020,730263552,UVU,D1 Western Athletic Conference,730375936,AC,216822776,2020-02-15 19:00:00,5,0,0,2,1185843482,L. Petet,L,CH,L,-1.04212897155,0.129552292992,5.83585818256,7.49762451163,5.05993361562,B,IP_OUT,1.0094969498,5.47396165865,73.8402504933,1964.77721509,231.863980777,0.13
775,2020,730263552,UVU,D1 Western Athletic Conference,730375936,AC,216822776,2020-02-15 19:00:00,5,1,0,2,1185843482,L. Petet,L,FA,L,-0.573389770569,3.23974799912,17.8801354249,-3.66691063597,5.38077518734,F,IP_OUT,0.434469363861,5.84997352076,83.4124709876,2038.14587071,168.434418732,-0.15
776,2020,730263552,UVU,D1 Western Athletic Conference,730375936,AC,216822776,2020-02-15 19:00:00,6,0,0,0,1185843482,L. Petet,L,FA,L,-0.840787004869,2.52019228821,1.44617049135,4.86599190179,4.99464286286,SL,S,0.878282821093,5.26191247498,73.8937669685,2007.61431627,252.911586812,-0.15
777,2020,730263552,UVU,D1 Western Athletic Conference,730375936,AC,216822776,2020-02-15 19:00:00,6,0,1,0,1185843482,L. Petet,L,CH,L,-0.417375981656,0.734489049326,4.11878549459,3.92952977185,5.04242293727,SS,S,1.12003728055,5.21027188854,73.5029530761,2010.38081187,223.30511375,-0.15
778,2020,730263552,UVU,D1 Western Athletic Conference,730375936,AC,216822776,2020-02-15 19:00:00,6,0,2,0,1185843482,L. Petet,L,CH,L,-0.249407841832,2.41816162678,5.23495662486,4.86771452886,4.98456004048,IP,S,0.943931805561,5.31651967261,76.0642840569,2226.30864865,222.665073906,1.0
779,2020,730263552,UVU,D1 Western Athletic Conference,730375936,AC,216822776,2020-02-15 19:00:00,6,0,0,0,1185843482,L. Petet,L,FA,R,-0.702717864849,3.20295505057,10.4391755804,-4.72944683851,5.62885146074,B,DP,0.428963039867,5.8141875682,82.5023968741,1910.82665152,155.706678015,0.13
780,2020,730263552,UVU,D1 Western Athletic Conference,730375936,AC,216822776,2020-02-15 19:00:00,6,1,0,0,1185843482,L. Petet,L,FA,R,0.531267578505,1.95597259412,12.5854388642,-4.14779076837,5.42345776807,IP,DP,0.627294824672,5.7792359292,81.3825278129,1899.8591567,161.81354391,-0.21
781,2020,730263552,UVU,D1 Western Athletic Conference,730375936,AC,216822776,2020-02-15 19:00:00,6,0,0,2,1185843482,L. Petet,L,SL,R,-0.663724974844,1.70351654891,2.11408503857,3.8350339356,4.84857470526,SS,IP_OUT,0.759109236636,5.45005071448,75.5557114006,2151.77742826,240.591139387,-0.15
782,2020,730263552,UVU,D1 Western Athletic Conference,730375936,AC,216822776,2020-02-15 19:00:00,6,0,1,2,1185843482,L. Petet,L,SL,R,2.20528252971,2.18478337705,-8.96130421115,7.8527051377,4.87349258751,B,IP_OUT,0.623849928383,5.54746231007,70.3828554944,2170.70448904,318.598301657,0.13
783,2020,730263552,UVU,D1 Western Athletic Conference,730375936,AC,216822776,2020-02-15 19:00:00,6,1,1,2,1185843482,L. Petet,L,FA,R,-0.395480419765,3.17486310374,15.3286519468,-8.50923816629,5.72596939069,F,IP_OUT,0.537382745798,5.51181513921,83.5828044114,2025.36323201,151.024192705,-0.15
784,2020,730263552,UVU,D1 Western Athletic Conference,730375936,AC,216822776,2020-02-15 19:00:00,6,1,2,2,1185843482,L. Petet,L,SL,R,0.781997336996,0.568336117944,-6.48515442801,7.66979475935,4.94761348449,B,IP_OUT,0.55708989259,5.41953631371,75.0245376014,2386.83029432,310.005635859,0.13
785,2020,730263552,UVU,D1 Western Athletic Conference,730375936,AC,216822776,2020-02-15 19:00:00,7,0,0,0,1185843482,L. Petet,L,CH,R,0.362457970981,3.17660659393,5.39289471813,6.72283745241,4.97126949986,SS,K,0.896075846109,5.31908963256,75.5352513703,2034.40064293,231.020543275,-0.15
786,2020,730263552,UVU,D1 Western Athletic Conference,730375936,AC,216822776,2020-02-15 19:00:00,7,0,1,0,1185843482,L. Petet,L,CH,R,0.84378486658,1.51768787973,18.8322354629,4.69219005007,5.45719780498,SL,K,1.06758299485,5.0724075711,76.6333094271,1494.00436292,193.958602143,-0.15
787,2020,730263552,UVU,D1 Western Athletic Conference,730375936,AC,216822776,2020-02-15 19:00:00,7,0,2,0,1185843482,L. Petet,L,SL,R,-0.137317154106,2.68350422811,-0.141075661301,5.8083157456,4.98824006802,F,K,0.587321812493,5.44107498883,73.1499511157,2177.07663469,270.897605697,0.0
788,2020,730263552,UVU,D1 Western Athletic Conference,730375936,AC,216822776,2020-02-15 19:00:00,7,0,2,0,1185843482,L. Petet,L,FA,R,1.36666239968,1.86246634187,12.0381027382,-9.97899020343,5.36460237547,SS,K,0.52378974531,5.51835988597,85.1640087854,2041.14415607,140.428427549,-0.15
789,2020,730263552,UVU,D1 Western Athletic Conference,730375936,AC,216822776,2020-02-15 19:00:00,7,0,0,1,1185843482,L. Petet,L,FA,R,-1.26166252484,2.84966137816,16.9309831302,-1.48307688983,5.5265475141,B,BB,0.381809339793,5.67666449317,85.3922285432,2001.21030686,175.004572022,0.13
790,2020,730263552,UVU,D1 Western Athletic Conference,730375936,AC,216822776,2020-02-15 19:00:00,7,1,0,1,1185843482,L. Petet,L,FA,R,-1.2032157623,2.19467688491,19.2602746103,-10.9486153302,5.5916636477,B,BB,0.208423055316,5.7942780949,85.6595929771,2149.56989221,150.430026559,0.13
791,2020,730263552,UVU,D1 Western Athletic Conference,730375936,AC,216822776,2020-02-15 19:00:00,7,2,0,1,1185843482,L. Petet,L,FA,R,1.30873003637,3.12499026236,18.7855318661,-4.57654480974,5.30951078076,B,BB,0.303388516518,5.62691401652,83.0749392601,1994.83735645,166.335477694,0.13
792,2020,730263552,UVU,D1 Western Athletic Conference,730375936,AC,216822776,2020-02-15 19:00:00,7,3,0,1,1185843482,L. Petet,L,FA,R,0.22212795592,2.71121941174,15.7715756068,-3.57500753467,5.34170174346,SL,BB,0.123203663725,5.85238743335,83.6292256019,2017.05880816,167.258085934,-0.15
793,2020,730263552,UVU,D1 Western Athletic Conference,730375936,AC,216822776,2020-02-15 19:00:00,7,3,1,1,1185843482,L. Petet,L,FA,R,-0.818676958585,0.87182990391,17.7105046813,-4.37348391247,5.36466861578,B,BB,0.215818151138,5.97773019844,85.1459665671,1968.43215003,166.156431796,0.8
794,2020,730263552,UVU,D1 Western Athletic Conference,730375936,AC,216822776,2020-02-15 19:00:00,7,0,0,1,1185843482,L. Petet,L,FA,R,-1.57906004569,2.87193215413,15.7521176887,-4.46817902014,5.62910202605,B,IP_OUT,0.319105119296,5.83116939209,84.742779678,2031.22496808,164.198708205,0.13
795,2020,730263552,UVU,D1 Western Athletic Conference,730375936,AC,216822776,2020-02-15 19:00:00,7,0,0,2,1185843482,L. Petet,L,CH,R,1.24804210008,2.60407160229,4.21786498858,6.01218711406,4.94614941702,B,BB,0.822864689485,5.50773924947,74.4520360809,2150.64941261,234.638660463,0.13
796,2020,730263552,UVU,D1 Western Athletic Conference,730375936,AC,216822776,2020-02-15 19:00:00,7,1,0,2,1185843482,L. Petet,L,FA,R,1.32749259135,3.01349292724,15.4691849074,-9.03398560549,5.24208673803,B,BB,0.32923005822,5.78174784092,84.3607607177,2032.35702166,149.775578864,0.13
797,2020,730263552,UVU,D1 Western Athletic Conference,730375936,AC,216822776,2020-02-15 19:00:00,7,2,0,2,1185843482,L. Petet,L,FA,R,0.600879825891,3.28886148577,16.139000844,-8.0825425205,5.2850693036,B,BB,0.237165521009,5.90213192071,82.7819586478,2124.07399167,153.453415762,0.13
798,2020,730263552,UVU,D1 Western Athletic Conference,730375936,AC,216822776,2020-02-15 19:00:00,7,3,0,2,1185843482,L. Petet,L,FA,R,0.257692152612,4.6461226272,17.8447523093,1.48997762184,5.2196157843,B,BB,0.36598524019,5.87757642021,82.9611759216,2059.88570735,184.762614033,0.8
799,2020,730263552,UVU,D1 Western Athletic Conference,730375936,AC,216822776,2020-02-15 19:00:00,7,0,1,2,1185843482,L. Petet,L,SL,L,0.40850681751,2.57550061156,1.1354386219,7.4181943641,5.02367048826,SL,K,0.981250309754,5.347239328,74.874280987,2199.55622704,260.935129125,-0.15
800,2020,730263552,UVU,D1 Western Athletic Conference,730375936,AC,216822776,2020-02-15 19:00:00,7,0,2,2,1185843482,L. Petet,L,FA,L,-0.93286665403,2.76146391917,15.7976783065,-4.12040678687,5.45178679573,SS,K,0.242528087668,5.72670747091,86.1786560837,2040.35350472,165.413267585,-0.15
801,2020,730263552,UVU,D1 Western Athletic Conference,730375936,AC,216822776,2020-02-15 19:00:00,8,0,0,0,1185843482,L. Petet,L,SL,L,1.17359292484,2.98077042549,1.22210116785,7.6457104808,4.75081885218,B,S,0.802050572931,5.35410502312,75.4157972011,2355.50243949,260.568832681,0.13
802,2020,730263552,UVU,D1 Western Athletic Conference,730375936,AC,216822776,2020-02-15 19:00:00,8,1,0,0,1185843482,L. Petet,L,SL,L,0.0843365542512,1.08969774416,2.12111981084,6.55700095867,5.17999425925,B,S,0.888021721211,5.29013659313,76.8661452955,2383.25701909,251.716039273,0.13
803,2020,730263552,UVU,D1 Western Athletic Conference,730375936,AC,216822776,2020-02-15 19:00:00,8,2,0,0,1185843482,L. Petet,L,FA,L,-0.522112723689,2.18609388704,15.8143323711,-9.82261454952,5.62797678784,F,S,0.385853977498,5.68265854688,84.8729893676,2064.8563602,148.214575683,-0.15
804,2020,730263552,UVU,D1 Western Athletic Conference,730375936,AC,216822776,2020-02-15 19:00:00,8,2,1,0,1185843482,L. Petet,L,FA,L,0.670362104627,2.81530584453,15.8653053119,-6.61467657825,5.52271648381,F,S,0.245998085539,5.65223736632,83.4449169599,2071.788839,157.416618228,-0.15
805,2020,730263552,UVU,D1 Western Athletic Conference,730375936,AC,216822776,2020-02-15 19:00:00,8,2,2,0,1185843482,L. Petet,L,FA,L,-0.256349089656,2.77188559983,16.3855496515,-8.24089870065,5.70480670735,F,S,0.15688810249,5.78310419508,84.3590323909,2061.58540499,153.352965782,0.0
806,2020,730263552,UVU,D1 Western Athletic Conference,730375936,AC,216822776,2020-02-15 19:00:00,8,2,2,0,1185843482,L. Petet,L,FA,L,-0.587097307152,2.27515332551,16.0916521848,-6.21839906336,5.76373985627,F,S,0.236179805179,5.72059374766,85.9246285233,2126.74028782,158.914528461,0.0
807,2020,730263552,UVU,D1 Western Athletic Conference,730375936,AC,216822776,2020-02-15 19:00:00,8,2,2,0,1185843482,L. Petet,L,SL,L,-0.0454090192567,2.47687447878,1.22469511943,6.83994133067,5.20192393783,IP,S,1.02016146825,5.2956098195,78.4938937319,2372.55662958,259.493027269,1.0
808,2020,730263552,UVU,D1 Western Athletic Conference,730375936,AC,216822776,2020-02-15 19:00:00,8,0,0,0,1185843482,L. Petet,L,SL,L,1.443563679,1.5042603398,2.56449427983,5.80170771856,4.88401171797,B,IP_OUT,1.14098279558,5.35058027938,74.4797441929,2327.13932608,245.750216826,0.13
809,2020,730263552,UVU,D1 Western Athletic Conference,730375936,AC,216822776,2020-02-15 19:00:00,8,0,0,1,1185843482,L. Petet,L,FA,R,-0.656503803655,2.59264564209,17.7888343203,-6.03143397726,5.56123734165,F,S,0.2538348887,5.70149306591,84.4420654674,2129.0716628,161.306735579,-0.15
810,2020,730263552,UVU,D1 Western Athletic Conference,730375936,AC,216822776,2020-02-15 19:00:00,8,0,1,1,1185843482,L. Petet,L,FA,R,0.310729803914,3.47515577401,13.2757340851,-9.11703201519,5.42976493177,B,S,0.309594380691,5.71790509575,84.4162844729,2089.63507461,145.59638897,0.13
811,2020,730263552,UVU,D1 Western Athletic Conference,730375936,AC,216822776,2020-02-15 19:00:00,8,1,1,1,1185843482,L. Petet,L,CH,R,0.51931722153,2.68687710396,5.67741185654,4.49936585514,5.03188832654,IP,S,1.0012604282,5.36861179199,76.6195339908,2358.05991705,218.172937254,1.0
812,2020,730263552,UVU,D1 Western Athletic Conference,730375936,AC,216822776,2020-02-15 19:00:00,8,0,0,1,1086791146,M. Dalke,R,SL,R,1.75714543645,1.41783796651,-1.75114741931,2.49434196981,4.69961365123,SS,K,-1.71891117267,4.64944676016,76.0618352742,1841.14637412,304.338919206,-0.15
813,2020,730263552,UVU,D1 Western Athletic Conference,730375936,AC,216822776,2020-02-15 19:00:00,8,0,1,1,1086791146,M. Dalke,R,FA,R,-0.341733515272,4.372311295,14.5036146702,19.0482612271,5.25471825052,B,K,-1.64593240438,4.69183761247,84.0432250656,1831.65246606,232.641266393,0.13
814,2020,730263552,UVU,D1 Western Athletic Conference,730375936,AC,216822776,2020-02-15 19:00:00,8,1,1,1,1086791146,M. Dalke,R,FA,R,-0.500877315058,3.04444371569,14.2168459673,20.1320887026,5.47582329496,F,K,-1.55022299406,4.57080134197,83.8111000608,1884.03367421,234.698947593,-0.15
815,2020,730263552,UVU,D1 Western Athletic Conference,730375936,AC,216822776,2020-02-15 19:00:00,8,1,2,1,1086791146,M. Dalke,R,FA,R,0.151334129852,1.93708902775,13.4672223269,18.9721769211,5.47306172392,SL,K,-1.49094567296,4.60306265345,84.3848326878,1996.36228884,234.555749029,-0.15
816,2020,730263552,UVU,D1 Western Athletic Conference,730375936,AC,216822776,2020-02-15 19:00:00,8,0,0,2,1086791146,M. Dalke,R,CH,R,0.84189452749,2.44846433707,1.1367943888,1.08252591796,4.79258223977,SL,BB,-1.651842811,4.5552487214,75.2579880604,1544.43625848,222.390503577,-0.15
817,2020,730263552,UVU,D1 Western Athletic Conference,730375936,AC,216822776,2020-02-15 19:00:00,8,0,1,2,1086791146,M. Dalke,R,SL,R,1.51137037914,0.243550755218,-1.38340424241,3.6716198008,4.86021025207,B,BB,-1.72767784776,4.54761697919,74.9743365089,1764.25862342,289.975240392,0.13
818,2020,730263552,UVU,D1 Western Athletic Conference,730375936,AC,216822776,2020-02-15 19:00:00,8,1,1,2,1086791146,M. Dalke,R,FA,R,1.5857567327,1.42689325771,17.1979719446,19.0714373586,5.25776312728,B,BB,-1.66701613666,4.70867871621,84.8767855424,2074.92852429,227.894365914,0.13
819,2020,730263552,UVU,D1 Western Athletic Conference,730375936,AC,216822776,2020-02-15 19:00:00,8,2,1,2,1086791146,M. Dalke,R,FA,R,1.6397687757,1.27164711236,12.7645666549,21.3357391518,5.18369436652,B,BB,-1.51820397002,4.6753833061,83.3728412382,1998.47083671,239.03149382,0.13
820,2020,730263552,UVU,D1 Western Athletic Conference,730375936,AC,216822776,2020-02-15 19:00:00,8,3,1,2,1086791146,M. Dalke,R,FA,R,1.49556108609,1.90106971484,9.59783956613,19.2564966644,5.17187335739,B,BB,-1.59952915069,4.50877501097,84.3404918382,1931.44454017,243.416606916,0.8
821,2020,730263552,UVU,D1 Western Athletic Conference,730375936,AC,216822776,2020-02-15 19:00:00,8,0,0,2,1086791146,M. Dalke,R,FA,R,-0.306498324311,3.65010435143,12.7397430788,19.8181344724,5.36301028108,B,K,-1.65170312211,4.60195830448,82.930923668,1849.81156785,237.18561518,0.13
822,2020,730263552,UVU,D1 Western Athletic Conference,730375936,AC,216822776,2020-02-15 19:00:00,8,1,0,2,1086791146,M. Dalke,R,FA,R,0.00775020809264,2.81290204002,15.1519065069,17.5649279992,5.31904566899,F,K,-1.5944900738,4.50998271706,82.3417671777,1925.7352324,229.143803923,-0.15
823,2020,730263552,UVU,D1 Western Athletic Conference,730375936,AC,216822776,2020-02-15 19:00:00,8,1,1,2,1086791146,M. Dalke,R,CU,R,0.199805446283,2.33359678151,-1.86340384144,0.132288018142,4.88754935179,SL,K,-1.70420027025,4.49918856515,74.8976248009,1903.26636202,355.830407189,-0.15
824,2020,730263552,UVU,D1 Western Athletic Conference,730375936,AC,216822776,2020-02-15 19:00:00,8,1,2,2,1086791146,M. Dalke,R,FA,R,-0.831337078607,3.03979441615,13.0332443321,19.3412978246,5.62906905752,F,K,-1.51665515882,4.55057608949,83.9095328753,2087.95281157,235.947591035,0.0
825,2020,730263552,UVU,D1 Western Athletic Conference,730375936,AC,216822776,2020-02-15 19:00:00,8,1,2,2,1086791146,M. Dalke,R,SL,R,0.933785703671,2.12507594014,-1.00732896906,2.93853350146,4.84617933743,SS,K,-1.70881964761,4.54229228403,74.6989133146,1763.55275265,288.060352547,-0.15
826,2020,730263552,UVU,D1 Western Athletic Conference,730375936,AC,393116042,2020-02-15 13:00:00,1,0,0,0,1736180004,B. Voortmeyer,R,FA,L,0.0131477174526,2.10689212857,16.2350611402,0.191201338,6.53369525766,F,S,-2.1018092129,5.52736593505,85.6709299323,2442.2609391,180.673298398,-0.15
827,2020,730263552,UVU,D1 Western Athletic Conference,730375936,AC,393116042,2020-02-15 13:00:00,1,0,1,0,1736180004,B. Voortmeyer,R,FA,L,-0.938436789926,2.99550501283,10.7919085744,1.3704616743,6.61257069576,B,S,-2.22133727029,5.63377533878,86.7538543655,2394.69916257,187.215148981,0.13
828,2020,730263552,UVU,D1 Western Athletic Conference,730375936,AC,393116042,2020-02-15 13:00:00,1,1,1,0,1736180004,B. Voortmeyer,R,FA,L,0.232826420733,2.23491020263,15.9572507358,1.9097736071,6.64131934609,IP,S,-2.05318660964,5.63855278232,86.7686429906,2424.61119241,186.810466006,1.0
829,2020,730263552,UVU,D1 Western Athletic Conference,730375936,AC,393116042,2020-02-15 13:00:00,1,0,0,0,1736180004,B. Voortmeyer,R,FA,L,0.10432030928,0.931199081897,11.4270895809,-0.694853221798,6.49896816887,B,IP_OUT,-1.95433453306,5.62840204723,86.2172672603,2413.5496871,176.530580267,0.13
830,2020,730263552,UVU,D1 Western Athletic Conference,730375936,AC,393116042,2020-02-15 13:00:00,1,1,0,0,1736180004,B. Voortmeyer,R,FA,L,-0.261606329192,2.26491515746,10.9843534839,-1.35640361621,6.37501095417,SL,IP_OUT,-1.98267340141,5.57032373229,85.8546451139,2405.08241809,172.982130921,-0.15
831,2020,730263552,UVU,D1 Western Athletic Conference,730375936,AC,393116042,2020-02-15 13:00:00,1,1,1,0,1736180004,B. Voortmeyer,R,CH,L,-2.24905838983,2.81739224916,3.63394248711,-1.582232162,6.05577779029,B,IP_OUT,-2.08137989718,5.57439431566,76.7414538637,2383.85111974,156.724596634,0.13
832,2020,730263552,UVU,D1 Western Athletic Conference,730375936,AC,393116042,2020-02-15 13:00:00,1,2,1,0,1736180004,B. Voortmeyer,R,FA,L,-0.478804991625,2.06774357482,12.1224868242,-1.24516421742,6.58842457446,F,IP_OUT,-2.04883844133,5.50850000494,85.9493184037,2361.80256004,174.15176924,-0.15
833,2020,730263552,UVU,D1 Western Athletic Conference,730375936,AC,393116042,2020-02-15 13:00:00,1,2,2,0,1736180004,B. Voortmeyer,R,CH,L,-1.65458008965,1.86507773844,2.08579244758,-1.62518974928,6.02505568259,F,IP_OUT,-2.02006122047,5.52910352178,75.4927103521,2383.6874507,142.678236876,0.0
834,2020,730263552,UVU,D1 Western Athletic Conference,730375936,AC,393116042,2020-02-15 13:00:00,1,2,2,0,1736180004,B. Voortmeyer,R,FA,L,-1.43286323403,3.72557450736,17.9196094252,-1.01928710078,6.20548102849,B,IP_OUT,-1.89778927036,5.73314249683,85.3928302302,2499.97517978,176.750897823,0.13
835,2020,730263552,UVU,D1 Western Athletic Conference,730375936,AC,393116042,2020-02-15 13:00:00,1,3,2,0,1736180004,B. Voortmeyer,R,FA,L,0.275882818891,2.46713618556,14.5096218482,-2.81091589697,6.55535319123,F,IP_OUT,-1.86842951435,5.61219258183,85.3058762448,2373.02638607,169.061682412,0.0
836,2020,730263552,UVU,D1 Western Athletic Conference,730375936,AC,393116042,2020-02-15 13:00:00,1,0,0,1,1736180004,B. Voortmeyer,R,CH,R,1.56628152139,-0.398201511065,2.56441320413,1.39870617276e-13,6.27554952451,B,FC,-1.62958929209,5.6003116687,77.3066698482,2360.7237222,180.0,0.13
837,2020,730263552,UVU,D1 Western Athletic Conference,730375936,AC,393116042,2020-02-15 13:00:00,1,1,0,1,1736180004,B. Voortmeyer,R,SL,R,0.69207900364,3.11496555551,-0.930108038975,0.848260050129,6.20332139379,SL,FC,-1.76336372097,5.57106650472,74.9090619717,2359.58678149,316.175248736,-0.15
838,2020,730263552,UVU,D1 Western Athletic Conference,730375936,AC,393116042,2020-02-15 13:00:00,1,1,1,1,1736180004,B. Voortmeyer,R,FA,R,0.35800822988,2.90573096215,11.3286174861,-3.00763702932,6.37662998688,SL,FC,-1.62427067562,5.65118445776,85.3787497813,2464.98285609,165.175007421,-0.15
839,2020,730263552,UVU,D1 Western Athletic Conference,730375936,AC,393116042,2020-02-15 13:00:00,1,1,2,1,1736180004,B. Voortmeyer,R,CH,R,0.956717631768,0.347363398145,2.33482657156,-0.585240528641,6.03561523599,B,FC,-1.79378092451,5.67414487638,76.6462478253,2399.19768651,166.18049287,0.13
840,2020,730263552,UVU,D1 Western Athletic Conference,730375936,AC,393116042,2020-02-15 13:00:00,1,2,2,1,1736180004,B. Voortmeyer,R,FA,R,-0.147063190093,2.2403135968,10.9131939461,0.540221763397,6.54189635691,IP,FC,-1.68925049475,5.5756740194,85.9740716045,2435.6550188,182.82504296,-0.21
841,2020,730263552,UVU,D1 Western Athletic Conference,730375936,AC,393116042,2020-02-15 13:00:00,1,0,0,1,1736180004,B. Voortmeyer,R,FA,R,-0.837245417868,2.78726751517,10.9750061527,-0.278306825566,6.37421742558,SL,IP_OUT,-1.77354947422,5.79305921628,85.36487586,2485.124255,178.55201382,-0.15
842,2020,730263552,UVU,D1 Western Athletic Conference,730375936,AC,393116042,2020-02-15 13:00:00,1,0,1,1,1736180004,B. Voortmeyer,R,SL,R,1.01357940336,2.73401661969,0.138939612159,1.17310568909,6.04604983204,SL,IP_OUT,-1.78384790447,5.55911951867,75.9792262626,2366.53644545,261.09347299,-0.15
843,2020,730263552,UVU,D1 Western Athletic Conference,730375936,AC,393116042,2020-02-15 13:00:00,1,0,2,1,1736180004,B. Voortmeyer,R,FA,R,0.360237062481,3.2486395501,13.0650104592,-1.47516056543,6.35660784185,F,IP_OUT,-1.62262389201,5.73801820936,84.1975939174,2404.75565599,173.575566027,0.0
844,2020,730263552,UVU,D1 Western Athletic Conference,730375936,AC,393116042,2020-02-15 13:00:00,1,0,0,2,1736180004,B. Voortmeyer,R,SL,R,1.45514358378,0.830467061946,-1.00995177862,-1.8000974206,6.06466746168,B,IP_OUT,-1.83662705593,5.62636296061,76.4436559935,2442.70556777,61.8189028271,0.13
845,2020,730263552,UVU,D1 Western Athletic Conference,730375936,AC,393116042,2020-02-15 13:00:00,1,1,0,2,1736180004,B. Voortmeyer,R,FA,R,0.994943226925,1.20998307887,15.6112506036,5.98344483649,6.36905096526,B,IP_OUT,-1.68471441174,5.69530966229,85.1474098853,2506.50076064,200.9276818,0.13
846,2020,730263552,UVU,D1 Western Athletic Conference,730375936,AC,393116042,2020-02-15 13:00:00,1,2,0,2,1736180004,B. Voortmeyer,R,FA,R,0.616662975289,1.15256868638,16.6139336857,-3.71331019707,6.60709971689,B,IP_OUT,-1.60174564958,5.65857040649,85.1430346914,2472.01026866,167.426908215,0.13
847,2020,730263552,UVU,D1 Western Athletic Conference,730375936,AC,393116042,2020-02-15 13:00:00,1,3,0,2,1736180004,B. Voortmeyer,R,FA,R,-0.123938100929,1.47645764723,11.117836538,0.0839643709124,6.66890445983,SL,IP_OUT,-1.73315912679,5.65242096458,85.5425565864,2441.01620942,180.431367404,-0.15
848,2020,730263552,UVU,D1 Western Athletic Conference,730375936,AC,393116042,2020-02-15 13:00:00,2,0,0,0,1736180004,B. Voortmeyer,R,CH,L,-0.91274261259,1.64574232012,1.71301656279,-2.57436223183,5.94934694053,IP,S,-2.10425018149,5.39480485619,73.2331224842,2276.54779989,124.393284606,1.0
849,2020,730263552,UVU,D1 Western Athletic Conference,730375936,AC,393116042,2020-02-15 13:00:00,2,0,0,0,1736180004,B. Voortmeyer,R,FA,L,-1.6112580688,2.10429606616,12.0899038922,-0.0683044993071,6.4924537328,B,IP_OUT,-1.92828962875,5.62319043571,84.2861717205,2452.14900029,179.677249863,0.13
850,2020,730263552,UVU,D1 Western Athletic Conference,730375936,AC,393116042,2020-02-15 13:00:00,2,1,0,0,1736180004,B. Voortmeyer,R,FA,L,-0.798817297722,1.78347633695,11.3717236403,1.06097577589,6.22119456319,SL,IP_OUT,-2.02859118521,5.67349960844,84.3840515589,2482.54324416,185.313535249,-0.15
851,2020,730263552,UVU,D1 Western Athletic Conference,730375936,AC,393116042,2020-02-15 13:00:00,2,0,0,1,1736180004,B. Voortmeyer,R,FA,R,-0.758566052278,1.32927190387,13.8672254013,1.01178547689,6.422236675,B,S,-1.86972481145,5.67737620492,85.5566263954,2388.47202733,184.162623635,0.13
852,2020,730263552,UVU,D1 Western Athletic Conference,730375936,AC,393116042,2020-02-15 13:00:00,2,1,0,1,1736180004,B. Voortmeyer,R,FA,R,0.113415838687,2.55676385485,10.4996407028,0.861438732746,6.33898323681,F,S,-1.9471002298,5.58555650216,84.7449612822,2446.81779943,184.674728266,-0.15
853,2020,730263552,UVU,D1 Western Athletic Conference,730375936,AC,393116042,2020-02-15 13:00:00,2,1,1,1,1736180004,B. Voortmeyer,R,FA,R,-0.161581337991,1.78292969548,12.6751390936,-0.913523881394,6.21610179676,IP,S,-1.82638812346,5.68001451281,84.7198855938,2428.29050278,175.889361574,1.0
854,2020,730263552,UVU,D1 Western Athletic Conference,730375936,AC,393116042,2020-02-15 13:00:00,2,0,0,1,1736180004,B. Voortmeyer,R,SL,L,0.0175907855486,0.249926833704,0.653436359829,3.73155302521,5.9625079944,B,FC,-2.17873205805,5.44304181592,76.8020073933,2402.30716106,259.406706022,0.13
855,2020,730263552,UVU,D1 Western Athletic Conference,730375936,AC,393116042,2020-02-15 13:00:00,2,1,0,1,1736180004,B. Voortmeyer,R,FA,L,-0.993702912925,2.71933165761,16.0269161897,3.0374830005,6.59908181135,B,FC,-1.9944636915,5.56875015423,84.9011896949,2368.78984301,190.708614333,0.13
856,2020,730263552,UVU,D1 Western Athletic Conference,730375936,AC,393116042,2020-02-15 13:00:00,2,2,0,1,1736180004,B. Voortmeyer,R,FA,L,0.731833491197,2.03270999371,12.387034446,0.822857262029,6.47902912421,F,FC,-1.82799238701,5.50553654027,84.0733204441,2361.74676758,183.789537426,-0.15
857,2020,730263552,UVU,D1 Western Athletic Conference,730375936,AC,393116042,2020-02-15 13:00:00,2,2,1,1,1736180004,B. Voortmeyer,R,FA,L,-1.12128043349,3.40040916499,10.3597242219,-0.42790969651,6.33449637807,B,FC,-1.97570322176,5.5928973023,84.5571135543,2175.09530431,177.642786822,0.13
858,2020,730263552,UVU,D1 Western Athletic Conference,730375936,AC,393116042,2020-02-15 13:00:00,2,3,1,1,1736180004,B. Voortmeyer,R,FA,L,0.804606708597,1.85116710219,13.3408241859,-2.45532685184,6.55622917988,F,FC,-1.68329994307,5.65453699984,84.9673879901,2449.1181794,169.598345756,-0.15
859,2020,730263552,UVU,D1 Western Athletic Conference,730375936,AC,393116042,2020-02-15 13:00:00,2,3,2,1,1736180004,B. Voortmeyer,R,FA,L,0.0651315592429,2.82318209418,14.3892201217,0.601935044394,6.72714099249,IP,FC,-2.00082289983,5.6309257135,86.0763071597,2396.64316472,182.389802364,-0.21
860,2020,730263552,UVU,D1 Western Athletic Conference,730375936,AC,393116042,2020-02-15 13:00:00,2,0,0,2,1736180004,B. Voortmeyer,R,CH,L,-1.26099611816,3.65141820737,10.7698420158,1.82084063387,6.12144231958,B,IP_OUT,-2.31050996721,5.43482263142,75.3216043408,1501.85344257,189.556647811,0.13
861,2020,730263552,UVU,D1 Western Athletic Conference,730375936,AC,393116042,2020-02-15 13:00:00,2,1,0,2,1736180004,B. Voortmeyer,R,FA,L,-1.16360260033,4.78864872819,11.7196220917,2.43197593874,6.10714374591,B,IP_OUT,-2.3029030414,5.58451954605,83.7715737878,2317.91188556,191.688129651,0.13
862,2020,730263552,UVU,D1 Western Athletic Conference,730375936,AC,393116042,2020-02-15 13:00:00,2,2,0,2,1736180004,B. Voortmeyer,R,FA,L,0.797769282206,1.45687291361,11.5946071775,-0.699929543056,6.58579973199,B,IP_OUT,-2.17934556507,5.52593348055,85.108398109,2360.2936123,176.555700638,0.13
863,2020,730263552,UVU,D1 Western Athletic Conference,730375936,AC,393116042,2020-02-15 13:00:00,2,3,0,2,1736180004,B. Voortmeyer,R,FA,L,-0.440306964927,1.86090668256,11.2729788946,-1.29720722916,6.36854622938,SL,IP_OUT,-2.16008839298,5.59570121806,83.9917966413,2338.26980238,173.456330687,-0.15
864,2020,730263552,UVU,D1 Western Athletic Conference,730375936,AC,393116042,2020-02-15 13:00:00,3,0,0,0,1736180004,B. Voortmeyer,R,CH,L,-2.0194743088,1.82678304573,13.4148648878,7.37955985782,6.18016840201,B,IP_OUT,-2.21688200435,5.47860278009,75.2676578545,1663.48459756,208.732860097,0.13
865,2020,730263552,UVU,D1 Western Athletic Conference,730375936,AC,393116042,2020-02-15 13:00:00,3,1,0,0,1736180004,B. Voortmeyer,R,FA,L,-1.03991252174,0.901388240542,13.0129170084,-0.975639555555,6.35424685907,B,IP_OUT,-2.02249434383,5.73847572157,83.5311740063,2350.93827531,175.724297669,0.13
866,2020,730263552,UVU,D1 Western Athletic Conference,730375936,AC,393116042,2020-02-15 13:00:00,3,0,0,1,1736180004,B. Voortmeyer,R,CH,R,-0.29718139826,1.70835045725,6.69348865339,0.836274056951,5.92755958899,SS,D,-1.9238776777,5.6140526615,75.5733825731,2408.6800471,187.072922393,-0.15
867,2020,730263552,UVU,D1 Western Athletic Conference,730375936,AC,393116042,2020-02-15 13:00:00,3,0,1,1,1736180004,B. Voortmeyer,R,CH,R,0.900199383123,1.25486071784,5.56378237777,-0.477719515285,5.914514595,B,D,-1.93902047236,5.60396065525,77.0279998886,2395.42242038,175.131556193,0.13
868,2020,730263552,UVU,D1 Western Athletic Conference,730375936,AC,393116042,2020-02-15 13:00:00,3,1,1,1,1736180004,B. Voortmeyer,R,FA,R,-0.14360710706,3.30756192763,10.7996067722,1.06504817627,6.46139640317,F,D,-1.87397263017,5.7511650693,85.0896059315,2319.02692704,185.614021968,-0.15
869,2020,730263552,UVU,D1 Western Athletic Conference,730375936,AC,393116042,2020-02-15 13:00:00,3,1,2,1,1736180004,B. Voortmeyer,R,FA,R,1.09683403607,1.17075691006,13.927481293,-1.90924916451,6.63085840473,F,D,-1.7134579832,5.66019194647,87.206455464,2490.19575245,172.212664719,0.0
870,2020,730263552,UVU,D1 Western Athletic Conference,730375936,AC,393116042,2020-02-15 13:00:00,3,1,2,1,1736180004,B. Voortmeyer,R,CH,R,-0.315912601896,1.47094089079,2.0694404973,-3.78762848351,6.07205858402,IP,D,-1.78837364229,5.66369871723,75.6935899802,2490.25406452,119.17354967,1.26
871,2020,730263552,UVU,D1 Western Athletic Conference,730375936,AC,393116042,2020-02-15 13:00:00,3,0,0,2,1736180004,B. Voortmeyer,R,CH,R,-0.0965508484583,2.86804758595,2.05337330009,-1.0927391974699998e-14,5.9460579868,SL,S,-1.85635911725,5.69295465261,75.0447940987,2382.84583245,180.0,-0.15
872,2020,730263552,UVU,D1 Western Athletic Conference,730375936,AC,393116042,2020-02-15 13:00:00,3,0,1,2,1736180004,B. Voortmeyer,R,CH,R,0.479299122525,1.72657876227,2.83062140203,-2.63630195877,5.89203750764,F,S,-1.88858224046,5.66365980671,77.715421559,2472.26703442,137.470295001,-0.15
873,2020,730263552,UVU,D1 Western Athletic Conference,730375936,AC,393116042,2020-02-15 13:00:00,3,0,2,2,1736180004,B. Voortmeyer,R,FA,R,0.132326249405,4.87356740395,9.52177555395,-0.333057013299,6.23040507852,B,S,-1.46705166816,5.85300706556,81.4666393423,2299.99766398,178.004737992,0.13
874,2020,730263552,UVU,D1 Western Athletic Conference,730375936,AC,393116042,2020-02-15 13:00:00,3,2,2,2,1736180004,B. Voortmeyer,R,FA,R,-0.676627408046,2.34223481969,8.68444717775,1.62626511992,6.46062096483,F,S,-1.85170817446,5.61190141194,84.7700515837,2433.00294694,190.564673875,0.0
875,2020,730263552,UVU,D1 Western Athletic Conference,730375936,AC,393116042,2020-02-15 13:00:00,3,2,2,2,1736180004,B. Voortmeyer,R,FA,R,-0.0714279558014,1.53963329689,12.5784162286,-1.72684177318,6.56767691754,F,S,-1.58457949507,5.69784689761,84.747568939,2379.42973809,172.204435894,0.0
876,2020,730263552,UVU,D1 Western Athletic Conference,730375936,AC,393116042,2020-02-15 13:00:00,3,2,2,2,1736180004,B. Voortmeyer,R,CH,R,0.824570791183,1.60713478008,3.85247826468,-1.71931768758,6.04844893159,IP,S,-1.76958753124,5.61167260839,75.9312493934,2378.34848566,156.196281485,1.0
877,2020,730263552,UVU,D1 Western Athletic Conference,730375936,AC,393116042,2020-02-15 13:00:00,4,0,1,1,1736180004,B. Voortmeyer,R,CH,R,0.322161610003,1.30538829889,1.30662143075,-2.14430663075,6.05391980372,IP,S,-1.97190157546,5.62026158312,76.7739656244,2376.19004671,122.194757258,1.0
878,2020,730263552,UVU,D1 Western Athletic Conference,730375936,AC,393116042,2020-02-15 13:00:00,4,0,0,1,1736180004,B. Voortmeyer,R,FA,L,-0.557257386066,0.820629257166,11.0052620639,2.6875341093,6.47659956126,B,S,-1.85895480445,5.61138797896,85.0340498163,2476.33289765,193.681412115,0.13
879,2020,730263552,UVU,D1 Western Athletic Conference,730375936,AC,393116042,2020-02-15 13:00:00,4,1,0,1,1736180004,B. Voortmeyer,R,FA,L,-0.408116584295,2.04962676241,12.2138971757,4.78269589403,6.37590048858,SL,S,-1.95113584857,5.64150419519,83.0973586537,2375.48239322,201.325252927,-0.15
880,2020,730263552,UVU,D1 Western Athletic Conference,730375936,AC,393116042,2020-02-15 13:00:00,4,1,1,1,1736180004,B. Voortmeyer,R,FA,L,-1.78311371074,2.16615397297,10.7388903608,-1.01759404435,6.17085278137,B,S,-1.98090878119,5.63661214309,84.0628147689,2355.52263671,174.604859422,0.13
881,2020,730263552,UVU,D1 Western Athletic Conference,730375936,AC,393116042,2020-02-15 13:00:00,4,2,1,1,1736180004,B. Voortmeyer,R,FA,L,-1.16460604896,4.85846500302,12.8719217588,2.84504754825,6.28756579709,B,S,-1.9747578122,5.64006587166,83.8557236188,2344.16010073,192.429271495,0.13
882,2020,730263552,UVU,D1 Western Athletic Conference,730375936,AC,393116042,2020-02-15 13:00:00,4,3,1,1,1736180004,B. Voortmeyer,R,FA,L,-0.851084909053,1.28049396244,11.704711296,4.54159938927,6.54946717319,SL,S,-2.05040555137,5.56622506804,85.0173963021,2388.2308638,201.148787511,-0.15
883,2020,730263552,UVU,D1 Western Athletic Conference,730375936,AC,393116042,2020-02-15 13:00:00,4,3,2,1,1736180004,B. Voortmeyer,R,FA,L,0.688701419014,0.612641211497,13.5021924402,3.02309201159,6.80772159799,IP,S,-1.92279444415,5.56878000223,85.9866800912,2360.41356573,192.589586453,1.0
884,2020,730263552,UVU,D1 Western Athletic Conference,730375936,AC,393116042,2020-02-15 13:00:00,4,0,0,1,1736180004,B. Voortmeyer,R,FA,L,-0.696826964858,1.12280096762,8.80668913719,4.27469142782,6.28891285921,B,T,-2.11732217289,5.63738049032,83.4579208372,2317.54285315,205.797581239,0.13
885,2020,730263552,UVU,D1 Western Athletic Conference,730375936,AC,393116042,2020-02-15 13:00:00,4,1,0,1,1736180004,B. Voortmeyer,R,FA,L,-0.629287991899,2.96007849425,11.3150698554,-0.045151869211,6.46360730147,SL,T,-2.12450887535,5.67380184044,83.4481199478,2297.19653668,179.772102766,-0.15
886,2020,730263552,UVU,D1 Western Athletic Conference,730375936,AC,393116042,2020-02-15 13:00:00,4,1,1,1,1736180004,B. Voortmeyer,R,CH,L,0.65640792002,1.79274920117,0.463643619767,-4.98216766189,5.98990890632,SL,T,-1.86875766881,5.6059246626,75.4468802363,2356.19139243,95.8354394654,-0.15
887,2020,730263552,UVU,D1 Western Athletic Conference,730375936,AC,393116042,2020-02-15 13:00:00,4,1,2,1,1736180004,B. Voortmeyer,R,SL,L,0.543920571088,1.74419009228,1.78749850981,-4.257131544,5.92444200659,F,T,-1.85758966657,5.59643667804,76.0493573661,2464.15887233,113.284582809,0.0
888,2020,730263552,UVU,D1 Western Athletic Conference,730375936,AC,393116042,2020-02-15 13:00:00,4,1,2,1,1736180004,B. Voortmeyer,R,FA,L,-0.0680111115242,3.56491045187,12.0274235832,-0.948177720526,6.44909550792,F,T,-1.88536156862,5.643760477,85.1260850647,2466.56390313,175.505700571,0.0
889,2020,730263552,UVU,D1 Western Athletic Conference,730375936,AC,393116042,2020-02-15 13:00:00,4,1,2,1,1736180004,B. Voortmeyer,R,SL,L,-0.758236926458,5.03635457221,0.56127352012,-4.82550242512,6.10216679268,B,T,-1.92970377846,5.62202218224,73.8596853739,2332.92586299,97.1935042123,0.13
890,2020,730263552,UVU,D1 Western Athletic Conference,730375936,AC,393116042,2020-02-15 13:00:00,4,2,2,1,1736180004,B. Voortmeyer,R,FA,L,-1.35416101184,3.52395843095,10.5979323511,-4.06408508418,6.55447099991,B,T,-1.89736418512,5.62931039871,83.5948498544,2404.19873255,159.084442261,0.13
891,2020,730263552,UVU,D1 Western Athletic Conference,730375936,AC,393116042,2020-02-15 13:00:00,4,3,2,1,1736180004,B. Voortmeyer,R,CH,L,-0.405906941944,2.45345179138,2.91551972087,-0.918015469514,6.34794539697,IP,T,-1.9851947336,5.6598218312,72.8193752848,2283.71036537,162.792268643,1.54
892,2020,730263552,UVU,D1 Western Athletic Conference,730375936,AC,393116042,2020-02-15 13:00:00,4,0,0,1,1082669745,C. Yocum,L,FA,L,1.05785661282,3.38180986315,17.5074188313,0.641438664388,5.77262688557,F,HBP,0.459083004508,5.60884384986,86.296203698,2009.48717315,182.093998603,-0.15
893,2020,730263552,UVU,D1 Western Athletic Conference,730375936,AC,393116042,2020-02-15 13:00:00,4,0,1,1,1082669745,C. Yocum,L,FA,L,1.37487838293,3.52909053252,18.059116343,-3.29634766936,5.82311802756,HBP,HBP,0.324803364052,5.6525594799,86.2092394825,1929.29324935,169.675331584,0.8
894,2020,730263552,UVU,D1 Western Athletic Conference,730375936,AC,393116042,2020-02-15 13:00:00,4,0,0,1,1082669745,C. Yocum,L,FA,R,1.06349711641,1.50608301589,19.1725321788,3.55250203405,5.618546754,B,BB,0.407600639982,5.72767366563,85.4628993277,1861.22915357,190.477828292,0.13
895,2020,730263552,UVU,D1 Western Athletic Conference,730375936,AC,393116042,2020-02-15 13:00:00,4,1,0,1,1082669745,C. Yocum,L,FA,R,0.649492000773,2.75688425002,16.8207704767,5.7882183279,5.76596344662,F,BB,0.169766911979,5.60575384627,84.4448244989,1860.98858185,198.949899087,-0.15
896,2020,730263552,UVU,D1 Western Athletic Conference,730375936,AC,393116042,2020-02-15 13:00:00,4,1,1,1,1082669745,C. Yocum,L,FA,R,1.0361604585,1.07706210818,13.6855952024,0.109658408255,5.75907070431,B,BB,0.248411405821,5.50031943506,85.0781512579,1984.02383432,180.457871802,0.13
897,2020,730263552,UVU,D1 Western Athletic Conference,730375936,AC,393116042,2020-02-15 13:00:00,4,2,1,1,1082669745,C. Yocum,L,FA,R,2.27674955993,0.960559513786,19.2374125585,-2.48539853844,5.61763413791,B,BB,0.253889543931,5.60721469012,85.0415334132,1976.93055662,172.652347681,0.13
898,2020,730263552,UVU,D1 Western Athletic Conference,730375936,AC,393116042,2020-02-15 13:00:00,4,3,1,1,1082669745,C. Yocum,L,FA,R,2.01072059627,2.1879315141,17.4433351017,-1.8371513054,5.70071364445,B,BB,0.165074653458,5.61672032358,85.4934345106,1961.65693411,174.000049529,0.8
899,2020,730263552,UVU,D1 Western Athletic Conference,730375936,AC,393116042,2020-02-15 13:00:00,4,0,0,1,1082669745,C. Yocum,L,FA,R,0.83307253332,1.7183978038,17.0712110479,0.114884941056,5.68992497098,IP,S,0.272861503742,5.64292527395,86.4568297092,1849.30301166,180.384784833,1.0
900,2020,730263552,UVU,D1 Western Athletic Conference,730375936,AC,393116042,2020-02-15 13:00:00,4,0,0,1,1082669745,C. Yocum,L,SL,R,-0.22726057727,3.31704449405,-0.604326475244,10.0677399056,4.97427054936,B,HBP,0.555136082081,5.50728030341,75.0089879978,1360.00110272,273.161644126,0.13
901,2020,730263552,UVU,D1 Western Athletic Conference,730375936,AC,393116042,2020-02-15 13:00:00,4,1,0,1,1082669745,C. Yocum,L,FA,R,0.373577663038,1.63849422829,13.7939999881,1.19781718718,5.85448573312,SS,HBP,0.211288527032,5.61937101909,85.4132669597,1813.03415361,184.950138322,-0.15
902,2020,730263552,UVU,D1 Western Athletic Conference,730375936,AC,393116042,2020-02-15 13:00:00,4,1,1,1,1082669745,C. Yocum,L,FA,R,0.448780568854,4.28537630037,13.7356288409,5.90558777648,5.95772942882,B,HBP,0.103588963563,5.59651678966,84.4143560938,1898.44712035,203.210037005,0.13
903,2020,730263552,UVU,D1 Western Athletic Conference,730375936,AC,393116042,2020-02-15 13:00:00,4,2,1,1,1082669745,C. Yocum,L,FA,R,0.398688935192,1.51233266385,13.357298803,0.587932882666,5.91840497627,F,HBP,0.107854487302,5.54259194451,85.6383542264,1740.63042141,182.513554693,-0.15
904,2020,730263552,UVU,D1 Western Athletic Conference,730375936,AC,393116042,2020-02-15 13:00:00,4,2,2,1,1082669745,C. Yocum,L,SL,R,-2.30238207266,-1.37013395468,-1.02665731917,10.6066466892,5.23206542034,HBP,HBP,0.480039715106,5.50827823278,75.6841323011,1428.59030471,275.268518978,0.8
905,2020,730263552,UVU,D1 Western Athletic Conference,730375936,AC,393116042,2020-02-15 13:00:00,4,0,0,1,1391015863,B. Zeleny,L,SL,L,1.34469295527,3.08974450969,-1.09986445778,9.98124367544,5.40855567804,B,IP_OUT,2.48203163794,4.74521811565,64.6045978434,1684.44201433,275.923467413,0.13
906,2020,730263552,UVU,D1 Western Athletic Conference,730375936,AC,393116042,2020-02-15 13:00:00,4,1,0,1,1391015863,B. Zeleny,L,CH,L,-0.714617626502,2.19595515382,15.281332224,-8.97243897796,6.22956808022,F,IP_OUT,2.06682174265,4.6161585344,75.9617120952,1669.74883727,149.654668594,-0.15
907,2020,730263552,UVU,D1 Western Athletic Conference,730375936,AC,393116042,2020-02-15 13:00:00,4,0,0,2,1391015863,B. Zeleny,L,SL,L,0.234957273454,3.02175543872,3.56729090782,13.8599867905,5.37145160143,SL,K,2.32441362725,4.79385756975,64.573544651,1643.57594944,255.31205599,-0.15
908,2020,730263552,UVU,D1 Western Athletic Conference,730375936,AC,393116042,2020-02-15 13:00:00,4,0,1,2,1391015863,B. Zeleny,L,SL,L,-0.315490894981,3.18452400843,4.30220001759,17.9432731047,5.63566251315,F,K,2.45039047378,4.58829034992,64.7087166083,1706.91538574,256.321641454,-0.15
909,2020,730263552,UVU,D1 Western Athletic Conference,730375936,AC,393116042,2020-02-15 13:00:00,4,0,2,2,1391015863,B. Zeleny,L,FA,L,-2.37101295783,1.40353891381,13.6659789345,-8.72332178665,6.07985771272,B,K,1.72950290751,4.66390163335,81.5930989178,1927.1996058,147.523505481,0.13
910,2020,730263552,UVU,D1 Western Athletic Conference,730375936,AC,393116042,2020-02-15 13:00:00,4,1,2,2,1391015863,B. Zeleny,L,SL,L,-1.6778004095,1.69464227316,4.10646132783,12.9352126595,5.62420217584,F,K,2.23571174302,4.66384755609,65.724709434,1720.39716858,252.140739134,0.0
911,2020,730263552,UVU,D1 Western Athletic Conference,730375936,AC,393116042,2020-02-15 13:00:00,4,1,2,2,1391015863,B. Zeleny,L,SL,L,0.197046382496,0.932847859382,5.57355386211,-12.3949845466,6.37547391297,SS,K,2.20344313405,4.20628491253,67.4458535768,1772.80021884,114.434480873,-0.15
912,2020,730263552,UVU,D1 Western Athletic Conference,730375936,AC,393116042,2020-02-15 13:00:00,5,0,0,0,1391015863,B. Zeleny,L,SL,R,0.373607535334,1.29449064147,-1.42871910413,12.7323454966,5.13344120526,F,S,2.18727138463,4.85577499187,67.9379866824,1609.98238517,276.140546187,-0.15
913,2020,730263552,UVU,D1 Western Athletic Conference,730375936,AC,393116042,2020-02-15 13:00:00,5,0,1,0,1391015863,B. Zeleny,L,SL,R,-1.15777604047,1.97353475739,3.22597932203,-12.9733618136,6.25718001794,B,S,2.38741183345,4.22180042197,69.2295352051,1668.06509531,104.194968441,0.13
914,2020,730263552,UVU,D1 Western Athletic Conference,730375936,AC,393116042,2020-02-15 13:00:00,5,1,1,0,1391015863,B. Zeleny,L,SL,R,-0.408961652723,1.1463499714,-0.372884443077,11.1317565671,5.19427802893,IP,S,2.23762616322,4.85444256354,67.2734909466,1710.98431234,271.610808855,1.0
915,2020,730263552,UVU,D1 Western Athletic Conference,730375936,AC,393116042,2020-02-15 13:00:00,5,0,0,0,1391015863,B. Zeleny,L,FA,L,-1.13887609067,1.203970813,9.92595527916,-7.82810952236,5.94296819108,F,IP_OUT,2.01654227287,4.59329754342,77.15162604,1643.74441605,141.863926336,-0.15
916,2020,730263552,UVU,D1 Western Athletic Conference,730375936,AC,393116042,2020-02-15 13:00:00,5,0,1,0,1391015863,B. Zeleny,L,FA,L,-0.424595235846,2.40276601776,8.74170402438,-10.3785990468,5.94375155552,F,IP_OUT,2.2302412418,4.43281578826,78.9735737313,1742.36401352,130.241929334,-0.15
917,2020,730263552,UVU,D1 Western Athletic Conference,730375936,AC,393116042,2020-02-15 13:00:00,5,0,0,1,1391015863,B. Zeleny,L,SL,L,0.0230818565598,1.65056211356,2.38031382944,9.33943345726,5.2760222924,SL,K,2.42574246231,4.72026940426,66.2844896517,1712.51384093,255.350421175,-0.15
918,2020,730263552,UVU,D1 Western Athletic Conference,730375936,AC,393116042,2020-02-15 13:00:00,5,0,1,1,1391015863,B. Zeleny,L,SL,L,-1.22777470904,1.84865704144,2.2606622248,13.817528948,5.51789630414,SS,K,2.22647006841,4.72910047594,66.752727454,1719.66386316,260.468561381,-0.15
919,2020,730263552,UVU,D1 Western Athletic Conference,730375936,AC,393116042,2020-02-15 13:00:00,5,0,2,1,1391015863,B. Zeleny,L,FA,L,-2.33622337209,1.15625175134,16.1342036974,-7.03373113036,5.90794672499,B,K,1.84116548349,4.94074745777,81.6756446977,1747.90450606,156.496365409,0.13
920,2020,730263552,UVU,D1 Western Athletic Conference,730375936,AC,393116042,2020-02-15 13:00:00,5,1,2,1,1391015863,B. Zeleny,L,SL,L,-0.463445223202,0.808895544898,7.98337917635,-11.8284384943,6.42631980656,SS,K,2.14268926967,4.31872754939,68.0851841281,1742.28062552,124.20197975,-0.15
921,2020,730263552,UVU,D1 Western Athletic Conference,730375936,AC,393116042,2020-02-15 13:00:00,5,0,0,2,1391015863,B. Zeleny,L,FA,L,0.143815370517,2.64102855546,4.04424189892,-8.84591067148,6.21672322704,IP,D,2.11006894525,4.53579402263,77.3405208706,1716.86488096,114.801459543,1.26
922,2020,730263552,UVU,D1 Western Athletic Conference,730375936,AC,393116042,2020-02-15 13:00:00,5,1,0,2,1391015863,B. Zeleny,L,FA,R,-1.16435378119,0.865684536332,18.2115607557,-7.37229184347,6.01239775091,B,BB,1.86302136476,4.94202204518,80.1683788109,1857.06529229,158.006068231,0.13
923,2020,730263552,UVU,D1 Western Athletic Conference,730375936,AC,393116042,2020-02-15 13:00:00,5,2,0,2,1391015863,B. Zeleny,L,FA,R,-0.357589455,1.33969910491,8.15525140277,-7.45177701752,6.1261616506,F,BB,2.38024787262,4.53010964087,78.1177920205,1678.46625077,137.72927177,-0.15
924,2020,730263552,UVU,D1 Western Athletic Conference,730375936,AC,393116042,2020-02-15 13:00:00,5,2,1,2,1391015863,B. Zeleny,L,SL,R,1.19056296239,0.557100211278,-0.66970416936,11.303071382,5.45505431204,B,BB,2.39786237814,4.69022768487,66.9903923858,1635.90525141,273.092130802,0.13
925,2020,730263552,UVU,D1 Western Athletic Conference,730375936,AC,393116042,2020-02-15 13:00:00,5,3,1,2,1391015863,B. Zeleny,L,SL,R,0.401912587931,-0.532508340534,14.0119130398,-9.41530727078,6.19462707804,B,BB,2.03698784553,4.73952252726,78.6397775909,1767.47783199,146.180528143,0.8
926,2020,730263552,UVU,D1 Western Athletic Conference,730375936,AC,393116042,2020-02-15 13:00:00,5,0,0,2,1460375382,S. Triplett,R,SL,R,1.27272506646,1.83090524365,-4.38727031884,-8.64199808422,4.70820814903,B,IP_OUT,-1.06027111494,5.49882456037,76.4705169096,2104.17674166,63.3364967502,0.13
927,2020,730263552,UVU,D1 Western Athletic Conference,730375936,AC,393116042,2020-02-15 13:00:00,6,0,0,0,1460375382,S. Triplett,R,SL,R,0.0011303297777,3.97534644593,0.808604315162,-12.5933418832,4.54951976372,B,HBP,-0.957435078334,5.44328889212,75.1636675303,1911.05805649,93.9002058302,0.13
928,2020,730263552,UVU,D1 Western Athletic Conference,730375936,AC,393116042,2020-02-15 13:00:00,6,1,0,0,1460375382,S. Triplett,R,FA,R,-1.06969248773,3.6227385898,16.3686938266,13.4887376917,4.98504343956,B,HBP,-0.816828896503,5.81314132887,87.4033332888,2276.12608156,219.429417704,0.13
929,2020,730263552,UVU,D1 Western Athletic Conference,730375936,AC,393116042,2020-02-15 13:00:00,6,2,0,0,1460375382,S. Triplett,R,FA,R,-2.13040966903,3.30097134692,12.7017985189,23.5579915259,5.17161040706,HBP,HBP,-1.08613843237,5.63028300574,86.853443198,2208.40521191,241.600486271,0.8
930,2020,730263552,UVU,D1 Western Athletic Conference,730375936,AC,393116042,2020-02-15 13:00:00,6,0,0,0,1460375382,S. Triplett,R,FA,L,0.543110703513,1.42644573715,15.919218727,18.8522168894,5.04887320079,SL,HR,-1.1440030932,5.63727460972,86.3450804476,2172.81217429,229.756760401,-0.15
931,2020,730263552,UVU,D1 Western Athletic Conference,730375936,AC,393116042,2020-02-15 13:00:00,6,0,1,0,1460375382,S. Triplett,R,FA,L,-0.420382527501,2.32958523181,16.3190329005,21.4227619064,5.02662517545,F,HR,-1.17335482872,5.53722867361,86.8647979008,2162.12847205,232.64022609,-0.15
932,2020,730263552,UVU,D1 Western Athletic Conference,730375936,AC,393116042,2020-02-15 13:00:00,6,0,2,0,1460375382,S. Triplett,R,SL,L,-1.5361773028,1.6359489882,4.8518668823,18.9437250943,5.3677747552,B,HR,-1.36149964623,5.25710174924,80.1186768247,1742.15824031,255.51820958,0.13
933,2020,730263552,UVU,D1 Western Athletic Conference,730375936,AC,393116042,2020-02-15 13:00:00,6,1,2,0,1460375382,S. Triplett,R,SL,L,0.374352753297,0.157046600044,-0.628436694075,-5.18075352253,5.0239006537,B,HR,-1.12556114745,5.40784634681,74.8565665208,2010.2148382,83.6073126487,0.13
934,2020,730263552,UVU,D1 Western Athletic Conference,730375936,AC,393116042,2020-02-15 13:00:00,6,2,2,0,1460375382,S. Triplett,R,FA,L,-0.907269452316,2.38864683676,13.5486160146,22.2698991868,5.09738417667,IP,HR,-0.986012089789,5.49733945737,86.7941069654,2163.54670284,238.616517635,1.76
935,2020,730263552,UVU,D1 Western Athletic Conference,730375936,AC,393116042,2020-02-15 13:00:00,6,0,0,0,1460375382,S. Triplett,R,SL,L,-0.138957932029,1.39290782877,-3.60807737395,-8.65157382758,5.07889792968,SL,IP_OUT,-1.02645634737,5.52228354854,76.3137327103,1867.64705309,67.6295844015,-0.15
936,2020,730263552,UVU,D1 Western Athletic Conference,730375936,AC,393116042,2020-02-15 13:00:00,6,0,1,0,1460375382,S. Triplett,R,CU,L,0.047398083875,-0.00933398460194,-8.89464538072,-4.23883953363,4.69348492371,B,IP_OUT,-1.09709497529,5.47882901057,75.7698881734,1955.65229758,25.6013073116,0.13
937,2020,730263552,UVU,D1 Western Athletic Conference,730375936,AC,393116042,2020-02-15 13:00:00,6,1,1,0,1460375382,S. Triplett,R,FA,L,-0.822751286169,2.66592589761,15.9057646055,13.6060092465,4.99445489676,F,IP_OUT,-1.10532442296,5.73556963191,87.8213809501,2300.01440943,220.481490654,-0.15
938,2020,730263552,UVU,D1 Western Athletic Conference,730375936,AC,393116042,2020-02-15 13:00:00,6,1,2,0,1460375382,S. Triplett,R,SL,L,-2.5063463666,3.42423398372,6.7113166885,20.2515208693,5.24645715803,B,IP_OUT,-1.40533988528,5.25302546799,80.5124177497,1947.36295579,251.557570927,0.13
939,2020,730263552,UVU,D1 Western Athletic Conference,730375936,AC,393116042,2020-02-15 13:00:00,6,2,2,0,1460375382,S. Triplett,R,CU,L,-1.67571311118,1.31154220393,-2.67375540141,-7.12981662998,4.80129823377,B,IP_OUT,-1.26562277645,5.42035929787,75.3498129228,1868.28514404,69.7899696146,0.13
940,2020,730263552,UVU,D1 Western Athletic Conference,730375936,AC,393116042,2020-02-15 13:00:00,6,0,0,2,1460375382,S. Triplett,R,FA,L,-1.36200992455,2.25912732788,12.5508010113,15.9245440368,5.07099089445,SS,K,-1.06142829147,5.58959080884,87.6871488609,2174.94699261,231.678555554,-0.15
941,2020,730263552,UVU,D1 Western Athletic Conference,730375936,AC,393116042,2020-02-15 13:00:00,6,0,1,2,1460375382,S. Triplett,R,FA,L,-0.652640172389,1.92203223056,15.2755425326,14.5649860121,5.1608302157,SL,K,-1.0050199287,5.5047397395,87.1605988675,1991.23357161,223.569120414,-0.15
942,2020,730263552,UVU,D1 Western Athletic Conference,730375936,AC,393116042,2020-02-15 13:00:00,6,0,2,2,1460375382,S. Triplett,R,SL,L,-1.56677980544,2.2785542363,6.04968242435,18.7237281782,5.01306509899,SS,K,-1.34842366538,5.22350133991,81.929166613,1908.10578235,251.983708366,-0.15
943,2020,730263552,UVU,D1 Western Athletic Conference,730375936,AC,393116042,2020-02-15 13:00:00,7,0,0,1,1460375382,S. Triplett,R,FA,L,-1.58452328956,2.78170850832,10.8363908362,18.6544968449,5.05576925653,B,IP_OUT,-1.05374166117,5.63935234442,86.3251855197,2219.17507679,239.765086466,0.13
944,2020,730263552,UVU,D1 Western Athletic Conference,730375936,AC,393116042,2020-02-15 13:00:00,7,0,0,2,1460375382,S. Triplett,R,FA,R,0.270054459847,1.93704408806,12.5479896486,15.9453300789,5.2278018881,IP,S,-0.699580796294,5.77934391088,87.19656667,2279.46846748,231.721541053,1.0
945,2020,730263552,UVU,D1 Western Athletic Conference,730375936,AC,393116042,2020-02-15 13:00:00,7,0,0,2,1460375382,S. Triplett,R,FA,R,-0.145789046392,2.6656159599,19.1418253566,21.0267345242,5.07937985,IP,D,-0.890144721054,5.70311043606,85.9637365374,2259.69092306,227.631183215,1.26
946,2020,730263552,UVU,D1 Western Athletic Conference,730375936,AC,393116042,2020-02-15 13:00:00,7,0,0,2,1460375382,S. Triplett,R,FA,R,-1.727024575,3.86952704315,20.4999336794,19.5163437344,5.14571345479,HBP,HBP,-0.806941993782,5.82359783512,87.819784432,2264.23491451,223.542891577,0.8
947,2020,730263552,UVU,D1 Western Athletic Conference,730375936,AC,393116042,2020-02-15 13:00:00,7,0,0,2,1460375382,S. Triplett,R,FA,L,-1.48756337081,3.00610787922,16.6561881519,14.9917706685,4.98605449518,B,K,-1.01045871546,5.60300516576,87.2312202522,2137.7017927,221.928301337,0.13
948,2020,730263552,UVU,D1 Western Athletic Conference,730375936,AC,393116042,2020-02-15 13:00:00,7,1,0,2,1460375382,S. Triplett,R,FA,L,-0.905653613807,2.8879733146,15.857996353,15.0623424912,5.02334197301,F,K,-1.22591695914,5.65435653341,87.2887018224,2171.42441004,223.46223221,-0.15
949,2020,730263552,UVU,D1 Western Athletic Conference,730375936,AC,393116042,2020-02-15 13:00:00,7,1,1,2,1460375382,S. Triplett,R,SL,L,-0.811623190896,2.37986698963,5.43854203959,21.2807234696,5.31829309965,SL,K,-1.15243556135,5.24676905371,80.6813432426,1743.04305731,255.560063312,-0.15
950,2020,730263552,UVU,D1 Western Athletic Conference,730375936,AC,393116042,2020-02-15 13:00:00,7,1,2,2,1460375382,S. Triplett,R,SL,L,-0.468227999704,0.889376523957,8.25510300464,17.5935644034,5.32763774162,SS,K,-1.47449294361,5.16914800374,80.6009032021,1749.15580629,244.75395942,-0.15
951,2020,730263552,UVU,D1 Western Athletic Conference,730375936,AC,393116042,2020-02-15 13:00:00,8,0,0,0,1098514976,D. Cook,L,SL,L,0.146609408425,1.97080098297,7.78124893668,-10.98191847,4.74580436196,IP,S,1.4873034983,5.0560578442,73.2848452494,1662.02602558,125.497088136,1.0
952,2020,730263552,UVU,D1 Western Athletic Conference,730375936,AC,393116042,2020-02-15 13:00:00,8,0,0,0,1098514976,D. Cook,L,FA,R,1.22086221046,2.55018726019,6.21514377078,-11.6060181709,4.88248546319,B,DP,1.24613220159,5.2926242867,81.4843642438,1743.2187184,118.328193434,0.13
953,2020,730263552,UVU,D1 Western Athletic Conference,730375936,AC,393116042,2020-02-15 13:00:00,8,1,0,0,1098514976,D. Cook,L,FA,R,0.877668319659,1.65641012151,13.3593388253,-10.047740945,4.60643276066,F,DP,0.959942010336,5.39028547374,81.7169772529,1870.88501238,143.138440655,-0.15
954,2020,730263552,UVU,D1 Western Athletic Conference,730375936,AC,393116042,2020-02-15 13:00:00,8,1,1,0,1098514976,D. Cook,L,SL,R,1.01463029528,2.20232341498,5.16870923443,-10.1491514741,4.67510328476,SL,DP,1.28399131273,5.18347877035,71.7236262572,1598.6338978,117.227582222,-0.15
955,2020,730263552,UVU,D1 Western Athletic Conference,730375936,AC,393116042,2020-02-15 13:00:00,8,1,2,0,1098514976,D. Cook,L,CH,R,0.290802014823,1.87845646324,15.7249717109,-6.07155023662,4.72934084544,F,DP,1.25948163196,5.28799517651,73.8019259083,1627.30396757,158.94944263,0.0
956,2020,730263552,UVU,D1 Western Athletic Conference,730375936,AC,393116042,2020-02-15 13:00:00,8,1,2,0,1098514976,D. Cook,L,SL,R,-0.19193063938,1.4509891448,-3.14857236026,7.11907983428,4.4095453703,IP,DP,1.17622854756,5.20384775349,70.4186090785,2061.78801178,293.488360893,-0.21
957,2020,730263552,UVU,D1 Western Athletic Conference,730375936,AC,393116042,2020-02-15 13:00:00,8,0,0,2,1098514976,D. Cook,L,CH,R,1.68209188685,2.33458923588,7.39844369526,-14.23145255,4.95922565699,B,S,1.45992391284,5.16846026338,72.8798916163,1694.43031011,117.631357935,0.13
958,2020,730263552,UVU,D1 Western Athletic Conference,730375936,AC,393116042,2020-02-15 13:00:00,8,1,0,2,1098514976,D. Cook,L,FA,R,0.567392512419,1.54089373091,14.6964153863,-8.13988008905,4.57136675553,SL,S,1.35351451517,5.40049423297,83.9530195433,1984.85604067,151.083480617,-0.15
959,2020,730263552,UVU,D1 Western Athletic Conference,730375936,AC,393116042,2020-02-15 13:00:00,8,1,1,2,1098514976,D. Cook,L,SL,R,0.878579025138,2.45301935664,-3.80380145527,4.69310828575,4.55980197168,F,S,1.61938055522,5.13571563037,70.798627599,2177.48556162,308.618315107,-0.15
960,2020,730263552,UVU,D1 Western Athletic Conference,730375936,AC,393116042,2020-02-15 13:00:00,8,1,2,2,1098514976,D. Cook,L,CH,R,0.090227165053,0.901193013456,10.7216752197,-9.78985787551,5.01652240126,IP,S,1.35051830138,5.16668420484,74.8054603016,1695.98675527,137.729974001,1.0
961,2020,730263552,UVU,D1 Western Athletic Conference,730375936,AC,393116042,2020-02-15 13:00:00,8,0,0,2,1098514976,D. Cook,L,FA,L,-0.994492744912,0.429466500582,11.9783202077,-13.7140379693,4.6295487354,B,D,1.02779404992,5.36518464399,82.0393724412,1965.03919621,131.23179866,0.13
962,2020,730263552,UVU,D1 Western Athletic Conference,730375936,AC,393116042,2020-02-15 13:00:00,8,1,0,2,1098514976,D. Cook,L,FA,L,-0.816826424322,2.07885986753,13.7828882518,-12.5826705014,4.7227186757,SL,D,1.02072329023,5.38583156144,82.2528511537,1927.66112237,137.69038774,-0.15
963,2020,730263552,UVU,D1 Western Athletic Conference,730375936,AC,393116042,2020-02-15 13:00:00,8,1,1,2,1098514976,D. Cook,L,SL,L,-1.68987376484,1.63614217766,-0.713094231405,5.45667369229,4.46213204816,B,D,1.16135766176,5.22058476835,70.9669779158,2094.67705663,276.874827941,0.13
964,2020,730263552,UVU,D1 Western Athletic Conference,730375936,AC,393116042,2020-02-15 13:00:00,8,2,1,2,1098514976,D. Cook,L,FA,L,-1.44703001095,1.698379793,12.4220140754,-11.5928160727,4.67137361211,B,D,1.03155943462,5.36266267591,82.122751647,1906.20157636,137.071967614,0.13
965,2020,730263552,UVU,D1 Western Athletic Conference,730375936,AC,393116042,2020-02-15 13:00:00,8,3,1,2,1098514976,D. Cook,L,FA,L,0.735914481555,1.49747898317,11.4385610592,-12.3634775704,4.60314968897,F,D,1.04189944656,5.36778798824,82.3443790983,1897.76652949,132.876476908,-0.15
966,2020,730263552,UVU,D1 Western Athletic Conference,730375936,AC,393116042,2020-02-15 13:00:00,8,3,2,2,1098514976,D. Cook,L,FA,L,0.0575660526977,2.18705742638,12.8404199571,-13.2695696866,4.82927609861,IP,D,0.969447094136,5.34065725078,82.7757728351,1862.7522404,134.147897907,1.26
967,2020,730263552,UVU,D1 Western Athletic Conference,730375936,AC,393116042,2020-02-15 13:00:00,8,0,0,2,1098514976,D. Cook,L,SL,L,-0.127892847873,2.72892685942,-4.36852459216,4.23770119955,4.33091985992,SL,IP_OUT,1.16066146341,5.1777892167,70.1922021481,2128.7661431,315.502581599,-0.15
968,2020,730263552,UVU,D1 Western Athletic Conference,730375936,AC,393116042,2020-02-15 13:00:00,8,0,1,2,1098514976,D. Cook,L,SL,L,-0.232465813613,2.2924412254,-5.604985994,4.86689254531,4.57444090685,F,IP_OUT,1.15373118723,5.12602781503,71.4022757688,2226.28955769,318.755878366,-0.15
969,2020,730263552,UVU,D1 Western Athletic Conference,730375936,AC,393116042,2020-02-15 13:00:00,8,0,2,2,1098514976,D. Cook,L,FA,L,-0.616046791848,3.04828337869,13.9140112543,-4.67949064197,4.8325215757,F,IP_OUT,0.999216068041,5.25730918129,81.7938549838,1911.29868129,161.462224484,0.0
970,2020,730263552,UVU,D1 Western Athletic Conference,730375936,AC,311061534,2020-02-14 13:00:00,1,0,0,0,1907627592,J. Schmit,R,FA,L,-1.27634605799,1.58670143906,16.0508822403,14.1012158927,5.41653338351,SL,HBP,-2.38706004945,6.25408723524,84.0077362939,1990.45175846,221.233147884,-0.15
971,2020,730263552,UVU,D1 Western Athletic Conference,730375936,AC,311061534,2020-02-14 13:00:00,1,0,1,0,1907627592,J. Schmit,R,SL,L,-2.62954527146,3.35308066611,8.50726775727,13.1393455816,5.75030173547,B,HBP,-2.5571485183,5.68176023173,73.6548862048,1206.50481433,236.930044268,0.13
972,2020,730263552,UVU,D1 Western Athletic Conference,730375936,AC,311061534,2020-02-14 13:00:00,1,1,1,0,1907627592,J. Schmit,R,FA,L,-1.89911285321,1.83804707209,18.6548605716,12.7228444209,5.35570887621,B,HBP,-2.19847599552,6.25311294509,84.9862233528,2048.40614397,214.241103117,0.13
973,2020,730263552,UVU,D1 Western Athletic Conference,730375936,AC,311061534,2020-02-14 13:00:00,1,2,1,0,1907627592,J. Schmit,R,FA,L,1.31637276025,2.02932989864,15.2956177391,12.823023065,5.53886181906,SL,HBP,-2.14757309703,6.31394187211,85.0020539392,2068.8504403,219.90645464,-0.15
974,2020,730263552,UVU,D1 Western Athletic Conference,730375936,AC,311061534,2020-02-14 13:00:00,1,2,2,0,1907627592,J. Schmit,R,FS,L,2.58900901525,-1.26007414007,5.6166654062,-6.8578879094,5.4358771891,HBP,HBP,-2.37142558217,6.03689694454,77.0804025087,2383.98660527,129.547461547,0.8
975,2020,730263552,UVU,D1 Western Athletic Conference,730375936,AC,311061534,2020-02-14 13:00:00,1,0,0,0,1907627592,J. Schmit,R,FA,L,-0.679711720725,1.60574195508,15.748181011,16.3532960975,5.34003520732,F,S,-2.15726428932,6.29503338014,84.1004467466,2054.34010728,226.011739611,-0.15
976,2020,730263552,UVU,D1 Western Athletic Conference,730375936,AC,311061534,2020-02-14 13:00:00,1,0,1,0,1907627592,J. Schmit,R,FS,L,1.86870738335,-0.600917698711,5.12284192047,-3.98156532434,5.19572693771,B,S,-2.45748864335,6.04934190359,75.9696548329,2305.76104976,142.395196886,0.13
977,2020,730263552,UVU,D1 Western Athletic Conference,730375936,AC,311061534,2020-02-14 13:00:00,1,1,1,0,1907627592,J. Schmit,R,FA,L,-1.73359014029,2.96489648646,14.6408854301,13.7224197243,5.34831791408,B,S,-2.33673083208,6.36470741667,84.7258800383,2033.37935332,223.073600787,0.13
978,2020,730263552,UVU,D1 Western Athletic Conference,730375936,AC,311061534,2020-02-14 13:00:00,1,2,1,0,1907627592,J. Schmit,R,FA,L,-0.872570073409,2.15628374565,16.5133804793,14.6842484493,5.33099226607,IP,S,-2.46839751219,6.32283372526,84.2536959534,2076.57189174,221.579679562,1.0
979,2020,730263552,UVU,D1 Western Athletic Conference,730375936,AC,311061534,2020-02-14 13:00:00,1,0,0,0,1907627592,J. Schmit,R,CH,R,1.11910865026,2.04347989374,7.01053338327,-8.74672166469,5.39548846601,SS,K,-2.19784888917,6.22667823771,69.196713819,2315.88766359,128.934463197,-0.15
980,2020,730263552,UVU,D1 Western Athletic Conference,730375936,AC,311061534,2020-02-14 13:00:00,1,0,1,0,1907627592,J. Schmit,R,CH,R,1.65130534204,2.69346723942,9.5031789727,-7.76451096175,5.61089409788,B,K,-2.35993509395,6.11340139791,69.3371379244,2380.82755544,140.913254712,0.13
981,2020,730263552,UVU,D1 Western Athletic Conference,730375936,AC,311061534,2020-02-14 13:00:00,1,1,1,0,1907627592,J. Schmit,R,SL,R,1.67775452733,0.346433855613,0.395582066719,-3.15005291202,5.34044238212,SS,K,-2.40248405122,5.98205844397,76.0616191876,2352.17519238,97.982344628,-0.15
982,2020,730263552,UVU,D1 Western Athletic Conference,730375936,AC,311061534,2020-02-14 13:00:00,1,1,2,0,1907627592,J. Schmit,R,SL,R,1.72312711251,1.66350682911,3.97025108691,-3.68364889345,5.56547491315,SS,K,-2.07236086489,5.89683167134,76.5759663021,2310.25365962,137.466624272,-0.15
983,2020,730263552,UVU,D1 Western Athletic Conference,730375936,AC,311061534,2020-02-14 13:00:00,1,0,0,1,1907627592,J. Schmit,R,SL,L,-2.38274422856,3.15792360883,5.89247087693,13.5669936783,5.79185754139,B,D,-2.54047524875,5.71943810552,75.4852390762,1277.15336274,246.360593635,0.13
984,2020,730263552,UVU,D1 Western Athletic Conference,730375936,AC,311061534,2020-02-14 13:00:00,1,1,0,1,1907627592,J. Schmit,R,SL,L,-0.552544101129,1.11142969608,-1.5308522695,-2.14202326114,5.58181562292,B,D,-2.5664684794,5.89655167805,70.461221613,2386.20865488,55.3934007813,0.13
985,2020,730263552,UVU,D1 Western Athletic Conference,730375936,AC,311061534,2020-02-14 13:00:00,1,2,0,1,1907627592,J. Schmit,R,FA,L,-0.792876004149,2.73110372343,18.8138396651,13.5910785799,5.47259435833,IP,D,-2.24127464798,6.39039570691,85.9531012112,2095.82222477,215.792493363,1.26
986,2020,730263552,UVU,D1 Western Athletic Conference,730375936,AC,311061534,2020-02-14 13:00:00,1,0,0,1,1907627592,J. Schmit,R,CU,R,1.28618779931,1.85492617174,6.04190861404,-7.33511384163,5.28067085622,SL,IP_OUT,-2.24605713739,6.07179415478,69.6098048646,2391.37426162,129.73063041,-0.15
987,2020,730263552,UVU,D1 Western Athletic Conference,730375936,AC,311061534,2020-02-14 13:00:00,1,0,1,1,1907627592,J. Schmit,R,CU,R,0.553267969128,1.25130015752,-2.12741259367,-0.882551204616,5.72972636903,SL,IP_OUT,-2.4205099321,5.85190793326,69.3509442096,2290.12849927,23.0535055431,-0.15
988,2020,730263552,UVU,D1 Western Athletic Conference,730375936,AC,311061534,2020-02-14 13:00:00,1,0,2,1,1907627592,J. Schmit,R,CH,R,2.5050336173,0.152562864897,6.47023374318,-2.59531635878,5.4963691347,B,IP_OUT,-2.13389844723,5.9558062854,75.3200552374,2419.39760936,158.284200414,0.13
989,2020,730263552,UVU,D1 Western Athletic Conference,730375936,AC,311061534,2020-02-14 13:00:00,1,0,0,2,1907627592,J. Schmit,R,CU,R,0.702408321673,1.49119085774,-7.73547968882,-7.49447459874,5.54057481707,SL,K,-2.55834342732,5.7753046885,70.0828187081,2258.38687992,44.2946277903,-0.15
990,2020,730263552,UVU,D1 Western Athletic Conference,730375936,AC,311061534,2020-02-14 13:00:00,1,0,1,2,1907627592,J. Schmit,R,FA,R,-0.0586690320738,2.87205910609,16.7779792662,11.5479750135,5.57114857762,F,K,-1.97960661223,6.25743436463,86.2110708192,2007.72272581,214.482411535,-0.15
991,2020,730263552,UVU,D1 Western Athletic Conference,730375936,AC,311061534,2020-02-14 13:00:00,1,0,2,2,1907627592,J. Schmit,R,CU,R,0.785250031872,1.63803384571,-2.5309424605,-2.21771251989,5.42310786181,F,K,-2.35621938279,5.84134324229,74.7633730319,2266.99015024,41.7560175579,0.0
992,2020,730263552,UVU,D1 Western Athletic Conference,730375936,AC,311061534,2020-02-14 13:00:00,1,0,2,2,1907627592,J. Schmit,R,CH,R,-0.450283288589,2.09882737912,3.25879373373,-3.01482946454,5.36459494395,SL,K,-2.3651172003,5.79406948827,74.758795825,2340.4926364,137.641964457,-0.15
993,2020,730263552,UVU,D1 Western Athletic Conference,730375936,AC,311061534,2020-02-14 13:00:00,2,0,0,0,1907627592,J. Schmit,R,FA,L,-1.5543002012,1.74658618366,19.5700382349,12.9463347788,5.32906684095,B,K,-2.37465896507,6.32837761487,84.4399409528,2001.27066354,213.435880974,0.13
994,2020,730263552,UVU,D1 Western Athletic Conference,730375936,AC,311061534,2020-02-14 13:00:00,2,1,0,0,1907627592,J. Schmit,R,FA,L,-1.15323856448,2.08848891295,21.2576047699,11.6642001593,5.34473080133,SL,K,-2.18503823161,6.37437324304,84.1233229146,2042.93285745,208.710644327,-0.15
995,2020,730263552,UVU,D1 Western Athletic Conference,730375936,AC,311061534,2020-02-14 13:00:00,2,1,1,0,1907627592,J. Schmit,R,FA,L,-1.02017444537,1.72084544165,12.4880415476,17.1387730902,5.45775311988,F,K,-2.26278501568,6.30458749486,84.7763227006,1932.77334577,233.841140717,-0.15
996,2020,730263552,UVU,D1 Western Athletic Conference,730375936,AC,311061534,2020-02-14 13:00:00,2,1,2,0,1907627592,J. Schmit,R,SL,L,-2.37154949094,2.82572111111,5.83300917089,18.8870869561,5.70518495121,B,K,-2.6224257843,5.68819900143,74.3038289672,1299.46308601,252.705389751,0.13
997,2020,730263552,UVU,D1 Western Athletic Conference,730375936,AC,311061534,2020-02-14 13:00:00,2,2,2,0,1907627592,J. Schmit,R,FA,L,-0.250954145325,1.72838740592,16.975899719,16.8915907916,5.44177191188,F,K,-2.21822492061,6.36087851243,85.1215797932,2077.7194625,224.794553461,0.0
998,2020,730263552,UVU,D1 Western Athletic Conference,730375936,AC,311061534,2020-02-14 13:00:00,2,2,2,0,1907627592,J. Schmit,R,SL,L,-0.806408090306,2.99207255261,0.271802375313,-5.65841669222,5.39109452432,SL,K,-2.44328064298,6.06609202638,70.9582503261,2288.65625202,93.2792287399,-0.15
999,2020,730263552,UVU,D1 Western Athletic Conference,730375936,AC,311061534,2020-02-14 13:00:00,2,0,0,1,1907627592,J. Schmit,R,CU,R,0.147370366422,1.1536300109,2.05365304477,-4.23576373718,5.56866040809,B,K,-2.47443834765,5.88734832192,69.4249858737,2271.3701567,116.461627791,0.13
1000,2020,730263552,UVU,D1 Western Athletic Conference,730375936,AC,311061534,2020-02-14 13:00:00,2,1,0,1,1907627592,J. Schmit,R,FA,R,0.402412939955,1.58365260893,17.5292682507,15.304959656,5.42499969169,SL,K,-2.0866153076,6.33680125984,85.21988544,2162.62083789,221.065298396,-0.15
1001,2020,730263552,UVU,D1 Western Athletic Conference,730375936,AC,311061534,2020-02-14 13:00:00,2,1,1,1,1907627592,J. Schmit,R,SL,R,0.779999819357,1.75575581197,1.890354507,-6.03466719134,5.45709536721,SS,K,-2.31998061117,6.02418557821,70.5915770136,2314.79082205,107.847948871,-0.15
1002,2020,730263552,UVU,D1 Western Athletic Conference,730375936,AC,311061534,2020-02-14 13:00:00,2,1,2,1,1907627592,J. Schmit,R,CH,R,1.38631113553,1.07391276735,2.4340749153,-2.28525866096,5.5054428566,SS,K,-2.17114394822,5.96313038401,75.6687655559,2462.33068664,137.335167713,-0.15
1003,2020,730263552,UVU,D1 Western Athletic Conference,730375936,AC,311061534,2020-02-14 13:00:00,2,0,0,2,1907627592,J. Schmit,R,CH,L,-0.956272116055,1.86390153457,7.58172075267,10.8108183472,5.82339460043,SL,K,-2.59333887199,5.76118150316,75.3323318237,1408.38834876,234.795592628,-0.15
1004,2020,730263552,UVU,D1 Western Athletic Conference,730375936,AC,311061534,2020-02-14 13:00:00,2,0,1,2,1907627592,J. Schmit,R,SL,L,-1.48159209592,3.35287680029,5.68095215063,11.1079787426,5.95932846008,B,K,-2.42667388557,5.75299777839,75.3319432104,1375.48485369,242.726282138,0.13
1005,2020,730263552,UVU,D1 Western Athletic Conference,730375936,AC,311061534,2020-02-14 13:00:00,2,1,1,2,1907627592,J. Schmit,R,CU,L,-1.07928285136,1.39146001843,-4.52704208783,-7.87268484763,5.45278355858,SL,K,-2.36070516187,6.00022985019,69.6754468643,2244.82909499,60.4030043161,-0.15
1006,2020,730263552,UVU,D1 Western Athletic Conference,730375936,AC,311061534,2020-02-14 13:00:00,2,1,2,2,1907627592,J. Schmit,R,FA,L,-0.968588546701,1.04700010529,14.3530617844,15.7791547483,5.51301119892,SS,K,-2.29379521045,6.26799573895,84.9586721193,2022.8028122,227.636992981,-0.15
1007,2020,730263552,UVU,D1 Western Athletic Conference,730375936,AC,311061534,2020-02-14 13:00:00,3,0,0,0,1907627592,J. Schmit,R,SL,L,-1.17926363038,1.70781219245,4.71943706438,13.9885852598,5.66402570239,SS,IP_OUT,-2.64751204341,5.69623549775,74.1548259904,1331.63071324,251.181185125,-0.15
1008,2020,730263552,UVU,D1 Western Athletic Conference,730375936,AC,311061534,2020-02-14 13:00:00,3,0,1,0,1907627592,J. Schmit,R,CH,L,-1.85768036129,3.2493161076,8.17237995271,10.6924192089,5.81924254337,B,IP_OUT,-2.67955945988,5.62464145004,73.2731825543,1280.39618907,232.445070124,0.13
1009,2020,730263552,UVU,D1 Western Athletic Conference,730375936,AC,311061534,2020-02-14 13:00:00,3,1,1,0,1907627592,J. Schmit,R,CU,L,0.481977293497,0.627797433568,5.05056044478,-7.08275550142,5.3985699067,B,IP_OUT,-2.65072541618,5.86176059267,69.299333305,2167.46361033,125.787659093,0.13
1010,2020,730263552,UVU,D1 Western Athletic Conference,730375936,AC,311061534,2020-02-14 13:00:00,3,0,0,1,1907627592,J. Schmit,R,SL,L,-0.122850944543,2.25604968713,-0.592757738509,-6.89179836863,5.41632168173,SL,IP_OUT,-2.42749271197,5.98798942848,69.802527664,2293.31147711,85.5336892272,-0.15
1011,2020,730263552,UVU,D1 Western Athletic Conference,730375936,AC,311061534,2020-02-14 13:00:00,3,0,1,1,1907627592,J. Schmit,R,SL,L,-0.900640219966,1.51753112702,7.90095680493,15.6223054749,5.92859141361,SL,IP_OUT,-2.5337375208,5.63996179877,73.677211484,1328.92974149,243.033334535,-0.15
1012,2020,730263552,UVU,D1 Western Athletic Conference,730375936,AC,311061534,2020-02-14 13:00:00,3,0,2,1,1907627592,J. Schmit,R,FA,L,-1.35732566675,0.77522701234,15.9639323772,16.4943021458,5.80569227224,B,IP_OUT,-2.12169712012,6.22279128705,84.8570478107,2084.42588144,225.870130934,0.13
1013,2020,730263552,UVU,D1 Western Athletic Conference,730375936,AC,311061534,2020-02-14 13:00:00,3,1,2,1,1907627592,J. Schmit,R,SL,L,-0.925841361297,2.2336543336,3.13610329338,13.3106858846,5.81484945036,F,IP_OUT,-2.46059935055,5.60287211385,74.3598814611,1374.60701677,256.549831066,0.0
1014,2020,730263552,UVU,D1 Western Athletic Conference,730375936,AC,311061534,2020-02-14 13:00:00,3,1,2,1,1907627592,J. Schmit,R,SL,L,-0.0220973482056,0.607957832116,-0.567343868459,-7.6538045816,5.90913121854,F,IP_OUT,-2.44420488292,5.88198142681,70.5932003233,2301.88130905,86.1544074096,0.0
1015,2020,730263552,UVU,D1 Western Athletic Conference,730375936,AC,311061534,2020-02-14 13:00:00,3,1,2,1,1907627592,J. Schmit,R,FA,L,-2.37760784141,1.88527433468,14.6258447859,16.6638627378,5.54628824499,B,IP_OUT,-2.3237036752,6.32000484809,84.4551267648,2066.13502607,228.653254342,0.13
1016,2020,730263552,UVU,D1 Western Athletic Conference,730375936,AC,311061534,2020-02-14 13:00:00,3,0,0,2,1907627592,J. Schmit,R,CH,R,1.11558846271,1.19902682097,3.01518811075,-1.66202522581,5.58760799646,SS,IP_OUT,-2.26207620986,5.88722223719,75.4415503687,2255.82322622,151.509928704,-0.15
1017,2020,730263552,UVU,D1 Western Athletic Conference,730375936,AC,311061534,2020-02-14 13:00:00,3,0,1,2,1907627592,J. Schmit,R,CH,R,0.938986273378,0.243559926357,9.94154817859,1.17829342568,5.46598644386,B,IP_OUT,-2.19825586554,5.95438560611,75.4145568208,2402.86711467,186.727803103,0.13
1018,2020,730263552,UVU,D1 Western Athletic Conference,730375936,AC,311061534,2020-02-14 13:00:00,4,0,0,0,1907627592,J. Schmit,R,SL,L,-0.340201915751,1.16657024317,3.34247466762,19.9900402552,5.57763049036,SL,K,-2.46080645378,5.72620904685,75.4779217806,1480.40969545,260.377326764,-0.15
1019,2020,730263552,UVU,D1 Western Athletic Conference,730375936,AC,311061534,2020-02-14 13:00:00,4,0,1,0,1907627592,J. Schmit,R,SL,L,-1.65644657183,1.7098724206,5.57937935775,13.9948357461,5.57663500623,SS,K,-2.7091833173,5.77888868195,74.5195284456,1359.27279237,248.096778318,-0.15
1020,2020,730263552,UVU,D1 Western Athletic Conference,730375936,AC,311061534,2020-02-14 13:00:00,4,0,2,0,1907627592,J. Schmit,R,FA,L,-1.22850226712,4.75110910798,13.2142742424,14.3626453733,5.41058790401,B,K,-2.49202966297,6.24784259219,83.0285649886,1974.94005171,227.301216761,0.13
1021,2020,730263552,UVU,D1 Western Athletic Conference,730375936,AC,311061534,2020-02-14 13:00:00,4,1,2,0,1907627592,J. Schmit,R,SL,L,-2.5769566267,2.16498095719,5.07616252247,14.8467188699,5.4760551592,B,K,-2.61894039674,5.70169489624,73.1882205478,1421.94794564,250.954581239,0.13
1022,2020,730263552,UVU,D1 Western Athletic Conference,730375936,AC,311061534,2020-02-14 13:00:00,4,2,2,0,1907627592,J. Schmit,R,CU,L,-1.16078476517,0.947655812894,-0.73846658918,-4.11836755849,5.55506537239,SS,K,-2.44024977512,5.96135347798,69.5831487608,2271.86779331,80.5643052054,-0.15
1023,2020,730263552,UVU,D1 Western Athletic Conference,730375936,AC,311061534,2020-02-14 13:00:00,4,0,0,1,1907627592,J. Schmit,R,FA,R,1.88273397084,1.68647957017,13.6411410736,17.0010703517,5.53630120521,B,IP_OUT,-2.11585155942,6.3971282662,84.1640674873,2009.28089445,231.179344617,0.13
1024,2020,730263552,UVU,D1 Western Athletic Conference,730375936,AC,311061534,2020-02-14 13:00:00,4,1,1,1,1907627592,J. Schmit,R,CU,R,0.128590878521,3.15507776687,6.69335511037,-4.61582552079,5.54789963687,F,IP_OUT,-2.28979141134,6.00936592792,70.7121597927,2178.74077846,145.618966478,-0.15
1025,2020,730263552,UVU,D1 Western Athletic Conference,730375936,AC,311061534,2020-02-14 13:00:00,4,1,2,1,1907627592,J. Schmit,R,FA,R,0.100631293527,4.29754128486,15.1164950421,12.0835953989,5.67215269087,B,IP_OUT,-2.18357448709,6.2679598441,83.7972990329,2091.66012081,218.568327132,0.13
1026,2020,730263552,UVU,D1 Western Athletic Conference,730375936,AC,311061534,2020-02-14 13:00:00,4,0,0,2,1907627592,J. Schmit,R,FA,R,-0.507608430546,1.72754348443,14.1851096602,18.2207699551,5.59001609446,SL,IP_OUT,-2.09854304466,6.3582604847,83.5386262675,2054.90450059,232.02389661,-0.15
1027,2020,730263552,UVU,D1 Western Athletic Conference,730375936,AC,311061534,2020-02-14 13:00:00,4,0,1,2,1907627592,J. Schmit,R,CH,R,1.64060083016,0.0758006931448,2.99417458471,1.52614717468,5.58377741625,B,IP_OUT,-2.29705961474,5.92588438832,70.0573485663,2276.64152212,206.59608196,0.13
1028,2020,730263552,UVU,D1 Western Athletic Conference,730375936,AC,311061534,2020-02-14 13:00:00,5,0,0,0,1907627592,J. Schmit,R,FA,L,-2.09424487776,1.17343966299,13.2921375679,16.1855312705,5.63596144924,B,IP_OUT,-2.17252544752,6.15947519363,84.1541055239,2040.7172004,230.527086732,0.13
1029,2020,730263552,UVU,D1 Western Athletic Conference,730375936,AC,311061534,2020-02-14 13:00:00,5,1,0,0,1907627592,J. Schmit,R,FA,L,-0.656790044425,0.725512426831,12.5044774074,18.3108735338,5.6954882061,B,IP_OUT,-2.48150687709,6.15453922321,82.5884690959,1999.79162916,235.588905039,0.13
1030,2020,730263552,UVU,D1 Western Athletic Conference,730375936,AC,311061534,2020-02-14 13:00:00,5,2,0,0,1907627592,J. Schmit,R,FA,L,-0.986576540966,2.07013300046,18.4495342629,17.008407716,5.57995089976,F,IP_OUT,-2.49500697563,6.20828658184,81.5429727522,1986.97191384,222.610897972,-0.15
1031,2020,730263552,UVU,D1 Western Athletic Conference,730375936,AC,311061534,2020-02-14 13:00:00,5,2,1,0,1907627592,J. Schmit,R,SL,L,-0.730623116489,1.2570088792,7.21079116041,15.0549577326,5.78246464752,SS,IP_OUT,-2.51226601667,5.80901590761,74.740227596,1396.50107489,244.262167279,-0.15
1032,2020,730263552,UVU,D1 Western Athletic Conference,730375936,AC,311061534,2020-02-14 13:00:00,5,2,2,0,1907627592,J. Schmit,R,FA,L,-1.92375878149,1.24020316518,16.2549145277,15.1665609131,5.57241448722,B,IP_OUT,-2.14683175542,6.37442108568,83.5193731015,1947.28377821,222.94967438,0.13
1033,2020,730263552,UVU,D1 Western Athletic Conference,730375936,AC,311061534,2020-02-14 13:00:00,5,0,0,1,1907627592,J. Schmit,R,CH,R,0.00949267782236,3.11656411792,-1.25516185924,-7.34414889371,5.50869087988,SL,IP_OUT,-2.30508711368,6.11303055941,69.4841935878,2222.06480748,80.7193954289,-0.15
1034,2020,730263552,UVU,D1 Western Athletic Conference,730375936,AC,311061534,2020-02-14 13:00:00,5,0,1,1,1907627592,J. Schmit,R,FA,R,1.06662692656,1.34761960173,15.5525773475,17.6982253984,5.60519716499,SL,IP_OUT,-2.22434011711,6.35686480311,83.1642427404,2021.05470752,228.622171912,-0.15
1035,2020,730263552,UVU,D1 Western Athletic Conference,730375936,AC,311061534,2020-02-14 13:00:00,5,0,2,1,1907627592,J. Schmit,R,SL,R,2.15747954476,1.47737156326,1.82975563732,-5.99859406934,5.80437237994,B,IP_OUT,-2.21437072302,5.84369495344,69.8695509851,2344.1470663,107.432060055,0.13
1036,2020,730263552,UVU,D1 Western Athletic Conference,730375936,AC,311061534,2020-02-14 13:00:00,5,0,0,2,1907627592,J. Schmit,R,SL,L,-0.76853390546,0.982393664749,4.54841650701,16.7090540996,5.84559948728,SS,K,-2.56157411818,5.63228492284,74.7938550118,1265.60326311,254.625023778,-0.15
1037,2020,730263552,UVU,D1 Western Athletic Conference,730375936,AC,311061534,2020-02-14 13:00:00,5,0,1,2,1907627592,J. Schmit,R,SL,L,-1.14712840815,0.416052327197,-0.00542377380054,-4.77607935411,5.58173577769,B,K,-2.46422715367,6.00500918292,69.5894254093,2173.77292618,90.5856305454,0.13
1038,2020,730263552,UVU,D1 Western Athletic Conference,730375936,AC,311061534,2020-02-14 13:00:00,5,1,1,2,1907627592,J. Schmit,R,FA,L,-0.703451041052,1.68475956085,14.4928924629,16.5138964189,5.46518943791,SS,K,-2.17786220061,6.24954932361,83.4031174051,1997.73547085,228.65379354,-0.15
1039,2020,730263552,UVU,D1 Western Athletic Conference,730375936,AC,311061534,2020-02-14 13:00:00,5,1,2,2,1907627592,J. Schmit,R,CH,L,-1.03470559343,2.02149789678,5.65051834989,11.5146303933,6.00801764977,SS,K,-2.52599473901,5.72428911895,74.5396465099,1290.60579094,243.678629842,-0.15
1040,2020,730263552,UVU,D1 Western Athletic Conference,730375936,AC,311061534,2020-02-14 13:00:00,6,0,0,0,1907627592,J. Schmit,R,SL,L,-0.562545839867,1.12931344831,7.06813909136,15.3561138179,5.79032521264,SS,IP_OUT,-2.64575095912,5.78686693661,73.4912454103,1349.69057844,245.134775473,-0.15
1041,2020,730263552,UVU,D1 Western Athletic Conference,730375936,AC,311061534,2020-02-14 13:00:00,6,0,1,0,1907627592,J. Schmit,R,FA,L,-1.75731226994,2.29873262397,14.8430606776,16.6839164299,5.39137654011,B,IP_OUT,-2.12429847123,6.36816816144,82.2318066803,1967.27988806,228.26592297,0.13
1042,2020,730263552,UVU,D1 Western Athletic Conference,730375936,AC,311061534,2020-02-14 13:00:00,6,0,0,1,1907627592,J. Schmit,R,CH,L,0.941764717721,1.38228174562,9.22150343744,13.3718778075,5.75982007456,F,IP_OUT,-2.59673023808,5.71560221671,73.6664345575,1428.53382327,235.267465502,-0.15
1043,2020,730263552,UVU,D1 Western Athletic Conference,730375936,AC,311061534,2020-02-14 13:00:00,6,0,1,1,1907627592,J. Schmit,R,FA,L,-1.15712030251,2.17534806943,10.9000115571,17.219793281,5.60345479604,F,IP_OUT,-2.32819816414,6.15188874114,82.582396147,2066.8925576,237.57487988,-0.15
1044,2020,730263552,UVU,D1 Western Athletic Conference,730375936,AC,311061534,2020-02-14 13:00:00,6,0,2,1,1907627592,J. Schmit,R,CH,L,-2.35191628048,1.73173010321,10.8765610751,10.5530591804,5.88949563347,B,IP_OUT,-2.65913418644,5.66727451647,73.0616941424,1231.35677235,224.006429038,0.13
1045,2020,730263552,UVU,D1 Western Athletic Conference,730375936,AC,311061534,2020-02-14 13:00:00,6,1,2,1,1907627592,J. Schmit,R,SL,L,0.914446299157,-1.40813075173,8.39575214456,12.9356397748,5.88563276182,B,IP_OUT,-2.62900784177,5.63905716188,74.4972166164,1421.83101095,236.866584985,0.13
1046,2020,730263552,UVU,D1 Western Athletic Conference,730375936,AC,311061534,2020-02-14 13:00:00,6,2,2,1,1907627592,J. Schmit,R,CH,L,-0.651066152834,1.65447117285,2.51698905825,-2.90221131526,5.42301945341,F,IP_OUT,-2.41779764947,6.1758860531,74.7565862412,2210.38535502,131.453399539,0.0
1047,2020,730263552,UVU,D1 Western Athletic Conference,730375936,AC,311061534,2020-02-14 13:00:00,6,2,2,1,1907627592,J. Schmit,R,SL,L,-2.39003029158,2.3144172408,2.92052525321,15.5013891733,5.94373907256,B,IP_OUT,-2.24796807455,5.72278451426,73.5907602664,1281.19283957,259.159436532,0.13
1048,2020,730263552,UVU,D1 Western Athletic Conference,730375936,AC,311061534,2020-02-14 13:00:00,6,0,0,2,1907627592,J. Schmit,R,FA,R,0.567768256698,2.10289190407,13.9140883927,15.4960227448,5.65343862531,SL,K,-2.29573367236,6.33361491575,83.5521902819,2027.85505203,228.001001308,-0.15
1049,2020,730263552,UVU,D1 Western Athletic Conference,730375936,AC,311061534,2020-02-14 13:00:00,6,0,1,2,1907627592,J. Schmit,R,SL,R,-0.73484656233,2.11404159851,-1.77359506438,-10.3682842331,5.45860502029,SL,K,-2.36359090505,5.99446760879,68.9561520804,2255.48396996,80.5944637582,-0.15
1050,2020,730263552,UVU,D1 Western Athletic Conference,730375936,AC,311061534,2020-02-14 13:00:00,6,0,2,2,1907627592,J. Schmit,R,FA,R,-0.509163199912,4.46204745602,18.1907468611,13.706271523,5.70921486091,B,K,-2.32279721518,6.2230528473,82.0825415817,1992.76395967,216.937667918,0.13
1051,2020,730263552,UVU,D1 Western Athletic Conference,730375936,AC,311061534,2020-02-14 13:00:00,6,1,2,2,1907627592,J. Schmit,R,CH,R,2.13968760885,-0.968418790395,1.31577417989,-1.47275560057,5.61373463981,B,K,-2.25937429138,5.97806319251,75.3033048743,2333.55730851,132.774342107,0.13
1052,2020,730263552,UVU,D1 Western Athletic Conference,730375936,AC,311061534,2020-02-14 13:00:00,6,2,2,2,1907627592,J. Schmit,R,CU,R,-0.292471187041,0.965854725013,-4.35899914944,-4.74411532314,5.68751920692,SS,K,-2.15179673803,5.97823655829,68.4054275532,2346.57952598,47.7959131467,-0.15
1053,2020,730263552,UVU,D1 Western Athletic Conference,730375936,AC,311061534,2020-02-14 13:00:00,7,0,0,0,1559640927,T. Parker,R,FA,L,-0.538175987968,2.51317190774,13.272890773,18.7677059375,5.46762858038,F,IP_OUT,-1.12163870314,5.50026711973,87.2329037741,2141.79751139,234.660572364,-0.15
1054,2020,730263552,UVU,D1 Western Athletic Conference,730375936,AC,311061534,2020-02-14 13:00:00,7,0,0,1,1559640927,T. Parker,R,SL,R,1.02077100226,2.19747525993,-5.89998564723,-10.9014932887,4.84452040999,SL,IP_OUT,-1.1162572552,5.46334168597,74.823408935,2732.62403713,61.7758557831,-0.15
1055,2020,730263552,UVU,D1 Western Athletic Conference,730375936,AC,311061534,2020-02-14 13:00:00,7,0,1,1,1559640927,T. Parker,R,FA,R,1.57094301695,2.98015603629,15.4549700549,14.9760324739,5.63602188561,SS,IP_OUT,-1.04550270967,5.48857668622,88.4426160453,2226.62459228,224.034946994,-0.15
1056,2020,730263552,UVU,D1 Western Athletic Conference,730375936,AC,311061534,2020-02-14 13:00:00,7,0,0,2,1559640927,T. Parker,R,FA,R,1.07994256685,2.73386560358,12.0178327482,15.5211177155,5.48958306176,SL,IP_OUT,-1.13735013393,5.42964560746,89.1682382566,2237.347115,232.172280095,-0.15
1057,2020,730263552,UVU,D1 Western Athletic Conference,730375936,AC,311061534,2020-02-14 13:00:00,8,0,0,0,1559640927,T. Parker,R,FA,L,-0.801170484896,3.36850355989,17.0644178643,16.7968666282,5.47923088402,B,IP_OUT,-1.14011778953,5.45133425436,87.0368739967,2210.96984336,224.48792823,0.13
1058,2020,730263552,UVU,D1 Western Athletic Conference,730375936,AC,311061534,2020-02-14 13:00:00,8,1,0,0,1559640927,T. Parker,R,FA,L,-0.769984026075,3.10456394449,13.3100976368,16.3898890517,5.67241893195,F,IP_OUT,-1.13180778192,5.43669731598,85.4233816011,2175.94960335,230.844315685,-0.15
1059,2020,730263552,UVU,D1 Western Athletic Conference,730375936,AC,311061534,2020-02-14 13:00:00,8,0,0,1,1559640927,T. Parker,R,FA,R,0.649737533688,1.69151076492,14.7446289478,20.2392080137,5.65474680865,SL,S,-1.04289527645,5.47928878737,87.8292885913,2219.60679378,233.861741717,-0.15
1060,2020,730263552,UVU,D1 Western Athletic Conference,730375936,AC,311061534,2020-02-14 13:00:00,8,0,1,1,1559640927,T. Parker,R,FA,R,1.22287288427,2.37558003124,15.4696585252,11.2934576126,5.66801516188,SL,S,-1.07505997346,5.44774981465,86.4905982958,2202.94130439,216.068360342,-0.15
1061,2020,730263552,UVU,D1 Western Athletic Conference,730375936,AC,311061534,2020-02-14 13:00:00,8,0,2,1,1559640927,T. Parker,R,CU,R,1.25937548772,1.60915733557,-6.42284646875,-5.09931833899,5.35415849486,IP,S,-1.13388281452,5.46586368782,74.1057697593,2694.30275052,38.6582909491,1.0
1062,2020,730263552,UVU,D1 Western Athletic Conference,730375936,AC,311061534,2020-02-14 13:00:00,8,0,0,1,1559640927,T. Parker,R,FA,R,1.26395942498,1.94022856418,11.8236089212,14.2128423229,5.62529536143,SL,S,-0.781460540124,5.57268150645,86.7280326328,2166.24931423,230.157924793,-0.15
1063,2020,730263552,UVU,D1 Western Athletic Conference,730375936,AC,311061534,2020-02-14 13:00:00,8,0,1,1,1559640927,T. Parker,R,FA,R,0.619673748681,1.69930153954,9.95864287214,16.0060599108,5.66387525189,IP,S,-0.96429840351,5.5227922969,86.8268954717,2156.54475336,238.019111741,1.0
1064,2020,730263552,UVU,D1 Western Athletic Conference,730375936,AC,311061534,2020-02-14 13:00:00,8,0,0,2,1559640927,T. Parker,R,CH,L,-1.09418831074,1.64913035428,11.6100901289,14.6421058491,5.92048858751,SL,K,-0.901180932228,5.69624393288,69.3523301782,1662.03494663,231.45597941,-0.15
1065,2020,730263552,UVU,D1 Western Athletic Conference,730375936,AC,311061534,2020-02-14 13:00:00,8,0,1,2,1559640927,T. Parker,R,FA,L,-0.302247135981,1.93480045257,16.3338836196,14.9580527496,5.56067429179,F,K,-1.10003734439,5.5457686863,87.7535064652,2143.33805338,222.421370824,-0.15
1066,2020,730263552,UVU,D1 Western Athletic Conference,730375936,AC,311061534,2020-02-14 13:00:00,8,0,2,2,1559640927,T. Parker,R,CH,L,-1.93827982826,4.37987387184,9.74044522401,15.7319143148,5.8962215434,B,K,-0.987092868797,5.74412336415,64.8516862709,1528.58136353,238.070686025,0.13
1067,2020,730263552,UVU,D1 Western Athletic Conference,730375936,AC,311061534,2020-02-14 13:00:00,8,1,2,2,1559640927,T. Parker,R,CU,L,-0.18212077724,1.2924325315,-9.32754913103,-8.24304957202,4.65126708629,B,K,-1.27214761826,5.38122570372,72.5220867385,2669.6340951,41.6279099688,0.13
1068,2020,730263552,UVU,D1 Western Athletic Conference,730375936,AC,311061534,2020-02-14 13:00:00,8,2,2,2,1559640927,T. Parker,R,FA,L,-0.359620228556,2.04340743769,17.4363254395,14.6288033995,5.56114351219,F,K,-1.09390804163,5.53674195039,86.912196196,2186.60794854,219.939075151,0.0
1069,2020,730263552,UVU,D1 Western Athletic Conference,730375936,AC,311061534,2020-02-14 13:00:00,8,2,2,2,1559640927,T. Parker,R,CH,L,1.4468153476,1.77482874064,15.5854045909,8.10238186503,5.92712227529,B,K,-0.801807686463,5.7227518188,69.6532636827,1606.90969516,207.387435831,0.13
1070,2020,730263552,UVU,D1 Western Athletic Conference,730375936,AC,311061534,2020-02-14 13:00:00,8,3,2,2,1559640927,T. Parker,R,FA,L,0.735944536896,1.44804430587,15.3063792377,20.2115845502,5.75127730629,SL,K,-1.18821857521,5.44251179106,87.7536167063,2160.15213571,232.800857132,-0.15
1071,2020,730263552,UVU,D1 Western Athletic Conference,730375936,AC,311061534,2020-02-14 13:00:00,9,0,0,0,1559640927,T. Parker,R,FA,L,0.763352724038,2.39410450539,16.4949384084,15.659228016,5.4216266402,B,BB,-0.883164939927,5.71765955264,86.0957432394,2208.7240914,223.448126449,0.13
1072,2020,730263552,UVU,D1 Western Athletic Conference,730375936,AC,311061534,2020-02-14 13:00:00,9,1,0,0,1559640927,T. Parker,R,FA,L,0.887519231337,3.81095349534,16.9397357582,16.5487927158,5.4534681005,B,BB,-1.13349765585,5.56251176477,86.5934987589,2154.56513209,224.270088644,0.13
1073,2020,730263552,UVU,D1 Western Athletic Conference,730375936,AC,311061534,2020-02-14 13:00:00,9,2,0,0,1559640927,T. Parker,R,FA,L,-0.0280416013893,1.66427283715,13.2508661613,15.1764309638,5.5607713381,F,BB,-1.09432442638,5.62104078622,86.5007341682,2234.0154245,228.798659319,-0.15
1074,2020,730263552,UVU,D1 Western Athletic Conference,730375936,AC,311061534,2020-02-14 13:00:00,9,2,1,0,1559640927,T. Parker,R,FA,L,-2.3815117717,2.95960211772,12.347669997,16.749536903,5.63830388105,B,BB,-0.853925639463,5.70866420232,84.3203203886,2036.65228126,233.520752744,0.13
1075,2020,730263552,UVU,D1 Western Athletic Conference,730375936,AC,311061534,2020-02-14 13:00:00,9,3,1,0,1559640927,T. Parker,R,FA,L,-0.632358986769,2.33025134519,14.4377266324,18.4811439718,5.54059564841,F,BB,-1.04317639837,5.54588735326,86.6501775058,2185.3916347,231.934305957,-0.15
1076,2020,730263552,UVU,D1 Western Athletic Conference,730375936,AC,311061534,2020-02-14 13:00:00,9,3,2,0,1559640927,T. Parker,R,FA,L,-1.18813230527,3.67248669544,11.0160985475,17.0608314942,5.62029246575,B,BB,-1.09593351215,5.45906092034,87.4123523469,2094.33863055,237.067706606,0.8
1077,2020,730263552,UVU,D1 Western Athletic Conference,730375936,AC,311061534,2020-02-14 13:00:00,9,0,0,0,1559640927,T. Parker,R,FA,R,0.141981056421,1.58206732129,13.5123647904,16.5793183963,5.7718621382,IP,S,-0.960719800589,5.55144079175,86.2158082539,2177.78736395,230.745877666,1.0
1078,2020,730263552,UVU,D1 Western Athletic Conference,730375936,AC,311061534,2020-02-14 13:00:00,9,0,0,0,1604790584,D. Smith,R,SL,R,1.77154485422,0.38986390356,0.577048628203,-3.7428681219,5.96662139331,B,SF,-1.68532274885,5.66609050361,77.8082960985,1862.43794161,99.4103780081,0.13
1079,2020,730263552,UVU,D1 Western Athletic Conference,730375936,AC,311061534,2020-02-14 13:00:00,9,1,0,0,1604790584,D. Smith,R,FA,R,0.928812814112,2.41360147818,13.1169660615,12.8178635516,6.75719277766,F,SF,-1.66897332669,5.66970182747,90.5601595524,2015.2762906,224.271717088,-0.15
1080,2020,5091,CBU,D1 Western Athletic Conference,730157824,HCU,300766445,2020-03-01 13:00:00,1,0,0,0,1057527839,J. McCarvel,R,FA,L,-0.786631138692,3.65293864986,15.8647358497,17.2794043989,5.96982689757,B,IP_OUT,-3.14718338348,5.74744246499,88.5040933474,1908.70024747,227.38318466,0.13
1081,2020,5091,CBU,D1 Western Athletic Conference,730157824,HCU,300766445,2020-03-01 13:00:00,1,1,0,0,1057527839,J. McCarvel,R,CH,L,-1.02734970452,0.822953477586,8.78495285461,17.5046308655,5.95540296609,B,IP_OUT,-3.18317420581,5.47771714533,78.7238669508,1771.76035901,243.237897272,0.13
1082,2020,5091,CBU,D1 Western Athletic Conference,730157824,HCU,300766445,2020-03-01 13:00:00,1,0,0,1,1057527839,J. McCarvel,R,FA,R,-0.803969905218,3.15564423684,13.9620566492,18.797826333,6.09204584329,F,S,-2.9262159831,5.7119784319,87.9275813695,1920.41815775,233.33048931,-0.15
1083,2020,5091,CBU,D1 Western Athletic Conference,730157824,HCU,300766445,2020-03-01 13:00:00,1,0,1,1,1057527839,J. McCarvel,R,SL,R,0.741779205414,1.72558655011,7.30525554621,-0.885936767713,5.62318062816,IP,S,-3.10682143255,5.54807274309,77.324624515,1008.18805649,173.126994794,1.0
1084,2020,5091,CBU,D1 Western Athletic Conference,730157824,HCU,300766445,2020-03-01 13:00:00,1,0,0,1,1057527839,J. McCarvel,R,CH,L,0.867020754472,1.01786761261,14.7238968182,21.5318092465,6.03837714847,B,K,-3.0838827238,5.77279624554,78.6478375639,1790.90272618,235.557571027,0.13
1085,2020,5091,CBU,D1 Western Athletic Conference,730157824,HCU,300766445,2020-03-01 13:00:00,1,1,0,1,1057527839,J. McCarvel,R,CH,L,-1.35607577888,2.34625094473,11.5336793581,19.4460820363,5.98142569362,B,K,-3.1473616522,5.58173124399,78.1346242429,1838.05489571,239.233836462,0.13
1086,2020,5091,CBU,D1 Western Athletic Conference,730157824,HCU,300766445,2020-03-01 13:00:00,1,2,0,1,1057527839,J. McCarvel,R,FA,L,0.17176296351,2.26146943115,18.4214371135,17.1397059772,6.09855349863,F,K,-3.01356791895,5.91202784864,87.8486161592,2011.74868444,222.883690195,-0.15
1087,2020,5091,CBU,D1 Western Athletic Conference,730157824,HCU,300766445,2020-03-01 13:00:00,1,2,1,1,1057527839,J. McCarvel,R,CH,L,-1.3602328529,1.96989215224,5.56151965726,17.1719619615,6.00896156902,F,K,-3.00418970661,5.50239658538,79.089077477,1835.2460249,251.928401806,-0.15
1088,2020,5091,CBU,D1 Western Athletic Conference,730157824,HCU,300766445,2020-03-01 13:00:00,1,2,2,1,1057527839,J. McCarvel,R,FA,L,0.905101445353,2.12885661317,18.5854829613,17.1045530057,6.07176664674,SL,K,-2.81072773761,6.04365882068,88.406559992,2066.42896945,222.572417685,-0.15
1089,2020,5091,CBU,D1 Western Athletic Conference,730157824,HCU,300766445,2020-03-01 13:00:00,1,0,0,2,1057527839,J. McCarvel,R,FA,R,1.22271093404,1.24807590139,13.9854119148,18.6492485716,6.05178525243,B,IP_OUT,-2.98742470081,5.67199336398,88.781937797,2019.55854931,233.067549587,0.13
1090,2020,5091,CBU,D1 Western Athletic Conference,730157824,HCU,300766445,2020-03-01 13:00:00,1,1,0,2,1057527839,J. McCarvel,R,CH,R,-0.194008327571,1.87730363798,9.65207764282,21.2025506414,5.95610839221,SL,IP_OUT,-2.90572750747,5.58608100772,79.3797062554,1877.11650344,245.430428429,-0.15
1091,2020,5091,CBU,D1 Western Athletic Conference,730157824,HCU,300766445,2020-03-01 13:00:00,2,0,0,0,1057527839,J. McCarvel,R,CH,R,-0.923342685402,2.07734055825,9.01075952331,21.0373123216,5.94598560392,SS,IP_OUT,-2.94087257209,5.60460725718,77.1655139552,1873.75202301,246.711471326,-0.15
1092,2020,5091,CBU,D1 Western Athletic Conference,730157824,HCU,300766445,2020-03-01 13:00:00,2,0,0,1,1057527839,J. McCarvel,R,FA,R,0.226370071125,3.72920143491,14.932154532,14.5140028283,5.92558184344,B,IP_OUT,-2.8712986134,5.77498897203,87.0677677746,2035.4404202,224.119640165,0.13
1093,2020,5091,CBU,D1 Western Athletic Conference,730157824,HCU,300766445,2020-03-01 13:00:00,2,1,0,1,1057527839,J. McCarvel,R,CH,R,0.423927290069,1.32167594731,6.80793440976,22.7127853696,5.9577255996,B,IP_OUT,-2.84428211977,5.52999317156,78.6488652271,1917.3842013,253.215031103,0.13
1094,2020,5091,CBU,D1 Western Athletic Conference,730157824,HCU,300766445,2020-03-01 13:00:00,2,0,0,2,1057527839,J. McCarvel,R,FA,L,-0.357563999631,1.68099916782,10.1156420593,18.7958862557,5.98101641652,IP,S,-2.97026694845,5.63797887713,87.9670618471,2057.7929165,241.631583151,1.0
1095,2020,5091,CBU,D1 Western Athletic Conference,730157824,HCU,300766445,2020-03-01 13:00:00,2,0,0,2,1057527839,J. McCarvel,R,CH,R,0.452908665961,2.06846305775,6.58542408835,3.88183028904,5.68442060393,SL,S,-2.9757273514,5.65448250941,77.7320138866,2058.90456559,210.352509578,-0.15
1096,2020,5091,CBU,D1 Western Athletic Conference,730157824,HCU,300766445,2020-03-01 13:00:00,2,0,1,2,1057527839,J. McCarvel,R,FA,R,0.14048999903,3.95808819466,13.1237551399,13.7250263067,5.85711082081,B,S,-2.85327261174,5.84931494376,87.3096853923,2009.68989202,226.208250672,0.13
1097,2020,5091,CBU,D1 Western Athletic Conference,730157824,HCU,300766445,2020-03-01 13:00:00,2,1,1,2,1057527839,J. McCarvel,R,CH,R,0.00433032732099,1.83391770277,7.00465805958,19.3245007092,5.99834980327,IP,S,-2.82692679443,5.57897998911,79.7336313117,1887.6905843,249.967783397,1.0
1098,2020,5091,CBU,D1 Western Athletic Conference,730157824,HCU,300766445,2020-03-01 13:00:00,2,0,0,2,1057527839,J. McCarvel,R,SL,R,0.0535891538045,2.80775569441,6.00813894199,1.16317200458,5.81449608717,SL,IP_OUT,-2.96263815029,5.6028448132,77.216935768,2083.78473375,190.879618454,-0.15
1099,2020,5091,CBU,D1 Western Athletic Conference,730157824,HCU,300766445,2020-03-01 13:00:00,3,0,0,0,1057527839,J. McCarvel,R,CH,L,0.56312583296,0.601752199078,8.36862849409,22.2769448109,6.15404387993,B,IP_OUT,-3.14803842738,5.70796943394,77.865188142,1877.58446759,249.313485963,0.13
1100,2020,5091,CBU,D1 Western Athletic Conference,730157824,HCU,300766445,2020-03-01 13:00:00,3,1,0,0,1057527839,J. McCarvel,R,CH,L,-0.269987196615,2.65846462341,18.0697186435,17.1945390824,5.98803684337,SS,IP_OUT,-3.17334023224,5.49867253235,77.3689633956,1880.26391681,223.508989373,-0.15
1101,2020,5091,CBU,D1 Western Athletic Conference,730157824,HCU,300766445,2020-03-01 13:00:00,3,1,1,0,1057527839,J. McCarvel,R,CH,L,-0.164173872485,2.08574669604,7.40313006088,19.7623068827,5.94440412505,SS,IP_OUT,-3.03250168316,5.58777614266,76.1333811032,1889.8928223,249.347877019,-0.15
1102,2020,5091,CBU,D1 Western Athletic Conference,730157824,HCU,300766445,2020-03-01 13:00:00,3,1,2,0,1057527839,J. McCarvel,R,SL,L,-0.503340236492,2.32892789983,12.1405818848,-1.69976424897,5.60406257854,F,IP_OUT,-3.18070360424,5.57041415431,75.9424824305,2077.27147593,172.059867626,0.0
1103,2020,5091,CBU,D1 Western Athletic Conference,730157824,HCU,300766445,2020-03-01 13:00:00,3,0,0,1,1057527839,J. McCarvel,R,FA,R,0.071746505307,2.33181557263,16.4580021322,17.1716137749,5.94591135461,SL,S,-2.90716749871,5.87978779409,88.3759487301,2039.59546573,226.156721751,-0.15
1104,2020,5091,CBU,D1 Western Athletic Conference,730157824,HCU,300766445,2020-03-01 13:00:00,3,0,1,1,1057527839,J. McCarvel,R,FA,R,0.123885208754,2.80964194181,12.7643731689,16.9883369165,6.11363173209,IP,S,-2.86567409255,5.72272146823,88.7145448903,2061.07568191,233.008468811,1.0
1105,2020,5091,CBU,D1 Western Athletic Conference,730157824,HCU,300766445,2020-03-01 13:00:00,3,0,0,1,1057527839,J. McCarvel,R,CH,L,-0.990449139319,1.9203590143,7.36211257118,20.653629196,6.00275705713,SS,K,-3.05791862892,5.45199911792,77.7129457329,1880.93330404,250.273551241,-0.15
1106,2020,5091,CBU,D1 Western Athletic Conference,730157824,HCU,300766445,2020-03-01 13:00:00,3,0,1,1,1057527839,J. McCarvel,R,CH,L,-0.0558214723663,1.49565939056,4.51266676748,21.8219241408,6.12385274137,F,K,-2.98620943455,5.37754514378,78.6221872404,1871.33597941,258.209949948,-0.15
1107,2020,5091,CBU,D1 Western Athletic Conference,730157824,HCU,300766445,2020-03-01 13:00:00,3,0,2,1,1057527839,J. McCarvel,R,FA,L,-1.12442178164,2.99064848443,15.7404390594,15.6786793564,6.07811044816,F,K,-2.92918637229,5.65426915916,88.2938332093,1988.88248599,224.826398799,0.0
1108,2020,5091,CBU,D1 Western Athletic Conference,730157824,HCU,300766445,2020-03-01 13:00:00,3,0,2,1,1057527839,J. McCarvel,R,SL,L,-1.4884655316,1.95690424089,5.72264180956,-0.568193207432,5.72801252462,B,K,-3.0748024346,5.5690413256,76.7485450757,2103.88933472,174.373508934,0.13
1109,2020,5091,CBU,D1 Western Athletic Conference,730157824,HCU,300766445,2020-03-01 13:00:00,3,1,2,1,1057527839,J. McCarvel,R,CH,L,-2.03956244299,2.38250185887,9.1167070603,19.5787970094,6.04523872222,SS,K,-3.01892989588,5.54166613404,79.2241534702,1798.42744745,244.931954568,-0.15
1110,2020,5091,CBU,D1 Western Athletic Conference,730157824,HCU,300766445,2020-03-01 13:00:00,3,0,0,2,1358332128,M. Amrhein,R,CU,R,0.652395216976,1.38716810644,0.278782366487,-13.0792261442,5.93349960476,B,K,-1.95380033475,3.49030226837,68.0778507889,2180.54805604,91.4698546931,0.13
1111,2020,5091,CBU,D1 Western Athletic Conference,730157824,HCU,300766445,2020-03-01 13:00:00,3,1,0,2,1358332128,M. Amrhein,R,CU,R,1.03973303814,1.69969084041,3.91164751414,-16.7712403418,6.32675675444,SL,K,-1.97501108964,3.5185227084,67.2026168622,2180.53294667,103.316102894,-0.15
1112,2020,5091,CBU,D1 Western Athletic Conference,730157824,HCU,300766445,2020-03-01 13:00:00,3,1,1,2,1358332128,M. Amrhein,R,FA,R,-1.0162996535,1.90293593997,7.68980404214,19.0039656914,6.39669708973,B,K,-1.9511735883,3.70006214984,83.3293829854,2203.89338174,247.873370745,0.13
1113,2020,5091,CBU,D1 Western Athletic Conference,730157824,HCU,300766445,2020-03-01 13:00:00,3,2,1,2,1358332128,M. Amrhein,R,SI,R,-0.867033221732,1.93112704626,4.24267596172,20.7473642294,6.39975186403,F,K,-1.98807413024,3.68094816514,83.4561203463,2199.30236247,258.344702775,-0.15
1114,2020,5091,CBU,D1 Western Athletic Conference,730157824,HCU,300766445,2020-03-01 13:00:00,3,2,2,2,1358332128,M. Amrhein,R,CU,R,-1.00819876531,2.47829805936,-12.0573107752,-14.5119626318,6.03081949749,SL,K,-1.4366236021,4.84953860213,68.1956618621,2287.30186609,50.4116462855,-0.15
1115,2020,5091,CBU,D1 Western Athletic Conference,730157824,HCU,300766445,2020-03-01 13:00:00,4,0,0,0,1358332128,M. Amrhein,R,CU,R,0.729974379839,3.15514322145,5.0416000773,-16.7737402909,6.05201960187,SL,ROE,-1.92686941633,3.62883251235,69.057631558,2343.51393141,106.907389403,-0.15
1116,2020,5091,CBU,D1 Western Athletic Conference,730157824,HCU,300766445,2020-03-01 13:00:00,4,0,1,0,1358332128,M. Amrhein,R,SI,R,-1.44533498326,1.24930201962,1.2559912148,26.7929579641,6.5996287029,SS,ROE,-1.81641048068,3.60198198998,82.4070039345,2196.27326112,267.233720625,-0.15
1117,2020,5091,CBU,D1 Western Athletic Conference,730157824,HCU,300766445,2020-03-01 13:00:00,4,0,2,0,1358332128,M. Amrhein,R,FA,R,0.233481270174,3.17349667125,21.487696352,16.0804768094,6.38585354893,IP,ROE,-0.966742912607,5.05252882806,87.0523716697,2217.48787512,216.764858735,0.0
1118,2020,5091,CBU,D1 Western Athletic Conference,730157824,HCU,300766445,2020-03-01 13:00:00,4,0,0,0,1358332128,M. Amrhein,R,CU,R,0.84801432981,2.94238240108,4.20538824971,-19.7024390838,6.26140876004,SS,IP_OUT,-1.94373453903,3.6731417133,68.0168615989,2312.37073386,102.210449632,-0.15
1119,2020,5091,CBU,D1 Western Athletic Conference,730157824,HCU,300766445,2020-03-01 13:00:00,4,0,1,0,1358332128,M. Amrhein,R,CU,R,2.04115384179,1.74059823289,5.21553658229,-20.9297920401,5.74931880546,B,IP_OUT,-1.85653103766,3.55618673485,68.6572263456,2297.97055278,104.141157467,0.13
1120,2020,5091,CBU,D1 Western Athletic Conference,730157824,HCU,300766445,2020-03-01 13:00:00,4,1,1,0,1358332128,M. Amrhein,R,SI,R,-1.33915388573,3.380114432,14.1402115864,19.1940792749,6.04672326307,F,IP_OUT,-1.83679149914,3.71376023117,83.1143186662,2247.23944869,233.546835479,-0.15
1121,2020,5091,CBU,D1 Western Athletic Conference,730157824,HCU,300766445,2020-03-01 13:00:00,4,0,0,1,1358332128,M. Amrhein,R,SI,L,-1.21975892898,2.41963825986,6.0320379712,18.8813119424,6.12088028162,F,SH,-2.05878650257,3.71562883422,83.3814789229,2258.8145676,252.177371346,-0.15
1122,2020,5091,CBU,D1 Western Athletic Conference,730157824,HCU,300766445,2020-03-01 13:00:00,4,0,1,1,1358332128,M. Amrhein,R,CU,L,-1.5066650733,1.73285381769,-3.94669482367,-19.2219236154,6.52761599416,B,SH,-1.68686354139,4.82239008463,68.0180467097,2396.01653488,78.5603155908,0.13
1123,2020,5091,CBU,D1 Western Athletic Conference,730157824,HCU,300766445,2020-03-01 13:00:00,5,0,1,0,1358332128,M. Amrhein,R,SI,R,-1.54880379112,3.2559131641,11.4238882405,17.4801914922,6.22360881953,B,K,-1.90222293571,3.7744168567,82.9212493,2237.66190237,236.746555738,0.13
1124,2020,5091,CBU,D1 Western Athletic Conference,730157824,HCU,300766445,2020-03-01 13:00:00,5,1,1,0,1358332128,M. Amrhein,R,SI,R,-1.53326052786,1.96637408461,10.1431060618,18.2987929017,6.59013810113,F,K,-1.8547971139,3.59122924738,82.1779334733,2200.90025266,240.908756155,-0.15
1125,2020,5091,CBU,D1 Western Athletic Conference,730157824,HCU,300766445,2020-03-01 13:00:00,5,0,0,1,1358332128,M. Amrhein,R,SI,L,-2.08171359479,2.60547067147,6.45076695402,18.1632197174,6.22978533158,B,IP_OUT,-1.92067660775,3.81547125262,83.6817709197,2284.82394643,250.342855222,0.13
1126,2020,5091,CBU,D1 Western Athletic Conference,730157824,HCU,300766445,2020-03-01 13:00:00,5,0,0,2,1358332128,M. Amrhein,R,SI,R,-1.70703696756,1.68148390789,5.38857385145,20.7855689548,6.2612868152,B,HBP,-1.86934023221,3.70313818572,82.7831367785,2266.54450944,255.368092868,0.13
1127,2020,5091,CBU,D1 Western Athletic Conference,730157824,HCU,300766445,2020-03-01 13:00:00,5,1,0,2,1358332128,M. Amrhein,R,SI,R,-1.63610543455,2.05515374844,4.22957797757,17.6576293738,6.05331618638,B,HBP,-1.84195581534,3.78213387925,83.7189783188,2243.66063558,256.41449428,0.13
1128,2020,5091,CBU,D1 Western Athletic Conference,730157824,HCU,300766445,2020-03-01 13:00:00,5,2,0,2,1358332128,M. Amrhein,R,SI,R,-1.95534975735,1.92402934684,4.38972290423,18.5601801335,6.16325363593,B,HBP,-2.03380760498,3.72051465425,83.1862816695,2266.18688264,256.581923439,0.13
1129,2020,5091,CBU,D1 Western Athletic Conference,730157824,HCU,300766445,2020-03-01 13:00:00,5,3,0,2,1358332128,M. Amrhein,R,SI,R,-0.979547616471,3.04546507657,8.64480710708,19.3656400556,6.47411680343,SL,HBP,-2.07843767743,3.65733020884,82.2440052032,2244.00199359,245.849541397,-0.15
1130,2020,5091,CBU,D1 Western Athletic Conference,730157824,HCU,300766445,2020-03-01 13:00:00,5,3,1,2,1358332128,M. Amrhein,R,SI,R,-1.61105637161,2.58018236623,6.19139465668,18.3605783953,6.24760687902,SL,HBP,-1.77006478792,3.69856965424,82.2970655556,2194.48097364,251.25688758,-0.15
1131,2020,5091,CBU,D1 Western Athletic Conference,730157824,HCU,300766445,2020-03-01 13:00:00,5,3,2,2,1358332128,M. Amrhein,R,CH,R,1.32741996163,0.275821727244,11.8005821913,21.1691165423,6.6018063839,HBP,HBP,-1.24829548018,4.59424649807,77.7453359177,1673.89742935,240.773702786,0.8
1132,2020,5091,CBU,D1 Western Athletic Conference,730157824,HCU,300766445,2020-03-01 13:00:00,5,0,0,2,1358332128,M. Amrhein,R,SI,L,0.0765734980543,2.24550079494,0.931019887493,21.0177856887,6.47599901863,IP,S,-1.80897567733,3.7208634248,83.685194703,2165.56394417,267.361590968,1.0
1133,2020,5091,CBU,D1 Western Athletic Conference,730157824,HCU,300766445,2020-03-01 13:00:00,6,0,1,0,1358332128,M. Amrhein,R,CU,R,1.35897325181,2.34327281789,2.40906506402,-20.8549876901,6.12345616383,SS,K,-1.87347814302,3.67403111235,69.2820860989,2312.22499779,96.7414946506,-0.15
1134,2020,5091,CBU,D1 Western Athletic Conference,730157824,HCU,300766445,2020-03-01 13:00:00,6,0,2,0,1358332128,M. Amrhein,R,CU,R,2.05302256546,1.18953364289,3.09213993134,-24.7747774355,6.00112554108,B,K,-2.05354724769,3.51145558268,67.5691382653,2237.57820148,97.2504560508,0.13
1135,2020,5091,CBU,D1 Western Athletic Conference,730157824,HCU,300766445,2020-03-01 13:00:00,6,1,2,0,1358332128,M. Amrhein,R,CU,R,0.848389358359,-0.179311389513,-10.7388734071,-12.629056718,6.11262062618,B,K,-1.37855414323,4.96199519894,67.7495061175,2308.8757664,49.7811155991,0.13
1136,2020,5091,CBU,D1 Western Athletic Conference,730157824,HCU,300766445,2020-03-01 13:00:00,6,2,2,0,1358332128,M. Amrhein,R,SI,R,-0.947811694805,1.58188788996,5.73352227913,22.3469553151,5.99030253872,SL,K,-1.90051410398,3.7673717977,84.342351267,2244.9298009,255.51919021,-0.15
1137,2020,5091,CBU,D1 Western Athletic Conference,730157824,HCU,300766445,2020-03-01 13:00:00,6,0,0,1,1358332128,M. Amrhein,R,SI,R,-2.15365908074,1.62673797055,4.01963901756,21.8996721691,6.09238238329,B,S,-1.83307941406,3.71229803894,83.2506995145,2202.91220609,259.500965424,0.13
1138,2020,5091,CBU,D1 Western Athletic Conference,730157824,HCU,300766445,2020-03-01 13:00:00,6,1,0,1,1358332128,M. Amrhein,R,SI,R,-0.759515816541,1.95356889351,4.98239733962,22.147841252,6.12233196627,IP,S,-1.76911371148,3.74973159692,82.9726519299,2198.7682383,257.226200304,1.0
1139,2020,5091,CBU,D1 Western Athletic Conference,730157824,HCU,300766445,2020-03-01 13:00:00,6,0,0,1,1358332128,M. Amrhein,R,SI,L,-0.340702798761,1.94205415348,6.64858509565,25.0268845624,6.62834228532,SL,BB,-2.02803493855,3.657359045,84.1238174526,2183.67839706,255.04475219,-0.15
1140,2020,5091,CBU,D1 Western Athletic Conference,730157824,HCU,300766445,2020-03-01 13:00:00,6,0,1,1,1358332128,M. Amrhein,R,SI,L,0.462449020447,2.18411403,5.64849639644,22.8592197529,6.18294251063,F,BB,-1.98146991606,3.75461096444,84.6620976635,2271.67517764,256.033245139,-0.15
1141,2020,5091,CBU,D1 Western Athletic Conference,730157824,HCU,300766445,2020-03-01 13:00:00,6,0,2,1,1358332128,M. Amrhein,R,FA,L,0.168011883878,0.873243089038,12.4745145008,16.0106318995,6.46594080482,F,BB,-1.03857293366,5.06157763069,85.1226934085,2197.13961844,231.996168932,0.0
1142,2020,5091,CBU,D1 Western Athletic Conference,730157824,HCU,300766445,2020-03-01 13:00:00,6,0,2,1,1358332128,M. Amrhein,R,CU,L,0.00252364726096,0.923869249569,-11.5510608398,-15.0217643537,6.47944427644,B,BB,-1.38877715364,4.99372238334,69.600462057,2351.59004692,52.5729286133,0.13
1143,2020,5091,CBU,D1 Western Athletic Conference,730157824,HCU,300766445,2020-03-01 13:00:00,6,1,2,1,1358332128,M. Amrhein,R,CU,L,-1.60648062691,2.57355463672,-7.99782897,-15.8359090488,6.02354112567,B,BB,-1.56765395427,4.95754628773,68.0770450491,2379.20238471,63.3722346799,0.13
1144,2020,5091,CBU,D1 Western Athletic Conference,730157824,HCU,300766445,2020-03-01 13:00:00,6,2,2,1,1358332128,M. Amrhein,R,CU,L,-2.27996756426,2.85892847485,-8.38522895345,-17.2653280099,6.14256667694,B,BB,-1.48303748143,4.93358116389,66.6326293469,2262.22899016,64.2585163757,0.13
1145,2020,5091,CBU,D1 Western Athletic Conference,730157824,HCU,300766445,2020-03-01 13:00:00,6,3,2,1,1358332128,M. Amrhein,R,FA,L,-2.84483843804,4.00056505942,5.37959286474,20.2085749186,6.22733875741,B,BB,-1.988369335,3.95260531418,84.9918282758,2134.44532279,254.997378218,0.8
1146,2020,5091,CBU,D1 Western Athletic Conference,730157824,HCU,300766445,2020-03-01 13:00:00,6,0,0,1,1358332128,M. Amrhein,R,SI,R,-2.10083219462,3.46936096389,5.38126268979,21.2894829113,6.5310207802,HBP,HBP,-2.10272693203,3.63389883723,82.6231584534,2138.57560514,255.718266233,0.8
1147,2020,5091,CBU,D1 Western Athletic Conference,730157824,HCU,300766445,2020-03-01 13:00:00,6,0,0,2,1890002073,M. McGarvey,L,CU,L,-2.08368354203,0.86580757274,-7.78009748655,14.7667009841,5.84322041016,B,K,1.64207786177,5.73059077647,75.5639895659,2194.04323984,297.639231166,0.13
1148,2020,5091,CBU,D1 Western Athletic Conference,730157824,HCU,300766445,2020-03-01 13:00:00,6,1,0,2,1890002073,M. McGarvey,L,CU,L,-1.36818694507,2.55566893087,-7.58673085562,15.0143695642,5.72950212922,SL,K,1.79831457083,5.69757620883,74.3853993564,2137.75083438,296.658149642,-0.15
1149,2020,5091,CBU,D1 Western Athletic Conference,730157824,HCU,300766445,2020-03-01 13:00:00,6,1,1,2,1890002073,M. McGarvey,L,CU,L,-1.16394529771,2.29023264732,-4.26761660369,20.9346590855,5.79273683834,SL,K,1.80349252023,5.69744097138,75.3170849956,2237.4192854,281.396263327,-0.15
1150,2020,5091,CBU,D1 Western Athletic Conference,730157824,HCU,300766445,2020-03-01 13:00:00,6,1,2,2,1890002073,M. McGarvey,L,SL,L,-1.75595964785,1.29177151424,12.2512468321,0.333535572796,5.97031511228,SL,K,1.94640587337,5.67516646736,81.5670804952,2206.45607016,181.554326426,-0.15
1151,2020,5091,CBU,D1 Western Athletic Conference,730157824,HCU,300766445,2020-03-01 13:00:00,7,0,0,0,1890002073,M. McGarvey,L,FA,R,-0.322004794419,2.51533467987,13.2827862884,-9.57828625798,6.29012762743,SL,IP_OUT,1.77993475159,5.49777469339,86.926545506,2343.83165441,144.275117276,-0.15
1152,2020,5091,CBU,D1 Western Athletic Conference,730157824,HCU,300766445,2020-03-01 13:00:00,7,0,1,0,1890002073,M. McGarvey,L,FA,R,1.0361039475,3.24691801862,13.1902766006,-15.6636418063,6.07108967472,SL,IP_OUT,1.63280393925,5.74611238667,88.356241412,2372.60845073,130.173257695,-0.15
1153,2020,5091,CBU,D1 Western Athletic Conference,730157824,HCU,300766445,2020-03-01 13:00:00,7,0,2,0,1890002073,M. McGarvey,L,CU,R,0.0790382821947,0.500513988086,-8.37802184956,16.5833934882,5.67749578746,B,IP_OUT,1.47266923568,5.67055194715,77.5949943053,2175.57469006,296.678287736,0.13
1154,2020,5091,CBU,D1 Western Athletic Conference,730157824,HCU,300766445,2020-03-01 13:00:00,7,0,0,1,1890002073,M. McGarvey,L,FA,L,0.300039747125,1.67506958588,12.5810116487,-13.5846615027,6.19585942223,SL,S,1.89810840878,5.64760156098,88.9198998453,2250.52486308,132.878303819,-0.15
1155,2020,5091,CBU,D1 Western Athletic Conference,730157824,HCU,300766445,2020-03-01 13:00:00,7,0,1,1,1890002073,M. McGarvey,L,SL,L,-1.94773387958,1.22506367185,7.68234106033,-1.25397289496,5.92418552704,B,S,1.68944972806,5.57471603138,82.5622122508,2150.96233223,170.776182497,0.13
1156,2020,5091,CBU,D1 Western Athletic Conference,730157824,HCU,300766445,2020-03-01 13:00:00,7,1,1,1,1890002073,M. McGarvey,L,CU,L,0.205254487022,1.42954271677,-6.69040047091,5.06934458321,5.88854660626,IP,S,1.5593739782,5.59871294662,76.860264198,1913.25492503,322.661866031,1.0
1157,2020,5091,CBU,D1 Western Athletic Conference,730157824,HCU,300766445,2020-03-01 13:00:00,7,0,0,1,1370299935,D. Necochea,R,SL,R,-0.166382695214,0.935449434108,5.13767712466,0.370371543232,6.64203396948,SS,DP,-2.66798104363,5.89034260969,80.3934008892,2210.96676227,184.091422507,-0.15
1158,2020,5091,CBU,D1 Western Athletic Conference,730157824,HCU,300766445,2020-03-01 13:00:00,7,0,1,1,1370299935,D. Necochea,R,FA,R,0.152096580388,1.9509288786,21.1290924092,15.1246819835,6.15838121049,IP,DP,-2.73898026605,6.49791745429,88.9491383956,2131.08190139,215.552862044,-0.21
1159,2020,5091,CBU,D1 Western Athletic Conference,730157824,HCU,300766445,2020-03-01 13:00:00,8,0,0,0,1287144704,B. Finnel,R,FA,R,0.795229767705,1.80754658259,19.5770206349,7.80965705436,6.46648388379,SL,BB,-0.970110481512,5.89817503553,91.0291766239,2314.009488,201.716603264,-0.15
1160,2020,5091,CBU,D1 Western Athletic Conference,730157824,HCU,300766445,2020-03-01 13:00:00,8,0,1,0,1287144704,B. Finnel,R,FA,R,1.77438646576,2.24501631751,24.7514791183,7.26479700257,6.49955904976,B,BB,-0.839650515776,6.07820869526,92.1224514883,2403.66755382,196.338383045,0.13
1161,2020,5091,CBU,D1 Western Athletic Conference,730157824,HCU,300766445,2020-03-01 13:00:00,8,1,1,0,1287144704,B. Finnel,R,CH,R,-0.521382167149,3.26050344246,13.9540363762,15.6987641485,6.11862699591,F,BB,-1.07106426617,5.8321319139,81.2482144912,1643.77917436,228.286754874,-0.15
1162,2020,5091,CBU,D1 Western Athletic Conference,730157824,HCU,300766445,2020-03-01 13:00:00,8,1,2,0,1287144704,B. Finnel,R,CU,R,0.182133251045,-0.358755546477,-9.79109819521,-3.4535125741,5.13171134406,B,BB,-0.607655718412,6.18497251112,75.8135390527,2342.54566068,19.5175165885,0.13
1163,2020,5091,CBU,D1 Western Athletic Conference,730157824,HCU,300766445,2020-03-01 13:00:00,8,2,2,0,1287144704,B. Finnel,R,FA,R,0.812062235754,3.60889149371,24.6906566802,5.25708609357,6.47559828319,F,BB,-0.635663430848,5.97781367583,91.65474353,2182.89757261,192.005209636,0.0
1164,2020,5091,CBU,D1 Western Athletic Conference,730157824,HCU,300766445,2020-03-01 13:00:00,8,2,2,0,1287144704,B. Finnel,R,CU,R,-1.23411098824,4.42047503174,-3.80426175515,-9.2770232933,5.80281218493,B,BB,-0.623313067237,6.03650212648,73.4756593238,2240.01788337,67.9639404201,0.13
1165,2020,5091,CBU,D1 Western Athletic Conference,730157824,HCU,300766445,2020-03-01 13:00:00,8,3,2,0,1287144704,B. Finnel,R,FA,R,0.939985108303,2.91271751098,13.8928074938,3.69445886602,6.52615361612,F,BB,-0.638950686605,5.73904090954,90.3100544643,2287.50541867,194.859570194,0.0
1166,2020,5091,CBU,D1 Western Athletic Conference,730157824,HCU,300766445,2020-03-01 13:00:00,8,3,2,0,1287144704,B. Finnel,R,FA,R,0.998357823181,1.01416336394,21.0346483482,5.8464064493,6.59998991909,B,BB,-0.75198292402,5.92747215429,91.9847048789,2323.57875712,195.511440463,0.8
1167,2020,5091,CBU,D1 Western Athletic Conference,730157824,HCU,300766445,2020-03-01 13:00:00,8,0,0,0,1287144704,B. Finnel,R,CH,R,-1.09093347196,2.24681896113,16.8596848648,16.0517100133,5.95033273336,SL,D,-1.01683335027,5.71153132714,80.9076712466,1605.36788796,223.52487331,-0.15
1168,2020,5091,CBU,D1 Western Athletic Conference,730157824,HCU,300766445,2020-03-01 13:00:00,8,0,1,0,1287144704,B. Finnel,R,CU,R,-0.018066114401,2.38364679935,-8.38939900456,-6.67590581078,5.68553512901,IP,D,-0.640668470317,5.87182294852,73.8886820028,2193.51592934,38.6760574335,1.26
1169,2020,5091,CBU,D1 Western Athletic Conference,730157824,HCU,300766445,2020-03-01 13:00:00,8,0,0,0,1287144704,B. Finnel,R,FA,L,0.22270495264,2.25281364686,18.4972500477,4.7923888857,6.42204327433,SL,IP_OUT,-0.811716366518,5.89349231314,89.9014340825,2135.21950989,194.501249039,-0.15
1170,2020,5091,CBU,D1 Western Athletic Conference,730157824,HCU,300766445,2020-03-01 13:00:00,8,0,1,0,1287144704,B. Finnel,R,CH,L,-1.7853155928,1.68129599586,16.4611907668,15.1869247659,6.29436476324,SS,IP_OUT,-1.14015774737,5.56970324666,81.1466909254,1628.50515975,222.625398941,-0.15
1171,2020,5091,CBU,D1 Western Athletic Conference,730157824,HCU,300766445,2020-03-01 13:00:00,8,0,0,1,1287144704,B. Finnel,R,FA,R,0.398818366897,1.06913667267,19.9252763503,7.49455514607,6.44193117189,B,S,-0.800305399402,5.79064249671,89.9885924359,2201.85276141,200.582559339,0.13
1172,2020,5091,CBU,D1 Western Athletic Conference,730157824,HCU,300766445,2020-03-01 13:00:00,8,1,0,1,1287144704,B. Finnel,R,FA,R,0.298002291893,1.97902415991,21.3738697319,5.25078910634,6.27610149991,IP,S,-0.830930989635,6.0726582039,88.6794359164,2139.20140221,193.781468526,1.0
1173,2020,5091,CBU,D1 Western Athletic Conference,730157824,HCU,300766445,2020-03-01 13:00:00,8,0,0,1,1287144704,B. Finnel,R,CU,R,1.13613874853,0.0048878229093,-9.13617476018,-7.39001712379,5.87473915688,B,K,-0.617714397984,5.74555890135,75.9994713738,2256.70928694,39.1102512341,0.13
1174,2020,5091,CBU,D1 Western Athletic Conference,730157824,HCU,300766445,2020-03-01 13:00:00,8,1,0,1,1287144704,B. Finnel,R,FA,R,1.07287210145,1.74135279912,16.2863236823,10.5026051431,6.74823379868,SL,K,-1.05615556334,5.68017190874,88.4016092604,2120.93834123,212.764602345,-0.15
1175,2020,5091,CBU,D1 Western Athletic Conference,730157824,HCU,300766445,2020-03-01 13:00:00,8,1,1,1,1287144704,B. Finnel,R,FA,R,0.110528939352,1.28565919889,19.8874472099,10.4189200091,6.40513235071,F,K,-0.804834340854,5.87447944829,89.8964475413,2243.2868049,207.611586262,-0.15
1176,2020,5091,CBU,D1 Western Athletic Conference,730157824,HCU,300766445,2020-03-01 13:00:00,8,1,2,1,1287144704,B. Finnel,R,CU,R,0.545331262453,1.80279943719,0.979692251198,-6.21956624784,5.63717566202,SS,K,-0.354263376844,6.03573710559,76.3379260485,2320.69880234,99.3621757275,-0.15
1177,2020,5091,CBU,D1 Western Athletic Conference,730157824,HCU,300766445,2020-03-01 13:00:00,8,0,0,2,1287144704,B. Finnel,R,CH,L,-2.64442779417,4.13625705559,19.1053926523,8.81846100825,6.07667488181,B,BB,-1.05181534876,5.77405866926,81.9032036967,1651.96024924,204.731909085,0.13
1178,2020,5091,CBU,D1 Western Athletic Conference,730157824,HCU,300766445,2020-03-01 13:00:00,8,1,0,2,1287144704,B. Finnel,R,CH,L,-2.02567538709,3.32007162023,23.3510772899,8.20921263207,6.2356910107,B,BB,-1.00821093794,5.70450333838,82.6976127851,1660.1555115,199.339865013,0.13
1179,2020,5091,CBU,D1 Western Athletic Conference,730157824,HCU,300766445,2020-03-01 13:00:00,8,2,0,2,1287144704,B. Finnel,R,FA,L,0.013956821846,1.26276425835,21.0603662814,5.45861062014,6.32438322658,B,BB,-0.641439249603,5.91325659879,90.3232884401,2195.40564166,194.509365931,0.13
1180,2020,5091,CBU,D1 Western Athletic Conference,730157824,HCU,300766445,2020-03-01 13:00:00,8,3,0,2,1287144704,B. Finnel,R,FA,L,-0.547055637109,3.50024727278,23.1279995845,6.16353116323,6.30235275281,B,BB,-0.614066949938,6.08645321432,89.1665359625,2209.43087126,194.901978513,0.8
1181,2020,5091,CBU,D1 Western Athletic Conference,730157824,HCU,300766445,2020-03-01 13:00:00,8,0,0,2,1724422800,J. Valerio,R,CH,R,0.0590150711421,3.03932124522,16.9534807251,15.2386309755,6.70213719904,SL,IP_OUT,-2.4642365516,5.57477993919,76.1884133277,1412.90410557,221.876763245,-0.15
1182,2020,5091,CBU,D1 Western Athletic Conference,730157824,HCU,300766445,2020-03-01 13:00:00,9,0,0,0,1724422800,J. Valerio,R,FA,L,1.42869861166,3.10497178284,20.0692379032,10.929708042,6.18837484877,B,IP_OUT,-2.30735359373,5.79483493909,90.3968859087,1899.20532802,208.534188308,0.13
1183,2020,5091,CBU,D1 Western Athletic Conference,730157824,HCU,300766445,2020-03-01 13:00:00,9,1,0,0,1724422800,J. Valerio,R,CH,L,0.93571980183,0.773503314846,9.4242381995,20.2471078917,6.62040850699,B,IP_OUT,-2.40232617313,5.54848003203,77.906903976,1418.50009645,244.94075144,0.13
1184,2020,5091,CBU,D1 Western Athletic Conference,730157824,HCU,300766445,2020-03-01 13:00:00,9,0,0,1,1724422800,J. Valerio,R,FA,R,1.13190365209,2.60637602379,27.5125115378,11.7048317609,6.14973778834,F,K,-2.24785856407,6.23489751034,92.4922915022,1963.81514917,203.0234919,-0.15
1185,2020,5091,CBU,D1 Western Athletic Conference,730157824,HCU,300766445,2020-03-01 13:00:00,9,0,1,1,1724422800,J. Valerio,R,SL,R,0.456630088712,2.06639099083,12.1260955116,6.56695905048,5.80847911121,F,K,-2.52890047803,5.47374895377,82.9888735243,2063.96593072,208.362071369,-0.15
1186,2020,5091,CBU,D1 Western Athletic Conference,730157824,HCU,300766445,2020-03-01 13:00:00,9,0,2,1,1724422800,J. Valerio,R,CH,R,0.716906840622,1.70578672352,8.67712800487,14.4662445839,6.66999188541,SS,K,-2.17449296179,5.42568038611,77.9614616569,1374.44840226,238.920969581,-0.15
1187,2020,5091,CBU,D1 Western Athletic Conference,730157824,HCU,300766445,2020-03-01 13:00:00,9,0,0,2,1724422800,J. Valerio,R,SL,R,1.63396848388,-0.292765363041,4.64019498659,-1.03754425493,5.70743750256,B,S,-2.3639665621,5.5338619371,79.0031782117,2068.68767557,167.506179623,0.13
1188,2020,5091,CBU,D1 Western Athletic Conference,730157824,HCU,300766445,2020-03-01 13:00:00,9,1,0,2,1724422800,J. Valerio,R,FA,R,1.18130917949,2.44526457727,21.5818845076,9.81458466877,6.22069849669,SS,S,-2.18021981997,5.76501085733,92.2934199921,2015.66108425,204.423030818,-0.15
1189,2020,5091,CBU,D1 Western Athletic Conference,730157824,HCU,300766445,2020-03-01 13:00:00,9,1,1,2,1724422800,J. Valerio,R,FA,R,0.678482463822,2.05368986705,23.5930909831,12.179308934,6.19674113611,IP,S,-2.21948387472,6.13777249907,91.6475747757,2001.25975564,207.272395434,1.0
1190,2020,5091,CBU,D1 Western Athletic Conference,730157824,HCU,300766445,2020-03-01 13:00:00,9,0,0,2,1724422800,J. Valerio,R,SL,R,0.362911561076,2.12773562105,11.8886516349,15.2063822822,6.62525728548,SS,IP_OUT,-2.41985732668,5.54086617292,77.9213567839,1411.51591264,231.882041297,-0.15
1191,2020,5091,CBU,D1 Western Athletic Conference,730157824,HCU,300766445,2020-03-01 13:00:00,9,0,1,2,1724422800,J. Valerio,R,FA,R,0.842020594306,1.40130108168,19.1712526323,13.7847069369,5.99638858435,B,IP_OUT,-2.11352567641,5.98759445102,91.3727279164,1956.44568387,215.672606354,0.13
1192,2020,5091,CBU,D1 Western Athletic Conference,730157824,HCU,300766445,2020-03-01 13:00:00,9,1,1,2,1724422800,J. Valerio,R,FA,R,1.0801415102,0.529175240687,14.8513153701,18.3555658267,6.1757932275,B,IP_OUT,-2.10851760582,5.98733518812,91.3459190986,1972.88379129,230.964683695,0.13
1193,2020,5091,CBU,D1 Western Athletic Conference,730157824,HCU,281435641,2020-02-29 13:00:00,1,0,0,0,1502383135,C. Burica,L,CU,L,0.578940382845,2.94400399095,-1.15612501658,8.68227519589,5.22292671343,SL,K,2.11096657271,6.29872369751,70.3074726387,2257.81479113,277.233000921,-0.15
1194,2020,5091,CBU,D1 Western Athletic Conference,730157824,HCU,281435641,2020-02-29 13:00:00,1,0,1,0,1502383135,C. Burica,L,FA,L,-0.857743593839,1.93227124803,15.768947022,-4.60228785469,6.53556909425,SS,K,2.10058943339,5.79504441213,86.5849128774,2117.77656883,163.762971801,-0.15
1195,2020,5091,CBU,D1 Western Athletic Conference,730157824,HCU,281435641,2020-02-29 13:00:00,1,0,2,0,1502383135,C. Burica,L,SL,L,-1.57490710888,2.12133425936,1.25621278241,7.03694214855,5.62439327773,SS,K,2.26287037433,5.54778634536,77.022075925,2393.73232091,259.526383616,-0.15
1196,2020,5091,CBU,D1 Western Athletic Conference,730157824,HCU,281435641,2020-02-29 13:00:00,1,0,0,1,1502383135,C. Burica,L,FA,R,1.62735631104,2.24269576713,16.9262053379,-13.7110114324,6.39901153514,B,IP_OUT,2.22663029466,6.11103680659,86.650254077,1914.79217882,141.048342017,0.13
1197,2020,5091,CBU,D1 Western Athletic Conference,730157824,HCU,281435641,2020-02-29 13:00:00,1,1,0,1,1502383135,C. Burica,L,FA,R,1.56050098411,1.79499398192,24.5365658745,-12.6896516223,6.36342031525,B,IP_OUT,2.2378209612,6.13469747977,85.646067523,1918.29981465,152.687252,0.13
1198,2020,5091,CBU,D1 Western Athletic Conference,730157824,HCU,281435641,2020-02-29 13:00:00,1,2,0,1,1502383135,C. Burica,L,FA,R,1.25949211845,2.70598953268,13.3214375505,-11.9287874996,6.63350016752,SL,IP_OUT,2.19450938088,5.72495256048,85.6507699282,1822.67949063,138.232028801,-0.15
1199,2020,5091,CBU,D1 Western Athletic Conference,730157824,HCU,281435641,2020-02-29 13:00:00,1,0,0,2,1502383135,C. Burica,L,FA,L,1.12227467901,2.02944082231,12.5129266879,-12.0357375566,6.41777444818,SL,K,2.06408346408,5.61155644304,86.8507816798,1847.54034344,136.19175444,-0.15
1200,2020,5091,CBU,D1 Western Athletic Conference,730157824,HCU,281435641,2020-02-29 13:00:00,1,0,1,2,1502383135,C. Burica,L,SL,L,-0.490447703845,0.509708481233,0.892706648314,7.2313429605,5.63756199067,SS,K,2.16029959597,5.54436769362,76.5733446769,2457.55249914,262.608947169,-0.15
1201,2020,5091,CBU,D1 Western Athletic Conference,730157824,HCU,281435641,2020-02-29 13:00:00,1,0,2,2,1502383135,C. Burica,L,SL,L,-1.24422705037,1.00812677189,1.60186932254,11.7082883005,5.94756805803,SS,K,2.22895196898,5.32473522786,77.395877603,2388.19059994,262.000485639,-0.15
1202,2020,5091,CBU,D1 Western Athletic Conference,730157824,HCU,281435641,2020-02-29 13:00:00,2,0,0,0,1502383135,C. Burica,L,FA,R,1.16208030678,1.32869642278,15.4566958547,-9.08694067889,6.20577327872,B,IP_OUT,2.10031938634,5.97454796701,83.4914356493,1915.19464177,149.609335509,0.13
1203,2020,5091,CBU,D1 Western Athletic Conference,730157824,HCU,281435641,2020-02-29 13:00:00,2,0,0,2,1502383135,C. Burica,L,FA,R,0.891560912292,0.752443145033,12.918443056,-7.25244991959,6.46268861326,B,IP_OUT,2.18768289146,5.85737536852,83.7331003733,1908.66869502,150.75990118,0.13
1204,2020,5091,CBU,D1 Western Athletic Conference,730157824,HCU,281435641,2020-02-29 13:00:00,2,1,0,2,1502383135,C. Burica,L,CU,R,0.490083813516,2.04971750863,1.34139961824,10.9769714518,5.44142649136,SL,IP_OUT,2.04548571421,6.27619744712,72.2683207715,2048.42336116,262.77042226,-0.15
1205,2020,5091,CBU,D1 Western Athletic Conference,730157824,HCU,281435641,2020-02-29 13:00:00,2,1,1,2,1502383135,C. Burica,L,CU,R,-0.889182699623,1.47191729082,-1.91477204299,11.5742492033,5.55763295215,B,IP_OUT,1.9801604731,6.2433722081,70.2652538941,2313.21393048,279.133405244,0.13
1206,2020,5091,CBU,D1 Western Athletic Conference,730157824,HCU,281435641,2020-02-29 13:00:00,2,2,1,2,1502383135,C. Burica,L,FA,R,0.513399980528,1.62163618111,6.8455933293,-6.98128317508,6.29334324653,F,IP_OUT,1.99791119581,5.69845423952,85.4419711118,1730.88828617,134.585167537,-0.15
1207,2020,5091,CBU,D1 Western Athletic Conference,730157824,HCU,281435641,2020-02-29 13:00:00,2,2,2,2,1502383135,C. Burica,L,CH,R,0.890015913761,1.54074093629,-5.80933741184,11.6280338851,5.81851453138,F,IP_OUT,1.94257837075,6.25255372471,71.0729786531,2407.42296001,296.33870222,0.0
1208,2020,5091,CBU,D1 Western Athletic Conference,730157824,HCU,281435641,2020-02-29 13:00:00,3,0,0,0,1502383135,C. Burica,L,FA,R,0.588253481636,1.14926217373,9.59754041466,-12.2986236695,6.46707973211,B,K,2.00721358252,5.84147947407,83.1658777179,1808.32609254,128.075803207,0.13
1209,2020,5091,CBU,D1 Western Athletic Conference,730157824,HCU,281435641,2020-02-29 13:00:00,3,1,0,0,1502383135,C. Burica,L,CU,R,-0.229223308299,2.40255825973,-0.389258700408,8.98503976209,5.26867012531,SS,K,2.07474989987,6.22216174208,71.2982329708,2298.81199495,272.144063673,-0.15
1210,2020,5091,CBU,D1 Western Athletic Conference,730157824,HCU,281435641,2020-02-29 13:00:00,3,1,1,0,1502383135,C. Burica,L,FA,R,0.133193563667,0.94551425054,9.93073069844,-4.63293592513,6.30737419924,SS,K,1.93287684751,5.8880168711,83.7891384396,2053.96436079,155.071663965,-0.15
1211,2020,5091,CBU,D1 Western Athletic Conference,730157824,HCU,281435641,2020-02-29 13:00:00,3,1,2,0,1502383135,C. Burica,L,CU,R,0.670102855122,1.7157936225,-2.99677350891,12.3241150097,5.46091344212,SS,K,1.83103601,6.23755599392,71.2413504578,2271.39188605,283.434366898,-0.15
1212,2020,5091,CBU,D1 Western Athletic Conference,730157824,HCU,281435641,2020-02-29 13:00:00,3,0,0,1,1502383135,C. Burica,L,CU,R,-0.0725105378259,1.55898545738,-3.42699804286,10.9872213564,5.29295238173,SL,IP_OUT,1.91481718438,6.16261971304,70.0934044083,2233.67897346,287.062327995,-0.15
1213,2020,5091,CBU,D1 Western Athletic Conference,730157824,HCU,281435641,2020-02-29 13:00:00,3,0,0,2,1502383135,C. Burica,L,FA,R,1.16564691629,2.19687445107,9.99189451352,-13.0193103082,6.54562747164,SL,S,2.11927756275,5.92871007926,85.2788496456,1895.32623279,127.602575556,-0.15
1214,2020,5091,CBU,D1 Western Athletic Conference,730157824,HCU,281435641,2020-02-29 13:00:00,3,0,1,2,1502383135,C. Burica,L,CU,R,0.698228576869,1.61926358895,8.7360293876,8.9934366828,5.64455782298,SL,S,2.23503878409,5.57884062911,74.1829834584,2321.40608294,225.673742146,-0.15
1215,2020,5091,CBU,D1 Western Athletic Conference,730157824,HCU,281435641,2020-02-29 13:00:00,3,0,2,2,1502383135,C. Burica,L,FA,R,1.54891068106,4.07126112738,13.5396052643,-5.45635877471,6.46887688696,B,S,2.10105819494,5.72384380329,87.3584419869,1998.77433156,158.100345541,0.13
1216,2020,5091,CBU,D1 Western Athletic Conference,730157824,HCU,281435641,2020-02-29 13:00:00,3,1,2,2,1502383135,C. Burica,L,FA,R,1.7168493028,2.05469116845,7.76038621012,-8.03023809362,6.49198971394,B,S,1.93833289455,5.69940402541,85.1820950221,1759.38276153,134.151099947,0.13
1217,2020,5091,CBU,D1 Western Athletic Conference,730157824,HCU,281435641,2020-02-29 13:00:00,3,2,2,2,1502383135,C. Burica,L,CU,R,0.0165807879572,2.39472698669,1.73544170005,10.0325154863,5.36945031676,F,S,1.91763168678,6.10773750263,71.0472791524,2361.95923122,259.889568868,0.0
1218,2020,5091,CBU,D1 Western Athletic Conference,730157824,HCU,281435641,2020-02-29 13:00:00,3,2,2,2,1502383135,C. Burica,L,FA,R,-0.0118358453791,2.29094569492,10.5315260676,-2.06814383003,6.51322320899,IP,S,1.84534422684,5.67400416119,87.7396354793,1877.66376308,168.924127665,1.0
1219,2020,5091,CBU,D1 Western Athletic Conference,730157824,HCU,281435641,2020-02-29 13:00:00,3,0,0,2,1502383135,C. Burica,L,SL,L,-0.337076533845,2.21267910211,6.39839558852,6.63975141072,5.69890369251,F,IP_OUT,2.17134014424,5.59889347225,76.8417804991,2175.82371071,225.860092935,-0.15
1220,2020,5091,CBU,D1 Western Athletic Conference,730157824,HCU,281435641,2020-02-29 13:00:00,3,0,1,2,1502383135,C. Burica,L,SL,L,-1.18222444162,2.41208870004,7.23840055789,11.5451652785,5.67124233447,SS,IP_OUT,2.10990582068,5.62834149917,76.0562274983,2270.10720444,237.750808704,-0.15
1221,2020,5091,CBU,D1 Western Athletic Conference,730157824,HCU,281435641,2020-02-29 13:00:00,3,0,2,2,1502383135,C. Burica,L,FA,L,-1.28202570557,3.33519304287,22.8314433509,-3.89117841422,6.62480026219,F,IP_OUT,1.72286490753,5.82038060656,87.6474845898,2149.2244013,170.341937683,0.0
1222,2020,5091,CBU,D1 Western Athletic Conference,730157824,HCU,281435641,2020-02-29 13:00:00,4,0,0,0,1502383135,C. Burica,L,CU,R,-0.535480022622,1.22844887011,15.9080181574,-11.4171844243,5.83549438762,B,IP_OUT,2.14636003349,6.12945367832,78.9089311117,1467.1949404,144.405368201,0.13
1223,2020,5091,CBU,D1 Western Athletic Conference,730157824,HCU,281435641,2020-02-29 13:00:00,4,1,0,0,1502383135,C. Burica,L,FA,R,0.430951685707,2.82081833653,17.521395178,-10.9245970593,6.40162172315,F,IP_OUT,1.95559819499,5.94711138999,84.7078896783,1905.12614815,148.109482429,-0.15
1224,2020,5091,CBU,D1 Western Athletic Conference,730157824,HCU,281435641,2020-02-29 13:00:00,4,0,0,1,1502383135,C. Burica,L,CU,L,-0.213157897635,2.59466925145,-1.2904871466,18.2364916776,5.57538333877,SL,IP_OUT,1.63147515126,6.23751630931,69.7181038811,2338.02013243,273.875568226,-0.15
1225,2020,5091,CBU,D1 Western Athletic Conference,730157824,HCU,281435641,2020-02-29 13:00:00,4,0,0,2,1502383135,C. Burica,L,FA,R,-0.638875848313,2.59613646101,16.183543655,-7.69064238944,6.64069924396,SL,D,1.87768052187,5.62378203523,87.0180233142,1868.35526152,154.628362627,-0.15
1226,2020,5091,CBU,D1 Western Athletic Conference,730157824,HCU,281435641,2020-02-29 13:00:00,4,0,1,2,1502383135,C. Burica,L,FA,R,1.10397827365,3.0779056556,18.7336382753,-7.57499505772,6.54503449973,SL,D,2.04654608488,5.7146204797,86.0659065933,1819.7840199,158.020666809,-0.15
1227,2020,5091,CBU,D1 Western Athletic Conference,730157824,HCU,281435641,2020-02-29 13:00:00,4,0,2,2,1502383135,C. Burica,L,FA,R,2.58317132174,2.72364851516,13.9216183364,-13.2090860902,6.51664054362,B,D,2.03953837883,5.80479552241,87.593877537,1766.05917929,136.573631802,0.13
1228,2020,5091,CBU,D1 Western Athletic Conference,730157824,HCU,281435641,2020-02-29 13:00:00,4,1,2,2,1502383135,C. Burica,L,FA,R,-0.220409276334,3.50537291059,20.6549513731,-4.20208609349,6.19683503446,F,D,1.70769733973,5.86762045434,85.65267146,2046.67365425,168.519704229,0.0
1229,2020,5091,CBU,D1 Western Athletic Conference,730157824,HCU,281435641,2020-02-29 13:00:00,4,1,2,2,1502383135,C. Burica,L,SL,R,-0.529863162805,0.728686904761,-4.65934261585,9.05996883965,5.78177147344,B,D,2.06275229838,5.61899358314,75.875057937,2158.36571527,296.983319978,0.13
1230,2020,5091,CBU,D1 Western Athletic Conference,730157824,HCU,281435641,2020-02-29 13:00:00,4,2,2,2,1502383135,C. Burica,L,CU,R,0.662154255489,2.4903646192,-4.13458592805,9.67257335764,5.92655597572,F,D,1.68146244692,6.16386410429,71.348202921,2284.01700576,292.884818313,0.0
1231,2020,5091,CBU,D1 Western Athletic Conference,730157824,HCU,281435641,2020-02-29 13:00:00,4,2,2,2,1502383135,C. Burica,L,FA,R,-0.0929467237276,1.78373196621,22.074743881,-6.05125331042,6.5162874597,F,D,1.8855017975,6.06500983051,87.3974087239,1928.20019633,164.69280391,0.0
1232,2020,5091,CBU,D1 Western Athletic Conference,730157824,HCU,281435641,2020-02-29 13:00:00,4,2,2,2,1502383135,C. Burica,L,CH,R,2.26983074668,1.47640059272,4.85160351591,-12.4128925817,5.99434167675,B,D,1.86963611805,5.82950136039,78.8590937296,1475.62418896,111.518122197,0.13
1233,2020,5091,CBU,D1 Western Athletic Conference,730157824,HCU,281435641,2020-02-29 13:00:00,4,3,2,2,1502383135,C. Burica,L,FA,R,-0.62311533865,3.18762018576,19.5463117182,-11.3608772452,6.66894798671,F,D,1.97715045688,5.76623082663,87.3447659052,1842.63409391,149.877009029,0.0
1234,2020,5091,CBU,D1 Western Athletic Conference,730157824,HCU,281435641,2020-02-29 13:00:00,4,3,2,2,1502383135,C. Burica,L,FA,R,1.13484404327,2.81594288004,13.4196082177,-15.6881899023,6.63640910079,IP,D,2.00013062632,5.77533982186,86.0704677304,1747.93488615,130.617435912,1.26
1235,2020,5091,CBU,D1 Western Athletic Conference,730157824,HCU,281435641,2020-02-29 13:00:00,4,0,0,2,1502383135,C. Burica,L,FA,R,1.81388084348,2.92292945936,14.6605987897,-10.880519836,6.3694480185,B,IP_OUT,2.14932915812,5.76157718936,85.2324113769,1708.66510848,143.485272209,0.13
1236,2020,5091,CBU,D1 Western Athletic Conference,730157824,HCU,281435641,2020-02-29 13:00:00,4,1,0,2,1502383135,C. Burica,L,CH,R,1.2351137796,2.72258404513,14.8518488909,0.758328072089,5.84930132359,SL,IP_OUT,2.10550477108,5.92367612207,76.714445619,1275.17888702,182.914102961,-0.15
1237,2020,5091,CBU,D1 Western Athletic Conference,730157824,HCU,281435641,2020-02-29 13:00:00,5,0,0,0,1502383135,C. Burica,L,CH,R,0.0604823354639,1.37191989211,15.7796519629,-8.94697064234,5.88490359479,SS,K,1.97045398982,6.15409169906,78.619171037,1502.43461332,150.513825032,-0.15
1238,2020,5091,CBU,D1 Western Athletic Conference,730157824,HCU,281435641,2020-02-29 13:00:00,5,0,1,0,1502383135,C. Burica,L,FA,R,-0.740586246619,2.81113931209,17.7335428695,-10.7971515133,6.42871877207,F,K,1.87118181163,6.06266213537,85.1822820582,1894.50784442,148.716090368,-0.15
1239,2020,5091,CBU,D1 Western Athletic Conference,730157824,HCU,281435641,2020-02-29 13:00:00,5,0,2,0,1502383135,C. Burica,L,SL,R,-1.01412431154,0.379900784256,12.2205383851,8.68726271523,5.73752750897,SS,K,2.18430976815,5.81484616977,75.441818405,2364.4232387,215.303721106,-0.15
1240,2020,5091,CBU,D1 Western Athletic Conference,730157824,HCU,281435641,2020-02-29 13:00:00,5,0,0,1,1502383135,C. Burica,L,FA,R,0.863299585333,1.32899458407,4.1863860312,-15.918147084,6.45521243809,B,K,1.80006277301,5.65391192772,85.0442356798,1914.88789477,104.855670222,0.13
1241,2020,5091,CBU,D1 Western Athletic Conference,730157824,HCU,281435641,2020-02-29 13:00:00,5,1,0,1,1502383135,C. Burica,L,FA,R,1.23663625773,1.8777722192,9.8625968485,-13.1361545535,6.39254161515,SL,K,1.86987610069,5.82346276623,83.1332120993,1817.60283297,127.003664051,-0.15
1242,2020,5091,CBU,D1 Western Athletic Conference,730157824,HCU,281435641,2020-02-29 13:00:00,5,1,1,1,1502383135,C. Burica,L,CH,R,1.28462941061,2.23545610593,10.2967964499,-14.9943091365,6.07240973607,SL,K,1.79457577477,6.03421171806,77.3800189582,1593.33938561,124.590713265,-0.15
1243,2020,5091,CBU,D1 Western Athletic Conference,730157824,HCU,281435641,2020-02-29 13:00:00,5,1,2,1,1502383135,C. Burica,L,SL,R,-0.270852818737,1.43979757445,6.53890552737,9.3903179589,5.83704933225,B,K,2.08920666733,5.66145653087,75.6359589523,2347.53110536,234.958049267,0.13
1244,2020,5091,CBU,D1 Western Athletic Conference,730157824,HCU,281435641,2020-02-29 13:00:00,5,2,2,1,1502383135,C. Burica,L,FA,R,-0.989976861011,3.79132842906,24.4674857589,-6.41006855023,6.48999503154,F,K,1.90302394791,5.81768976144,86.0143966915,2073.25564714,165.339597883,0.0
1245,2020,5091,CBU,D1 Western Athletic Conference,730157824,HCU,281435641,2020-02-29 13:00:00,5,2,2,1,1502383135,C. Burica,L,CU,R,-0.277194895438,1.68201181139,-1.04084478885,9.55385501345,5.67245341081,SS,K,1.64959361543,6.10417288951,70.5557626169,2321.76464548,275.898192105,-0.15
1246,2020,5091,CBU,D1 Western Athletic Conference,730157824,HCU,281435641,2020-02-29 13:00:00,6,0,0,0,1502383135,C. Burica,L,CU,R,-0.228795199222,1.54893725271,2.48938539198,8.06860859079,5.22400756973,IP,S,1.74602715011,6.23939810071,69.2436920492,2218.14744513,252.48825593,1.0
1247,2020,5091,CBU,D1 Western Athletic Conference,730157824,HCU,281435641,2020-02-29 13:00:00,6,0,0,0,1502383135,C. Burica,L,FA,L,-0.470238557398,2.93957056598,13.0178304773,-7.16054516346,6.28295962795,F,S,1.80174334922,5.86292977658,84.3594552549,1930.27007764,151.254374278,-0.15
1248,2020,5091,CBU,D1 Western Athletic Conference,730157824,HCU,281435641,2020-02-29 13:00:00,6,0,1,0,1502383135,C. Burica,L,SL,L,0.50282156724,2.21205976615,7.700657074,5.33879467126,5.63045944492,F,S,2.15043193411,5.63966068709,75.814083392,2120.26129931,214.572699905,-0.15
1249,2020,5091,CBU,D1 Western Athletic Conference,730157824,HCU,281435641,2020-02-29 13:00:00,6,0,2,0,1502383135,C. Burica,L,SL,L,-0.424698870286,2.36001138569,9.43677600823,4.6668913051,5.67996836479,IP,S,2.17319931299,5.58199219621,77.6121021347,2242.19107066,206.208274633,1.0
1250,2020,5091,CBU,D1 Western Athletic Conference,730157824,HCU,281435641,2020-02-29 13:00:00,6,0,0,0,1502383135,C. Burica,L,FA,R,0.0093985123743,1.77726810995,23.2427872028,-15.4926575875,6.41511195737,F,SF,1.97172418463,6.14852685249,86.6418721952,1843.12117918,146.353949972,-0.15
1251,2020,5091,CBU,D1 Western Athletic Conference,730157824,HCU,281435641,2020-02-29 13:00:00,6,0,0,1,1502383135,C. Burica,L,CH,L,-1.56699780046,3.13202000155,11.8686944436,3.38009355895,5.74089073193,B,IP_OUT,2.02530506492,5.62764321856,78.8984723448,2296.46786098,195.842612693,0.13
1252,2020,5091,CBU,D1 Western Athletic Conference,730157824,HCU,281435641,2020-02-29 13:00:00,6,1,0,1,1502383135,C. Burica,L,SL,L,-0.712218139018,1.58269923504,9.39869377662,4.79808840955,5.73414133589,SL,IP_OUT,2.31771641654,5.53829628867,77.6472717134,2326.36060413,206.937069293,-0.15
1253,2020,5091,CBU,D1 Western Athletic Conference,730157824,HCU,281435641,2020-02-29 13:00:00,6,1,1,1,1502383135,C. Burica,L,SL,L,-1.02212225311,2.70790249321,1.71803734858,8.37797569793,5.71553097884,SS,IP_OUT,2.05203350786,5.45260226218,77.531856661,2487.32768725,258.12292484,-0.15
1254,2020,5091,CBU,D1 Western Athletic Conference,730157824,HCU,281435641,2020-02-29 13:00:00,6,0,0,2,1502383135,C. Burica,L,CH,R,-1.27101618166,0.669560835257,15.1948510107,-5.96144299144,6.05610244123,B,S,1.92463455008,5.83906357672,79.6958922763,1566.11314413,158.631482479,0.13
1255,2020,5091,CBU,D1 Western Athletic Conference,730157824,HCU,281435641,2020-02-29 13:00:00,6,1,0,2,1502383135,C. Burica,L,FA,R,0.0103561858883,0.821843259715,9.45638555807,-15.1048328369,6.58607698541,B,S,1.82559013266,5.76039676858,86.4860174349,1940.68823727,122.142818731,0.13
1256,2020,5091,CBU,D1 Western Athletic Conference,730157824,HCU,281435641,2020-02-29 13:00:00,6,2,0,2,1502383135,C. Burica,L,CH,R,0.20869104126,1.26230071917,13.6907045633,-7.3817273116,5.8961423579,F,S,2.05789935756,6.03415956532,79.4633128626,1436.33859449,151.740156134,-0.15
1257,2020,5091,CBU,D1 Western Athletic Conference,730157824,HCU,281435641,2020-02-29 13:00:00,6,2,1,2,1502383135,C. Burica,L,CU,R,0.475338609719,2.02247069423,-2.34143529381,8.93574327128,5.49979442457,SL,S,1.75973792448,6.10886275914,71.8350224576,2355.17252955,284.371790107,-0.15
1258,2020,5091,CBU,D1 Western Athletic Conference,730157824,HCU,281435641,2020-02-29 13:00:00,6,2,2,2,1502383135,C. Burica,L,CU,R,0.341279353513,1.43909241632,-2.52124900044,11.3483090426,5.75113645604,F,S,1.69626719349,6.15804207791,71.440403377,2470.19503167,282.27288546,0.0
1259,2020,5091,CBU,D1 Western Athletic Conference,730157824,HCU,281435641,2020-02-29 13:00:00,6,2,2,2,1502383135,C. Burica,L,FA,R,-0.777110321046,3.25848453264,22.308807756,-3.18693643882,6.65487057803,F,S,1.83841360019,5.80848864037,87.6641960934,1989.95799451,171.881980115,0.0
1260,2020,5091,CBU,D1 Western Athletic Conference,730157824,HCU,281435641,2020-02-29 13:00:00,6,2,2,2,1502383135,C. Burica,L,SL,R,0.297930087204,1.59054530452,6.81812926308,8.49542325501,5.84928903973,IP,S,2.2972976214,5.53473404882,76.5039729578,2321.33431035,231.064525081,1.0
1261,2020,5091,CBU,D1 Western Athletic Conference,730157824,HCU,281435641,2020-02-29 13:00:00,6,0,0,2,1502383135,C. Burica,L,CU,R,-1.08768219082,0.637360695027,-4.08752981866,11.6842330492,5.61640519833,B,IP_OUT,1.54265004769,6.0878335786,70.5654753681,2406.82606593,289.046669325,0.13
1262,2020,5091,CBU,D1 Western Athletic Conference,730157824,HCU,281435641,2020-02-29 13:00:00,6,1,0,2,1502383135,C. Burica,L,FA,R,0.49708973472,1.87122114165,13.8081723298,-14.5792965953,6.5781898623,F,IP_OUT,1.94242811747,5.6609264495,86.4015865133,1852.89739061,133.515563778,-0.15
1263,2020,5091,CBU,D1 Western Athletic Conference,730157824,HCU,281435641,2020-02-29 13:00:00,7,0,0,0,1358332128,M. Amrhein,R,SI,R,0.752225769341,2.85783116929,-2.48081413931,19.1988607128,6.56747887482,B,S,-1.72563217676,3.58544600707,84.0264820418,2170.22011449,277.254229203,0.13
1264,2020,5091,CBU,D1 Western Athletic Conference,730157824,HCU,281435641,2020-02-29 13:00:00,7,1,0,0,1358332128,M. Amrhein,R,CU,R,2.25026672166,2.52919093955,1.13566643347,-16.3711113486,5.88463444097,B,S,-1.85431736173,3.50507622977,70.6051709585,2268.75093116,94.156115265,0.13
1265,2020,5091,CBU,D1 Western Athletic Conference,730157824,HCU,281435641,2020-02-29 13:00:00,7,2,0,0,1358332128,M. Amrhein,R,SI,R,-0.249083137819,1.85390345124,3.34469490407,21.2597591148,6.28504221951,IP,S,-1.79284993597,3.51235682865,83.0505119007,2160.81854049,260.959063528,1.0
1266,2020,5091,CBU,D1 Western Athletic Conference,730157824,HCU,281435641,2020-02-29 13:00:00,7,0,0,1,1358332128,M. Amrhein,R,CU,R,0.671793905371,2.59910246946,3.16318795877,-19.4567924894,6.24763889343,SL,K,-2.06672765891,3.41713532284,69.1021625634,2235.66330592,99.3926577493,-0.15
1267,2020,5091,CBU,D1 Western Athletic Conference,730157824,HCU,281435641,2020-02-29 13:00:00,7,0,1,1,1358332128,M. Amrhein,R,CU,R,-0.831923914072,2.65460940625,5.32883651762,-11.6692972308,6.12400580703,SL,K,-2.15037095184,3.4457273288,68.7705173578,2135.444244,114.770954253,-0.15
1268,2020,5091,CBU,D1 Western Athletic Conference,730157824,HCU,281435641,2020-02-29 13:00:00,7,0,2,1,1358332128,M. Amrhein,R,FA,R,0.781605365715,3.66340898504,13.2961455657,16.406011892,6.04264495994,B,K,-0.870192147522,5.16872204678,88.4055021386,2252.73774027,230.905974237,0.13
1269,2020,5091,CBU,D1 Western Athletic Conference,730157824,HCU,281435641,2020-02-29 13:00:00,7,1,2,1,1358332128,M. Amrhein,R,CU,R,0.518238078809,1.54969121077,-13.9422373898,-17.3624857144,6.05257701942,SS,K,-1.60798061352,4.90885485332,69.9461426252,2331.88119037,51.3457334691,-0.15
1270,2020,5091,CBU,D1 Western Athletic Conference,730157824,HCU,281435641,2020-02-29 13:00:00,7,0,0,2,1358332128,M. Amrhein,R,FA,R,0.447807027952,3.96641273886,18.5765123921,9.79994342959,6.40071679989,B,K,-1.15353323688,5.04209639778,88.2555735955,2191.04745828,207.771069493,0.13
1271,2020,5091,CBU,D1 Western Athletic Conference,730157824,HCU,281435641,2020-02-29 13:00:00,7,1,0,2,1358332128,M. Amrhein,R,CU,R,0.840367476549,2.90166661919,1.32882803604,-17.3604335852,6.13151224891,SL,K,-2.08807269303,3.40458339779,69.6747268552,2146.22716222,94.556382045,-0.15
1272,2020,5091,CBU,D1 Western Athletic Conference,730157824,HCU,281435641,2020-02-29 13:00:00,7,1,1,2,1358332128,M. Amrhein,R,CU,R,0.0228558494117,1.54705596883,1.77200714174,-19.0340281282,6.00966105454,SL,K,-2.22667799647,3.50869643001,69.4944780374,2247.4346623,95.4833251656,-0.15
1273,2020,5091,CBU,D1 Western Athletic Conference,730157824,HCU,281435641,2020-02-29 13:00:00,7,1,2,2,1358332128,M. Amrhein,R,SL,R,1.6794944124,1.56646680575,6.82432083475,-10.0661381871,5.97834463308,B,K,-1.62962319204,4.5497825049,76.1741129816,2111.9187271,124.311561891,0.13
1274,2020,5091,CBU,D1 Western Athletic Conference,730157824,HCU,281435641,2020-02-29 13:00:00,7,2,2,2,1358332128,M. Amrhein,R,FA,R,0.939312492629,3.21702211273,21.5242002568,10.517158044,6.35953927003,SS,K,-1.12028842575,4.99324578684,88.8754077557,2186.50424776,206.006374258,-0.15
1275,2020,5091,CBU,D1 Western Athletic Conference,730157824,HCU,281435641,2020-02-29 13:00:00,8,0,0,0,1890002073,M. McGarvey,L,CU,L,-2.15939471679,-1.78249098295,-9.78665939713,11.0185780326,5.40845503324,B,BB,1.51210188737,5.54586686264,76.8156891816,2029.87540051,311.476199845,0.13
1276,2020,5091,CBU,D1 Western Athletic Conference,730157824,HCU,281435641,2020-02-29 13:00:00,8,1,0,0,1890002073,M. McGarvey,L,FA,L,-0.885198984238,3.45075014823,5.76521066564,-15.1938019356,6.37682907409,B,BB,1.73045992792,5.52311315566,91.2908375571,2230.79519079,110.880959099,0.13
1277,2020,5091,CBU,D1 Western Athletic Conference,730157824,HCU,281435641,2020-02-29 13:00:00,8,2,0,0,1890002073,M. McGarvey,L,FA,L,-0.105265356067,3.47786395215,13.4306147451,-13.2702755529,6.3123940374,B,BB,1.8174158332,5.6908728006,90.1944040709,2211.50897441,135.412223971,0.13
1278,2020,5091,CBU,D1 Western Athletic Conference,730157824,HCU,281435641,2020-02-29 13:00:00,8,3,0,0,1890002073,M. McGarvey,L,FA,L,-1.22459651029,0.264608278654,19.5493967048,-11.0469499652,6.33314689737,B,BB,1.64372756229,5.62940675577,91.7218070461,2214.77446908,150.569530576,0.8
1279,2020,5091,CBU,D1 Western Athletic Conference,730157824,HCU,281435641,2020-02-29 13:00:00,8,0,0,0,1890002073,M. McGarvey,L,FA,R,0.887797843477,1.81525309284,5.31717855713,-17.4205804277,6.43926775802,B,IP_OUT,1.94013169077,5.45696636758,89.9356252688,2132.72419152,107.069816252,0.13
1280,2020,5091,CBU,D1 Western Athletic Conference,730157824,HCU,281435641,2020-02-29 13:00:00,8,1,0,0,1890002073,M. McGarvey,L,FA,R,-0.481609162349,2.89148095172,19.9245560444,-10.0243667173,6.42934095788,SL,IP_OUT,1.68386899878,5.65970391483,89.1439088977,2217.90928256,153.329970657,-0.15
1281,2020,5091,CBU,D1 Western Athletic Conference,730157824,HCU,281435641,2020-02-29 13:00:00,8,0,0,1,1890002073,M. McGarvey,L,SL,L,-0.66819777972,2.55174828813,0.265351440758,10.8617464244,5.70037326883,SL,DP,1.58981630717,5.60472018602,77.987919984,1899.46607034,268.369666269,-0.15
1282,2020,5091,CBU,D1 Western Athletic Conference,730157824,HCU,281435641,2020-02-29 13:00:00,8,0,1,1,1890002073,M. McGarvey,L,FA,L,0.327772800734,3.66759912136,20.910218384,-4.20633793298,6.25519043016,F,DP,1.81234960317,5.78693876892,89.4482114812,2250.95670609,168.64341235,-0.15
1283,2020,5091,CBU,D1 Western Athletic Conference,730157824,HCU,281435641,2020-02-29 13:00:00,8,0,2,1,1890002073,M. McGarvey,L,SL,L,0.151783616966,3.94303438413,12.8216717835,4.51512388881,5.84169789197,IP,DP,1.83997591851,5.45775893757,81.4840843551,2071.66418889,199.343851056,-0.21
1284,2020,5091,CBU,D1 Western Athletic Conference,730157824,HCU,281435641,2020-02-29 13:00:00,9,0,0,0,1724422800,J. Valerio,R,FA,R,-0.178256572606,1.64105614558,16.7408986605,13.3136394334,6.035307384,SL,D,-2.24127268447,5.67655114465,91.2055684181,1998.47151565,218.441618753,-0.15
1285,2020,5091,CBU,D1 Western Athletic Conference,730157824,HCU,281435641,2020-02-29 13:00:00,9,0,1,0,1724422800,J. Valerio,R,CH,R,0.131314727052,1.71882927246,20.7977010091,8.04390829483,6.4162711253,SS,D,-2.15763989316,5.76051445836,79.8758308186,1446.1797636,201.107232143,-0.15
1286,2020,5091,CBU,D1 Western Athletic Conference,730157824,HCU,281435641,2020-02-29 13:00:00,9,0,2,0,1724422800,J. Valerio,R,CH,R,-0.256805283961,0.371785520611,13.3430065612,12.0109517392,6.5819171099,B,D,-2.37732719494,5.53341748462,79.1890267603,1370.82399293,221.904159852,0.13
1287,2020,5091,CBU,D1 Western Athletic Conference,730157824,HCU,281435641,2020-02-29 13:00:00,9,1,2,0,1724422800,J. Valerio,R,FA,R,-0.28646104381,2.84761194428,20.5396866967,9.95347541639,6.05633569585,IP,D,-2.11696501525,5.73259678046,92.6220889141,2000.72177333,205.820869596,1.26
1288,2020,5091,CBU,D1 Western Athletic Conference,730157824,HCU,281435641,2020-02-29 13:00:00,9,0,0,1,1724422800,J. Valerio,R,CH,R,0.690233054369,1.27344485824,14.7488511919,8.96975386432,6.45997004746,SL,K,-2.34474919732,5.72403152653,79.4083594551,1465.87089047,211.235158609,-0.15
1289,2020,5091,CBU,D1 Western Athletic Conference,730157824,HCU,281435641,2020-02-29 13:00:00,9,0,1,1,1724422800,J. Valerio,R,SL,R,0.10310841194,2.16886017279,8.33136392517,3.13656553936,5.71236196678,F,K,-2.60028987569,5.47176755277,81.9082217361,2030.84922798,200.540484593,-0.15
1290,2020,5091,CBU,D1 Western Athletic Conference,730157824,HCU,281435641,2020-02-29 13:00:00,9,0,2,1,1724422800,J. Valerio,R,FA,R,2.10090277326,2.6318550677,26.6671848167,4.96770567269,6.17284818869,B,K,-2.08467011144,6.1283898035,93.5901452879,1950.917641,190.540614869,0.13
1291,2020,5091,CBU,D1 Western Athletic Conference,730157824,HCU,281435641,2020-02-29 13:00:00,9,1,2,1,1724422800,J. Valerio,R,CH,R,-0.256405828135,1.2081904643,11.1343945809,13.0451829706,6.55411299201,SS,K,-2.46491058099,5.6335719483,77.5111061136,1392.04219622,229.408771698,-0.15
1292,2020,5091,CBU,D1 Western Athletic Conference,730157824,HCU,281435641,2020-02-29 13:00:00,9,0,0,2,1724422800,J. Valerio,R,FA,L,0.00737429762612,1.09529069436,13.4645782348,18.1279942953,6.15948556783,B,BB,-2.1972476479,5.78306855714,93.3149166517,1907.17916328,233.33525756,0.13
1293,2020,5091,CBU,D1 Western Athletic Conference,730157824,HCU,281435641,2020-02-29 13:00:00,9,1,0,2,1724422800,J. Valerio,R,CH,L,0.193309926108,0.997396794016,9.52479540603,14.2900019693,6.58987426462,B,BB,-2.419291797,5.45958457588,78.13658388,1461.68803754,236.198005904,0.13
1294,2020,5091,CBU,D1 Western Athletic Conference,730157824,HCU,281435641,2020-02-29 13:00:00,9,2,0,2,1724422800,J. Valerio,R,FA,L,0.943458114882,2.05854678257,16.6534816545,11.6780558109,6.06039811106,B,BB,-2.23753859726,5.63401273497,93.6932043285,1944.07919052,214.991168529,0.13
1295,2020,5091,CBU,D1 Western Athletic Conference,730157824,HCU,281435641,2020-02-29 13:00:00,9,3,0,2,1724422800,J. Valerio,R,FA,L,0.0510412876292,2.72673648099,27.4537850657,6.40022550308,6.13189494131,SL,BB,-2.12106964608,6.06014585578,92.7169154321,2041.6180988,193.108537979,-0.15
1296,2020,5091,CBU,D1 Western Athletic Conference,730157824,HCU,281435641,2020-02-29 13:00:00,9,3,1,2,1724422800,J. Valerio,R,CH,L,0.380430920833,0.960978416674,7.788195512,14.6045712175,6.72611006208,B,BB,-2.37762956022,5.38993351149,79.3248376263,1469.40234126,241.804856657,0.8
1297,2020,5091,CBU,D1 Western Athletic Conference,730157824,HCU,174720069,2020-02-28 13:00:00,1,0,0,2,1482172637,B. Pope,R,FA,L,0.873963946811,1.8771389798,15.5264368316,14.1606389509,6.05403131842,SL,IP_OUT,-2.43640778328,5.68344716954,90.4203072296,1875.99285913,222.306699496,-0.15
1298,2020,5091,CBU,D1 Western Athletic Conference,730157824,HCU,174720069,2020-02-28 13:00:00,2,0,0,0,1482172637,B. Pope,R,FA,R,0.0533700848794,1.92173010431,4.41808485668,12.4673604317,5.91706979304,SL,IP_OUT,-2.26623266806,5.32559275388,89.3342738048,1869.00938469,250.353386738,-0.15
1299,2020,5091,CBU,D1 Western Athletic Conference,730157824,HCU,174720069,2020-02-28 13:00:00,2,0,0,1,1482172637,B. Pope,R,FA,R,-0.996891230326,1.83175250201,9.79115036652,18.3601748495,6.00681423867,SL,K,-2.51007679591,5.52228764355,89.4758799037,1961.44023922,241.850278954,-0.15
1300,2020,5091,CBU,D1 Western Athletic Conference,730157824,HCU,174720069,2020-02-28 13:00:00,2,0,1,1,1482172637,B. Pope,R,FA,R,-0.567454905272,0.879742547147,12.0425948735,14.3238519412,6.11072164528,B,K,-2.31876615192,5.52638538294,89.5916400129,1948.36795639,229.868546627,0.13
1301,2020,5091,CBU,D1 Western Athletic Conference,730157824,HCU,174720069,2020-02-28 13:00:00,2,1,1,1,1482172637,B. Pope,R,CH,R,-1.33380807241,1.78495408676,10.0141373864,15.8914840085,5.84919331118,F,K,-2.61922591098,5.57872884892,79.4221467367,1859.32288392,237.674637598,-0.15
1302,2020,5091,CBU,D1 Western Athletic Conference,730157824,HCU,174720069,2020-02-28 13:00:00,2,1,2,1,1482172637,B. Pope,R,SL,R,1.37973410455,2.40551111032,2.64807883225,-7.71898967587,5.15515686567,SS,K,-2.58739998551,5.65886967,80.2546104293,2163.2328091,109.217796574,-0.15
1303,2020,5091,CBU,D1 Western Athletic Conference,730157824,HCU,174720069,2020-02-28 13:00:00,3,0,0,0,1482172637,B. Pope,R,SL,R,1.84393985894,-0.153847771002,4.55284164865,-14.7472785746,5.06207423727,B,K,-2.89382375416,5.85130104344,79.0605379614,2132.76206466,107.313841183,0.13
1304,2020,5091,CBU,D1 Western Athletic Conference,730157824,HCU,174720069,2020-02-28 13:00:00,3,1,0,0,1482172637,B. Pope,R,FA,R,0.590568747198,1.85956871087,6.77872357802,21.0235213645,5.94288518837,SL,K,-2.24295129969,5.31790957113,89.5500544879,1949.63037362,252.04771144,-0.15
1305,2020,5091,CBU,D1 Western Athletic Conference,730157824,HCU,174720069,2020-02-28 13:00:00,3,1,1,0,1482172637,B. Pope,R,FA,R,-1.12190583732,2.23120669527,11.3439290607,20.3173296283,5.94310840335,F,K,-2.53900881679,5.50560731978,89.3922505231,2020.73665979,240.752597408,-0.15
1306,2020,5091,CBU,D1 Western Athletic Conference,730157824,HCU,174720069,2020-02-28 13:00:00,3,1,2,0,1482172637,B. Pope,R,SL,R,1.00549515446,1.24312874324,-3.53373742145,-15.035188117,5.28888472593,SS,K,-2.58169585848,5.54897059213,81.1212999201,2074.627919,76.9241340004,-0.15
1307,2020,5091,CBU,D1 Western Athletic Conference,730157824,HCU,174720069,2020-02-28 13:00:00,3,0,0,1,1482172637,B. Pope,R,FA,R,-2.37412601733,2.08626507484,10.0990807108,15.1101373487,6.16009019086,B,K,-2.487520828,5.43570815238,89.5980945662,1952.27134307,236.156528406,0.13
1308,2020,5091,CBU,D1 Western Athletic Conference,730157824,HCU,174720069,2020-02-28 13:00:00,3,1,0,1,1482172637,B. Pope,R,FA,R,-1.04284236734,2.49115874213,12.7188069692,15.6168023334,6.13708970808,F,K,-2.65191513954,5.67460917432,89.0064784041,2004.08624461,230.766219535,-0.15
1309,2020,5091,CBU,D1 Western Athletic Conference,730157824,HCU,174720069,2020-02-28 13:00:00,3,1,1,1,1482172637,B. Pope,R,CH,R,-2.2625959941,4.41234738913,18.9907247795,11.7896970159,5.84032994007,B,K,-2.69557948511,5.56410995264,76.9511064477,1638.09186437,211.772158488,0.13
1310,2020,5091,CBU,D1 Western Athletic Conference,730157824,HCU,174720069,2020-02-28 13:00:00,3,2,1,1,1482172637,B. Pope,R,FA,R,-0.144900226897,1.70420360063,18.8812740078,17.8257775162,6.15214801984,F,K,-2.57002166952,5.80823755399,91.0018589011,2047.29385086,223.304885278,-0.15
1311,2020,5091,CBU,D1 Western Athletic Conference,730157824,HCU,174720069,2020-02-28 13:00:00,3,2,2,1,1482172637,B. Pope,R,SL,R,1.40335152848,1.59291624577,0.470403143122,-6.31800718148,5.48186072568,SS,K,-2.60496218999,5.54585098425,81.1447673867,1889.30804182,94.6292970758,-0.15
1312,2020,5091,CBU,D1 Western Athletic Conference,730157824,HCU,174720069,2020-02-28 13:00:00,3,0,0,2,1482172637,B. Pope,R,FA,L,-1.01945593833,1.49882101787,14.0677549936,17.7934963889,6.06637421043,SL,IP_OUT,-2.90049208482,5.85302962691,90.4483387202,1830.83517855,231.60578754,-0.15
1313,2020,5091,CBU,D1 Western Athletic Conference,730157824,HCU,174720069,2020-02-28 13:00:00,3,0,1,2,1482172637,B. Pope,R,SL,L,0.977473872584,0.814831534914,-2.91579785349,-4.15429031797,5.05077579855,B,IP_OUT,-2.63928086738,5.68026150526,79.2625513843,2269.89728473,55.3406447137,0.13
1314,2020,5091,CBU,D1 Western Athletic Conference,730157824,HCU,174720069,2020-02-28 13:00:00,4,0,0,0,1482172637,B. Pope,R,CU,L,-0.00973648186883,2.68665496363,-0.12890276504,-2.68909040375,5.36193502555,SL,K,-2.62023595349,5.73333016933,77.1756139033,2115.53942197,88.2129809403,-0.15
1315,2020,5091,CBU,D1 Western Athletic Conference,730157824,HCU,174720069,2020-02-28 13:00:00,4,0,1,0,1482172637,B. Pope,R,CU,L,1.06906287887,0.718239336942,-0.836311261911,-3.424845277,5.51008025194,B,K,-2.58821178041,5.76244017607,78.1243280253,2195.52410743,76.9727615856,0.13
1316,2020,5091,CBU,D1 Western Athletic Conference,730157824,HCU,174720069,2020-02-28 13:00:00,4,1,1,0,1482172637,B. Pope,R,FA,L,-0.124508564268,1.71439748537,17.4247388921,12.0810115168,6.22656080507,SL,K,-2.73376678371,5.49816245566,90.4032194995,1948.73689268,214.685323328,-0.15
1317,2020,5091,CBU,D1 Western Athletic Conference,730157824,HCU,174720069,2020-02-28 13:00:00,4,1,2,0,1482172637,B. Pope,R,SL,L,1.78504410386,0.607437353446,4.96991864493,-7.27600407326,5.17542949303,B,K,-2.4819148214,6.06468811419,80.4201975986,2227.12586792,124.560143677,0.13
1318,2020,5091,CBU,D1 Western Athletic Conference,730157824,HCU,174720069,2020-02-28 13:00:00,4,2,2,0,1482172637,B. Pope,R,FA,L,0.39171327349,1.63428170612,24.5315406045,12.7292415135,5.78429431305,SS,K,-2.37211021206,5.92745714767,90.6503511655,1932.84306682,207.393511528,-0.15
1319,2020,5091,CBU,D1 Western Athletic Conference,730157824,HCU,174720069,2020-02-28 13:00:00,4,0,0,1,1482172637,B. Pope,R,SL,R,0.826582102136,1.80748626343,-3.41178088303,-13.5141209988,5.19891212414,SL,IP_OUT,-2.65630788243,5.54067618885,80.8341220995,2010.36428281,75.9973597347,-0.15
1320,2020,5091,CBU,D1 Western Athletic Conference,730157824,HCU,174720069,2020-02-28 13:00:00,4,0,0,2,1482172637,B. Pope,R,FA,L,1.62000564325,2.24846704668,15.9410543413,13.9754638561,5.96524646397,B,IP_OUT,-2.35415825678,5.42583426695,90.7658925807,1963.32656115,221.183884541,0.13
1321,2020,5091,CBU,D1 Western Athletic Conference,730157824,HCU,174720069,2020-02-28 13:00:00,5,0,0,0,1482172637,B. Pope,R,SL,R,0.0352559276062,0.800585381328,-2.01869455201,-7.83135514055,5.15946237295,B,IP_OUT,-2.88915678585,5.6950233939,78.5269806261,1940.98128779,75.8477118287,0.13
1322,2020,5091,CBU,D1 Western Athletic Conference,730157824,HCU,174720069,2020-02-28 13:00:00,5,1,0,0,1482172637,B. Pope,R,FA,R,-1.69634829575,2.41868589477,13.4878272184,10.8794739831,6.08134745914,SS,IP_OUT,-2.77872205373,5.57577803452,88.8188577553,1902.45370934,218.821453411,-0.15
1323,2020,5091,CBU,D1 Western Athletic Conference,730157824,HCU,174720069,2020-02-28 13:00:00,5,0,0,1,1482172637,B. Pope,R,SL,R,1.56359455941,1.23385475508,-1.43816118762,-7.61864542403,5.51804108663,B,IP_OUT,-2.51927765855,5.70894119482,77.845918106,2322.37032249,79.6327270503,0.13
1324,2020,5091,CBU,D1 Western Athletic Conference,730157824,HCU,174720069,2020-02-28 13:00:00,5,0,0,2,1482172637,B. Pope,R,FA,R,0.491036948212,2.95382274995,10.0695070863,11.1673055508,6.0551343978,F,IP_OUT,-2.53743082945,5.47378243246,89.8805689125,1944.47901492,227.867501281,-0.15
1325,2020,5091,CBU,D1 Western Athletic Conference,730157824,HCU,174720069,2020-02-28 13:00:00,6,0,0,0,1482172637,B. Pope,R,FA,R,-0.191054568808,0.806081370613,8.90864926039,16.2676646732,6.26718636771,B,K,-2.66898787841,5.4825027658,88.9864098075,1776.4937897,241.203620957,0.13
1326,2020,5091,CBU,D1 Western Athletic Conference,730157824,HCU,174720069,2020-02-28 13:00:00,6,1,0,0,1482172637,B. Pope,R,CH,R,-1.25358443784,2.35354821414,15.4853365125,15.612566966,6.17443306694,F,K,-2.6443417022,5.50753956447,79.842954338,1800.4704915,225.157579031,-0.15
1327,2020,5091,CBU,D1 Western Athletic Conference,730157824,HCU,174720069,2020-02-28 13:00:00,6,1,1,0,1482172637,B. Pope,R,SL,R,1.95446903194,0.665738437859,0.36054498568,-11.279094466,5.50857080132,B,K,-2.60143681334,5.93687351034,80.6107095758,2071.68680006,92.0448355469,0.13
1328,2020,5091,CBU,D1 Western Athletic Conference,730157824,HCU,174720069,2020-02-28 13:00:00,6,2,1,0,1482172637,B. Pope,R,FA,R,-0.0641451264374,2.19812627004,8.90590956805,16.6369884098,6.11213040806,F,K,-2.33120025176,5.3094263141,89.2988159189,1877.02099664,241.751704483,-0.15
1329,2020,5091,CBU,D1 Western Athletic Conference,730157824,HCU,174720069,2020-02-28 13:00:00,6,2,2,0,1482172637,B. Pope,R,SL,R,0.478148026807,1.24197674127,-2.02363839761,-14.4260117965,5.43703571043,SS,K,-2.65581722982,5.52159173577,78.9296582062,2008.01640217,82.1838695996,-0.15
1330,2020,5091,CBU,D1 Western Athletic Conference,730157824,HCU,174720069,2020-02-28 13:00:00,6,0,0,1,1482172637,B. Pope,R,FA,R,-1.26206036728,1.78113492699,7.51787478235,14.578745874,6.23835006015,B,ROE,-2.51719890456,5.35427501923,89.189116835,1995.34432615,242.620197459,0.13
1331,2020,5091,CBU,D1 Western Athletic Conference,730157824,HCU,174720069,2020-02-28 13:00:00,6,1,0,1,1482172637,B. Pope,R,FA,R,-0.907266351514,2.72069502769,13.7299101343,16.729507786,6.09941831778,IP,ROE,-2.29133095133,5.70867809003,89.3231043746,1916.26456986,230.557163713,0.0
1332,2020,5091,CBU,D1 Western Athletic Conference,730157824,HCU,174720069,2020-02-28 13:00:00,6,0,0,1,1482172637,B. Pope,R,CH,L,-0.143712480131,2.09237057176,14.4398575855,15.3779561101,6.12802931597,SS,HR,-2.81025311933,5.4458935256,80.3220747855,2042.41865423,226.721795008,-0.15
1333,2020,5091,CBU,D1 Western Athletic Conference,730157824,HCU,174720069,2020-02-28 13:00:00,6,0,1,1,1482172637,B. Pope,R,FA,L,-0.225423955231,2.52773602075,8.01587476001,17.2098375711,6.09850454897,IP,HR,-2.67656182936,5.36699679693,89.0028177673,1915.39685954,244.9354316,1.76
1334,2020,5091,CBU,D1 Western Athletic Conference,730157824,HCU,174720069,2020-02-28 13:00:00,6,0,0,1,1482172637,B. Pope,R,FA,L,-2.47917058341,2.59169430558,11.4611480768,15.9161176005,6.20389472032,B,IP_OUT,-3.06813828707,5.48302655238,89.6341380176,1941.49281553,234.16532455,0.13
1335,2020,5091,CBU,D1 Western Athletic Conference,730157824,HCU,174720069,2020-02-28 13:00:00,6,1,0,1,1482172637,B. Pope,R,CH,L,-1.43266165652,2.63445060623,11.9819464109,16.4207322866,6.1207056023,B,IP_OUT,-2.86125985301,5.42987243804,80.1460675747,1957.85983594,233.789440346,0.13
1336,2020,5091,CBU,D1 Western Athletic Conference,730157824,HCU,174720069,2020-02-28 13:00:00,6,2,0,1,1482172637,B. Pope,R,FA,L,-1.19410299602,2.05431103535,14.9411219011,16.7197199886,6.1169654311,F,IP_OUT,-2.81800951515,5.65332041794,89.3678269904,1987.66054877,228.152475219,-0.15
1337,2020,5091,CBU,D1 Western Athletic Conference,730157824,HCU,174720069,2020-02-28 13:00:00,6,2,1,1,1482172637,B. Pope,R,FA,L,-0.236652211504,1.23748033947,9.51703621636,11.0497887426,6.20013524086,B,IP_OUT,-2.84254793623,5.33742271759,89.7360902371,1895.603968,229.164880292,0.13
1338,2020,5091,CBU,D1 Western Athletic Conference,730157824,HCU,174720069,2020-02-28 13:00:00,6,0,0,2,1482172637,B. Pope,R,SL,R,0.558042571758,2.71418992078,2.95079378856,-9.60460644634,5.35088194485,SL,K,-2.61150489514,5.52920175982,78.9098809197,2014.61885511,107.313616793,-0.15
1339,2020,5091,CBU,D1 Western Athletic Conference,730157824,HCU,174720069,2020-02-28 13:00:00,6,0,1,2,1482172637,B. Pope,R,SL,R,-0.0614453591596,2.750201714,1.37020083157,-5.24670526353,5.17170340858,F,K,-2.63588909114,5.51129916215,80.2370579666,1998.24449373,105.063173662,-0.15
1340,2020,5091,CBU,D1 Western Athletic Conference,730157824,HCU,174720069,2020-02-28 13:00:00,6,0,2,2,1482172637,B. Pope,R,FA,R,1.22487876784,2.14380473257,11.2297146797,15.5990157105,6.04624281928,SL,K,-2.14667013602,5.60700321365,91.2782199705,2040.19665891,234.174060306,-0.15
1341,2020,5091,CBU,D1 Western Athletic Conference,730157824,HCU,174720069,2020-02-28 13:00:00,7,0,0,1,1482172637,B. Pope,R,SL,R,0.689100806237,1.97268047617,0.499658384518,-10.7243417918,5.42845404383,SL,K,-2.59103871638,5.60103532718,80.0313633163,2093.25084894,92.893560304,-0.15
1342,2020,5091,CBU,D1 Western Athletic Conference,730157824,HCU,174720069,2020-02-28 13:00:00,7,0,1,1,1482172637,B. Pope,R,SL,R,1.97911173688,-0.230312304459,6.95322549745,-10.0143656948,5.45924366487,B,K,-2.56265157421,5.7411316951,79.5532813896,2182.29475096,124.940195501,0.13
1343,2020,5091,CBU,D1 Western Athletic Conference,730157824,HCU,174720069,2020-02-28 13:00:00,7,1,1,1,1482172637,B. Pope,R,FA,R,0.481025901997,1.05292437378,14.777761195,16.0671203379,5.9760233004,SS,K,-2.39537682084,5.70357157201,88.5409550834,1897.75444131,227.328846708,-0.15
1344,2020,5091,CBU,D1 Western Athletic Conference,730157824,HCU,174720069,2020-02-28 13:00:00,7,1,2,1,1482172637,B. Pope,R,CH,R,-0.46983372631,1.2914342137,20.5603913759,12.4901295049,6.35477858839,B,K,-2.65390303384,5.7845711076,78.978999253,1719.65031308,211.226445263,0.13
1345,2020,5091,CBU,D1 Western Athletic Conference,730157824,HCU,174720069,2020-02-28 13:00:00,7,2,2,1,1482172637,B. Pope,R,CH,R,-0.390469929813,1.74390260355,9.84741550913,15.7903326933,6.24785076817,F,K,-2.61009614908,5.30932908668,78.2037427442,1947.99128167,237.939966342,0.0
1346,2020,5091,CBU,D1 Western Athletic Conference,730157824,HCU,174720069,2020-02-28 13:00:00,7,2,2,1,1482172637,B. Pope,R,FA,R,1.25733764439,1.19141394963,20.6248451076,13.3265682513,6.00800881773,SS,K,-2.22931350823,5.77294852792,89.8111789492,1937.80709654,212.826400001,-0.15
1347,2020,5091,CBU,D1 Western Athletic Conference,730157824,HCU,174720069,2020-02-28 13:00:00,7,0,0,2,1482172637,B. Pope,R,FA,R,0.304621106703,2.50519302373,11.6754255728,14.1161281316,6.04822691506,SL,K,-2.40653263909,5.52459154673,89.4516502395,1980.72064309,230.326253423,-0.15
1348,2020,5091,CBU,D1 Western Athletic Conference,730157824,HCU,174720069,2020-02-28 13:00:00,7,0,1,2,1482172637,B. Pope,R,FA,R,1.3585367943,1.91177171867,3.50536289098,17.2796989893,6.10174657833,B,K,-2.26386117382,5.33456130311,89.3977312805,1951.10161759,258.427498931,0.13
1349,2020,5091,CBU,D1 Western Athletic Conference,730157824,HCU,174720069,2020-02-28 13:00:00,7,1,1,2,1482172637,B. Pope,R,CH,R,-1.03815050152,0.732530546359,14.5135329224,21.106120757,6.20827697954,B,K,-2.81065475171,5.82391578419,79.3229357117,1852.60756813,235.408451399,0.13
1350,2020,5091,CBU,D1 Western Athletic Conference,730157824,HCU,174720069,2020-02-28 13:00:00,7,2,1,2,1482172637,B. Pope,R,FA,R,-0.717242363399,1.68041137039,20.7560294352,14.9557025226,6.14754716644,SL,K,-2.62095308872,5.95238871797,88.7305641199,1872.86777536,215.730658056,-0.15
1351,2020,5091,CBU,D1 Western Athletic Conference,730157824,HCU,174720069,2020-02-28 13:00:00,7,2,2,2,1482172637,B. Pope,R,FA,R,1.32602669544,2.05172286535,7.94394720298,13.2857601467,6.02998342447,SS,K,-2.1546541946,5.27511970956,90.1037130876,1954.08847902,239.020919442,-0.15
1352,2020,5091,CBU,D1 Western Athletic Conference,730157824,HCU,174720069,2020-02-28 13:00:00,8,0,0,0,1718265365,C. Culpepper,R,FA,L,-0.847679106365,2.8191188321,11.6734076444,0.339233111798,5.86966881637,IP,S,-1.49647145944,5.32251241206,91.3679424985,2259.53577102,181.660082168,1.0
1353,2020,5091,CBU,D1 Western Athletic Conference,730157824,HCU,174720069,2020-02-28 13:00:00,8,0,0,0,1718265365,C. Culpepper,R,FA,R,-0.759975424115,2.47616556213,10.6685288117,7.39394090195,5.81322917094,F,K,-1.73164430228,5.29445432058,90.9816305903,2265.59599241,214.64429025,-0.15
1354,2020,5091,CBU,D1 Western Athletic Conference,730157824,HCU,174720069,2020-02-28 13:00:00,8,0,1,0,1718265365,C. Culpepper,R,SL,R,-0.708247915259,3.26929487518,6.75049209143,-5.86268179893,5.41303088635,B,K,-1.49590504068,5.28658188615,79.3137837404,2360.35131712,139.204104208,0.13
1355,2020,5091,CBU,D1 Western Athletic Conference,730157824,HCU,174720069,2020-02-28 13:00:00,8,1,1,0,1718265365,C. Culpepper,R,FA,R,-0.223032863284,3.31481445233,6.67708464528,5.40189396406,5.91039698268,SS,K,-1.56338997099,5.29289093263,90.8619983701,2311.81405155,218.841755672,-0.15
1356,2020,5091,CBU,D1 Western Athletic Conference,730157824,HCU,174720069,2020-02-28 13:00:00,8,1,2,0,1718265365,C. Culpepper,R,FA,R,0.91214767394,2.92056291136,12.3207974181,6.81126774481,6.09992343121,SL,K,-1.46929444342,5.41143023869,91.1344149667,2466.07560531,208.873727908,-0.15
1357,2020,5091,CBU,D1 Western Athletic Conference,730157824,HCU,174720069,2020-02-28 13:00:00,8,0,0,1,1718265365,C. Culpepper,R,FA,R,1.37652610226,2.49824688287,14.0737252022,1.19332808145,6.14191720468,SS,K,-1.3945928114,5.37325650919,90.9746228559,2397.48612756,184.83585692,-0.15
1358,2020,5091,CBU,D1 Western Athletic Conference,730157824,HCU,174720069,2020-02-28 13:00:00,8,0,1,1,1718265365,C. Culpepper,R,SL,R,0.209002683782,3.14194138799,5.84328985451,-10.57812827,5.36679209165,SL,K,-1.41427341916,5.28366386458,80.2554524297,2380.40272993,119.088478163,-0.15
1359,2020,5091,CBU,D1 Western Athletic Conference,730157824,HCU,174720069,2020-02-28 13:00:00,8,0,2,1,1718265365,C. Culpepper,R,SL,R,0.393393190771,1.28065526316,2.5717197727,-10.2111178225,5.38517481678,SS,K,-1.26644933799,5.19035502079,79.9936491338,2312.71091882,104.356148895,-0.15
1360,2020,5091,CBU,D1 Western Athletic Conference,730157824,HCU,174720069,2020-02-28 13:00:00,8,0,0,2,1718265365,C. Culpepper,R,CH,L,-0.447959470637,1.29301331435,4.69012343823,18.0581363585,6.09041657452,B,BB,-1.72154293151,5.00373484623,83.7344468786,1966.32208597,255.330452769,0.13
1361,2020,5091,CBU,D1 Western Athletic Conference,730157824,HCU,174720069,2020-02-28 13:00:00,8,1,0,2,1718265365,C. Culpepper,R,FA,L,-1.31235128328,2.27927324982,17.4874366817,8.03458664081,6.11321613894,SL,BB,-1.5564436218,5.42712157926,91.544152519,2416.59566146,204.637899411,-0.15
1362,2020,5091,CBU,D1 Western Athletic Conference,730157824,HCU,174720069,2020-02-28 13:00:00,8,1,1,2,1718265365,C. Culpepper,R,FA,L,-1.31876470288,3.18059282882,21.378540633,1.77754252398,6.16737607682,B,BB,-1.4069031226,5.5259126262,91.0554274469,2347.33673112,184.746058989,0.13
1363,2020,5091,CBU,D1 Western Athletic Conference,730157824,HCU,174720069,2020-02-28 13:00:00,8,2,1,2,1718265365,C. Culpepper,R,CH,L,-1.17450093483,2.20977361644,5.10383464457,15.7518641277,6.16797561238,SS,BB,-1.73858233994,5.05355203995,83.5907514774,1744.21453125,251.925193512,-0.15
1364,2020,5091,CBU,D1 Western Athletic Conference,730157824,HCU,174720069,2020-02-28 13:00:00,8,2,2,2,1718265365,C. Culpepper,R,CH,L,-2.17296499866,1.85678144255,5.773754495,16.6125734974,6.09737321915,B,BB,-1.69878269615,5.24823594437,83.6754147811,1776.81745078,250.720867516,0.13
1365,2020,5091,CBU,D1 Western Athletic Conference,730157824,HCU,174720069,2020-02-28 13:00:00,8,3,2,2,1718265365,C. Culpepper,R,FA,L,-1.77459827941,3.56172474425,18.3233699828,5.8244387974,6.08623934009,B,BB,-1.51249333881,5.50760015144,90.4854020716,2293.02244405,197.605345263,0.8
1366,2020,5091,CBU,D1 Western Athletic Conference,730157824,HCU,174720069,2020-02-28 13:00:00,8,0,0,2,1718265365,C. Culpepper,R,SL,R,1.03104662074,1.95317859501,2.10383944369,-7.89178782168,5.62108624431,SS,IP_OUT,-1.68478000557,5.28702982641,80.5361998219,2273.87399099,105.204022722,-0.15
1367,2020,5091,CBU,D1 Western Athletic Conference,730157824,HCU,174720069,2020-02-28 13:00:00,9,0,0,0,1069327687,G. King,R,FA,R,1.67857057309,1.28244110577,14.2824232396,9.94906354458,6.12358281324,B,K,-2.08789182041,5.73060364363,87.7402099413,1797.11383724,214.797296932,0.13
1368,2020,5091,CBU,D1 Western Athletic Conference,730157824,HCU,174720069,2020-02-28 13:00:00,9,1,0,0,1069327687,G. King,R,FA,R,0.491677318389,2.17055109378,18.7522547042,8.07437301944,6.12754187629,F,K,-2.17069370087,5.59552772688,88.1066643908,2094.04706713,203.258591383,-0.15
1369,2020,5091,CBU,D1 Western Athletic Conference,730157824,HCU,174720069,2020-02-28 13:00:00,9,1,1,0,1069327687,G. King,R,CU,R,-3.03506693412,4.38360448665,-9.83551061726,-8.37512278212,5.60816359886,B,K,-1.9415847499,5.89065689712,76.5340396674,1686.28286743,40.5475321748,0.13
1370,2020,5091,CBU,D1 Western Athletic Conference,730157824,HCU,174720069,2020-02-28 13:00:00,9,2,1,0,1069327687,G. King,R,SL,R,0.890590074219,-0.0856338435699,-9.36917070142,-1.22781400648,5.47816689573,SS,K,-1.87996538928,5.74813955371,79.288632122,1908.62392915,7.4997184643,-0.15
1371,2020,5091,CBU,D1 Western Athletic Conference,730157824,HCU,174720069,2020-02-28 13:00:00,9,2,2,0,1069327687,G. King,R,SL,R,1.32630741669,0.787088846085,-8.21635799657,-3.21155102144,5.58783953844,SS,K,-1.87226989019,5.78189670426,80.4083959489,1979.65358517,21.4472944487,-0.15
1372,2020,5091,CBU,D1 Western Athletic Conference,730157824,HCU,174720069,2020-02-28 13:00:00,9,0,0,1,1069327687,G. King,R,FA,L,-1.11613813528,2.79568882241,7.73742863496,5.97676928518,5.89554293788,SL,IP_OUT,-2.41073862993,5.58186463327,84.8431204729,2004.61992752,217.553861556,-0.15
1373,2020,5091,CBU,D1 Western Athletic Conference,730157824,HCU,174720069,2020-02-28 13:00:00,9,0,1,1,1069327687,G. King,R,SL,L,1.74324807583,0.782714249014,-5.46489861406,-5.79350958854,5.58239714466,SS,IP_OUT,-1.9548830659,5.70890452147,80.2662546003,2006.54660742,46.8900807152,-0.15
1374,2020,5091,CBU,D1 Western Athletic Conference,730157824,HCU,174720069,2020-02-28 13:00:00,9,0,2,1,1069327687,G. King,R,SL,L,2.22134721367,-0.590503534332,-2.80882411426,-6.78819937477,5.64036644187,B,IP_OUT,-1.96200033271,6.02195891529,82.4803951234,1948.7770936,67.8057467284,0.13
1375,2020,5091,CBU,D1 Western Athletic Conference,730157824,HCU,174720069,2020-02-28 13:00:00,9,0,0,2,1069327687,G. King,R,FA,R,-0.225357907676,1.37199186938,9.11081721448,6.49776287085,6.1778117235,F,IP_OUT,-2.31054120759,5.51100262754,86.6848674146,1966.15960239,215.394272689,-0.15
1376,2020,5091,CBU,D1 Western Athletic Conference,730157824,HCU,174720069,2020-02-28 13:00:00,9,0,1,2,1069327687,G. King,R,FA,R,1.11698377914,1.35335492311,23.3705943851,2.79355067088,6.23410006668,B,IP_OUT,-2.05116744376,5.82169101739,88.0992570239,1833.5977043,186.806661032,0.13
1377,2020,5091,CBU,D1 Western Athletic Conference,730157824,HCU,174720069,2020-02-28 13:00:00,9,1,1,2,1069327687,G. King,R,FA,R,2.02936918226,0.494408491797,11.1173657902,9.81562607619,6.26066591939,B,IP_OUT,-2.16740881706,5.61263485782,88.6141479619,2024.59853853,221.356530659,0.13
1378,2020,5091,CBU,D1 Western Athletic Conference,730157824,HCU,174720069,2020-02-28 13:00:00,9,2,1,2,1069327687,G. King,R,CU,R,-1.07833713027,2.4961394006,-4.88437524997,-7.5182547963,5.67772532268,SL,IP_OUT,-1.95547412037,5.8718740974,79.553021242,1764.78057882,57.2141798642,-0.15
1379,2020,3032,TXAM,D1 Southeastern Conference,730157824,HCU,364623255,2020-02-25 13:00:00,1,0,0,0,1691230864,D. Saenz,L,FA,L,0.342288898301,2.24844146515,15.9206953742,-10.8475769799,5.83054449076,SL,S,1.74190171875,5.65012819748,91.3614733841,2232.69843838,145.784412451,-0.15
1380,2020,3032,TXAM,D1 Southeastern Conference,730157824,HCU,364623255,2020-02-25 13:00:00,1,0,1,0,1691230864,D. Saenz,L,FA,L,-0.722744313913,1.43804950554,16.140583118,-11.9999101134,5.98986745212,B,S,1.72353899736,5.75668311728,90.7737318187,2167.4268899,143.425308232,0.13
1381,2020,3032,TXAM,D1 Southeastern Conference,730157824,HCU,364623255,2020-02-25 13:00:00,1,1,1,0,1691230864,D. Saenz,L,FA,L,-0.841495607346,3.04378357348,19.3072064956,-5.80333266165,5.98221114227,SL,S,1.81673430466,5.66017366143,90.7706073359,2108.76298289,163.296562492,-0.15
1382,2020,3032,TXAM,D1 Southeastern Conference,730157824,HCU,364623255,2020-02-25 13:00:00,1,1,2,0,1691230864,D. Saenz,L,SL,L,-1.32365054632,0.630984962727,1.72942521303,2.33116207581,5.35377841345,B,S,1.950085003,5.50823708258,83.0425146063,2435.16583305,232.818297401,0.13
1383,2020,3032,TXAM,D1 Southeastern Conference,730157824,HCU,364623255,2020-02-25 13:00:00,1,2,2,0,1691230864,D. Saenz,L,FA,L,0.320825730817,2.70158615795,16.5662405707,-13.1410308151,5.9540715275,IP,S,1.63620670666,5.65818837665,91.4279637609,2255.71694947,141.630809467,1.0
1384,2020,3032,TXAM,D1 Southeastern Conference,730157824,HCU,364623255,2020-02-25 13:00:00,1,0,0,0,1691230864,D. Saenz,L,FA,R,0.00246658479211,1.47143734491,18.6440534221,-11.4200627717,6.14098260424,B,SH,2.16681754958,5.55410513432,90.9234162619,2255.45628564,148.5548426,0.13
1385,2020,3032,TXAM,D1 Southeastern Conference,730157824,HCU,364623255,2020-02-25 13:00:00,1,0,0,0,1691230864,D. Saenz,L,FA,L,-0.574785546288,1.49869993125,16.4713906492,-11.0067653236,6.05842043845,B,DP,2.05361019106,5.70759283278,90.8007396038,2175.01547691,146.299008936,0.13
1386,2020,3032,TXAM,D1 Southeastern Conference,730157824,HCU,364623255,2020-02-25 13:00:00,1,1,0,0,1691230864,D. Saenz,L,FA,L,0.800761310376,2.75799855065,14.4588870042,-11.006019533,5.89060040671,IP,DP,2.18974560162,5.58445500696,91.2843998794,2214.45483665,142.781752422,-0.21
1387,2020,3032,TXAM,D1 Southeastern Conference,730157824,HCU,364623255,2020-02-25 13:00:00,1,0,0,2,1691230864,D. Saenz,L,SL,R,-0.457098717501,0.530930936229,1.74581833267,2.18065834786,5.84847277677,B,K,2.4271032002,5.41872896074,82.1140615351,2270.20098931,230.690947853,0.13
1388,2020,3032,TXAM,D1 Southeastern Conference,730157824,HCU,364623255,2020-02-25 13:00:00,1,1,0,2,1691230864,D. Saenz,L,CH,R,0.733253761571,1.45628492816,12.1356341988,-15.2754327986,6.76789330904,SS,K,2.18543865601,5.35594190283,81.9244423273,1713.94549801,128.552344388,-0.15
1389,2020,3032,TXAM,D1 Southeastern Conference,730157824,HCU,364623255,2020-02-25 13:00:00,1,1,1,2,1691230864,D. Saenz,L,FA,R,0.567008276419,1.91165429794,17.2386223044,-11.345603591,6.15037834726,SL,K,2.02019466123,5.68169399109,91.5395545798,2298.24225767,146.697215916,-0.15
1390,2020,3032,TXAM,D1 Southeastern Conference,730157824,HCU,364623255,2020-02-25 13:00:00,1,1,2,2,1691230864,D. Saenz,L,SL,R,1.07240793012,2.12318327837,2.45018548065,1.36035249212,5.8401164732,F,K,2.22526403477,5.4109526358,82.9650308185,2303.31485753,208.660119956,0.0
1391,2020,3032,TXAM,D1 Southeastern Conference,730157824,HCU,364623255,2020-02-25 13:00:00,1,1,2,2,1691230864,D. Saenz,L,CH,R,0.386282074746,-0.121835111109,13.1082509879,-13.7546302484,6.48011536831,B,K,2.28101744993,5.33951102941,81.0441082068,1606.97732073,133.70738231,0.13
1392,2020,3032,TXAM,D1 Southeastern Conference,730157824,HCU,364623255,2020-02-25 13:00:00,1,2,2,2,1691230864,D. Saenz,L,FA,R,1.17524415367,3.45263673028,18.3906049345,-10.4823645126,6.1648748823,F,K,2.06533580329,5.66974811485,90.7209831424,2034.3224951,150.359999311,0.0
1393,2020,3032,TXAM,D1 Southeastern Conference,730157824,HCU,364623255,2020-02-25 13:00:00,1,2,2,2,1691230864,D. Saenz,L,FA,R,-0.228552041626,2.85325580577,18.3650085815,-12.9443134449,6.05567364063,SS,K,1.91403466026,5.70824527865,91.8659309867,2001.08601235,144.867713701,-0.15
1394,2020,3032,TXAM,D1 Southeastern Conference,730157824,HCU,364623255,2020-02-25 13:00:00,2,0,0,0,1691230864,D. Saenz,L,FA,R,0.516918119959,1.705822329,17.0681659104,-13.2832038804,5.83096805826,SS,S,1.98677868794,5.60099998163,91.1855246205,2186.23040773,142.160139928,-0.15
1395,2020,3032,TXAM,D1 Southeastern Conference,730157824,HCU,364623255,2020-02-25 13:00:00,2,0,1,0,1691230864,D. Saenz,L,FA,R,0.35288440352,2.36420539249,19.9724633693,-10.9248581942,6.09645564841,SL,S,1.82331407592,5.64980545576,91.4969556752,2199.52550785,151.359118251,-0.15
1396,2020,3032,TXAM,D1 Southeastern Conference,730157824,HCU,364623255,2020-02-25 13:00:00,2,0,2,0,1691230864,D. Saenz,L,SL,R,0.738783621446,1.66552715228,0.717701450764,2.28793044169,5.5840384674,IP,S,2.00409049504,5.44338968332,83.3477674587,2318.85278321,251.728372423,1.0
1397,2020,3032,TXAM,D1 Southeastern Conference,730157824,HCU,364623255,2020-02-25 13:00:00,2,0,0,0,1691230864,D. Saenz,L,SL,R,0.412059632923,0.582641239133,1.96870432299,0.885334178282,5.79735687018,B,S,2.19853680298,5.46750253821,81.5129756341,2191.59774373,203.790346368,0.13
1398,2020,3032,TXAM,D1 Southeastern Conference,730157824,HCU,364623255,2020-02-25 13:00:00,2,1,0,0,1691230864,D. Saenz,L,CH,R,0.909287940249,2.26615809924,11.8178095378,-12.0149680785,6.44547066986,SL,S,2.24600020957,5.40237068152,82.362214125,1620.92759879,134.616627495,-0.15
1399,2020,3032,TXAM,D1 Southeastern Conference,730157824,HCU,364623255,2020-02-25 13:00:00,2,1,1,0,1691230864,D. Saenz,L,SL,R,1.36401549235,2.15156766464,1.07030597227,1.26542486275,5.5190265861,IP,S,2.21524295699,5.4809630749,81.1761556576,2205.69805381,228.73220862,1.0
1400,2020,3032,TXAM,D1 Southeastern Conference,730157824,HCU,364623255,2020-02-25 13:00:00,2,0,0,0,1691230864,D. Saenz,L,FA,R,0.397063602904,2.08266292313,18.4693003265,-12.342370448,6.23339988764,SL,BB,2.17334982699,5.51600465112,89.4738672748,2126.95032899,146.292959579,-0.15
1401,2020,3032,TXAM,D1 Southeastern Conference,730157824,HCU,364623255,2020-02-25 13:00:00,2,0,1,0,1691230864,D. Saenz,L,FA,R,1.75869212896,2.31362770848,18.2118811981,-13.8775567452,6.33674710989,F,BB,2.03597797059,5.50919835229,90.2842737925,2248.21436058,142.740117656,-0.15
1402,2020,3032,TXAM,D1 Southeastern Conference,730157824,HCU,364623255,2020-02-25 13:00:00,2,0,2,0,1691230864,D. Saenz,L,SL,R,-0.632960835738,-0.203004276512,3.37903894175,2.05058964571,6.07288122791,B,BB,2.3696984345,5.37605636214,84.2922767337,2299.48956086,210.978939675,0.13
1403,2020,3032,TXAM,D1 Southeastern Conference,730157824,HCU,364623255,2020-02-25 13:00:00,2,1,2,0,1691230864,D. Saenz,L,SL,R,-0.639935905483,0.594769400647,4.63592768044,1.84678997043,5.91142348845,B,BB,2.13384494333,5.49225723355,84.9110949221,2404.52123321,201.569986978,0.13
1404,2020,3032,TXAM,D1 Southeastern Conference,730157824,HCU,364623255,2020-02-25 13:00:00,2,2,2,0,1691230864,D. Saenz,L,FA,R,0.761947081988,3.9095091912,16.7141553654,-8.87721986237,6.05935561753,B,BB,2.02151531673,5.57210874186,90.9157856436,2104.59914936,152.07172779,0.13
1405,2020,3032,TXAM,D1 Southeastern Conference,730157824,HCU,364623255,2020-02-25 13:00:00,2,3,2,0,1691230864,D. Saenz,L,FA,R,0.98148897469,3.42071113513,15.637047591,-9.44476658358,6.14657677032,F,BB,2.14476734368,5.53448467204,90.6288477515,2134.64507968,148.919442055,0.0
1406,2020,3032,TXAM,D1 Southeastern Conference,730157824,HCU,364623255,2020-02-25 13:00:00,2,3,2,0,1691230864,D. Saenz,L,FA,R,0.217998751245,2.85097458325,23.7203321135,-7.75209948214,6.36384330281,F,BB,1.98286188604,5.53076107739,92.03490296,2236.02472083,161.923759113,0.0
1407,2020,3032,TXAM,D1 Southeastern Conference,730157824,HCU,364623255,2020-02-25 13:00:00,2,3,2,0,1691230864,D. Saenz,L,FA,R,1.17882794589,1.83903673497,18.3161025157,-12.5747269901,6.27980141838,B,BB,2.06634809044,5.47255323334,91.1251740636,2190.09326729,145.574280526,0.8
1408,2020,3032,TXAM,D1 Southeastern Conference,730157824,HCU,364623255,2020-02-25 13:00:00,2,0,0,0,1691230864,D. Saenz,L,SL,R,0.349479499798,2.09977958532,1.79096650592,3.694025538,5.79908742836,SL,K,2.26170899051,5.46323828016,82.9897236484,2350.45689067,243.657955258,-0.15
1409,2020,3032,TXAM,D1 Southeastern Conference,730157824,HCU,364623255,2020-02-25 13:00:00,2,0,1,0,1691230864,D. Saenz,L,FA,R,0.890742392327,3.38962813075,17.6025669426,-9.09775133742,6.20855832068,SS,K,2.14660276292,5.56258858418,91.5721696606,2158.80217807,152.70899921,-0.15
1410,2020,3032,TXAM,D1 Southeastern Conference,730157824,HCU,364623255,2020-02-25 13:00:00,2,0,2,0,1691230864,D. Saenz,L,SL,R,0.929915673869,0.860027507968,3.19977492143,2.61311596612,5.84825407409,B,K,2.26108794106,5.48944958433,84.1367583204,2322.53724041,218.914888165,0.13
1411,2020,3032,TXAM,D1 Southeastern Conference,730157824,HCU,364623255,2020-02-25 13:00:00,2,1,2,0,1691230864,D. Saenz,L,SL,R,-0.630519580995,1.10679697083,-0.977199016686,8.2457450668,5.81059954427,SS,K,2.13905787803,5.55002438787,84.376605915,2465.5787215,276.506692731,-0.15
1412,2020,3032,TXAM,D1 Southeastern Conference,730157824,HCU,364623255,2020-02-25 13:00:00,2,0,0,1,1691230864,D. Saenz,L,SL,R,0.511684825728,1.99595239202,2.16044236972,2.55163340523,5.73203875259,SS,K,2.1980926023,5.54959891788,82.6907281003,2188.04571362,229.239587311,-0.15
1413,2020,3032,TXAM,D1 Southeastern Conference,730157824,HCU,364623255,2020-02-25 13:00:00,2,0,1,1,1691230864,D. Saenz,L,SL,R,0.517768318699,1.96226018248,2.88703930657,1.61416331478,5.85386095795,SS,K,2.29985710109,5.43538493361,83.2436981507,2166.85181286,208.88818239,-0.15
1414,2020,3032,TXAM,D1 Southeastern Conference,730157824,HCU,364623255,2020-02-25 13:00:00,2,0,2,1,1691230864,D. Saenz,L,SL,R,-0.51011467824,-1.14061279565,1.15619921493,4.25409934115,5.68019152136,B,K,2.25667936403,5.5245881249,83.8206313228,2551.75231905,254.324194911,0.13
1415,2020,3032,TXAM,D1 Southeastern Conference,730157824,HCU,364623255,2020-02-25 13:00:00,2,1,2,1,1691230864,D. Saenz,L,FA,R,0.821922587312,2.89571643777,17.4493500553,-12.5134035514,6.1908610828,F,K,2.12414526834,5.59092837029,91.5637643317,2106.44046202,144.402834989,0.0
1416,2020,3032,TXAM,D1 Southeastern Conference,730157824,HCU,364623255,2020-02-25 13:00:00,2,1,2,1,1691230864,D. Saenz,L,SL,R,0.120317651661,1.54662196729,0.0613311503136,0.33485966879,5.46255648872,SS,K,2.17866824985,5.47103434473,83.4627694895,2217.81456252,253.513439544,-0.15
1417,2020,3032,TXAM,D1 Southeastern Conference,730157824,HCU,364623255,2020-02-25 13:00:00,2,0,0,2,1691230864,D. Saenz,L,SL,L,0.615469172126,2.50033161071,-3.4332805628,1.9865301332,5.52042092568,SL,K,2.21260381459,5.47114809968,81.2141680706,2267.63126943,329.657221394,-0.15
1418,2020,3032,TXAM,D1 Southeastern Conference,730157824,HCU,364623255,2020-02-25 13:00:00,2,0,1,2,1691230864,D. Saenz,L,SL,L,0.367041122299,2.59338216945,-1.601432981,3.59566618103,5.60392962915,F,K,2.08270548961,5.54906658808,82.2874899879,2197.41582947,293.4941987,-0.15
1419,2020,3032,TXAM,D1 Southeastern Conference,730157824,HCU,364623255,2020-02-25 13:00:00,2,0,2,2,1691230864,D. Saenz,L,FA,L,0.443490191267,3.49407766667,18.2375834049,-8.01463642869,6.01778919863,F,K,1.89358219705,5.75195420131,91.2888354585,2128.7493054,156.313157049,0.0
1420,2020,3032,TXAM,D1 Southeastern Conference,730157824,HCU,364623255,2020-02-25 13:00:00,2,0,2,2,1691230864,D. Saenz,L,FA,L,-0.311085777742,2.20000668944,18.9025160862,-9.19497120832,6.35465410254,SL,K,1.85185350311,5.70258875956,91.0533215638,2012.55986059,154.096333666,-0.15
1421,2020,3032,TXAM,D1 Southeastern Conference,730157824,HCU,364623255,2020-02-25 13:00:00,3,0,0,0,1691230864,D. Saenz,L,SL,R,0.480525026617,3.23959529177,-1.05770955177,6.97815320377,5.45407666088,SL,S,2.17904031818,5.42055588645,80.45732638,2350.92291506,278.282158812,-0.15
1422,2020,3032,TXAM,D1 Southeastern Conference,730157824,HCU,364623255,2020-02-25 13:00:00,3,0,1,0,1691230864,D. Saenz,L,FA,R,-0.511592261853,3.86135875916,18.0658214651,-8.70977392747,5.87533239645,B,S,1.89007978134,5.70507257666,91.5030967052,2198.94778494,154.300056839,0.13
1423,2020,3032,TXAM,D1 Southeastern Conference,730157824,HCU,364623255,2020-02-25 13:00:00,3,1,1,0,1691230864,D. Saenz,L,CH,R,-0.483644596653,3.04249793509,14.5060179441,-9.23589718561,6.36199038868,F,S,2.12864746541,5.39682553719,80.3561976408,1737.67616356,147.587702659,-0.15
1424,2020,3032,TXAM,D1 Southeastern Conference,730157824,HCU,364623255,2020-02-25 13:00:00,3,1,2,0,1691230864,D. Saenz,L,SL,R,0.613646040022,2.76874595141,-0.378915246217,4.39092345844,5.46273831434,F,S,2.11785766182,5.47503161039,81.934827189,2401.90003118,274.414107019,0.0
1425,2020,3032,TXAM,D1 Southeastern Conference,730157824,HCU,364623255,2020-02-25 13:00:00,3,1,2,0,1691230864,D. Saenz,L,SL,R,0.746656960113,2.28466026927,-0.128749691199,5.83046323339,5.5527914189,IP,S,1.90446477866,5.54726670924,81.5460656029,2256.78852633,270.872266504,1.0
1426,2020,3032,TXAM,D1 Southeastern Conference,730157824,HCU,364623255,2020-02-25 13:00:00,3,0,0,0,1691230864,D. Saenz,L,SL,L,-0.147723449841,0.874086132696,-0.298902226035,3.91241057516,5.57851774906,B,K,2.36009083804,5.44334931298,80.5623239426,2306.67959973,273.78203205,0.13
1427,2020,3032,TXAM,D1 Southeastern Conference,730157824,HCU,364623255,2020-02-25 13:00:00,3,1,0,0,1691230864,D. Saenz,L,FA,L,0.353564653702,3.85363530385,16.6025611767,-11.1833077292,6.21307542933,F,K,2.00873695862,5.62868257479,90.9436960522,2065.74936942,146.086468746,-0.15
1428,2020,3032,TXAM,D1 Southeastern Conference,730157824,HCU,364623255,2020-02-25 13:00:00,3,1,1,0,1691230864,D. Saenz,L,FA,L,-0.0331213146197,3.39848700955,17.4181093484,-11.2358377202,6.09405579295,SL,K,2.10360436432,5.71590596169,91.827036403,2064.86374571,147.221003909,-0.15
1429,2020,3032,TXAM,D1 Southeastern Conference,730157824,HCU,364623255,2020-02-25 13:00:00,3,1,2,0,1691230864,D. Saenz,L,FA,L,-0.230804297426,2.37572427289,19.0517234462,-15.4607973615,6.20361491236,SL,K,2.05639584179,5.62181311989,91.5738718778,2164.43934508,140.985563861,-0.15
1430,2020,3032,TXAM,D1 Southeastern Conference,730157824,HCU,364623255,2020-02-25 13:00:00,3,0,0,1,1691230864,D. Saenz,L,FA,R,-0.0186906067215,1.54745035916,17.4799817051,-10.3978614067,6.21145639511,IP,FC,1.98813371911,5.61904668189,91.0112035936,2072.41570022,149.29886312,-0.21
1431,2020,3032,TXAM,D1 Southeastern Conference,730157824,HCU,364623255,2020-02-25 13:00:00,3,0,0,2,1691230864,D. Saenz,L,FA,R,-0.540398650654,1.30418571923,16.9349765212,-15.0102506626,6.27513603007,B,S,2.08289525027,5.55228138356,90.2839961176,2106.02917742,138.501122213,0.13
1432,2020,3032,TXAM,D1 Southeastern Conference,730157824,HCU,364623255,2020-02-25 13:00:00,3,1,0,2,1691230864,D. Saenz,L,FA,R,0.519811637109,2.31590474718,17.3369181969,-11.6197854762,6.13280069014,F,S,1.93886616304,5.52485401152,90.3509630348,2164.44034944,146.217148163,-0.15
1433,2020,3032,TXAM,D1 Southeastern Conference,730157824,HCU,364623255,2020-02-25 13:00:00,3,1,1,2,1691230864,D. Saenz,L,CH,R,0.810415062686,2.28605216956,10.833359525,-11.4416820352,6.37066528066,IP,S,2.16884139946,5.40240524881,80.4423701238,1689.51252027,133.541075587,1.0
1434,2020,3032,TXAM,D1 Southeastern Conference,730157824,HCU,364623255,2020-02-25 13:00:00,3,0,0,2,1691230864,D. Saenz,L,FA,R,-0.676092670339,2.11196933863,17.6436603824,-8.2539322592,6.13610500322,SL,S,1.96240648964,5.64288724247,91.3671311127,2167.08863593,154.968313262,-0.15
1435,2020,3032,TXAM,D1 Southeastern Conference,730157824,HCU,364623255,2020-02-25 13:00:00,3,0,1,2,1691230864,D. Saenz,L,SL,R,0.279880303282,1.77307686938,2.60167353736,2.20298781755,5.93202754223,IP,S,2.22535470151,5.4519117985,81.1908499171,2250.65737905,219.831341865,1.0
1436,2020,3032,TXAM,D1 Southeastern Conference,730157824,HCU,364623255,2020-02-25 13:00:00,3,0,0,2,1691230864,D. Saenz,L,SL,R,0.396181470324,0.294748180683,1.84857179031,1.79360769012,5.68271282733,SS,K,2.14025114281,5.43842889603,81.8139447028,2350.51525871,223.522110576,-0.15
1437,2020,3032,TXAM,D1 Southeastern Conference,730157824,HCU,364623255,2020-02-25 13:00:00,3,0,1,2,1691230864,D. Saenz,L,FA,R,-0.781440748142,2.79414582039,17.4839123354,-9.36645819933,6.18766369285,SL,K,1.86099149761,5.55324452728,90.6070037889,2163.59503552,151.8643914,-0.15
1438,2020,3032,TXAM,D1 Southeastern Conference,730157824,HCU,364623255,2020-02-25 13:00:00,3,0,2,2,1691230864,D. Saenz,L,SL,R,-0.379817838827,-0.271271536769,3.49726998789,1.3389451177,5.77430080251,B,K,1.91147965264,5.51408621136,81.2525923339,2178.14538633,200.729812842,0.13
1439,2020,3032,TXAM,D1 Southeastern Conference,730157824,HCU,364623255,2020-02-25 13:00:00,3,1,2,2,1691230864,D. Saenz,L,FA,R,-0.962900842585,1.80275731286,16.6986635891,-8.51272373145,6.26962555788,B,K,1.83189755441,5.65728975097,90.2789997487,2124.18258403,153.032564336,0.13
1440,2020,3032,TXAM,D1 Southeastern Conference,730157824,HCU,364623255,2020-02-25 13:00:00,3,2,2,2,1691230864,D. Saenz,L,SL,R,0.0385501742782,0.940438090137,1.22850060313,3.54933758588,5.5634728626,B,K,2.05483619419,5.4881758354,82.2059761775,2430.73096672,250.348476918,0.13
1441,2020,3032,TXAM,D1 Southeastern Conference,730157824,HCU,364623255,2020-02-25 13:00:00,3,3,2,2,1691230864,D. Saenz,L,SL,R,0.827275737405,1.88836038235,0.349014942035,3.52209348586,5.48163815288,SL,K,2.09698318596,5.44032824645,81.253477537,2425.91982951,263.690069117,-0.15
1442,2020,3032,TXAM,D1 Southeastern Conference,730157824,HCU,364623255,2020-02-25 13:00:00,4,0,0,0,1691230864,D. Saenz,L,FA,R,0.366967224119,2.93290798338,19.4336739106,-8.29960296127,6.11380022824,F,S,2.07818910605,5.5106989399,90.5720350328,2082.02494492,156.907949123,-0.15
1443,2020,3032,TXAM,D1 Southeastern Conference,730157824,HCU,364623255,2020-02-25 13:00:00,4,0,1,0,1691230864,D. Saenz,L,FA,R,-0.540958528211,2.26103198364,15.5211531226,-8.36062540925,6.03927260672,SL,S,2.00005342773,5.52245294983,90.3991465357,2094.5687583,151.739613893,-0.15
1444,2020,3032,TXAM,D1 Southeastern Conference,730157824,HCU,364623255,2020-02-25 13:00:00,4,0,2,0,1691230864,D. Saenz,L,FA,R,0.591138884746,2.31772884565,17.3719099954,-9.94312248144,6.08976018755,IP,S,1.92764755352,5.61096881095,91.477479187,2110.51832849,150.259119779,1.0
1445,2020,3032,TXAM,D1 Southeastern Conference,730157824,HCU,364623255,2020-02-25 13:00:00,4,0,0,0,1691230864,D. Saenz,L,CH,R,1.49864989657,2.56489106911,11.471526695,-9.35573782387,6.35762174785,B,DP,2.22567038141,5.45150422859,80.5634837569,1702.98541313,140.898383008,0.13
1446,2020,3032,TXAM,D1 Southeastern Conference,730157824,HCU,364623255,2020-02-25 13:00:00,4,1,0,0,1691230864,D. Saenz,L,FA,R,-0.230106595666,3.0804199258,17.0184677075,-8.0857424265,6.06472352076,IP,DP,1.97633913709,5.68732593852,90.4866268436,2128.15428914,154.628695816,-0.21
1447,2020,3032,TXAM,D1 Southeastern Conference,730157824,HCU,364623255,2020-02-25 13:00:00,4,0,0,2,1691230864,D. Saenz,L,FA,L,0.313967259462,2.80431997173,18.7591288939,-9.655108667,6.19585380614,SL,BB,1.72959401322,5.66426108117,91.0117871429,2060.08498559,152.804826616,-0.15
1448,2020,3032,TXAM,D1 Southeastern Conference,730157824,HCU,364623255,2020-02-25 13:00:00,4,0,1,2,1691230864,D. Saenz,L,SL,L,0.291721665588,1.75579231974,1.24986670156,1.81503325757,5.6726016987,SS,BB,1.92946544937,5.49352181769,81.4567343273,2140.29500388,234.599449137,-0.15
1449,2020,3032,TXAM,D1 Southeastern Conference,730157824,HCU,364623255,2020-02-25 13:00:00,4,0,2,2,1691230864,D. Saenz,L,FA,L,-1.18200286218,2.37069739999,18.7718083935,-9.78009671938,6.06442412588,B,BB,1.67230210404,5.69398992233,91.7679747882,2090.57159877,152.519666275,0.13
1450,2020,3032,TXAM,D1 Southeastern Conference,730157824,HCU,364623255,2020-02-25 13:00:00,4,1,2,2,1691230864,D. Saenz,L,SL,L,-0.0295780158728,0.163404550476,-2.02277400798,0.845104613893,5.77415434557,B,BB,1.81971282915,5.55904990575,82.7047747181,2407.09266533,336.931969113,0.13
1451,2020,3032,TXAM,D1 Southeastern Conference,730157824,HCU,364623255,2020-02-25 13:00:00,4,2,2,2,1691230864,D. Saenz,L,FA,L,-1.98913699856,0.384278856065,17.4460369115,-8.12594820423,6.2949939243,B,BB,1.673885617,5.54200394112,88.883184262,2171.91211112,155.066515186,0.13
1452,2020,3032,TXAM,D1 Southeastern Conference,730157824,HCU,364623255,2020-02-25 13:00:00,4,3,2,2,1691230864,D. Saenz,L,FA,L,-1.59465536768,0.995976197533,16.6003859831,-10.6190748848,6.20243439219,B,BB,1.77865778956,5.58241694391,89.6563437626,2125.55435205,147.444235126,0.8
1453,2020,3032,TXAM,D1 Southeastern Conference,730157824,HCU,364623255,2020-02-25 13:00:00,4,0,0,2,1691230864,D. Saenz,L,SL,R,0.179623014827,1.57305184564,4.39541139376,0.990571950354,5.78220873821,SS,IP_OUT,2.2503490791,5.45409108187,80.3277132893,2244.31034639,192.584938067,-0.15
1454,2020,3032,TXAM,D1 Southeastern Conference,730157824,HCU,364623255,2020-02-25 13:00:00,4,0,1,2,1691230864,D. Saenz,L,FA,R,-0.691071798574,1.26547624533,16.4870552374,-10.4923087968,6.11039848812,B,IP_OUT,2.008626707,5.57779404725,90.3002558066,2155.1668547,147.578222947,0.13
1455,2020,3032,TXAM,D1 Southeastern Conference,730157824,HCU,364623255,2020-02-25 13:00:00,4,1,1,2,1691230864,D. Saenz,L,FA,R,-0.061174810419,1.96266471309,16.1493566793,-10.5297415569,6.27264567313,F,IP_OUT,2.1301889772,5.50826452217,89.1433886146,2159.83779853,146.947835011,-0.15
1456,2020,3032,TXAM,D1 Southeastern Conference,730157824,HCU,364623255,2020-02-25 13:00:00,5,0,0,0,1083223076,J. Nelson,R,FA,L,-0.108740484318,1.53736442014,20.3273944558,14.031930577,5.48563123729,SS,IP_OUT,-1.97103791029,6.21999189342,92.122568859,2296.97480578,214.57520207,-0.15
1457,2020,3032,TXAM,D1 Southeastern Conference,730157824,HCU,364623255,2020-02-25 13:00:00,5,0,1,0,1083223076,J. Nelson,R,FA,L,-0.150113502906,2.67361957656,17.2783304785,12.1342268278,5.3321331368,F,IP_OUT,-2.03927899535,6.23559516605,93.0526600309,2259.41263523,215.031197324,-0.15
1458,2020,3032,TXAM,D1 Southeastern Conference,730157824,HCU,364623255,2020-02-25 13:00:00,5,0,2,0,1083223076,J. Nelson,R,FA,L,1.14146128876,2.13325677049,18.0778277454,15.1939340112,5.40446137935,B,IP_OUT,-1.99040315069,6.13427620408,89.4673297016,2198.880166,219.993817485,0.13
1459,2020,3032,TXAM,D1 Southeastern Conference,730157824,HCU,364623255,2020-02-25 13:00:00,5,1,2,0,1083223076,J. Nelson,R,CH,L,-1.13689714523,0.930892720743,15.7108393433,11.3118928565,3.38612954256,B,IP_OUT,-2.0595937396,6.20908645055,80.8992304025,1303.26537325,215.678847779,0.13
1460,2020,3032,TXAM,D1 Southeastern Conference,730157824,HCU,364623255,2020-02-25 13:00:00,5,0,0,1,1083223076,J. Nelson,R,FA,R,1.9525866156,1.49320311408,19.4572737409,10.4627219153,5.59839873314,B,IP_OUT,-1.96098610891,6.17171563623,90.6294865993,2190.61041313,208.228301212,0.13
1461,2020,3032,TXAM,D1 Southeastern Conference,730157824,HCU,364623255,2020-02-25 13:00:00,5,1,0,1,1083223076,J. Nelson,R,SL,R,1.57737617098,2.2763323332,5.45516579242,-4.19714951068,5.51147208437,B,IP_OUT,-1.90221981446,6.20833759297,75.6405281511,1956.0398164,142.663120645,0.13
1462,2020,3032,TXAM,D1 Southeastern Conference,730157824,HCU,364623255,2020-02-25 13:00:00,5,2,0,1,1083223076,J. Nelson,R,FA,R,0.175775127806,1.93914661619,16.4517517769,13.3901539822,5.49588866068,F,IP_OUT,-2.0260476152,6.12576047245,88.9660260909,2124.48192635,219.084777093,-0.15
1463,2020,3032,TXAM,D1 Southeastern Conference,730157824,HCU,364623255,2020-02-25 13:00:00,5,2,1,1,1083223076,J. Nelson,R,FA,R,0.892115659569,2.64032406421,15.6014119496,11.5394138355,5.467635123,F,IP_OUT,-2.02009239526,6.15789038732,91.0731076109,2241.33996762,216.430563196,-0.15
1464,2020,3032,TXAM,D1 Southeastern Conference,730157824,HCU,364623255,2020-02-25 13:00:00,5,2,2,1,1083223076,J. Nelson,R,FA,R,-1.57798828667,3.34940527585,17.8532356602,11.2438453188,5.4153043229,B,IP_OUT,-2.17906860995,6.18397397664,92.4631289779,2236.12639162,212.156334881,0.13
1465,2020,3032,TXAM,D1 Southeastern Conference,730157824,HCU,364623255,2020-02-25 13:00:00,5,3,2,1,1083223076,J. Nelson,R,FA,R,0.770714208167,2.81144258445,14.8734705925,11.7743926389,5.4747199481,F,IP_OUT,-1.88904067828,6.13358337543,90.9439730205,2138.42463528,218.305042763,0.0
1466,2020,3032,TXAM,D1 Southeastern Conference,730157824,HCU,364623255,2020-02-25 13:00:00,5,0,0,2,1083223076,J. Nelson,R,FA,R,-0.185994550422,3.02128933817,18.2856254575,11.1845996005,5.46183738041,SS,IP_OUT,-2.11720292039,6.20214538846,91.4182393215,2266.72184784,211.407648421,-0.15
1467,2020,3032,TXAM,D1 Southeastern Conference,730157824,HCU,364623255,2020-02-25 13:00:00,5,0,1,2,1083223076,J. Nelson,R,FA,R,-0.0952830283813,1.44385731417,17.848429883,14.5729823992,5.49308003131,B,IP_OUT,-2.04366702957,6.17720436801,92.3423342098,2343.09132387,219.181445597,0.13
1468,2020,3032,TXAM,D1 Southeastern Conference,730157824,HCU,364623255,2020-02-25 13:00:00,6,0,0,0,1083223076,J. Nelson,R,SL,R,0.610052434644,3.80754017757,5.20288485352,-4.37778323259,5.31910749283,B,K,-1.91603436952,6.49177217914,75.4566775415,2048.82515225,140.175563862,0.13
1469,2020,3032,TXAM,D1 Southeastern Conference,730157824,HCU,364623255,2020-02-25 13:00:00,6,1,0,0,1083223076,J. Nelson,R,FA,R,0.0880063348176,1.53689790972,16.6820696423,11.178721848,5.57557215379,SS,K,-1.9725095394,6.11789153508,89.1842051128,2008.4871775,213.772499914,-0.15
1470,2020,3032,TXAM,D1 Southeastern Conference,730157824,HCU,364623255,2020-02-25 13:00:00,6,1,1,0,1083223076,J. Nelson,R,FA,R,1.5475881253,3.96226968675,18.0867434378,11.0101328697,5.45752419461,B,K,-1.95418224812,6.31354677583,90.9469481447,2283.12191162,211.284891119,0.13
1471,2020,3032,TXAM,D1 Southeastern Conference,730157824,HCU,364623255,2020-02-25 13:00:00,6,2,1,0,1083223076,J. Nelson,R,FA,R,0.3384955832,3.38445209944,16.0297955266,10.3970492547,5.45110101837,F,K,-1.90486011889,6.24107624837,90.1139718718,2236.12435515,212.913852543,-0.15
1472,2020,3032,TXAM,D1 Southeastern Conference,730157824,HCU,364623255,2020-02-25 13:00:00,6,2,2,0,1083223076,J. Nelson,R,FA,R,0.236005129398,2.01090528981,14.7373622553,15.6862424192,5.50766734208,SS,K,-2.0876235961,6.09912104833,91.7663494987,2290.38982513,226.724960782,-0.15
1473,2020,3032,TXAM,D1 Southeastern Conference,730157824,HCU,364623255,2020-02-25 13:00:00,6,0,0,1,1083223076,J. Nelson,R,FA,R,1.12428535721,1.71197908943,18.5655982505,13.0775737806,5.50777089556,SL,K,-2.06757352915,6.09833750966,91.9230171626,2264.15725788,215.114677548,-0.15
1474,2020,3032,TXAM,D1 Southeastern Conference,730157824,HCU,364623255,2020-02-25 13:00:00,6,0,1,1,1083223076,J. Nelson,R,SL,R,0.940606115859,2.22335428464,9.56722248131,7.60626785962,6.01639906698,SL,K,-1.78316353039,6.18934225342,79.8002917575,1181.3131205,218.367107348,-0.15
1475,2020,3032,TXAM,D1 Southeastern Conference,730157824,HCU,364623255,2020-02-25 13:00:00,6,0,2,1,1083223076,J. Nelson,R,FA,R,-0.0768331270537,3.36779838724,15.8709801909,14.6923641478,5.33248163201,SS,K,-2.02050253537,6.33404967716,89.6369057059,2222.88665611,222.731190826,-0.15
1476,2020,3032,TXAM,D1 Southeastern Conference,730157824,HCU,364623255,2020-02-25 13:00:00,6,0,0,2,1083223076,J. Nelson,R,FA,R,0.285317587954,2.59454059046,18.2919572668,14.0013825079,5.53690189345,SL,K,-1.97396574244,6.16410417293,90.9757646988,2183.06813527,217.383,-0.15
1477,2020,3032,TXAM,D1 Southeastern Conference,730157824,HCU,364623255,2020-02-25 13:00:00,6,0,1,2,1083223076,J. Nelson,R,FA,R,0.22182839636,3.34769036974,20.4823839405,13.9548884828,5.66530349077,F,K,-2.26149495534,6.09525611192,92.8868457814,2287.61084671,214.22680982,-0.15
1478,2020,3032,TXAM,D1 Southeastern Conference,730157824,HCU,364623255,2020-02-25 13:00:00,6,0,2,2,1083223076,J. Nelson,R,SL,R,0.427424260154,2.77157298613,6.32368450358,-2.64243996529,5.55583409161,SL,K,-1.90530796799,6.46376365997,78.3426886453,2022.41856417,157.461474427,-0.15
1479,2020,3032,TXAM,D1 Southeastern Conference,730157824,HCU,364623255,2020-02-25 13:00:00,7,0,0,0,1872573045,J. Menefee,L,FA,R,-0.30926718853,4.21924696173,22.5482824427,-3.30882700248,6.38899221759,B,IP_OUT,1.27097137293,6.45184803226,90.4798556438,2121.35604101,171.663387761,0.13
1480,2020,3032,TXAM,D1 Southeastern Conference,730157824,HCU,364623255,2020-02-25 13:00:00,7,1,0,0,1872573045,J. Menefee,L,FA,R,-0.452855030782,1.5487508861,21.44985811,-4.18657804472,6.37069224922,B,IP_OUT,1.33215750551,6.4014265913,90.5944278191,2160.41454286,168.971885662,0.13
1481,2020,3032,TXAM,D1 Southeastern Conference,730157824,HCU,364623255,2020-02-25 13:00:00,7,0,0,1,1872573045,J. Menefee,L,FA,L,-0.223109087391,2.44613107365,17.6838866874,2.96201482458,6.39782346405,F,D,1.06773704302,6.45696918393,91.2215893766,2283.10410918,189.492139232,-0.15
1482,2020,3032,TXAM,D1 Southeastern Conference,730157824,HCU,364623255,2020-02-25 13:00:00,7,0,1,1,1872573045,J. Menefee,L,FA,L,0.607725753975,2.67386171428,18.4790757103,3.01072134378,6.17221248123,IP,D,1.13288065005,6.46309277367,92.7695458719,2443.49419398,189.238846061,1.26
1483,2020,3032,TXAM,D1 Southeastern Conference,730157824,HCU,364623255,2020-02-25 13:00:00,7,0,0,2,1872573045,J. Menefee,L,SL,L,-1.39054618266,3.7120937212,-0.278505998228,12.2140935047,5.75644117036,B,IP_OUT,1.3032609875,6.46594067419,81.1987349955,2661.62195152,271.118098043,0.13
1484,2020,3032,TXAM,D1 Southeastern Conference,730157824,HCU,364623255,2020-02-25 13:00:00,8,0,0,0,1286947832,T. Werner,R,FA,R,0.924620628486,1.80005189161,16.1365082607,0.998929968969,7.20854754537,SS,K,-1.23774071169,6.02348346866,95.4800020829,2520.45995357,183.536461441,-0.15
1485,2020,3032,TXAM,D1 Southeastern Conference,730157824,HCU,364623255,2020-02-25 13:00:00,8,0,1,0,1286947832,T. Werner,R,FA,R,1.79969763257,2.48910212407,18.7118413931,1.47955218097,7.40945178444,SS,K,-1.21266969012,6.12092067036,95.2328379979,2522.26545264,184.51442349,-0.15
1486,2020,3032,TXAM,D1 Southeastern Conference,730157824,HCU,364623255,2020-02-25 13:00:00,8,0,2,0,1286947832,T. Werner,R,FA,R,1.84114810004,2.96947526919,17.5730011224,1.41066137456,7.46250271918,SS,K,-1.18974587503,6.12865006989,96.9608788599,2475.77733845,184.582732276,-0.15
1487,2020,3032,TXAM,D1 Southeastern Conference,730157824,HCU,364623255,2020-02-25 13:00:00,8,0,0,1,1286947832,T. Werner,R,FA,R,0.515346439126,2.22703650541,17.8045770237,2.68348978067,7.1986097438,F,S,-1.31644037688,6.09269004345,96.8523554268,2618.47605567,188.558449951,-0.15
1488,2020,3032,TXAM,D1 Southeastern Conference,730157824,HCU,364623255,2020-02-25 13:00:00,8,0,1,1,1286947832,T. Werner,R,FA,R,0.228727184018,3.10870648986,13.1207034264,-1.36384158857,7.39280344658,F,S,-1.29748199913,6.15858345378,94.6545705458,2390.17688063,174.078006789,-0.15
1489,2020,3032,TXAM,D1 Southeastern Conference,730157824,HCU,364623255,2020-02-25 13:00:00,8,0,2,1,1286947832,T. Werner,R,FC,R,0.25955847633,2.61235903004,3.64369536421,-4.82468285139,6.7092788036,IP,S,-1.2424312139,5.96486395863,85.985628526,2359.43925271,127.320545423,1.0
1490,2020,3032,TXAM,D1 Southeastern Conference,730157824,HCU,364623255,2020-02-25 13:00:00,8,0,0,1,1286947832,T. Werner,R,FA,R,-0.227376121554,2.49794445851,15.0363684569,2.07993587182,7.14862887204,F,K,-1.37150201779,5.88857308982,91.5296242345,2346.29123238,187.860221155,-0.15
1491,2020,3032,TXAM,D1 Southeastern Conference,730157824,HCU,364623255,2020-02-25 13:00:00,8,0,1,1,1286947832,T. Werner,R,FA,R,1.5377357419,2.9806240913,15.8203260893,3.87447222301,7.23695606716,SS,K,-1.4048879333,5.91452862448,92.3390755976,2367.91949685,193.736797266,-0.15
1492,2020,3032,TXAM,D1 Southeastern Conference,730157824,HCU,364623255,2020-02-25 13:00:00,8,0,2,1,1286947832,T. Werner,R,FA,R,0.571225144047,2.41548723272,12.7789871143,-0.653321470472,7.10924361717,SS,K,-1.26362376997,6.08929930576,93.6015224461,2418.11336912,177.079831626,-0.15
1493,2020,3032,TXAM,D1 Southeastern Conference,730157824,HCU,364623255,2020-02-25 13:00:00,8,0,0,2,1286947832,T. Werner,R,FA,L,0.251673502734,2.60905007844,10.7278221221,1.32513739409,7.08829911954,SL,S,-1.56635391672,5.97580563943,93.1287898018,2361.63390414,187.022962496,-0.15
1494,2020,3032,TXAM,D1 Southeastern Conference,730157824,HCU,364623255,2020-02-25 13:00:00,8,0,1,2,1286947832,T. Werner,R,FA,L,-1.09051968173,4.08313143549,19.1362222361,11.2529873024,7.16740263808,B,S,-1.5430724198,5.87443509266,92.0983781401,2335.79338569,210.418835907,0.13
1495,2020,3032,TXAM,D1 Southeastern Conference,730157824,HCU,364623255,2020-02-25 13:00:00,8,1,1,2,1286947832,T. Werner,R,FA,L,-0.099538859779,3.14601445638,11.6624720856,-1.10022026797,6.8939925283,SL,S,-1.34235150873,5.95218088961,92.1965860278,2419.56433469,174.624295896,-0.15
1496,2020,3032,TXAM,D1 Southeastern Conference,730157824,HCU,364623255,2020-02-25 13:00:00,8,1,2,2,1286947832,T. Werner,R,CH,L,-2.01310452538,2.92388468489,5.91336570115,12.2494361431,6.90276410483,B,S,-1.62158933851,5.70841430732,85.335873761,1810.83015308,244.099424695,0.13
1497,2020,3032,TXAM,D1 Southeastern Conference,730157824,HCU,364623255,2020-02-25 13:00:00,8,2,2,2,1286947832,T. Werner,R,FA,L,0.203563672048,3.55178400355,13.8421805746,0.904494996781,7.14746202511,IP,S,-1.29439600886,6.17579075668,94.4047501682,2373.0362882,183.731101587,1.0
1498,2020,3032,TXAM,D1 Southeastern Conference,730157824,HCU,364623255,2020-02-25 13:00:00,8,0,0,2,1286947832,T. Werner,R,FA,R,-0.859492546269,3.58500155636,13.9164499249,3.90405689889,7.01504350351,B,K,-1.33447118375,5.95592296024,90.9072475821,2484.09427194,195.638307412,0.13
1499,2020,3032,TXAM,D1 Southeastern Conference,730157824,HCU,364623255,2020-02-25 13:00:00,8,1,0,2,1286947832,T. Werner,R,FA,R,0.191763598183,3.8454606583,18.3085744844,2.86084685337,7.01118169391,SS,K,-1.63781838134,6.00754084839,92.4596445376,2506.33721918,188.867104741,-0.15
1500,2020,3032,TXAM,D1 Southeastern Conference,730157824,HCU,364623255,2020-02-25 13:00:00,8,1,1,2,1286947832,T. Werner,R,FA,R,-0.279840329831,3.53963018124,14.9171650489,2.95012681438,7.04385528607,F,K,-1.30596530958,6.03840769593,92.3535681116,2433.33326881,191.165514837,-0.15
1501,2020,3032,TXAM,D1 Southeastern Conference,730157824,HCU,364623255,2020-02-25 13:00:00,8,1,2,2,1286947832,T. Werner,R,FA,R,0.237175935384,2.84497712868,15.1122370415,-0.66268228861,7.20145674377,SL,K,-1.12600675934,6.15812103631,94.0397730647,2451.01146997,177.493785834,-0.15
1502,2020,3032,TXAM,D1 Southeastern Conference,730157824,HCU,364623255,2020-02-25 13:00:00,9,0,0,0,1888388183,W. Johnston,L,FA,R,0.972907533841,4.79188392724,17.7405352227,-8.94132417773,5.75362623636,B,IP_OUT,1.79678655931,6.6762611872,90.2312871343,1953.27025643,153.293884108,0.13
1503,2020,3032,TXAM,D1 Southeastern Conference,730157824,HCU,364623255,2020-02-25 13:00:00,9,0,0,1,1888388183,W. Johnston,L,FA,L,-0.889026421793,2.83212289005,19.5235501201,-10.7861867651,5.88450132742,SL,IP_OUT,1.76930197645,6.68770247463,89.6373877975,2019.71040233,151.121832772,-0.15
1504,2020,3032,TXAM,D1 Southeastern Conference,730157824,HCU,364623255,2020-02-25 13:00:00,9,0,1,1,1888388183,W. Johnston,L,FA,L,-1.32531341806,1.36568798629,16.7170360767,-11.7691705519,5.91380538439,B,IP_OUT,1.78975107765,6.69695566102,90.7088973606,2005.97684255,144.905234558,0.13
1505,2020,3032,TXAM,D1 Southeastern Conference,730157824,HCU,364623255,2020-02-25 13:00:00,9,0,0,2,1888388183,W. Johnston,L,FA,R,1.02086152416,3.06882778858,15.6971984109,-9.18197198149,5.97762423609,SL,IP_OUT,1.80456908651,6.72578306,91.3035482295,1977.40730998,149.724528331,-0.15
1506,2020,3032,TXAM,D1 Southeastern Conference,730157824,HCU,364623255,2020-02-25 13:00:00,9,0,1,2,1888388183,W. Johnston,L,SL,R,-0.197161856432,1.1434441366,-0.953759609685,1.68870257525,5.49608679093,SS,IP_OUT,1.95875266185,6.47644004922,77.1625826948,2051.49359182,298.289111704,-0.15
1507,2020,3032,TXAM,D1 Southeastern Conference,730157824,HCU,364623255,2020-02-25 13:00:00,9,0,2,2,1888388183,W. Johnston,L,SL,R,0.447138088337,1.33081209104,4.25437130765,4.68610519101,5.42524064984,F,IP_OUT,1.90602286568,6.78671583352,77.3099057997,2038.58536177,227.465890158,0.0
1508,2020,245,TEX,D1 Big 12 Conference,730162432,LAM,412685243,2020-02-19 13:00:00,1,0,0,0,1061062812,K. Kubichek,R,FA,R,0.612476234776,0.875658243735,10.8924361282,13.4550065693,5.89474186599,B,IP_OUT,-0.60530699043,6.36348233238,90.9179401745,2045.4606885,230.926389905,0.13
1509,2020,245,TEX,D1 Big 12 Conference,730162432,LAM,412685243,2020-02-19 13:00:00,1,0,0,1,1061062812,K. Kubichek,R,FA,L,-0.499888949486,1.88117819016,10.0756419888,13.2680575727,5.71958988298,SL,T,-0.414619001073,6.33412189399,90.7518261977,1838.51390481,232.700073143,-0.15
1510,2020,245,TEX,D1 Big 12 Conference,730162432,LAM,412685243,2020-02-19 13:00:00,1,0,1,1,1061062812,K. Kubichek,R,FA,L,0.448001847668,2.2231894083,12.1751003399,14.2261224218,5.69845705924,IP,T,-0.304474440615,6.40808561512,91.2745469832,2103.03270016,229.368723554,1.54
1511,2020,245,TEX,D1 Big 12 Conference,730162432,LAM,412685243,2020-02-19 13:00:00,1,0,0,1,1061062812,K. Kubichek,R,FA,L,0.156048331367,1.82347054739,6.61383389683,14.3593307376,5.82263887106,SS,K,-0.454655629859,6.28925864205,91.513219289,1823.86186821,245.165587025,-0.15
1512,2020,245,TEX,D1 Big 12 Conference,730162432,LAM,412685243,2020-02-19 13:00:00,1,0,1,1,1061062812,K. Kubichek,R,SL,L,-0.252847295425,1.71732411265,10.2118132104,3.12116085611,5.63063894188,SL,K,-0.670575963469,6.17426966394,85.8359542058,2043.18658869,196.939314514,-0.15
1513,2020,245,TEX,D1 Big 12 Conference,730162432,LAM,412685243,2020-02-19 13:00:00,1,0,2,1,1061062812,K. Kubichek,R,CH,L,-1.37478262785,2.76435182047,2.6411853626,15.9873901372,5.54963005752,B,K,-0.602223418597,6.05618707182,84.0294477948,1292.58789591,260.488039786,0.13
1514,2020,245,TEX,D1 Big 12 Conference,730162432,LAM,412685243,2020-02-19 13:00:00,1,1,2,1,1061062812,K. Kubichek,R,SL,L,0.332504250624,0.551636779068,10.2443028034,2.49773912337,6.02229789591,B,K,-0.492024793643,6.19352933099,85.4270436346,2024.81854071,193.656332844,0.13
1515,2020,245,TEX,D1 Big 12 Conference,730162432,LAM,412685243,2020-02-19 13:00:00,1,2,2,1,1061062812,K. Kubichek,R,CH,L,-0.0294602047282,1.16446826969,-0.152852617185,14.2077102533,5.60616172164,SS,K,-0.61370824817,6.10318180638,82.6212984577,1234.85571879,270.459579795,-0.15
1516,2020,245,TEX,D1 Big 12 Conference,730162432,LAM,412685243,2020-02-19 13:00:00,1,0,0,2,1061062812,K. Kubichek,R,SL,R,0.0728894778939,0.604970106224,13.509262202,-0.0407830254912,5.89874042806,B,BB,-0.542511988107,6.19779025855,87.2098329499,2095.86634221,179.827469407,0.13
1517,2020,245,TEX,D1 Big 12 Conference,730162432,LAM,412685243,2020-02-19 13:00:00,1,1,0,2,1061062812,K. Kubichek,R,CH,R,1.4727747476,0.250325933862,5.98036008782,13.3848834529,5.7351367405,B,BB,-0.536681488751,6.11112477494,83.6259305009,1260.33945299,245.790158471,0.13
1518,2020,245,TEX,D1 Big 12 Conference,730162432,LAM,412685243,2020-02-19 13:00:00,1,2,0,2,1061062812,K. Kubichek,R,SL,R,0.570846508641,3.70425993817,9.157694253,0.0838415525121,5.47725723424,B,BB,-0.606412130726,6.28705424666,86.245702388,2141.14181141,180.522518104,0.13
1519,2020,245,TEX,D1 Big 12 Conference,730162432,LAM,412685243,2020-02-19 13:00:00,1,3,0,2,1061062812,K. Kubichek,R,SL,R,0.861685531796,3.11360332031,9.64865355545,-1.26581564337,5.63457277282,SL,BB,-0.684787885361,6.07897406809,85.3270591429,2181.13842488,172.553450811,-0.15
1520,2020,245,TEX,D1 Big 12 Conference,730162432,LAM,412685243,2020-02-19 13:00:00,1,3,1,2,1061062812,K. Kubichek,R,CH,R,1.75499352526,-0.263967909666,8.05487991673,14.7495606002,5.65103598079,B,BB,-0.472328092494,6.14420599231,84.6878630313,1362.54496711,241.249322015,0.8
1521,2020,245,TEX,D1 Big 12 Conference,730162432,LAM,412685243,2020-02-19 13:00:00,1,0,0,2,1061062812,K. Kubichek,R,FA,L,0.173217499453,1.51864745497,11.1215920181,15.1821219171,5.9839179166,B,IP_OUT,-0.520351357633,6.2594293117,88.9835652437,1971.60481827,233.693961615,0.13
1522,2020,245,TEX,D1 Big 12 Conference,730162432,LAM,412685243,2020-02-19 13:00:00,1,1,0,2,1061062812,K. Kubichek,R,CH,L,-0.881579021172,2.90736974752,5.16549164209,13.2759491951,5.48141993808,SL,IP_OUT,-0.587967075812,6.15188631073,82.2921758832,1312.87449652,248.593132063,-0.15
1523,2020,245,TEX,D1 Big 12 Conference,730162432,LAM,412685243,2020-02-19 13:00:00,1,1,1,2,1061062812,K. Kubichek,R,FA,L,-0.0972746533208,1.82860280843,9.48625018793,12.8813632502,5.90266047244,SL,IP_OUT,-0.510619320083,6.21657420917,89.5944159779,2026.27095878,233.537238993,-0.15
1524,2020,245,TEX,D1 Big 12 Conference,730162432,LAM,412685243,2020-02-19 13:00:00,1,1,2,2,1061062812,K. Kubichek,R,CH,L,1.0461401849,0.806516578361,4.53032519331,10.4745952751,5.747862592,B,IP_OUT,-0.494253466177,6.05326790421,82.5561538981,1309.57416894,246.435314467,0.13
1525,2020,245,TEX,D1 Big 12 Conference,730162432,LAM,412685243,2020-02-19 13:00:00,1,2,2,2,1061062812,K. Kubichek,R,FA,L,0.516641077167,1.84565281313,8.45501069399,13.430533132,5.87288600168,F,IP_OUT,-0.533206450421,6.21328016482,90.8456274944,1969.88540264,237.711559102,0.0
1526,2020,245,TEX,D1 Big 12 Conference,730162432,LAM,412685243,2020-02-19 13:00:00,2,0,0,0,1061062812,K. Kubichek,R,FA,R,-0.37210208539,1.85973538322,14.0402565717,18.3830619002,5.7297391391,F,S,-0.54338504748,6.438757577,90.3993068663,2047.98187275,232.564774746,-0.15
1527,2020,245,TEX,D1 Big 12 Conference,730162432,LAM,412685243,2020-02-19 13:00:00,2,0,1,0,1061062812,K. Kubichek,R,SL,R,0.602094879378,1.86485116687,7.67809410336,1.02218310679,5.69634315901,SS,S,-0.538350464745,6.30579266717,84.5624785862,2090.47512342,187.547253399,-0.15
1528,2020,245,TEX,D1 Big 12 Conference,730162432,LAM,412685243,2020-02-19 13:00:00,2,0,2,0,1061062812,K. Kubichek,R,SL,R,1.13855949079,3.317280288,10.660830673,-4.68261890355,5.73311012319,IP,S,-0.185452924434,6.42182825521,83.1194781923,2121.07224361,156.36206368,1.0
1529,2020,245,TEX,D1 Big 12 Conference,730162432,LAM,412685243,2020-02-19 13:00:00,2,0,0,0,1061062812,K. Kubichek,R,FA,R,0.583769211128,2.22798347288,13.7741699874,11.716456154,6.10336206042,SL,K,-0.474435212101,6.35974511637,89.2154356794,1951.00368779,220.318373918,-0.15
1530,2020,245,TEX,D1 Big 12 Conference,730162432,LAM,412685243,2020-02-19 13:00:00,2,0,1,0,1061062812,K. Kubichek,R,FA,R,1.22821292703,2.85044311883,11.8949630517,14.0112134661,6.08285197304,SL,K,-0.387606346188,6.30945194679,87.9922362831,1923.41317669,229.590757044,-0.15
1531,2020,245,TEX,D1 Big 12 Conference,730162432,LAM,412685243,2020-02-19 13:00:00,2,0,2,0,1061062812,K. Kubichek,R,SL,R,-0.347134408505,2.23914181276,13.7632531695,2.05514248544,5.728789793,F,K,-0.519685232712,6.27471490919,84.510449153,2111.05642277,188.470499175,0.0
1532,2020,245,TEX,D1 Big 12 Conference,730162432,LAM,412685243,2020-02-19 13:00:00,2,0,2,0,1061062812,K. Kubichek,R,CH,R,-0.610421078065,2.75806032314,9.21448948341,10.9606981619,5.79312338731,F,K,-0.56200690128,6.24349422275,81.9944834836,1258.43019482,229.827679098,0.0
1533,2020,245,TEX,D1 Big 12 Conference,730162432,LAM,412685243,2020-02-19 13:00:00,2,0,2,0,1061062812,K. Kubichek,R,FA,R,0.185565858196,4.09287620105,6.4783547143,13.5941670154,5.86744081942,B,K,-0.225775066307,6.30023528091,89.0675935579,2006.85797844,244.406769623,0.13
1534,2020,245,TEX,D1 Big 12 Conference,730162432,LAM,412685243,2020-02-19 13:00:00,2,1,2,0,1061062812,K. Kubichek,R,SL,R,1.00299487913,1.59861263824,8.59915296921,-3.95630335437,5.76615288743,SS,K,-0.425843076674,6.32494686821,83.1261428164,2176.62344163,155.389226502,-0.15
1535,2020,245,TEX,D1 Big 12 Conference,730162432,LAM,412685243,2020-02-19 13:00:00,2,0,0,1,1061062812,K. Kubichek,R,SL,R,0.565142174492,2.6511608796,6.29943617389,-2.43897917153,5.65862836042,F,IP_OUT,-0.507134859132,6.33855913287,83.7656949848,2159.93649466,158.948986108,-0.15
1536,2020,245,TEX,D1 Big 12 Conference,730162432,LAM,412685243,2020-02-19 13:00:00,2,0,0,2,1061062812,K. Kubichek,R,CH,L,0.60999254683,0.511007523366,5.83110261998,14.358927982,5.61181379661,B,IP_OUT,-0.747105783584,6.136967361,82.1090545498,1289.38143902,247.762678718,0.13
1537,2020,245,TEX,D1 Big 12 Conference,730162432,LAM,412685243,2020-02-19 13:00:00,2,1,0,2,1061062812,K. Kubichek,R,CH,L,1.79072442445,1.71619752846,14.5183131787,8.01999979699,5.76670469224,B,IP_OUT,-0.666766039177,6.16855917929,83.6228830352,1239.52805568,208.853527326,0.13
1538,2020,245,TEX,D1 Big 12 Conference,730162432,LAM,412685243,2020-02-19 13:00:00,3,0,0,0,1061062812,K. Kubichek,R,SL,R,-0.422985595399,1.88343266802,7.52244246434,-0.142822825411,5.49837044234,SL,IP_OUT,-0.641933913041,6.38154126598,81.8353653958,2025.9217285,178.918005422,-0.15
1539,2020,245,TEX,D1 Big 12 Conference,730162432,LAM,412685243,2020-02-19 13:00:00,3,0,0,1,1061062812,K. Kubichek,R,CH,L,-1.11989382075,2.25977618484,6.0726462327,13.8725358588,5.3577032866,SL,IP_OUT,-0.586465327601,6.17107276066,81.5383294705,1376.69659198,246.219994327,-0.15
1540,2020,245,TEX,D1 Big 12 Conference,730162432,LAM,412685243,2020-02-19 13:00:00,3,0,0,2,1061062812,K. Kubichek,R,FA,L,1.02832363525,1.32086738192,11.474749514,12.6414870668,6.17725617725,B,BB,-0.216749131266,6.38540893554,90.4828567569,2044.01585901,227.691647631,0.13
1541,2020,245,TEX,D1 Big 12 Conference,730162432,LAM,412685243,2020-02-19 13:00:00,3,1,0,2,1061062812,K. Kubichek,R,FA,L,-0.490768619579,4.05013205763,11.5836070727,12.2317598183,5.90299939425,B,BB,-0.259785032279,6.32827220543,88.145983015,1916.67430581,226.476450332,0.13
1542,2020,245,TEX,D1 Big 12 Conference,730162432,LAM,412685243,2020-02-19 13:00:00,3,2,0,2,1061062812,K. Kubichek,R,FA,L,-1.14259363236,4.07592286966,10.2316231292,12.5878866207,5.74897322584,B,BB,-0.33867111152,6.32219157692,87.5784537349,1871.78837185,230.800934189,0.13
1543,2020,245,TEX,D1 Big 12 Conference,730162432,LAM,412685243,2020-02-19 13:00:00,3,3,0,2,1061062812,K. Kubichek,R,FA,L,-0.285604355335,1.74986099064,9.09938585055,12.4373396437,5.91217020656,SL,BB,-0.170124606442,6.36919986706,87.0389589785,1942.61396522,233.706741133,-0.15
1544,2020,245,TEX,D1 Big 12 Conference,730162432,LAM,412685243,2020-02-19 13:00:00,3,3,1,2,1061062812,K. Kubichek,R,FA,L,1.41151006568,0.800790447118,12.8441168786,10.1732213118,5.86010569,B,BB,0.087095721836,6.32253689789,87.7845604073,1939.58221241,218.3072367,0.8
1545,2020,245,TEX,D1 Big 12 Conference,730162432,LAM,412685243,2020-02-19 13:00:00,3,0,0,2,1061062812,K. Kubichek,R,FA,R,-0.00752837475268,2.6693268609,4.27356816905,12.5469454138,6.00871372478,IP,FC,-0.340233939205,6.33315174017,88.5579607398,1965.35836325,251.05631204,-0.21
1546,2020,245,TEX,D1 Big 12 Conference,730162432,LAM,412685243,2020-02-19 13:00:00,3,0,0,2,1061062812,K. Kubichek,R,CH,L,0.37894718051,1.95635497285,7.69614465333,12.8836190105,5.65073259369,SL,K,-0.66941838728,6.17619602597,81.2055525411,1314.84886753,239.017114863,-0.15
1547,2020,245,TEX,D1 Big 12 Conference,730162432,LAM,412685243,2020-02-19 13:00:00,3,0,1,2,1061062812,K. Kubichek,R,CH,L,0.533320085755,1.77301220534,8.09186620765,13.8241538918,5.811733163,SL,K,-0.665078653938,6.1665993515,83.6968270525,1313.94620899,239.542840087,-0.15
1548,2020,245,TEX,D1 Big 12 Conference,730162432,LAM,412685243,2020-02-19 13:00:00,3,0,2,2,1061062812,K. Kubichek,R,FA,L,-0.687152712126,1.35333456655,12.520717939,11.9974395156,5.8487123342,B,K,-0.585647387782,6.33648903496,90.6605961979,1925.12696373,223.70447048,0.13
1549,2020,245,TEX,D1 Big 12 Conference,730162432,LAM,412685243,2020-02-19 13:00:00,3,1,2,2,1061062812,K. Kubichek,R,FA,L,1.08991711806,1.84060590162,10.5070701922,16.3970864892,5.99280665218,B,K,-0.229309440464,6.34471000907,90.7117404724,1914.17313883,237.269977806,0.13
1550,2020,245,TEX,D1 Big 12 Conference,730162432,LAM,412685243,2020-02-19 13:00:00,3,2,2,2,1061062812,K. Kubichek,R,CH,L,-0.489469208645,2.74876408438,9.66144710579,12.3025018618,5.73703506319,F,K,-0.580780817729,6.14224565445,83.4972632798,1303.42129116,231.748296822,0.0
1551,2020,245,TEX,D1 Big 12 Conference,730162432,LAM,412685243,2020-02-19 13:00:00,3,2,2,2,1061062812,K. Kubichek,R,CH,L,-0.135898924771,-0.250186023436,3.1267407524,16.8967418466,5.60371817647,B,K,-0.586311821022,6.12790594557,82.287765992,1351.98819969,259.38642359,0.13
1552,2020,245,TEX,D1 Big 12 Conference,730162432,LAM,412685243,2020-02-19 13:00:00,3,3,2,2,1061062812,K. Kubichek,R,CH,L,-0.799033235669,1.61858257784,2.22723467809,16.3183945497,5.77950519986,SS,K,-0.757870728341,5.99659998006,82.6498172928,1259.53556858,262.09630454,-0.15
1553,2020,245,TEX,D1 Big 12 Conference,730162432,LAM,412685243,2020-02-19 13:00:00,4,0,0,0,1010100199,O. Meaney,R,FA,R,-0.261331242902,3.31932897444,21.1097590795,9.13878711747,6.23802217415,F,K,-0.568491722515,7.24374776074,88.775629692,2211.02042199,203.376245012,-0.15
1554,2020,245,TEX,D1 Big 12 Conference,730162432,LAM,412685243,2020-02-19 13:00:00,4,0,1,0,1010100199,O. Meaney,R,CH,R,1.08369702947,2.41154942211,17.992709101,6.99447678642,6.09222494544,SS,K,-0.361995505654,7.07579034742,78.4807833791,1448.09533874,201.197530248,-0.15
1555,2020,245,TEX,D1 Big 12 Conference,730162432,LAM,412685243,2020-02-19 13:00:00,4,0,2,0,1010100199,O. Meaney,R,CH,R,-0.772506578591,2.44080779025,14.0185747454,15.6640999019,5.92943453609,SS,K,-0.610117120524,7.01105947463,80.6139727022,1451.06258662,228.09134192,-0.15
1556,2020,245,TEX,D1 Big 12 Conference,730162432,LAM,412685243,2020-02-19 13:00:00,4,0,0,1,1010100199,O. Meaney,R,SL,R,2.20335863786,2.87565706461,-2.31670612927,-3.12061553077,5.81173081617,B,IP_OUT,-0.557453196796,7.04147856042,81.0608857269,2554.05091882,53.886395635,0.13
1557,2020,245,TEX,D1 Big 12 Conference,730162432,LAM,412685243,2020-02-19 13:00:00,4,1,0,1,1010100199,O. Meaney,R,CH,R,-0.51576233407,0.174833791148,18.0229897739,12.3496425891,6.19436452067,B,IP_OUT,-0.360620816087,7.08291530573,79.0489829818,1389.95313329,214.357767811,0.13
1558,2020,245,TEX,D1 Big 12 Conference,730162432,LAM,412685243,2020-02-19 13:00:00,4,2,0,1,1010100199,O. Meaney,R,FA,R,0.015809721975,2.38429863639,19.7871841467,10.520828554,6.25026915114,F,IP_OUT,-0.228426594655,7.18551599733,87.5956419411,2086.11444225,207.959255995,-0.15
1559,2020,245,TEX,D1 Big 12 Conference,730162432,LAM,412685243,2020-02-19 13:00:00,4,0,0,2,1010100199,O. Meaney,R,CH,R,0.18657465386,1.65474094921,11.8917378906,12.0602038312,6.00959106311,SL,IP_OUT,-0.265843921475,7.04299487071,79.3935515927,1285.10130009,225.304035599,-0.15
1560,2020,245,TEX,D1 Big 12 Conference,730162432,LAM,412685243,2020-02-19 13:00:00,4,0,1,2,1010100199,O. Meaney,R,CH,R,1.39553485853,0.637798424468,10.4209780946,15.8613995582,5.93663143059,B,IP_OUT,-0.262639972339,7.074380705,79.9008714377,1422.77941565,236.590865787,0.13
1561,2020,245,TEX,D1 Big 12 Conference,730162432,LAM,412685243,2020-02-19 13:00:00,4,1,1,2,1010100199,O. Meaney,R,SL,R,1.66594356057,3.80952498693,-2.3800942542,-4.49770432541,5.89241011092,B,IP_OUT,-0.623174249777,7.03976946437,79.5607726025,2421.52291825,62.5264330498,0.13
1562,2020,245,TEX,D1 Big 12 Conference,730162432,LAM,412685243,2020-02-19 13:00:00,4,2,1,2,1010100199,O. Meaney,R,CH,R,-0.556346099054,1.3438295975,16.0354223376,13.777308481,6.18538374299,SS,IP_OUT,-0.394737278201,7.11905030434,78.8286681853,1357.32712884,220.594808755,-0.15
1563,2020,245,TEX,D1 Big 12 Conference,730162432,LAM,412685243,2020-02-19 13:00:00,5,0,0,0,1010100199,O. Meaney,R,CH,L,-0.359102450155,2.68468557719,14.8056239086,11.3370565829,6.10223581313,SL,K,-0.449134407553,7.06636431781,79.2647017877,1372.94816163,217.365211537,-0.15
1564,2020,245,TEX,D1 Big 12 Conference,730162432,LAM,412685243,2020-02-19 13:00:00,5,0,1,0,1010100199,O. Meaney,R,CH,L,0.589174229859,3.63172530433,16.3452806642,8.28495282167,6.01229913153,B,K,-0.49516701329,7.05171007035,79.1842699262,1353.82601415,206.820649877,0.13
1565,2020,245,TEX,D1 Big 12 Conference,730162432,LAM,412685243,2020-02-19 13:00:00,5,1,1,0,1010100199,O. Meaney,R,CH,L,-0.192839382694,2.95330836115,17.0120960305,12.6209331538,5.99971174142,SS,K,-0.359440770096,7.14818482023,77.9513281641,1377.75039532,216.501870823,-0.15
1566,2020,245,TEX,D1 Big 12 Conference,730162432,LAM,412685243,2020-02-19 13:00:00,5,1,2,0,1010100199,O. Meaney,R,FA,L,0.268609068852,3.86813750435,17.7329010588,6.75979948214,5.9768722166,B,K,-0.420987975756,7.28365375333,88.0472123725,2022.9749867,200.830699196,0.13
1567,2020,245,TEX,D1 Big 12 Conference,730162432,LAM,412685243,2020-02-19 13:00:00,5,2,2,0,1010100199,O. Meaney,R,CH,L,-0.0412168724101,1.42297063544,15.0686218142,12.4021644206,6.00584397142,SS,K,-0.417529736844,7.08818113116,78.6026525356,1375.56730892,219.376675002,-0.15
1568,2020,245,TEX,D1 Big 12 Conference,730162432,LAM,412685243,2020-02-19 13:00:00,5,0,0,1,1010100199,O. Meaney,R,FA,R,0.255839661435,2.04629224507,17.0807303907,7.87903302142,6.31723581312,SL,IP_OUT,-0.338392636614,7.19504925292,88.1251646038,2150.53616203,204.720491255,-0.15
1569,2020,245,TEX,D1 Big 12 Conference,730162432,LAM,412685243,2020-02-19 13:00:00,5,0,1,1,1010100199,O. Meaney,R,CH,R,1.29131702008,2.69402443578,13.4319409602,13.2051798734,5.99042516729,SL,IP_OUT,-0.369609396446,7.11545043042,78.7412609611,1385.79507181,224.422933138,-0.15
1570,2020,245,TEX,D1 Big 12 Conference,730162432,LAM,412685243,2020-02-19 13:00:00,5,0,2,1,1010100199,O. Meaney,R,FA,R,1.06391204352,4.07447215986,13.3600887704,10.3091155354,5.85842287957,B,IP_OUT,-0.112987180363,7.27052479799,87.7936838126,2008.41963332,217.584453385,0.13
1571,2020,245,TEX,D1 Big 12 Conference,730162432,LAM,412685243,2020-02-19 13:00:00,5,1,2,1,1010100199,O. Meaney,R,CH,R,0.823214322406,2.38788537819,15.8118207354,13.1396466107,5.88250294265,F,IP_OUT,-0.24472542788,7.17495681151,78.1913933631,1435.99276897,219.650323918,0.0
1572,2020,245,TEX,D1 Big 12 Conference,730162432,LAM,412685243,2020-02-19 13:00:00,5,0,0,2,1010100199,O. Meaney,R,FA,L,-0.830092225039,2.60844533363,18.8658673318,6.85567572669,6.32707811582,SL,IP_OUT,-0.264606810959,7.21400211522,87.990773271,2012.23158148,199.938180514,-0.15
1573,2020,245,TEX,D1 Big 12 Conference,730162432,LAM,412685243,2020-02-19 13:00:00,5,0,1,2,1010100199,O. Meaney,R,FA,L,1.27139470881,3.25015392252,19.9474285254,7.11553143017,6.04301291844,SL,IP_OUT,-0.291926430506,7.34883017447,87.9343361803,2025.31144893,199.601414917,-0.15
1574,2020,245,TEX,D1 Big 12 Conference,730162432,LAM,412685243,2020-02-19 13:00:00,5,0,2,2,1010100199,O. Meaney,R,CH,L,0.683515301378,3.1511265941,13.1297576756,8.60961316733,6.05238403674,F,IP_OUT,-0.424160287926,7.08861469803,79.1152222135,1360.74854458,213.171392513,0.0
1575,2020,245,TEX,D1 Big 12 Conference,730162432,LAM,412685243,2020-02-19 13:00:00,5,0,2,2,1010100199,O. Meaney,R,CH,L,0.850635845195,2.27666250112,10.9962598114,7.41720164972,6.1696888473,F,IP_OUT,-0.433796117379,7.13190168922,79.1248815331,1435.03254059,213.901770195,0.0
1576,2020,245,TEX,D1 Big 12 Conference,730162432,LAM,412685243,2020-02-19 13:00:00,5,0,2,2,1010100199,O. Meaney,R,FA,L,-0.415247868088,3.40572091186,19.7803323016,9.32365953157,6.14061431271,F,IP_OUT,-0.327843602317,7.33139539481,87.035010587,2018.71220306,205.198485736,0.0
1577,2020,245,TEX,D1 Big 12 Conference,730162432,LAM,412685243,2020-02-19 13:00:00,5,0,2,2,1010100199,O. Meaney,R,CH,L,-0.41173691473,4.10374618536,12.057003676,11.2499451804,6.01172297476,B,IP_OUT,-0.241390276272,7.24351273462,78.4102403528,1374.04768092,222.91658356,0.13
1578,2020,245,TEX,D1 Big 12 Conference,730162432,LAM,412685243,2020-02-19 13:00:00,5,1,2,2,1010100199,O. Meaney,R,FA,L,-0.175619702773,3.63108506343,18.9492575351,6.44122982801,6.09096186949,F,IP_OUT,-0.221137872673,7.19767917848,87.4567517006,1908.14752371,198.742515067,0.0
1579,2020,245,TEX,D1 Big 12 Conference,730162432,LAM,412685243,2020-02-19 13:00:00,5,1,2,2,1010100199,O. Meaney,R,CH,L,-0.261747490693,2.85593478635,14.1745267095,11.4417200759,5.83961032608,F,IP_OUT,-0.366900963296,7.29322091988,77.2239967517,1404.85216805,218.823706502,0.0
1580,2020,245,TEX,D1 Big 12 Conference,730162432,LAM,412685243,2020-02-19 13:00:00,5,1,2,2,1010100199,O. Meaney,R,CH,L,0.11491450023,-0.0438247822666,17.2186911607,8.40466258638,6.06442357805,B,IP_OUT,-0.462742282389,7.15242975027,79.1730413989,1433.27527913,205.963459356,0.13
1581,2020,245,TEX,D1 Big 12 Conference,730162432,LAM,412685243,2020-02-19 13:00:00,6,0,1,0,1010100199,O. Meaney,R,FA,L,-0.868982161237,2.94451050995,17.4413489013,6.84476665645,5.88307159532,SL,K,-0.424959135509,7.2852637851,86.2853518088,2137.99409409,201.387471096,-0.15
1582,2020,245,TEX,D1 Big 12 Conference,730162432,LAM,412685243,2020-02-19 13:00:00,6,0,2,0,1010100199,O. Meaney,R,CH,L,1.24230035714,0.842902833221,15.5804234482,2.43877593146,5.80186666145,B,K,-0.383113530622,7.12043281595,78.5777884635,1375.98746183,188.871799014,0.13
1583,2020,245,TEX,D1 Big 12 Conference,730162432,LAM,412685243,2020-02-19 13:00:00,6,1,2,0,1010100199,O. Meaney,R,CH,L,0.40643922879,3.08663693172,11.8084602737,10.6117352775,5.9533565672,SS,K,-0.418668298099,7.16651000918,79.1319926186,1360.43849344,221.842772391,-0.15
1584,2020,245,TEX,D1 Big 12 Conference,730162432,LAM,412685243,2020-02-19 13:00:00,6,0,0,1,1010100199,O. Meaney,R,FA,R,0.297065258736,2.3296972029,17.7458428783,6.97746944956,6.21147389134,SL,IP_OUT,-0.346132600104,7.15684776435,87.2244398754,2162.31682081,201.426613836,-0.15
1585,2020,245,TEX,D1 Big 12 Conference,730162432,LAM,412685243,2020-02-19 13:00:00,6,0,1,1,1010100199,O. Meaney,R,CH,R,0.769014143426,3.92492541111,16.28463095,4.30292786008,5.80967180147,B,IP_OUT,-0.36382787378,7.24690146033,78.8981830954,1334.49113608,194.764033992,0.13
1586,2020,245,TEX,D1 Big 12 Conference,730162432,LAM,412685243,2020-02-19 13:00:00,6,0,0,2,1010100199,O. Meaney,R,FA,L,-0.0894089309928,2.12137545444,17.2602941769,4.65798176219,6.20900327246,SL,IP_OUT,-0.287394644824,7.17508501507,86.7374239656,2186.17799712,195.073542744,-0.15
1587,2020,245,TEX,D1 Big 12 Conference,730162432,LAM,412685243,2020-02-19 13:00:00,6,0,1,2,1010100199,O. Meaney,R,CH,L,-0.696048713367,3.42441223623,12.4056862573,14.9965516057,5.78061781377,SL,IP_OUT,-0.309249893877,7.08781128509,79.0371712544,1442.56445893,230.304498078,-0.15
1588,2020,245,TEX,D1 Big 12 Conference,730162432,LAM,412685243,2020-02-19 13:00:00,7,0,0,0,1298008679,W. Swope,R,FA,R,1.00215631066,4.37269015101,20.4282931208,10.0088745266,6.11930966012,B,IP_OUT,-1.27089404095,6.38454128506,88.7770052436,2063.36636468,206.066085507,0.13
1589,2020,245,TEX,D1 Big 12 Conference,730162432,LAM,412685243,2020-02-19 13:00:00,7,1,0,0,1298008679,W. Swope,R,FA,R,-0.805098589693,3.46149957227,13.8798906922,11.8509435856,5.81635366855,F,IP_OUT,-1.66951966142,6.12536144982,89.4768250674,2099.20400839,220.424771282,-0.15
1590,2020,245,TEX,D1 Big 12 Conference,730162432,LAM,412685243,2020-02-19 13:00:00,7,1,1,0,1298008679,W. Swope,R,FA,R,-0.374728092502,3.62670066426,20.518514823,12.7356491543,5.87659790213,B,IP_OUT,-1.63598046504,6.34254721582,90.4579425321,2154.99281724,211.78719437,0.13
1591,2020,245,TEX,D1 Big 12 Conference,730162432,LAM,412685243,2020-02-19 13:00:00,7,2,1,0,1298008679,W. Swope,R,FA,R,0.93471088204,2.87448253823,16.7129451371,10.5396477799,5.93341503398,F,IP_OUT,-1.79959773979,6.17223165051,89.3733698012,2125.96853512,212.186047138,-0.15
1592,2020,245,TEX,D1 Big 12 Conference,730162432,LAM,412685243,2020-02-19 13:00:00,7,2,2,0,1298008679,W. Swope,R,FA,R,1.45205674436,2.53543195612,18.164521904,10.9516999858,6.0596517414,F,IP_OUT,-1.31398195215,6.31212457513,90.5646168879,2029.79752206,211.042454818,0.0
1593,2020,245,TEX,D1 Big 12 Conference,730162432,LAM,412685243,2020-02-19 13:00:00,7,0,0,1,1298008679,W. Swope,R,FA,R,0.849235388581,3.5277303939,22.1897161237,11.9275970521,6.0120901403,B,BB,-1.02643498354,6.35255394952,90.3574126439,2214.24326072,208.224909173,0.13
1594,2020,245,TEX,D1 Big 12 Conference,730162432,LAM,412685243,2020-02-19 13:00:00,7,1,0,1,1298008679,W. Swope,R,FA,R,0.142805294249,3.71060696575,20.4297698577,8.91298009546,6.06576305977,F,BB,-1.54066607116,6.23765365642,90.0300608429,2078.01669768,203.537631813,-0.15
1595,2020,245,TEX,D1 Big 12 Conference,730162432,LAM,412685243,2020-02-19 13:00:00,7,1,1,1,1298008679,W. Swope,R,FA,R,-0.165317195845,4.34177954423,16.9382033286,12.1823900354,5.79203138809,B,BB,-1.61471456745,6.16335845818,90.0274942181,2163.4677319,215.672209901,0.13
1596,2020,245,TEX,D1 Big 12 Conference,730162432,LAM,412685243,2020-02-19 13:00:00,7,2,1,1,1298008679,W. Swope,R,FA,R,2.09995185229,2.60204805882,17.2033179016,9.47944363539,6.17059138744,B,BB,-1.48076565475,6.1881413837,88.6670853007,2127.91680328,208.809129415,0.13
1597,2020,245,TEX,D1 Big 12 Conference,730162432,LAM,412685243,2020-02-19 13:00:00,7,3,1,1,1298008679,W. Swope,R,FA,R,1.3978052365,1.96736284615,14.2152594649,11.9462282402,5.97939649789,B,BB,-1.81572076192,6.07216181082,89.9926214986,2079.27726374,219.97932212,0.8
1598,2020,245,TEX,D1 Big 12 Conference,730162432,LAM,412685243,2020-02-19 13:00:00,7,0,0,1,1298008679,W. Swope,R,SL,R,-0.816813758234,2.82511762988,8.30556390929,-1.29809142376,5.85568514798,B,S,-1.43657031516,6.09522354352,82.5099853296,2235.45662121,171.156810879,0.13
1599,2020,245,TEX,D1 Big 12 Conference,730162432,LAM,412685243,2020-02-19 13:00:00,7,1,0,1,1298008679,W. Swope,R,FA,R,-0.225559129168,3.89305560692,12.9511849639,12.0888681876,5.81868231635,F,S,-1.34631172881,6.14726783962,89.8681415885,2137.61470686,222.955633688,-0.15
1600,2020,245,TEX,D1 Big 12 Conference,730162432,LAM,412685243,2020-02-19 13:00:00,7,1,2,1,1298008679,W. Swope,R,SL,R,-1.00659465157,2.53049268857,6.13674493439,-2.78739261979,5.60427517764,IP,S,-1.22074239251,6.29718669898,81.8302515948,2049.95753509,155.70939781,1.0
1601,2020,245,TEX,D1 Big 12 Conference,730162432,LAM,412685243,2020-02-19 13:00:00,7,0,0,1,1298008679,W. Swope,R,FA,L,-0.447244923892,1.38361783988,18.2300846816,9.52366656494,5.9740861081,B,SF,-1.47662022163,6.16848606688,89.2278220305,2193.60555497,207.541207287,0.13
1602,2020,245,TEX,D1 Big 12 Conference,730162432,LAM,412685243,2020-02-19 13:00:00,7,1,0,1,1298008679,W. Swope,R,FA,L,-1.15508247736,2.15162422096,14.9725616325,13.9650507846,5.64111885199,SL,SF,-1.37764003724,6.11076611566,89.5328867167,1967.08013361,222.943011629,-0.15
1603,2020,245,TEX,D1 Big 12 Conference,730162432,LAM,412685243,2020-02-19 13:00:00,7,1,1,1,1298008679,W. Swope,R,CH,L,-1.99191949261,0.413145801577,13.4251307574,11.7172069914,6.56684514328,B,SF,-1.5388258831,6.06868826572,81.3920085963,1540.33472116,221.032305897,0.13
1604,2020,245,TEX,D1 Big 12 Conference,730162432,LAM,412685243,2020-02-19 13:00:00,7,2,1,1,1298008679,W. Swope,R,FA,L,-0.0545979441961,-0.504701733862,20.4408383649,10.8388571953,5.90379316748,B,SF,-1.3398066055,6.1237079877,89.4105401275,2208.85219503,207.896857705,0.13
1605,2020,245,TEX,D1 Big 12 Conference,730162432,LAM,412685243,2020-02-19 13:00:00,7,0,0,2,1298008679,W. Swope,R,FA,R,-0.8911776226,3.10873754668,17.8372750119,11.2948919315,5.93077104048,SL,D,-1.43336236252,6.21861609132,88.8645901683,2145.38211467,212.294927834,-0.15
1606,2020,245,TEX,D1 Big 12 Conference,730162432,LAM,412685243,2020-02-19 13:00:00,7,1,1,2,1298008679,W. Swope,R,FA,R,0.577427465268,2.74555701198,17.0293480137,12.3485769187,6.06754008243,IP,D,-1.24007515269,6.2876502734,87.9291089265,2096.27521276,215.893655927,1.26
1607,2020,245,TEX,D1 Big 12 Conference,730162432,LAM,412685243,2020-02-19 13:00:00,7,0,0,2,1370629065,S. Walbridge,L,FA,L,-0.609154462138,3.9524780295,15.0575479942,-9.64964932194,5.95043629992,B,BB,1.18863585939,6.24568626585,91.2922523703,1852.33851159,147.400162744,0.13
1608,2020,245,TEX,D1 Big 12 Conference,730162432,LAM,412685243,2020-02-19 13:00:00,7,1,0,2,1370629065,S. Walbridge,L,FA,L,-0.998734927233,1.85267560385,16.2510980403,-13.7039998578,5.9391413901,B,BB,1.25029276411,6.1057748302,92.1022942322,1952.53457355,139.913811201,0.13
1609,2020,245,TEX,D1 Big 12 Conference,730162432,LAM,412685243,2020-02-19 13:00:00,7,2,0,2,1370629065,S. Walbridge,L,FA,L,-1.47465961819,2.35222297765,11.5951330989,-12.6589860014,5.79328805063,SL,BB,1.23019813296,6.17569149726,91.9805853038,1846.40234777,132.564651106,-0.15
1610,2020,245,TEX,D1 Big 12 Conference,730162432,LAM,412685243,2020-02-19 13:00:00,7,2,1,2,1370629065,S. Walbridge,L,FA,L,-1.5323103459,3.47780638808,17.2659143107,-10.4944231619,5.96998657178,B,BB,1.14200784788,6.25339872828,92.1077538055,1988.57892572,148.753980121,0.13
1611,2020,245,TEX,D1 Big 12 Conference,730162432,LAM,412685243,2020-02-19 13:00:00,7,3,1,2,1370629065,S. Walbridge,L,FA,L,-0.725255536004,2.55090231515,9.99544735892,-16.0557555828,5.84308013281,SL,BB,1.28416262261,6.1287717119,92.0173795117,1846.9796085,121.983844041,-0.15
1612,2020,245,TEX,D1 Big 12 Conference,730162432,LAM,412685243,2020-02-19 13:00:00,7,3,2,2,1370629065,S. Walbridge,L,FA,L,-1.04099399927,3.1287028177,11.9703474729,-14.0001344939,5.86535370012,F,BB,1.24596669989,6.19324167245,91.6988192425,1921.21339776,130.605330114,0.0
1613,2020,245,TEX,D1 Big 12 Conference,730162432,LAM,412685243,2020-02-19 13:00:00,7,3,2,2,1370629065,S. Walbridge,L,FA,L,-1.52997651859,3.08090998019,16.3114654271,-8.13125193965,5.96208838296,B,BB,1.20956810488,6.16171988849,92.9114052814,1685.54857374,153.546043749,0.8
1614,2020,245,TEX,D1 Big 12 Conference,730162432,LAM,412685243,2020-02-19 13:00:00,7,0,0,2,1326874880,A. Duplantier II,R,FA,R,0.466754684221,2.68192848274,18.0159856923,7.0247190563,5.67204349002,SL,K,-1.17084025614,6.45818403625,87.2742633434,1930.26742857,201.264602619,-0.15
1615,2020,245,TEX,D1 Big 12 Conference,730162432,LAM,412685243,2020-02-19 13:00:00,7,0,1,2,1326874880,A. Duplantier II,R,SL,R,0.889069826959,1.29464589889,-6.97465714242,-14.3721617372,5.22675440796,SS,K,-1.17201393069,6.36707198275,73.1147494318,2222.35433333,64.2746009153,-0.15
1616,2020,245,TEX,D1 Big 12 Conference,730162432,LAM,412685243,2020-02-19 13:00:00,7,0,2,2,1326874880,A. Duplantier II,R,SL,R,0.983775706557,1.52085471095,-4.62494611041,-14.6513287578,5.26193876967,SS,K,-1.02009498629,6.38834653394,73.1897300872,2210.92285066,72.6569357846,-0.15
1617,2020,245,TEX,D1 Big 12 Conference,730162432,LAM,412685243,2020-02-19 13:00:00,8,0,0,0,1326874880,A. Duplantier II,R,FA,R,2.41990611871,1.18093653478,15.7361261959,6.67631695151,5.69063507616,B,IP_OUT,-1.27411794338,6.41955828447,85.483962108,1886.41680889,202.942636829,0.13
1618,2020,245,TEX,D1 Big 12 Conference,730162432,LAM,412685243,2020-02-19 13:00:00,8,0,0,1,1326874880,A. Duplantier II,R,FA,L,0.387916047283,1.99894157721,18.2862237766,8.5140254807,5.85458636062,SL,HBP,-1.30306714185,6.4953327216,86.8407549892,1917.34470409,204.924777611,-0.15
1619,2020,245,TEX,D1 Big 12 Conference,730162432,LAM,412685243,2020-02-19 13:00:00,8,0,1,1,1326874880,A. Duplantier II,R,FA,L,0.0240029865519,1.81851657522,15.9736554281,9.75860177008,5.94788503333,SL,HBP,-1.17224289533,6.37371945237,88.4653897322,1969.36085543,211.368426352,-0.15
1620,2020,245,TEX,D1 Big 12 Conference,730162432,LAM,412685243,2020-02-19 13:00:00,8,0,2,1,1326874880,A. Duplantier II,R,SL,L,2.14421895115,0.908692137516,-7.9176069794,-14.1602194824,5.13246269432,HBP,HBP,-1.26107679489,6.35127154403,75.7010612079,2411.60869544,60.9338929943,0.8
1621,2020,245,TEX,D1 Big 12 Conference,730162432,LAM,412685243,2020-02-19 13:00:00,8,0,0,1,1326874880,A. Duplantier II,R,FA,R,-0.545082849854,4.28993905078,15.6138859197,7.34113007001,5.92949454062,B,K,-1.03954292844,6.45216333957,87.6917592712,1812.65600602,205.133542236,0.13
1622,2020,245,TEX,D1 Big 12 Conference,730162432,LAM,412685243,2020-02-19 13:00:00,8,1,0,1,1326874880,A. Duplantier II,R,FA,R,-0.917346652886,2.93708486757,15.9859199378,9.21263254602,5.96560573151,F,K,-0.865255922699,6.51631472081,86.8590833246,1800.64160826,209.901475034,-0.15
1623,2020,245,TEX,D1 Big 12 Conference,730162432,LAM,412685243,2020-02-19 13:00:00,8,1,1,1,1326874880,A. Duplantier II,R,SL,R,1.12666570683,1.95042172226,-4.53037398567,-11.1968523845,5.56760157548,SL,K,-1.02855001607,6.28453316606,73.4368428838,2325.08162388,68.1885205494,-0.15
1624,2020,245,TEX,D1 Big 12 Conference,730162432,LAM,412685243,2020-02-19 13:00:00,8,1,2,1,1326874880,A. Duplantier II,R,FA,R,0.747839041021,2.05358453818,17.6534414446,10.6111969342,6.03570425645,F,K,-0.880622685992,6.34001416823,88.1850194569,1976.042343,210.961194043,0.0
1625,2020,245,TEX,D1 Big 12 Conference,730162432,LAM,412685243,2020-02-19 13:00:00,8,1,2,1,1326874880,A. Duplantier II,R,SL,R,3.14085735142,0.204877754604,-5.52999657636,-11.0640263588,6.0622551105,SS,K,-1.03014897731,6.31479363232,73.9936416061,2224.67838548,63.6442897424,-0.15
1626,2020,245,TEX,D1 Big 12 Conference,730162432,LAM,412685243,2020-02-19 13:00:00,8,0,0,2,1326874880,A. Duplantier II,R,FA,R,0.301578931754,1.8001980483,12.5747958612,6.62565680781,6.05972853031,F,BB,-0.841749629294,6.47211823236,87.6324234003,1674.52741457,207.721304273,-0.15
1627,2020,245,TEX,D1 Big 12 Conference,730162432,LAM,412685243,2020-02-19 13:00:00,8,0,1,2,1326874880,A. Duplantier II,R,FA,R,0.668286892423,2.74859237569,12.8376054715,8.21831673291,5.8450085758,F,BB,-0.879282668564,6.37429580786,87.0971316018,1792.19643296,212.557019322,-0.15
1628,2020,245,TEX,D1 Big 12 Conference,730162432,LAM,412685243,2020-02-19 13:00:00,8,0,2,2,1326874880,A. Duplantier II,R,SL,R,-0.770249918134,4.46772110067,-6.01312663702,-9.507304308,5.93154040392,B,BB,-0.937677435283,6.34944724406,72.8949235565,2078.70276125,57.8970394567,0.13
1629,2020,245,TEX,D1 Big 12 Conference,730162432,LAM,412685243,2020-02-19 13:00:00,8,1,2,2,1326874880,A. Duplantier II,R,SL,R,-0.663349082542,2.64139100607,-4.49036553836,-10.9967100284,5.56931306658,F,BB,-0.9110342607,6.28731797644,72.0067294678,2090.75236559,68.015882727,0.0
1630,2020,245,TEX,D1 Big 12 Conference,730162432,LAM,412685243,2020-02-19 13:00:00,8,1,2,2,1326874880,A. Duplantier II,R,FA,R,-0.153007593541,3.06503545424,17.1378247889,9.38172354278,6.01530993281,F,BB,-1.00786738361,6.37665922999,88.3155299871,1915.75888053,208.650195991,0.0
1631,2020,245,TEX,D1 Big 12 Conference,730162432,LAM,412685243,2020-02-19 13:00:00,8,1,2,2,1326874880,A. Duplantier II,R,FA,R,0.818690568825,3.84940742761,13.4501178594,8.26161467778,6.04558231994,B,BB,-1.03775128574,6.35069105247,87.580424959,1883.60495492,211.496100606,0.13
1632,2020,245,TEX,D1 Big 12 Conference,730162432,LAM,412685243,2020-02-19 13:00:00,8,2,2,2,1326874880,A. Duplantier II,R,SL,R,1.41025324441,1.29534636743,-6.03543374422,-9.24667851267,5.77250681735,B,BB,-0.904920788831,6.29797609734,75.454310205,2231.00162092,57.0688284117,0.13
1633,2020,245,TEX,D1 Big 12 Conference,730162432,LAM,412685243,2020-02-19 13:00:00,8,3,2,2,1326874880,A. Duplantier II,R,FA,R,-1.38035940214,3.66648780027,14.3689961829,7.25328537424,5.88332295048,F,BB,-1.01723967116,6.38930320716,88.087119483,1824.39157089,206.730360633,0.0
1634,2020,245,TEX,D1 Big 12 Conference,730162432,LAM,412685243,2020-02-19 13:00:00,8,3,2,2,1326874880,A. Duplantier II,R,FA,R,0.917304959026,1.33064306262,17.9349672439,8.89057926148,6.15212517074,B,BB,-1.14198876939,6.36508463595,88.0389833315,2040.84043851,206.325517605,0.8
1635,2020,245,TEX,D1 Big 12 Conference,730162432,LAM,412685243,2020-02-19 13:00:00,8,0,0,2,1326874880,A. Duplantier II,R,SL,R,1.98480555368,1.86590949621,-4.43778198389,-10.5218391609,5.64639886035,SS,K,-0.916148626455,6.32729430638,75.3594670012,2351.4373307,67.3470140983,-0.15
1636,2020,245,TEX,D1 Big 12 Conference,730162432,LAM,412685243,2020-02-19 13:00:00,8,0,1,2,1326874880,A. Duplantier II,R,SL,R,1.09687123851,2.55264406794,-5.35650021575,-11.1870265471,5.63265159466,SS,K,-0.996307216596,6.31512194701,73.9088910917,2321.91688319,64.6191319115,-0.15
1637,2020,245,TEX,D1 Big 12 Conference,730162432,LAM,412685243,2020-02-19 13:00:00,8,0,2,2,1326874880,A. Duplantier II,R,SL,R,2.44175755335,1.32693516505,-3.16689617792,-8.45295685723,5.75138726622,SS,K,-0.941977643089,6.33068129573,74.9379467187,2337.95481155,69.7446667385,-0.15
1638,2020,245,TEX,D1 Big 12 Conference,730162432,LAM,412685243,2020-02-19 13:00:00,9,0,0,0,1207580816,M. Bryant,R,FA,L,0.629297621838,1.69046243445,14.9382678491,-1.4622768915,6.29050141038,SL,IP_OUT,-2.2803149737,6.44786956756,92.4745726777,2434.61586126,174.420382554,-0.15
1639,2020,245,TEX,D1 Big 12 Conference,730162432,LAM,412685243,2020-02-19 13:00:00,9,0,1,0,1207580816,M. Bryant,R,FA,L,-0.648604774955,1.55596406239,15.459144583,2.11283368149,6.2555524344,SL,IP_OUT,-2.21205233918,6.46647946995,92.0904955577,2311.67554046,187.76748313,-0.15
1640,2020,245,TEX,D1 Big 12 Conference,730162432,LAM,412685243,2020-02-19 13:00:00,9,0,2,0,1207580816,M. Bryant,R,FA,L,1.05245146533,1.51384685401,15.3351028311,-3.89891840155,6.35765359959,F,IP_OUT,-2.31941706751,6.51565034196,91.2114702406,2474.01624513,165.76258195,0.0
1641,2020,245,TEX,D1 Big 12 Conference,730162432,LAM,412685243,2020-02-19 13:00:00,9,0,2,0,1207580816,M. Bryant,R,FA,L,-0.877671988333,4.08818882129,11.6821637897,2.84170208303,6.2605972894,B,IP_OUT,-2.3462277023,6.48277555941,91.6951226165,2319.26369185,193.637412563,0.13
1642,2020,245,TEX,D1 Big 12 Conference,730162432,LAM,412685243,2020-02-19 13:00:00,9,0,0,1,1207580816,M. Bryant,R,FA,R,-0.428794633705,4.33061874967,11.3236212067,-2.70803270054,6.56509129188,B,S,-2.30955655467,6.54706979402,90.7999323401,2444.1940262,166.585512484,0.13
1643,2020,245,TEX,D1 Big 12 Conference,730162432,LAM,412685243,2020-02-19 13:00:00,9,1,0,1,1207580816,M. Bryant,R,FA,R,-0.184054850464,2.63199185043,12.6263693261,-3.09065560754,6.44973580048,F,S,-2.25178958201,6.48460660892,90.4995136118,2366.03413493,166.278399412,-0.15
1644,2020,245,TEX,D1 Big 12 Conference,730162432,LAM,412685243,2020-02-19 13:00:00,9,1,1,1,1207580816,M. Bryant,R,FA,R,0.604853484604,2.99409389591,8.63481548696,-1.05063294487,6.3635234986,SL,S,-2.21803130244,6.4785255976,90.0538866606,2393.05741948,173.08789902,-0.15
1645,2020,245,TEX,D1 Big 12 Conference,730162432,LAM,412685243,2020-02-19 13:00:00,9,1,2,1,1207580816,M. Bryant,R,FA,R,1.52901708976,3.291617392,13.5855793061,-6.26888220805,6.37335692581,IP,S,-2.40714360283,6.43061077958,90.7056072411,2467.84934339,155.279868804,1.0
1646,2020,245,TEX,D1 Big 12 Conference,730162432,LAM,412685243,2020-02-19 13:00:00,9,0,0,1,1207580816,M. Bryant,R,FA,L,0.236785590057,3.52932007689,12.9502044322,-4.56508848446,6.42088941134,SS,D,-2.36813102211,6.60310329345,91.1613921627,2305.01007113,160.624393469,-0.15
1647,2020,245,TEX,D1 Big 12 Conference,730162432,LAM,412685243,2020-02-19 13:00:00,9,0,1,1,1207580816,M. Bryant,R,FA,L,1.21456340617,3.59086405605,16.1610819198,-5.57768039907,6.35411315757,F,D,-2.13735954804,6.53351990253,89.5198908747,2415.57540888,160.993842642,-0.15
1648,2020,245,TEX,D1 Big 12 Conference,730162432,LAM,412685243,2020-02-19 13:00:00,9,0,2,1,1207580816,M. Bryant,R,FA,L,0.247949434657,2.22901436445,14.4173347201,0.470389340605,6.3725534322,IP,D,-2.48344404035,6.41596861004,90.0521559193,2357.20752525,181.864625094,1.26
1649,2020,245,TEX,D1 Big 12 Conference,730162432,LAM,412685243,2020-02-19 13:00:00,9,0,0,1,1207580816,M. Bryant,R,FA,R,-0.162478442509,1.42879833746,14.3780605216,1.36370015234,6.46242975818,B,K,-2.18776434031,6.44370993211,91.5910627167,2382.59588297,185.406636705,0.13
1650,2020,245,TEX,D1 Big 12 Conference,730162432,LAM,412685243,2020-02-19 13:00:00,9,1,0,1,1207580816,M. Bryant,R,FA,R,1.06621619834,2.45735177806,17.9315786949,-1.11912884268,6.32754574224,B,K,-2.33117685098,6.47325154061,92.059039761,2445.5290063,176.434784774,0.13
1651,2020,245,TEX,D1 Big 12 Conference,730162432,LAM,412685243,2020-02-19 13:00:00,9,2,0,1,1207580816,M. Bryant,R,FA,R,-1.03566341069,3.28654183434,15.3727488341,2.46089864195,6.52150293172,B,K,-2.21676119765,6.54835081808,90.7982017661,2387.57869062,189.077001502,0.13
1652,2020,245,TEX,D1 Big 12 Conference,730162432,LAM,412685243,2020-02-19 13:00:00,9,3,0,1,1207580816,M. Bryant,R,FA,R,0.488459974427,2.60310378806,10.9845205667,0.601769845096,6.6060322559,SL,K,-2.25791418676,6.4825524598,89.8869342248,2460.59143466,183.126843135,-0.15
1653,2020,245,TEX,D1 Big 12 Conference,730162432,LAM,412685243,2020-02-19 13:00:00,9,3,1,1,1207580816,M. Bryant,R,FA,R,0.608127699214,2.04101979262,17.9083506083,-3.02650841809,6.44894983607,SL,K,-2.08419460497,6.50564745902,90.2688421623,2500.66679493,170.424171822,-0.15
1654,2020,245,TEX,D1 Big 12 Conference,730162432,LAM,412685243,2020-02-19 13:00:00,9,3,2,1,1207580816,M. Bryant,R,FA,R,-0.176580639587,3.57784905217,13.5968505451,4.1899312629,6.44781389582,SS,K,-2.25168619232,6.47471821739,89.2703259111,2347.45548079,197.089081374,-0.15
1655,2020,245,TEX,D1 Big 12 Conference,730162432,LAM,412685243,2020-02-19 13:00:00,9,0,0,2,1207580816,M. Bryant,R,FA,R,2.13374075941,2.5342701721,14.0504155153,-4.81034778826,6.64317032845,B,IP_OUT,-2.19030609996,6.56492329467,90.8379735217,2449.74003393,161.139366522,0.13
1656,2020,5075,ULL,D1 Sun Belt Conference,730255872,NWST,160856064,2020-02-26 13:00:00,1,0,0,0,1117064516,B. Talley,L,FA,R,0.675610553629,1.81844480189,15.8360846074,-15.6295787143,5.40330786912,SL,IP_OUT,1.35436089136,6.05594032922,84.3399502829,1627.29614762,135.444828914,-0.15
1657,2020,5075,ULL,D1 Sun Belt Conference,730255872,NWST,160856064,2020-02-26 13:00:00,1,0,1,0,1117064516,B. Talley,L,FA,R,-0.090509494409,0.984751908364,11.7436505146,-13.0106173473,5.6311896545,B,IP_OUT,1.39501590214,6.0873172764,86.001143976,1743.41339012,132.157748391,0.13
1658,2020,5075,ULL,D1 Sun Belt Conference,730255872,NWST,160856064,2020-02-26 13:00:00,1,0,0,2,1117064516,B. Talley,L,FA,R,0.822232195126,2.33129862237,19.4899878195,-13.244157053,5.44164249789,F,K,1.39565731027,6.04722929528,84.4258761044,1733.60170287,145.85442716,-0.15
1659,2020,5075,ULL,D1 Sun Belt Conference,730255872,NWST,160856064,2020-02-26 13:00:00,1,0,1,2,1117064516,B. Talley,L,SL,R,2.11964040097,4.28254829562,7.22219381732,11.47001115,5.23216958995,B,K,1.56827922731,5.7370282576,74.8627679074,2045.88383128,237.628843671,0.13
1660,2020,5075,ULL,D1 Sun Belt Conference,730255872,NWST,160856064,2020-02-26 13:00:00,1,1,1,2,1117064516,B. Talley,L,FA,R,-0.369271775022,1.45391509222,13.1454377122,-14.5762353582,5.60344129673,F,K,1.34768529645,5.91354587728,84.1914216917,1750.87840829,132.126784061,-0.15
1661,2020,5075,ULL,D1 Sun Belt Conference,730255872,NWST,160856064,2020-02-26 13:00:00,1,1,2,2,1117064516,B. Talley,L,FA,R,1.18074810759,3.52426419814,10.5187771996,-19.3422765715,5.35892098485,F,K,1.36615018298,5.93817753109,86.3936468918,1866.06911856,118.621101427,0.0
1662,2020,5075,ULL,D1 Sun Belt Conference,730255872,NWST,160856064,2020-02-26 13:00:00,1,1,2,2,1117064516,B. Talley,L,CU,R,-0.282185594744,2.08270503321,5.60745347103,15.8303096929,5.07149364176,SS,K,1.53688073607,5.63517695971,75.7617410995,2275.20788974,250.340931705,-0.15
1663,2020,5075,ULL,D1 Sun Belt Conference,730255872,NWST,160856064,2020-02-26 13:00:00,2,0,0,0,1117064516,B. Talley,L,FA,L,-0.309941629195,2.08598041618,15.1856570773,-15.8861180168,5.32088481302,SL,K,1.22392232474,6.05031235699,84.4848055907,1708.18952232,133.779395387,-0.15
1664,2020,5075,ULL,D1 Sun Belt Conference,730255872,NWST,160856064,2020-02-26 13:00:00,2,0,1,0,1117064516,B. Talley,L,SL,L,-0.798323423387,2.00876089285,1.12888723153,5.6131566109,5.11509199951,SS,K,1.57089236106,5.71830326164,75.4877715796,2154.98023046,258.164446465,-0.15
1665,2020,5075,ULL,D1 Sun Belt Conference,730255872,NWST,160856064,2020-02-26 13:00:00,2,0,2,0,1117064516,B. Talley,L,SL,L,-2.9129546188,0.778230932148,2.36669564716,6.65462883619,5.00487535706,B,K,1.54502296013,5.64984163196,76.6905509001,2186.81021825,250.068617167,0.13
1666,2020,5075,ULL,D1 Sun Belt Conference,730255872,NWST,160856064,2020-02-26 13:00:00,2,1,2,0,1117064516,B. Talley,L,FA,L,-1.6333730573,1.84640168377,16.8599225355,-15.7038724651,5.51890595971,B,K,1.15022553096,6.06788912362,85.7720123153,1743.76809023,137.094757415,0.13
1667,2020,5075,ULL,D1 Sun Belt Conference,730255872,NWST,160856064,2020-02-26 13:00:00,2,2,2,0,1117064516,B. Talley,L,CU,L,-1.57461991919,1.48846105926,2.8681130112,16.748926132,5.35658172654,SS,K,1.81264796763,5.55346196746,74.5736348626,2369.08158084,260.120823397,-0.15
1668,2020,5075,ULL,D1 Sun Belt Conference,730255872,NWST,160856064,2020-02-26 13:00:00,2,0,0,1,1117064516,B. Talley,L,FA,R,1.37471207539,1.89192567179,16.7427657085,-15.7439043893,5.53379105797,F,K,1.39786141313,5.97650695486,84.4272510813,1776.45679847,136.825173904,-0.15
1669,2020,5075,ULL,D1 Sun Belt Conference,730255872,NWST,160856064,2020-02-26 13:00:00,2,0,1,1,1117064516,B. Talley,L,FA,R,0.195673840833,2.40737738969,15.6649500455,-16.8129931874,5.44681062378,SL,K,1.35010012009,5.9932712148,85.2099736009,1748.62916979,133.042441726,-0.15
1670,2020,5075,ULL,D1 Sun Belt Conference,730255872,NWST,160856064,2020-02-26 13:00:00,2,0,2,1,1117064516,B. Talley,L,CU,R,-0.0681302530768,1.5607148077,1.48762919294,14.1888137949,5.2056367273,SS,K,1.74095504366,5.50203083861,74.9328622659,2374.35249793,263.82206124,-0.15
1671,2020,5075,ULL,D1 Sun Belt Conference,730255872,NWST,160856064,2020-02-26 13:00:00,2,0,0,2,1117064516,B. Talley,L,FA,L,-0.194877676949,3.00128090367,19.6442595439,-12.7057183402,5.48369167288,SL,IP_OUT,1.22532076897,6.10850659441,85.4899185688,1710.40907427,147.154439468,-0.15
1672,2020,5075,ULL,D1 Sun Belt Conference,730255872,NWST,160856064,2020-02-26 13:00:00,2,0,1,2,1117064516,B. Talley,L,FA,L,-1.72154814362,3.00455807739,16.3396759758,-13.5609204247,5.4351640403,B,IP_OUT,1.30635985688,6.01670755601,86.3405972213,1719.16316089,140.371577106,0.13
1673,2020,5075,ULL,D1 Sun Belt Conference,730255872,NWST,160856064,2020-02-26 13:00:00,2,1,1,2,1117064516,B. Talley,L,FA,L,-0.843405528318,2.00374601941,16.0734249004,-11.9823253532,5.50913119368,SL,IP_OUT,1.38422839125,5.95769102836,85.6098435459,1805.05401705,143.358610755,-0.15
1674,2020,5075,ULL,D1 Sun Belt Conference,730255872,NWST,160856064,2020-02-26 13:00:00,3,0,0,0,1117064516,B. Talley,L,FA,R,0.626816642348,1.83682316219,12.2992045907,-15.1980828321,5.49603906724,IP,S,1.44636620842,5.93877556088,84.3451135461,1752.76535527,129.067192812,1.0
1675,2020,5075,ULL,D1 Sun Belt Conference,730255872,NWST,160856064,2020-02-26 13:00:00,3,0,0,0,1117064516,B. Talley,L,FA,R,-0.0783070860169,0.77765117726,14.747838398,-18.5095305499,5.47553290144,B,K,1.76357303294,5.90675854321,81.8800351066,1781.35221263,128.622806875,0.13
1676,2020,5075,ULL,D1 Sun Belt Conference,730255872,NWST,160856064,2020-02-26 13:00:00,3,1,0,0,1117064516,B. Talley,L,FA,R,-0.0985031870642,1.98727726363,18.8289060219,-14.7392248432,5.46977643659,F,K,1.69416475814,5.93048812353,84.5706768806,1786.9143035,142.001734187,-0.15
1677,2020,5075,ULL,D1 Sun Belt Conference,730255872,NWST,160856064,2020-02-26 13:00:00,3,1,2,0,1117064516,B. Talley,L,CU,R,-1.25568298158,1.92820130761,1.26619597386,14.0037261928,5.47150979805,SS,K,1.66444829677,5.72053505369,76.1696086394,2245.3035698,264.643059416,-0.15
1678,2020,5075,ULL,D1 Sun Belt Conference,730255872,NWST,160856064,2020-02-26 13:00:00,3,0,0,1,1117064516,B. Talley,L,FA,R,0.880199364175,1.67834236826,15.1920063781,-14.5481242796,5.52134876486,F,K,1.6148242756,6.11894044847,84.1719497882,1782.24744716,136.311688958,-0.15
1679,2020,5075,ULL,D1 Sun Belt Conference,730255872,NWST,160856064,2020-02-26 13:00:00,3,0,2,1,1117064516,B. Talley,L,CU,R,0.281327737794,0.879799340399,2.18269848586,12.3531072678,5.18325455875,B,K,2.01871637245,5.84511741779,75.0704451595,2341.34218058,259.762057571,0.13
1680,2020,5075,ULL,D1 Sun Belt Conference,730255872,NWST,160856064,2020-02-26 13:00:00,3,1,2,1,1117064516,B. Talley,L,FA,R,-0.232915655515,1.9583981879,16.4948069724,-15.6408134235,5.63108465153,F,K,1.74002379882,6.01333440224,85.3760712375,1804.41012391,136.585912892,0.0
1681,2020,5075,ULL,D1 Sun Belt Conference,730255872,NWST,160856064,2020-02-26 13:00:00,3,1,2,1,1117064516,B. Talley,L,CU,R,-0.232359236123,1.79978315053,2.55976483017,12.8550185301,5.32454794435,SS,K,1.82486993279,5.76655815764,77.2143737082,2168.00966133,258.541706332,-0.15
1682,2020,5075,ULL,D1 Sun Belt Conference,730255872,NWST,160856064,2020-02-26 13:00:00,3,0,0,2,1117064516,B. Talley,L,FA,R,0.358886249743,2.55345639639,17.0035648181,-13.3694128667,5.45624785616,IP,D,1.72454674971,5.87437554891,84.7390890302,1810.74332145,141.884603593,1.26
1683,2020,5075,ULL,D1 Sun Belt Conference,730255872,NWST,160856064,2020-02-26 13:00:00,3,0,0,2,1117064516,B. Talley,L,CU,R,0.728281381326,1.80144419325,1.39449132072,13.2576040398,5.47716699178,SL,IP_OUT,1.81767465081,5.72088172733,74.0373558916,2300.97646473,263.784154375,-0.15
1684,2020,5075,ULL,D1 Sun Belt Conference,730255872,NWST,160856064,2020-02-26 13:00:00,3,0,1,2,1117064516,B. Talley,L,FA,R,-0.412069557619,1.35198434711,19.0386018523,-11.0713116034,5.62686577784,B,IP_OUT,1.54005328677,6.07134415969,84.6835379774,1803.20083043,149.870044708,0.13
1685,2020,5075,ULL,D1 Sun Belt Conference,730255872,NWST,160856064,2020-02-26 13:00:00,4,0,0,0,1117064516,B. Talley,L,CU,R,1.30632295277,3.57877799853,-2.64602340192,13.2122240227,5.15873195542,B,BB,1.54087928815,5.85229107855,72.0827872215,1946.38564619,281.105159946,0.13
1686,2020,5075,ULL,D1 Sun Belt Conference,730255872,NWST,160856064,2020-02-26 13:00:00,4,1,0,0,1117064516,B. Talley,L,FA,R,0.218448563872,3.88883310206,15.0982097007,-16.118402886,5.45362973934,B,BB,1.44739005535,5.94559053363,82.8759621052,1783.69940038,133.201894888,0.13
1687,2020,5075,ULL,D1 Sun Belt Conference,730255872,NWST,160856064,2020-02-26 13:00:00,4,2,0,0,1117064516,B. Talley,L,FA,R,0.853847334364,3.23428721523,16.4943258471,-15.9374727086,5.40567009818,SS,BB,1.53875250382,5.97130951644,83.7430220534,1791.47087531,136.049931235,-0.15
1688,2020,5075,ULL,D1 Sun Belt Conference,730255872,NWST,160856064,2020-02-26 13:00:00,4,2,1,0,1117064516,B. Talley,L,FA,R,0.595479330292,2.8905991909,16.5362373536,-17.2123921796,5.3104997309,F,BB,1.43597887835,6.09622980644,84.9794120178,1772.79381614,133.916851691,-0.15
1689,2020,5075,ULL,D1 Sun Belt Conference,730255872,NWST,160856064,2020-02-26 13:00:00,4,2,2,0,1117064516,B. Talley,L,CU,R,-0.946928275092,1.27948350128,0.728729589879,10.9627440563,5.07615824368,B,BB,1.501515799,5.72512772746,74.5874027935,2246.58799886,265.943290387,0.13
1690,2020,5075,ULL,D1 Sun Belt Conference,730255872,NWST,160856064,2020-02-26 13:00:00,4,3,2,0,1117064516,B. Talley,L,FA,R,-0.146521663307,4.00401975176,17.865582567,-16.5083494379,5.55326811361,B,BB,1.2589128366,6.06757004635,85.9143910515,1865.24461938,137.31895129,0.8
1691,2020,5075,ULL,D1 Sun Belt Conference,730255872,NWST,160856064,2020-02-26 13:00:00,4,0,0,0,1117064516,B. Talley,L,FA,L,0.376809004775,2.64763422494,16.4976620861,-17.0160465027,5.60394034985,SL,S,1.612790883,5.92615504314,84.4000476823,1760.44725622,134.17865058,-0.15
1692,2020,5075,ULL,D1 Sun Belt Conference,730255872,NWST,160856064,2020-02-26 13:00:00,4,0,1,0,1117064516,B. Talley,L,CU,L,-1.43641349716,1.93047221294,0.00131658270386,12.3177828526,5.36271616423,SS,S,1.76850479429,5.71910734616,75.2196109972,2225.89586125,269.773154556,-0.15
1693,2020,5075,ULL,D1 Sun Belt Conference,730255872,NWST,160856064,2020-02-26 13:00:00,4,0,2,0,1117064516,B. Talley,L,SL,L,-0.614912269181,3.51019801786,8.19256861593,2.11315056686,5.40236211785,F,S,1.74285395943,5.79792323439,78.7536576301,2192.85736184,194.390047953,0.0
1694,2020,5075,ULL,D1 Sun Belt Conference,730255872,NWST,160856064,2020-02-26 13:00:00,4,0,2,0,1117064516,B. Talley,L,SL,L,-0.422876381362,3.31273255853,4.77281846555,9.61022599907,5.01686225622,IP,S,1.94003313743,5.40230235524,77.1712711571,2235.57836984,243.37296288,1.0
1695,2020,5075,ULL,D1 Sun Belt Conference,730255872,NWST,160856064,2020-02-26 13:00:00,4,0,0,0,1362133059,J. Schultz,R,FA,R,0.819923843776,3.26023803797,16.5263437649,9.78640254911,6.44890100354,SS,S,-1.47293802981,5.18549919522,89.2740653447,1825.67155554,210.583469765,-0.15
1696,2020,5075,ULL,D1 Sun Belt Conference,730255872,NWST,160856064,2020-02-26 13:00:00,4,0,1,0,1362133059,J. Schultz,R,FA,R,0.984778049041,1.94251670973,17.4403021104,9.79696022458,6.22093246085,B,S,-1.38511552239,5.29048396921,90.4865314107,1759.48547282,209.280110624,0.13
1697,2020,5075,ULL,D1 Sun Belt Conference,730255872,NWST,160856064,2020-02-26 13:00:00,4,1,1,0,1362133059,J. Schultz,R,FA,R,-0.216670322629,1.83874067597,13.4308804656,13.0874849133,6.27866931255,IP,S,-1.67993499386,5.25731248549,89.4597027849,1954.65697839,224.189115192,1.0
1698,2020,5075,ULL,D1 Sun Belt Conference,730255872,NWST,160856064,2020-02-26 13:00:00,4,0,0,0,1362133059,J. Schultz,R,FA,L,-0.825505831651,3.02129116283,13.7113298081,13.1286802359,6.54199845684,IP,S,-1.27361476217,5.34377927214,90.8048403597,1830.22495609,223.691607482,1.0
1699,2020,5075,ULL,D1 Sun Belt Conference,730255872,NWST,160856064,2020-02-26 13:00:00,4,0,0,0,1362133059,J. Schultz,R,FA,R,0.572360816373,3.01247549382,12.100714224,12.7673119207,6.3974880934,SL,K,-1.44942490157,5.22030336964,88.6460363287,1924.86860147,226.458126353,-0.15
1700,2020,5075,ULL,D1 Sun Belt Conference,730255872,NWST,160856064,2020-02-26 13:00:00,4,0,1,0,1362133059,J. Schultz,R,FA,R,0.169920931038,1.70966213483,12.6467556977,17.0508857532,6.33330419483,SL,K,-1.44100950445,5.27633057153,89.4076441407,1950.73579611,233.365356039,-0.15
1701,2020,5075,ULL,D1 Sun Belt Conference,730255872,NWST,160856064,2020-02-26 13:00:00,4,0,2,0,1362133059,J. Schultz,R,SL,R,-0.169289122847,4.09626720001,8.01785794795,-13.1139160099,5.64406622545,B,K,-1.52798926709,5.53125508877,80.1026594555,2150.83266759,121.573305806,0.13
1702,2020,5075,ULL,D1 Sun Belt Conference,730255872,NWST,160856064,2020-02-26 13:00:00,4,1,2,0,1362133059,J. Schultz,R,FA,R,1.47620002589,2.17962208745,21.3465204071,8.82573920506,6.28677563923,SL,K,-1.34690262168,5.43670624617,90.7342582668,1848.33152612,202.432648224,-0.15
1703,2020,5075,ULL,D1 Sun Belt Conference,730255872,NWST,160856064,2020-02-26 13:00:00,4,0,0,1,1362133059,J. Schultz,R,FA,R,0.244459114816,2.25584649652,11.7394187905,14.9253629867,6.51631538044,SL,HR,-1.4345936777,5.15093728687,89.9135384248,1831.23996966,231.737674004,-0.15
1704,2020,5075,ULL,D1 Sun Belt Conference,730255872,NWST,160856064,2020-02-26 13:00:00,4,0,1,1,1362133059,J. Schultz,R,SL,R,0.109738722518,2.65537432697,7.43612929624,-15.2851008909,5.65303138076,IP,HR,-1.57011224939,5.24192564952,79.1779303005,2098.88175716,116.070654266,1.76
1705,2020,5075,ULL,D1 Sun Belt Conference,730255872,NWST,160856064,2020-02-26 13:00:00,4,0,0,2,1362133059,J. Schultz,R,FA,R,-1.31584536802,1.44535001527,7.68988316777,16.5461423971,6.28016008073,B,IP_OUT,-1.55990597741,5.21856369884,90.3345032964,1754.02222478,244.982933171,0.13
1706,2020,5075,ULL,D1 Sun Belt Conference,730255872,NWST,160856064,2020-02-26 13:00:00,4,1,0,2,1362133059,J. Schultz,R,FA,R,0.985072250451,0.509583414292,9.74801349388,13.3964722702,6.29473044186,B,IP_OUT,-1.23852331225,5.3092806726,90.6749548175,1697.21025509,233.870040999,0.13
1707,2020,5075,ULL,D1 Sun Belt Conference,730255872,NWST,160856064,2020-02-26 13:00:00,4,2,0,2,1362133059,J. Schultz,R,FA,R,0.476119881762,1.60675703025,12.5866587691,16.0496159328,6.36006638905,SL,IP_OUT,-1.37390550163,5.30058535415,90.0110966504,1647.10466092,231.824083711,-0.15
1708,2020,5075,ULL,D1 Sun Belt Conference,730255872,NWST,160856064,2020-02-26 13:00:00,5,0,0,1,1362133059,J. Schultz,R,FA,R,-0.129215141017,1.3365342161,12.6462416684,14.9165084505,6.17940135369,B,S,-1.23512160838,5.49917194104,88.6084961376,1906.64175735,229.633914646,0.13
1709,2020,5075,ULL,D1 Sun Belt Conference,730255872,NWST,160856064,2020-02-26 13:00:00,5,1,0,1,1362133059,J. Schultz,R,FA,R,0.825740407257,2.24366620407,17.1289291841,11.9129365098,6.01613252587,IP,S,-1.36765564204,5.62108640727,89.5180710324,1991.76414928,214.766509061,1.0
1710,2020,5075,ULL,D1 Sun Belt Conference,730255872,NWST,160856064,2020-02-26 13:00:00,5,0,0,1,1881498502,B. Batty,L,SI,L,1.04885214176,2.71203353341,0.589970438025,-9.07860296873,5.80988462718,SL,S,3.59497400264,4.67947245005,84.9132635589,1790.08709698,93.94724861,-0.15
1711,2020,5075,ULL,D1 Sun Belt Conference,730255872,NWST,160856064,2020-02-26 13:00:00,5,0,1,1,1881498502,B. Batty,L,CU,L,1.56537802467,1.99484860649,-5.2284405449,19.1164032892,5.18974144817,B,S,3.53086589005,4.88218772521,71.2115991245,2298.57736555,285.145722937,0.13
1712,2020,5075,ULL,D1 Sun Belt Conference,730255872,NWST,160856064,2020-02-26 13:00:00,5,1,1,1,1881498502,B. Batty,L,SI,L,0.259549701264,2.44901614023,5.20423155731,-13.8989789341,5.54701848899,IP,S,3.50596296097,4.69854938676,85.9452809911,1681.18976545,110.658125304,1.0
1713,2020,5075,ULL,D1 Sun Belt Conference,730255872,NWST,160856064,2020-02-26 13:00:00,5,0,0,1,1881498502,B. Batty,L,FS,R,0.596412742315,1.15968826575,-0.542914670388,-20.0751712738,6.18701197408,F,S,3.12621465716,4.69605585811,81.7094914282,1347.92270503,88.5627840357,-0.15
1714,2020,5075,ULL,D1 Sun Belt Conference,730255872,NWST,160856064,2020-02-26 13:00:00,5,0,1,1,1881498502,B. Batty,L,SI,R,1.70933409137,1.37382145186,-3.34778200088,-19.8062136443,5.62218913121,SS,S,3.52483918099,4.61445517674,85.1566592988,1724.18751161,80.5100353258,-0.15
1715,2020,5075,ULL,D1 Sun Belt Conference,730255872,NWST,160856064,2020-02-26 13:00:00,5,0,2,1,1881498502,B. Batty,L,FS,R,2.56595502401,1.73879552847,0.279795535688,-16.7980655226,6.47996001292,B,S,3.41960248653,4.77733227218,80.9634008741,1162.1651043,91.0880975009,0.13
1716,2020,5075,ULL,D1 Sun Belt Conference,730255872,NWST,160856064,2020-02-26 13:00:00,5,1,2,1,1881498502,B. Batty,L,FS,R,1.83274125557,2.28516088034,1.88018404468,-19.244489928,6.43659678927,IP,S,3.32129520743,4.68269318406,80.6895645491,1241.57229643,95.6971683559,1.0
1717,2020,5075,ULL,D1 Sun Belt Conference,730255872,NWST,160856064,2020-02-26 13:00:00,5,0,0,1,1881498502,B. Batty,L,SI,L,0.891466111977,2.12402325464,1.16049115982,-14.0602952691,5.72342046129,IP,FC,3.18484352,4.66314882475,85.3407165834,1791.08899651,94.8652739281,-0.21
1718,2020,5075,ULL,D1 Sun Belt Conference,730255872,NWST,160856064,2020-02-26 13:00:00,5,0,0,2,1881498502,B. Batty,L,FS,R,1.66468182855,1.76345676753,-2.97764135634,-16.1891498857,6.4140884875,SS,S,3.22990643884,4.65981733849,80.246969723,1135.3738735,79.7150556289,-0.15
1719,2020,5075,ULL,D1 Sun Belt Conference,730255872,NWST,160856064,2020-02-26 13:00:00,5,0,1,2,1881498502,B. Batty,L,CU,R,-0.883906605275,1.16501500614,-4.74754536998,17.7535614358,5.33598276756,B,S,3.19998439109,4.90886021388,71.5369743842,2467.79506127,284.81078845,0.13
1720,2020,5075,ULL,D1 Sun Belt Conference,730255872,NWST,160856064,2020-02-26 13:00:00,5,1,1,2,1881498502,B. Batty,L,SI,R,0.312573707512,2.19225133251,-3.19733309682,-18.9182188895,5.64660869931,IP,S,3.3152384952,4.47967205639,84.8170893012,1774.20778231,80.5163160838,1.0
1721,2020,5075,ULL,D1 Sun Belt Conference,730255872,NWST,160856064,2020-02-26 13:00:00,5,0,0,2,1881498502,B. Batty,L,SI,R,-0.846407184347,1.88690669767,3.85165945653,-22.8389455586,5.66268133604,B,K,3.06155870911,4.65794062512,85.9846821678,1922.40520838,99.6610150097,0.13
1722,2020,5075,ULL,D1 Sun Belt Conference,730255872,NWST,160856064,2020-02-26 13:00:00,5,1,0,2,1881498502,B. Batty,L,FS,R,-0.778761921273,1.29974103807,2.26104511486,-16.3957420254,6.37044680014,SS,K,3.24170264678,4.43211077605,80.1744098739,1261.29816726,97.9903000875,-0.15
1723,2020,5075,ULL,D1 Sun Belt Conference,730255872,NWST,160856064,2020-02-26 13:00:00,5,1,1,2,1881498502,B. Batty,L,FS,R,0.515762220355,1.63973325076,-8.00950555375,-17.8619379465,6.42540065318,F,K,3.17953977758,4.58073819936,81.0942018691,1226.42879428,65.9541142956,-0.15
1724,2020,5075,ULL,D1 Sun Belt Conference,730255872,NWST,160856064,2020-02-26 13:00:00,5,1,2,2,1881498502,B. Batty,L,SI,R,-0.965300526591,2.12005793832,8.08027837431,-16.0030375375,5.68391309512,F,K,3.28820858784,4.5653734805,84.9792516116,1756.10590932,116.897227947,0.0
1725,2020,5075,ULL,D1 Sun Belt Conference,730255872,NWST,160856064,2020-02-26 13:00:00,5,1,2,2,1881498502,B. Batty,L,FS,R,1.16353448877,0.577572688586,-1.55906572574,-16.7294400718,6.26347669437,SS,K,3.25924526845,4.57459939783,80.9387309577,1293.70321363,84.8119627838,-0.15
1726,2020,5075,ULL,D1 Sun Belt Conference,730255872,NWST,160856064,2020-02-26 13:00:00,6,0,0,0,1067290496,J. Wilson,R,FA,R,1.20235389931,3.09222366869,17.3225455972,3.28473123147,6.23453811516,SL,K,-2.88542078133,6.34140507927,87.2968326982,1951.09940967,190.716328546,-0.15
1727,2020,5075,ULL,D1 Sun Belt Conference,730255872,NWST,160856064,2020-02-26 13:00:00,6,0,1,0,1067290496,J. Wilson,R,CU,R,0.94837280082,2.32436348582,-1.05305407026,-19.5879975286,5.51859069271,SL,K,-2.62310879413,6.40020749911,77.6490499252,1837.34347927,87.0528647996,-0.15
1728,2020,5075,ULL,D1 Sun Belt Conference,730255872,NWST,160856064,2020-02-26 13:00:00,6,0,2,0,1067290496,J. Wilson,R,CU,R,2.35706597432,-0.653325222076,-0.877051372481,-23.7248057087,5.36220907099,B,K,-2.48529066533,6.40912604859,78.5621062527,1968.17247123,87.9892338251,0.13
1729,2020,5075,ULL,D1 Sun Belt Conference,730255872,NWST,160856064,2020-02-26 13:00:00,6,1,2,0,1067290496,J. Wilson,R,FA,R,-0.0361970020741,2.90449928363,19.9284430903,8.63225718896,6.44775425241,SS,K,-2.51900239185,6.56012130276,87.4721970001,1886.00999783,203.385117173,-0.15
1730,2020,5075,ULL,D1 Sun Belt Conference,730255872,NWST,160856064,2020-02-26 13:00:00,6,0,0,1,1067290496,J. Wilson,R,FA,R,2.05206472535,2.00633553455,13.9220113835,5.90404173563,6.51919580787,B,S,-2.58556160142,6.18610029686,89.0304573239,1875.93794692,202.932814211,0.13
1731,2020,5075,ULL,D1 Sun Belt Conference,730255872,NWST,160856064,2020-02-26 13:00:00,6,1,0,1,1067290496,J. Wilson,R,FA,R,1.55350349517,2.20142802783,12.3542635306,10.8823407015,6.64106461313,B,S,-2.72326585465,6.10418766527,88.2236867702,1902.04710089,221.299997978,0.13
1732,2020,5075,ULL,D1 Sun Belt Conference,730255872,NWST,160856064,2020-02-26 13:00:00,6,2,0,1,1067290496,J. Wilson,R,FA,R,0.0695340159895,2.42253746134,8.82013835468,12.1265708547,6.5679512512,IP,S,-2.76044501917,5.97186943548,88.7056992611,1945.22500934,233.869455872,1.0
1733,2020,5075,ULL,D1 Sun Belt Conference,730255872,NWST,160856064,2020-02-26 13:00:00,6,0,0,1,1067290496,J. Wilson,R,CU,R,0.315298951055,2.60913701817,-0.510941696316,-19.1504829787,5.47772107331,SL,K,-2.85219257468,6.48287602168,76.2168341594,1817.88041532,88.6094323632,-0.15
1734,2020,5075,ULL,D1 Sun Belt Conference,730255872,NWST,160856064,2020-02-26 13:00:00,6,0,1,1,1067290496,J. Wilson,R,FA,R,1.40541650825,1.57379025462,15.2681246312,7.64414183967,6.59859745088,B,K,-2.6191247947,6.34150881421,87.833692943,1947.13378637,206.545410759,0.13
1735,2020,5075,ULL,D1 Sun Belt Conference,730255872,NWST,160856064,2020-02-26 13:00:00,6,1,1,1,1067290496,J. Wilson,R,CU,R,-0.832163841449,3.36915938929,-0.457689028413,-14.6492660528,5.23818568236,B,K,-2.85506185309,6.40170351328,77.5222356304,1954.46957521,88.3852503115,0.13
1736,2020,5075,ULL,D1 Sun Belt Conference,730255872,NWST,160856064,2020-02-26 13:00:00,6,2,1,1,1067290496,J. Wilson,R,FA,R,1.96907255099,1.88090726983,17.9709239787,7.21547221402,6.60835637073,B,K,-2.56582799949,6.36531074115,87.8939408505,1924.87584271,201.839153898,0.13
1737,2020,5075,ULL,D1 Sun Belt Conference,730255872,NWST,160856064,2020-02-26 13:00:00,6,3,1,1,1067290496,J. Wilson,R,CU,R,0.646205104478,1.37805184125,-3.84482157423,-14.9703222928,5.26771085172,SL,K,-2.91372738375,6.45061227136,78.3100861074,1839.8006444,75.7538303115,-0.15
1738,2020,5075,ULL,D1 Sun Belt Conference,730255872,NWST,160856064,2020-02-26 13:00:00,6,3,2,1,1067290496,J. Wilson,R,CU,R,1.6076970624,0.911206519996,-0.718873102411,-14.2668699752,5.61620276407,SS,K,-2.82863480902,6.62875805343,80.273738164,1897.92037501,87.2823617019,-0.15
1739,2020,5075,ULL,D1 Sun Belt Conference,730255872,NWST,160856064,2020-02-26 13:00:00,6,0,0,2,1067290496,J. Wilson,R,FA,R,0.549759048816,2.6521457274,14.788400924,9.35386979587,6.43812223165,SL,BB,-2.50443235422,6.55061000277,89.1246394418,1955.02767483,212.257203376,-0.15
1740,2020,5075,ULL,D1 Sun Belt Conference,730255872,NWST,160856064,2020-02-26 13:00:00,6,0,1,2,1067290496,J. Wilson,R,CU,R,1.55507117643,-0.137965706231,-11.1139692119,-16.887580508,5.23468551585,B,BB,-2.67073267586,6.37419389313,78.992039509,1876.71098851,56.7544995518,0.13
1741,2020,5075,ULL,D1 Sun Belt Conference,730255872,NWST,160856064,2020-02-26 13:00:00,6,1,1,2,1067290496,J. Wilson,R,FA,R,1.32883454126,2.83832738714,17.0770019541,7.69337690032,6.54119111553,F,BB,-2.50129249075,6.48599545944,89.4446783791,1961.20876257,204.211773495,-0.15
1742,2020,5075,ULL,D1 Sun Belt Conference,730255872,NWST,160856064,2020-02-26 13:00:00,6,1,2,2,1067290496,J. Wilson,R,CU,R,1.40194557158,0.389090922003,-7.21607118076,-14.3883335894,5.36227167543,B,BB,-2.90928787253,6.35881262338,78.3924926641,1873.2230707,63.5068480931,0.13
1743,2020,5075,ULL,D1 Sun Belt Conference,730255872,NWST,160856064,2020-02-26 13:00:00,6,2,2,2,1067290496,J. Wilson,R,CU,R,0.45927632433,0.710429774987,0.161331679897,-12.5350186601,5.38207543811,F,BB,-2.83027233317,6.64941198234,78.0236811789,1818.97557944,90.9459578843,0.0
1744,2020,5075,ULL,D1 Sun Belt Conference,730255872,NWST,160856064,2020-02-26 13:00:00,6,2,2,2,1067290496,J. Wilson,R,CU,R,0.570950720435,0.381617187944,-2.56406854437,-14.0509968396,5.10813280269,B,BB,-2.74242097532,6.65654626732,79.1778319872,1864.59195693,79.8316436886,0.13
1745,2020,5075,ULL,D1 Sun Belt Conference,730255872,NWST,160856064,2020-02-26 13:00:00,6,3,2,2,1067290496,J. Wilson,R,CU,R,1.42878530756,-0.0495120477134,-9.18775577788,-16.2164697117,5.40060521083,B,BB,-2.79286711423,6.37107091093,79.4993662707,1971.09642173,60.5796802071,0.8
1746,2020,5075,ULL,D1 Sun Belt Conference,730255872,NWST,160856064,2020-02-26 13:00:00,6,0,0,2,1067290496,J. Wilson,R,CU,L,-0.911152221975,2.57373262338,-2.37707952377,-10.903675107,5.33766552017,SL,IP_OUT,-2.96097738481,6.26988177899,76.6913501845,1764.27095467,77.9308150781,-0.15
1747,2020,5075,ULL,D1 Sun Belt Conference,730255872,NWST,160856064,2020-02-26 13:00:00,6,0,1,2,1067290496,J. Wilson,R,CU,L,-0.675940779401,2.89113287598,-3.3269831486,-17.0586721644,5.07082741749,SL,IP_OUT,-2.84847980479,6.38676202903,77.0102312015,1794.70590353,79.1113929818,-0.15
1748,2020,5075,ULL,D1 Sun Belt Conference,730255872,NWST,160856064,2020-02-26 13:00:00,6,0,2,2,1067290496,J. Wilson,R,CU,L,1.87162443197,0.403792536738,-7.90119329613,-14.188611952,5.60893358864,B,IP_OUT,-2.97875039462,6.34659865052,79.5348823403,1988.0156784,61.0195536388,0.13
1749,2020,5075,ULL,D1 Sun Belt Conference,730255872,NWST,160856064,2020-02-26 13:00:00,7,0,0,1,1067290496,J. Wilson,R,CH,L,-1.08360978793,2.29145113099,10.4223309819,14.1608255372,6.34754832241,SL,D,-3.0093435807,6.08966876916,84.1538559213,1751.45447914,233.551045346,-0.15
1750,2020,5075,ULL,D1 Sun Belt Conference,730255872,NWST,160856064,2020-02-26 13:00:00,7,0,1,1,1067290496,J. Wilson,R,CH,L,0.0497963330894,1.85460070094,14.9936971166,10.8488366978,5.99646623914,IP,D,-3.06509731996,6.1238080736,78.8387539112,1438.10099154,215.811405271,1.26
1751,2020,5075,ULL,D1 Sun Belt Conference,730255872,NWST,160856064,2020-02-26 13:00:00,7,0,0,2,1067290496,J. Wilson,R,FA,R,1.29728660282,2.52590891255,13.9792731474,9.96733410304,6.53763777994,SL,K,-2.56868510898,6.47365433697,86.4269913924,1910.1712104,215.422381609,-0.15
1752,2020,5075,ULL,D1 Sun Belt Conference,730255872,NWST,160856064,2020-02-26 13:00:00,7,0,1,2,1067290496,J. Wilson,R,CU,R,0.924702192953,0.279732905854,-7.78708333437,-16.6169296585,5.50012982267,B,K,-2.95327761228,6.31911844985,77.0184848724,1832.73264013,65.019644358,0.13
1753,2020,5075,ULL,D1 Sun Belt Conference,730255872,NWST,160856064,2020-02-26 13:00:00,7,1,1,2,1067290496,J. Wilson,R,FA,R,0.456916377764,0.985450067054,9.605496825,16.4373865554,6.56452640882,B,K,-2.69223737728,6.11901325436,87.1169305816,1871.21395989,239.6104596,0.13
1754,2020,5075,ULL,D1 Sun Belt Conference,730255872,NWST,160856064,2020-02-26 13:00:00,7,2,1,2,1067290496,J. Wilson,R,FA,R,-0.443705283082,1.98396608347,11.2305046375,10.5293863945,6.69402184383,F,K,-2.65060394553,6.08792908113,86.5609156407,1897.5126409,223.067549345,-0.15
1755,2020,5075,ULL,D1 Sun Belt Conference,730255872,NWST,160856064,2020-02-26 13:00:00,7,2,2,2,1067290496,J. Wilson,R,CU,R,1.77325949437,1.37959019498,0.0355644963996,-19.4621348483,5.36263043266,B,K,-2.55356167385,6.41308440398,77.9770665599,1953.92451638,90.2373600298,0.13
1756,2020,5075,ULL,D1 Sun Belt Conference,730255872,NWST,160856064,2020-02-26 13:00:00,7,3,2,2,1067290496,J. Wilson,R,FA,R,1.5349760887,2.8630046822,11.5091225614,11.4918926635,6.62065661387,SL,K,-2.68230117999,5.98645395281,87.3030494432,1824.82368795,224.872470317,-0.15
1757,2020,5075,ULL,D1 Sun Belt Conference,730255872,NWST,160856064,2020-02-26 13:00:00,8,0,0,0,1285843068,D. Dixon,R,FC,R,1.72940459669,3.68658913225,8.47179591711,0.374535164223,6.68271167288,B,D,-1.48576175404,6.07990170723,87.5911810768,1810.4878162,182.521517931,0.13
1758,2020,5075,ULL,D1 Sun Belt Conference,730255872,NWST,160856064,2020-02-26 13:00:00,8,1,0,0,1285843068,D. Dixon,R,FC,R,-0.217654889967,3.15810030209,13.7674490332,2.51409262738,6.73317226729,IP,D,-1.62866949513,5.97506306108,85.8111099215,1853.07278678,190.323420021,1.26
1759,2020,5075,ULL,D1 Sun Belt Conference,730255872,NWST,160856064,2020-02-26 13:00:00,8,0,0,0,1285843068,D. Dixon,R,CU,R,1.12470970308,3.53283395068,1.18463836357,-11.7002281546,6.12922650851,B,IP_OUT,-2.87082267845,6.26604684823,77.0193930965,2159.3729136,95.993818616,0.13
1760,2020,5075,ULL,D1 Sun Belt Conference,730255872,NWST,160856064,2020-02-26 13:00:00,8,1,0,0,1285843068,D. Dixon,R,FC,R,0.3018268059,1.96083503683,12.7225519048,2.62454128816,6.76985792208,F,IP_OUT,-2.84345537244,6.08074531259,87.1781783574,1874.28042422,191.62615993,-0.15
1761,2020,5075,ULL,D1 Sun Belt Conference,730255872,NWST,160856064,2020-02-26 13:00:00,8,1,1,0,1285843068,D. Dixon,R,CU,R,-0.53588282864,4.39150472261,1.61964170698,-5.43732398202,6.03021794539,B,IP_OUT,-2.88932917871,6.33849615826,75.8025436851,2092.80597775,107.032502136,0.13
1762,2020,5075,ULL,D1 Sun Belt Conference,730255872,NWST,160856064,2020-02-26 13:00:00,8,0,0,1,1285843068,D. Dixon,R,CU,R,0.343942267674,2.61393575202,4.04888493375,-6.65024570641,6.05572112756,SL,IP_OUT,-2.74991402988,6.21159808071,77.7226490188,2177.75184746,121.605612346,-0.15
1763,2020,5075,ULL,D1 Sun Belt Conference,730255872,NWST,160856064,2020-02-26 13:00:00,8,0,1,1,1285843068,D. Dixon,R,CU,R,-0.778521168666,3.395555918,-6.74512667938,-13.1321616099,6.06741135065,B,IP_OUT,-2.7577250195,6.21583062118,76.3547821145,2295.6740411,62.9698751853,0.13
1764,2020,5075,ULL,D1 Sun Belt Conference,730255872,NWST,160856064,2020-02-26 13:00:00,8,1,1,1,1285843068,D. Dixon,R,CU,R,0.0412533790889,1.73429282384,-5.79411966705,-8.41184753924,5.98730644032,F,IP_OUT,-2.67666470395,6.13695586747,76.85767415,2264.98871596,55.6488583591,-0.15
1765,2020,5075,ULL,D1 Sun Belt Conference,730255872,NWST,160856064,2020-02-26 13:00:00,8,1,2,1,1285843068,D. Dixon,R,FC,R,-0.375735993177,3.25107011384,9.56051600732,-0.313803470853,6.73996142812,F,IP_OUT,-2.12798742623,6.29764774131,89.7474542632,1935.60523493,178.126219147,0.0
1766,2020,5075,ULL,D1 Sun Belt Conference,730255872,NWST,160856064,2020-02-26 13:00:00,8,1,2,1,1285843068,D. Dixon,R,CU,R,0.704258904163,1.39419782075,-3.37836537498,-12.1746620121,6.08477310803,F,IP_OUT,-2.26662516354,6.390868793,78.0437276123,2295.02739922,74.679378942,0.0
1767,2020,5075,ULL,D1 Sun Belt Conference,730255872,NWST,160856064,2020-02-26 13:00:00,8,1,2,1,1285843068,D. Dixon,R,CU,R,-0.628797243457,4.67963059255,-2.16156689457,-12.2203842694,5.76751761957,B,IP_OUT,-2.50525666477,6.36533397992,76.178563545,2327.31313495,80.178197281,0.13
1768,2020,5075,ULL,D1 Sun Belt Conference,730255872,NWST,160856064,2020-02-26 13:00:00,8,0,0,2,1285843068,D. Dixon,R,FC,R,1.20620752111,3.51667831783,12.2600035906,-0.868565400538,6.65588395247,B,S,-2.75495171397,6.1648323377,88.2571253438,2089.44006305,175.958499644,0.13
1769,2020,5075,ULL,D1 Sun Belt Conference,730255872,NWST,160856064,2020-02-26 13:00:00,8,1,0,2,1285843068,D. Dixon,R,FC,R,2.02795144033,2.20307853246,11.7470768251,1.22582773047,6.79960404438,B,S,-2.67491350668,6.06100955614,88.5275031103,1967.01675952,185.940862468,0.13
1770,2020,5075,ULL,D1 Sun Belt Conference,730255872,NWST,160856064,2020-02-26 13:00:00,8,2,0,2,1285843068,D. Dixon,R,FC,R,1.12125833224,1.78183087721,13.7074286475,-1.67892025987,6.87695123497,IP,S,-2.38768678215,6.24248349195,87.5077425783,1965.69607119,173.033838664,1.0
1771,2020,5075,ULL,D1 Sun Belt Conference,730255872,NWST,160856064,2020-02-26 13:00:00,8,0,0,2,1285843068,D. Dixon,R,FC,R,2.26752367996,4.16242069545,12.1240777061,-2.35864443057,6.63812588675,B,NO_PLAY,-2.25037892203,6.42025889987,87.146371988,1956.25242816,169.021111861,0.13
1772,2020,5075,ULL,D1 Sun Belt Conference,730255872,NWST,160856064,2020-02-26 13:00:00,8,1,0,2,1285843068,D. Dixon,R,CU,R,1.20537543916,2.21242424614,0.0105983425418,-7.65960572752,6.03926514553,SL,NO_PLAY,-2.6886068732,6.29106311974,77.756049016,2328.9002314,90.4056159122,-0.15
1773,2020,5075,ULL,D1 Sun Belt Conference,730255872,NWST,160856064,2020-02-26 13:00:00,8,1,1,2,1285843068,D. Dixon,R,FC,R,0.722588121274,2.51247964589,12.9127208235,-2.42418697911,6.78626395663,F,NO_PLAY,-2.78340796334,6.14545526958,88.1369778913,2024.88290193,169.393697238,-0.15
1774,2020,5075,ULL,D1 Sun Belt Conference,730255872,NWST,160856064,2020-02-26 13:00:00,9,0,0,0,1709648899,L. Cronan,R,FA,R,-0.398307793282,4.38088277954,15.8792416443,11.3092170546,6.30940974492,B,S,-1.80613698584,5.98573584301,88.9773691224,1970.97596515,215.402226571,0.13
1775,2020,5075,ULL,D1 Sun Belt Conference,730255872,NWST,160856064,2020-02-26 13:00:00,9,1,0,0,1709648899,L. Cronan,R,FA,R,0.0352442959996,2.99436133426,19.5669603083,12.904454631,6.31277299316,F,S,-1.83922256374,5.88331210662,88.9417989288,2246.56567199,213.360324611,-0.15
1776,2020,5075,ULL,D1 Sun Belt Conference,730255872,NWST,160856064,2020-02-26 13:00:00,9,1,1,0,1709648899,L. Cronan,R,SL,R,1.02068521465,2.40859198798,6.26577947273,-7.51024066841,5.31320883052,IP,S,-1.98626341446,5.97835961516,81.0398820539,2546.46196577,130.024081666,1.0
1777,2020,5075,ULL,D1 Sun Belt Conference,730255872,NWST,160856064,2020-02-26 13:00:00,9,0,0,1,1709648899,L. Cronan,R,SL,L,1.53694816001,2.27385695409,6.76040680077,-12.7371287115,5.61853215355,B,D,-2.05430122406,5.98223741913,81.1002301157,2546.73582481,118.100658501,0.13
1778,2020,5075,ULL,D1 Sun Belt Conference,730255872,NWST,160856064,2020-02-26 13:00:00,9,1,0,1,1709648899,L. Cronan,R,FA,L,-0.663377026291,1.65796559225,11.0698065001,15.6528942033,6.19637171157,IP,D,-2.03749330911,5.9347389298,89.9892459346,2374.88281892,234.653082879,1.26
1779,2020,5075,ULL,D1 Sun Belt Conference,730255872,NWST,160856064,2020-02-26 13:00:00,9,0,1,1,1709648899,L. Cronan,R,CU,R,2.10253583122,0.773463156846,-1.52957515504,-17.2103109387,5.66065037663,B,IP_OUT,-2.05148081739,5.84098017246,75.5645680103,2723.63913875,85.0757736947,0.13
1780,2020,5075,ULL,D1 Sun Belt Conference,730255872,NWST,160856064,2020-02-26 13:00:00,9,1,1,1,1709648899,L. Cronan,R,FA,R,0.499477952548,1.83617645118,8.61929974378,14.4037961618,6.32845927631,F,IP_OUT,-2.03879276389,5.92269916324,89.1361855122,2361.62293102,239.007879719,-0.15
1781,2020,5075,ULL,D1 Sun Belt Conference,730255872,NWST,160856064,2020-02-26 13:00:00,9,0,0,2,1709648899,L. Cronan,R,FA,L,-0.724038282026,3.02874298108,8.27899471271,16.722072636,6.41793849774,F,IP_OUT,-2.06880667847,6.0036743043,89.7962019426,2247.88962343,243.571212962,-0.15
1782,2020,5075,ULL,D1 Sun Belt Conference,730255872,NWST,160856064,2020-02-26 13:00:00,9,0,1,2,1709648899,L. Cronan,R,FA,L,-1.0353954821,2.96423203305,7.35282194202,14.5136005027,6.17954558942,SS,IP_OUT,-2.40923366869,5.5388397284,88.8558109229,2344.12348664,243.029402776,-0.15
1783,2020,5075,ULL,D1 Sun Belt Conference,5363,SHSU,354805656,2020-03-01 13:00:00,1,0,0,0,1331150536,W. Moriarty,R,FA,R,0.492749119058,2.53471725908,18.3448999937,9.53520696306,5.3414878085,IP,D,-1.5285638833,5.97085765561,90.9952188605,1888.87288658,207.421460909,1.26
1784,2020,5075,ULL,D1 Sun Belt Conference,5363,SHSU,354805656,2020-03-01 13:00:00,1,0,0,0,1331150536,W. Moriarty,R,FA,L,-1.75885086022,2.97356617882,15.9012868947,11.648418614,5.34843982667,B,S,-1.31341387171,5.91841803034,89.7356882085,1978.99717325,216.166748026,0.13
1785,2020,5075,ULL,D1 Sun Belt Conference,5363,SHSU,354805656,2020-03-01 13:00:00,1,1,0,0,1331150536,W. Moriarty,R,FA,L,-0.682378110989,1.17178969882,16.0610232299,9.04502926686,5.29957772417,B,S,-1.41913294336,5.91155399426,90.7710330338,1999.94618639,209.336816638,0.13
1786,2020,5075,ULL,D1 Sun Belt Conference,5363,SHSU,354805656,2020-03-01 13:00:00,1,2,0,0,1331150536,W. Moriarty,R,FA,L,-1.13556310265,2.33225525683,13.1047607031,10.2624138775,5.31918146932,SL,S,-1.23300088441,5.87906547869,90.1067010172,1941.10118087,217.994501799,-0.15
1787,2020,5075,ULL,D1 Sun Belt Conference,5363,SHSU,354805656,2020-03-01 13:00:00,1,2,1,0,1331150536,W. Moriarty,R,FA,L,-0.00469908194572,1.45615133032,15.9788623665,9.35091545922,5.34082661171,F,S,-1.18671847855,5.95861392525,90.2574397219,2033.3196899,210.284010105,-0.15
1788,2020,5075,ULL,D1 Sun Belt Conference,5363,SHSU,354805656,2020-03-01 13:00:00,1,2,2,0,1331150536,W. Moriarty,R,FA,L,-2.37989789233,2.33159258718,14.3758506468,16.7283785294,5.33327037633,B,S,-1.37478285243,5.93900041043,91.5397455321,2176.46909147,229.260444635,0.13
1789,2020,5075,ULL,D1 Sun Belt Conference,5363,SHSU,354805656,2020-03-01 13:00:00,1,3,2,0,1331150536,W. Moriarty,R,CH,L,0.0991420779704,0.991673192399,6.06596799579,14.4166093096,5.86282547504,IP,S,-1.24555171539,6.11668079646,82.9541027651,1922.38694324,247.051375057,1.0
1790,2020,5075,ULL,D1 Sun Belt Conference,5363,SHSU,354805656,2020-03-01 13:00:00,1,0,0,0,1331150536,W. Moriarty,R,FA,L,-0.117414355573,2.65113371702,17.2923339729,13.7761476805,5.27328263025,F,K,-1.47375430351,5.96430564502,89.6033384416,1919.84237427,218.488923842,-0.15
1791,2020,5075,ULL,D1 Sun Belt Conference,5363,SHSU,354805656,2020-03-01 13:00:00,1,0,1,0,1331150536,W. Moriarty,R,CU,L,-0.15812011586,1.29789326507,-3.94170073426,-13.5563029661,4.92013731937,B,K,-1.55869589985,6.23849994444,77.9500180498,2671.6429901,73.9642034622,0.13
1792,2020,5075,ULL,D1 Sun Belt Conference,5363,SHSU,354805656,2020-03-01 13:00:00,1,1,1,0,1331150536,W. Moriarty,R,FA,L,-0.87022474481,3.20480100226,18.72789539,15.4901175051,5.21963212297,F,K,-1.37459455903,6.05943195473,90.0586658518,2087.32497666,219.5438944,-0.15
1793,2020,5075,ULL,D1 Sun Belt Conference,5363,SHSU,354805656,2020-03-01 13:00:00,1,1,2,0,1331150536,W. Moriarty,R,CU,L,1.10171895188,1.08558012319,-8.0765120448,-19.1949048786,4.96665865482,SS,K,-1.18367212552,6.29421524598,78.4890581982,2917.54913299,67.2935083967,-0.15
1794,2020,5075,ULL,D1 Sun Belt Conference,5363,SHSU,354805656,2020-03-01 13:00:00,1,0,0,1,1331150536,W. Moriarty,R,CU,L,-1.00903302608,4.05896189438,-3.72890166201,-13.6144071969,4.79406937725,B,K,-1.43916983307,6.25528188924,76.4197175902,2696.78069138,74.8667926519,0.13
1795,2020,5075,ULL,D1 Sun Belt Conference,5363,SHSU,354805656,2020-03-01 13:00:00,1,1,0,1,1331150536,W. Moriarty,R,FA,L,-0.318408948537,2.15053261313,15.1433853752,12.6352078274,5.45146018432,SS,K,-1.22924559078,5.92489248996,90.2377739058,2055.1950113,219.779224962,-0.15
1796,2020,5075,ULL,D1 Sun Belt Conference,5363,SHSU,354805656,2020-03-01 13:00:00,1,1,1,1,1331150536,W. Moriarty,R,FA,L,-1.60347345586,2.65493110615,16.5340307602,12.8046094079,5.32199644234,B,K,-1.55557139675,5.87836268847,90.0927053632,2021.9340245,217.699776338,0.13
1797,2020,5075,ULL,D1 Sun Belt Conference,5363,SHSU,354805656,2020-03-01 13:00:00,1,2,1,1,1331150536,W. Moriarty,R,CH,L,-0.883028087578,1.9968661701,10.2984117056,12.995237426,5.55041035711,F,K,-1.17853517564,6.14658953607,82.3117882892,1926.53850357,231.496999091,-0.15
1798,2020,5075,ULL,D1 Sun Belt Conference,5363,SHSU,354805656,2020-03-01 13:00:00,1,2,2,1,1331150536,W. Moriarty,R,CU,L,0.808894656809,0.957753040032,-11.856789925,-16.9860159387,4.70885148877,SS,K,-1.37757528723,6.1447796942,79.319035122,2812.19836686,55.1841733583,-0.15
1799,2020,5075,ULL,D1 Sun Belt Conference,5363,SHSU,354805656,2020-03-01 13:00:00,1,0,0,2,1331150536,W. Moriarty,R,CU,R,-0.483719953625,2.07180887428,-5.21021618458,-9.76287190306,5.02177376422,IP,S,-1.23657094751,6.26204916504,77.2749241287,2787.3997212,62.1200972064,1.0
1800,2020,5075,ULL,D1 Sun Belt Conference,5363,SHSU,354805656,2020-03-01 13:00:00,1,0,0,2,1331150536,W. Moriarty,R,FA,L,-1.00650714908,3.03348788589,17.3419738772,17.397284075,5.34310703175,B,K,-1.38616072337,5.95762728895,91.2444796847,2262.50386985,225.036622575,0.13
1801,2020,5075,ULL,D1 Sun Belt Conference,5363,SHSU,354805656,2020-03-01 13:00:00,1,1,0,2,1331150536,W. Moriarty,R,FA,L,-0.122059417695,1.62851735256,14.9234977235,12.0421528558,5.47437848926,F,K,-1.30911701014,5.94129844568,90.0752502885,1982.79427266,218.838038943,-0.15
1802,2020,5075,ULL,D1 Sun Belt Conference,5363,SHSU,354805656,2020-03-01 13:00:00,1,1,1,2,1331150536,W. Moriarty,R,FA,L,0.125740995529,1.48540940332,17.4476834809,16.9350369181,5.55129644488,SL,K,-1.35895768189,5.82068667278,89.9852228897,2119.54205021,224.09072153,-0.15
1803,2020,5075,ULL,D1 Sun Belt Conference,5363,SHSU,354805656,2020-03-01 13:00:00,1,1,2,2,1331150536,W. Moriarty,R,CU,L,0.535701562997,0.882728889342,-7.3438142099,-12.5931319445,4.54531744012,B,K,-1.32819685904,6.22542670914,79.9768886764,2920.55681109,59.899818216,0.13
1804,2020,5075,ULL,D1 Sun Belt Conference,5363,SHSU,354805656,2020-03-01 13:00:00,1,2,2,2,1331150536,W. Moriarty,R,FA,L,-0.0141272620139,3.37471931125,17.2752863072,10.3028735579,5.50167564585,F,K,-1.50740491729,5.9411782556,91.1904912351,2129.07945408,210.764424114,0.0
1805,2020,5075,ULL,D1 Sun Belt Conference,5363,SHSU,354805656,2020-03-01 13:00:00,1,2,2,2,1331150536,W. Moriarty,R,FA,L,-1.19603055298,2.03892628605,13.2408694607,11.0854744674,5.43970713603,SS,K,-1.43549833125,5.87289134103,90.2241735391,1913.75414669,219.867758631,-0.15
1806,2020,5075,ULL,D1 Sun Belt Conference,5363,SHSU,354805656,2020-03-01 13:00:00,2,0,0,0,1331150536,W. Moriarty,R,FA,L,-0.900498705103,3.10300888814,15.3992285011,13.5915812234,5.30263350787,SL,K,-1.76353730415,6.00367424098,88.8786544861,1834.83378767,221.368826048,-0.15
1807,2020,5075,ULL,D1 Sun Belt Conference,5363,SHSU,354805656,2020-03-01 13:00:00,2,0,1,0,1331150536,W. Moriarty,R,FA,L,0.32883995091,2.13730622846,18.5795527885,11.3064309663,5.50634279005,F,K,-1.58219292587,5.99814742758,89.5353162784,1878.4414963,211.276252669,-0.15
1808,2020,5075,ULL,D1 Sun Belt Conference,5363,SHSU,354805656,2020-03-01 13:00:00,2,0,2,0,1331150536,W. Moriarty,R,CU,L,-0.115560327974,1.61161276796,-10.8437985069,-15.868152153,4.51867922717,SS,K,-1.42142192598,6.22381337346,78.0213068315,2732.92967061,55.7646854953,-0.15
1809,2020,5075,ULL,D1 Sun Belt Conference,5363,SHSU,354805656,2020-03-01 13:00:00,2,0,0,1,1331150536,W. Moriarty,R,FA,L,-0.267632732751,1.65618705045,16.5777349116,18.7983216451,5.49005453719,SL,K,-1.60868415179,6.01907613604,89.7335119981,1981.07948564,228.533939225,-0.15
1810,2020,5075,ULL,D1 Sun Belt Conference,5363,SHSU,354805656,2020-03-01 13:00:00,2,0,1,1,1331150536,W. Moriarty,R,CH,L,-0.896289866245,2.93031413704,6.03438082847,9.9214812,5.82772256505,B,K,-1.49174314864,6.15038749307,82.6080208071,1798.99023476,238.531808666,0.13
1811,2020,5075,ULL,D1 Sun Belt Conference,5363,SHSU,354805656,2020-03-01 13:00:00,2,1,1,1,1331150536,W. Moriarty,R,FA,L,-0.0588005474875,2.8126989943,19.0249590029,10.9035077138,5.3304856746,F,K,-1.44956375325,5.94401856482,90.2032865046,1948.72765599,209.773632881,-0.15
1812,2020,5075,ULL,D1 Sun Belt Conference,5363,SHSU,354805656,2020-03-01 13:00:00,2,1,2,1,1331150536,W. Moriarty,R,CU,L,0.723919972546,1.30365111222,-6.37922055669,-13.978419319,4.7166941147,SS,K,-1.42632751603,6.41767509668,78.6117575292,2901.33020536,65.6212684403,-0.15
1813,2020,5075,ULL,D1 Sun Belt Conference,5363,SHSU,354805656,2020-03-01 13:00:00,2,0,0,2,1331150536,W. Moriarty,R,FA,L,0.456696103752,1.82261231791,16.0520593001,9.0200856646,5.69123896141,SL,K,-1.50918018538,5.94739101586,90.7292682193,2061.83109817,209.283453404,-0.15
1814,2020,5075,ULL,D1 Sun Belt Conference,5363,SHSU,354805656,2020-03-01 13:00:00,2,0,1,2,1331150536,W. Moriarty,R,CU,L,0.291885941309,1.53029458883,-8.90956985961,-11.0818377337,4.78274433949,SS,K,-1.43779756411,6.22649672969,79.8789650895,2887.72020339,51.3358884891,-0.15
1815,2020,5075,ULL,D1 Sun Belt Conference,5363,SHSU,354805656,2020-03-01 13:00:00,2,0,2,2,1331150536,W. Moriarty,R,CU,L,0.711560711529,0.0324574974694,-10.9747773169,-17.6067362853,4.67094255735,B,K,-1.26778503524,6.35426087802,78.4313719806,2892.49985829,58.1698842488,0.13
1816,2020,5075,ULL,D1 Sun Belt Conference,5363,SHSU,354805656,2020-03-01 13:00:00,2,1,2,2,1331150536,W. Moriarty,R,FA,L,-1.246299869,3.68501879637,15.8984649281,12.0171237373,5.32158520495,B,K,-1.54733157956,6.11877343748,91.0727707316,2054.87878616,217.028113485,0.13
1817,2020,5075,ULL,D1 Sun Belt Conference,5363,SHSU,354805656,2020-03-01 13:00:00,2,2,2,2,1331150536,W. Moriarty,R,CU,L,-1.16595383156,1.96785199408,-10.735383152,-12.3530817047,4.8276145082,B,K,-1.48586819434,6.34327768701,79.6814880092,2909.71491269,49.1217078336,0.13
1818,2020,5075,ULL,D1 Sun Belt Conference,5363,SHSU,354805656,2020-03-01 13:00:00,2,3,2,2,1331150536,W. Moriarty,R,CH,L,-0.186829421041,0.995689277479,11.5390278837,15.8276677484,5.92254978216,SS,K,-1.38907039848,6.11287232869,83.9355314616,1835.75577362,233.81758606,-0.15
1819,2020,5075,ULL,D1 Sun Belt Conference,5363,SHSU,354805656,2020-03-01 13:00:00,3,0,0,0,1331150536,W. Moriarty,R,FA,R,1.23841099318,2.66349250241,16.5304214122,13.2077777358,5.37355528216,SL,K,-1.50280777437,6.11665838911,89.9614573144,2001.63874689,218.568955842,-0.15
1820,2020,5075,ULL,D1 Sun Belt Conference,5363,SHSU,354805656,2020-03-01 13:00:00,3,0,1,0,1331150536,W. Moriarty,R,CU,R,2.31108075056,1.08461168112,-4.70579540033,-14.190610244,4.95041474887,B,K,-1.21581058891,6.39595609972,76.7838458882,2664.08124302,71.8229747225,0.13
1821,2020,5075,ULL,D1 Sun Belt Conference,5363,SHSU,354805656,2020-03-01 13:00:00,3,1,1,0,1331150536,W. Moriarty,R,FA,R,-0.773956958707,4.06367991612,15.6746916927,7.63871582202,5.39669638872,B,K,-1.59089797635,5.98069975245,90.375479731,1937.07652686,205.933551289,0.13
1822,2020,5075,ULL,D1 Sun Belt Conference,5363,SHSU,354805656,2020-03-01 13:00:00,3,2,1,0,1331150536,W. Moriarty,R,FC,R,1.79658903707,2.84689682762,18.5210134384,2.34965086904,5.3625456564,B,K,-1.41599808015,5.99380714216,89.392498473,1869.09576749,187.217024056,0.13
1823,2020,5075,ULL,D1 Sun Belt Conference,5363,SHSU,354805656,2020-03-01 13:00:00,3,3,1,0,1331150536,W. Moriarty,R,FC,R,0.530343786606,2.89237211007,14.8716156921,4.78086716351,5.38312366102,SS,K,-1.52948109612,6.04499256117,89.0425389982,1814.16870296,197.783403687,-0.15
1824,2020,5075,ULL,D1 Sun Belt Conference,5363,SHSU,354805656,2020-03-01 13:00:00,3,3,2,0,1331150536,W. Moriarty,R,FC,R,1.03704041137,3.44157936983,16.5885537328,3.7914861741,5.40823392129,SS,K,-1.65481437662,5.99205509215,90.3376269692,1931.42820096,192.849976666,-0.15
1825,2020,5075,ULL,D1 Sun Belt Conference,5363,SHSU,354805656,2020-03-01 13:00:00,3,0,0,1,1331150536,W. Moriarty,R,CU,L,-0.189069878252,1.52093944831,-3.08414187321,-13.6961269094,4.86240245187,SL,S,-1.61879348612,6.26678361839,77.8718374732,2546.3981764,77.4852964064,-0.15
1826,2020,5075,ULL,D1 Sun Belt Conference,5363,SHSU,354805656,2020-03-01 13:00:00,3,0,1,1,1331150536,W. Moriarty,R,FA,L,-0.14221274197,1.63624969055,8.32737451487,13.4606797315,5.68204737177,IP,S,-1.40927611804,5.90912662588,90.7636529551,1955.50133262,238.15780397,1.0
1827,2020,5075,ULL,D1 Sun Belt Conference,5363,SHSU,354805656,2020-03-01 13:00:00,3,0,0,1,1331150536,W. Moriarty,R,CH,L,1.06215690843,-0.0419569586118,0.76095780607,9.08184255002,5.62898373651,B,BB,-1.31393481384,6.1401161023,81.6826424018,1615.9311652,264.961490604,0.13
1828,2020,5075,ULL,D1 Sun Belt Conference,5363,SHSU,354805656,2020-03-01 13:00:00,3,1,0,1,1331150536,W. Moriarty,R,CU,L,-0.669617211003,3.88957529551,-4.76448044913,-16.7049233701,4.83152185551,B,BB,-1.30895767144,6.26164041734,76.5441840139,2711.79620817,74.230286747,0.13
1829,2020,5075,ULL,D1 Sun Belt Conference,5363,SHSU,354805656,2020-03-01 13:00:00,3,2,0,1,1331150536,W. Moriarty,R,CH,L,0.133705306248,2.43532389082,10.4509466892,14.107577529,5.67928133688,F,BB,-1.23930870369,6.26361957392,82.8645390906,1856.11400722,233.367052477,-0.15
1830,2020,5075,ULL,D1 Sun Belt Conference,5363,SHSU,354805656,2020-03-01 13:00:00,3,2,1,1,1331150536,W. Moriarty,R,FA,L,1.32056505639,3.26110938332,16.817426236,7.50130574759,5.43430523289,B,BB,-1.37148712078,6.02877495394,90.9149768371,2106.82675846,203.998466386,0.13
1831,2020,5075,ULL,D1 Sun Belt Conference,5363,SHSU,354805656,2020-03-01 13:00:00,3,3,1,1,1331150536,W. Moriarty,R,CH,L,1.82704657122,1.85424876462,6.98043524131,9.81609750473,5.85229079286,B,BB,-1.25702495587,6.15690642026,82.0627058822,1840.77180261,234.431463694,0.8
1832,2020,5075,ULL,D1 Sun Belt Conference,5363,SHSU,354805656,2020-03-01 13:00:00,3,0,0,1,1331150536,W. Moriarty,R,CH,L,-0.344770553123,2.86789429958,7.55503552306,14.0304960656,5.83568453597,SL,K,-1.31488818082,6.13649227139,81.9880275024,1839.39460147,241.575314646,-0.15
1833,2020,5075,ULL,D1 Sun Belt Conference,5363,SHSU,354805656,2020-03-01 13:00:00,3,0,1,1,1331150536,W. Moriarty,R,FA,L,-1.75218428507,2.32471532866,17.2293884197,18.7334608613,5.41294562046,B,K,-1.69275843916,5.91163172869,89.1499690948,2038.81320305,227.338378491,0.13
1834,2020,5075,ULL,D1 Sun Belt Conference,5363,SHSU,354805656,2020-03-01 13:00:00,3,1,1,1,1331150536,W. Moriarty,R,CH,L,1.04739777563,0.592549477266,7.71904828626,13.4251530079,5.72949512892,B,K,-1.30403949069,6.12266261526,81.5464226552,1974.89721947,239.97495728,0.13
1835,2020,5075,ULL,D1 Sun Belt Conference,5363,SHSU,354805656,2020-03-01 13:00:00,3,2,1,1,1331150536,W. Moriarty,R,FA,L,-0.153979297137,1.68506540454,17.3397228262,10.847454859,5.43421859463,SS,K,-1.25317345455,6.00498213595,89.0885768012,1994.19994504,211.979147139,-0.15
1836,2020,5075,ULL,D1 Sun Belt Conference,5363,SHSU,354805656,2020-03-01 13:00:00,3,2,2,1,1331150536,W. Moriarty,R,CU,L,0.628389646888,0.51730229052,-8.31023024107,-14.545911132,5.06638666903,SS,K,-1.36409092769,6.26313436511,78.3473407823,2783.32056453,60.3920161475,-0.15
1837,2020,5075,ULL,D1 Sun Belt Conference,5363,SHSU,354805656,2020-03-01 13:00:00,3,0,0,2,1331150536,W. Moriarty,R,CU,R,2.07460631084,0.42792759093,-7.30682402558,-20.833315054,5.07725779933,B,S,-1.15869553016,6.14862752906,77.9733202984,2747.00470991,70.7838101156,0.13
1838,2020,5075,ULL,D1 Sun Belt Conference,5363,SHSU,354805656,2020-03-01 13:00:00,3,1,0,2,1331150536,W. Moriarty,R,FA,R,1.33303855666,1.15600080909,20.1027007977,13.4006391705,5.40631127808,B,S,-1.33811162759,5.894982786,89.6685334192,2020.2391178,213.643194763,0.13
1839,2020,5075,ULL,D1 Sun Belt Conference,5363,SHSU,354805656,2020-03-01 13:00:00,3,2,0,2,1331150536,W. Moriarty,R,FA,R,0.761776281734,1.75070150707,14.2479681213,11.9835016998,5.49393860626,IP,S,-1.37985696127,5.97427036726,90.0532413476,1939.80512908,220.000847304,1.0
1840,2020,5075,ULL,D1 Sun Belt Conference,5363,SHSU,354805656,2020-03-01 13:00:00,3,0,0,2,1331150536,W. Moriarty,R,FA,L,-0.190182330185,1.9027504291,16.178742652,15.129462527,5.3485204961,F,K,-1.53086202575,5.91514292787,90.8651522291,2044.45425897,223.022622626,-0.15
1841,2020,5075,ULL,D1 Sun Belt Conference,5363,SHSU,354805656,2020-03-01 13:00:00,3,0,1,2,1331150536,W. Moriarty,R,CU,L,1.42190777085,0.133631466968,-6.09241636297,-12.0322093801,4.9380679722,SS,K,-1.3555190939,6.17232581307,78.8227285963,2816.22098994,63.3133013802,-0.15
1842,2020,5075,ULL,D1 Sun Belt Conference,5363,SHSU,354805656,2020-03-01 13:00:00,3,0,2,2,1331150536,W. Moriarty,R,FA,L,-1.12206986543,4.64458912743,17.1834019727,12.536655203,5.32090611854,B,K,-1.36489555204,6.09601527425,90.4672657691,2052.70879398,216.061143037,0.13
1843,2020,5075,ULL,D1 Sun Belt Conference,5363,SHSU,354805656,2020-03-01 13:00:00,3,1,2,2,1331150536,W. Moriarty,R,CU,L,2.46377186058,0.337481849325,-8.66796081694,-16.466236095,4.9507793149,B,K,-1.38035389705,6.22383023148,82.0574892913,2936.28625012,62.3491196009,0.13
1844,2020,5075,ULL,D1 Sun Belt Conference,5363,SHSU,354805656,2020-03-01 13:00:00,3,2,2,2,1331150536,W. Moriarty,R,CH,L,0.604504136073,0.726127426428,6.13807200791,16.6572623335,5.66258054847,SS,K,-1.38509998031,6.20509566512,84.7035829219,2000.27281647,249.658147166,-0.15
1845,2020,5075,ULL,D1 Sun Belt Conference,5363,SHSU,354805656,2020-03-01 13:00:00,4,0,0,0,1331150536,W. Moriarty,R,FA,L,0.0281207810981,4.07511498924,14.5129654128,12.7944572372,5.44585936117,B,ROE,-1.48198982118,6.08329532696,88.9081565206,2060.56255253,221.332602331,0.13
1846,2020,5075,ULL,D1 Sun Belt Conference,5363,SHSU,354805656,2020-03-01 13:00:00,4,1,0,0,1331150536,W. Moriarty,R,FA,L,0.123830904932,1.22399943554,18.8367129646,15.0344520193,5.30899253162,B,ROE,-1.49552733296,6.12746448197,89.7130701009,2061.53774512,218.544400468,0.13
1847,2020,5075,ULL,D1 Sun Belt Conference,5363,SHSU,354805656,2020-03-01 13:00:00,4,2,0,0,1331150536,W. Moriarty,R,FA,L,-0.786349169161,1.79658273685,15.606849768,16.3118840575,5.28473407768,SL,ROE,-1.53130554161,6.01861974718,89.0328160401,1982.91271552,226.202469841,-0.15
1848,2020,5075,ULL,D1 Sun Belt Conference,5363,SHSU,354805656,2020-03-01 13:00:00,4,2,1,0,1331150536,W. Moriarty,R,FA,L,-0.627058500536,2.81372497648,16.1572882576,14.3077608857,5.4154984347,F,ROE,-1.51931027195,6.05289292103,88.6806196857,2116.38506553,221.465176102,-0.15
1849,2020,5075,ULL,D1 Sun Belt Conference,5363,SHSU,354805656,2020-03-01 13:00:00,4,2,2,0,1331150536,W. Moriarty,R,CU,L,0.829366885059,1.60404321872,-3.62286772306,-15.9116066458,4.83302204695,IP,ROE,-1.42106082438,6.41657481764,79.483505242,2904.06133531,77.3236517744,0.0
1850,2020,5075,ULL,D1 Sun Belt Conference,5363,SHSU,354805656,2020-03-01 13:00:00,4,0,0,0,1331150536,W. Moriarty,R,CU,L,0.720552020141,1.62460500914,-5.56944623657,-22.1171396487,4.91625214701,SL,BB,-1.59280105649,6.1202530425,77.5337378646,2785.52776914,75.9793251025,-0.15
1851,2020,5075,ULL,D1 Sun Belt Conference,5363,SHSU,354805656,2020-03-01 13:00:00,4,0,1,0,1331150536,W. Moriarty,R,FA,L,-1.81693565042,3.04924689852,16.0139111973,15.8612800584,5.37640442683,B,BB,-1.44991947135,5.81356486935,89.9359385855,2130.22353342,224.665574814,0.13
1852,2020,5075,ULL,D1 Sun Belt Conference,5363,SHSU,354805656,2020-03-01 13:00:00,4,1,1,0,1331150536,W. Moriarty,R,CH,L,-1.20103287674,2.60404051647,9.02040965522,19.6774006283,5.63612687204,SS,BB,-1.31449514855,6.14735400427,81.4586859476,1879.61932185,245.274269909,-0.15
1853,2020,5075,ULL,D1 Sun Belt Conference,5363,SHSU,354805656,2020-03-01 13:00:00,4,1,2,0,1331150536,W. Moriarty,R,CU,L,1.8905874376,0.78858227867,-4.4768521561,-15.4811667928,4.70683083217,B,BB,-1.40126233357,6.32226732422,79.9456417778,2786.0238877,74.0193279412,0.13
1854,2020,5075,ULL,D1 Sun Belt Conference,5363,SHSU,354805656,2020-03-01 13:00:00,4,2,2,0,1331150536,W. Moriarty,R,FA,L,-1.4926361974,4.8720787456,13.6059061214,11.3578508373,5.39301057012,B,BB,-1.40026288597,6.04757620045,90.6643174988,2086.55357972,219.787069672,0.13
1855,2020,5075,ULL,D1 Sun Belt Conference,5363,SHSU,354805656,2020-03-01 13:00:00,4,3,2,0,1331150536,W. Moriarty,R,CH,L,0.789927446173,0.260489232072,9.54217074753,12.9539616072,5.75477873003,B,BB,-1.30431289178,6.16673814728,84.1255930692,1921.2794599,233.517848852,0.8
1856,2020,5075,ULL,D1 Sun Belt Conference,5363,SHSU,354805656,2020-03-01 13:00:00,4,0,0,1,1331150536,W. Moriarty,R,FA,L,-1.16410743358,2.69318225922,13.7586767074,17.5798163301,5.18858692593,F,IP_OUT,-1.59279924548,6.0411962395,86.9194302657,2046.10722579,231.87875877,-0.15
1857,2020,5075,ULL,D1 Sun Belt Conference,5363,SHSU,354805656,2020-03-01 13:00:00,4,0,1,1,1331150536,W. Moriarty,R,CU,L,-2.94828278997,7.35070175151,-7.49845304528,-17.7474974799,4.64296902168,B,IP_OUT,-1.42716832944,6.4541509749,72.7192216702,2656.04673882,67.2401384603,0.13
1858,2020,5075,ULL,D1 Sun Belt Conference,5363,SHSU,354805656,2020-03-01 13:00:00,4,1,1,2,1331150536,W. Moriarty,R,CH,L,0.413149638981,2.84190294706,7.55360687264,12.4242839579,5.91042359482,F,IP_OUT,-1.33382679629,6.11097314697,83.6851696294,1951.33582062,238.575403212,-0.15
1859,2020,5075,ULL,D1 Sun Belt Conference,5363,SHSU,354805656,2020-03-01 13:00:00,4,0,0,2,1331150536,W. Moriarty,R,CU,R,1.931635286,2.33199744241,-6.64581991556,-11.8816785855,4.82800963436,B,BB,-1.35273734229,6.3276752658,76.0222869505,2764.93507243,60.9540778737,0.13
1860,2020,5075,ULL,D1 Sun Belt Conference,5363,SHSU,354805656,2020-03-01 13:00:00,4,1,0,2,1331150536,W. Moriarty,R,CU,R,0.561231107237,3.44325941353,-8.61419052718,-15.8469950737,4.87208712674,B,BB,-1.5235400974,6.24472396082,75.0322195844,2696.64417374,61.608035502,0.13
1861,2020,5075,ULL,D1 Sun Belt Conference,5363,SHSU,354805656,2020-03-01 13:00:00,4,2,0,2,1331150536,W. Moriarty,R,CH,R,1.36642258368,3.92497189502,6.18211263811,10.1659094309,5.80688410182,B,BB,-1.37996760377,6.20200197216,82.8601110036,1936.25045908,238.537994708,0.13
1862,2020,5075,ULL,D1 Sun Belt Conference,5363,SHSU,354805656,2020-03-01 13:00:00,4,3,0,2,1331150536,W. Moriarty,R,FA,R,0.977086753912,2.97539089838,16.4011021011,14.5017662827,5.369847891,SL,BB,-1.37975282399,6.10277184745,88.9367211751,1973.11273406,221.423730949,-0.15
1863,2020,5075,ULL,D1 Sun Belt Conference,5363,SHSU,354805656,2020-03-01 13:00:00,4,3,1,2,1331150536,W. Moriarty,R,FA,R,0.656896226657,3.53020794478,15.6781848839,12.701019478,5.60636514892,B,BB,-1.49683194193,5.94988732544,90.0658583115,2019.8609039,218.953125525,0.8
1864,2020,5075,ULL,D1 Sun Belt Conference,5363,SHSU,354805656,2020-03-01 13:00:00,4,0,0,2,1117064516,B. Talley,L,FA,L,-0.0720406743481,2.26550009829,13.5311874563,-17.4913558681,5.48461711331,SL,K,1.80256625298,5.77709559288,89.3049822807,1964.96264229,127.793738083,-0.15
1865,2020,5075,ULL,D1 Sun Belt Conference,5363,SHSU,354805656,2020-03-01 13:00:00,4,0,1,2,1117064516,B. Talley,L,SL,L,-0.590261324904,0.462644982166,6.09736824355,9.28152203643,5.20464107063,B,K,2.03661471101,5.47151613388,77.7196973529,2352.48794744,236.505030218,0.13
1866,2020,5075,ULL,D1 Sun Belt Conference,5363,SHSU,354805656,2020-03-01 13:00:00,4,1,1,2,1117064516,B. Talley,L,CU,L,-1.50950628351,1.44088977823,-1.81178067628,17.017628957,5.26472265915,B,K,1.94410326988,5.54948274245,77.5046786025,2495.95197169,275.928335233,0.13
1867,2020,5075,ULL,D1 Sun Belt Conference,5363,SHSU,354805656,2020-03-01 13:00:00,4,2,1,2,1117064516,B. Talley,L,FA,L,-1.21383968454,1.83523832583,15.7540129098,-14.4713442875,5.6225708852,B,K,1.83656834795,5.80129396137,89.3189802668,1934.72214942,137.490269464,0.13
1868,2020,5075,ULL,D1 Sun Belt Conference,5363,SHSU,354805656,2020-03-01 13:00:00,4,3,1,2,1117064516,B. Talley,L,FA,L,0.00802854462012,1.82843372629,15.6569975873,-16.3328385379,5.64920354833,F,K,1.67154338918,5.85817909725,89.0106034306,1912.8854275,133.85079965,-0.15
1869,2020,5075,ULL,D1 Sun Belt Conference,5363,SHSU,354805656,2020-03-01 13:00:00,4,3,2,2,1117064516,B. Talley,L,SL,L,0.517723917014,2.20996905577,2.7743016377,3.60440384103,5.06562462012,F,K,1.99039852557,5.43169904167,78.4871896197,2198.69723322,231.979818244,0.0
1870,2020,5075,ULL,D1 Sun Belt Conference,5363,SHSU,354805656,2020-03-01 13:00:00,4,3,2,2,1117064516,B. Talley,L,SL,L,-0.511049138577,1.92597489066,3.48761500022,10.7176675187,5.22594447965,F,K,1.92697652593,5.44256861241,78.2415459518,2341.95745177,251.75911047,0.0
1871,2020,5075,ULL,D1 Sun Belt Conference,5363,SHSU,354805656,2020-03-01 13:00:00,4,3,2,2,1117064516,B. Talley,L,FA,L,-0.781851885416,1.95228708545,13.611638407,-14.2291904014,5.71751078375,SL,K,1.56583392437,5.87395460904,89.8677939523,1744.09736348,133.798205177,-0.15
1872,2020,5075,ULL,D1 Sun Belt Conference,5363,SHSU,354805656,2020-03-01 13:00:00,5,0,0,0,1117064516,B. Talley,L,FA,L,1.29818589015,3.54277798686,12.7222831505,-16.2972705945,5.27344777288,SS,IP_OUT,1.3761189544,5.81560963704,86.0959339444,1854.52910664,128.055852898,-0.15
1873,2020,5075,ULL,D1 Sun Belt Conference,5363,SHSU,354805656,2020-03-01 13:00:00,5,0,1,0,1117064516,B. Talley,L,SL,L,0.0516099726126,1.92173345673,4.6926322634,8.11181217735,5.21164489132,F,IP_OUT,2.00238936045,5.38807057142,76.7378657408,2365.77351817,239.707543176,-0.15
1874,2020,5075,ULL,D1 Sun Belt Conference,5363,SHSU,354805656,2020-03-01 13:00:00,5,0,2,0,1117064516,B. Talley,L,FA,L,-1.8730918224,3.59471993524,16.6956472461,-16.3606489322,5.49350105109,B,IP_OUT,1.31248747283,5.85616499078,89.1814304735,1893.89117434,135.638112241,0.13
1875,2020,5075,ULL,D1 Sun Belt Conference,5363,SHSU,354805656,2020-03-01 13:00:00,5,0,0,1,1117064516,B. Talley,L,SL,L,-0.323144255326,1.22115592729,-2.17273829488,5.37220841513,5.1029879589,F,K,1.42099483315,5.44803338429,77.0612466984,2331.33840205,291.602755549,-0.15
1876,2020,5075,ULL,D1 Sun Belt Conference,5363,SHSU,354805656,2020-03-01 13:00:00,5,0,1,1,1117064516,B. Talley,L,SL,L,-0.490328728218,1.38770178141,4.27825844141,7.65133125579,5.04475319814,SL,K,1.66927317282,5.41529368284,78.5108551542,2335.50049403,240.5358472,-0.15
1877,2020,5075,ULL,D1 Sun Belt Conference,5363,SHSU,354805656,2020-03-01 13:00:00,5,0,2,1,1117064516,B. Talley,L,SL,L,-1.40854025167,0.593135620669,3.02914652023,16.4874997699,5.25885962979,SS,K,1.31227379473,5.44187848337,78.089565476,2289.01814057,259.441437918,-0.15
1878,2020,5075,ULL,D1 Sun Belt Conference,5363,SHSU,354805656,2020-03-01 13:00:00,5,0,0,2,1117064516,B. Talley,L,FA,R,-0.464476663722,2.10198479858,14.0558095773,-14.9412583115,5.48428800404,SL,IP_OUT,1.3954250105,5.90384249829,88.0318980911,2004.69172706,133.321200172,-0.15
1879,2020,5075,ULL,D1 Sun Belt Conference,5363,SHSU,354805656,2020-03-01 13:00:00,5,0,1,2,1117064516,B. Talley,L,FA,R,-1.19079681495,1.80985759511,13.5624721093,-16.2482704861,5.61703598497,B,IP_OUT,1.39703763167,5.89190852545,88.3786854016,1903.59602121,129.922379323,0.13
1880,2020,5075,ULL,D1 Sun Belt Conference,5363,SHSU,354805656,2020-03-01 13:00:00,6,0,1,0,1117064516,B. Talley,L,SL,L,-1.6609853322,0.0265743255001,6.47094119136,2.06062667894,5.30816527195,B,BB,1.70154149119,5.47024986804,78.0199305767,2287.93070571,197.55009698,0.13
1881,2020,5075,ULL,D1 Sun Belt Conference,5363,SHSU,354805656,2020-03-01 13:00:00,6,1,1,0,1117064516,B. Talley,L,FA,L,-1.52081179949,1.37224095383,13.9238577114,-11.7163441683,5.65490479302,B,BB,1.52404088,5.68549255188,87.5858649472,1951.25689579,139.990176362,0.13
1882,2020,5075,ULL,D1 Sun Belt Conference,5363,SHSU,354805656,2020-03-01 13:00:00,6,2,1,0,1117064516,B. Talley,L,FA,L,-0.8953918057,0.788877714742,13.6820184526,-13.1909534839,5.616049362,B,BB,1.34670729412,5.75270897317,88.2231002966,1970.05398064,136.117815844,0.13
1883,2020,5075,ULL,D1 Sun Belt Conference,5363,SHSU,354805656,2020-03-01 13:00:00,6,3,1,0,1117064516,B. Talley,L,FA,L,-0.504556126485,3.24023652111,15.949309563,-10.2515312763,5.51876924159,B,BB,1.40248286362,5.80926312229,88.6332191488,1975.82705692,147.323673459,0.8
1884,2020,5075,ULL,D1 Sun Belt Conference,5363,SHSU,354805656,2020-03-01 13:00:00,6,0,0,0,1117064516,B. Talley,L,FA,R,0.644808172121,3.37651554425,15.18088878,-17.8225065581,5.5394695974,F,S,1.84033230097,5.71329439429,87.6235088983,1939.4763861,130.488945237,-0.15
1885,2020,5075,ULL,D1 Sun Belt Conference,5363,SHSU,354805656,2020-03-01 13:00:00,6,1,1,0,1117064516,B. Talley,L,FA,R,0.469713099781,1.57607600084,13.7876383125,-17.5702037294,5.68571262182,IP,S,2.16068073546,5.79131466788,86.1299466457,1912.75410583,128.19376743,1.0
1886,2020,5075,ULL,D1 Sun Belt Conference,5363,SHSU,354805656,2020-03-01 13:00:00,6,0,0,0,1117064516,B. Talley,L,FA,L,0.0926900187002,1.44394388329,13.3656775714,-14.8303419885,5.5404469709,SL,SH,1.65912992977,5.9413578247,87.2405069241,1880.63916474,132.100324975,-0.15
1887,2020,5075,ULL,D1 Sun Belt Conference,5363,SHSU,354805656,2020-03-01 13:00:00,6,1,1,0,1117064516,B. Talley,L,FA,L,-1.29692208232,0.944064104082,13.7821737172,-12.840938018,5.7230631946,B,SH,1.61086938118,5.99557044642,88.6804433225,1867.40953263,137.094124233,0.13
1888,2020,5075,ULL,D1 Sun Belt Conference,5363,SHSU,354805656,2020-03-01 13:00:00,6,0,0,0,1117064516,B. Talley,L,FA,R,0.361888717695,2.73926097799,12.7894310717,-14.9094320533,5.48807790944,IP,FC,1.98830351151,5.8175965027,86.888051909,1821.35058845,130.701083874,-0.21
1889,2020,5075,ULL,D1 Sun Belt Conference,5363,SHSU,354805656,2020-03-01 13:00:00,6,0,0,1,1117064516,B. Talley,L,SL,R,-0.307758510794,1.84985844708,5.02250925456,0.849649021312,5.34707227339,F,K,2.20607139326,5.47447107928,78.6279248081,2367.30134851,189.521561672,-0.15
1890,2020,5075,ULL,D1 Sun Belt Conference,5363,SHSU,354805656,2020-03-01 13:00:00,6,0,2,1,1117064516,B. Talley,L,FA,R,0.457342742989,2.73479912242,12.0240689254,-14.0443911643,5.54542054687,SS,K,1.91362690401,5.8425326354,88.790890106,2005.17646973,130.647639883,-0.15
1891,2020,5075,ULL,D1 Sun Belt Conference,5363,SHSU,354805656,2020-03-01 13:00:00,6,0,0,2,1117064516,B. Talley,L,FA,L,-0.182946295636,0.963305084825,16.4258024942,-16.0399657822,5.78329674016,B,FC,1.79355999597,5.87836308157,87.4863488603,1955.22521913,135.741813516,0.13
1892,2020,5075,ULL,D1 Sun Belt Conference,5363,SHSU,354805656,2020-03-01 13:00:00,6,1,0,2,1117064516,B. Talley,L,FA,L,-1.32182938611,2.59678166612,13.9964459705,-14.0821693826,5.60558800698,B,FC,1.37942998323,5.90127028447,89.1478447648,1835.52258659,134.893753456,0.13
1893,2020,5075,ULL,D1 Sun Belt Conference,5363,SHSU,354805656,2020-03-01 13:00:00,6,2,0,2,1117064516,B. Talley,L,FA,L,-0.0225318959023,2.88395325839,13.3796989515,-21.386815505,5.7354256319,IP,FC,1.68003016012,5.8753118762,88.3190234648,1808.53484219,122.096605448,-0.21
1894,2020,5075,ULL,D1 Sun Belt Conference,5363,SHSU,354805656,2020-03-01 13:00:00,7,0,0,0,1117064516,B. Talley,L,SL,L,0.204736592659,2.54404338067,4.86648464504,15.2354878197,5.25096075631,SL,IP_OUT,1.60098807023,5.59875669454,78.367933119,2174.50090059,252.134726893,-0.15
1895,2020,5075,ULL,D1 Sun Belt Conference,5363,SHSU,354805656,2020-03-01 13:00:00,7,0,1,0,1117064516,B. Talley,L,FA,L,-0.336582981278,2.18280619118,15.1074962726,-14.5985618597,5.63259047322,SL,IP_OUT,1.25034474397,6.00166421629,87.455063807,1859.95849307,136.047326496,-0.15
1896,2020,5075,ULL,D1 Sun Belt Conference,5363,SHSU,354805656,2020-03-01 13:00:00,7,0,0,1,1117064516,B. Talley,L,SL,L,-0.106924949059,4.52808184199,4.50215852842,11.7707612291,5.4252139762,B,IP_OUT,1.48761032685,5.61952783586,78.0663060247,2268.81533702,248.88149041,0.13
1897,2020,5075,ULL,D1 Sun Belt Conference,5363,SHSU,354805656,2020-03-01 13:00:00,7,1,0,1,1117064516,B. Talley,L,FA,L,-1.54624674911,1.71635587508,11.7556651505,-14.6943072872,5.66017258973,B,IP_OUT,1.41755315033,5.69830846512,88.1545170356,2003.59032545,128.741280309,0.13
1898,2020,5075,ULL,D1 Sun Belt Conference,5363,SHSU,354805656,2020-03-01 13:00:00,7,2,0,1,1117064516,B. Talley,L,FA,L,-0.160649833328,1.93864562764,14.1190344998,-16.0365623708,5.74230726158,F,IP_OUT,1.5711696904,5.71716598691,86.9822578796,1970.37519913,131.43208746,-0.15
1899,2020,5075,ULL,D1 Sun Belt Conference,5363,SHSU,354805656,2020-03-01 13:00:00,7,2,1,1,1117064516,B. Talley,L,FA,L,-0.836879540662,2.98492215669,16.6860097104,-12.0479215293,5.75675573998,SL,IP_OUT,1.42045572931,5.81595344538,88.798652392,1954.43911877,144.223788048,-0.15
1900,2020,5075,ULL,D1 Sun Belt Conference,5363,SHSU,354805656,2020-03-01 13:00:00,7,0,0,2,1117064516,B. Talley,L,FA,R,0.725830657028,2.84489048616,19.4120236834,-17.8087532401,5.66624209915,B,IP_OUT,1.31744820815,5.89681956263,89.4507205977,1945.52424636,137.515739601,0.13
1901,2020,5075,ULL,D1 Sun Belt Conference,5363,SHSU,354805656,2020-03-01 13:00:00,7,1,0,2,1117064516,B. Talley,L,FA,R,0.942954079512,2.68664227272,16.811878074,-16.2584955089,5.63601576526,F,IP_OUT,1.24997255673,5.84158409381,87.5564256738,1848.25807309,136.017621581,-0.15
1902,2020,5075,ULL,D1 Sun Belt Conference,5363,SHSU,354805656,2020-03-01 13:00:00,8,0,0,0,1117064516,B. Talley,L,FA,R,2.72123570912,2.92045041998,11.4115451966,-14.5694535274,5.44391722544,B,IP_OUT,1.55695887719,6.01447820351,86.6770529975,1845.2373253,128.156392786,0.13
1903,2020,5075,ULL,D1 Sun Belt Conference,5363,SHSU,354805656,2020-03-01 13:00:00,8,0,0,1,1117064516,B. Talley,L,SL,R,1.17029622187,1.92304082344,5.13668178125,10.6952337217,5.57242797516,SL,BB,1.65492799035,5.69375935549,76.7981445411,2288.89159249,244.148291845,-0.15
1904,2020,5075,ULL,D1 Sun Belt Conference,5363,SHSU,354805656,2020-03-01 13:00:00,8,0,1,1,1117064516,B. Talley,L,SL,R,3.36794479534,2.60254817926,1.80368097724,4.81123700678,5.18841432078,B,BB,1.7990794526,5.59480505,76.6384961711,2321.40248324,248.965077823,0.13
1905,2020,5075,ULL,D1 Sun Belt Conference,5363,SHSU,354805656,2020-03-01 13:00:00,8,1,1,1,1117064516,B. Talley,L,FA,R,0.722402511548,3.93390884642,17.2549655573,-13.244605096,5.58521411469,B,BB,1.36970700146,5.95941988866,88.2448892467,2001.55461995,142.545267001,0.13
1906,2020,5075,ULL,D1 Sun Belt Conference,5363,SHSU,354805656,2020-03-01 13:00:00,8,2,1,1,1117064516,B. Talley,L,FA,R,-0.769626841744,1.23716324061,15.5742202277,-17.6431679871,5.83052224395,B,BB,1.56204176131,5.81795782895,87.9477589364,1896.66366435,131.498281922,0.13
1907,2020,5075,ULL,D1 Sun Belt Conference,5363,SHSU,354805656,2020-03-01 13:00:00,8,3,1,1,1117064516,B. Talley,L,FA,R,-0.879279145221,1.97466334915,15.271553243,-13.1377894826,5.90913064359,SL,BB,1.49221033227,5.80737863138,87.7573581476,1939.29536056,139.358184748,-0.15
1908,2020,5075,ULL,D1 Sun Belt Conference,5363,SHSU,354805656,2020-03-01 13:00:00,8,3,2,1,1117064516,B. Talley,L,FA,R,0.196295175728,1.28091914781,13.8220377019,-15.7267593015,5.67819757967,B,BB,1.39314088953,5.74071472139,89.1103957084,1951.54002731,131.379905503,0.8
1909,2020,5075,ULL,D1 Sun Belt Conference,5363,SHSU,354805656,2020-03-01 13:00:00,8,0,0,1,1117064516,B. Talley,L,FA,L,-1.66970887612,0.661051612673,13.2880731247,-17.4618134664,5.75992805375,B,K,1.67244701912,5.75529364144,87.8152127985,1980.78126183,127.341322458,0.13
1910,2020,5075,ULL,D1 Sun Belt Conference,5363,SHSU,354805656,2020-03-01 13:00:00,8,1,0,1,1117064516,B. Talley,L,FA,L,-1.01284020575,2.28802057075,11.8152193282,-14.8615629305,5.74187476136,SL,K,1.92524728182,5.88256552085,85.8211935453,1841.35121599,128.569388355,-0.15
1911,2020,5075,ULL,D1 Sun Belt Conference,5363,SHSU,354805656,2020-03-01 13:00:00,8,1,2,1,1117064516,B. Talley,L,SL,L,-0.62475013067,2.37237049656,-0.329398269024,6.09423198242,5.17533374738,F,K,2.08088202519,5.39496223602,78.4233855773,2365.63496008,272.681110437,0.0
1912,2020,5075,ULL,D1 Sun Belt Conference,5363,SHSU,354805656,2020-03-01 13:00:00,8,1,2,1,1117064516,B. Talley,L,FA,L,-1.00890362997,2.62093590201,16.0228551236,-18.2480466563,5.71155103002,SL,K,1.77922346081,5.75221344207,88.4406564215,1829.89798834,131.345624473,-0.15
1913,2020,5075,ULL,D1 Sun Belt Conference,5363,SHSU,354805656,2020-03-01 13:00:00,8,0,0,2,1362133059,J. Schultz,R,FA,R,-0.187788616614,2.20477142638,13.2908838539,15.2604612512,6.43757163492,SL,K,-1.25355850627,5.15503218115,91.3886986712,1910.84637203,228.879892688,-0.15
1914,2020,5075,ULL,D1 Sun Belt Conference,5363,SHSU,354805656,2020-03-01 13:00:00,8,0,1,2,1362133059,J. Schultz,R,FA,R,-0.0274679770944,3.30191513859,8.7048559963,15.3078691793,6.11673660282,F,K,-1.35485115518,5.33577504459,91.7672533464,2029.67512714,240.286445718,-0.15
1915,2020,5075,ULL,D1 Sun Belt Conference,5363,SHSU,354805656,2020-03-01 13:00:00,8,0,2,2,1362133059,J. Schultz,R,FA,R,-0.767948757937,1.46489117277,5.86801496761,15.6782252234,6.42261848695,SS,K,-1.34488230099,5.21743142484,92.7702389841,1965.51166289,249.384308743,-0.15
1916,2020,5075,ULL,D1 Sun Belt Conference,5363,SHSU,354805656,2020-03-01 13:00:00,9,0,0,0,1362133059,J. Schultz,R,FA,R,1.62546174163,0.210607992212,14.2494480794,13.0232873257,6.40700010719,B,IP_OUT,-1.3304919729,5.12983776136,91.0556212563,1995.0481408,222.362896471,0.13
1917,2020,5075,ULL,D1 Sun Belt Conference,5363,SHSU,354805656,2020-03-01 13:00:00,9,1,0,0,1362133059,J. Schultz,R,FA,R,0.820499236081,0.647638683739,6.47016860544,11.5423381107,6.27537144955,B,IP_OUT,-1.20183294832,5.07586314853,90.674519677,1721.41528286,240.607565033,0.13
1918,2020,5075,ULL,D1 Sun Belt Conference,5363,SHSU,354805656,2020-03-01 13:00:00,9,2,0,0,1362133059,J. Schultz,R,FA,R,0.433842338434,2.40171742998,15.2598580088,16.3743247927,6.57790681638,SL,IP_OUT,-1.23613415697,5.22261712205,92.0796079934,1997.72724757,226.96025217,-0.15
1919,2020,5075,ULL,D1 Sun Belt Conference,5363,SHSU,354805656,2020-03-01 13:00:00,9,2,1,0,1362133059,J. Schultz,R,FA,R,0.48279530249,1.7613800083,16.8269826649,8.89705435689,6.3582476466,F,IP_OUT,-1.29224525768,5.26535141397,92.1177148412,2014.52765714,207.824280568,-0.15
1920,2020,5075,ULL,D1 Sun Belt Conference,5363,SHSU,354805656,2020-03-01 13:00:00,9,0,0,1,1362133059,J. Schultz,R,FA,L,-0.144087035586,1.95078388052,19.4008799706,8.63654788386,6.3894165646,F,K,-1.32722150814,5.29176276543,91.0813925089,1836.91948523,203.962430246,-0.15
1921,2020,5075,ULL,D1 Sun Belt Conference,5363,SHSU,354805656,2020-03-01 13:00:00,9,0,1,1,1362133059,J. Schultz,R,FA,L,0.818389839234,3.20732555679,22.692522297,5.59779485614,6.36622082846,SS,K,-1.42729347128,5.17505102838,91.3605426419,1806.07025265,193.838901561,-0.15
1922,2020,5075,ULL,D1 Sun Belt Conference,5363,SHSU,354805656,2020-03-01 13:00:00,9,0,2,1,1362133059,J. Schultz,R,FA,L,0.851441421066,3.42792685651,13.0273452633,9.13237575526,6.01219500739,B,K,-1.2394797758,5.40966483737,92.8101276044,1917.91000893,214.968711852,0.13
1923,2020,5075,ULL,D1 Sun Belt Conference,5363,SHSU,354805656,2020-03-01 13:00:00,9,1,2,1,1362133059,J. Schultz,R,FA,L,0.829409215865,0.79477328666,6.9736643414,15.9102854472,6.55227334203,B,K,-1.42327446519,4.99156216868,92.4629480921,2017.41325813,246.240195732,0.13
1924,2020,5075,ULL,D1 Sun Belt Conference,5363,SHSU,354805656,2020-03-01 13:00:00,9,2,2,1,1362133059,J. Schultz,R,FA,L,-0.44888292793,1.39195305349,9.14541407733,14.2589777997,6.43249954121,SL,K,-1.32895594443,5.04275565547,91.9952575373,2033.04742006,237.237482192,-0.15
1925,2020,5075,ULL,D1 Sun Belt Conference,5363,SHSU,354805656,2020-03-01 13:00:00,9,0,0,2,1362133059,J. Schultz,R,FA,L,-1.26926024698,2.0682108223,7.29799400719,15.6627261412,6.05127174244,B,BB,-1.37882778752,5.27293119936,90.3346405327,1810.9818917,244.921428597,0.13
1926,2020,5075,ULL,D1 Sun Belt Conference,5363,SHSU,354805656,2020-03-01 13:00:00,9,1,0,2,1362133059,J. Schultz,R,FA,L,-2.0273369224,2.71348193984,9.33457393532,14.221694479,6.16366533154,B,BB,-1.28191084168,5.31624734985,91.282256465,1907.88469325,236.633503015,0.13
1927,2020,5075,ULL,D1 Sun Belt Conference,5363,SHSU,354805656,2020-03-01 13:00:00,9,2,0,2,1362133059,J. Schultz,R,FA,L,0.445861396897,1.91584162773,9.51245962728,9.87723154755,6.46864330808,F,BB,-1.27899404805,5.0823634168,92.5479140614,2107.35775873,225.989279936,-0.15
1928,2020,5075,ULL,D1 Sun Belt Conference,5363,SHSU,354805656,2020-03-01 13:00:00,9,2,1,2,1362133059,J. Schultz,R,FA,L,-0.130566151337,3.52904738875,8.94913372467,15.1443514435,6.33361476733,B,BB,-1.27353276407,5.18933942882,91.3327303295,1857.03989969,239.333963359,0.13
1929,2020,5075,ULL,D1 Sun Belt Conference,5363,SHSU,354805656,2020-03-01 13:00:00,9,3,1,2,1362133059,J. Schultz,R,FA,L,-0.384400269988,3.50521978732,11.5454444864,15.172525699,6.47268270463,B,BB,-1.32466551402,5.13805573305,91.1500244401,1984.77393272,232.656667455,0.8
1930,2020,5075,ULL,D1 Sun Belt Conference,5363,SHSU,354805656,2020-03-01 13:00:00,9,0,0,2,1362133059,J. Schultz,R,FA,L,-0.712660218225,1.73478464061,11.8963801449,15.5676875511,6.3659567024,SL,NO_PLAY,-1.39985427809,5.2371455197,90.8397657494,1981.61042487,232.541080329,-0.15
1931,2020,5075,ULL,D1 Sun Belt Conference,5363,SHSU,320780020,2020-02-29 13:00:00,1,0,0,0,1924041869,B. Young,R,FA,L,-0.840484050146,1.1830126155,15.6973331774,8.36680789139,6.07020045181,B,IP_OUT,-1.45148746155,6.30472645154,92.0979413862,2010.17734,208.011963981,0.13
1932,2020,5075,ULL,D1 Sun Belt Conference,5363,SHSU,320780020,2020-02-29 13:00:00,1,1,0,0,1924041869,B. Young,R,FA,L,-1.39603375869,2.2894356603,19.4852419222,10.0353459807,6.03675936329,B,IP_OUT,-1.44712816278,6.26142167367,91.7621331349,2018.37158598,207.212580356,0.13
1933,2020,5075,ULL,D1 Sun Belt Conference,5363,SHSU,320780020,2020-02-29 13:00:00,1,2,0,0,1924041869,B. Young,R,FA,L,-0.892450672102,2.50707674961,18.8983330409,9.41051406515,6.05917417029,SL,IP_OUT,-1.65234769152,6.26250949429,91.0050579718,2091.69088469,206.433445015,-0.15
1934,2020,5075,ULL,D1 Sun Belt Conference,5363,SHSU,320780020,2020-02-29 13:00:00,1,2,1,0,1924041869,B. Young,R,FA,L,-0.470998048337,1.77952534786,17.9051086415,7.18292928525,6.04294651449,SL,IP_OUT,-1.47806411028,6.26330256467,91.2482468246,2043.10823522,201.824600006,-0.15
1935,2020,5075,ULL,D1 Sun Belt Conference,5363,SHSU,320780020,2020-02-29 13:00:00,1,0,0,1,1924041869,B. Young,R,CH,L,-0.180195239814,2.09202024729,8.80259021522,15.531246122,6.20276708744,SL,IP_OUT,-1.6279865706,6.00540091852,83.5621104409,1815.23265622,240.353431947,-0.15
1936,2020,5075,ULL,D1 Sun Belt Conference,5363,SHSU,320780020,2020-02-29 13:00:00,1,0,1,1,1924041869,B. Young,R,FA,L,1.04164123436,1.23586525266,18.4985760581,3.867044393,6.09195633616,B,IP_OUT,-1.29097205517,6.28267203338,92.4210446301,2108.08608077,191.788556183,0.13
1937,2020,5075,ULL,D1 Sun Belt Conference,5363,SHSU,320780020,2020-02-29 13:00:00,1,1,1,1,1924041869,B. Young,R,FA,L,-0.857894450867,2.58286649235,18.2504966349,6.17723574686,6.13217873716,SL,IP_OUT,-1.3120914247,6.2592069294,93.0345013914,2126.45045045,198.670926292,-0.15
1938,2020,5075,ULL,D1 Sun Belt Conference,5363,SHSU,320780020,2020-02-29 13:00:00,1,0,0,2,1924041869,B. Young,R,FA,L,0.049103378162,3.95013015179,20.2426227466,4.39294285193,5.97839986966,B,IP_OUT,-1.10491220778,6.38380771381,93.1811943632,1955.70395167,192.226596602,0.13
1939,2020,5075,ULL,D1 Sun Belt Conference,5363,SHSU,320780020,2020-02-29 13:00:00,2,0,0,0,1924041869,B. Young,R,FA,L,-0.625753812806,3.11505777174,17.6375522854,6.36888039004,6.13792985944,F,K,-1.42809389932,6.29019005588,91.6416618143,2191.41558171,199.822475999,-0.15
1940,2020,5075,ULL,D1 Sun Belt Conference,5363,SHSU,320780020,2020-02-29 13:00:00,2,0,1,0,1924041869,B. Young,R,FA,L,0.433966036333,4.33680105752,23.2242274001,6.90096070944,5.86884528973,B,K,-1.29828794538,6.35914151291,91.5757630852,2084.03096277,196.527788498,0.13
1941,2020,5075,ULL,D1 Sun Belt Conference,5363,SHSU,320780020,2020-02-29 13:00:00,2,1,1,0,1924041869,B. Young,R,CH,L,-0.225112549922,2.38538690761,22.5009680766,18.8003368522,6.23788243,F,K,-1.69073668083,6.09838516903,83.2494213347,2004.75204496,219.83192819,-0.15
1942,2020,5075,ULL,D1 Sun Belt Conference,5363,SHSU,320780020,2020-02-29 13:00:00,2,1,2,0,1924041869,B. Young,R,FA,L,-0.873214796375,3.1576384863,17.1986921991,5.29566568663,6.11930508579,SS,K,-1.25407415652,6.29719183892,91.9673068367,2151.11176554,197.085050324,-0.15
1943,2020,5075,ULL,D1 Sun Belt Conference,5363,SHSU,320780020,2020-02-29 13:00:00,2,0,0,1,1924041869,B. Young,R,FA,R,0.513558968428,2.33290673357,22.6736287254,5.13354634785,6.12404461097,F,IP_OUT,-1.34149488807,6.2913119003,90.3787138232,2169.18471347,192.739814433,-0.15
1944,2020,5075,ULL,D1 Sun Belt Conference,5363,SHSU,320780020,2020-02-29 13:00:00,2,0,1,1,1924041869,B. Young,R,SL,R,0.277567032859,2.58461901328,4.9013608186,-4.52757175134,5.76935494196,SL,IP_OUT,-1.57183199385,6.27894903502,82.86566947,2197.46768942,137.491087172,-0.15
1945,2020,5075,ULL,D1 Sun Belt Conference,5363,SHSU,320780020,2020-02-29 13:00:00,2,0,0,2,1924041869,B. Young,R,CH,L,0.594679582899,1.50243876219,11.8500997123,10.9562252495,6.23672210283,B,IP_OUT,-1.66890261308,6.08922982085,83.8817976247,1889.57330571,222.666528459,0.13
1946,2020,5075,ULL,D1 Sun Belt Conference,5363,SHSU,320780020,2020-02-29 13:00:00,2,1,0,2,1924041869,B. Young,R,FA,L,-0.962179448031,1.850768891,16.1322606153,5.49438055474,6.13187851532,SL,IP_OUT,-1.41335498975,6.29165215708,92.0060257805,2022.58385935,198.774791047,-0.15
1947,2020,5075,ULL,D1 Sun Belt Conference,5363,SHSU,320780020,2020-02-29 13:00:00,2,1,1,2,1924041869,B. Young,R,FA,L,-0.548626451491,2.83211002748,17.7485097346,5.22661936435,6.27937795373,F,IP_OUT,-1.12945212555,6.28786251539,91.5708351659,2007.28387823,196.381831287,-0.15
1948,2020,5075,ULL,D1 Sun Belt Conference,5363,SHSU,320780020,2020-02-29 13:00:00,3,0,0,0,1924041869,B. Young,R,FA,R,0.0239506130327,3.68032534355,18.2292427672,6.00755751343,6.09526131207,B,IP_OUT,-1.57343544477,6.23405822726,90.3407267303,2067.50762035,198.210025639,0.13
1949,2020,5075,ULL,D1 Sun Belt Conference,5363,SHSU,320780020,2020-02-29 13:00:00,3,0,0,1,1924041869,B. Young,R,FA,R,0.846669398111,2.08822476377,17.784359672,0.33879212409,6.29019894782,SL,S,-1.13040952,6.32006451569,90.9944189368,2028.20165282,181.089436646,-0.15
1950,2020,5075,ULL,D1 Sun Belt Conference,5363,SHSU,320780020,2020-02-29 13:00:00,3,0,1,1,1924041869,B. Young,R,SL,R,1.26515417868,0.596634844348,3.05647989775,-1.56809660037,5.4183364186,B,S,-1.61622928042,6.33315027619,80.75515181,2292.28272812,153.148570059,0.13
1951,2020,5075,ULL,D1 Sun Belt Conference,5363,SHSU,320780020,2020-02-29 13:00:00,3,1,1,1,1924041869,B. Young,R,FA,R,0.368493211825,2.27812422041,18.1646319571,5.33112879058,6.04755120425,IP,S,-0.976648734418,6.45958396454,91.665139519,2150.66217533,196.32992039,1.0
1952,2020,5075,ULL,D1 Sun Belt Conference,5363,SHSU,320780020,2020-02-29 13:00:00,3,0,0,1,1924041869,B. Young,R,FA,L,-0.989342776855,5.57733892279,16.8720053177,1.88251957338,6.3392042028,B,K,-1.93886563712,6.28603119349,91.8892467058,2094.06344143,186.355106524,0.13
1953,2020,5075,ULL,D1 Sun Belt Conference,5363,SHSU,320780020,2020-02-29 13:00:00,3,1,0,1,1924041869,B. Young,R,FA,L,-0.447626448682,3.46317919638,22.6138760003,8.21449875144,6.34844241378,SL,K,-1.95075765864,6.33495140987,90.1197696098,2013.26356736,199.937417105,-0.15
1954,2020,5075,ULL,D1 Sun Belt Conference,5363,SHSU,320780020,2020-02-29 13:00:00,3,1,1,1,1924041869,B. Young,R,FA,L,-0.420949132877,4.21799334671,21.5062027355,6.51998877846,6.27856138819,B,K,-1.71305894674,6.21677062374,91.3055005586,2107.1726109,196.842437615,0.13
1955,2020,5075,ULL,D1 Sun Belt Conference,5363,SHSU,320780020,2020-02-29 13:00:00,3,2,1,1,1924041869,B. Young,R,FA,L,-0.375435960167,3.3866459029,15.2572729942,3.87622937204,6.09084601571,SS,K,-1.74891889413,6.19387835843,90.2498320726,2040.38048575,194.226346583,-0.15
1956,2020,5075,ULL,D1 Sun Belt Conference,5363,SHSU,320780020,2020-02-29 13:00:00,3,2,2,1,1924041869,B. Young,R,FA,L,-0.427353784372,4.44583353675,20.527787876,-1.1067638824,6.29809894881,B,K,-1.3586979359,6.35863257416,93.0258517559,2043.98738656,176.918359102,0.13
1957,2020,5075,ULL,D1 Sun Belt Conference,5363,SHSU,320780020,2020-02-29 13:00:00,3,3,2,1,1924041869,B. Young,R,FA,L,-0.554231241946,3.2029403823,21.1843868259,1.41302230476,6.17267008435,SS,K,-1.69175384989,6.31873761629,91.5367535579,2033.94453348,183.810446349,-0.15
1958,2020,5075,ULL,D1 Sun Belt Conference,5363,SHSU,320780020,2020-02-29 13:00:00,4,0,0,0,1924041869,B. Young,R,FA,L,-0.205373918472,1.91120497454,19.1060185792,4.72012343645,6.20331341204,SL,K,-1.46432076253,6.24165145637,91.0376602038,2209.56111446,193.855281032,-0.15
1959,2020,5075,ULL,D1 Sun Belt Conference,5363,SHSU,320780020,2020-02-29 13:00:00,4,0,1,0,1924041869,B. Young,R,CH,L,0.2371412609,1.68019118727,14.6318563186,12.6752800421,6.23628057557,SL,K,-1.68231462142,5.99922403717,83.1582821007,1928.22525406,220.828265688,-0.15
1960,2020,5075,ULL,D1 Sun Belt Conference,5363,SHSU,320780020,2020-02-29 13:00:00,4,0,2,0,1924041869,B. Young,R,FA,L,-1.10789232354,2.80074549626,17.0867421134,6.92284624288,6.06222728504,F,K,-1.24160484415,6.28685062372,93.4360618859,2068.06709048,202.021062885,0.0
1961,2020,5075,ULL,D1 Sun Belt Conference,5363,SHSU,320780020,2020-02-29 13:00:00,4,0,2,0,1924041869,B. Young,R,FA,L,0.74105046632,1.65578008227,19.9852001134,-1.15035303517,6.25157578605,SL,K,-0.880588081061,6.34982815576,91.5007669682,2143.35723477,176.710789212,-0.15
1962,2020,5075,ULL,D1 Sun Belt Conference,5363,SHSU,320780020,2020-02-29 13:00:00,4,0,0,1,1924041869,B. Young,R,CU,L,-0.25034788824,2.00014821086,-11.3800339543,-10.4814566648,5.64740250616,SL,K,-1.81801235448,6.24288477963,76.3093213121,2586.57574506,42.7606352562,-0.15
1963,2020,5075,ULL,D1 Sun Belt Conference,5363,SHSU,320780020,2020-02-29 13:00:00,4,0,1,1,1924041869,B. Young,R,FA,L,-0.171649272791,3.54201665311,20.2578735156,-0.661440331672,6.13958623992,F,K,-1.03957925094,6.43991790242,92.7793724388,2146.33585586,178.132675489,-0.15
1964,2020,5075,ULL,D1 Sun Belt Conference,5363,SHSU,320780020,2020-02-29 13:00:00,4,0,2,1,1924041869,B. Young,R,FA,L,0.834777668153,2.52428518894,18.0389043093,4.94767548116,6.35425643494,F,K,-0.90332870927,6.3318601736,92.865322489,2162.39546323,195.313628411,0.0
1965,2020,5075,ULL,D1 Sun Belt Conference,5363,SHSU,320780020,2020-02-29 13:00:00,4,0,2,1,1924041869,B. Young,R,CH,L,0.647963114738,1.64607873609,13.7058792457,12.9007001537,6.45661681977,SL,K,-1.56184369131,5.97845841986,80.9752461294,1823.29608357,223.183839625,-0.15
1966,2020,5075,ULL,D1 Sun Belt Conference,5363,SHSU,320780020,2020-02-29 13:00:00,4,0,0,2,1924041869,B. Young,R,FA,L,-0.259553335107,3.2915240808,19.5277504986,3.3358640805,6.10319510688,SL,IP_OUT,-1.23244480103,6.34104659147,91.7168024992,2207.69736012,189.678964897,-0.15
1967,2020,5075,ULL,D1 Sun Belt Conference,5363,SHSU,320780020,2020-02-29 13:00:00,4,0,1,2,1924041869,B. Young,R,FA,L,1.52133433625,1.65228176441,19.8947662116,-1.08468853027,6.30830600952,B,IP_OUT,-0.743565217798,6.37402268753,92.954762782,2202.85638241,176.884043021,0.13
1968,2020,5075,ULL,D1 Sun Belt Conference,5363,SHSU,320780020,2020-02-29 13:00:00,5,0,0,0,1924041869,B. Young,R,FA,L,0.40201377965,0.950015950407,18.3212487074,2.17064039957,6.24982066692,F,IP_OUT,-1.39592234215,6.2699356654,89.1997103489,2040.33700954,186.744793523,-0.15
1969,2020,5075,ULL,D1 Sun Belt Conference,5363,SHSU,320780020,2020-02-29 13:00:00,5,0,1,0,1924041869,B. Young,R,FA,L,-0.162198612994,3.84827389032,21.252759087,8.3222908979,6.20474055779,F,IP_OUT,-1.22241252921,6.35852750871,91.4150187254,2081.92547294,201.356142632,-0.15
1970,2020,5075,ULL,D1 Sun Belt Conference,5363,SHSU,320780020,2020-02-29 13:00:00,5,0,0,2,1924041869,B. Young,R,CH,L,0.0880557952216,1.18428140257,12.6278825972,12.6719275793,6.47437776799,SS,K,-1.61023206968,6.11646532394,83.1534059456,1868.44389224,225.01520067,-0.15
1971,2020,5075,ULL,D1 Sun Belt Conference,5363,SHSU,320780020,2020-02-29 13:00:00,5,0,1,2,1924041869,B. Young,R,FA,L,-1.18212859996,2.44984168542,18.1152540439,4.24390640057,6.15682125967,B,K,-1.30236799142,6.27051585208,91.2808411542,2213.74083119,193.163161797,0.13
1972,2020,5075,ULL,D1 Sun Belt Conference,5363,SHSU,320780020,2020-02-29 13:00:00,5,1,1,2,1924041869,B. Young,R,CH,L,-0.972425751034,2.16670568018,8.06974710901,14.7156663655,6.27307151365,F,K,-1.63082322792,5.98787517142,82.3338693293,1905.86419439,241.146051592,-0.15
1973,2020,5075,ULL,D1 Sun Belt Conference,5363,SHSU,320780020,2020-02-29 13:00:00,5,1,2,2,1924041869,B. Young,R,FA,L,0.917749215101,3.09311505651,18.7595490533,4.89809185041,6.2786196545,F,K,-1.21112992994,6.3118035884,93.2135607176,2161.11270908,194.611063378,0.0
1974,2020,5075,ULL,D1 Sun Belt Conference,5363,SHSU,320780020,2020-02-29 13:00:00,5,1,2,2,1924041869,B. Young,R,FA,L,-1.74532461746,2.90466459945,16.5746850313,5.7531541611,6.15526074882,B,K,-1.10680638446,6.33681659245,91.9077123914,2151.00017198,199.109242442,0.13
1975,2020,5075,ULL,D1 Sun Belt Conference,5363,SHSU,320780020,2020-02-29 13:00:00,5,2,2,2,1924041869,B. Young,R,CH,L,-0.948945740026,1.19835741144,12.0236973733,12.5620583664,6.25155216467,SS,K,-1.57332692327,6.08820444009,81.2942810802,1933.81814973,226.161042968,-0.15
1976,2020,5075,ULL,D1 Sun Belt Conference,5363,SHSU,320780020,2020-02-29 13:00:00,6,0,0,0,1924041869,B. Young,R,CU,R,-1.01688477562,2.85354092321,-6.16613476804,-8.7220773006,5.35903498998,SL,K,-1.902919238,6.19378541924,75.1462922395,2245.17967479,54.9514779288,-0.15
1977,2020,5075,ULL,D1 Sun Belt Conference,5363,SHSU,320780020,2020-02-29 13:00:00,6,0,1,0,1924041869,B. Young,R,CU,R,0.28524685101,2.28378374533,-5.89583842042,-10.3590551158,5.56071913543,SS,K,-1.83538583771,6.25844157468,75.5034608172,2455.91167479,60.5508042201,-0.15
1978,2020,5075,ULL,D1 Sun Belt Conference,5363,SHSU,320780020,2020-02-29 13:00:00,6,0,2,0,1924041869,B. Young,R,CU,R,1.12397809665,0.439135796397,-12.5194297551,-13.5452178508,5.76554216628,SS,K,-1.86335431814,6.15122498928,73.6363794387,2494.44695987,47.3669812324,-0.15
1979,2020,5075,ULL,D1 Sun Belt Conference,5363,SHSU,320780020,2020-02-29 13:00:00,6,0,0,1,1924041869,B. Young,R,CU,R,0.292052331943,1.89973768532,-11.4931940415,-12.142224902,5.51741010059,SL,K,-1.93615026244,6.21064865549,74.4349579495,2388.46535596,46.6968872303,-0.15
1980,2020,5075,ULL,D1 Sun Belt Conference,5363,SHSU,320780020,2020-02-29 13:00:00,6,0,1,1,1924041869,B. Young,R,FA,R,1.39146883005,1.66375902495,18.2196895958,2.87759941531,6.36402213873,SL,K,-1.30462580825,6.24848473798,91.039314408,2129.92784191,188.959842276,-0.15
1981,2020,5075,ULL,D1 Sun Belt Conference,5363,SHSU,320780020,2020-02-29 13:00:00,6,0,2,1,1924041869,B. Young,R,SL,R,0.85836345771,1.04214807127,2.09772445999,0.269666442303,5.60795088898,SS,K,-1.47326454415,6.33652322839,79.6108016556,1928.39570612,187.182211202,-0.15
1982,2020,5075,ULL,D1 Sun Belt Conference,5363,SHSU,320780020,2020-02-29 13:00:00,6,0,0,2,1924041869,B. Young,R,FA,L,1.25297919278,1.45736624214,17.6337743982,3.04334056272,6.29008659727,B,S,-1.18386029674,6.25410575452,91.1531624114,2000.41509868,189.774727834,0.13
1983,2020,5075,ULL,D1 Sun Belt Conference,5363,SHSU,320780020,2020-02-29 13:00:00,6,1,0,2,1924041869,B. Young,R,FA,L,-1.06711548971,2.33621029627,15.7448605942,6.65136382274,6.14610694056,SL,S,-1.32547717595,6.19230483509,91.2768643628,2032.81331839,202.860403524,-0.15
1984,2020,5075,ULL,D1 Sun Belt Conference,5363,SHSU,320780020,2020-02-29 13:00:00,6,1,1,2,1924041869,B. Young,R,CH,L,-0.360877390619,0.764776970112,7.94825033342,16.0763006891,6.41116244816,SS,S,-1.65318757988,5.9745265453,82.1326868553,1722.19484897,243.580992056,-0.15
1985,2020,5075,ULL,D1 Sun Belt Conference,5363,SHSU,320780020,2020-02-29 13:00:00,6,1,2,2,1924041869,B. Young,R,CH,L,0.0593383216443,1.45670992535,5.39337728857,16.8218146611,6.22039912467,B,S,-2.12985252014,5.96592158497,78.3905656551,1701.27987173,252.091663397,0.13
1986,2020,5075,ULL,D1 Sun Belt Conference,5363,SHSU,320780020,2020-02-29 13:00:00,6,2,2,2,1924041869,B. Young,R,FA,L,-0.726435224944,2.57989129586,15.9082557324,2.57252388021,6.45463230301,F,S,-1.08077506256,6.29238745911,91.6810349365,1989.91952215,189.16859608,0.0
1987,2020,5075,ULL,D1 Sun Belt Conference,5363,SHSU,320780020,2020-02-29 13:00:00,6,2,2,2,1924041869,B. Young,R,FA,L,0.619757313002,2.29661850649,17.1038819016,5.54164716161,6.22370810291,IP,S,-1.08355775092,6.30764424997,92.3411282896,1953.0645952,197.92237687,1.0
1988,2020,5075,ULL,D1 Sun Belt Conference,5363,SHSU,320780020,2020-02-29 13:00:00,6,0,0,2,1924041869,B. Young,R,CH,L,1.54714121123,1.2157543481,9.57482413274,11.8858422372,6.52010612967,B,FC,-1.85262578291,5.91867124453,82.280152089,1920.53577453,231.035002651,0.13
1989,2020,5075,ULL,D1 Sun Belt Conference,5363,SHSU,320780020,2020-02-29 13:00:00,6,1,0,2,1924041869,B. Young,R,FA,L,-1.249593441,2.29666716349,16.1570208934,10.7987349207,6.26004343071,B,FC,-1.54535187971,6.30011864743,92.1527331356,2092.68920437,213.707204842,0.13
1990,2020,5075,ULL,D1 Sun Belt Conference,5363,SHSU,320780020,2020-02-29 13:00:00,6,2,0,2,1924041869,B. Young,R,CH,L,-0.64778422573,2.43600295047,6.6831382935,20.0028450384,6.35856513998,IP,FC,-1.87209891652,5.94143011342,81.4690679467,1783.78861965,251.423065432,-0.21
1991,2020,5075,ULL,D1 Sun Belt Conference,5363,SHSU,320780020,2020-02-29 13:00:00,7,0,0,0,1924041869,B. Young,R,CH,L,0.00404576994723,4.34323485647,12.1516601532,10.3640333563,6.22250753636,B,IP_OUT,-1.86940515536,6.02371541541,81.8773702262,1832.21475083,220.370860436,0.13
1992,2020,5075,ULL,D1 Sun Belt Conference,5363,SHSU,320780020,2020-02-29 13:00:00,7,1,0,0,1924041869,B. Young,R,FA,L,0.886426126473,3.2986336401,16.8835112698,6.9151530213,6.25547932567,SL,IP_OUT,-1.28738790685,6.23212905594,91.432896591,2124.68901843,202.236432364,-0.15
1993,2020,5075,ULL,D1 Sun Belt Conference,5363,SHSU,320780020,2020-02-29 13:00:00,7,0,0,1,1924041869,B. Young,R,CU,L,-0.402258298045,2.04761338399,-10.1435320743,-9.77332829896,5.71887893194,SL,S,-2.01500001214,6.23392417267,75.3671272445,2395.05727827,44.0678617179,-0.15
1994,2020,5075,ULL,D1 Sun Belt Conference,5363,SHSU,320780020,2020-02-29 13:00:00,7,0,1,1,1924041869,B. Young,R,FA,L,0.453002677468,1.85402222172,21.3899541648,1.77606587665,6.21706988049,IP,S,-1.23758024166,6.27475412025,92.1631378016,2151.5619089,184.739782856,1.0
1995,2020,5075,ULL,D1 Sun Belt Conference,5363,SHSU,320780020,2020-02-29 13:00:00,7,0,0,2,1924041869,B. Young,R,SL,R,0.573915591573,2.47397217548,-1.11363276449,-0.900972094167,5.50229582398,SL,K,-1.83827940142,6.15625756314,80.6786244729,2099.73052553,40.0247823431,-0.15
1996,2020,5075,ULL,D1 Sun Belt Conference,5363,SHSU,320780020,2020-02-29 13:00:00,7,0,1,2,1924041869,B. Young,R,SL,R,1.86373039187,1.90715966447,4.03196460827,-7.14913565099,5.73966326206,B,K,-1.80151324118,6.10086633745,79.672765912,2220.62715272,119.673820043,0.13
1997,2020,5075,ULL,D1 Sun Belt Conference,5363,SHSU,320780020,2020-02-29 13:00:00,7,1,1,2,1924041869,B. Young,R,SL,R,1.39900974414,1.03349054339,5.74928217623,-3.58006897522,5.87524779293,SS,K,-1.79463838336,6.3443848375,79.9404372323,2056.6899737,148.274342864,-0.15
1998,2020,5075,ULL,D1 Sun Belt Conference,5363,SHSU,320780020,2020-02-29 13:00:00,7,1,2,2,1924041869,B. Young,R,FA,R,-0.80540768821,3.58901372756,23.4109060264,7.35305691813,6.2307282524,B,K,-1.40455591503,6.64905944591,93.021107919,2163.29116535,197.4159082,0.13
1999,2020,5075,ULL,D1 Sun Belt Conference,5363,SHSU,320780020,2020-02-29 13:00:00,7,2,2,2,1924041869,B. Young,R,CU,R,-0.121990729669,2.13618520737,-7.36931730362,-12.6419700709,5.5627049168,F,K,-1.86767717835,6.11456158004,74.5274468165,2378.14058102,59.923649458,0.0
2000,2020,5075,ULL,D1 Sun Belt Conference,5363,SHSU,320780020,2020-02-29 13:00:00,7,2,2,2,1924041869,B. Young,R,CU,R,1.27366251343,1.73469266914,0.877863224232,-8.39089340036,5.75012877819,SL,K,-1.90786963343,6.20196414432,78.7750555232,2241.98889996,96.2618911347,-0.15
2001,2020,5075,ULL,D1 Sun Belt Conference,5363,SHSU,320780020,2020-02-29 13:00:00,8,0,0,1,1924041869,B. Young,R,FA,L,0.115879553521,0.910686400224,20.3787284334,5.95945880319,6.19357898761,B,K,-1.62750558295,6.16225965535,91.2067038046,2244.43821185,196.277022398,0.13
2002,2020,5075,ULL,D1 Sun Belt Conference,5363,SHSU,320780020,2020-02-29 13:00:00,8,1,0,1,1924041869,B. Young,R,FA,L,-0.733765380755,3.77474118468,17.1604984094,7.21037562719,6.1329711241,B,K,-1.64408857433,6.18135699803,91.2240174997,2220.05811993,202.753425774,0.13
2003,2020,5075,ULL,D1 Sun Belt Conference,5363,SHSU,320780020,2020-02-29 13:00:00,8,2,0,1,1924041869,B. Young,R,FA,L,-0.86425729873,2.67613215596,20.2870641117,7.51554810188,6.1563161602,SL,K,-1.7459361143,6.27372213134,89.2707118712,2227.69685837,200.297539937,-0.15
2004,2020,5075,ULL,D1 Sun Belt Conference,5363,SHSU,320780020,2020-02-29 13:00:00,8,2,1,1,1924041869,B. Young,R,FA,L,-0.222644791777,2.30643189759,21.8328666295,2.26709523434,6.04652910276,F,K,-1.46123103062,6.29625535249,91.2121061257,2245.39090282,185.919741557,-0.15
2005,2020,5075,ULL,D1 Sun Belt Conference,5363,SHSU,320780020,2020-02-29 13:00:00,8,2,2,1,1924041869,B. Young,R,CH,L,0.825172229231,0.699059861968,7.57756907295,13.6053769955,6.39035714732,B,K,-1.97120514735,5.92150115729,81.7481714851,1646.7614948,240.758978644,0.13
2006,2020,5075,ULL,D1 Sun Belt Conference,5363,SHSU,320780020,2020-02-29 13:00:00,8,3,2,1,1924041869,B. Young,R,CH,L,-1.02651434097,1.06190094894,9.92550267969,16.2386674345,6.20819566729,SS,K,-2.21233509204,5.81270459655,82.1514483338,1785.35268939,238.465398817,-0.15
2007,2020,5075,ULL,D1 Sun Belt Conference,5363,SHSU,320780020,2020-02-29 13:00:00,8,0,2,2,1924041869,B. Young,R,FA,R,1.80532178242,3.06557384094,18.6822433164,-0.836411779632,6.36563327368,B,K,-1.16995114446,6.35177939681,92.4197762912,2019.18231428,177.440710541,0.13
2008,2020,5075,ULL,D1 Sun Belt Conference,5363,SHSU,320780020,2020-02-29 13:00:00,8,1,2,2,1924041869,B. Young,R,SL,R,1.59648338497,1.05203780404,3.41501753678,-7.091896026,5.78007204284,SS,K,-1.76124485696,6.31294337836,78.5147306801,1937.42452511,115.993919333,-0.15
2009,2020,5075,ULL,D1 Sun Belt Conference,5363,SHSU,320780020,2020-02-29 13:00:00,9,0,0,0,1924041869,B. Young,R,FA,L,-0.669668851069,3.42211119479,22.1913393826,6.63989240899,6.31812206584,B,K,-1.72632695857,6.15112277527,90.2333669005,2095.53439822,196.634894847,0.13
2010,2020,5075,ULL,D1 Sun Belt Conference,5363,SHSU,320780020,2020-02-29 13:00:00,9,1,0,0,1924041869,B. Young,R,CH,L,0.63461231851,1.10460395148,12.8505675301,15.2986073767,6.37608665305,SL,K,-1.84613503804,5.9320994572,83.5936254705,2003.5638493,229.889230612,-0.15
2011,2020,5075,ULL,D1 Sun Belt Conference,5363,SHSU,320780020,2020-02-29 13:00:00,9,1,1,0,1924041869,B. Young,R,CH,L,-0.00239950513027,1.41704191886,14.4551247408,17.091062903,6.33336677421,SL,K,-2.11760762874,5.91153013024,82.0570018135,2002.21671492,229.700596627,-0.15
2012,2020,5075,ULL,D1 Sun Belt Conference,5363,SHSU,320780020,2020-02-29 13:00:00,9,1,2,0,1924041869,B. Young,R,FA,L,-2.08399264204,2.67402941359,18.9812719472,9.68071313387,6.09491575681,B,K,-1.41873473492,6.25291377189,92.278368152,2232.61221983,206.984468428,0.13
2013,2020,5075,ULL,D1 Sun Belt Conference,5363,SHSU,320780020,2020-02-29 13:00:00,9,2,2,0,1924041869,B. Young,R,CU,L,-1.98838087691,3.07475981598,-1.18808730492,-9.0066195149,5.46627428265,B,K,-2.10672873467,6.00161041431,75.8684353509,2487.64631987,82.7772704768,0.13
2014,2020,5075,ULL,D1 Sun Belt Conference,5363,SHSU,320780020,2020-02-29 13:00:00,9,3,2,0,1924041869,B. Young,R,CH,L,0.143684013279,1.23980508048,13.6146369116,16.7074356406,6.21062869919,SS,K,-1.79517417783,5.9899610163,83.3860959204,1923.49753898,230.746238717,-0.15
2015,2020,5075,ULL,D1 Sun Belt Conference,5363,SHSU,320780020,2020-02-29 13:00:00,9,0,0,1,1924041869,B. Young,R,CH,L,1.0338511062,1.55323261102,6.50120395105,12.5765637968,6.38945428829,SL,ROE,-1.94197456679,5.94237266191,82.1275515716,1825.80578874,242.526993078,-0.15
2016,2020,5075,ULL,D1 Sun Belt Conference,5363,SHSU,320780020,2020-02-29 13:00:00,9,0,1,1,1924041869,B. Young,R,FA,L,-0.703268376494,3.49387619298,21.4322685025,5.47727824324,6.24425179569,F,ROE,-1.66393972227,6.28955031859,91.2471435944,2040.02085813,194.315582878,-0.15
2017,2020,5075,ULL,D1 Sun Belt Conference,5363,SHSU,320780020,2020-02-29 13:00:00,9,0,2,1,1924041869,B. Young,R,CH,L,-0.552097205671,1.61843797133,8.20235931825,20.7558939813,6.3546096602,F,ROE,-2.4519573779,5.79807631601,80.6900851096,1841.29972845,248.341749067,0.0
2018,2020,5075,ULL,D1 Sun Belt Conference,5363,SHSU,320780020,2020-02-29 13:00:00,9,0,2,1,1924041869,B. Young,R,FA,L,0.0191934154909,4.84656279117,18.8443305143,0.49823233984,6.31584941475,B,ROE,-1.40219988355,6.34814722932,91.4880635422,2117.22722374,181.512027648,0.13
2019,2020,5075,ULL,D1 Sun Belt Conference,5363,SHSU,320780020,2020-02-29 13:00:00,9,1,2,1,1924041869,B. Young,R,CH,L,-0.144604592544,1.5297346965,12.8783266281,13.2492774293,6.4157881254,IP,ROE,-1.82184320117,5.94761455206,79.8226833429,1888.0890348,225.722410068,0.0
2020,2020,5075,ULL,D1 Sun Belt Conference,5363,SHSU,320780020,2020-02-29 13:00:00,9,0,0,2,1924041869,B. Young,R,FA,L,-0.0645196430495,5.03635241262,17.4164578628,5.86629287299,6.16547706122,B,BB,-1.68363552033,6.31602142288,92.1141484855,2034.98790335,198.584456813,0.13
2021,2020,5075,ULL,D1 Sun Belt Conference,5363,SHSU,320780020,2020-02-29 13:00:00,9,1,0,2,1924041869,B. Young,R,FA,L,0.167080691428,4.8488975333,17.2531657653,10.2357687998,6.55598177362,B,BB,-1.77882622758,6.09677348927,89.9914226716,2043.99541363,210.632714493,0.13
2022,2020,5075,ULL,D1 Sun Belt Conference,5363,SHSU,320780020,2020-02-29 13:00:00,9,2,0,2,1924041869,B. Young,R,CH,L,-0.517294624085,3.21423621139,9.31396594653,14.1599125317,6.13915143199,SL,BB,-2.06709318288,5.93229316683,81.9964427165,1904.60577205,236.553950917,-0.15
2023,2020,5075,ULL,D1 Sun Belt Conference,5363,SHSU,320780020,2020-02-29 13:00:00,9,2,1,2,1924041869,B. Young,R,FA,L,0.288708225628,4.02753174228,17.2436871974,4.97093040321,6.51298746643,SS,BB,-1.62354260038,6.16909772298,91.9586502713,2176.25686576,196.054173738,-0.15
2024,2020,5075,ULL,D1 Sun Belt Conference,5363,SHSU,320780020,2020-02-29 13:00:00,9,2,2,2,1924041869,B. Young,R,CH,L,0.858256205097,-0.0598264796758,11.51641693,13.726376776,6.26956727318,B,BB,-1.865464395,5.91957833533,80.9517838661,1888.18603755,229.906699242,0.13
2025,2020,5075,ULL,D1 Sun Belt Conference,5363,SHSU,320780020,2020-02-29 13:00:00,9,3,2,2,1924041869,B. Young,R,FA,L,-0.0175291726242,1.14469215936,22.8869808491,4.95512646792,6.38672339224,B,BB,-1.37352389193,6.27345551363,93.462494189,2111.95872411,192.200744703,0.8
2026,2020,5075,ULL,D1 Sun Belt Conference,5363,SHSU,320780020,2020-02-29 13:00:00,9,0,0,2,1924041869,B. Young,R,FA,L,0.922308100382,2.68462411985,19.68688747,5.4491600291,6.35893658292,SL,NO_PLAY,-1.54799390083,6.27583528033,92.8016768083,2013.78849755,195.449081622,-0.15
2027,2020,5075,ULL,D1 Sun Belt Conference,5363,SHSU,320780020,2020-02-29 13:00:00,9,0,1,2,1924041869,B. Young,R,FA,L,-0.255820090048,4.25785831686,16.7649166991,9.79049943007,6.66354371556,B,NO_PLAY,-1.59421411205,6.17500872697,92.0726050338,2123.28865777,210.239681345,0.13
2028,2020,5075,ULL,D1 Sun Belt Conference,5363,SHSU,320780020,2020-02-29 13:00:00,9,1,1,2,1924041869,B. Young,R,CH,L,0.886307642702,2.23184938443,9.40517371881,16.1771545264,6.56556917041,SL,NO_PLAY,-2.01996461623,5.86721623044,80.2436012456,1800.12707662,239.720793483,-0.15
2029,2020,5075,ULL,D1 Sun Belt Conference,5363,SHSU,413536253,2020-02-28 13:00:00,1,0,0,0,1024336429,C. Angel,R,SI,L,-1.17323273971,1.05642304927,-4.00247880282,17.5022596174,5.88236807607,B,K,-2.93892505708,4.92591606134,91.6176526353,1941.2841325,282.784327866,0.13
2030,2020,5075,ULL,D1 Sun Belt Conference,5363,SHSU,413536253,2020-02-28 13:00:00,1,1,0,0,1024336429,C. Angel,R,SI,L,-1.76146119543,1.54453610334,-0.0666842498456,18.5639005266,5.9817421004,B,K,-2.9897797175,5.14168459185,92.4455631892,1982.91304054,270.111351662,0.13
2031,2020,5075,ULL,D1 Sun Belt Conference,5363,SHSU,413536253,2020-02-28 13:00:00,1,2,0,0,1024336429,C. Angel,R,SI,L,-0.643130466594,0.620383622079,2.93509694616,18.0522576515,6.03739729784,B,K,-3.04870460695,5.11993641979,92.6607082585,1951.19597292,260.67015898,0.13
2032,2020,5075,ULL,D1 Sun Belt Conference,5363,SHSU,413536253,2020-02-28 13:00:00,1,3,0,0,1024336429,C. Angel,R,SI,L,-0.421014101907,2.40799055504,-0.76053199526,19.8414968893,6.04022268821,SL,K,-2.86884068346,4.96525171044,92.4559686955,2023.89534701,272.107270345,-0.15
2033,2020,5075,ULL,D1 Sun Belt Conference,5363,SHSU,413536253,2020-02-28 13:00:00,1,3,1,0,1024336429,C. Angel,R,SI,L,-0.622298563519,2.64468570574,-3.06003240918,16.8746146375,6.13738622467,SL,K,-3.01082293356,4.93316015569,91.3148720669,1920.0017417,280.175469605,-0.15
2034,2020,5075,ULL,D1 Sun Belt Conference,5363,SHSU,413536253,2020-02-28 13:00:00,1,3,2,0,1024336429,C. Angel,R,SI,L,-0.525366839933,1.5127687275,-3.02558896084,17.4157413495,6.00996231329,SS,K,-3.01354372987,4.92697440706,92.2138647479,1999.13481611,279.757233725,-0.15
2035,2020,5075,ULL,D1 Sun Belt Conference,5363,SHSU,413536253,2020-02-28 13:00:00,1,0,0,1,1024336429,C. Angel,R,SI,L,0.705315819282,3.06570551851,6.27825663084,17.6729779278,6.00223863322,SL,K,-2.89422842069,5.1391714288,93.2009739941,2097.38787326,250.355933785,-0.15
2036,2020,5075,ULL,D1 Sun Belt Conference,5363,SHSU,413536253,2020-02-28 13:00:00,1,0,1,1,1024336429,C. Angel,R,FS,L,1.31655526549,0.623081969328,-7.15366168343,11.3562418827,6.45326584859,B,K,-2.92532047474,4.79987704939,83.2620867759,1472.63374089,302.073299472,0.13
2037,2020,5075,ULL,D1 Sun Belt Conference,5363,SHSU,413536253,2020-02-28 13:00:00,1,1,1,1,1024336429,C. Angel,R,SI,L,0.363474649718,3.01120320729,4.02519084655,18.2363055923,6.26095481292,F,K,-2.85851233426,5.14365322672,93.4158819316,1973.99911096,257.463597393,-0.15
2038,2020,5075,ULL,D1 Sun Belt Conference,5363,SHSU,413536253,2020-02-28 13:00:00,1,1,2,1,1024336429,C. Angel,R,CH,L,-2.45027786955,1.3408826645,2.03035324189,13.2803037076,6.57222373843,B,K,-3.04776368606,4.78090873311,82.3702598144,1501.00005293,261.148101585,0.13
2039,2020,5075,ULL,D1 Sun Belt Conference,5363,SHSU,413536253,2020-02-28 13:00:00,1,2,2,1,1024336429,C. Angel,R,CU,L,-0.168008456694,1.39459014857,-3.47291153045,-12.2861161307,5.85323365314,SS,K,-2.7480853378,4.98106120659,78.1204425029,1711.50599816,74.4042942068,-0.15
2040,2020,5075,ULL,D1 Sun Belt Conference,5363,SHSU,413536253,2020-02-28 13:00:00,1,0,0,2,1024336429,C. Angel,R,SI,L,0.288990621552,1.1060567437,0.810041054825,21.2311058456,6.01556303061,B,BB,-3.01732968821,5.01175820572,92.5448144519,2050.89133592,267.731436868,0.13
2041,2020,5075,ULL,D1 Sun Belt Conference,5363,SHSU,413536253,2020-02-28 13:00:00,1,1,0,2,1024336429,C. Angel,R,FS,L,-1.74718292629,0.38863530266,-7.66631327196,17.1753820313,6.38473642057,B,BB,-3.06125458295,4.75523426041,82.9178707587,1686.06208874,293.94829968,0.13
2042,2020,5075,ULL,D1 Sun Belt Conference,5363,SHSU,413536253,2020-02-28 13:00:00,1,2,0,2,1024336429,C. Angel,R,SI,L,0.463220110045,1.11867256027,1.66885991585,19.2993790364,6.08728922996,B,BB,-2.7466185071,5.00088159521,91.9526044066,2058.94569625,264.965793152,0.13
2043,2020,5075,ULL,D1 Sun Belt Conference,5363,SHSU,413536253,2020-02-28 13:00:00,1,3,0,2,1024336429,C. Angel,R,SI,L,-1.22264375862,1.03687579721,1.45763949137,20.2045761168,6.14886986726,B,BB,-2.92858812554,4.99263692201,91.7212190254,2076.96424722,265.785213949,0.8
2044,2020,5075,ULL,D1 Sun Belt Conference,5363,SHSU,413536253,2020-02-28 13:00:00,1,0,0,2,1024336429,C. Angel,R,SI,R,0.100964154568,1.28303167817,4.65609958055,18.5373327972,6.18384772618,SL,K,-2.93115860484,5.05915086744,92.25027178,2122.35226616,255.810263655,-0.15
2045,2020,5075,ULL,D1 Sun Belt Conference,5363,SHSU,413536253,2020-02-28 13:00:00,1,0,1,2,1024336429,C. Angel,R,SI,R,2.79801661534,1.87219898058,4.69944834469,19.1388367966,6.17724814379,B,K,-2.803341178,5.09181161349,92.1517925619,2034.56269447,256.116076672,0.13
2046,2020,5075,ULL,D1 Sun Belt Conference,5363,SHSU,413536253,2020-02-28 13:00:00,1,1,1,2,1024336429,C. Angel,R,SI,R,0.472970684278,2.03051216739,2.2247653655,19.0184414909,6.32938248153,SS,K,-2.85088126488,4.86500335868,91.6735232509,2081.81655648,263.234913115,-0.15
2047,2020,5075,ULL,D1 Sun Belt Conference,5363,SHSU,413536253,2020-02-28 13:00:00,1,1,2,2,1024336429,C. Angel,R,CU,R,3.99634732115,0.826584833839,-3.36350144449,-12.0624269956,5.97956137801,SS,K,-2.7851583042,5.04923616865,78.7311920087,1909.9509034,74.6102445773,-0.15
2048,2020,5075,ULL,D1 Sun Belt Conference,5363,SHSU,413536253,2020-02-28 13:00:00,2,0,0,0,1024336429,C. Angel,R,SI,L,-0.708351957942,1.1820772799,2.71185275471,16.9926274478,5.94290283368,B,S,-2.83409566543,5.2573953975,90.4612627576,1965.70693268,260.825975058,0.13
2049,2020,5075,ULL,D1 Sun Belt Conference,5363,SHSU,413536253,2020-02-28 13:00:00,2,1,0,0,1024336429,C. Angel,R,SI,L,-0.979174695132,2.60902795314,2.8109514624,18.0124465856,5.8098376217,SL,S,-2.75874836919,5.14679031132,90.4479759027,1964.76321229,261.029155696,-0.15
2050,2020,5075,ULL,D1 Sun Belt Conference,5363,SHSU,413536253,2020-02-28 13:00:00,2,1,1,0,1024336429,C. Angel,R,SI,L,-0.537552041207,2.37904322754,2.35326789978,17.7056877186,5.88771017109,IP,S,-2.75699658966,5.16297551478,90.0673052324,1963.6444968,262.325345192,1.0
2051,2020,5075,ULL,D1 Sun Belt Conference,5363,SHSU,413536253,2020-02-28 13:00:00,2,0,0,0,1024336429,C. Angel,R,SI,R,-2.07683846843,2.03746008256,2.02315015399,17.5115396202,6.10743510257,B,K,-2.97117598656,5.09648875007,90.0645474846,2013.44034343,263.305287513,0.13
2052,2020,5075,ULL,D1 Sun Belt Conference,5363,SHSU,413536253,2020-02-28 13:00:00,2,1,0,1,1024336429,C. Angel,R,SI,R,-1.55976386102,2.68678737364,3.85043852792,18.4524213371,6.13706373527,B,K,-2.82551427556,4.95996520615,90.4572911012,1974.47777202,258.118200362,0.13
2053,2020,5075,ULL,D1 Sun Belt Conference,5363,SHSU,413536253,2020-02-28 13:00:00,2,2,0,1,1024336429,C. Angel,R,SI,R,-1.29443727805,2.66003037058,4.52609273164,18.0261681387,6.18755522711,B,K,-2.82401999899,5.12250390662,91.0969009342,1981.39230257,255.811417077,0.13
2054,2020,5075,ULL,D1 Sun Belt Conference,5363,SHSU,413536253,2020-02-28 13:00:00,2,3,0,1,1024336429,C. Angel,R,SI,R,-0.241147224897,1.90431687592,2.03106700202,17.9859914745,6.17706237446,SL,K,-2.88017889308,5.08366241545,89.7537982437,1998.81048325,263.454365955,-0.15
2055,2020,5075,ULL,D1 Sun Belt Conference,5363,SHSU,413536253,2020-02-28 13:00:00,2,3,1,1,1024336429,C. Angel,R,SI,R,0.613114595617,2.26163225282,-3.25453159302,17.8871545096,6.11520194631,SL,K,-2.92472209644,4.98051842478,89.5153751159,2047.46293215,280.210198317,-0.15
2056,2020,5075,ULL,D1 Sun Belt Conference,5363,SHSU,413536253,2020-02-28 13:00:00,2,3,2,1,1024336429,C. Angel,R,SI,R,-0.178016417876,1.51076594969,-1.47217827679,19.1003500608,5.97202919745,F,K,-2.95136441993,5.18127598033,91.1679602615,1996.29201377,274.312297599,0.0
2057,2020,5075,ULL,D1 Sun Belt Conference,5363,SHSU,413536253,2020-02-28 13:00:00,2,3,2,1,1024336429,C. Angel,R,SI,R,0.43442701509,2.40325171036,-0.107959152775,18.3741467256,6.34165546624,SL,K,-2.97724361798,5.12290008818,91.7257522043,1976.28638987,270.240791107,-0.15
2058,2020,5075,ULL,D1 Sun Belt Conference,5363,SHSU,413536253,2020-02-28 13:00:00,2,0,0,2,1024336429,C. Angel,R,SI,L,0.203227693535,2.10338610259,0.89705041841,18.0490537945,5.899431613,SL,K,-2.92607207346,5.24310789738,90.8207258727,2049.90536948,267.053589253,-0.15
2059,2020,5075,ULL,D1 Sun Belt Conference,5363,SHSU,413536253,2020-02-28 13:00:00,2,0,1,2,1024336429,C. Angel,R,CU,L,0.727571447477,2.42173902728,0.503634966612,-15.9851165654,5.78317023947,SL,K,-2.96298851644,5.10510254092,76.2736056394,1773.4715723,91.9675085286,-0.15
2060,2020,5075,ULL,D1 Sun Belt Conference,5363,SHSU,413536253,2020-02-28 13:00:00,2,0,2,2,1024336429,C. Angel,R,FA,L,1.24642489764,3.86356423825,12.6267937251,14.3898716656,5.84499492289,B,K,-2.6088659037,5.74884193503,92.3743965987,2012.80050232,228.664285351,0.13
2061,2020,5075,ULL,D1 Sun Belt Conference,5363,SHSU,413536253,2020-02-28 13:00:00,2,1,2,2,1024336429,C. Angel,R,CU,L,-2.84826020132,2.76129194967,-0.375549251618,-12.9675326934,5.6852176032,B,K,-2.85796941927,5.15709531061,75.6491879383,1882.32219328,88.545136969,0.13
2062,2020,5075,ULL,D1 Sun Belt Conference,5363,SHSU,413536253,2020-02-28 13:00:00,2,2,2,2,1024336429,C. Angel,R,SI,L,-0.749908644193,2.64479972479,-0.0204724914586,19.3746476066,6.25304520117,F,K,-3.08386952281,5.10941393638,90.6871925943,1981.60129295,269.967118332,0.0
2063,2020,5075,ULL,D1 Sun Belt Conference,5363,SHSU,413536253,2020-02-28 13:00:00,2,2,2,2,1024336429,C. Angel,R,SI,L,-0.0890490718263,2.74344957243,7.28619626673,17.3142301698,5.91571602064,SS,K,-2.79520312101,5.20382014859,89.8671388009,1925.48287251,247.08543301,-0.15
2064,2020,5075,ULL,D1 Sun Belt Conference,5363,SHSU,413536253,2020-02-28 13:00:00,3,0,0,0,1024336429,C. Angel,R,SI,R,1.98031366458,1.76728221385,1.04754304187,19.2786525465,5.96282481912,B,IP_OUT,-3.00056856033,5.17810796137,90.567839815,2067.22721031,266.793460509,0.13
2065,2020,5075,ULL,D1 Sun Belt Conference,5363,SHSU,413536253,2020-02-28 13:00:00,3,1,0,0,1024336429,C. Angel,R,SI,R,0.525888008231,2.11613068599,3.88032151981,19.5657274588,6.00040422558,SL,IP_OUT,-3.02032066194,5.19086320099,90.1728697152,2015.06146967,258.690583505,-0.15
2066,2020,5075,ULL,D1 Sun Belt Conference,5363,SHSU,413536253,2020-02-28 13:00:00,3,1,1,0,1024336429,C. Angel,R,SI,R,0.225362397155,2.48290969043,3.20058768272,16.5443077341,6.15499799903,F,IP_OUT,-2.78921519284,5.12137394636,89.9487504668,2085.18291577,258.94253576,-0.15
2067,2020,5075,ULL,D1 Sun Belt Conference,5363,SHSU,413536253,2020-02-28 13:00:00,3,1,2,0,1024336429,C. Angel,R,CU,R,3.63377607288,1.1292952945,-1.56551075891,-16.4445120067,5.8283040848,B,IP_OUT,-2.88584471986,5.20183081057,76.773276935,1771.81361016,84.7189876834,0.13
2068,2020,5075,ULL,D1 Sun Belt Conference,5363,SHSU,413536253,2020-02-28 13:00:00,3,0,0,1,1024336429,C. Angel,R,SI,L,-1.09591250901,1.68747853831,-3.81299888808,17.0509168847,6.15944461277,B,BB,-3.11764502282,4.81664857225,88.5972515354,1952.56558094,282.498903172,0.13
2069,2020,5075,ULL,D1 Sun Belt Conference,5363,SHSU,413536253,2020-02-28 13:00:00,3,1,0,1,1024336429,C. Angel,R,SI,L,-0.0825783334741,1.4866297648,1.54429871507,14.3162013702,6.11669103604,B,BB,-2.88691203243,5.1808369652,90.0660119006,1908.93789337,263.71536246,0.13
2070,2020,5075,ULL,D1 Sun Belt Conference,5363,SHSU,413536253,2020-02-28 13:00:00,3,2,0,1,1024336429,C. Angel,R,SI,L,-0.834307639829,1.26769018844,0.29419397493,19.6714429478,6.01847873321,B,BB,-2.99425281319,4.94028256301,89.8369257223,1882.59564983,269.048491232,0.13
2071,2020,5075,ULL,D1 Sun Belt Conference,5363,SHSU,413536253,2020-02-28 13:00:00,3,3,0,1,1024336429,C. Angel,R,SI,L,-1.23729426893,2.84547037236,0.301696187625,18.691249154,6.38853636972,B,BB,-2.96982248869,5.06089001125,88.2862921176,1913.73235773,268.97316982,0.8
2072,2020,5075,ULL,D1 Sun Belt Conference,5363,SHSU,413536253,2020-02-28 13:00:00,3,0,0,1,1024336429,C. Angel,R,SI,L,1.00731455422,2.64467375845,3.09884938643,17.6194465313,6.06323689972,SL,K,-2.66950250606,5.01997492916,89.3960748889,1913.47841582,259.920965828,-0.15
2073,2020,5075,ULL,D1 Sun Belt Conference,5363,SHSU,413536253,2020-02-28 13:00:00,3,0,1,1,1024336429,C. Angel,R,SI,L,-0.955578922871,2.01464878655,2.70310787603,18.1187190186,6.02586153339,SL,K,-2.87600550047,4.90949018843,89.4158401018,1873.69239387,261.412679887,-0.15
2074,2020,5075,ULL,D1 Sun Belt Conference,5363,SHSU,413536253,2020-02-28 13:00:00,3,0,2,1,1024336429,C. Angel,R,CU,L,0.0717871735802,1.87372074932,-5.90795038516,-11.0963448092,5.93209998876,SL,K,-2.89837711079,5.04856943213,76.4006796794,1814.12174364,62.1508970636,-0.15
2075,2020,5075,ULL,D1 Sun Belt Conference,5363,SHSU,413536253,2020-02-28 13:00:00,3,0,0,2,1024336429,C. Angel,R,SI,L,-0.90973971413,0.513475950521,-2.03612342223,18.5639143731,5.87659345738,B,D,-2.87886630108,5.01908345877,89.8655275491,1993.79743937,276.159375292,0.13
2076,2020,5075,ULL,D1 Sun Belt Conference,5363,SHSU,413536253,2020-02-28 13:00:00,3,1,0,2,1024336429,C. Angel,R,SI,L,-1.02106835109,2.53832164431,-0.460219270148,18.0070268959,6.17461866548,F,D,-2.81637409684,4.97244446334,89.9111219453,1907.34165864,271.361169834,-0.15
2077,2020,5075,ULL,D1 Sun Belt Conference,5363,SHSU,413536253,2020-02-28 13:00:00,3,1,1,2,1024336429,C. Angel,R,SI,L,1.19529466955,2.16963897323,7.67592354323,17.4160145806,5.99126607889,B,D,-2.81361655531,5.16922470255,90.3303533015,2032.79639905,246.126352481,0.13
2078,2020,5075,ULL,D1 Sun Belt Conference,5363,SHSU,413536253,2020-02-28 13:00:00,3,2,1,2,1024336429,C. Angel,R,SI,L,-1.00682930456,1.16121688331,3.71777767629,16.1686493329,6.19344021111,B,D,-2.74186147125,5.20057328913,89.7229107004,1952.77946537,256.941923736,0.13
2079,2020,5075,ULL,D1 Sun Belt Conference,5363,SHSU,413536253,2020-02-28 13:00:00,3,3,1,2,1024336429,C. Angel,R,SI,L,-0.415343606718,2.0502354554,-3.31978114723,16.7029259316,6.35905269209,IP,D,-2.80117498893,4.967809298,88.8307615027,1853.57290608,281.132900889,1.26
2080,2020,5075,ULL,D1 Sun Belt Conference,5363,SHSU,413536253,2020-02-28 13:00:00,3,0,0,2,1024336429,C. Angel,R,CU,L,1.47046129598,2.04620162111,1.06796183578,-14.9675647468,6.17232053725,B,K,-3.12878099701,5.0390340061,77.4415172151,1475.32313894,94.2472401973,0.13
2081,2020,5075,ULL,D1 Sun Belt Conference,5363,SHSU,413536253,2020-02-28 13:00:00,3,1,0,2,1024336429,C. Angel,R,SI,L,-0.372265282269,1.98200747201,-0.215318506673,18.109277188,6.16930971068,F,K,-2.96981000885,5.01197213372,89.3160172458,2009.92467678,270.577588198,-0.15
2082,2020,5075,ULL,D1 Sun Belt Conference,5363,SHSU,413536253,2020-02-28 13:00:00,3,1,1,2,1024336429,C. Angel,R,CU,L,-0.0754035685023,0.664470315489,-9.92683657961,-10.3377164775,5.76781704349,B,K,-2.88839189697,5.23900867699,76.9547537238,1440.07180878,46.2924478649,0.13
2083,2020,5075,ULL,D1 Sun Belt Conference,5363,SHSU,413536253,2020-02-28 13:00:00,3,2,1,2,1024336429,C. Angel,R,SI,L,-0.809315763256,1.37945544666,0.476538500851,14.4470658849,6.19802444232,B,K,-3.07741467993,4.97530384465,90.8891600451,1974.70376867,267.986103006,0.13
2084,2020,5075,ULL,D1 Sun Belt Conference,5363,SHSU,413536253,2020-02-28 13:00:00,3,3,1,2,1024336429,C. Angel,R,CU,L,0.0325085800018,2.37291444324,-0.550574032924,-15.6601946176,6.06645133816,SL,K,-3.06288680413,5.06341316778,75.3925919661,1861.45721123,88.1541740431,-0.15
2085,2020,5075,ULL,D1 Sun Belt Conference,5363,SHSU,413536253,2020-02-28 13:00:00,3,3,2,2,1024336429,C. Angel,R,SI,L,-0.745094854139,1.66835368583,1.15493048574,14.9901168589,6.09383233443,F,K,-3.00650786018,5.02289184561,91.1725023602,1963.42183111,265.474717034,0.0
2086,2020,5075,ULL,D1 Sun Belt Conference,5363,SHSU,413536253,2020-02-28 13:00:00,3,3,2,2,1024336429,C. Angel,R,SI,L,-0.556338432805,1.54559174062,0.564593282563,18.7644152068,6.21074951379,SS,K,-3.09721816542,4.95609553691,90.8708252398,1981.48332665,268.179539946,-0.15
2087,2020,5075,ULL,D1 Sun Belt Conference,5363,SHSU,413536253,2020-02-28 13:00:00,4,0,0,0,1024336429,C. Angel,R,CU,R,2.17980467598,1.24005037049,2.06521656408,-11.2760949542,5.73227341543,B,K,-2.81687610624,5.18798578061,76.0978548206,1614.38266631,100.605348665,0.13
2088,2020,5075,ULL,D1 Sun Belt Conference,5363,SHSU,413536253,2020-02-28 13:00:00,4,1,0,0,1024336429,C. Angel,R,SI,R,1.2721218276,2.08812409901,1.05830349176,16.9149908314,6.11729275439,SS,K,-2.96535840259,5.13026134689,89.679114673,1911.54771349,266.309102556,-0.15
2089,2020,5075,ULL,D1 Sun Belt Conference,5363,SHSU,413536253,2020-02-28 13:00:00,4,1,1,0,1024336429,C. Angel,R,SI,R,0.401678281887,1.75450285119,1.01885164692,18.0317353574,5.996958971,F,K,-2.95972632024,5.14755570503,90.5296361041,1976.07546112,266.664024539,-0.15
2090,2020,5075,ULL,D1 Sun Belt Conference,5363,SHSU,413536253,2020-02-28 13:00:00,4,1,2,0,1024336429,C. Angel,R,CU,R,1.79541449048,1.95747078716,-2.37258641723,-14.6798539338,5.50560349845,SS,K,-2.96868369056,5.21846770377,76.5718533652,1620.44299875,80.9955518343,-0.15
2091,2020,5075,ULL,D1 Sun Belt Conference,5363,SHSU,413536253,2020-02-28 13:00:00,4,0,0,2,1024336429,C. Angel,R,SI,R,1.83018935381,1.2982757734,-1.7842839464,16.2611124369,6.03782747267,B,IP_OUT,-3.04800925717,5.08844850102,89.3009165074,1915.14111701,276.146018952,0.13
2092,2020,5075,ULL,D1 Sun Belt Conference,5363,SHSU,413536253,2020-02-28 13:00:00,4,1,0,2,1024336429,C. Angel,R,SI,R,-0.383202312786,2.95196681915,2.01297464316,16.8978492296,6.17468271121,SL,IP_OUT,-3.16138189066,5.04113292801,89.0786194074,1903.27838143,263.096512627,-0.15
2093,2020,5075,ULL,D1 Sun Belt Conference,5363,SHSU,413536253,2020-02-28 13:00:00,4,1,1,2,1024336429,C. Angel,R,CU,R,1.52380873593,1.51473071901,-0.634893862595,-10.1173069165,5.73490419631,SS,IP_OUT,-3.00169639481,5.19265348424,77.5399597255,1584.87865596,86.6615179395,-0.15
2094,2020,5075,ULL,D1 Sun Belt Conference,5363,SHSU,413536253,2020-02-28 13:00:00,4,1,2,2,1024336429,C. Angel,R,SL,R,4.53782662724,-0.00334600417001,5.18261911444,-8.21090225674,5.71261654767,B,IP_OUT,-2.89485174445,5.24670929797,78.5858390476,1310.16574689,122.48044807,0.13
2095,2020,5075,ULL,D1 Sun Belt Conference,5363,SHSU,413536253,2020-02-28 13:00:00,4,2,2,2,1024336429,C. Angel,R,SI,R,1.0967962726,0.827969394592,-5.69820490751,16.7929349129,6.04471190952,B,IP_OUT,-3.04782263731,4.98283226017,90.320806165,1899.46416774,288.644580602,0.13
2096,2020,5075,ULL,D1 Sun Belt Conference,5363,SHSU,413536253,2020-02-28 13:00:00,5,0,0,0,1024336429,C. Angel,R,SI,L,-1.01460045184,2.02982506361,3.63998739277,17.2479642897,5.78544814198,B,S,-3.1114905369,5.19944159666,88.7285015585,1893.3162152,257.975486364,0.13
2097,2020,5075,ULL,D1 Sun Belt Conference,5363,SHSU,413536253,2020-02-28 13:00:00,5,1,0,0,1024336429,C. Angel,R,CH,L,-1.39139132071,1.32253623382,-0.581895125878,14.2165860275,6.01899746795,B,S,-2.96509477909,4.94180073956,86.8450288686,1900.64940149,272.202519526,0.13
2098,2020,5075,ULL,D1 Sun Belt Conference,5363,SHSU,413536253,2020-02-28 13:00:00,5,2,0,0,1024336429,C. Angel,R,SI,L,0.539678563114,2.45279835672,3.01298265515,15.643082764,6.15177879223,IP,S,-2.94778316619,5.1784715898,89.0270798237,1912.54967303,258.980389929,1.0
2099,2020,5075,ULL,D1 Sun Belt Conference,5363,SHSU,413536253,2020-02-28 13:00:00,5,0,0,0,1024336429,C. Angel,R,SI,R,-0.1394597669,2.37257804416,4.11521275467,17.2208670315,6.09620208286,SS,IP_OUT,-2.92258901764,5.18476281957,88.8343715844,1940.49543407,256.455133742,-0.15
2100,2020,5075,ULL,D1 Sun Belt Conference,5363,SHSU,413536253,2020-02-28 13:00:00,5,0,1,0,1024336429,C. Angel,R,SI,R,1.02656393509,3.02415624957,0.709691466885,15.9039060292,6.24269996577,B,IP_OUT,-2.93534229225,5.13438218971,88.7691054207,1938.33980462,267.325428386,0.13
2101,2020,5075,ULL,D1 Sun Belt Conference,5363,SHSU,413536253,2020-02-28 13:00:00,5,1,1,0,1024336429,C. Angel,R,CU,R,2.05312809314,0.986083001136,-5.35485702434,-16.2320845328,5.81516851676,B,IP_OUT,-2.87699896599,5.01492950371,76.151643251,1870.00504994,71.8895602448,0.13
2102,2020,5075,ULL,D1 Sun Belt Conference,5363,SHSU,413536253,2020-02-28 13:00:00,5,0,0,1,1024336429,C. Angel,R,SI,L,-0.658976561577,2.24304292095,-1.38682918388,16.9524949091,5.90519282547,SL,S,-3.01673680744,5.18379819083,89.4324740058,1933.58350754,274.565577209,-0.15
2103,2020,5075,ULL,D1 Sun Belt Conference,5363,SHSU,413536253,2020-02-28 13:00:00,5,0,1,1,1024336429,C. Angel,R,SI,L,-1.24254770377,1.68995879764,-0.299061435515,18.8400993356,6.06644522495,B,S,-3.12915294915,4.95129264306,90.2374505558,1906.67639839,270.811099515,0.13
2104,2020,5075,ULL,D1 Sun Belt Conference,5363,SHSU,413536253,2020-02-28 13:00:00,5,1,1,1,1024336429,C. Angel,R,SI,L,-0.227762713419,2.19531536825,-0.313702581483,14.6801536144,6.14411441816,IP,S,-2.82819124144,5.01156760995,89.9135700087,1934.36882936,271.096721646,1.0
2105,2020,5075,ULL,D1 Sun Belt Conference,5363,SHSU,413536253,2020-02-28 13:00:00,5,0,0,1,1024336429,C. Angel,R,SI,L,1.61387157466,1.71401313049,0.952717334159,14.9388523653,6.05606082535,B,FC,-3.06072168787,5.14745478659,89.8754048037,1980.65156501,266.225654584,0.13
2106,2020,5075,ULL,D1 Sun Belt Conference,5363,SHSU,413536253,2020-02-28 13:00:00,5,1,0,1,1024336429,C. Angel,R,SI,L,0.35958913202,1.96008737021,0.0595029092012,15.9197980973,6.189792256,IP,FC,-3.10780672923,5.06581957115,90.1214477542,1949.52222589,269.669701603,-0.21
2107,2020,5075,ULL,D1 Sun Belt Conference,5363,SHSU,413536253,2020-02-28 13:00:00,5,0,0,2,1024336429,C. Angel,R,SL,L,2.68755773327,0.0152070062534,1.38640765298,-7.61246867997,5.8201877061,HBP,HBP,-2.94380369542,5.31220560567,78.2325948153,1524.52469556,100.642928711,0.8
2108,2020,5075,ULL,D1 Sun Belt Conference,5363,SHSU,413536253,2020-02-28 13:00:00,5,0,0,2,1024336429,C. Angel,R,SI,L,-0.309815311668,2.01634118693,1.92078781428,18.8852632976,6.20456708643,IP,S,-2.95329114652,5.07201417098,90.5384843221,2039.33740427,264.096621111,1.0
2109,2020,5075,ULL,D1 Sun Belt Conference,5363,SHSU,413536253,2020-02-28 13:00:00,5,0,0,2,1024336429,C. Angel,R,CU,R,-0.0220101374112,2.82950143371,-5.33467555826,-13.8443141928,5.75565969966,SL,S,-3.03985936979,5.18371947575,76.4982691282,1941.59413938,69.0913597383,-0.15
2110,2020,5075,ULL,D1 Sun Belt Conference,5363,SHSU,413536253,2020-02-28 13:00:00,5,0,1,2,1024336429,C. Angel,R,SI,R,0.298491446376,1.85415807546,-0.39045506738,19.9665696123,6.19376588838,IP,S,-3.04187354591,5.07624303676,90.8856464155,2044.47378469,271.029147055,1.0
2111,2020,5075,ULL,D1 Sun Belt Conference,5363,SHSU,413536253,2020-02-28 13:00:00,5,0,0,2,1024336429,C. Angel,R,CU,L,-0.00857960865259,1.60714326952,-2.97051688273,-11.2951114671,5.82807143333,SL,ROE,-3.06701378779,5.06586783651,77.1341284443,1780.23580501,75.4789517485,-0.15
2112,2020,5075,ULL,D1 Sun Belt Conference,5363,SHSU,413536253,2020-02-28 13:00:00,5,0,1,2,1024336429,C. Angel,R,SI,L,-0.985584142033,2.92763293605,0.00766728082082,17.017239535,6.0852951748,F,ROE,-2.97027877308,5.19560374032,91.2410549769,2045.67435328,269.867774766,-0.15
2113,2020,5075,ULL,D1 Sun Belt Conference,5363,SHSU,413536253,2020-02-28 13:00:00,5,0,2,2,1024336429,C. Angel,R,CU,L,-1.65358129658,1.83169651083,0.166408795885,-15.2562377301,6.40483348303,B,ROE,-3.0367092862,5.09358647694,76.5232492277,1681.03869054,90.7906771796,0.13
2114,2020,5075,ULL,D1 Sun Belt Conference,5363,SHSU,413536253,2020-02-28 13:00:00,5,1,2,2,1024336429,C. Angel,R,CU,L,0.110606915291,2.19131908192,1.69824312311,-15.58185727,6.35264170143,F,ROE,-2.74875124398,5.28150225889,77.4515757974,1769.93231347,96.3778930799,0.0
2115,2020,5075,ULL,D1 Sun Belt Conference,5363,SHSU,413536253,2020-02-28 13:00:00,5,1,2,2,1024336429,C. Angel,R,SI,L,-1.03487899469,1.03836624776,-5.58687130812,17.3557724197,5.95890984195,B,ROE,-3.06994213865,4.92124001095,90.53825479,1965.86926387,287.74741709,0.13
2116,2020,5075,ULL,D1 Sun Belt Conference,5363,SHSU,413536253,2020-02-28 13:00:00,5,2,2,2,1024336429,C. Angel,R,CU,L,0.525725964285,1.81473320311,-6.70900730478,-14.8624523329,5.91936706009,F,ROE,-2.98444696183,5.18043932306,78.2690948939,1684.8046267,65.8451423474,0.0
2117,2020,5075,ULL,D1 Sun Belt Conference,5363,SHSU,413536253,2020-02-28 13:00:00,5,2,2,2,1024336429,C. Angel,R,SI,L,-0.263822424374,1.12050798546,-4.55718773912,16.5871826587,6.2820798457,IP,ROE,-2.95010285839,4.9930664879,91.7037089472,1999.60383601,285.263143701,0.0
2118,2020,5075,ULL,D1 Sun Belt Conference,5363,SHSU,413536253,2020-02-28 13:00:00,5,0,0,2,1024336429,C. Angel,R,CU,R,0.405142888547,0.91161487332,-7.33263916118,-12.7715018318,6.02932084897,B,K,-3.04676357227,5.09578844689,76.8117923732,1850.25637298,60.2901257072,0.13
2119,2020,5075,ULL,D1 Sun Belt Conference,5363,SHSU,413536253,2020-02-28 13:00:00,5,1,0,2,1024336429,C. Angel,R,SI,R,1.32047644375,1.69635275601,1.03310723616,14.9144698498,6.05824677105,SL,K,-3.03678285907,5.12959591212,90.4365251913,1960.6949031,265.914304971,-0.15
2120,2020,5075,ULL,D1 Sun Belt Conference,5363,SHSU,413536253,2020-02-28 13:00:00,5,1,1,2,1024336429,C. Angel,R,CU,R,1.43433149503,0.914071501603,-9.03660309954,-10.2484526663,5.72548088979,B,K,-2.95673591718,5.18859926762,78.1611668588,1678.17933392,48.7348596876,0.13
2121,2020,5075,ULL,D1 Sun Belt Conference,5363,SHSU,413536253,2020-02-28 13:00:00,5,2,1,2,1024336429,C. Angel,R,SI,R,-0.828872776585,1.92844590456,-1.05138901695,14.5118993398,6.29542060327,F,K,-3.08756890726,5.0411624549,90.4162455912,1978.89510928,274.018406141,-0.15
2122,2020,5075,ULL,D1 Sun Belt Conference,5363,SHSU,413536253,2020-02-28 13:00:00,5,2,2,2,1024336429,C. Angel,R,CU,R,-0.0540468128316,1.98515128967,-0.748809300205,-15.7369799428,5.94637132415,SS,K,-2.95071258884,5.17176982721,77.5142835427,1506.25164201,87.4356306811,-0.15
2123,2020,5075,ULL,D1 Sun Belt Conference,5363,SHSU,413536253,2020-02-28 13:00:00,6,0,0,0,1024336429,C. Angel,R,CH,L,0.122988945105,0.82820838678,8.20162501887,7.20675366235,6.54785443661,B,S,-3.06554907242,5.04015016144,79.8260828819,1142.67210364,221.164458803,0.13
2124,2020,5075,ULL,D1 Sun Belt Conference,5363,SHSU,413536253,2020-02-28 13:00:00,6,1,0,0,1024336429,C. Angel,R,SI,L,1.68377424655,1.26688764425,1.23116177285,19.2254611944,6.09770337921,B,S,-2.71040978233,5.20772713235,91.6336343951,1918.87568563,266.242385772,0.13
2125,2020,5075,ULL,D1 Sun Belt Conference,5363,SHSU,413536253,2020-02-28 13:00:00,6,2,0,0,1024336429,C. Angel,R,SI,L,-1.39248285769,1.78609753999,0.848565220115,16.9189756728,6.2215326155,B,S,-2.82400349056,5.15263353271,90.9697734525,1926.95068448,267.022007875,0.13
2126,2020,5075,ULL,D1 Sun Belt Conference,5363,SHSU,413536253,2020-02-28 13:00:00,6,3,0,0,1024336429,C. Angel,R,SI,L,0.87709218062,2.33634680232,1.46010317133,17.0588965583,6.33342898609,SL,S,-2.75079850059,5.1388404912,90.1987784007,1970.23079972,265.000422415,-0.15
2127,2020,5075,ULL,D1 Sun Belt Conference,5363,SHSU,413536253,2020-02-28 13:00:00,6,3,1,0,1024336429,C. Angel,R,SI,L,0.0956459080421,1.60022389614,-2.75035145039,18.4270072179,6.44643806569,IP,S,-3.01934564335,4.91610103046,89.0250775501,1907.83108404,278.388970153,1.0
2128,2020,5075,ULL,D1 Sun Belt Conference,5363,SHSU,413536253,2020-02-28 13:00:00,6,0,0,1,1726171594,C. Cooke,R,FA,L,-0.469350856208,2.53330989744,8.68707529914,15.2246609258,5.76936835721,IP,S,-1.65159228632,5.67961818535,91.1202813322,2115.46822552,240.201356389,1.0
2129,2020,5075,ULL,D1 Sun Belt Conference,5363,SHSU,413536253,2020-02-28 13:00:00,6,0,0,1,1726171594,C. Cooke,R,FA,L,-3.80800471078,5.57668893082,15.8230567841,13.2481057504,5.39902829249,B,K,-1.80982547523,5.79506707899,89.3579631609,2222.92966163,219.878424936,0.13
2130,2020,5075,ULL,D1 Sun Belt Conference,5363,SHSU,413536253,2020-02-28 13:00:00,6,1,0,1,1726171594,C. Cooke,R,CU,L,0.0953661861788,0.8747068175,-12.2274918827,-14.6507734094,4.75596066902,B,K,-1.60554394438,5.83181048205,79.0518745264,2724.09904847,50.253411551,0.13
2131,2020,5075,ULL,D1 Sun Belt Conference,5363,SHSU,413536253,2020-02-28 13:00:00,6,2,0,1,1726171594,C. Cooke,R,FA,L,0.0429135245238,2.89840662978,9.53474730472,17.3780509779,5.43178050189,F,K,-2.10517992837,5.56534065079,90.6102381683,2202.29432439,241.165363712,-0.15
2132,2020,5075,ULL,D1 Sun Belt Conference,5363,SHSU,413536253,2020-02-28 13:00:00,6,2,1,1,1726171594,C. Cooke,R,CU,L,-1.16727841769,2.36309662334,-4.72318834218,-15.3508944632,4.73253447551,SL,K,-1.83860834097,5.75842654173,76.7599459546,2494.68948786,73.0594109857,-0.15
2133,2020,5075,ULL,D1 Sun Belt Conference,5363,SHSU,413536253,2020-02-28 13:00:00,6,2,2,1,1726171594,C. Cooke,R,CU,L,-0.722485863413,1.31251657838,-9.79338326807,-14.3366300808,4.97926112341,B,K,-1.46096713479,5.85413592784,81.9914531062,2777.60691349,55.7745120539,0.13
2134,2020,5075,ULL,D1 Sun Belt Conference,5363,SHSU,413536253,2020-02-28 13:00:00,6,3,2,1,1726171594,C. Cooke,R,CU,L,-0.347674344787,2.79766208493,-7.91342930759,-14.9916499196,4.90216755205,SL,K,-1.57369746002,5.85611170714,75.9014386888,2607.59892268,62.3155747293,-0.15
2135,2020,5075,ULL,D1 Sun Belt Conference,5363,SHSU,413536253,2020-02-28 13:00:00,7,0,0,0,1726171594,C. Cooke,R,CU,L,1.30487549632,1.87514914821,-6.30306384368,-18.2165607567,4.66433875626,SL,IP_OUT,-1.64361620825,5.95891372323,75.3653018383,2537.08810294,71.0528114621,-0.15
2136,2020,5075,ULL,D1 Sun Belt Conference,5363,SHSU,413536253,2020-02-28 13:00:00,7,0,0,1,1726171594,C. Cooke,R,CU,R,0.805696739263,1.47834182241,-12.9455736629,-16.4602187824,4.81854546011,SS,K,-1.56260308775,5.78735975476,78.8488730433,2737.29453512,51.9123959233,-0.15
2137,2020,5075,ULL,D1 Sun Belt Conference,5363,SHSU,413536253,2020-02-28 13:00:00,7,0,1,1,1726171594,C. Cooke,R,CU,R,-0.215338884577,2.11065009321,-7.59189890121,-19.3859705963,4.95528338083,SL,K,-1.56578796439,5.86545912192,80.0608748675,2791.64055545,68.725263471,-0.15
2138,2020,5075,ULL,D1 Sun Belt Conference,5363,SHSU,413536253,2020-02-28 13:00:00,7,0,2,1,1726171594,C. Cooke,R,CU,R,1.77497027913,-0.0854941189113,-11.7013936707,-18.7718959256,5.47506480469,SS,K,-1.29904765316,5.89081311188,81.2936728177,2824.78169561,58.1537194271,-0.15
2139,2020,5075,ULL,D1 Sun Belt Conference,5363,SHSU,413536253,2020-02-28 13:00:00,7,0,0,2,1726171594,C. Cooke,R,CU,L,1.04042810067,1.6303816908,-13.2498474149,-13.6881613736,5.1641429332,B,IP_OUT,-1.42505698014,5.81343148239,80.4482947538,2835.26024978,46.0239339057,0.13
2140,2020,5075,ULL,D1 Sun Belt Conference,5363,SHSU,413536253,2020-02-28 13:00:00,7,1,0,2,1726171594,C. Cooke,R,FA,L,0.296317001985,3.1440161353,13.1228674351,17.3778356641,5.79739297488,SL,IP_OUT,-1.52904985808,5.79183247856,92.1818934185,2294.31855551,232.875476515,-0.15
2141,2020,5075,ULL,D1 Sun Belt Conference,5363,SHSU,413536253,2020-02-28 13:00:00,7,1,1,2,1726171594,C. Cooke,R,CH,L,0.468049613819,2.97102761365,8.1766314566,13.9870803938,6.12006312032,SL,IP_OUT,-1.13238365317,6.08181859245,81.5467698828,1477.05166653,239.569673683,-0.15
2142,2020,5075,ULL,D1 Sun Belt Conference,5363,SHSU,413536253,2020-02-28 13:00:00,7,1,2,2,1726171594,C. Cooke,R,CU,L,0.223103177743,1.92668171828,-6.53823445064,-20.3166200498,4.97089810711,F,IP_OUT,-1.45102864225,5.96219151179,81.9775975341,2792.96038507,72.2666183503,0.0
2143,2020,5075,ULL,D1 Sun Belt Conference,5363,SHSU,413536253,2020-02-28 13:00:00,7,1,2,2,1726171594,C. Cooke,R,FA,L,0.323727046315,6.02602070035,18.569705505,4.71054146021,6.2156873166,B,IP_OUT,-1.3479839272,5.99599844646,91.0210118837,2349.00652111,194.210758625,0.13
2144,2020,5075,ULL,D1 Sun Belt Conference,5363,SHSU,413536253,2020-02-28 13:00:00,8,0,0,0,1726171594,C. Cooke,R,CU,R,0.15153141682,3.05984192744,-11.421125377,-16.9826684623,4.70302707593,SL,S,-1.66591944254,5.77378645676,78.8896162606,2635.1303004,56.1829725203,-0.15
2145,2020,5075,ULL,D1 Sun Belt Conference,5363,SHSU,413536253,2020-02-28 13:00:00,8,0,1,0,1726171594,C. Cooke,R,FA,R,-1.58623076647,4.35262908401,14.1920940007,13.6894104625,5.86366235368,B,S,-2.03613875893,5.66590339877,91.7622672898,2302.58952215,223.903204606,0.13
2146,2020,5075,ULL,D1 Sun Belt Conference,5363,SHSU,413536253,2020-02-28 13:00:00,8,1,1,0,1726171594,C. Cooke,R,CU,R,0.121578596296,1.38830910538,-10.775150486,-13.1634908064,4.83050418505,IP,S,-1.57910613948,5.84814659432,79.8047354814,2676.28617,50.8104421324,1.0
2147,2020,5075,ULL,D1 Sun Belt Conference,5363,SHSU,413536253,2020-02-28 13:00:00,8,0,0,0,1726171594,C. Cooke,R,FA,L,0.00697576193005,4.78948873962,12.81036029,14.6966801492,5.37740208663,B,K,-1.27206826083,5.80982767721,89.3758977751,2221.24275819,228.848244524,0.13
2148,2020,5075,ULL,D1 Sun Belt Conference,5363,SHSU,413536253,2020-02-28 13:00:00,8,1,0,0,1726171594,C. Cooke,R,FA,L,-1.61164247329,3.99235326875,13.8886973544,16.7238324459,5.04387464805,B,K,-1.68155355398,5.96703312156,89.1223528489,2085.03278445,230.221527735,0.13
2149,2020,5075,ULL,D1 Sun Belt Conference,5363,SHSU,413536253,2020-02-28 13:00:00,8,2,0,0,1726171594,C. Cooke,R,FA,L,-0.417915014502,3.12084961159,15.0917843289,13.749797814,5.45541122197,F,K,-1.5161920159,5.88154022446,86.9599158161,2022.4473506,222.268957098,-0.15
2150,2020,5075,ULL,D1 Sun Belt Conference,5363,SHSU,413536253,2020-02-28 13:00:00,8,3,1,0,1726171594,C. Cooke,R,CU,L,0.103549114514,1.59362969596,-10.431104245,-19.1305885462,4.76788220449,F,K,-1.76214040142,6.06201244298,80.598276855,2711.33323168,61.4968056262,-0.15
2151,2020,5075,ULL,D1 Sun Belt Conference,5363,SHSU,413536253,2020-02-28 13:00:00,8,3,2,0,1726171594,C. Cooke,R,FA,L,-0.0166230871226,3.85020339653,18.832055535,7.04350272517,6.06253945923,SS,K,-1.26781869577,5.89360998973,92.4258873632,2312.54114633,200.476015747,-0.15
2152,2020,5075,ULL,D1 Sun Belt Conference,5363,SHSU,413536253,2020-02-28 13:00:00,8,0,0,1,1726171594,C. Cooke,R,CU,R,-0.00999423186681,2.40917475159,-6.34084608034,-14.7085558212,5.32660720094,SS,K,-1.53193101649,5.9434119015,80.2833997277,2715.79796574,66.8166953816,-0.15
2153,2020,5075,ULL,D1 Sun Belt Conference,5363,SHSU,413536253,2020-02-28 13:00:00,8,0,1,1,1726171594,C. Cooke,R,CU,R,-0.00341069511839,2.51900513224,-8.9715004241,-13.4787032226,5.04782003024,SL,K,-1.56404491383,5.94059375755,80.9124360377,2702.75576297,56.474324194,-0.15
2154,2020,5075,ULL,D1 Sun Belt Conference,5363,SHSU,413536253,2020-02-28 13:00:00,8,0,2,1,1726171594,C. Cooke,R,FA,R,0.820604070956,4.24167124047,16.4812334725,11.0017109485,5.53007122202,B,K,-1.95725639156,5.80480799804,92.8774311254,2275.30399857,213.674363341,0.13
2155,2020,5075,ULL,D1 Sun Belt Conference,5363,SHSU,413536253,2020-02-28 13:00:00,8,1,2,1,1726171594,C. Cooke,R,CU,R,0.144686266793,1.22067249149,-6.5772158521,-15.3707260919,5.91449255315,F,K,-1.56951567067,5.75384357403,81.9584499843,2796.97186516,66.9574013762,0.0
2156,2020,5075,ULL,D1 Sun Belt Conference,5363,SHSU,413536253,2020-02-28 13:00:00,8,1,2,1,1726171594,C. Cooke,R,CU,R,2.09969505674,1.98056981961,-7.90720512391,-14.7370416185,5.46634413019,B,K,-1.5859909506,5.90934388295,83.4428352441,2912.73132136,61.9016625724,0.13
2157,2020,5075,ULL,D1 Sun Belt Conference,5363,SHSU,413536253,2020-02-28 13:00:00,8,2,2,1,1726171594,C. Cooke,R,FA,R,0.44584947526,1.25931831213,10.7041533273,16.5551054584,5.599680488,SL,K,-1.44038552618,5.83281034356,92.333366763,2147.23354535,237.037364057,-0.15
2158,2020,5075,ULL,D1 Sun Belt Conference,5363,SHSU,413536253,2020-02-28 13:00:00,8,0,0,2,1726171594,C. Cooke,R,CU,L,0.145463858126,1.35091495186,-9.72414397833,-15.1317566287,4.83764667348,B,IP_OUT,-1.52411983474,6.00862944846,80.0501535868,2765.80171579,57.3891790328,0.13
2159,2020,5075,ULL,D1 Sun Belt Conference,5363,SHSU,413536253,2020-02-28 13:00:00,9,0,0,0,1726171594,C. Cooke,R,CU,L,0.317394190354,2.99366346979,-9.37354075892,-14.9832058042,4.71884773876,SL,IP_OUT,-1.43779334652,5.92840333715,79.9285713505,2677.18462677,58.089422503,-0.15
2160,2020,5075,ULL,D1 Sun Belt Conference,5363,SHSU,413536253,2020-02-28 13:00:00,9,0,1,0,1726171594,C. Cooke,R,CU,L,-0.207601618527,2.12844325772,-10.0907293068,-15.4621733074,4.78714627555,SL,IP_OUT,-1.45753438183,5.91616200717,81.0226651273,2648.1513114,56.9809813901,-0.15
2161,2020,5075,ULL,D1 Sun Belt Conference,5363,SHSU,413536253,2020-02-28 13:00:00,9,0,2,0,1726171594,C. Cooke,R,FA,L,-1.60267754457,4.9839338134,7.88342925986,13.743912341,5.62540499258,B,IP_OUT,-1.50602842205,5.9981747395,90.5977659925,2224.0042644,240.059756809,0.13
2162,2020,5075,ULL,D1 Sun Belt Conference,5363,SHSU,413536253,2020-02-28 13:00:00,9,0,0,1,1726171594,C. Cooke,R,FA,L,-0.825994123306,5.24834909385,16.8996215674,9.19348428093,5.90414977369,B,BB,-1.64341256566,5.63461066082,92.4327017011,2323.51439779,208.502346619,0.13
2163,2020,5075,ULL,D1 Sun Belt Conference,5363,SHSU,413536253,2020-02-28 13:00:00,9,1,0,1,1726171594,C. Cooke,R,FA,L,1.49939539794,3.60615092199,18.3946012711,5.88272176771,5.78872415305,B,BB,-1.72474741003,5.7289491122,91.0852215286,2208.2264342,197.705616698,0.13
2164,2020,5075,ULL,D1 Sun Belt Conference,5363,SHSU,413536253,2020-02-28 13:00:00,9,2,0,1,1726171594,C. Cooke,R,CU,L,0.240081026968,2.07672503872,-1.66841629603,-6.71750305965,4.69286385995,SL,BB,-1.63388947305,5.87866775074,78.7360101216,2608.08383986,76.4110832236,-0.15
2165,2020,5075,ULL,D1 Sun Belt Conference,5363,SHSU,413536253,2020-02-28 13:00:00,9,2,1,1,1726171594,C. Cooke,R,FA,L,-0.982750997422,3.51847939245,7.96756790002,15.9499967585,5.49674095439,B,BB,-1.87509130166,5.65798609472,91.1963197949,2115.72970715,243.363616567,0.13
2166,2020,5075,ULL,D1 Sun Belt Conference,5363,SHSU,413536253,2020-02-28 13:00:00,9,3,1,1,1726171594,C. Cooke,R,FA,L,0.358074576158,4.35230112583,18.4573247766,6.31615861379,5.74100886842,B,BB,-1.55711039185,5.74360938727,91.476024381,2282.14735305,198.860817737,0.8
2167,2020,5075,ULL,D1 Sun Belt Conference,5363,SHSU,413536253,2020-02-28 13:00:00,9,0,0,1,1726171594,C. Cooke,R,CU,L,-0.573694000479,1.67100916454,-11.3853525483,-8.4499840666,4.70617314582,SL,IP_OUT,-1.62345185376,5.88014228288,78.4709443291,2514.79255239,36.6906801181,-0.15
2168,2020,5075,ULL,D1 Sun Belt Conference,5363,SHSU,413536253,2020-02-28 13:00:00,9,0,0,2,1726171594,C. Cooke,R,FA,R,1.76224647806,4.31009886897,16.2858448772,3.51763727484,5.95303508181,B,K,-1.31942990025,5.74768998485,91.1312908881,2294.57014975,192.165128941,0.13
2169,2020,5075,ULL,D1 Sun Belt Conference,5363,SHSU,413536253,2020-02-28 13:00:00,9,1,0,2,1726171594,C. Cooke,R,CU,R,-0.759228262592,2.03068353376,-4.91644708578,-10.3175132873,4.71249390062,SL,K,-1.64368905727,5.87774116963,77.2047931336,2558.58761094,64.7312224429,-0.15
2170,2020,5075,ULL,D1 Sun Belt Conference,5363,SHSU,413536253,2020-02-28 13:00:00,9,1,1,2,1726171594,C. Cooke,R,CU,R,1.14873359663,2.62519381126,-4.31837358052,-11.2273640203,5.00758820257,F,K,-1.69649205168,5.88216462596,80.3785347258,2715.18644568,69.1507642778,-0.15
2171,2020,5075,ULL,D1 Sun Belt Conference,5363,SHSU,413536253,2020-02-28 13:00:00,9,1,2,2,1726171594,C. Cooke,R,CU,R,0.00757461441662,0.585976441645,-13.9163766343,-11.7329097639,5.65466600419,SS,K,-1.44000857455,5.92058122106,82.2710979015,2710.88005839,40.2150543855,-0.15
2172,2020,5075,ULL,D1 Sun Belt Conference,5363,SHSU,413536253,2020-02-28 13:00:00,10,0,0,0,1726171594,C. Cooke,R,CU,L,-0.264379335463,2.42125584703,-1.87326778839,-10.6945693982,4.80353165059,SL,K,-1.58789942204,5.94484166946,77.5121236348,2602.41312388,80.3034904147,-0.15
2173,2020,5075,ULL,D1 Sun Belt Conference,5363,SHSU,413536253,2020-02-28 13:00:00,10,0,1,0,1726171594,C. Cooke,R,SI,L,1.12443754065,0.899115141233,6.0014811014,16.1529953587,5.52631336252,B,K,-1.53479403299,5.8682908554,89.5570075355,2129.20127865,249.51345328,0.13
2174,2020,5075,ULL,D1 Sun Belt Conference,5363,SHSU,413536253,2020-02-28 13:00:00,10,1,1,0,1726171594,C. Cooke,R,CU,L,1.12683691481,-0.0378950077752,-8.08634788183,-18.0228013994,4.86368355222,SS,K,-1.49638045794,5.89424651472,81.6469452864,2737.86142617,65.9456294734,-0.15
2175,2020,5075,ULL,D1 Sun Belt Conference,5363,SHSU,413536253,2020-02-28 13:00:00,10,1,2,0,1726171594,C. Cooke,R,CU,L,0.0146114854937,-0.28505043096,-16.1794582522,-15.6198877057,4.93249060988,SS,K,-1.61493604221,5.85229717303,82.9352347822,2782.56345459,44.0635880628,-0.15
2176,2020,5075,ULL,D1 Sun Belt Conference,5363,SHSU,413536253,2020-02-28 13:00:00,10,0,0,0,1726171594,C. Cooke,R,FA,R,0.546200705677,2.72789810742,16.0798467467,13.6913463443,5.58809425344,SL,IP_OUT,-1.73656286237,5.61483782139,89.3462197328,2131.1624284,220.35379901,-0.15
2177,2020,5075,ULL,D1 Sun Belt Conference,5363,SHSU,413536253,2020-02-28 13:00:00,10,0,0,1,1726171594,C. Cooke,R,FA,L,0.0815091437849,2.01010766635,14.1292297781,14.8620351373,5.34808735874,SL,K,-1.75494144963,5.8498737529,90.4257392484,2213.97884406,226.380891784,-0.15
2178,2020,5075,ULL,D1 Sun Belt Conference,5363,SHSU,413536253,2020-02-28 13:00:00,10,0,1,2,1726171594,C. Cooke,R,CU,L,-0.249309728819,2.19619920737,-14.2457093493,-12.6657888971,4.76120914351,F,K,-1.66441203377,5.9784683216,80.4954832517,2740.227248,41.7261242703,-0.15
2179,2020,5075,ULL,D1 Sun Belt Conference,5363,SHSU,413536253,2020-02-28 13:00:00,10,0,2,2,1726171594,C. Cooke,R,CU,L,-0.956919859602,-0.64286269898,-11.9467360368,-16.2896400084,5.49429158505,B,K,-1.58340506919,5.94297662198,81.5981452048,2747.31741772,53.8374323719,0.13
2180,2020,5075,ULL,D1 Sun Belt Conference,5363,SHSU,413536253,2020-02-28 13:00:00,10,1,2,2,1726171594,C. Cooke,R,SI,L,-0.763142495555,3.70462277426,8.33399927408,15.7425267525,5.36190760226,B,K,-1.4963108757,5.90847185147,89.8564498769,2116.78290297,242.008481525,0.13
2181,2020,5075,ULL,D1 Sun Belt Conference,5363,SHSU,413536253,2020-02-28 13:00:00,10,2,2,2,1726171594,C. Cooke,R,CU,L,0.232641291814,1.93908726114,-12.6766158831,-14.2068930313,5.01264759268,F,K,-1.39008213641,5.82248711667,83.6436625121,2885.32997353,48.3462259031,0.0
2182,2020,5075,ULL,D1 Sun Belt Conference,5363,SHSU,413536253,2020-02-28 13:00:00,10,2,2,2,1726171594,C. Cooke,R,FA,L,-1.17639150662,4.10586555824,9.40527141333,18.8740304649,5.44277399178,B,K,-2.03279962254,5.56680613721,91.7784277456,2163.42452681,243.434997466,0.13
2183,2020,5075,ULL,D1 Sun Belt Conference,5363,SHSU,413536253,2020-02-28 13:00:00,10,3,2,2,1726171594,C. Cooke,R,FA,L,0.316921839983,2.96227157343,12.7451321054,14.8959339252,5.52357793711,SS,K,-1.50579318258,5.81001030746,89.2925541848,2062.28222582,229.375114066,-0.15
2184,2020,5075,ULL,D1 Sun Belt Conference,5363,SHSU,413536253,2020-02-28 13:00:00,11,0,0,0,1726171594,C. Cooke,R,CU,R,0.744397752207,3.06507518169,1.84103295651,-13.0943397677,4.93630211737,SL,IP_OUT,-1.86218143724,5.95400304556,76.5370947305,2581.69470428,98.2016336538,-0.15
2185,2020,5075,ULL,D1 Sun Belt Conference,5363,SHSU,413536253,2020-02-28 13:00:00,11,0,1,0,1726171594,C. Cooke,R,CU,R,-0.295877158806,-0.217686714553,-10.1608039243,-12.6536364172,4.82630864958,B,IP_OUT,-1.79624288763,5.87777922604,81.0742558195,2767.17376383,51.3507583361,0.13
2186,2020,5075,ULL,D1 Sun Belt Conference,5363,SHSU,413536253,2020-02-28 13:00:00,11,1,1,0,1726171594,C. Cooke,R,FA,R,0.257638983057,3.56580461143,17.2943085159,10.1807784166,5.79523273632,SS,IP_OUT,-1.60022631137,5.76139425356,90.2698974883,2342.02090126,210.437162166,-0.15
2187,2020,5075,ULL,D1 Sun Belt Conference,5363,SHSU,413536253,2020-02-28 13:00:00,11,0,0,1,1726171594,C. Cooke,R,FA,L,2.82040313251,3.26005634422,18.8204061249,2.5976919892,6.01592965962,HBP,HBP,-1.05538452717,6.05594558355,90.4892061836,2317.65434443,187.845335422,0.8
2188,2020,5075,ULL,D1 Sun Belt Conference,5363,SHSU,413536253,2020-02-28 13:00:00,11,0,0,1,1726171594,C. Cooke,R,FA,L,0.170953761822,1.68694562256,11.6377783386,17.1543267857,5.49955257184,F,K,-1.68193232875,5.92850147229,87.6053383926,2097.08388885,235.766621919,-0.15
2189,2020,5075,ULL,D1 Sun Belt Conference,5363,SHSU,413536253,2020-02-28 13:00:00,11,0,1,1,1726171594,C. Cooke,R,CU,L,0.0395356041054,2.18464564971,-6.75124388494,-11.8837218244,4.93337444696,SL,K,-1.71610765958,6.01084209196,78.309106963,2587.49819587,60.5621201585,-0.15
2190,2020,5075,ULL,D1 Sun Belt Conference,5363,SHSU,413536253,2020-02-28 13:00:00,11,0,2,1,1726171594,C. Cooke,R,CU,L,-0.895837706807,0.7491551875,-10.5258730218,-17.0921940304,4.78347996133,B,K,-1.63009252942,5.88694267882,81.6423693371,2749.74710979,58.4754266579,0.13
2191,2020,5075,ULL,D1 Sun Belt Conference,5363,SHSU,413536253,2020-02-28 13:00:00,11,1,2,1,1726171594,C. Cooke,R,FA,L,0.215784030639,4.2002032128,19.5358655926,7.37493231409,5.94914003135,SS,K,-1.33500563936,5.94238371314,90.6204266234,2349.37330816,200.650765085,-0.15
2192,2020,5075,ULL,D1 Sun Belt Conference,5363,SHSU,413536253,2020-02-28 13:00:00,11,0,0,2,1726171594,C. Cooke,R,FA,L,0.0689106611868,0.567815132686,11.9740839522,16.7553829587,5.46968213827,B,IBB,-1.51340569978,5.9461245452,88.561395279,2018.94718455,234.371260008,0.13
2193,2020,5075,ULL,D1 Sun Belt Conference,5363,SHSU,413536253,2020-02-28 13:00:00,11,1,0,2,1726171594,C. Cooke,R,CH,L,-1.71157616201,3.78909019422,17.3851997813,7.11738987357,5.79918993204,B,IBB,-1.53161020107,6.03935430562,79.1164060452,1415.3574003,202.214891951,0.13
2194,2020,5075,ULL,D1 Sun Belt Conference,5363,SHSU,413536253,2020-02-28 13:00:00,11,2,0,2,1726171594,C. Cooke,R,CU,L,0.353574389641,1.74641013329,-8.13120262471,-14.6913247004,4.93004993506,SL,IBB,-1.73743017675,5.82284002312,77.7932372521,2625.22470034,61.1725400261,-0.15
2195,2020,5075,ULL,D1 Sun Belt Conference,5363,SHSU,413536253,2020-02-28 13:00:00,11,2,1,2,1726171594,C. Cooke,R,SI,L,1.10575773836,1.30035813541,10.9435588341,15.7181858682,5.63779883333,B,IBB,-1.42771850977,5.74677715109,90.021285216,2158.2203938,235.071731212,0.13
2196,2020,5075,ULL,D1 Sun Belt Conference,5363,SHSU,413536253,2020-02-28 13:00:00,11,0,0,2,1726171594,C. Cooke,R,CU,R,-0.111266684449,2.19601322771,-5.37622070961,-16.4726883626,4.98586635354,SL,K,-1.60766087842,5.89342984227,75.9480090098,2523.26409652,72.0750187856,-0.15
2197,2020,5075,ULL,D1 Sun Belt Conference,5363,SHSU,413536253,2020-02-28 13:00:00,11,0,1,2,1726171594,C. Cooke,R,FA,R,1.88530310858,3.16776726379,17.5161013751,6.09792699852,6.20919326512,B,K,-1.61903980749,5.57124906888,90.4625257465,2343.0839285,199.162308852,0.13
2198,2020,5075,ULL,D1 Sun Belt Conference,5363,SHSU,413536253,2020-02-28 13:00:00,11,1,1,2,1726171594,C. Cooke,R,CU,R,1.66304166944,0.359884193659,-6.94225911034,-15.6215041922,4.86897475027,SS,K,-1.61801741099,5.6578923595,81.3903436143,2739.04330592,66.1673118703,-0.15
2199,2020,5075,ULL,D1 Sun Belt Conference,5363,SHSU,413536253,2020-02-28 13:00:00,11,1,2,2,1726171594,C. Cooke,R,CU,R,1.14744362865,1.80179516479,-5.29412058046,-16.0519299489,4.95028471734,SS,K,-1.78581938176,5.67083855743,80.378393042,2720.70282371,71.884071141,-0.15
2200,2020,245,TEX,D1 Big 12 Conference,5363,SHSU,322937082,2020-02-25 13:00:00,1,0,0,0,1066263086,P. Hansen,L,FA,R,1.58794694137,1.05199693097,16.8970144509,-7.01403714834,6.16599773467,B,IP_OUT,0.849499916615,6.50530370023,89.4104537163,2300.86491637,157.495339829,0.13
2201,2020,245,TEX,D1 Big 12 Conference,5363,SHSU,322937082,2020-02-25 13:00:00,1,0,0,1,1066263086,P. Hansen,L,FA,L,0.172411185586,1.19181994965,18.8217588501,-3.04399211022,6.09734087935,B,ROE,0.759406526144,6.46450289645,90.1498188567,2285.77402188,170.828572822,0.13
2202,2020,245,TEX,D1 Big 12 Conference,5363,SHSU,322937082,2020-02-25 13:00:00,1,1,0,1,1066263086,P. Hansen,L,FA,L,-0.140218346216,2.3073197355,16.2991640605,-2.34150996931,6.28955165806,SL,ROE,0.699484055003,6.49084141899,89.905477824,2263.28492278,171.840598286,-0.15
2203,2020,245,TEX,D1 Big 12 Conference,5363,SHSU,322937082,2020-02-25 13:00:00,1,1,1,1,1066263086,P. Hansen,L,FA,L,0.639083647078,3.14953512591,18.9948738057,-2.85938070263,6.32823532842,IP,ROE,0.680508651568,6.5165378256,89.7120726736,2264.48867575,171.453457619,0.0
2204,2020,245,TEX,D1 Big 12 Conference,5363,SHSU,322937082,2020-02-25 13:00:00,1,0,0,1,1066263086,P. Hansen,L,SL,R,-0.295853153712,2.33675346024,-0.260749223194,-1.09460595726,6.15686163668,F,S,1.09161420738,6.40412038982,80.169665939,2534.78660202,78.624441387,-0.15
2205,2020,245,TEX,D1 Big 12 Conference,5363,SHSU,322937082,2020-02-25 13:00:00,1,0,1,1,1066263086,P. Hansen,L,FA,R,-0.119190125616,2.55764769528,17.1344423739,-4.21489677536,6.2612004327,IP,S,0.825070706702,6.55455996641,89.8696668838,2288.50973828,166.20516822,1.0
2206,2020,245,TEX,D1 Big 12 Conference,5363,SHSU,322937082,2020-02-25 13:00:00,1,0,0,1,1066263086,P. Hansen,L,FA,L,-0.239446377794,2.63990739166,18.4885108,-7.02822093983,6.22712978625,SL,BB,0.660270107856,6.5171499734,89.8260356069,2231.32586876,159.219293944,-0.15
2207,2020,245,TEX,D1 Big 12 Conference,5363,SHSU,322937082,2020-02-25 13:00:00,1,0,1,1,1066263086,P. Hansen,L,SL,L,-0.475478080349,3.5461308773,5.08128967569,-0.407481951497,6.20578130776,B,BB,0.903136475722,6.38389828025,80.7385870369,2551.89239177,175.450724243,0.13
2208,2020,245,TEX,D1 Big 12 Conference,5363,SHSU,322937082,2020-02-25 13:00:00,1,1,1,1,1066263086,P. Hansen,L,SL,L,-0.180188333499,1.81687934049,4.19827553261,1.02387949187,6.1912630834,SS,BB,0.989568500248,6.33300617196,79.2716548193,2557.37077496,193.577672721,-0.15
2209,2020,245,TEX,D1 Big 12 Conference,5363,SHSU,322937082,2020-02-25 13:00:00,1,1,2,1,1066263086,P. Hansen,L,SL,L,-1.63435238642,2.63537252494,1.33951879728,2.73313873672,6.12379439227,B,BB,0.855207445236,6.36153208021,80.8228463915,2551.54871698,243.216821133,0.13
2210,2020,245,TEX,D1 Big 12 Conference,5363,SHSU,322937082,2020-02-25 13:00:00,1,2,2,1,1066263086,P. Hansen,L,FA,L,-0.218629738234,0.736958588233,14.6025566587,-5.21874352266,6.29538704378,B,BB,0.756084734048,6.47641111321,88.8896345079,2256.36593803,160.374568938,0.13
2211,2020,245,TEX,D1 Big 12 Conference,5363,SHSU,322937082,2020-02-25 13:00:00,1,3,2,1,1066263086,P. Hansen,L,SL,L,-0.144216517434,4.33082778438,5.06698078499,1.86785885621,6.19564046235,B,BB,1.13991087945,6.39402807902,80.0584968037,2497.13777636,200.089215491,0.8
2212,2020,245,TEX,D1 Big 12 Conference,5363,SHSU,322937082,2020-02-25 13:00:00,1,0,0,1,1066263086,P. Hansen,L,CH,R,0.533785541404,0.87095998835,6.57713517534,-5.86399199346,6.00858044193,B,IP_OUT,0.98131964312,6.43773827047,81.8101645522,1606.83060154,138.448188467,0.13
2213,2020,245,TEX,D1 Big 12 Conference,5363,SHSU,322937082,2020-02-25 13:00:00,1,1,0,1,1066263086,P. Hansen,L,SL,R,0.416224999038,3.20037128633,2.47221856719,1.58169639522,6.10750488564,SL,IP_OUT,1.04193834214,6.3623460362,79.0723818048,2517.88334989,212.178944547,-0.15
2214,2020,245,TEX,D1 Big 12 Conference,5363,SHSU,322937082,2020-02-25 13:00:00,1,1,1,1,1066263086,P. Hansen,L,FA,R,-0.350063200493,2.64449143427,14.1156402466,-9.46544166822,6.28931376271,F,IP_OUT,0.881452376753,6.46519731446,89.9175674031,2303.21086613,146.215454929,-0.15
2215,2020,245,TEX,D1 Big 12 Conference,5363,SHSU,322937082,2020-02-25 13:00:00,1,1,2,1,1066263086,P. Hansen,L,FA,R,-0.724285731875,3.31948918602,14.2967854619,-4.1398694453,6.4259436777,F,IP_OUT,0.807777692897,6.40726382299,89.5060242025,2265.05110146,163.884990681,0.0
2216,2020,245,TEX,D1 Big 12 Conference,5363,SHSU,322937082,2020-02-25 13:00:00,1,1,2,1,1066263086,P. Hansen,L,SL,R,-0.00967650539758,3.79532203929,0.106271541591,0.209759471529,6.18258669214,B,IP_OUT,0.927958499918,6.33385891525,80.1347210689,2459.76279162,234.921493737,0.13
2217,2020,245,TEX,D1 Big 12 Conference,5363,SHSU,322937082,2020-02-25 13:00:00,1,2,2,1,1066263086,P. Hansen,L,FA,R,-0.367571070118,3.40060570372,14.7096785732,-2.94379931792,6.2595619438,F,IP_OUT,0.696104908762,6.53317923116,88.3951304873,2278.08729004,168.708315117,0.0
2218,2020,245,TEX,D1 Big 12 Conference,5363,SHSU,322937082,2020-02-25 13:00:00,1,0,0,2,1066263086,P. Hansen,L,FA,L,-0.91254370045,1.50902844476,14.0740166987,-4.25031266818,6.4770546698,IP,S,0.808492981728,6.40703445615,89.1887903721,2276.91829959,163.232301103,1.0
2219,2020,245,TEX,D1 Big 12 Conference,5363,SHSU,322937082,2020-02-25 13:00:00,2,0,0,1,1066263086,P. Hansen,L,FA,L,-1.08907862934,2.66947491875,17.5570044227,-10.0210894521,6.43696568544,SL,K,0.757920358259,6.48533325108,88.5223174415,2331.50524361,150.329504142,-0.15
2220,2020,245,TEX,D1 Big 12 Conference,5363,SHSU,322937082,2020-02-25 13:00:00,2,0,1,1,1066263086,P. Hansen,L,FA,L,-0.356656168721,1.30964032786,16.8754847571,-5.54999311834,6.41801264626,B,K,0.845485774002,6.46942518775,87.6026253584,2291.20515044,161.829029977,0.13
2221,2020,245,TEX,D1 Big 12 Conference,5363,SHSU,322937082,2020-02-25 13:00:00,2,1,1,1,1066263086,P. Hansen,L,SL,L,-0.867032496447,2.50043791931,-0.464378406048,0.45425743713,6.24894370878,SL,K,1.0131410602,6.22734423237,79.8934087066,2600.07866771,313.018355176,-0.15
2222,2020,245,TEX,D1 Big 12 Conference,5363,SHSU,322937082,2020-02-25 13:00:00,2,1,2,1,1066263086,P. Hansen,L,FA,L,-0.111460853592,4.70774831716,15.6150965393,-5.35470573235,6.56590518604,B,K,0.763062947432,6.52670727074,86.7465657797,2311.91881576,161.109951082,0.13
2223,2020,245,TEX,D1 Big 12 Conference,5363,SHSU,322937082,2020-02-25 13:00:00,2,2,2,1,1066263086,P. Hansen,L,SL,L,-0.663959853207,1.30335273794,-2.82722626469,1.22272111629,6.41101562115,SS,K,0.936183319562,6.1943224122,78.7721546824,2654.14222976,336.295602394,-0.15
2224,2020,245,TEX,D1 Big 12 Conference,5363,SHSU,322937082,2020-02-25 13:00:00,2,0,0,2,1066263086,P. Hansen,L,FA,R,-0.85747693566,2.63676892173,15.3558362883,-6.10866840571,6.54750840291,SL,IP_OUT,0.753747289695,6.36898376781,88.2200430773,2348.67322156,158.349163528,-0.15
2225,2020,245,TEX,D1 Big 12 Conference,5363,SHSU,322937082,2020-02-25 13:00:00,2,0,1,2,1066263086,P. Hansen,L,FA,R,0.880039672797,3.84324759309,16.3339589084,-11.0393949013,6.58441302915,B,IP_OUT,0.78835449441,6.30059661402,89.0804899563,2372.70932907,145.9997279,0.13
2226,2020,245,TEX,D1 Big 12 Conference,5363,SHSU,322937082,2020-02-25 13:00:00,2,1,1,2,1066263086,P. Hansen,L,CH,R,0.46811610126,0.119537648144,11.5904789794,-6.58017766556,6.17555022323,B,IP_OUT,0.897428334518,6.25020592345,82.6243591191,1702.87314463,150.496877444,0.13
2227,2020,245,TEX,D1 Big 12 Conference,5363,SHSU,322937082,2020-02-25 13:00:00,2,2,1,2,1066263086,P. Hansen,L,FA,R,-1.06434703351,3.74777402579,14.5447107587,-5.2359066067,7.0090946445,B,IP_OUT,0.733706470798,6.3686158827,87.8479549335,2411.55918061,160.242663716,0.13
2228,2020,245,TEX,D1 Big 12 Conference,5363,SHSU,322937082,2020-02-25 13:00:00,3,0,0,0,1066263086,P. Hansen,L,CU,R,0.344127183712,2.34919766043,-7.12752122091,3.1187318291,6.04153491849,SL,K,1.12024999928,6.30698409528,75.312487745,2607.27714998,336.230767273,-0.15
2229,2020,245,TEX,D1 Big 12 Conference,5363,SHSU,322937082,2020-02-25 13:00:00,3,0,1,0,1066263086,P. Hansen,L,CH,R,0.88797362086,2.1844054739,7.21818141789,-4.86286619847,6.31187274131,SL,K,0.919058295146,6.3250939639,81.3209399886,1756.14483239,146.175915554,-0.15
2230,2020,245,TEX,D1 Big 12 Conference,5363,SHSU,322937082,2020-02-25 13:00:00,3,0,2,0,1066263086,P. Hansen,L,SL,R,-0.253333942088,1.26523014668,-0.886777729352,0.870742911386,6.17623682767,SS,K,1.14697879741,6.16756878066,79.4398553101,2597.17077711,314.12359269,-0.15
2231,2020,245,TEX,D1 Big 12 Conference,5363,SHSU,322937082,2020-02-25 13:00:00,3,0,0,1,1066263086,P. Hansen,L,SL,L,0.326864524484,2.25797656555,2.05206050038,-2.58979189799e-13,6.21770833579,SS,IP_OUT,0.911493332524,6.28533019689,79.9507248847,2600.20819914,180.0,-0.15
2232,2020,245,TEX,D1 Big 12 Conference,5363,SHSU,322937082,2020-02-25 13:00:00,3,0,1,1,1066263086,P. Hansen,L,FA,L,-0.981635843311,2.48722594735,14.6717019016,-5.09342120906,6.54053576716,B,IP_OUT,0.661879089125,6.31280867638,88.3609193448,2362.85237252,160.89491968,0.13
2233,2020,245,TEX,D1 Big 12 Conference,5363,SHSU,322937082,2020-02-25 13:00:00,3,1,1,1,1066263086,P. Hansen,L,SL,L,-0.821891120427,1.55360001624,2.28682716564,-2.06015716361,6.37043311986,B,IP_OUT,0.87060209787,6.20352191228,80.6788719392,2624.79023369,138.482197708,0.13
2234,2020,245,TEX,D1 Big 12 Conference,5363,SHSU,322937082,2020-02-25 13:00:00,3,2,1,1,1066263086,P. Hansen,L,SL,L,0.21074434039,0.453787856303,2.96804488682,-2.86085314412,6.42456619222,B,IP_OUT,0.954117963277,6.19979778142,80.4619812403,2519.85239262,136.455666175,0.13
2235,2020,245,TEX,D1 Big 12 Conference,5363,SHSU,322937082,2020-02-25 13:00:00,3,3,1,1,1066263086,P. Hansen,L,FA,L,-0.196742091706,2.44450102457,18.31796669,-4.29108248389,6.69501460011,SL,IP_OUT,0.619871753374,6.31750568192,87.1193587602,2304.6755127,166.839051115,-0.15
2236,2020,245,TEX,D1 Big 12 Conference,5363,SHSU,322937082,2020-02-25 13:00:00,3,0,0,2,1066263086,P. Hansen,L,FA,R,-1.04868715795,3.58748672977,14.4060371271,-5.04442983818,6.82387631577,B,IP_OUT,0.71889563573,6.29131685489,87.4023770222,2353.24097347,160.742991545,0.13
2237,2020,245,TEX,D1 Big 12 Conference,5363,SHSU,322937082,2020-02-25 13:00:00,4,0,0,0,1066263086,P. Hansen,L,FA,L,1.22409116188,2.41701159997,21.3844943216,-7.20321680581,6.27996380341,B,K,0.833822935736,6.46863281875,87.1241681928,2195.75261815,161.411716776,0.13
2238,2020,245,TEX,D1 Big 12 Conference,5363,SHSU,322937082,2020-02-25 13:00:00,4,1,0,0,1066263086,P. Hansen,L,SL,L,-0.14420805804,1.02229441743,-0.590196133921,0.383828444834,6.38762327275,SS,K,0.906888421309,6.14734169718,79.907803353,2520.73772196,325.123036684,-0.15
2239,2020,245,TEX,D1 Big 12 Conference,5363,SHSU,322937082,2020-02-25 13:00:00,4,1,1,0,1066263086,P. Hansen,L,SL,L,0.25140688765,1.77501309266,2.24248632848,0.0134806541899,6.26078979216,F,K,1.06069247589,6.21996552263,81.2747174483,2570.16899834,180.338592289,-0.15
2240,2020,245,TEX,D1 Big 12 Conference,5363,SHSU,322937082,2020-02-25 13:00:00,4,1,2,0,1066263086,P. Hansen,L,FA,L,-1.46042932308,2.70369807571,17.5935890772,-3.7459083168,6.7484581392,B,K,0.732016343066,6.33894122396,88.7628757693,2366.75638336,168.001746069,0.13
2241,2020,245,TEX,D1 Big 12 Conference,5363,SHSU,322937082,2020-02-25 13:00:00,4,2,2,0,1066263086,P. Hansen,L,FA,L,-0.461426600135,2.89903658084,15.6766799703,-3.22380857256,6.71946694142,F,K,0.729586894639,6.32199845508,89.121420244,2396.00791496,168.402514848,0.0
2242,2020,245,TEX,D1 Big 12 Conference,5363,SHSU,322937082,2020-02-25 13:00:00,4,2,2,0,1066263086,P. Hansen,L,FA,L,-0.19629720105,3.57550404169,18.7318810052,-5.92638813695,6.60862077315,F,K,0.678178505039,6.32355777362,89.5967163696,2382.03892819,162.471553783,0.0
2243,2020,245,TEX,D1 Big 12 Conference,5363,SHSU,322937082,2020-02-25 13:00:00,4,0,0,1,1066263086,P. Hansen,L,FA,R,0.456625902118,0.763624650026,14.8594461988,-2.525955493,6.47193354911,B,IP_OUT,0.80188244563,6.300239062,88.6923460931,2324.71845756,170.373354254,0.13
2244,2020,245,TEX,D1 Big 12 Conference,5363,SHSU,322937082,2020-02-25 13:00:00,4,1,0,1,1066263086,P. Hansen,L,CH,R,-0.5710723491,0.571638121405,9.41709618185,1.28537405063,6.342525189,B,IP_OUT,0.974344575822,6.22981811523,82.0956452876,1877.54894557,187.74159486,0.13
2245,2020,245,TEX,D1 Big 12 Conference,5363,SHSU,322937082,2020-02-25 13:00:00,4,0,0,2,1066263086,P. Hansen,L,SL,L,-0.192450251809,2.14795899824,-3.26363511801,1.78329271617,6.35577248335,SL,K,1.03025412844,6.07018307289,79.9832456487,2509.63251906,331.050286524,-0.15
2246,2020,245,TEX,D1 Big 12 Conference,5363,SHSU,322937082,2020-02-25 13:00:00,4,0,1,2,1066263086,P. Hansen,L,FA,L,0.25747101961,2.01753381527,17.2269090728,-6.30543952652,6.6925209999,F,K,0.591082898331,6.33362579319,88.141857308,2420.95636501,159.931037128,-0.15
2247,2020,245,TEX,D1 Big 12 Conference,5363,SHSU,322937082,2020-02-25 13:00:00,4,0,2,2,1066263086,P. Hansen,L,SL,L,-0.29346389189,2.30165871671,1.10996710929,2.68359850133,6.33488658247,SS,K,0.952456328948,6.16027412135,79.7459532932,2534.14178763,246.778636642,-0.15
2248,2020,245,TEX,D1 Big 12 Conference,5363,SHSU,322937082,2020-02-25 13:00:00,5,0,0,0,1066263086,P. Hansen,L,CU,R,0.56851434009,3.71346722597,-3.2083926418,4.30853544115,6.05782168453,B,IP_OUT,1.15572402188,6.2201403413,75.3657076844,2644.20472201,306.284681952,0.13
2249,2020,245,TEX,D1 Big 12 Conference,5363,SHSU,322937082,2020-02-25 13:00:00,5,1,0,0,1066263086,P. Hansen,L,CU,R,-0.0906241472855,1.78578852419,-5.99992410559,2.06460468809,6.05368365803,SS,IP_OUT,1.11784925586,6.24747263066,74.5423236596,2561.5727124,340.872666375,-0.15
2250,2020,245,TEX,D1 Big 12 Conference,5363,SHSU,322937082,2020-02-25 13:00:00,5,1,1,0,1066263086,P. Hansen,L,FA,R,0.532151111697,1.08645386359,17.9656227767,-5.29702699388,6.55589664135,B,IP_OUT,0.880168474845,6.41011021216,87.6565386051,2292.46416157,163.60104864,0.13
2251,2020,245,TEX,D1 Big 12 Conference,5363,SHSU,322937082,2020-02-25 13:00:00,5,2,1,0,1066263086,P. Hansen,L,FA,R,-1.25225994779,2.34731512119,18.633650009,-1.49146306112,6.6878957152,F,IP_OUT,0.834824088234,6.3396085621,87.2929418597,2299.8839371,175.431890576,-0.15
2252,2020,245,TEX,D1 Big 12 Conference,5363,SHSU,322937082,2020-02-25 13:00:00,5,0,0,1,1066263086,P. Hansen,L,FA,L,-0.422402425839,1.39683531885,17.0073479857,-2.54228325697,6.47606634638,B,K,0.810918718386,6.28709012216,87.5804274537,2228.83138956,171.514748545,0.13
2253,2020,245,TEX,D1 Big 12 Conference,5363,SHSU,322937082,2020-02-25 13:00:00,5,1,0,1,1066263086,P. Hansen,L,SL,L,0.845493666961,3.19477077203,7.46063855087,0.476565909698,6.24439601094,SS,K,0.933460700917,6.32620959614,78.3157114874,2614.8260045,183.634556631,-0.15
2254,2020,245,TEX,D1 Big 12 Conference,5363,SHSU,322937082,2020-02-25 13:00:00,5,1,1,1,1066263086,P. Hansen,L,SL,L,0.254923636956,2.60652789341,6.68763791072,2.36834737768,6.30714289818,F,K,0.979320564172,6.22290893092,80.2922010386,2504.07934054,199.392732589,-0.15
2255,2020,245,TEX,D1 Big 12 Conference,5363,SHSU,322937082,2020-02-25 13:00:00,5,1,2,1,1066263086,P. Hansen,L,SL,L,-1.42585139916,1.73603566715,2.35450565228,-0.257942225431,6.28020072784,SS,K,1.073562604,6.13406646444,81.2009552747,2572.18617098,173.848233942,-0.15
2256,2020,245,TEX,D1 Big 12 Conference,5363,SHSU,322937082,2020-02-25 13:00:00,5,0,0,2,1066263086,P. Hansen,L,CU,R,0.4919713256,2.98151780824,-3.91048002627,8.67857115623,6.07646913515,SL,K,1.14434864072,6.20650833011,75.5601680599,2601.62174766,294.007307758,-0.15
2257,2020,245,TEX,D1 Big 12 Conference,5363,SHSU,322937082,2020-02-25 13:00:00,5,0,1,2,1066263086,P. Hansen,L,CH,R,-0.393182864579,0.318553029072,7.65167212685,-2.45868142576,6.25456130903,B,K,0.998996131503,6.27322963855,82.2366045092,1716.81672494,162.26892659,0.13
2258,2020,245,TEX,D1 Big 12 Conference,5363,SHSU,322937082,2020-02-25 13:00:00,5,1,1,2,1066263086,P. Hansen,L,SL,R,0.595520378141,0.973890588937,2.5251802697,0.943898586783,6.39459295255,B,K,1.15362573924,6.23520285447,78.7522478152,2546.91125357,200.191565716,0.13
2259,2020,245,TEX,D1 Big 12 Conference,5363,SHSU,322937082,2020-02-25 13:00:00,5,2,1,2,1066263086,P. Hansen,L,FA,R,-1.10322248421,3.15353380825,16.9692575623,-0.72649246574,6.9195804719,F,K,0.843520340942,6.2990241705,87.6841993739,2311.87585194,177.553270165,-0.15
2260,2020,245,TEX,D1 Big 12 Conference,5363,SHSU,322937082,2020-02-25 13:00:00,5,2,2,2,1066263086,P. Hansen,L,FA,R,-0.0906220237239,4.02757655808,14.3930679024,-1.49779977112,6.78186010712,SS,K,0.859073955296,6.31906015612,89.3852838906,2354.79263644,174.071958407,-0.15
2261,2020,245,TEX,D1 Big 12 Conference,5363,SHSU,322937082,2020-02-25 13:00:00,6,0,0,0,1061062812,K. Kubichek,R,FA,L,-0.838420606666,4.25422806263,12.3286223011,12.0762087115,5.76418457897,B,K,-0.610643851457,6.35181031654,90.8476792964,2141.43761166,224.333336432,0.13
2262,2020,245,TEX,D1 Big 12 Conference,5363,SHSU,322937082,2020-02-25 13:00:00,6,1,0,0,1061062812,K. Kubichek,R,CH,L,-0.875713487133,1.95074039862,7.26268777024,14.5849793811,5.43833309208,F,K,-0.746197793844,6.19104027,82.4305539006,1385.04679619,243.405217642,-0.15
2263,2020,245,TEX,D1 Big 12 Conference,5363,SHSU,322937082,2020-02-25 13:00:00,6,1,1,0,1061062812,K. Kubichek,R,CH,L,0.0449874937605,1.91256183193,3.44992132818,-5.9926232307,5.6169530995,SS,K,-0.732318847228,6.18690601684,84.5165128335,1956.97869442,120.194026981,-0.15
2264,2020,245,TEX,D1 Big 12 Conference,5363,SHSU,322937082,2020-02-25 13:00:00,6,1,2,0,1061062812,K. Kubichek,R,CH,L,-0.838082850222,0.337706068191,4.84131788751,12.6451372218,5.52980322488,B,K,-0.789769459735,6.11275756607,83.3835782393,1267.2954747,248.900530889,0.13
2265,2020,245,TEX,D1 Big 12 Conference,5363,SHSU,322937082,2020-02-25 13:00:00,6,2,2,0,1061062812,K. Kubichek,R,SL,L,0.949135324607,1.60733047099,5.18124982429,-2.86986254288,5.72899228747,SS,K,-0.637214990178,6.21440752613,86.3088611632,2079.10798521,151.180123209,-0.15
2266,2020,245,TEX,D1 Big 12 Conference,5363,SHSU,322937082,2020-02-25 13:00:00,6,0,0,1,1061062812,K. Kubichek,R,FA,L,-0.45455474588,4.04019521046,4.99416978922,10.9056127964,6.06644510432,B,S,-0.468150045429,6.3579292415,89.6818369741,1916.75704129,245.255054487,0.13
2267,2020,245,TEX,D1 Big 12 Conference,5363,SHSU,322937082,2020-02-25 13:00:00,6,1,0,1,1061062812,K. Kubichek,R,SL,L,-0.375035407034,1.99149376392,7.87421660571,-1.0420343879,5.59370548809,SL,S,-0.716738791736,6.22015304111,85.2301082083,2132.81789089,172.495538123,-0.15
2268,2020,245,TEX,D1 Big 12 Conference,5363,SHSU,322937082,2020-02-25 13:00:00,6,1,1,1,1061062812,K. Kubichek,R,FA,L,0.655356834088,2.43289717762,6.82253080912,10.3234879294,5.86187309233,SL,S,-0.469281063839,6.34327734587,89.8960678979,1938.47956461,236.415022896,-0.15
2269,2020,245,TEX,D1 Big 12 Conference,5363,SHSU,322937082,2020-02-25 13:00:00,6,1,2,1,1061062812,K. Kubichek,R,SL,L,-1.19105238642,2.76245922047,9.46753694878,-2.49324073419,5.46980107173,IP,S,-0.727762781279,6.30924300682,85.2979465025,2074.93549205,165.300557562,1.0
2270,2020,245,TEX,D1 Big 12 Conference,5363,SHSU,322937082,2020-02-25 13:00:00,6,0,0,1,1061062812,K. Kubichek,R,SL,R,1.18020749603,0.0567220830197,4.87463049482,-2.57511426339,5.84616181216,B,BB,-0.639391305133,6.24710873838,85.3819380608,2121.81117301,152.327454997,0.13
2271,2020,245,TEX,D1 Big 12 Conference,5363,SHSU,322937082,2020-02-25 13:00:00,6,1,0,1,1061062812,K. Kubichek,R,SL,R,0.72878096957,1.06278949325,5.35502251378,-2.74698080515,5.93186803962,B,BB,-0.738181236709,6.19947619481,85.6208718598,2089.71614658,152.99800031,0.13
2272,2020,245,TEX,D1 Big 12 Conference,5363,SHSU,322937082,2020-02-25 13:00:00,6,2,0,1,1061062812,K. Kubichek,R,FA,R,0.9857733148,2.00926937781,10.538717713,11.1103079422,6.07314971603,B,BB,-0.395528031308,6.2725444499,89.2403841359,1933.38224058,226.423040734,0.13
2273,2020,245,TEX,D1 Big 12 Conference,5363,SHSU,322937082,2020-02-25 13:00:00,6,3,0,1,1061062812,K. Kubichek,R,FA,R,1.69740269777,1.36588032682,5.78206264856,12.759528601,5.97794718598,B,BB,-0.464825167252,6.28864223735,89.5335793897,1979.93964701,245.501243519,0.8
2274,2020,245,TEX,D1 Big 12 Conference,5363,SHSU,322937082,2020-02-25 13:00:00,6,0,0,1,1061062812,K. Kubichek,R,SL,L,-0.704953487957,1.49334643796,9.37672240262,-4.43907677587,5.57885216475,B,K,-0.948390888673,6.13043964879,84.4036721027,2007.4413092,154.75358262,0.13
2275,2020,245,TEX,D1 Big 12 Conference,5363,SHSU,322937082,2020-02-25 13:00:00,6,1,0,1,1061062812,K. Kubichek,R,CH,L,0.0690948648342,1.79994895992,6.33323197861,10.2781190025,5.85562878843,SS,K,-0.958769293298,6.13090008902,82.8491305514,1262.05373308,238.206078039,-0.15
2276,2020,245,TEX,D1 Big 12 Conference,5363,SHSU,322937082,2020-02-25 13:00:00,6,1,1,1,1061062812,K. Kubichek,R,FA,L,-0.408338921392,1.94579981461,4.74392302699,10.6380922295,5.91602643628,SS,K,-0.604565071995,6.23693646778,89.2819167452,1967.41737544,245.820286674,-0.15
2277,2020,245,TEX,D1 Big 12 Conference,5363,SHSU,322937082,2020-02-25 13:00:00,6,1,2,1,1061062812,K. Kubichek,R,CH,L,-0.296180826853,0.91655215993,2.06339981624,10.4785844487,5.66741770729,SS,K,-0.914145670842,6.04576358937,84.0922447655,1342.92631136,258.664263018,-0.15
2278,2020,245,TEX,D1 Big 12 Conference,5363,SHSU,322937082,2020-02-25 13:00:00,6,0,0,2,1061062812,K. Kubichek,R,CH,R,0.40627003845,0.16941966786,2.23181699067,13.5592415585,5.71544189089,B,FC,-0.762991591075,6.09624867217,83.5568912919,1320.36387638,260.497870967,0.13
2279,2020,245,TEX,D1 Big 12 Conference,5363,SHSU,322937082,2020-02-25 13:00:00,6,1,0,2,1061062812,K. Kubichek,R,SL,R,0.961226883115,2.152712807,9.71959590669,-0.515843836407,5.66693517673,SS,FC,-0.642739311153,6.22791784144,84.5055355367,2095.43500677,176.973424011,-0.15
2280,2020,245,TEX,D1 Big 12 Conference,5363,SHSU,322937082,2020-02-25 13:00:00,6,1,1,2,1061062812,K. Kubichek,R,FA,R,-0.60202100926,2.4526161618,10.5448341209,12.3732767263,5.95238022389,IP,FC,-0.622249667122,6.38099925264,90.8055855217,2055.86779418,229.476351782,-0.21
2281,2020,245,TEX,D1 Big 12 Conference,5363,SHSU,322937082,2020-02-25 13:00:00,7,0,0,0,1061062812,K. Kubichek,R,CH,L,-1.30784215282,1.82616384677,1.94433991364,6.58481444643,5.40449749358,SS,S,-0.858332890799,6.14205740448,81.7027811929,1432.80611344,253.233161343,-0.15
2282,2020,245,TEX,D1 Big 12 Conference,5363,SHSU,322937082,2020-02-25 13:00:00,7,0,1,0,1061062812,K. Kubichek,R,CH,L,-2.47638348404,4.29080737997,5.72687251121,11.8979914461,5.85289862403,B,S,-0.700815814191,5.99002871061,78.1966442086,1255.4121307,244.128873351,0.13
2283,2020,245,TEX,D1 Big 12 Conference,5363,SHSU,322937082,2020-02-25 13:00:00,7,1,1,0,1061062812,K. Kubichek,R,FA,L,1.10095214317,0.886087299569,9.83269847161,13.4351317781,5.81036136176,B,S,-0.573950938854,6.30028891752,89.148600568,1937.94114793,233.708521899,0.13
2284,2020,245,TEX,D1 Big 12 Conference,5363,SHSU,322937082,2020-02-25 13:00:00,7,2,1,0,1061062812,K. Kubichek,R,CH,L,-1.08866763082,2.81619474065,5.81853583622,10.4988832329,5.71239327126,IP,S,-0.827830774686,6.06987970371,80.2285253873,1351.6397059,240.8355088,1.0
2285,2020,245,TEX,D1 Big 12 Conference,5363,SHSU,322937082,2020-02-25 13:00:00,7,0,0,0,1061062812,K. Kubichek,R,FA,R,1.30675784996,1.06803949358,5.36027719805,7.19539101843,6.16698384177,B,DP,-0.70761774093,6.19047210372,88.1626073052,1946.6921914,233.144551694,0.13
2286,2020,245,TEX,D1 Big 12 Conference,5363,SHSU,322937082,2020-02-25 13:00:00,7,1,0,0,1061062812,K. Kubichek,R,SL,R,-0.713213105201,2.71801439673,5.02145935695,-3.30167622683,5.6769866931,SL,DP,-0.739286637228,6.25533060103,81.7410400011,2050.97323698,146.877834532,-0.15
2287,2020,245,TEX,D1 Big 12 Conference,5363,SHSU,322937082,2020-02-25 13:00:00,7,1,1,0,1061062812,K. Kubichek,R,FA,R,-0.758208246176,3.11032624426,4.00508239379,8.14427923635,5.98686050678,IP,DP,-0.863084035182,6.26696522032,87.2077504278,1972.36801199,243.621862017,-0.21
2288,2020,245,TEX,D1 Big 12 Conference,5363,SHSU,322937082,2020-02-25 13:00:00,7,0,0,2,1061062812,K. Kubichek,R,FA,L,0.0476737034083,1.49863754798,7.63991723843,10.064231502,5.7762519697,SL,IP_OUT,-0.569584450168,6.26422390509,89.3053929294,2043.15689027,232.679590361,-0.15
2289,2020,245,TEX,D1 Big 12 Conference,5363,SHSU,322937082,2020-02-25 13:00:00,7,0,1,2,1061062812,K. Kubichek,R,CH,L,-0.62219982599,1.79344322752,5.63541764871,8.33727311887,5.63700206315,B,IP_OUT,-0.798042766334,6.16782116704,81.2393746317,1310.50014819,235.756031201,0.13
2290,2020,245,TEX,D1 Big 12 Conference,5363,SHSU,322937082,2020-02-25 13:00:00,8,0,0,0,1061062812,K. Kubichek,R,FA,L,0.0626009020365,1.29303040377,11.77906813,8.93532120554,5.89265539583,B,BB,-0.645678786646,6.37317293528,87.0778558056,1998.32008765,217.102506537,0.13
2291,2020,245,TEX,D1 Big 12 Conference,5363,SHSU,322937082,2020-02-25 13:00:00,8,1,0,0,1061062812,K. Kubichek,R,FA,L,-0.591439141706,3.26697013318,9.28404657819,10.2817589876,5.81205361581,B,BB,-0.63009028425,6.29116666984,86.9010598363,1996.25955218,227.812935193,0.13
2292,2020,245,TEX,D1 Big 12 Conference,5363,SHSU,322937082,2020-02-25 13:00:00,8,2,0,0,1061062812,K. Kubichek,R,FA,L,-1.8728825206,3.19716313686,11.8422667392,11.898648135,5.7051634425,B,BB,-0.588242281879,6.29259854505,87.1438076493,2006.37863702,225.053077581,0.13
2293,2020,245,TEX,D1 Big 12 Conference,5363,SHSU,322937082,2020-02-25 13:00:00,8,3,0,0,1061062812,K. Kubichek,R,FA,L,0.388434437104,0.986976871783,7.16241548709,9.71900610075,5.80145511396,B,BB,-0.606366795605,6.22528138261,86.3759607861,1946.38241219,233.478377638,0.8
2294,2020,245,TEX,D1 Big 12 Conference,5363,SHSU,322937082,2020-02-25 13:00:00,8,0,0,0,1061062812,K. Kubichek,R,FA,L,0.902318437273,0.753221121606,7.91906885148,11.5473744597,6.00246371381,B,FC,-0.82472665318,6.13335043407,87.8257693713,1900.5772993,235.442869189,0.13
2295,2020,245,TEX,D1 Big 12 Conference,5363,SHSU,322937082,2020-02-25 13:00:00,8,1,0,0,1061062812,K. Kubichek,R,CH,L,-0.675083926549,2.55098650613,9.32004855678,6.39631771894,5.62774837894,SL,FC,-0.877635983067,6.13195528196,80.2603921124,1384.3038128,214.343833771,-0.15
2296,2020,245,TEX,D1 Big 12 Conference,5363,SHSU,322937082,2020-02-25 13:00:00,8,1,1,0,1061062812,K. Kubichek,R,CH,L,1.21765471009,-0.49400310556,6.03325473762,8.89142594764,6.0234053044,B,FC,-0.754001475485,6.0193032912,79.9294610723,1293.7540431,235.65993614,0.13
2297,2020,245,TEX,D1 Big 12 Conference,5363,SHSU,322937082,2020-02-25 13:00:00,8,2,1,0,1061062812,K. Kubichek,R,CH,L,0.769348758272,0.15486156115,4.78512231782,7.58759463129,5.68863355255,B,FC,-0.856322383356,6.07556950062,81.0478532601,1316.6732826,237.54403516,0.13
2298,2020,245,TEX,D1 Big 12 Conference,5363,SHSU,322937082,2020-02-25 13:00:00,8,3,1,0,1061062812,K. Kubichek,R,CH,L,-0.222791620999,2.71402850905,10.0046385106,7.44333185954,5.65686147535,IP,FC,-0.954253962727,6.14886412971,80.5878831363,1309.29248905,216.538217266,-0.21
2299,2020,245,TEX,D1 Big 12 Conference,5363,SHSU,322937082,2020-02-25 13:00:00,8,0,0,1,1326874880,A. Duplantier II,R,FA,L,-0.118608166647,2.4340449914,17.1198893545,6.49218564588,5.68765219638,IP,FC,-1.310833264,6.28913910305,90.5249463339,1951.65901758,200.732172367,-0.21
2300,2020,245,TEX,D1 Big 12 Conference,5363,SHSU,322937082,2020-02-25 13:00:00,8,0,0,2,1326874880,A. Duplantier II,R,FA,R,1.20117255091,2.37989059834,16.1779264465,6.40212771351,5.91958043473,SL,K,-1.05968688102,6.32351812071,90.7279731285,1999.88485831,201.552041649,-0.15
2301,2020,245,TEX,D1 Big 12 Conference,5363,SHSU,322937082,2020-02-25 13:00:00,8,0,1,2,1326874880,A. Duplantier II,R,FA,R,0.590870438902,2.02528356677,13.0659881996,5.51749199829,5.72267038211,SS,K,-1.01508039691,6.28579690342,89.9410608913,2070.62671802,202.84198722,-0.15
2302,2020,245,TEX,D1 Big 12 Conference,5363,SHSU,322937082,2020-02-25 13:00:00,8,0,2,2,1326874880,A. Duplantier II,R,FA,R,2.0617246335,3.26309854493,17.8402378583,7.40608124426,5.66193305903,SS,K,-1.04764090326,6.20236010716,88.5723959108,1874.30657095,202.506316474,-0.15
2303,2020,245,TEX,D1 Big 12 Conference,5363,SHSU,322937082,2020-02-25 13:00:00,9,0,0,0,1326874880,A. Duplantier II,R,FA,L,1.17741598962,1.88898982014,13.6201926504,3.06163414849,5.92952750992,B,D,-1.19496553579,6.36166674906,90.066626,2025.61710099,192.640189445,0.13
2304,2020,245,TEX,D1 Big 12 Conference,5363,SHSU,322937082,2020-02-25 13:00:00,9,1,0,0,1326874880,A. Duplantier II,R,FA,L,0.358885349619,2.55258130454,14.2968749349,2.0535696123,5.84915920938,SL,D,-1.1341318251,6.35487658719,89.3187994786,2015.4819548,188.155435797,-0.15
2305,2020,245,TEX,D1 Big 12 Conference,5363,SHSU,322937082,2020-02-25 13:00:00,9,1,1,0,1326874880,A. Duplantier II,R,FA,L,0.195610064679,2.49409895143,15.0595154227,8.75701718564,5.89473541007,IP,D,-1.1587299303,6.32795638661,90.5428052217,1998.08559569,210.125612878,1.26
2306,2020,245,TEX,D1 Big 12 Conference,5363,SHSU,322937082,2020-02-25 13:00:00,9,0,0,0,1326874880,A. Duplantier II,R,FA,R,0.0269598354534,3.17906991092,15.7101352594,3.54861780843,6.15612344011,SL,K,-1.01921232734,6.36977542711,90.1066964136,1996.13118508,192.703474461,-0.15
2307,2020,245,TEX,D1 Big 12 Conference,5363,SHSU,322937082,2020-02-25 13:00:00,9,0,1,0,1326874880,A. Duplantier II,R,SL,R,1.04000079717,1.55396179387,-8.31684683801,-16.0790217279,5.18009297599,B,K,-1.09240483334,6.20182690321,76.1031165184,2370.30024089,62.7802349862,0.13
2308,2020,245,TEX,D1 Big 12 Conference,5363,SHSU,322937082,2020-02-25 13:00:00,9,1,1,0,1326874880,A. Duplantier II,R,FA,R,0.480756049752,2.91433199962,14.7529405547,5.26693628911,5.97471021031,F,K,-0.904875911389,6.32590991678,91.2171446334,2096.82352722,199.608795022,-0.15
2309,2020,245,TEX,D1 Big 12 Conference,5363,SHSU,322937082,2020-02-25 13:00:00,9,1,2,0,1326874880,A. Duplantier II,R,SL,R,0.629900971861,0.779746518259,-14.4382796371,-13.6207657586,5.10561787997,SS,K,-0.930356141022,6.11856233746,77.3849184834,2449.79761096,43.420532309,-0.15
2310,2020,245,TEX,D1 Big 12 Conference,5363,SHSU,322937082,2020-02-25 13:00:00,9,0,0,1,1326874880,A. Duplantier II,R,FA,L,1.3618866937,1.33268595165,14.431131875,8.76055357454,6.03925647768,B,S,-0.876938611777,6.30907959108,90.8010455993,2037.94292667,211.204647928,0.13
2311,2020,245,TEX,D1 Big 12 Conference,5363,SHSU,322937082,2020-02-25 13:00:00,9,1,0,1,1326874880,A. Duplantier II,R,FA,L,-0.906572868041,3.26594029042,15.347420874,9.64439296307,6.10053368185,B,S,-0.944427403544,6.33198613729,90.402987012,2060.56057439,212.092416567,0.13
2312,2020,245,TEX,D1 Big 12 Conference,5363,SHSU,322937082,2020-02-25 13:00:00,9,2,0,1,1326874880,A. Duplantier II,R,FA,L,-0.546961186323,2.45844704526,16.361161917,9.55983224679,5.94573270167,SL,S,-0.880732787916,6.4166493039,90.863871496,2077.80054728,210.249247241,-0.15
2313,2020,245,TEX,D1 Big 12 Conference,5363,SHSU,322937082,2020-02-25 13:00:00,9,2,1,1,1326874880,A. Duplantier II,R,FA,L,0.480259012031,2.37469294516,14.7991588318,6.89241058904,6.05808183273,IP,S,-0.683538753216,6.41219735282,90.9029756293,2131.43753673,204.926360741,1.0
2314,2020,245,TEX,D1 Big 12 Conference,5363,SHSU,322937082,2020-02-25 13:00:00,9,0,0,1,1326874880,A. Duplantier II,R,SL,R,0.433095435561,3.23114413986,-3.77827374346,-16.3630991291,5.53894073208,SL,K,-1.00374119257,6.12539216581,74.6846176578,2440.49642394,77.1549753786,-0.15
2315,2020,245,TEX,D1 Big 12 Conference,5363,SHSU,322937082,2020-02-25 13:00:00,9,0,1,1,1326874880,A. Duplantier II,R,SL,R,1.3604343454,2.1699344982,-6.41015892094,-16.291282875,5.22316592014,SS,K,-0.812331089717,6.22427721382,75.032722496,2409.34255833,68.667256889,-0.15
2316,2020,245,TEX,D1 Big 12 Conference,5363,SHSU,322937082,2020-02-25 13:00:00,9,0,2,1,1326874880,A. Duplantier II,R,SL,R,1.0513185181,2.63187400335,-9.45043878385,-19.673841985,5.259137109,SS,K,-0.748007081674,6.17779245847,76.7416638322,2476.70930568,64.4504715596,-0.15
2317,2020,245,TEX,D1 Big 12 Conference,5363,SHSU,322937082,2020-02-25 13:00:00,9,0,0,2,1326874880,A. Duplantier II,R,FA,L,-1.77152412572,2.95237753847,15.2319005196,13.3511445422,6.01410432011,B,IP_OUT,-0.853333615159,6.34362278917,91.3318120738,2119.68467758,221.177179294,0.13
2318,2020,245,TEX,D1 Big 12 Conference,5363,SHSU,322937082,2020-02-25 13:00:00,9,1,0,2,1326874880,A. Duplantier II,R,SL,L,0.625349392122,0.320930843634,-13.1900395959,-19.1213320812,4.98335187646,B,IP_OUT,-0.773610941206,6.14629792354,75.4388020174,2399.82367121,55.4992032519,0.13
2319,2020,245,TEX,D1 Big 12 Conference,5363,SHSU,322937082,2020-02-25 13:00:00,9,2,0,2,1326874880,A. Duplantier II,R,SL,L,-0.0363178975801,3.36925484075,-6.84654824447,-13.2145654811,5.4523516435,SL,IP_OUT,-0.833800442613,6.14163930516,76.2039936749,2279.38426183,62.766297737,-0.15
2320,2020,245,TEX,D1 Big 12 Conference,5363,SHSU,322937082,2020-02-25 13:00:00,9,2,1,2,1326874880,A. Duplantier II,R,FA,L,-0.902055941259,3.19409288548,18.7695326813,5.90435895798,6.11879741078,SS,IP_OUT,-0.75162308109,6.28792968433,90.6716224518,1934.5371914,197.43436302,-0.15
2321,2020,245,TEX,D1 Big 12 Conference,5363,SHSU,322937082,2020-02-25 13:00:00,9,2,2,2,1326874880,A. Duplantier II,R,FA,L,-1.83434899883,1.92982158858,13.5690893457,4.33083676602,5.90810492595,B,IP_OUT,-0.6894558537,6.25755944548,90.861918276,1897.990881,197.66289076,0.13
2322,2020,5323,LSU,D1 Southeastern Conference,730209280,SELA,448274781,2020-03-03 13:00:00,1,0,0,1,1324283517,B. Kaminer,L,FA,R,-1.21019062292,0.194973105848,14.5581640201,-10.3551260933,5.83438123156,B,IP_OUT,1.04680963238,6.05706727801,90.3363223287,2226.52285869,144.636058867,0.13
2323,2020,5323,LSU,D1 Southeastern Conference,730209280,SELA,448274781,2020-03-03 13:00:00,1,1,0,1,1324283517,B. Kaminer,L,FA,R,1.37453911271,3.84145081703,17.6422946202,-11.5745834887,5.84522647299,B,IP_OUT,1.28308996852,6.07087398213,89.8823725365,2248.43748817,146.78074377,0.13
2324,2020,5323,LSU,D1 Southeastern Conference,730209280,SELA,448274781,2020-03-03 13:00:00,1,2,0,1,1324283517,B. Kaminer,L,FA,R,0.829905657002,2.43391509278,17.3721552523,-9.60773714273,5.89101527482,SL,IP_OUT,1.03101193178,6.09144342555,90.10489695,2189.52005559,151.100161955,-0.15
2325,2020,5323,LSU,D1 Southeastern Conference,730209280,SELA,448274781,2020-03-03 13:00:00,1,0,0,2,1324283517,B. Kaminer,L,SL,R,1.09251814503,2.19468397436,-0.783340413558,3.54367384656,5.70102830156,SL,IP_OUT,1.18644680775,5.98844604189,82.0000072035,2242.3941233,281.861848704,-0.15
2326,2020,5323,LSU,D1 Southeastern Conference,730209280,SELA,448274781,2020-03-03 13:00:00,1,0,1,2,1324283517,B. Kaminer,L,CH,R,-1.17891592653,1.20770078478,7.9964716984,-5.89846636613,5.61893497813,F,IP_OUT,1.4068693813,5.90878492652,80.2521577545,1637.11192095,143.725877718,-0.15
2327,2020,5323,LSU,D1 Southeastern Conference,730209280,SELA,448274781,2020-03-03 13:00:00,1,0,2,2,1324283517,B. Kaminer,L,FA,R,0.419981213723,5.00507548579,12.7649695777,-0.626765457948,5.95166861551,B,IP_OUT,1.0064484193,6.15408720253,90.7851674861,2274.45320344,177.195907157,0.13
2328,2020,5323,LSU,D1 Southeastern Conference,730209280,SELA,448274781,2020-03-03 13:00:00,1,1,2,2,1324283517,B. Kaminer,L,CH,R,1.45747422074,2.76386932465,8.22915321881,-7.85841011687,5.55023211391,B,IP_OUT,1.73688872876,5.77399430306,80.6058651071,1586.98357078,136.461702292,0.13
2329,2020,5323,LSU,D1 Southeastern Conference,730209280,SELA,448274781,2020-03-03 13:00:00,1,2,2,2,1324283517,B. Kaminer,L,FA,R,-0.186997065785,3.28236330202,5.9493636251,-6.38938823442,6.31136720501,F,IP_OUT,1.10215620206,5.9600399683,89.9458757338,2292.41025785,133.108749717,0.0
2330,2020,5323,LSU,D1 Southeastern Conference,730209280,SELA,448274781,2020-03-03 13:00:00,1,2,2,2,1324283517,B. Kaminer,L,FA,R,0.27714255687,3.38453445176,9.97113334208,-8.59963139398,6.14288612146,F,IP_OUT,0.926287492833,6.01689060191,90.4263170375,2208.83961064,139.312752229,0.0
2331,2020,5323,LSU,D1 Southeastern Conference,730209280,SELA,448274781,2020-03-03 13:00:00,2,0,0,0,1324283517,B. Kaminer,L,FA,L,0.214546570295,2.75777583471,10.7873594298,-5.52935718976,5.86807498494,F,IP_OUT,0.777594421927,6.12748139147,88.7670186416,2180.84558984,152.932618652,-0.15
2332,2020,5323,LSU,D1 Southeastern Conference,730209280,SELA,448274781,2020-03-03 13:00:00,2,0,1,0,1324283517,B. Kaminer,L,SL,L,0.68653683035,3.51035558575,-2.52182770392,-0.166805551228,5.43065519231,B,IP_OUT,1.24197081736,6.07855716101,79.6253970174,2304.77368002,3.84810030756,0.13
2333,2020,5323,LSU,D1 Southeastern Conference,730209280,SELA,448274781,2020-03-03 13:00:00,2,1,1,0,1324283517,B. Kaminer,L,SL,L,-0.671237317736,0.953584967645,-6.99176141237,8.74841497601,5.56907505995,B,IP_OUT,1.06085790685,5.95106685942,79.1828375498,2275.86519361,308.462632886,0.13
2334,2020,5323,LSU,D1 Southeastern Conference,730209280,SELA,448274781,2020-03-03 13:00:00,2,2,1,0,1324283517,B. Kaminer,L,FA,L,-0.207311088662,3.80220964846,10.4989866464,-10.4313686039,6.19889441479,B,IP_OUT,0.904895488669,6.13705072599,89.4539301896,2284.96387515,135.273885368,0.13
2335,2020,5323,LSU,D1 Southeastern Conference,730209280,SELA,448274781,2020-03-03 13:00:00,2,0,0,1,1324283517,B. Kaminer,L,FA,R,1.0485653246,3.25257671483,11.9424324199,-8.5699725819,6.09033790419,SL,IP_OUT,0.985192390418,6.08521348072,89.2115564723,2210.43058402,144.410676462,-0.15
2336,2020,5323,LSU,D1 Southeastern Conference,730209280,SELA,448274781,2020-03-03 13:00:00,2,0,0,2,1324283517,B. Kaminer,L,FA,R,1.18131529545,2.49293309697,14.2136105681,-2.03218487915,5.8466142039,SL,D,0.891889920294,6.05004560146,89.5662111369,2101.19844048,171.88181498,-0.15
2337,2020,5323,LSU,D1 Southeastern Conference,730209280,SELA,448274781,2020-03-03 13:00:00,2,0,1,2,1324283517,B. Kaminer,L,FA,R,-0.220232026591,1.15281890018,13.0209097902,-9.21713742556,6.09686764433,B,D,0.935217408355,6.02867773365,89.4706170259,2295.6304205,144.774489267,0.13
2338,2020,5323,LSU,D1 Southeastern Conference,730209280,SELA,448274781,2020-03-03 13:00:00,2,1,1,2,1324283517,B. Kaminer,L,CH,R,0.00941365998354,1.63175305034,6.24100062321,-8.82901070164,5.75795254346,SS,D,1.70269982766,5.77334690364,80.2978553781,1566.47103048,125.431872604,-0.15
2339,2020,5323,LSU,D1 Southeastern Conference,730209280,SELA,448274781,2020-03-03 13:00:00,2,1,2,2,1324283517,B. Kaminer,L,FA,R,-0.674737403925,1.99513377173,12.845935725,-7.67210496594,6.08543022165,B,D,0.875403339589,6.02901819238,91.369201565,2369.31223051,149.214041853,0.13
2340,2020,5323,LSU,D1 Southeastern Conference,730209280,SELA,448274781,2020-03-03 13:00:00,2,2,2,2,1324283517,B. Kaminer,L,FA,R,-0.0335850379429,0.936270641076,13.2405697375,-5.81106560174,6.12695780675,F,D,0.871130410488,6.00576517563,90.2643565286,2164.48817962,156.355026256,0.0
2341,2020,5323,LSU,D1 Southeastern Conference,730209280,SELA,448274781,2020-03-03 13:00:00,2,2,2,2,1324283517,B. Kaminer,L,FA,R,-0.202299438738,5.05672195829,11.7152041224,3.36092472571,6.13826617955,B,D,0.843029893152,6.12526284401,89.7776674394,2221.79234148,195.966214303,0.13
2342,2020,5323,LSU,D1 Southeastern Conference,730209280,SELA,448274781,2020-03-03 13:00:00,2,3,2,2,1324283517,B. Kaminer,L,FA,R,-0.0566198843747,2.10200172366,11.6213433113,-4.78638946956,5.99066771438,IP,D,0.952629214437,6.05712414493,89.0730974477,2153.54303592,157.671569028,1.26
2343,2020,5323,LSU,D1 Southeastern Conference,730209280,SELA,448274781,2020-03-03 13:00:00,2,0,0,2,1324283517,B. Kaminer,L,SL,R,0.830837992858,2.02901617994,-2.97090109227,2.08214731098,5.49044958038,B,IP_OUT,1.51553043697,5.93744074733,79.2871746794,2257.771842,324.590158747,0.13
2344,2020,5323,LSU,D1 Southeastern Conference,730209280,SELA,448274781,2020-03-03 13:00:00,3,0,0,0,1324283517,B. Kaminer,L,FA,R,1.83526727859,3.37055128833,14.8338030144,-12.0512194531,5.87213803713,B,BB,1.15371475711,6.13104305406,86.8342039977,2165.10215379,140.974998123,0.13
2345,2020,5323,LSU,D1 Southeastern Conference,730209280,SELA,448274781,2020-03-03 13:00:00,3,1,0,0,1324283517,B. Kaminer,L,FA,R,2.29974507577,2.94499894586,15.1879558549,-12.2625168295,5.95609882254,B,BB,0.929958610827,6.24205309657,88.5869737936,2282.66797599,141.144809866,0.13
2346,2020,5323,LSU,D1 Southeastern Conference,730209280,SELA,448274781,2020-03-03 13:00:00,3,2,0,0,1324283517,B. Kaminer,L,FA,R,0.767554367246,3.7264561643,14.3571361094,-12.5127453438,5.91382560066,B,BB,0.909116622347,6.13106752791,87.4021447075,2194.33473228,138.994409116,0.13
2347,2020,5323,LSU,D1 Southeastern Conference,730209280,SELA,448274781,2020-03-03 13:00:00,3,3,0,0,1324283517,B. Kaminer,L,FA,R,-0.156204083561,1.61919009582,10.5307509332,-7.94206483974,5.97980420668,B,BB,0.820463866142,6.06125325591,87.5823990026,2132.17460977,143.065776065,0.8
2348,2020,5323,LSU,D1 Southeastern Conference,730209280,SELA,448274781,2020-03-03 13:00:00,3,0,0,0,1324283517,B. Kaminer,L,CH,R,2.04164275571,0.817543250042,3.32350049999,-8.88945461008,5.67153801365,B,IP_OUT,2.00612648541,5.83313540906,78.8031028599,1537.13172102,110.738483819,0.13
2349,2020,5323,LSU,D1 Southeastern Conference,730209280,SELA,448274781,2020-03-03 13:00:00,3,1,0,0,1324283517,B. Kaminer,L,FA,R,-0.731079765039,2.77811945183,11.2170906755,-9.22842168088,6.00986022022,SL,IP_OUT,1.17594153344,5.9816847541,89.1363139142,2245.06200111,140.637802702,-0.15
2350,2020,5323,LSU,D1 Southeastern Conference,730209280,SELA,448274781,2020-03-03 13:00:00,3,1,1,0,1324283517,B. Kaminer,L,FA,R,0.174844421865,4.38652758535,14.300685949,-6.31051339334,5.97016662929,B,IP_OUT,0.970160782287,6.14969788223,89.8177072457,2255.55811164,156.237306037,0.13
2351,2020,5323,LSU,D1 Southeastern Conference,730209280,SELA,448274781,2020-03-03 13:00:00,3,2,1,0,1324283517,B. Kaminer,L,FA,R,1.03309248054,1.63247598335,15.333731441,-8.78127702468,5.72683314104,B,IP_OUT,0.998215437402,5.98294901769,87.4672871226,2121.54733703,150.256785049,0.13
2352,2020,5323,LSU,D1 Southeastern Conference,730209280,SELA,448274781,2020-03-03 13:00:00,3,0,1,1,1324283517,B. Kaminer,L,FA,R,-1.180170698,2.20857058344,14.2906689916,-9.66467536795,6.03786683447,B,K,0.95791895419,6.07069955828,89.8185711243,2294.30597485,145.990213576,0.13
2353,2020,5323,LSU,D1 Southeastern Conference,730209280,SELA,448274781,2020-03-03 13:00:00,3,1,1,1,1324283517,B. Kaminer,L,SL,R,0.65465113579,2.26779270037,-1.53417679175,-0.167451410204,5.56189217367,F,K,1.35648556924,5.97369490238,80.1471450796,2253.35544649,6.39943928897,-0.15
2354,2020,5323,LSU,D1 Southeastern Conference,730209280,SELA,448274781,2020-03-03 13:00:00,3,1,2,1,1324283517,B. Kaminer,L,SL,R,1.075399914,3.15526797557,-0.205910909254,3.23861081637,5.41205029086,SS,K,1.19044804243,5.99372504504,79.6909187821,2250.23743212,272.904202116,-0.15
2355,2020,5323,LSU,D1 Southeastern Conference,730209280,SELA,448274781,2020-03-03 13:00:00,3,0,0,2,1324283517,B. Kaminer,L,FA,R,-0.218107951537,2.81041847909,7.76236044712,0.944303137084,6.28840892401,IP,S,1.04844042624,5.9709683034,88.1475569357,2126.35609137,186.906891585,1.0
2356,2020,5323,LSU,D1 Southeastern Conference,730209280,SELA,448274781,2020-03-03 13:00:00,3,0,0,2,1324283517,B. Kaminer,L,SL,R,-0.473454271374,2.15959990718,-4.8659973948,9.68395514449,5.56934373798,F,S,1.08235644714,5.98053326287,80.4591261228,2310.0855523,296.486399416,-0.15
2357,2020,5323,LSU,D1 Southeastern Conference,730209280,SELA,448274781,2020-03-03 13:00:00,3,0,1,2,1324283517,B. Kaminer,L,FA,R,-1.19310581271,1.85791500757,9.61269722037,-7.35662058741,5.94339101523,B,S,0.930898393718,6.07450212295,89.5553301315,2214.19777235,142.666810057,0.13
2358,2020,5323,LSU,D1 Southeastern Conference,730209280,SELA,448274781,2020-03-03 13:00:00,3,1,1,2,1324283517,B. Kaminer,L,CH,R,0.0709196997549,2.79183449704,8.65401202349,-2.0882817556,5.68241564907,F,S,1.53426914277,5.73059987725,77.4577691019,1381.09187188,166.499872735,-0.15
2359,2020,5323,LSU,D1 Southeastern Conference,730209280,SELA,448274781,2020-03-03 13:00:00,3,1,2,2,1324283517,B. Kaminer,L,CH,R,0.92306253792,0.532238311259,6.06579569447,-10.2526770792,5.75439990815,B,S,1.76844372049,5.74557653147,79.6192255415,1530.03138127,120.782912046,0.13
2360,2020,5323,LSU,D1 Southeastern Conference,730209280,SELA,448274781,2020-03-03 13:00:00,3,2,2,2,1324283517,B. Kaminer,L,FA,R,0.508774448401,2.67640380522,11.0395468525,-10.0417502768,5.93636316997,IP,S,1.07583162362,6.03718416647,89.4342606036,2162.16525187,137.793880312,1.0
2361,2020,5323,LSU,D1 Southeastern Conference,730209280,SELA,448274781,2020-03-03 13:00:00,3,0,0,2,1324283517,B. Kaminer,L,FA,L,-0.842853491081,2.91242856775,11.0471737171,-10.0629921365,6.01392992673,SL,HBP,1.12338922798,6.07239553941,87.2357082785,2131.96273119,137.757616649,-0.15
2362,2020,5323,LSU,D1 Southeastern Conference,730209280,SELA,448274781,2020-03-03 13:00:00,3,0,1,2,1324283517,B. Kaminer,L,FA,L,-1.54308124162,2.69309300498,15.183373349,-11.7384805838,5.92394596129,B,HBP,1.01304379463,6.13714419175,89.2924944041,2179.72948253,142.352227793,0.13
2363,2020,5323,LSU,D1 Southeastern Conference,730209280,SELA,448274781,2020-03-03 13:00:00,3,0,0,2,1324283517,B. Kaminer,L,CH,R,-0.855893041816,2.36310533606,7.61942639027,-4.31734186953,5.72155985032,SS,K,1.48294848465,5.77582110328,78.4816597656,1531.02976188,150.600505703,-0.15
2364,2020,5323,LSU,D1 Southeastern Conference,730209280,SELA,448274781,2020-03-03 13:00:00,3,0,1,2,1324283517,B. Kaminer,L,FA,R,-0.140029901999,3.49040022073,11.8522733255,-8.07594178107,5.99095799563,F,K,0.932989404472,5.99807857555,88.58480875,2181.39904494,145.804628371,-0.15
2365,2020,5323,LSU,D1 Southeastern Conference,730209280,SELA,448274781,2020-03-03 13:00:00,3,0,2,2,1324283517,B. Kaminer,L,FA,R,-0.023294311533,4.29995376866,11.4159489298,-0.98388934081,6.34183751602,SS,K,1.03807749396,6.13018527426,88.2504964567,2130.80044872,175.088154827,-0.15
2366,2020,5323,LSU,D1 Southeastern Conference,730209280,SELA,448274781,2020-03-03 13:00:00,4,0,0,0,1193693122,N. Storz,R,FA,R,0.220104728044,4.32272936649,10.166219502,5.87071552893,6.27707334237,B,IP_OUT,-1.59154687536,6.16538652413,87.8168949295,1829.88951855,209.923948836,0.13
2367,2020,5323,LSU,D1 Southeastern Conference,730209280,SELA,448274781,2020-03-03 13:00:00,4,1,0,0,1193693122,N. Storz,R,FA,R,0.462337111573,3.11610498874,14.3314189098,4.86742516916,6.26223589911,SS,IP_OUT,-1.72046591416,6.12181734764,87.3188533506,1919.373608,198.71803915,-0.15
2368,2020,5323,LSU,D1 Southeastern Conference,730209280,SELA,448274781,2020-03-03 13:00:00,4,1,0,1,1193693122,N. Storz,R,FA,R,0.689261638801,4.13681021058,8.11906027654,3.6476160636,6.22340500953,B,IP_OUT,-1.71006980067,6.10637363379,87.6802864052,1671.02913465,204.104270458,0.13
2369,2020,5323,LSU,D1 Southeastern Conference,730209280,SELA,448274781,2020-03-03 13:00:00,4,2,0,1,1193693122,N. Storz,R,FA,R,-0.838301546617,3.01988845322,13.5353710265,5.60927203719,6.25548942736,SL,IP_OUT,-1.82569139491,6.02545157166,87.2506461214,1876.73277208,202.459117166,-0.15
2370,2020,5323,LSU,D1 Southeastern Conference,730209280,SELA,448274781,2020-03-03 13:00:00,4,2,1,1,1193693122,N. Storz,R,FA,R,1.28622248691,2.32397530963,13.2529883111,4.2518423295,6.32862973941,B,IP_OUT,-1.5376535616,6.14358345186,88.9507590108,1705.75427472,197.746383031,0.13
2371,2020,5323,LSU,D1 Southeastern Conference,730209280,SELA,448274781,2020-03-03 13:00:00,4,0,0,2,1193693122,N. Storz,R,FA,R,0.799403119936,1.98975959698,8.74954126671,0.830993889952,6.30779278252,SS,K,-1.45071633468,6.08701915325,88.5406355308,1651.57788312,185.405266763,-0.15
2372,2020,5323,LSU,D1 Southeastern Conference,730209280,SELA,448274781,2020-03-03 13:00:00,4,0,1,2,1193693122,N. Storz,R,FA,R,1.08744537534,1.5395310492,13.2070989536,3.85114217478,6.39548321812,B,K,-1.46441786283,6.12756649996,88.2877804648,1686.76989684,196.218110016,0.13
2373,2020,5323,LSU,D1 Southeastern Conference,730209280,SELA,448274781,2020-03-03 13:00:00,4,2,1,2,1193693122,N. Storz,R,FA,R,-0.485075089734,2.86257632598,7.09369791359,2.30868154104,6.20958686239,F,K,-1.78105014416,5.95464642353,87.0707990835,1678.16622776,197.947627487,-0.15
2374,2020,5323,LSU,D1 Southeastern Conference,730209280,SELA,448274781,2020-03-03 13:00:00,4,2,2,2,1193693122,N. Storz,R,FA,R,1.41274300587,3.28120892951,11.2461005046,3.45907593831,6.38343636416,SS,K,-1.68655378472,5.97346631835,87.6602098149,2000.30244425,197.0493797,-0.15
2375,2020,5323,LSU,D1 Southeastern Conference,730209280,SELA,448274781,2020-03-03 13:00:00,5,0,0,0,1193693122,N. Storz,R,FA,R,0.436858731063,4.09382242662,13.9731409799,0.196477934107,6.17763090651,B,K,-1.70865655948,6.10929811429,88.2755168679,1960.70307266,180.803676853,0.13
2376,2020,5323,LSU,D1 Southeastern Conference,730209280,SELA,448274781,2020-03-03 13:00:00,5,1,0,0,1193693122,N. Storz,R,FA,R,1.13467277864,2.40295713224,9.3491974168,0.121420064609,6.29966223388,F,K,-1.59380585075,6.02565729904,86.3281650299,1857.02572522,180.741331777,-0.15
2377,2020,5323,LSU,D1 Southeastern Conference,730209280,SELA,448274781,2020-03-03 13:00:00,5,1,1,0,1193693122,N. Storz,R,FA,R,0.641665661282,2.74395456423,10.8355427554,3.05630744045,6.22022885088,F,K,-1.71337412985,5.97505236885,89.7800253818,2008.28147531,195.707479769,-0.15
2378,2020,5323,LSU,D1 Southeastern Conference,730209280,SELA,448274781,2020-03-03 13:00:00,5,1,2,0,1193693122,N. Storz,R,SL,R,-0.365117363723,4.7930704341,-4.65883066748,-16.2438388191,5.76544046558,B,K,-2.05297509883,6.06567666352,76.2032861854,2193.68757302,74.1460180847,0.13
2379,2020,5323,LSU,D1 Southeastern Conference,730209280,SELA,448274781,2020-03-03 13:00:00,5,2,2,0,1193693122,N. Storz,R,FA,R,-0.148404712455,3.93336463019,12.3509015178,-1.15045346249,6.19478323604,B,K,-1.65925638418,6.01621389096,88.9509906101,2003.46108573,174.692331235,0.13
2380,2020,5323,LSU,D1 Southeastern Conference,730209280,SELA,448274781,2020-03-03 13:00:00,5,3,2,0,1193693122,N. Storz,R,FA,R,1.28521100867,2.22835222054,10.2647961189,1.82288273024,6.44631239392,SS,K,-1.56570433536,6.04165397787,88.0441423044,1760.71410772,190.038276577,-0.15
2381,2020,5323,LSU,D1 Southeastern Conference,730209280,SELA,448274781,2020-03-03 13:00:00,5,0,0,1,1193693122,N. Storz,R,SL,R,0.703010874448,2.25205154793,0.85363104033,-19.7998983345,5.82210486387,SL,IP_OUT,-1.77485750201,6.03476783411,77.0129768676,1975.03763452,92.5978059892,-0.15
2382,2020,5323,LSU,D1 Southeastern Conference,730209280,SELA,448274781,2020-03-03 13:00:00,5,0,1,1,1193693122,N. Storz,R,FA,R,1.44059423486,1.9739554405,11.0581215324,4.29407251875,6.32962492445,SS,IP_OUT,-1.58638602897,6.07686190507,89.4617673664,1810.30059109,201.16610928,-0.15
2383,2020,5323,LSU,D1 Southeastern Conference,730209280,SELA,448274781,2020-03-03 13:00:00,5,0,0,2,1193693122,N. Storz,R,FA,R,0.9094652672,1.47694030213,11.388723358,3.74313528724,6.14174211835,B,BB,-1.48259873235,6.10971322853,88.9938521837,1631.08557055,198.145271981,0.13
2384,2020,5323,LSU,D1 Southeastern Conference,730209280,SELA,448274781,2020-03-03 13:00:00,5,1,0,2,1193693122,N. Storz,R,FA,R,-0.125202366174,3.26192405152,10.5199380355,0.437839488276,6.03690909555,SL,BB,-1.56670435687,6.05205247275,87.7635257031,1625.79325314,182.375663532,-0.15
2385,2020,5323,LSU,D1 Southeastern Conference,730209280,SELA,448274781,2020-03-03 13:00:00,5,1,1,2,1193693122,N. Storz,R,FA,R,2.18761509483,1.5843701847,8.16962612364,-0.530893070284,6.44732992271,B,BB,-1.48002580273,6.01813544797,89.2608859057,1559.98372655,176.296611641,0.13
2386,2020,5323,LSU,D1 Southeastern Conference,730209280,SELA,448274781,2020-03-03 13:00:00,5,2,1,2,1193693122,N. Storz,R,FA,R,-1.03992651644,2.51323177988,10.9757117968,-4.25731276113,6.35731546388,B,BB,-1.60949533733,6.04549072252,87.2348895623,1603.97921097,158.858706147,0.13
2387,2020,5323,LSU,D1 Southeastern Conference,730209280,SELA,448274781,2020-03-03 13:00:00,5,3,1,2,1193693122,N. Storz,R,FA,R,0.414766595698,1.95022624452,8.41618167857,-1.54306543652,6.31986626964,SS,BB,-1.50817608671,6.15952376818,87.3076987575,1628.08360359,169.651071698,-0.15
2388,2020,5323,LSU,D1 Southeastern Conference,730209280,SELA,448274781,2020-03-03 13:00:00,5,3,2,2,1193693122,N. Storz,R,FA,R,1.35074182411,1.81607323914,7.3857737691,2.32384359081,6.35335815445,B,BB,-1.68054155498,6.1228553615,88.5954765705,1427.00485586,197.393113276,0.8
2389,2020,5323,LSU,D1 Southeastern Conference,730209280,SELA,448274781,2020-03-03 13:00:00,5,0,1,2,1193693122,N. Storz,R,FA,R,0.833526644793,3.87886057717,5.35827390704,1.15081477914,6.08091224739,B,IP_OUT,-1.34980875201,6.25202708843,87.5358940293,1618.54880273,192.048006408,0.13
2390,2020,5323,LSU,D1 Southeastern Conference,730209280,SELA,448274781,2020-03-03 13:00:00,6,0,0,1,1453494940,T. Vietmeier,R,FC,R,2.68734748574,3.90540533027,7.97864390247,-6.13226798454,6.10337352396,B,HR,-1.79907046062,6.03768615253,80.5127687469,2055.24279316,142.592540809,0.13
2391,2020,5323,LSU,D1 Southeastern Conference,730209280,SELA,448274781,2020-03-03 13:00:00,6,1,0,1,1453494940,T. Vietmeier,R,FA,R,-0.550958539634,0.892894535352,21.9071471885,4.09342404814,6.4877962228,B,HR,-1.41737043481,6.21569615524,88.6171824372,2342.51379807,190.568373987,0.13
2392,2020,5323,LSU,D1 Southeastern Conference,730209280,SELA,448274781,2020-03-03 13:00:00,6,2,0,1,1453494940,T. Vietmeier,R,FA,R,-0.542021267552,2.85381332596,15.7521390903,2.1161117621,6.41349468461,IP,HR,-1.677220307,6.10308059088,87.3543193426,2370.40611942,187.635074314,1.76
2393,2020,5323,LSU,D1 Southeastern Conference,730209280,SELA,448274781,2020-03-03 13:00:00,6,0,0,1,1453494940,T. Vietmeier,R,FA,R,2.04205594775,1.68422726026,20.3627483393,2.68603728647,6.75582747305,B,D,-1.52993818616,6.22404050339,88.172650815,2405.95801556,187.502346602,0.13
2394,2020,5323,LSU,D1 Southeastern Conference,730209280,SELA,448274781,2020-03-03 13:00:00,6,1,0,1,1453494940,T. Vietmeier,R,FC,R,0.387890913705,0.902757361437,3.64323203964,-7.58440885793,6.0371486157,SS,D,-1.90445949758,6.03004786335,81.0983494591,2121.01480214,115.903159828,-0.15
2395,2020,5323,LSU,D1 Southeastern Conference,730209280,SELA,448274781,2020-03-03 13:00:00,6,1,1,1,1453494940,T. Vietmeier,R,FA,R,1.06632365222,1.72473133051,15.9269534435,7.0824054122,6.68899700452,B,D,-1.59559756582,6.19430092164,88.2828882305,2396.35575657,203.929601238,0.13
2396,2020,5323,LSU,D1 Southeastern Conference,730209280,SELA,448274781,2020-03-03 13:00:00,6,2,1,1,1453494940,T. Vietmeier,R,FC,R,-0.583154159528,2.51986521148,1.21110046451,-3.17022729832,6.0844870092,IP,D,-1.78650169708,6.05447161341,81.6690775052,2117.76418528,111.528078126,1.26
2397,2020,5323,LSU,D1 Southeastern Conference,730209280,SELA,448274781,2020-03-03 13:00:00,6,0,0,2,1453494940,T. Vietmeier,R,FC,R,1.55889814542,0.791846627833,5.67941127682,-2.57994363869,6.30818461412,B,IP_OUT,-1.81403315119,6.03692831166,81.3985299819,2024.83663021,155.718889342,0.13
2398,2020,5323,LSU,D1 Southeastern Conference,730209280,SELA,448274781,2020-03-03 13:00:00,6,1,0,2,1453494940,T. Vietmeier,R,FC,R,0.387065727415,0.976218904579,6.44679749125,-9.16703236159,6.25738928235,B,IP_OUT,-1.80271708194,5.9674086858,81.6644432937,2093.55762496,125.280392335,0.13
2399,2020,5323,LSU,D1 Southeastern Conference,730209280,SELA,448274781,2020-03-03 13:00:00,7,0,0,0,1077431175,C. Costello,R,FA,R,-0.418643920908,2.68410126829,8.51935033173,11.6973425437,5.9975029261,IP,S,-2.02478643891,6.02313228501,91.5273516167,1961.43400276,233.834389121,1.0
2400,2020,5323,LSU,D1 Southeastern Conference,730209280,SELA,448274781,2020-03-03 13:00:00,7,0,0,0,1077431175,C. Costello,R,FA,R,1.01691404214,1.61989710528,11.7510201749,13.8139163077,6.12514192921,B,S,-1.91069799028,5.92933179382,90.8229589191,2094.04285577,229.537621276,0.13
2401,2020,5323,LSU,D1 Southeastern Conference,730209280,SELA,448274781,2020-03-03 13:00:00,7,1,0,0,1077431175,C. Costello,R,FA,R,1.5443649949,2.35971398628,6.77617913361,14.5776899132,5.98323691632,F,S,-1.70231751576,6.07028153868,91.2749125106,2025.94373926,244.968041627,-0.15
2402,2020,5323,LSU,D1 Southeastern Conference,730209280,SELA,448274781,2020-03-03 13:00:00,7,1,1,0,1077431175,C. Costello,R,CH,R,0.378316736039,2.47602959112,5.01092667683,15.42915477,5.90992397328,F,S,-1.9727018166,5.91224085847,84.3448862024,2078.65430123,251.884431306,-0.15
2403,2020,5323,LSU,D1 Southeastern Conference,730209280,SELA,448274781,2020-03-03 13:00:00,7,1,2,0,1077431175,C. Costello,R,SL,R,-0.213642001044,2.59104130855,1.28555678398,-5.93770991657,5.97267626135,IP,S,-1.61189178859,6.22937382578,81.9153813146,2252.86861283,102.572871904,1.0
2404,2020,5323,LSU,D1 Southeastern Conference,730209280,SELA,448274781,2020-03-03 13:00:00,7,0,0,0,1077431175,C. Costello,R,FA,R,1.13914495773,3.07562819459,11.1876512149,15.4968348047,5.9095350942,SL,FC,-1.89605423099,6.01664771235,90.7694280652,2122.34470219,234.095937029,-0.15
2405,2020,5323,LSU,D1 Southeastern Conference,730209280,SELA,448274781,2020-03-03 13:00:00,7,0,1,0,1077431175,C. Costello,R,CH,R,1.3204613414,0.0958423332515,9.21876586006,12.2965873731,5.74499030765,B,FC,-1.90435211698,6.07372006214,83.4401308701,1932.61951698,233.027796386,0.13
2406,2020,5323,LSU,D1 Southeastern Conference,730209280,SELA,448274781,2020-03-03 13:00:00,7,1,1,0,1077431175,C. Costello,R,CH,R,-0.50797497335,1.62215670218,5.57546672451,15.4664472736,5.93228663858,F,FC,-2.15998273055,5.87837306974,84.247075161,2083.30164406,250.056021005,-0.15
2407,2020,5323,LSU,D1 Southeastern Conference,730209280,SELA,448274781,2020-03-03 13:00:00,7,1,2,0,1077431175,C. Costello,R,FA,R,1.29731570907,1.54717761184,8.45230306634,13.489915297,5.90907785013,B,FC,-1.67615002836,6.16945846968,91.7526242398,2070.90190443,237.834996519,0.13
2408,2020,5323,LSU,D1 Southeastern Conference,730209280,SELA,448274781,2020-03-03 13:00:00,7,2,2,0,1077431175,C. Costello,R,FA,R,2.11159852768,2.47439454811,9.87688331604,13.0847208701,5.98182576928,B,FC,-1.71257096507,6.03591576509,91.9295643362,2221.86371949,232.866373055,0.13
2409,2020,5323,LSU,D1 Southeastern Conference,730209280,SELA,448274781,2020-03-03 13:00:00,7,3,2,0,1077431175,C. Costello,R,FA,R,0.218102567116,2.16302244504,6.65343727548,12.982788055,5.98541684346,IP,FC,-1.78223562755,5.9792546617,90.268268167,1975.73964964,242.754191886,-0.21
2410,2020,5323,LSU,D1 Southeastern Conference,730209280,SELA,448274781,2020-03-03 13:00:00,7,1,0,1,1077431175,C. Costello,R,FA,R,0.681818438626,1.41614657009,7.20230274179,13.4665619094,6.08251779764,B,SF,-1.6932218578,6.09295004628,90.0573647142,2031.40564432,241.754702423,0.13
2411,2020,5323,LSU,D1 Southeastern Conference,730209280,SELA,448274781,2020-03-03 13:00:00,7,2,0,1,1077431175,C. Costello,R,FA,R,0.634209956159,1.52996403312,8.74133875784,15.4486368058,6.0824103142,SL,SF,-1.87461623106,5.91849979848,89.2537235052,2124.91684168,240.404862954,-0.15
2412,2020,5323,LSU,D1 Southeastern Conference,730209280,SELA,448274781,2020-03-03 13:00:00,7,2,1,1,1077431175,C. Costello,R,FA,R,0.583915616443,2.02659169542,12.1934311199,12.7337124919,6.02762653598,SL,SF,-1.77327813366,6.02900343089,90.8485665612,2171.17653374,226.167431303,-0.15
2413,2020,5323,LSU,D1 Southeastern Conference,730209280,SELA,448274781,2020-03-03 13:00:00,7,2,2,1,1077431175,C. Costello,R,CH,R,0.585656847939,1.90779026625,3.48821915749,12.7788336764,5.93075475522,F,SF,-2.04701966834,5.97297242155,86.1109112543,1964.0313562,254.585054706,0.0
2414,2020,5323,LSU,D1 Southeastern Conference,730209280,SELA,448274781,2020-03-03 13:00:00,8,0,0,0,1250203904,J. Hasty,L,FA,R,1.11649874836,1.41499446666,5.87836689035,-10.9596901544,6.14090219195,B,BB,0.70551881269,6.33111938509,89.8646033348,2191.14205488,118.338343652,0.13
2415,2020,5323,LSU,D1 Southeastern Conference,730209280,SELA,448274781,2020-03-03 13:00:00,8,1,0,0,1250203904,J. Hasty,L,FA,R,-0.159470034802,2.03862498086,6.28753205238,-12.3683555107,6.26375859063,SL,BB,0.55734793624,6.26172601057,89.5984084982,2245.168395,117.065204079,-0.15
2416,2020,5323,LSU,D1 Southeastern Conference,730209280,SELA,448274781,2020-03-03 13:00:00,8,1,1,0,1250203904,J. Hasty,L,CU,R,2.22862391248,5.58280235054,-16.7375865593,2.52991118979,6.18993665963,B,BB,0.347088566143,6.41009532452,76.4588623615,2574.60809799,351.382008264,0.13
2417,2020,5323,LSU,D1 Southeastern Conference,730209280,SELA,448274781,2020-03-03 13:00:00,8,2,1,0,1250203904,J. Hasty,L,FA,R,0.815399675431,2.62386806304,7.80885788634,-11.3727805418,6.31414831239,F,BB,0.533830025974,6.35211581932,88.8150741849,2238.4456654,124.586543987,-0.15
2418,2020,5323,LSU,D1 Southeastern Conference,730209280,SELA,448274781,2020-03-03 13:00:00,8,2,2,0,1250203904,J. Hasty,L,FA,R,0.687400198841,3.15205072281,2.95128383267,-8.45255499253,6.40821364948,F,BB,0.583770834288,6.27455711435,89.3929070683,2285.73246955,109.437970611,0.0
2419,2020,5323,LSU,D1 Southeastern Conference,730209280,SELA,448274781,2020-03-03 13:00:00,8,2,2,0,1250203904,J. Hasty,L,FA,R,0.482391379714,4.12911876974,9.77986899311,-10.8458997622,6.05179077835,B,BB,0.431005953546,6.42240890131,90.7924480687,2283.78267139,132.133553601,0.13
2420,2020,5323,LSU,D1 Southeastern Conference,730209280,SELA,448274781,2020-03-03 13:00:00,8,3,2,0,1250203904,J. Hasty,L,FA,R,0.383629206329,3.6145653826,7.49268885759,-4.98285918836,6.29801958873,F,BB,0.41723774237,6.27660351737,90.4802385641,2326.09175935,146.485680675,0.0
2421,2020,5323,LSU,D1 Southeastern Conference,730209280,SELA,448274781,2020-03-03 13:00:00,8,3,2,0,1250203904,J. Hasty,L,FA,R,-0.031912362045,0.629646486126,6.00405980912,-14.1819807391,6.24764611904,B,BB,0.583145730095,6.2619927352,90.167781478,2246.52728847,113.055884001,0.8
2422,2020,5323,LSU,D1 Southeastern Conference,730209280,SELA,448274781,2020-03-03 13:00:00,8,0,0,0,1322649890,D. Fontenot,R,FA,R,0.92507559917,2.88026383603,11.3247606785,8.85943667119,6.17714306556,SL,K,-1.81924149965,5.72706398833,89.9901812735,2027.59536759,217.958401639,-0.15
2423,2020,5323,LSU,D1 Southeastern Conference,730209280,SELA,448274781,2020-03-03 13:00:00,8,0,1,0,1322649890,D. Fontenot,R,FA,R,0.735005411528,3.28530087888,13.0346640572,9.34444148953,6.2633288757,SS,K,-1.76254209454,5.67107134024,91.1593153105,2074.77357291,215.571609844,-0.15
2424,2020,5323,LSU,D1 Southeastern Conference,730209280,SELA,448274781,2020-03-03 13:00:00,8,0,2,0,1322649890,D. Fontenot,R,SL,R,2.40686447732,2.77899604035,-2.6564866406,-10.7386409648,6.03094885272,B,K,-2.05798462105,5.57338212052,79.0305107183,2412.17770485,76.3156439459,0.13
2425,2020,5323,LSU,D1 Southeastern Conference,730209280,SELA,448274781,2020-03-03 13:00:00,8,1,2,0,1322649890,D. Fontenot,R,FA,R,1.05106181124,1.85684930035,14.0976791942,10.9072215552,6.51066344675,B,K,-1.78574497832,5.75052849609,89.6406779281,2011.30261423,217.665524029,0.13
2426,2020,5323,LSU,D1 Southeastern Conference,730209280,SELA,448274781,2020-03-03 13:00:00,8,2,2,0,1322649890,D. Fontenot,R,FA,R,0.416924014874,2.37454658377,6.55674310374,13.4275950417,6.41645947054,F,K,-1.71484598902,5.66568646832,89.6971623042,2064.53330528,243.864043764,0.0
2427,2020,5323,LSU,D1 Southeastern Conference,730209280,SELA,448274781,2020-03-03 13:00:00,8,2,2,0,1322649890,D. Fontenot,R,SL,R,2.06944421946,3.69666946534,-1.78222153207,-9.803087242,5.86886892638,B,K,-1.98630256468,5.53339111977,79.4129313002,2676.29656145,79.9319273824,0.13
2428,2020,5323,LSU,D1 Southeastern Conference,730209280,SELA,448274781,2020-03-03 13:00:00,8,3,2,0,1322649890,D. Fontenot,R,FA,R,1.2438127034,2.54146571249,8.75957873524,15.1337577031,6.43479332072,SL,K,-1.8759073581,5.52386199031,90.9610511382,2101.92898541,239.849185329,-0.15
2429,2020,5323,LSU,D1 Southeastern Conference,730209280,SELA,448274781,2020-03-03 13:00:00,8,0,0,1,1322649890,D. Fontenot,R,FA,R,2.16357317858,2.90391941541,16.0314562296,10.5739171545,6.36427138085,B,K,-1.5339610819,5.68152807124,91.4141196485,2146.23312086,213.356415219,0.13
2430,2020,5323,LSU,D1 Southeastern Conference,730209280,SELA,448274781,2020-03-03 13:00:00,8,1,0,1,1322649890,D. Fontenot,R,FA,R,1.37164882422,2.70160544754,11.7047651214,12.4098772622,6.42809363888,B,K,-1.60287669373,5.72968342744,90.591898639,2074.30613872,226.598157805,0.13
2431,2020,5323,LSU,D1 Southeastern Conference,730209280,SELA,448274781,2020-03-03 13:00:00,8,2,0,1,1322649890,D. Fontenot,R,FA,R,0.515850812759,2.41711558596,12.730602239,9.54203255574,6.31659724158,SL,K,-1.62577350091,5.8078618341,90.5530164656,2136.25574327,216.784981424,-0.15
2432,2020,5323,LSU,D1 Southeastern Conference,730209280,SELA,448274781,2020-03-03 13:00:00,8,2,1,1,1322649890,D. Fontenot,R,FA,R,0.452018743647,3.46761716214,9.09495046221,11.7240404726,6.28772790279,SL,K,-1.85949076797,5.70572581704,90.4897741235,2154.49496711,232.101626553,-0.15
2433,2020,5323,LSU,D1 Southeastern Conference,730209280,SELA,448274781,2020-03-03 13:00:00,8,2,2,1,1322649890,D. Fontenot,R,SL,R,2.29152527368,4.13263875379,1.20474809242,-8.23673977127,6.23463457604,B,K,-2.14020318544,5.46411208913,80.1972894983,2474.48717882,98.5956775319,0.13
2434,2020,5323,LSU,D1 Southeastern Conference,730209280,SELA,448274781,2020-03-03 13:00:00,8,3,2,1,1322649890,D. Fontenot,R,FA,R,-0.711261355096,2.86130347293,10.7178716204,13.0665936542,6.34977956962,SS,K,-1.9476894432,5.66613885832,89.9912939148,2128.84175605,230.55662465,-0.15
2435,2020,5323,LSU,D1 Southeastern Conference,730209280,SELA,448274781,2020-03-03 13:00:00,8,0,0,2,1322649890,D. Fontenot,R,SL,R,0.180781572065,3.85679298061,-1.08326373067,-15.1843185178,5.90850523033,B,BB,-2.31198946479,5.39957275219,78.1022031566,2637.12411384,86.0812409482,0.13
2436,2020,5323,LSU,D1 Southeastern Conference,730209280,SELA,448274781,2020-03-03 13:00:00,8,1,0,2,1322649890,D. Fontenot,R,FA,R,0.652867359587,3.12609550258,10.6698314743,12.4866878529,6.42857055555,SL,BB,-1.79376802502,5.6809227723,91.1405938961,2190.35693258,229.404200251,-0.15
2437,2020,5323,LSU,D1 Southeastern Conference,730209280,SELA,448274781,2020-03-03 13:00:00,8,1,1,2,1322649890,D. Fontenot,R,FA,R,0.129941920528,2.68952060102,4.19001353089,12.0904387963,6.33359782156,F,BB,-1.91879825912,5.52340202902,90.6258508486,2131.54255666,250.754517982,-0.15
2438,2020,5323,LSU,D1 Southeastern Conference,730209280,SELA,448274781,2020-03-03 13:00:00,8,1,2,2,1322649890,D. Fontenot,R,SL,R,1.30394878682,3.41122458589,-2.20460863743,-9.78745042925,6.04220864604,B,BB,-2.19031355965,5.43859266701,79.9965598642,2518.76520338,77.5341900119,0.13
2439,2020,5323,LSU,D1 Southeastern Conference,730209280,SELA,448274781,2020-03-03 13:00:00,8,2,2,2,1322649890,D. Fontenot,R,FA,R,0.326812213517,3.20661266183,10.2987754819,10.2665814282,6.49255099073,F,BB,-1.76634058541,5.55392668359,92.1110771223,2194.08801131,224.82661568,0.0
2440,2020,5323,LSU,D1 Southeastern Conference,730209280,SELA,448274781,2020-03-03 13:00:00,8,2,2,2,1322649890,D. Fontenot,R,FA,R,0.605170780294,3.30016623646,6.80784612721,14.6444928399,6.38363890562,F,BB,-1.73468084679,5.64446595746,92.6761159893,2177.17179506,244.971498604,0.0
2441,2020,5323,LSU,D1 Southeastern Conference,730209280,SELA,448274781,2020-03-03 13:00:00,8,2,2,2,1322649890,D. Fontenot,R,FA,R,1.09853526342,3.65444421639,13.6203849778,8.72552051423,6.47344385125,B,BB,-1.69180461926,5.59753791802,91.4233742832,2125.5654947,212.585639145,0.13
2442,2020,5323,LSU,D1 Southeastern Conference,730209280,SELA,448274781,2020-03-03 13:00:00,8,3,2,2,1322649890,D. Fontenot,R,FA,R,1.21451836136,3.88759245528,14.3952242973,9.97416941031,6.36908268794,B,BB,-1.72345379945,5.713073805,91.3571750967,2141.71517496,214.659617762,0.8
2443,2020,5323,LSU,D1 Southeastern Conference,730209280,SELA,448274781,2020-03-03 13:00:00,8,0,0,2,1322649890,D. Fontenot,R,FA,R,1.906701053,2.00672836102,12.4259588567,11.2644872661,6.43087232497,B,IP_OUT,-1.69540333752,5.58293299158,91.0206327925,2162.36241203,222.121183773,0.13
2444,2020,5323,LSU,D1 Southeastern Conference,730209280,SELA,448274781,2020-03-03 13:00:00,8,1,0,2,1322649890,D. Fontenot,R,SL,R,1.54908353417,3.61023480797,-1.52145834787,-9.34083358288,5.89722928341,B,IP_OUT,-1.99583419661,5.40769812774,78.3954924132,2620.95509962,81.0047849232,0.13
2445,2020,5323,LSU,D1 Southeastern Conference,730209280,SELA,448274781,2020-03-03 13:00:00,9,0,0,0,1322649890,D. Fontenot,R,FA,R,1.03970993464,3.91925048747,14.0822257126,8.99482917314,6.24252816463,B,BB,-1.63217792002,5.66697861351,91.0455344618,2127.36241746,212.510273609,0.13
2446,2020,5323,LSU,D1 Southeastern Conference,730209280,SELA,448274781,2020-03-03 13:00:00,9,1,0,0,1322649890,D. Fontenot,R,FA,R,1.77499010191,3.50966466944,13.9194089991,10.7818857741,6.55152484147,B,BB,-1.47921418137,5.67078288069,90.8801232266,2164.51926563,217.699261253,0.13
2447,2020,5323,LSU,D1 Southeastern Conference,730209280,SELA,448274781,2020-03-03 13:00:00,9,2,0,0,1322649890,D. Fontenot,R,FA,R,1.8308857111,1.55807300283,17.8613996943,9.16378683737,6.71275556098,B,BB,-1.75950332049,5.50173287611,91.0531034592,2122.23679655,207.119881818,0.13
2448,2020,5323,LSU,D1 Southeastern Conference,730209280,SELA,448274781,2020-03-03 13:00:00,9,3,0,0,1322649890,D. Fontenot,R,FA,R,-0.0701070836347,4.06208824991,5.77022161373,13.3764270113,6.50848019448,B,BB,-1.66190466695,5.50884308913,90.1511413699,2056.61208259,246.552483728,0.8
2449,2020,5323,LSU,D1 Southeastern Conference,730209280,SELA,448274781,2020-03-03 13:00:00,9,0,0,0,1322649890,D. Fontenot,R,FA,R,1.31213140522,2.33057893323,14.6336688141,11.0919508403,6.37738176885,SL,K,-1.88100746847,5.49502203112,89.9244219272,2108.03892951,217.100621463,-0.15
2450,2020,5323,LSU,D1 Southeastern Conference,730209280,SELA,448274781,2020-03-03 13:00:00,9,0,1,0,1322649890,D. Fontenot,R,FA,R,0.909522497764,3.09913581988,10.2153511805,12.4309857564,6.47231639075,SL,K,-2.04892428082,5.42861377899,89.8279767064,2115.96971719,230.500404924,-0.15
2451,2020,5323,LSU,D1 Southeastern Conference,730209280,SELA,448274781,2020-03-03 13:00:00,9,0,2,0,1322649890,D. Fontenot,R,SL,R,1.51251594209,3.96651747184,-0.706807659875,-15.451636111,6.11615051011,B,K,-1.99563447784,5.37141484749,77.4035032484,2520.47375138,87.5437601707,0.13
2452,2020,5323,LSU,D1 Southeastern Conference,730209280,SELA,448274781,2020-03-03 13:00:00,9,1,2,0,1322649890,D. Fontenot,R,FA,R,0.945754787031,2.56800385188,9.61551064999,13.920181169,6.54849001504,F,K,-1.70047506286,5.51137288654,91.3657070084,2110.62903713,235.279419111,0.0
2453,2020,5323,LSU,D1 Southeastern Conference,730209280,SELA,448274781,2020-03-03 13:00:00,9,1,2,0,1322649890,D. Fontenot,R,FA,R,0.80391078878,1.9858979288,8.35098210208,12.661491064,6.49950164309,F,K,-1.81099443468,5.55438912323,90.2934178637,2081.07965778,236.493020705,0.0
2454,2020,5323,LSU,D1 Southeastern Conference,730209280,SELA,448274781,2020-03-03 13:00:00,9,1,2,0,1322649890,D. Fontenot,R,SL,R,1.11646969648,3.47435987403,3.98068490487,-6.67215718274,6.14350309506,SL,K,-2.1525350464,5.36552128614,80.161167248,1251.7124494,121.075529251,-0.15
2455,2020,5323,LSU,D1 Southeastern Conference,730209280,SELA,448274781,2020-03-03 13:00:00,9,0,0,1,1322649890,D. Fontenot,R,SL,R,1.63659296592,3.41121098702,-5.10341342727,-16.5517093233,6.06266266723,B,K,-2.1058860665,5.40216027117,76.0905275106,2528.03824977,73.0082077764,0.13
2456,2020,5323,LSU,D1 Southeastern Conference,730209280,SELA,448274781,2020-03-03 13:00:00,9,1,0,1,1322649890,D. Fontenot,R,FA,R,0.701757790163,2.26151242758,8.81903559171,10.8482330545,6.32666031713,SL,K,-1.73433184907,5.53392345347,90.9938682476,2040.43494374,230.791676792,-0.15
2457,2020,5323,LSU,D1 Southeastern Conference,730209280,SELA,448274781,2020-03-03 13:00:00,9,1,1,1,1322649890,D. Fontenot,R,FA,R,0.524984781363,3.39195672213,10.1198713312,8.30906291082,6.31999595986,SS,K,-2.01225775652,5.48668257723,90.3211567148,2149.72050758,219.300651904,-0.15
2458,2020,5323,LSU,D1 Southeastern Conference,730209280,SELA,448274781,2020-03-03 13:00:00,9,1,2,1,1322649890,D. Fontenot,R,FA,R,-0.219122833244,2.52262689028,6.19149214742,13.422905462,6.41991284473,F,K,-1.88211752664,5.43380726144,91.7370594847,2117.06909808,245.130396011,0.0
2459,2020,5323,LSU,D1 Southeastern Conference,730209280,SELA,448274781,2020-03-03 13:00:00,9,1,2,1,1322649890,D. Fontenot,R,FA,R,1.82997294507,2.08011136559,15.7239188751,8.73159571275,6.55973270307,B,K,-1.83246138673,5.54553906687,91.0383068704,2080.05448521,208.995950144,0.13
2460,2020,5323,LSU,D1 Southeastern Conference,730209280,SELA,448274781,2020-03-03 13:00:00,9,2,2,1,1322649890,D. Fontenot,R,FA,R,0.828051255,2.94220100521,12.8872419909,9.08844997777,6.55517500436,SL,K,-1.84265533661,5.54269425694,91.0309555462,2129.97149603,215.128434239,-0.15
2461,2020,5323,LSU,D1 Southeastern Conference,730209280,SELA,448274781,2020-03-03 13:00:00,9,0,0,2,1322649890,D. Fontenot,R,FA,L,1.29104160759,3.27442733588,14.6429791295,9.43856532257,6.70334995669,B,K,-1.7414740644,5.64686492575,91.7098402955,2186.15297461,212.751178249,0.13
2462,2020,5323,LSU,D1 Southeastern Conference,730209280,SELA,448274781,2020-03-03 13:00:00,9,1,0,2,1322649890,D. Fontenot,R,FA,L,-0.380302520991,2.66590933292,13.6358804671,7.78013055898,6.42427671131,SL,K,-1.72817314716,5.52941594996,90.7536606955,2104.51132033,209.651215227,-0.15
2463,2020,5323,LSU,D1 Southeastern Conference,730209280,SELA,448274781,2020-03-03 13:00:00,9,1,1,2,1322649890,D. Fontenot,R,FA,L,-0.564948171664,3.55368859637,9.897567845,11.0665995299,6.34681110364,B,K,-1.97611976542,5.53115583102,90.2352475212,2080.62568404,228.101209084,0.13
2464,2020,5323,LSU,D1 Southeastern Conference,730209280,SELA,448274781,2020-03-03 13:00:00,9,2,1,2,1322649890,D. Fontenot,R,FA,L,-0.581536924968,3.67914547104,11.1953876495,6.6610104087,6.3236355417,B,K,-1.99789721686,5.51367258105,89.0901483182,2080.35197017,210.679206488,0.13
2465,2020,5323,LSU,D1 Southeastern Conference,730209280,SELA,448274781,2020-03-03 13:00:00,9,3,1,2,1322649890,D. Fontenot,R,FA,L,-0.360814365033,3.59590841099,14.069678133,7.68548733178,6.66996226794,SS,K,-1.88643742962,5.58307031093,90.2825031382,2078.63290793,208.592100759,-0.15
2466,2020,5323,LSU,D1 Southeastern Conference,730209280,SELA,448274781,2020-03-03 13:00:00,9,3,2,2,1322649890,D. Fontenot,R,FA,L,0.544210401456,2.18655249211,16.0743315712,6.77099702935,6.49435275999,SL,K,-1.8880220522,5.55022142904,90.2813855749,2111.88929228,202.802211148,-0.15
2467,2020,5075,ULL,D1 Sun Belt Conference,730209280,SELA,306620118,2020-02-14 13:00:00,1,0,0,0,1024336429,C. Angel,R,FA,R,1.15042087574,0.851513247053,5.53325558347,19.500849243,6.12570386009,B,BB,-2.85861384181,5.09949290144,92.6712606726,2030.19902627,254.075617406,0.13
2468,2020,5075,ULL,D1 Sun Belt Conference,730209280,SELA,306620118,2020-02-14 13:00:00,1,1,0,0,1024336429,C. Angel,R,FA,R,0.803905376329,1.79804126436,-0.222828699281,19.4114519649,6.43330632817,SL,BB,-2.96945401516,4.91925251196,92.7234793896,2044.03468591,270.568864495,-0.15
2469,2020,5075,ULL,D1 Sun Belt Conference,730209280,SELA,306620118,2020-02-14 13:00:00,1,1,1,0,1024336429,C. Angel,R,SI,R,0.745074535202,1.28309960812,-1.57519518797,19.2389852556,6.18267667115,B,BB,-2.85844547077,4.96031302839,93.1057431487,2101.66679342,274.591249616,0.13
2470,2020,5075,ULL,D1 Sun Belt Conference,730209280,SELA,306620118,2020-02-14 13:00:00,1,2,1,0,1024336429,C. Angel,R,FA,R,-1.35372844347,1.18458250485,7.79435980501,19.1635633506,6.20634707929,B,BB,-2.95504747193,5.11761363536,92.360853996,2021.52395071,247.788509651,0.13
2471,2020,5075,ULL,D1 Sun Belt Conference,730209280,SELA,306620118,2020-02-14 13:00:00,1,3,1,0,1024336429,C. Angel,R,FA,R,-0.306859059874,2.57982836814,1.20933825235,17.9636607077,6.52937453012,SL,BB,-2.82601928281,5.04358978067,92.9780190975,2079.66719229,266.05417778,-0.15
2472,2020,5075,ULL,D1 Sun Belt Conference,730209280,SELA,306620118,2020-02-14 13:00:00,1,3,2,0,1024336429,C. Angel,R,FA,R,0.0520240376194,0.728392029355,1.35874373287,19.416636983,6.30870649206,B,BB,-3.04544803619,4.89242247734,93.1489866766,2142.90372797,265.908960706,0.8
2473,2020,5075,ULL,D1 Sun Belt Conference,730209280,SELA,306620118,2020-02-14 13:00:00,1,0,0,0,1024336429,C. Angel,R,SI,R,1.6786555735,0.964500641028,0.257991925858,20.7507735581,6.43360165849,B,BB,-2.77820921731,4.98705142787,91.5485195109,2028.23020837,269.202045747,0.13
2474,2020,5075,ULL,D1 Sun Belt Conference,730209280,SELA,306620118,2020-02-14 13:00:00,1,1,0,0,1024336429,C. Angel,R,FA,R,0.591631658307,1.07733642393,1.92327795258,20.7942818373,6.39802921837,B,BB,-2.93893296478,4.98280835921,92.4737348,2084.49182226,264.632859773,0.13
2475,2020,5075,ULL,D1 Sun Belt Conference,730209280,SELA,306620118,2020-02-14 13:00:00,1,2,0,0,1024336429,C. Angel,R,FA,R,0.605166907392,1.05302200105,-0.836116583828,18.2514859046,6.38480045223,B,BB,-2.89432242703,5.02471882789,93.315710598,2089.72294915,272.529991042,0.13
2476,2020,5075,ULL,D1 Sun Belt Conference,730209280,SELA,306620118,2020-02-14 13:00:00,1,3,0,0,1024336429,C. Angel,R,FA,R,0.669180482755,-0.605200184991,0.793168380706,17.333919036,6.28887225069,B,BB,-2.82834621545,5.01422416012,92.7387789239,2089.37006564,267.280021944,0.8
2477,2020,5075,ULL,D1 Sun Belt Conference,730209280,SELA,306620118,2020-02-14 13:00:00,1,0,0,0,1024336429,C. Angel,R,FA,L,-1.50788005326,0.769959848712,0.331886607423,20.8135450836,6.21739135398,B,S,-3.0951219633,4.97496337582,93.1459830641,2114.6497884,269.003767645,0.13
2478,2020,5075,ULL,D1 Sun Belt Conference,730209280,SELA,306620118,2020-02-14 13:00:00,1,1,0,0,1024336429,C. Angel,R,FA,L,-0.105195488794,1.46608514986,1.26080820228,19.6277972301,6.31008552143,SL,S,-2.98981652817,4.95571429883,92.4704273939,2088.5146,266.236212637,-0.15
2479,2020,5075,ULL,D1 Sun Belt Conference,730209280,SELA,306620118,2020-02-14 13:00:00,1,1,1,0,1024336429,C. Angel,R,FA,L,-0.434246116384,2.40202557673,0.621192533029,19.3185908339,6.20691211669,SS,S,-2.96592487491,5.11863500677,92.4982353447,2114.26825052,268.068297742,-0.15
2480,2020,5075,ULL,D1 Sun Belt Conference,730209280,SELA,306620118,2020-02-14 13:00:00,1,1,2,0,1024336429,C. Angel,R,CU,L,-0.409819757183,1.62433305959,-4.15505396146,-13.8206596144,6.33427502003,F,S,-2.97660747814,5.01073218587,77.0709802306,1766.63614425,73.4339373321,0.0
2481,2020,5075,ULL,D1 Sun Belt Conference,730209280,SELA,306620118,2020-02-14 13:00:00,1,1,2,0,1024336429,C. Angel,R,FA,L,-1.10178023211,2.03487773466,0.3669644237,17.5482724814,5.96474063501,F,S,-3.09331233835,5.13303048396,92.6447708722,1949.95499467,268.700933522,0.0
2482,2020,5075,ULL,D1 Sun Belt Conference,730209280,SELA,306620118,2020-02-14 13:00:00,1,1,2,0,1024336429,C. Angel,R,FA,L,-1.16749501035,1.26462976445,-0.180531731939,19.6999917444,6.18395691819,IP,S,-3.07891070288,4.91165927988,92.7047351855,2113.39049139,270.436099335,1.0
2483,2020,5075,ULL,D1 Sun Belt Conference,730209280,SELA,306620118,2020-02-14 13:00:00,1,0,0,0,1024336429,C. Angel,R,FA,R,-0.278347306865,0.894969341965,6.10058744541,16.9122099718,6.38149891932,B,K,-3.048504749,4.99251074045,92.6808828297,2100.7188672,250.073264665,0.13
2484,2020,5075,ULL,D1 Sun Belt Conference,730209280,SELA,306620118,2020-02-14 13:00:00,1,1,0,0,1024336429,C. Angel,R,SI,R,-0.172171710009,1.62874948426,-1.9202841981,16.7718851183,6.39320789016,SS,K,-3.04885453726,4.85273239856,91.3846261546,2014.55784091,276.426785319,-0.15
2485,2020,5075,ULL,D1 Sun Belt Conference,730209280,SELA,306620118,2020-02-14 13:00:00,1,1,1,0,1024336429,C. Angel,R,SI,R,0.511582724192,0.314942928889,-3.27882613957,18.9279655502,6.366900334,B,K,-2.98874399068,4.96400453189,92.6708060048,2123.56625475,279.737975155,0.13
2486,2020,5075,ULL,D1 Sun Belt Conference,730209280,SELA,306620118,2020-02-14 13:00:00,1,2,1,0,1024336429,C. Angel,R,SI,R,0.76047357829,1.06465468848,-2.88709428265,17.5455643277,6.58319953522,SL,K,-3.05829068356,4.92422151804,91.474413557,2090.20856287,279.245484269,-0.15
2487,2020,5075,ULL,D1 Sun Belt Conference,730209280,SELA,306620118,2020-02-14 13:00:00,1,2,2,0,1024336429,C. Angel,R,SI,R,0.64438856335,1.66545207086,-2.79177322024,16.852885766,6.16838687326,SL,K,-2.84123478194,4.93996154287,92.8631984687,2108.07698581,279.304832633,-0.15
2488,2020,5075,ULL,D1 Sun Belt Conference,730209280,SELA,306620118,2020-02-14 13:00:00,1,0,0,1,1024336429,C. Angel,R,FA,R,0.881447639665,0.720824393707,2.0418732407,17.2891238905,6.24255896491,B,DP,-2.94865507829,4.98106359658,92.2864544328,2014.37935827,263.163888802,0.13
2489,2020,5075,ULL,D1 Sun Belt Conference,730209280,SELA,306620118,2020-02-14 13:00:00,1,1,0,1,1024336429,C. Angel,R,FA,R,1.25271655091,1.97057557164,9.68651371206,16.9101007556,6.43025728286,SL,DP,-3.04248049011,5.00073238466,92.7191596767,2065.15444839,240.117464513,-0.15
2490,2020,5075,ULL,D1 Sun Belt Conference,730209280,SELA,306620118,2020-02-14 13:00:00,1,1,1,1,1024336429,C. Angel,R,SI,R,-0.483704817006,2.66728726808,-2.53479055106,16.8488836166,6.51391565473,SS,DP,-3.01025449784,5.06821065061,90.1289896375,2074.55961138,278.449466822,-0.15
2491,2020,5075,ULL,D1 Sun Belt Conference,730209280,SELA,306620118,2020-02-14 13:00:00,1,1,2,1,1024336429,C. Angel,R,FA,R,0.856797044681,1.85306852568,0.161641592647,17.9701800271,6.32607934286,IP,DP,-3.01055124855,4.86295739264,92.7848934071,2111.18228709,269.38776011,-0.21
2492,2020,5075,ULL,D1 Sun Belt Conference,730209280,SELA,306620118,2020-02-14 13:00:00,2,0,0,0,1024336429,C. Angel,R,FA,R,0.209305852858,1.15138682966,3.22074030189,17.097450062,6.38834866169,F,D,-2.97290993049,4.95850092599,88.1794140944,1985.20402537,259.222939147,-0.15
2493,2020,5075,ULL,D1 Sun Belt Conference,730209280,SELA,306620118,2020-02-14 13:00:00,2,0,1,0,1024336429,C. Angel,R,FA,R,0.758437356737,0.920555323344,0.262120872967,18.0847951081,6.08161943748,B,D,-3.02962007288,5.17609963995,91.6607686933,2164.28862124,269.068757149,0.13
2494,2020,5075,ULL,D1 Sun Belt Conference,730209280,SELA,306620118,2020-02-14 13:00:00,2,1,1,0,1024336429,C. Angel,R,FA,R,-0.165394269614,2.00000006261,6.55716054266,18.3438350422,6.31181288847,F,D,-3.02104333288,5.15880268536,91.306902735,2214.77749971,250.243352818,-0.15
2495,2020,5075,ULL,D1 Sun Belt Conference,730209280,SELA,306620118,2020-02-14 13:00:00,2,1,2,0,1024336429,C. Angel,R,CU,R,-0.609238132001,2.26225908397,2.65846609165,-19.0901550619,5.74934580195,F,D,-2.97033180571,5.0260769515,75.6233827799,2119.68384816,98.0645148676,0.0
2496,2020,5075,ULL,D1 Sun Belt Conference,730209280,SELA,306620118,2020-02-14 13:00:00,2,1,2,0,1024336429,C. Angel,R,FA,R,0.609668797666,0.310575279483,2.2493965298,16.7026848193,6.00552925441,B,D,-2.98183531436,5.24334885752,91.8878297491,2006.13305469,262.224366712,0.13
2497,2020,5075,ULL,D1 Sun Belt Conference,730209280,SELA,306620118,2020-02-14 13:00:00,2,2,2,0,1024336429,C. Angel,R,FA,R,-0.410240468104,2.72593217624,1.60361319006,17.6859830206,6.45784093475,IP,D,-2.91622406224,4.95229206532,88.9842135315,2079.18656591,264.714009989,1.26
2498,2020,5075,ULL,D1 Sun Belt Conference,730209280,SELA,306620118,2020-02-14 13:00:00,2,0,0,0,1024336429,C. Angel,R,CU,R,1.30330026964,1.1226647578,-4.76035694009,-14.0503263543,5.88718815965,B,K,-3.16663133304,4.91183103614,75.6314081167,1911.96798952,71.4530447968,0.13
2499,2020,5075,ULL,D1 Sun Belt Conference,730209280,SELA,306620118,2020-02-14 13:00:00,2,1,0,0,1024336429,C. Angel,R,SI,R,-0.535936765515,2.460043451,0.618008465217,19.7259730141,6.30037173801,SL,K,-3.09298057571,4.97554998783,90.1870774968,2042.9400056,268.11252988,-0.15
2500,2020,5075,ULL,D1 Sun Belt Conference,730209280,SELA,306620118,2020-02-14 13:00:00,2,1,1,0,1024336429,C. Angel,R,FA,R,-0.885333286734,1.84166510017,1.72580784896,16.8842701437,6.28864411104,SL,K,-3.12791675987,5.08838070226,90.8281209406,2032.76072931,264.058069037,-0.15
2501,2020,5075,ULL,D1 Sun Belt Conference,730209280,SELA,306620118,2020-02-14 13:00:00,2,1,2,0,1024336429,C. Angel,R,SI,R,0.387032241247,0.994753126577,-4.24551591665,16.8707162252,6.33066373935,SS,K,-2.84397332582,4.94679521639,91.7664092802,2109.51514005,284.026677262,-0.15
2502,2020,5075,ULL,D1 Sun Belt Conference,730209280,SELA,306620118,2020-02-14 13:00:00,2,0,0,1,1024336429,C. Angel,R,SI,R,0.827889997361,2.85835719265,-0.562148393485,18.5175802888,6.45212893743,SL,K,-2.91013408293,4.94987579003,89.5559369163,2066.30764283,271.63891964,-0.15
2503,2020,5075,ULL,D1 Sun Belt Conference,730209280,SELA,306620118,2020-02-14 13:00:00,2,0,1,1,1024336429,C. Angel,R,SI,R,0.353085720782,0.977259259746,0.20577139216,18.4232777053,6.31400411948,F,K,-3.08142527051,4.96236772286,90.9670405093,1992.31528868,269.262447793,-0.15
2504,2020,5075,ULL,D1 Sun Belt Conference,730209280,SELA,306620118,2020-02-14 13:00:00,2,0,2,1,1024336429,C. Angel,R,SL,R,0.744219274039,1.47472013107,-1.13148372538,-13.8072873065,6.55389964509,SS,K,-2.9633734619,5.04276283136,76.5491416781,1808.24798462,85.4959859612,-0.15
2505,2020,5075,ULL,D1 Sun Belt Conference,730209280,SELA,306620118,2020-02-14 13:00:00,2,0,0,2,1024336429,C. Angel,R,FA,R,0.387259011388,1.16014568548,3.05937984436,15.2110328415,6.4014469139,SL,K,-3.19030798409,4.92587623113,89.7007166452,2079.16801965,258.510686453,-0.15
2506,2020,5075,ULL,D1 Sun Belt Conference,730209280,SELA,306620118,2020-02-14 13:00:00,2,0,1,2,1024336429,C. Angel,R,SI,R,0.0183449191687,1.7177164811,0.530936249514,18.0422831644,6.46672279415,F,K,-3.08148489951,4.82528865838,90.372284124,2010.0638344,268.213382574,-0.15
2507,2020,5075,ULL,D1 Sun Belt Conference,730209280,SELA,306620118,2020-02-14 13:00:00,2,0,2,2,1024336429,C. Angel,R,CU,R,-0.312770104707,1.24638551969,-1.43612751937,-14.3539014798,6.44344597177,F,K,-3.03192455661,4.97826591908,76.8891134301,1813.49805358,84.4594399885,0.0
2508,2020,5075,ULL,D1 Sun Belt Conference,730209280,SELA,306620118,2020-02-14 13:00:00,2,0,2,2,1024336429,C. Angel,R,FA,R,-0.230191968689,1.42909047902,7.04465386959,18.313246735,5.99454861776,SS,K,-3.02990392174,5.28867465576,91.4414919469,2034.56535648,248.873256044,-0.15
2509,2020,5075,ULL,D1 Sun Belt Conference,730209280,SELA,306620118,2020-02-14 13:00:00,3,0,0,0,1024336429,C. Angel,R,FA,R,-0.13265763261,1.43805024769,0.848563440809,19.4959064478,6.09410975885,SL,IP_OUT,-3.10402736302,4.92453252427,87.8080797725,2027.8304408,267.40699062,-0.15
2510,2020,5075,ULL,D1 Sun Belt Conference,730209280,SELA,306620118,2020-02-14 13:00:00,3,0,1,0,1024336429,C. Angel,R,FA,R,1.07122534513,1.43343082399,-0.0190878614172,14.558964479,6.38163036845,SS,IP_OUT,-2.98746528848,4.98619096486,88.7665349944,2080.82193958,269.944694099,-0.15
2511,2020,5075,ULL,D1 Sun Belt Conference,730209280,SELA,306620118,2020-02-14 13:00:00,3,0,0,1,1024336429,C. Angel,R,FA,R,-0.583428470652,1.55207538866,3.70623117893,17.8960723525,6.36198164054,SS,IP_OUT,-3.0440046706,5.15742573352,88.2576726061,2057.88222058,258.196314165,-0.15
2512,2020,5075,ULL,D1 Sun Belt Conference,730209280,SELA,306620118,2020-02-14 13:00:00,3,0,1,1,1024336429,C. Angel,R,SI,R,1.20032733098,2.06632161579,1.10068161928,18.1314478103,6.13634059955,SL,IP_OUT,-2.9781849284,5.05430104269,90.8619653854,2125.07048818,266.425139384,-0.15
2513,2020,5075,ULL,D1 Sun Belt Conference,730209280,SELA,306620118,2020-02-14 13:00:00,3,0,2,1,1024336429,C. Angel,R,FA,R,2.55707632938,1.22243095743,1.83117812948,19.0314862126,5.95450889007,B,IP_OUT,-2.99393466223,5.17574483763,91.0253611106,2128.23194248,264.407553169,0.13
2514,2020,5075,ULL,D1 Sun Belt Conference,730209280,SELA,306620118,2020-02-14 13:00:00,3,0,0,2,1024336429,C. Angel,R,FA,L,-0.798206348552,2.66212614812,1.6850364796,17.5059902437,6.51939460443,SL,IP_OUT,-3.06441072958,5.05967293113,88.990354575,2094.77428059,264.395289134,-0.15
2515,2020,5075,ULL,D1 Sun Belt Conference,730209280,SELA,306620118,2020-02-14 13:00:00,3,0,1,2,1024336429,C. Angel,R,SI,L,-0.846388835151,0.715752407334,-2.88241483398,17.4239935146,6.08178578843,B,IP_OUT,-2.9953282813,4.90683062329,89.9400681941,2155.19562958,279.289033149,0.13
2516,2020,5075,ULL,D1 Sun Belt Conference,730209280,SELA,306620118,2020-02-14 13:00:00,3,1,1,2,1024336429,C. Angel,R,SI,L,-0.425746063091,0.580700244561,-7.94040597731,20.495235302,6.39997626178,SS,IP_OUT,-3.24302809183,4.63773833435,88.66476237,2145.99428387,291.097077433,-0.15
2517,2020,5075,ULL,D1 Sun Belt Conference,730209280,SELA,306620118,2020-02-14 13:00:00,3,1,2,2,1024336429,C. Angel,R,SI,L,-0.579072970651,0.958126306002,-1.30281453376,21.3816058005,5.92243119146,F,IP_OUT,-3.1043654581,4.94698848268,91.0106515933,2133.72559656,273.400988645,0.0
2518,2020,5075,ULL,D1 Sun Belt Conference,730209280,SELA,306620118,2020-02-14 13:00:00,3,1,2,2,1024336429,C. Angel,R,FA,L,0.410827283091,1.17122701211,8.78016835156,14.4562605912,6.26885806749,B,IP_OUT,-2.98931385235,5.11428661598,90.7367538604,1989.13826602,238.634792079,0.13
2519,2020,5075,ULL,D1 Sun Belt Conference,730209280,SELA,306620118,2020-02-14 13:00:00,3,2,2,2,1024336429,C. Angel,R,FA,L,0.614311804276,0.470203763608,1.4869403568,16.0688752943,6.05098534587,B,IP_OUT,-3.07271645243,4.99905760108,91.6303799764,2088.73004195,264.60175257,0.13
2520,2020,5075,ULL,D1 Sun Belt Conference,730209280,SELA,306620118,2020-02-14 13:00:00,4,0,0,0,1024336429,C. Angel,R,FA,R,1.20106266766,1.28080240175,6.06121489945,16.959955255,6.10072684666,SL,HBP,-3.00776787874,5.27471040236,89.5089167922,2020.64066741,250.234784658,-0.15
2521,2020,5075,ULL,D1 Sun Belt Conference,730209280,SELA,306620118,2020-02-14 13:00:00,4,0,1,0,1024336429,C. Angel,R,CU,R,-1.55690210282,1.70171393972,2.8277241832,-15.7908373663,5.99380696313,HBP,HBP,-3.03933776297,5.1213103507,75.9191815036,1739.39247534,100.313051906,0.8
2522,2020,5075,ULL,D1 Sun Belt Conference,730209280,SELA,306620118,2020-02-14 13:00:00,4,0,0,0,1024336429,C. Angel,R,FA,R,0.565265124109,2.18594612713,2.84449131871,18.1462350291,6.34773554151,SL,DP,-2.99600084877,4.94916346607,88.5323459776,2033.40083062,260.98825827,-0.15
2523,2020,5075,ULL,D1 Sun Belt Conference,730209280,SELA,306620118,2020-02-14 13:00:00,4,0,1,0,1024336429,C. Angel,R,SI,R,-0.875456079927,1.50401232796,-4.27335850504,16.3687184129,6.25966218474,SS,DP,-3.02965263153,4.92638493845,87.9375556052,1962.15021494,284.520635872,-0.15
2524,2020,5075,ULL,D1 Sun Belt Conference,730209280,SELA,306620118,2020-02-14 13:00:00,4,0,2,0,1024336429,C. Angel,R,FA,R,0.984681555238,2.53133931415,2.32476932187,18.7070584568,6.24148292165,IP,DP,-2.93898239307,5.13372996938,90.3175469321,1998.47004203,262.819123654,-0.21
2525,2020,5075,ULL,D1 Sun Belt Conference,730209280,SELA,306620118,2020-02-14 13:00:00,4,0,0,2,1024336429,C. Angel,R,FA,R,-0.0134412775132,1.83003873045,5.43047087324,18.7688580635,6.44342750092,SL,K,-3.03762274633,5.16355320861,89.8560076227,2033.98336208,253.772248632,-0.15
2526,2020,5075,ULL,D1 Sun Belt Conference,730209280,SELA,306620118,2020-02-14 13:00:00,4,0,1,2,1024336429,C. Angel,R,SI,R,1.06395245241,1.43257831936,0.0558430334984,19.6570804606,6.17863472283,SS,K,-2.88044421373,5.1473597022,90.0835688213,2026.90069677,269.742643349,-0.15
2527,2020,5075,ULL,D1 Sun Belt Conference,730209280,SELA,306620118,2020-02-14 13:00:00,4,0,2,2,1024336429,C. Angel,R,SI,R,-0.448061732253,0.933032113432,-4.85387049748,18.5638057216,6.16755561969,SS,K,-3.20575074651,4.95327861974,90.1169400737,1940.79326311,284.559637219,-0.15
2528,2020,5075,ULL,D1 Sun Belt Conference,730209280,SELA,306620118,2020-02-14 13:00:00,5,0,0,0,1024336429,C. Angel,R,FA,R,0.327731685755,1.70121741199,4.59131407547,16.1225623304,6.23196088918,SL,K,-3.01582266562,5.13913686747,88.1593205695,2133.84564598,253.992337721,-0.15
2529,2020,5075,ULL,D1 Sun Belt Conference,730209280,SELA,306620118,2020-02-14 13:00:00,5,0,1,0,1024336429,C. Angel,R,FA,R,2.13293312869,0.982357587466,4.67292107902,19.3638444109,6.09658527245,B,K,-2.95325697591,5.22181998057,90.3590561351,2146.89905808,256.341636103,0.13
2530,2020,5075,ULL,D1 Sun Belt Conference,730209280,SELA,306620118,2020-02-14 13:00:00,5,1,1,0,1024336429,C. Angel,R,FA,R,0.419868095,1.15988630739,3.6812180658,17.6013251636,6.27349402023,B,K,-3.13131382689,4.98345195255,89.0242741698,2171.55484203,258.083398557,0.13
2531,2020,5075,ULL,D1 Sun Belt Conference,730209280,SELA,306620118,2020-02-14 13:00:00,5,2,1,0,1024336429,C. Angel,R,FA,R,1.5109456923,1.65912373753,7.5448600253,20.0308530963,6.23272610985,B,K,-2.95903505462,4.96315387924,88.8992489193,2087.54168752,249.277261929,0.13
2532,2020,5075,ULL,D1 Sun Belt Conference,730209280,SELA,306620118,2020-02-14 13:00:00,5,3,1,0,1024336429,C. Angel,R,SI,R,-0.0560651834073,1.52574303692,-1.66226699872,20.3353385672,6.08271402293,SS,K,-2.90744013011,4.86821588636,89.1895250137,2149.0834974,274.580402043,-0.15
2533,2020,5075,ULL,D1 Sun Belt Conference,730209280,SELA,306620118,2020-02-14 13:00:00,5,3,2,0,1024336429,C. Angel,R,FA,R,-0.0361479344331,2.26311110926,6.31064848249,16.5305692386,6.280312948,SS,K,-3.08264100922,5.07691095745,89.6477335754,2077.50575901,249.006643037,-0.15
2534,2020,5075,ULL,D1 Sun Belt Conference,730209280,SELA,306620118,2020-02-14 13:00:00,5,0,0,1,1024336429,C. Angel,R,FA,R,0.662368464696,2.81737523974,7.74384146997,19.1765394224,6.25866337217,SL,IP_OUT,-2.9862939242,5.07601925863,89.4079603312,2081.81271322,247.926261774,-0.15
2535,2020,5075,ULL,D1 Sun Belt Conference,730209280,SELA,306620118,2020-02-14 13:00:00,5,0,0,2,1024336429,C. Angel,R,SI,R,1.51205313539,0.264358247563,1.52051121329,16.6294179148,6.11696504058,B,K,-3.03691946081,5.20556567546,90.5811253033,2188.16287663,264.664915722,0.13
2536,2020,5075,ULL,D1 Sun Belt Conference,730209280,SELA,306620118,2020-02-14 13:00:00,5,1,0,2,1024336429,C. Angel,R,FA,R,1.60995245631,2.60848908734,1.28594013532,17.9597278225,6.47893685878,SL,K,-2.98117966166,5.00869493541,88.7119586059,2097.57083283,265.798871921,-0.15
2537,2020,5075,ULL,D1 Sun Belt Conference,730209280,SELA,306620118,2020-02-14 13:00:00,5,1,1,2,1024336429,C. Angel,R,SI,R,-0.622310724281,0.985471315516,0.238238942848,18.1707473616,6.02533410892,SS,K,-2.96155311714,5.04260212962,89.8791751164,2153.44268459,269.145521686,-0.15
2538,2020,5075,ULL,D1 Sun Belt Conference,730209280,SELA,306620118,2020-02-14 13:00:00,5,1,2,2,1024336429,C. Angel,R,SI,R,1.87743319631,1.36974853132,-0.164183766736,20.2340728175,6.12010317495,B,K,-3.01804272952,5.06660896674,89.1924426672,2071.12620487,270.369900984,0.13
2539,2020,5075,ULL,D1 Sun Belt Conference,730209280,SELA,306620118,2020-02-14 13:00:00,5,2,2,2,1024336429,C. Angel,R,SI,R,0.353373236198,2.28519553937,-0.744916090417,17.8616594873,6.33146909213,F,K,-3.06237883837,4.96465138099,88.9839577104,2080.91548519,272.282299503,0.0
2540,2020,5075,ULL,D1 Sun Belt Conference,730209280,SELA,306620118,2020-02-14 13:00:00,5,2,2,2,1024336429,C. Angel,R,FA,R,0.345366139483,1.56174635388,2.61709690847,15.4021999493,5.91702915892,SS,K,-2.87528673947,5.05665397231,89.5516602789,2012.07626404,260.23652688,-0.15
2541,2020,5075,ULL,D1 Sun Belt Conference,730209280,SELA,306620118,2020-02-14 13:00:00,6,0,0,0,1024336429,C. Angel,R,SI,R,-0.839353055905,0.721110830272,-5.4604104501,20.0065555757,6.22961227859,B,IP_OUT,-3.10219836348,4.83225486653,87.3741879592,1996.18218951,285.174283966,0.13
2542,2020,5075,ULL,D1 Sun Belt Conference,730209280,SELA,306620118,2020-02-14 13:00:00,6,1,0,0,1024336429,C. Angel,R,FA,R,1.05093471998,1.2576413177,3.14831597709,14.5580426339,6.40377441502,SL,IP_OUT,-2.89091415498,5.0180547009,88.1776427089,1885.05593863,257.670201719,-0.15
2543,2020,5075,ULL,D1 Sun Belt Conference,730209280,SELA,306620118,2020-02-14 13:00:00,6,1,1,0,1024336429,C. Angel,R,FA,R,-0.89204501262,1.84826603703,0.114838638623,15.6165562011,6.08501425082,B,IP_OUT,-2.93461337006,5.1131950562,88.3710560742,2038.59692433,269.45474691,0.13
2544,2020,5075,ULL,D1 Sun Belt Conference,730209280,SELA,306620118,2020-02-14 13:00:00,6,0,0,1,1024336429,C. Angel,R,FA,R,-0.47907502501,2.26814649476,3.02281839177,17.6614105173,6.14630369093,F,IP_OUT,-3.0538431245,5.14248699797,88.777371218,2012.84839904,260.182385688,-0.15
2545,2020,5075,ULL,D1 Sun Belt Conference,730209280,SELA,306620118,2020-02-14 13:00:00,6,0,1,1,1024336429,C. Angel,R,FA,R,-0.0439749357651,1.93082185337,0.193700802695,17.2331329239,5.78606822582,SS,IP_OUT,-2.94216037514,5.18297636628,89.208067933,1973.80794909,269.244380432,-0.15
2546,2020,5075,ULL,D1 Sun Belt Conference,730209280,SELA,306620118,2020-02-14 13:00:00,6,0,0,2,1024336429,C. Angel,R,FA,L,-2.08384167659,2.00158318574,1.0953124755,15.9108347814,5.99108001811,B,BB,-3.14366226566,5.13623615166,87.5404592572,1995.64323958,265.93902188,0.13
2547,2020,5075,ULL,D1 Sun Belt Conference,730209280,SELA,306620118,2020-02-14 13:00:00,6,1,0,2,1024336429,C. Angel,R,FA,L,0.185472037743,1.11144983031,4.65161351035,17.6726439056,5.96096984715,B,BB,-2.91159649758,5.2633102954,89.3560466587,2029.9002326,255.152859928,0.13
2548,2020,5075,ULL,D1 Sun Belt Conference,730209280,SELA,306620118,2020-02-14 13:00:00,6,2,0,2,1024336429,C. Angel,R,FA,L,-1.50115701232,2.35362736764,1.29567222062,18.6005256796,6.34145437209,B,BB,-3.0382215696,5.04374240964,89.1582011906,1993.54109404,265.914780512,0.13
2549,2020,5075,ULL,D1 Sun Belt Conference,730209280,SELA,306620118,2020-02-14 13:00:00,6,3,0,2,1024336429,C. Angel,R,FA,L,-1.30941958611,1.5028273952,-0.668830145075,17.4332469468,5.97439825362,B,BB,-3.13248011531,4.99932434009,88.8472050285,2031.66055897,272.087254444,0.8
2550,2020,5075,ULL,D1 Sun Belt Conference,730209280,SELA,306620118,2020-02-14 13:00:00,6,0,0,2,1067290496,J. Wilson,R,CU,R,-1.54944773249,2.80792039937,-5.3341513828,-7.37858756677,5.37157471024,B,IBB,-2.99523209833,6.19233904045,75.3283687315,1870.56492181,54.3783450523,0.13
2551,2020,5075,ULL,D1 Sun Belt Conference,730209280,SELA,306620118,2020-02-14 13:00:00,6,1,0,2,1067290496,J. Wilson,R,FA,R,2.50072600502,0.934591802403,16.4342915158,5.53453987262,6.52410959658,B,IBB,-2.80182434509,6.30864506465,90.673797712,2202.32778602,198.57859529,0.13
2552,2020,5075,ULL,D1 Sun Belt Conference,730209280,SELA,306620118,2020-02-14 13:00:00,6,2,0,2,1067290496,J. Wilson,R,CU,R,-0.871252826476,4.11597098296,-3.00518669154,-11.2502699517,5.55523764118,B,IBB,-3.08487640459,6.25131757341,76.7628881632,1922.36281762,75.2594225538,0.13
2553,2020,5075,ULL,D1 Sun Belt Conference,730209280,SELA,306620118,2020-02-14 13:00:00,6,0,0,2,1067290496,J. Wilson,R,FA,R,0.0578584249547,2.27594478149,12.7471502794,9.80805397809,6.55726301267,F,HR,-3.06630324988,6.1105127673,89.9184838794,2030.75838576,217.50718476,-0.15
2554,2020,5075,ULL,D1 Sun Belt Conference,730209280,SELA,306620118,2020-02-14 13:00:00,6,0,1,2,1067290496,J. Wilson,R,FA,R,1.05199596811,1.0693622939,16.0285213571,6.98350151447,6.5946814846,B,HR,-2.90116925824,6.22038880464,91.5545221524,2189.15147422,203.502024326,0.13
2555,2020,5075,ULL,D1 Sun Belt Conference,730209280,SELA,306620118,2020-02-14 13:00:00,6,1,1,2,1067290496,J. Wilson,R,FA,R,2.05420647612,1.296670039,18.455071629,8.83762790004,6.56982387558,B,HR,-2.91199855621,6.21524293845,92.1199591092,2278.7893858,205.551583526,0.13
2556,2020,5075,ULL,D1 Sun Belt Conference,730209280,SELA,306620118,2020-02-14 13:00:00,6,2,1,2,1067290496,J. Wilson,R,FA,R,-0.0676764576487,2.1096165989,15.055741034,13.9329775627,6.76692367914,IP,HR,-3.00652651082,6.08598195113,89.5316445118,2045.65610995,222.721559847,1.76
2557,2020,5075,ULL,D1 Sun Belt Conference,730209280,SELA,306620118,2020-02-14 13:00:00,7,0,0,0,1067290496,J. Wilson,R,FA,R,1.11833747492,1.76239045694,19.2433816041,6.47713549008,6.5349248174,SL,K,-2.64910736016,6.3050575799,88.7908209693,2136.97639019,198.57312432,-0.15
2558,2020,5075,ULL,D1 Sun Belt Conference,730209280,SELA,306620118,2020-02-14 13:00:00,7,0,1,0,1067290496,J. Wilson,R,CU,R,1.46731539252,0.0850253453608,4.21802879272,-17.0462394286,5.33695396371,B,K,-2.78931100271,6.31744890837,76.8449836674,2067.91994633,104.045408952,0.13
2559,2020,5075,ULL,D1 Sun Belt Conference,730209280,SELA,306620118,2020-02-14 13:00:00,7,1,1,0,1067290496,J. Wilson,R,FA,R,1.39287684352,2.0256792533,19.9328255204,7.96145992077,6.34250410102,SL,K,-2.79356504398,6.23159279367,89.0774438092,2192.28192567,201.739856875,-0.15
2560,2020,5075,ULL,D1 Sun Belt Conference,730209280,SELA,306620118,2020-02-14 13:00:00,7,1,2,0,1067290496,J. Wilson,R,FA,R,2.90050782193,2.1535804742,21.2265998643,5.9165639429,6.33534759594,B,K,-2.36751511758,6.45238763257,90.2749047115,2162.36568468,195.552426102,0.13
2561,2020,5075,ULL,D1 Sun Belt Conference,730209280,SELA,306620118,2020-02-14 13:00:00,7,2,2,0,1067290496,J. Wilson,R,FA,R,1.18486999252,2.32023733758,17.7815761074,8.17827317019,6.57647249062,SS,K,-2.74846466578,6.13874713005,89.2489980362,2105.08670273,204.659275627,-0.15
2562,2020,5075,ULL,D1 Sun Belt Conference,730209280,SELA,306620118,2020-02-14 13:00:00,7,0,0,1,1067290496,J. Wilson,R,FA,R,1.46411403096,1.79614706372,20.0754942674,6.21745632018,6.41488654494,SL,IP_OUT,-2.78054924613,6.27112434555,90.6836122455,2186.249751,197.182367768,-0.15
2563,2020,5075,ULL,D1 Sun Belt Conference,730209280,SELA,306620118,2020-02-14 13:00:00,7,0,1,1,1067290496,J. Wilson,R,FA,R,1.70474288124,3.30022291808,17.2665525767,6.20671833036,6.46229545025,B,IP_OUT,-2.41803055237,6.33947452637,90.0628883484,2159.43249472,199.737943678,0.13
2564,2020,5075,ULL,D1 Sun Belt Conference,730209280,SELA,306620118,2020-02-14 13:00:00,7,1,1,1,1067290496,J. Wilson,R,FA,R,2.31138470529,1.43400111823,16.7195133192,8.37442039066,6.58602224573,B,IP_OUT,-2.65213209682,6.07843356396,88.9836773062,2134.06384213,206.560407164,0.13
2565,2020,5075,ULL,D1 Sun Belt Conference,730209280,SELA,306620118,2020-02-14 13:00:00,7,2,1,1,1067290496,J. Wilson,R,FA,R,-0.330488280111,1.96324539203,12.784515262,13.812552517,6.45481196211,F,IP_OUT,-2.80507752179,6.06424448693,88.2469262683,1942.26280891,227.139403082,-0.15
2566,2020,5075,ULL,D1 Sun Belt Conference,730209280,SELA,306620118,2020-02-14 13:00:00,7,2,2,1,1067290496,J. Wilson,R,SL,R,0.246223617402,3.22877545196,5.3410482043,-16.1155320678,5.6249275778,B,IP_OUT,-2.82372531249,6.20437538369,79.6943990347,1982.0208691,108.472140325,0.13
2567,2020,5075,ULL,D1 Sun Belt Conference,730209280,SELA,306620118,2020-02-14 13:00:00,7,0,0,2,1067290496,J. Wilson,R,FA,R,0.499980008174,1.74031049864,17.8392937583,12.6975881301,6.44137532854,SL,S,-2.7274324899,6.2423832827,89.473262986,2052.04344673,215.393120029,-0.15
2568,2020,5075,ULL,D1 Sun Belt Conference,730209280,SELA,306620118,2020-02-14 13:00:00,7,0,1,2,1067290496,J. Wilson,R,FA,R,0.693141399032,3.01156869065,17.8718824289,7.62624886241,6.43224542966,B,S,-2.64041727285,6.3135516441,90.0473903064,2272.39115735,203.072226156,0.13
2569,2020,5075,ULL,D1 Sun Belt Conference,730209280,SELA,306620118,2020-02-14 13:00:00,7,1,1,2,1067290496,J. Wilson,R,FA,R,0.863711731588,1.67389053383,17.3096648061,13.2911149034,6.61203213252,IP,S,-2.55190142651,6.22860543168,89.3603679041,2061.81928381,217.466926309,1.0
2570,2020,5075,ULL,D1 Sun Belt Conference,730209280,SELA,306620118,2020-02-14 13:00:00,7,0,0,2,1067290496,J. Wilson,R,FA,R,-0.420430849634,3.72283888978,14.6155233541,5.4021026918,6.48902334998,B,IP_OUT,-2.71919472344,6.31996043727,88.3605839153,2181.30306105,200.243220627,0.13
2571,2020,5075,ULL,D1 Sun Belt Conference,730209280,SELA,306620118,2020-02-14 13:00:00,7,1,0,2,1067290496,J. Wilson,R,FA,R,0.322640186292,3.72024997283,15.9641097984,7.78146282051,6.44560960951,B,IP_OUT,-2.7174886831,6.29937438733,88.2544697105,2202.89223818,205.939692445,0.13
2572,2020,5075,ULL,D1 Sun Belt Conference,730209280,SELA,306620118,2020-02-14 13:00:00,7,2,0,2,1067290496,J. Wilson,R,FA,R,0.750411599303,2.52269543473,16.4520218696,5.13045502199,6.53226425117,SL,IP_OUT,-2.77314439651,6.27339231773,86.9416898591,2131.53905425,197.286289389,-0.15
2573,2020,5075,ULL,D1 Sun Belt Conference,730209280,SELA,306620118,2020-02-14 13:00:00,7,2,1,2,1067290496,J. Wilson,R,FA,R,1.65246585973,2.34539350943,18.9263082426,5.24481025872,6.35496444558,B,IP_OUT,-2.6693122397,6.43622773874,88.746927459,2202.2334611,195.463402509,0.13
2574,2020,5075,ULL,D1 Sun Belt Conference,730209280,SELA,306620118,2020-02-14 13:00:00,7,3,1,2,1067290496,J. Wilson,R,FA,R,-0.13004402752,2.70533577095,14.4202870021,12.4829399186,6.61132029482,SL,IP_OUT,-2.71996917495,6.28114374667,87.2416777382,1969.49491438,220.814534969,-0.15
2575,2020,5075,ULL,D1 Sun Belt Conference,730209280,SELA,306620118,2020-02-14 13:00:00,8,0,0,0,1362133059,J. Schultz,R,FA,R,-0.0385978313741,2.13707822292,8.23101320912,17.7497642834,6.4239786072,SL,IP_OUT,-1.30047541099,5.14653079403,91.1011521942,1870.96430415,245.039377569,-0.15
2576,2020,5075,ULL,D1 Sun Belt Conference,730209280,SELA,306620118,2020-02-14 13:00:00,8,0,0,1,1362133059,J. Schultz,R,FA,L,0.0953799108165,2.07892324773,11.6020641735,16.0316348541,6.5665200652,SL,IP_OUT,-1.25701294897,5.16588183208,91.519609469,1969.29877484,234.035176378,-0.15
2577,2020,5075,ULL,D1 Sun Belt Conference,730209280,SELA,306620118,2020-02-14 13:00:00,8,0,1,1,1362133059,J. Schultz,R,FA,L,0.251839863557,1.75008728708,11.6775659503,14.8581785755,6.18869458869,SL,IP_OUT,-1.20522677429,5.30736801793,92.9301810239,1953.06263451,231.763301854,-0.15
2578,2020,5075,ULL,D1 Sun Belt Conference,730209280,SELA,306620118,2020-02-14 13:00:00,8,0,2,1,1362133059,J. Schultz,R,FA,L,0.279107616513,3.85598277941,16.8057433177,10.301780409,5.86408668318,B,IP_OUT,-1.15434196846,5.52418826144,93.6051615887,1979.04274935,211.462340295,0.13
2579,2020,5075,ULL,D1 Sun Belt Conference,730209280,SELA,306620118,2020-02-14 13:00:00,8,2,2,1,1362133059,J. Schultz,R,FA,L,-0.0823551571115,2.39476719571,8.74846537565,17.5158479872,6.166368446,F,IP_OUT,-1.36461315696,5.1547592289,92.9554045461,1952.1555883,243.38079266,0.0
2580,2020,5075,ULL,D1 Sun Belt Conference,730209280,SELA,306620118,2020-02-14 13:00:00,8,0,0,2,1362133059,J. Schultz,R,FA,R,0.555585878676,2.20889665089,13.0884651327,15.0638426575,6.48596365912,F,K,-1.23476210716,5.19403407451,91.2605102578,1863.05777987,228.946090037,-0.15
2581,2020,5075,ULL,D1 Sun Belt Conference,730209280,SELA,306620118,2020-02-14 13:00:00,8,0,1,2,1362133059,J. Schultz,R,FA,R,1.74831569131,2.31626357103,12.7294911109,9.88680631326,6.22730193376,SL,K,-1.29642398021,5.14951029939,92.2075939235,1944.4488126,217.769170212,-0.15
2582,2020,5075,ULL,D1 Sun Belt Conference,730209280,SELA,306620118,2020-02-14 13:00:00,8,0,2,2,1362133059,J. Schultz,R,FS,R,-0.589891207353,0.86675469099,-1.9432771047,5.38621260325,5.90960423703,SS,K,-1.27100390558,5.53319567188,80.9663673629,1298.52206681,289.454742809,-0.15
2583,2020,5075,ULL,D1 Sun Belt Conference,730209280,SELA,306620118,2020-02-14 13:00:00,9,0,0,0,1362133059,J. Schultz,R,FA,R,-0.93765334418,2.27132687768,8.15290282049,15.4903962657,6.31863943881,F,K,-1.37988909623,5.12349892133,88.8047072354,1845.81195373,242.1468616,-0.15
2584,2020,5075,ULL,D1 Sun Belt Conference,730209280,SELA,306620118,2020-02-14 13:00:00,9,0,2,0,1362133059,J. Schultz,R,FA,R,1.66640550516,2.27059160268,18.9514619772,10.6408692081,6.36557844944,SL,K,-1.24032790181,5.38595355317,91.3636488443,2042.58474583,209.273127979,-0.15
2585,2020,5075,ULL,D1 Sun Belt Conference,730209280,SELA,306620118,2020-02-14 13:00:00,9,0,0,1,1362133059,J. Schultz,R,FA,R,1.18573877439,2.60789044037,14.7396140784,13.403329704,6.27980376937,SL,K,-1.37726907503,5.04783793877,90.2890619835,2105.76217824,222.219969001,-0.15
2586,2020,5075,ULL,D1 Sun Belt Conference,730209280,SELA,306620118,2020-02-14 13:00:00,9,0,1,1,1362133059,J. Schultz,R,FA,R,0.245376561671,1.15146332443,9.72946809946,15.713205912,6.52441181891,SS,K,-1.37802619263,5.16448758887,91.1837929381,1988.56609017,238.15301534,-0.15
2587,2020,5075,ULL,D1 Sun Belt Conference,730209280,SELA,306620118,2020-02-14 13:00:00,9,0,0,2,1362133059,J. Schultz,R,FA,R,-0.24388504895,2.85875493216,10.6472378635,15.816811319,6.31868706074,SL,S,-1.22374517138,5.29007093411,91.7623117188,1981.19655882,235.97635162,-0.15
2588,2020,5075,ULL,D1 Sun Belt Conference,730209280,SELA,306620118,2020-02-14 13:00:00,9,0,1,2,1362133059,J. Schultz,R,FA,R,0.292001496749,2.3639771209,15.7330427103,13.1444849935,6.42683432029,IP,S,-1.23403890379,5.16061691003,91.0204514226,1918.74311057,219.822115728,1.0
2589,2020,5075,ULL,D1 Sun Belt Conference,730209280,SELA,306620118,2020-02-14 13:00:00,9,0,0,2,1362133059,J. Schultz,R,FA,R,-0.708034275138,2.8627339323,10.6597422592,15.9944638929,6.54900023692,SS,NO_PLAY,-1.43032138535,5.20860183477,88.9974620115,1968.95064882,236.237800114,-0.15
2590,2020,5075,ULL,D1 Sun Belt Conference,730209280,SELA,306620118,2020-02-14 13:00:00,9,0,1,2,1362133059,J. Schultz,R,CU,R,1.7475583326,2.53637404151,3.2610546909,-4.62451862384,5.73155653382,B,NO_PLAY,-1.61248658256,5.29530082041,79.1558521024,1968.17052065,125.536140497,0.13
2591,2020,5075,ULL,D1 Sun Belt Conference,730209280,SELA,306620118,2020-02-14 13:00:00,9,1,1,2,1362133059,J. Schultz,R,FA,R,-0.219401300417,4.02440485674,10.0516831064,16.3560569782,6.40705834999,B,NO_PLAY,-1.53643251593,5.39254035282,87.7053674055,1907.56635206,238.34197743,0.13
2592,2020,5075,ULL,D1 Sun Belt Conference,730209280,SELA,306620118,2020-02-14 13:00:00,9,2,1,2,1362133059,J. Schultz,R,FA,R,-0.935157067429,1.87026193341,8.89746333376,17.5996865728,6.27101421256,B,NO_PLAY,-1.39878428786,5.15250322326,89.9536551494,2015.18507675,243.098349988,0.13
2593,2020,5045,TCU,D1 Big 12 Conference,730227200,SFA,308130437,2020-02-26 13:00:00,1,0,0,0,1675397554,R. Cornelio,R,FA,L,0.159107349699,2.05610363525,22.7232044726,8.58045451919,6.09928444481,SL,IP_OUT,-1.33698222128,5.90851284639,90.3722584185,2175.82744789,200.660333824,-0.15
2594,2020,5045,TCU,D1 Big 12 Conference,730227200,SFA,308130437,2020-02-26 13:00:00,1,0,1,0,1675397554,R. Cornelio,R,CH,L,0.46445638436,0.73387567238,11.5205188449,9.77668450086,6.65270087266,B,IP_OUT,-1.25683926432,5.56576846124,80.4479544823,1749.04868616,220.221568778,0.13
2595,2020,5045,TCU,D1 Big 12 Conference,730227200,SFA,308130437,2020-02-26 13:00:00,1,1,1,0,1675397554,R. Cornelio,R,FA,L,-1.93787304657,2.20776352389,21.3612542831,9.59601067364,6.18568923739,B,IP_OUT,-1.29472831584,5.76083932585,91.161098165,2140.20208087,204.15945673,0.13
2596,2020,5045,TCU,D1 Big 12 Conference,730227200,SFA,308130437,2020-02-26 13:00:00,1,2,1,0,1675397554,R. Cornelio,R,FA,L,0.699377253345,1.83366529638,22.468919974,9.82699831171,6.27527969815,SL,IP_OUT,-1.34325118439,5.83235362764,90.2054183849,2106.43113142,203.592638889,-0.15
2597,2020,5045,TCU,D1 Big 12 Conference,730227200,SFA,308130437,2020-02-26 13:00:00,1,2,2,0,1675397554,R. Cornelio,R,FA,L,-0.0844017654935,1.50916209893,17.9574690352,4.34971472739,6.12919068179,F,IP_OUT,-1.35679237234,5.63051424331,90.8138948541,2166.3056692,193.5929931,0.0
2598,2020,5045,TCU,D1 Big 12 Conference,730227200,SFA,308130437,2020-02-26 13:00:00,1,2,2,0,1675397554,R. Cornelio,R,FA,L,-0.422993644538,2.69688648827,29.5853020263,8.41500867161,6.0518248411,F,IP_OUT,-1.39569447146,5.74048234237,91.9166891229,2128.20914938,195.86154328,0.0
2599,2020,5045,TCU,D1 Big 12 Conference,730227200,SFA,308130437,2020-02-26 13:00:00,1,0,0,1,1675397554,R. Cornelio,R,FA,R,0.425667298107,3.04845112949,19.2616182715,8.90012614225,6.15756495119,SL,IP_OUT,-1.178881062,5.7933540852,91.418657664,2077.56077361,204.764736104,-0.15
2600,2020,5045,TCU,D1 Big 12 Conference,730227200,SFA,308130437,2020-02-26 13:00:00,1,0,1,1,1675397554,R. Cornelio,R,FA,R,0.289058897905,2.8471478868,25.8486296163,7.6070485396,6.13464186619,F,IP_OUT,-0.967400514826,5.85811142796,92.4045361141,2141.44239918,196.380223656,-0.15
2601,2020,5045,TCU,D1 Big 12 Conference,730227200,SFA,308130437,2020-02-26 13:00:00,1,0,2,1,1675397554,R. Cornelio,R,CU,R,1.93276574961,-0.981767888891,-0.616885126183,-9.32476780652,5.96133164816,B,IP_OUT,-1.1064347731,5.62106901872,79.8801374702,2138.37693272,86.467911641,0.13
2602,2020,5045,TCU,D1 Big 12 Conference,730227200,SFA,308130437,2020-02-26 13:00:00,1,1,2,1,1675397554,R. Cornelio,R,CU,R,1.65141823794,0.159374078617,3.3023472876,-10.5237912454,5.92485031563,B,IP_OUT,-1.31398765962,5.81923893118,79.2012710907,2107.11688194,107.630325689,0.13
2603,2020,5045,TCU,D1 Big 12 Conference,730227200,SFA,308130437,2020-02-26 13:00:00,1,0,0,2,1675397554,R. Cornelio,R,FA,R,-0.11822906647,1.50742176159,23.5610898774,6.81956052081,6.36060234078,IP,S,-1.19196239459,5.90897557679,91.5319976278,2222.81633393,196.122442217,1.0
2604,2020,5045,TCU,D1 Big 12 Conference,730227200,SFA,308130437,2020-02-26 13:00:00,1,0,0,2,1675397554,R. Cornelio,R,FA,R,0.69036227342,1.82373441591,25.4511557205,10.2513221187,6.2550084077,SL,BB,-1.32716976223,6.01435669366,91.6782163972,2230.39235389,201.914556832,-0.15
2605,2020,5045,TCU,D1 Big 12 Conference,730227200,SFA,308130437,2020-02-26 13:00:00,1,0,1,2,1675397554,R. Cornelio,R,CU,R,1.39526861803,1.00895450636,-0.429523093794,-15.5002739012,6.25128113113,B,BB,-1.36983954214,5.6711223886,76.7800802596,2173.27952187,88.5747807187,0.13
2606,2020,5045,TCU,D1 Big 12 Conference,730227200,SFA,308130437,2020-02-26 13:00:00,1,1,1,2,1675397554,R. Cornelio,R,CU,R,0.750702660402,3.72932213929,0.105031737588,-12.3908022428,5.9039461282,B,BB,-1.40424602045,5.85075907825,74.8719944504,2174.91730342,90.7020803805,0.13
2607,2020,5045,TCU,D1 Big 12 Conference,730227200,SFA,308130437,2020-02-26 13:00:00,1,2,1,2,1675397554,R. Cornelio,R,FA,R,0.0886340385034,3.90491301284,21.6734818403,6.02806740448,5.9852126999,B,BB,-1.31102165974,5.84865344791,89.6825545129,2185.36184226,195.52074355,0.13
2608,2020,5045,TCU,D1 Big 12 Conference,730227200,SFA,308130437,2020-02-26 13:00:00,1,3,1,2,1675397554,R. Cornelio,R,FA,R,1.20434516452,3.32517679309,23.7169879565,8.52896993967,6.22786397995,B,BB,-1.51328628251,5.70487440053,88.103471309,2160.37894291,199.753439241,0.8
2609,2020,5045,TCU,D1 Big 12 Conference,730227200,SFA,308130437,2020-02-26 13:00:00,2,0,0,1,1675397554,R. Cornelio,R,FA,R,0.273022950966,2.15777731643,16.4440728827,4.95589933753,6.22723526386,SL,K,-1.24371996745,5.5205288167,89.4424451008,2088.42646448,196.740451739,-0.15
2610,2020,5045,TCU,D1 Big 12 Conference,730227200,SFA,308130437,2020-02-26 13:00:00,2,0,1,1,1675397554,R. Cornelio,R,FA,R,0.112145715585,3.32097338698,26.4482531669,3.62779279682,6.45172484737,F,K,-0.674585114109,5.93196632247,88.7213830683,2006.40091875,187.800699084,-0.15
2611,2020,5045,TCU,D1 Big 12 Conference,730227200,SFA,308130437,2020-02-26 13:00:00,2,0,2,1,1675397554,R. Cornelio,R,FA,R,0.728842355289,3.46091128574,25.3468433029,3.12108038493,6.18640224211,B,K,-0.693116707212,5.95479896014,89.8063245229,2081.63252976,187.010929271,0.13
2612,2020,5045,TCU,D1 Big 12 Conference,730227200,SFA,308130437,2020-02-26 13:00:00,2,1,2,1,1675397554,R. Cornelio,R,CU,R,0.322454670344,1.86920754407,-0.0428172092496,-14.0762748398,6.11785217221,SL,K,-1.44773002524,5.6918711008,72.0305283641,1933.85172732,90.0297015931,-0.15
2613,2020,5045,TCU,D1 Big 12 Conference,730227200,SFA,308130437,2020-02-26 13:00:00,2,0,0,2,1675397554,R. Cornelio,R,CU,R,-0.404610660903,3.1981359023,0.701440793752,-13.8524058214,5.75226664131,SL,K,-1.34912530264,5.69417407989,74.451753075,2014.38136029,93.0971348101,-0.15
2614,2020,5045,TCU,D1 Big 12 Conference,730227200,SFA,308130437,2020-02-26 13:00:00,2,0,1,2,1675397554,R. Cornelio,R,FA,R,0.385240644657,2.11966061863,19.9563442343,8.90553539141,6.31703563986,SL,K,-0.955554359283,5.74151299599,90.4101725867,2093.78845728,204.014874552,-0.15
2615,2020,5045,TCU,D1 Big 12 Conference,730227200,SFA,308130437,2020-02-26 13:00:00,2,0,2,2,1675397554,R. Cornelio,R,FA,R,1.72204954386,3.06727154825,20.4883523231,3.59415136306,6.29002029069,B,K,-0.913695749796,5.84860871886,91.515021512,2127.42745474,189.935094416,0.13
2616,2020,5045,TCU,D1 Big 12 Conference,730227200,SFA,308130437,2020-02-26 13:00:00,2,1,2,2,1675397554,R. Cornelio,R,FA,R,0.720463621945,2.48518369038,20.4338633428,5.78255132726,6.29591397635,SL,K,-1.13219514061,5.58084573513,90.0524780092,2108.97055999,195.777540762,-0.15
2617,2020,5045,TCU,D1 Big 12 Conference,730227200,SFA,308130437,2020-02-26 13:00:00,3,0,0,0,1675397554,R. Cornelio,R,CU,R,0.333234249187,1.65238771633,2.44015560971,-12.771358922,5.8025569979,SL,IP_OUT,-1.21199531002,5.70825933857,71.3824327231,1991.29967078,101.044237813,-0.15
2618,2020,5045,TCU,D1 Big 12 Conference,730227200,SFA,308130437,2020-02-26 13:00:00,3,0,1,0,1675397554,R. Cornelio,R,FA,R,0.674651512299,2.41226400778,20.0066099601,8.20870435591,6.26632707426,SL,IP_OUT,-1.14872645831,5.72784456363,89.8788201972,2120.74372075,202.275788233,-0.15
2619,2020,5045,TCU,D1 Big 12 Conference,730227200,SFA,308130437,2020-02-26 13:00:00,3,0,2,0,1675397554,R. Cornelio,R,FA,R,0.4229672766,3.83563499486,26.8299958579,5.78809799152,6.0316423032,F,IP_OUT,-0.777145081992,5.92465804397,90.6864613483,2196.83795703,192.159849949,0.0
2620,2020,5045,TCU,D1 Big 12 Conference,730227200,SFA,308130437,2020-02-26 13:00:00,3,0,0,1,1675397554,R. Cornelio,R,FA,R,1.4112061578,2.39221704658,19.1219599513,4.96536396581,6.32732897802,B,IP_OUT,-1.10618273312,5.58594739334,88.5218322205,2101.60658384,194.532141395,0.13
2621,2020,5045,TCU,D1 Big 12 Conference,730227200,SFA,308130437,2020-02-26 13:00:00,3,0,0,2,1675397554,R. Cornelio,R,FA,L,-0.0631296884808,1.64823435668,21.068893389,5.8178982293,6.19413829083,IP,ROE,-1.21391633668,5.57714511213,89.5693131372,2139.94712985,195.414132306,0.0
2622,2020,5045,TCU,D1 Big 12 Conference,730227200,SFA,308130437,2020-02-26 13:00:00,3,0,0,2,1675397554,R. Cornelio,R,FA,R,1.24921131123,2.11837189186,22.8408420261,8.41890842618,6.40194776247,B,BB,-1.5277609317,5.89200641147,88.668918643,2095.81502747,200.206424875,0.13
2623,2020,5045,TCU,D1 Big 12 Conference,730227200,SFA,308130437,2020-02-26 13:00:00,3,1,0,2,1675397554,R. Cornelio,R,FA,R,0.650543042855,3.63844837551,23.5164780977,6.20716621562,6.36581263836,B,BB,-0.962517932602,5.87781800717,86.7181414745,2060.17974682,194.765247536,0.13
2624,2020,5045,TCU,D1 Big 12 Conference,730227200,SFA,308130437,2020-02-26 13:00:00,3,2,0,2,1675397554,R. Cornelio,R,FA,R,2.12569774078,1.66051808563,25.7917026502,6.88301860539,6.36418623752,B,BB,-1.65419638109,5.77719939121,88.5012669874,2132.62973185,194.923805108,0.13
2625,2020,5045,TCU,D1 Big 12 Conference,730227200,SFA,308130437,2020-02-26 13:00:00,3,3,0,2,1675397554,R. Cornelio,R,FA,R,-0.254444825751,3.08349707601,28.1781413677,7.23686767515,6.26443148719,SL,BB,-1.53522262439,5.74426117352,86.4006569221,2079.96686941,194.386515618,-0.15
2626,2020,5045,TCU,D1 Big 12 Conference,730227200,SFA,308130437,2020-02-26 13:00:00,3,3,1,2,1675397554,R. Cornelio,R,FA,R,0.526794360934,1.8752585337,21.9074051013,6.75809863359,6.34160281785,SL,BB,-1.60506418131,5.6127427162,86.7125049491,2112.20303699,197.118657614,-0.15
2627,2020,5045,TCU,D1 Big 12 Conference,730227200,SFA,308130437,2020-02-26 13:00:00,3,3,2,2,1675397554,R. Cornelio,R,FA,R,0.913396837395,3.25121737499,22.5154719084,8.18263516549,6.35791359884,B,BB,-1.66235134061,5.65976752599,86.8958900331,2096.21238221,199.944071289,0.8
2628,2020,5045,TCU,D1 Big 12 Conference,730227200,SFA,308130437,2020-02-26 13:00:00,3,0,0,2,1675397554,R. Cornelio,R,CH,R,1.61669878308,0.318889096626,18.5976954954,-0.381029536978,6.74184253174,B,BB,-1.6646008649,5.60453717116,78.3870278053,1440.79094226,178.828952896,0.13
2629,2020,5045,TCU,D1 Big 12 Conference,730227200,SFA,308130437,2020-02-26 13:00:00,3,1,0,2,1675397554,R. Cornelio,R,CH,R,1.23666025924,0.750753067209,10.7971115729,6.05716073805,7.03057341591,B,BB,-1.81270359315,5.44420360097,79.2290101305,1658.90984805,209.200594319,0.13
2630,2020,5045,TCU,D1 Big 12 Conference,730227200,SFA,308130437,2020-02-26 13:00:00,3,2,0,2,1675397554,R. Cornelio,R,FA,R,1.02448147269,3.57598381493,21.0580038472,9.79956094991,6.27683294317,B,BB,-1.47540442097,5.6561069561,90.5379163784,2205.54436051,204.922186312,0.13
2631,2020,5045,TCU,D1 Big 12 Conference,730227200,SFA,308130437,2020-02-26 13:00:00,3,3,0,2,1675397554,R. Cornelio,R,FA,R,0.971627313129,1.77370835214,15.9926953682,7.0555910301,6.28851441904,SL,BB,-1.64611459305,5.30028306832,88.1043677645,2148.44612292,203.76173846,-0.15
2632,2020,5045,TCU,D1 Big 12 Conference,730227200,SFA,308130437,2020-02-26 13:00:00,3,3,1,2,1675397554,R. Cornelio,R,SI,R,-0.457338303893,2.43209239116,9.11722964057,10.7007873073,6.46267289071,F,BB,-1.80769759279,5.40125198128,88.1013472967,2070.62843988,229.465997321,-0.15
2633,2020,5045,TCU,D1 Big 12 Conference,730227200,SFA,308130437,2020-02-26 13:00:00,3,3,2,2,1675397554,R. Cornelio,R,FA,R,0.636890117582,1.32999314705,14.675856356,6.95319708279,6.42447716958,B,BB,-1.46493438199,5.40453721275,88.2091819285,2032.02366818,205.300454305,0.8
2634,2020,5045,TCU,D1 Big 12 Conference,730227200,SFA,308130437,2020-02-26 13:00:00,3,0,0,2,1675397554,R. Cornelio,R,FA,R,-1.03008828615,3.74262276295,18.7011123733,7.40843072732,6.184324754,B,HBP,-1.33950837551,5.74607510611,89.0999313566,2095.80709707,201.576346079,0.13
2635,2020,5045,TCU,D1 Big 12 Conference,730227200,SFA,308130437,2020-02-26 13:00:00,3,1,0,2,1675397554,R. Cornelio,R,FA,R,-0.928057060776,3.0484098558,15.0628952421,5.28766934779,6.32053471875,SL,HBP,-1.1152636028,5.62646044986,88.3004580824,2142.54184481,199.303650362,-0.15
2636,2020,5045,TCU,D1 Big 12 Conference,730227200,SFA,308130437,2020-02-26 13:00:00,3,1,1,2,1675397554,R. Cornelio,R,CU,R,0.438574785601,0.179716987637,-1.77626930738,-11.6595409679,6.09644258291,B,HBP,-1.35073795401,5.63151643047,72.6119824903,2078.31380238,81.5766885769,0.13
2637,2020,5045,TCU,D1 Big 12 Conference,730227200,SFA,308130437,2020-02-26 13:00:00,3,2,1,2,1675397554,R. Cornelio,R,FA,R,-1.43387454179,3.25032073212,22.2775114486,5.83757917462,6.26538134076,B,HBP,-1.0841630955,5.66086355481,88.712857126,2125.83351157,194.662693888,0.13
2638,2020,5045,TCU,D1 Big 12 Conference,730227200,SFA,308130437,2020-02-26 13:00:00,3,3,1,2,1675397554,R. Cornelio,R,FA,R,-0.14988250848,2.25428374719,24.8244810048,8.02364965893,6.30455063073,SS,HBP,-1.24949355143,5.64282702597,88.1756953193,2054.61655143,197.88898142,-0.15
2639,2020,5045,TCU,D1 Big 12 Conference,730227200,SFA,308130437,2020-02-26 13:00:00,3,3,2,2,1675397554,R. Cornelio,R,FA,R,-1.25481453351,4.15756406731,20.2639000055,12.6305540251,6.29604582159,HBP,HBP,-1.42754146672,5.65022619079,86.7527349097,2052.79844979,211.891581134,0.8
2640,2020,5045,TCU,D1 Big 12 Conference,730227200,SFA,308130437,2020-02-26 13:00:00,3,0,0,2,1906000633,D. Hill,R,SI,L,1.21955882391,1.39705884809,14.7667650528,7.44904938636,5.79702747779,B,S,-1.71999471377,5.68769600198,89.9478904515,2232.91490153,206.716903937,0.13
2641,2020,5045,TCU,D1 Big 12 Conference,730227200,SFA,308130437,2020-02-26 13:00:00,3,1,0,2,1906000633,D. Hill,R,SI,L,0.569225284959,1.19907588949,14.0712127876,8.55891525825,5.8415503458,F,S,-1.75460663015,5.65381373506,89.9061079973,2230.14674049,211.250176585,-0.15
2642,2020,5045,TCU,D1 Big 12 Conference,730227200,SFA,308130437,2020-02-26 13:00:00,3,1,1,2,1906000633,D. Hill,R,FA,L,-0.159288409411,1.93268705135,15.5571254936,7.48817168717,5.74052554427,IP,S,-1.71901537483,5.84889342614,90.2097565413,2258.12217298,205.655708988,1.0
2643,2020,5045,TCU,D1 Big 12 Conference,730227200,SFA,308130437,2020-02-26 13:00:00,4,0,0,0,1906000633,D. Hill,R,SL,R,0.501865267754,1.73999487698,4.97427983719,-25.1761095901,5.00034838424,SL,IP_OUT,-1.72434488325,5.85118042639,80.6704147591,2517.31707169,101.268434484,-0.15
2644,2020,5045,TCU,D1 Big 12 Conference,730227200,SFA,308130437,2020-02-26 13:00:00,4,0,0,1,1906000633,D. Hill,R,FA,R,1.13808454344,2.48968144701,19.070791303,6.44248690993,5.90644855371,SL,BB,-1.3586131067,5.6539425539,90.1946401323,2330.60484041,198.636291829,-0.15
2645,2020,5045,TCU,D1 Big 12 Conference,730227200,SFA,308130437,2020-02-26 13:00:00,4,0,1,1,1906000633,D. Hill,R,SL,R,1.86987054308,1.1631930556,4.47081078186,-24.4204314444,5.15670609585,B,BB,-1.48102931221,5.69512448226,80.8203779802,2783.60764434,100.469702141,0.13
2646,2020,5045,TCU,D1 Big 12 Conference,730227200,SFA,308130437,2020-02-26 13:00:00,4,1,1,1,1906000633,D. Hill,R,SL,R,-0.378014119378,1.95452279101,4.47775972085,-23.498363309,4.87652105455,SL,BB,-1.55170312787,5.81436540626,80.9464904941,2571.03562082,100.887549947,-0.15
2647,2020,5045,TCU,D1 Big 12 Conference,730227200,SFA,308130437,2020-02-26 13:00:00,4,1,2,1,1906000633,D. Hill,R,SL,R,-0.139246639738,0.916980073387,2.35374126179,-26.1987233579,4.98473889424,B,BB,-1.64965077807,5.84567264145,79.3329970481,2786.86820007,95.2293347916,0.13
2648,2020,5045,TCU,D1 Big 12 Conference,730227200,SFA,308130437,2020-02-26 13:00:00,4,2,2,1,1906000633,D. Hill,R,SI,R,-0.960359414716,0.531650138447,14.646356082,7.53139489828,5.83269342716,B,BB,-1.59468771912,5.6873276351,91.4144118432,2310.32422095,207.162001049,0.13
2649,2020,5045,TCU,D1 Big 12 Conference,730227200,SFA,308130437,2020-02-26 13:00:00,4,3,2,1,1906000633,D. Hill,R,SI,R,0.0707854239212,1.28617218147,13.3413862447,8.34831883129,5.75180570628,F,BB,-1.53268108962,5.63996210261,91.3081142521,2387.42116211,211.974406639,0.0
2650,2020,5045,TCU,D1 Big 12 Conference,730227200,SFA,308130437,2020-02-26 13:00:00,4,3,2,1,1906000633,D. Hill,R,SL,R,-0.854246498957,2.89724492092,1.65128377998,-26.9259769388,5.10557529807,B,BB,-1.62552957375,5.77068237329,81.093162655,2653.58258756,93.5975778642,0.8
2651,2020,5045,TCU,D1 Big 12 Conference,730227200,SFA,308130437,2020-02-26 13:00:00,4,0,0,1,1906000633,D. Hill,R,FA,R,0.539180598832,2.72521828042,21.1926765338,5.60103217814,5.57705705821,IP,DP,-1.7393985636,5.72879956135,88.6626440777,2419.58586656,194.781459603,-0.21
2652,2020,5045,TCU,D1 Big 12 Conference,730227200,SFA,308130437,2020-02-26 13:00:00,5,0,0,0,1906000633,D. Hill,R,SI,R,0.690570638455,1.99736183806,11.0440014234,6.06218516219,5.74466807971,SL,K,-1.36356462333,5.67024477324,88.7641896665,2199.27109222,208.689087552,-0.15
2653,2020,5045,TCU,D1 Big 12 Conference,730227200,SFA,308130437,2020-02-26 13:00:00,5,0,1,0,1906000633,D. Hill,R,SL,R,-0.0714027457387,2.9203012968,4.57310323985,-23.5471753518,4.92992698155,SL,K,-1.41781078542,5.8123454639,80.5120838186,2534.98033184,101.090680964,-0.15
2654,2020,5045,TCU,D1 Big 12 Conference,730227200,SFA,308130437,2020-02-26 13:00:00,5,0,2,0,1906000633,D. Hill,R,SL,R,-0.586026648527,3.43166607459,0.347609289977,-24.4391472531,5.12210587235,SS,K,-1.41390590392,5.81356695933,78.6279713077,2541.32012371,90.9184569459,-0.15
2655,2020,5045,TCU,D1 Big 12 Conference,730227200,SFA,308130437,2020-02-26 13:00:00,5,0,0,1,1906000633,D. Hill,R,SL,L,0.948382359909,1.48563536288,2.09857263717,-28.2089392152,4.87667034906,SS,K,-1.69745677932,5.90422866341,79.1844042732,2653.24072383,94.3436960222,-0.15
2656,2020,5045,TCU,D1 Big 12 Conference,730227200,SFA,308130437,2020-02-26 13:00:00,5,0,1,1,1906000633,D. Hill,R,FA,L,-0.871068145218,2.26457542589,14.9969720624,4.63718187759,5.67780055774,SL,K,-1.452438175,5.7209795405,89.7799771465,2243.33128874,197.146363658,-0.15
2657,2020,5045,TCU,D1 Big 12 Conference,730227200,SFA,308130437,2020-02-26 13:00:00,5,0,2,1,1906000633,D. Hill,R,SL,L,-0.584011655519,2.14696276612,-3.21213683374,-22.8805353459,4.95662680852,SL,K,-1.58168271166,5.71526746922,78.35245046,2574.52343516,82.1193095798,-0.15
2658,2020,5045,TCU,D1 Big 12 Conference,730227200,SFA,308130437,2020-02-26 13:00:00,5,0,0,2,1906000633,D. Hill,R,SL,R,-0.769375926437,0.649012524555,0.784629418062,-25.3400638611,4.98627834374,B,IP_OUT,-1.61468894418,5.75654054079,79.0936834841,2669.94293795,91.8733779744,0.13
2659,2020,5045,TCU,D1 Big 12 Conference,730227200,SFA,308130437,2020-02-26 13:00:00,5,1,0,2,1906000633,D. Hill,R,FA,R,-1.37425880731,1.6461954259,21.4749038258,8.73304622856,5.68893672818,B,IP_OUT,-1.54919316597,6.0474954998,90.5270281196,2204.82603808,202.099312463,0.13
2660,2020,5045,TCU,D1 Big 12 Conference,730227200,SFA,308130437,2020-02-26 13:00:00,5,2,0,2,1906000633,D. Hill,R,FA,R,-0.120812453045,1.6027744635,15.6259576328,4.65931857745,5.89061064715,SL,IP_OUT,-1.54385573864,5.72597893292,89.8088672198,2313.39533011,196.570361708,-0.15
2661,2020,5045,TCU,D1 Big 12 Conference,730227200,SFA,308130437,2020-02-26 13:00:00,6,0,0,0,1223059103,A. Krob,L,FA,R,-0.155688060534,2.24158219654,15.5965840043,-14.9387447324,5.29825999042,SL,K,1.21594337688,5.51503856445,89.1183935529,2212.74941826,136.297055721,-0.15
2662,2020,5045,TCU,D1 Big 12 Conference,730227200,SFA,308130437,2020-02-26 13:00:00,6,0,1,0,1223059103,A. Krob,L,CU,R,-0.483411629235,1.99965351113,-7.30953565231,-0.824118889642,4.66522560256,F,K,1.27108528454,5.72630136977,80.7413291976,2717.03870799,6.46991484856,-0.15
2663,2020,5045,TCU,D1 Big 12 Conference,730227200,SFA,308130437,2020-02-26 13:00:00,6,0,2,0,1223059103,A. Krob,L,FA,R,-0.639454974908,2.76103978286,22.5822916697,-9.044700307,5.41899084857,SS,K,1.12605335435,5.88504671948,92.8840091781,2247.21311668,158.200307133,-0.15
2664,2020,5045,TCU,D1 Big 12 Conference,730227200,SFA,308130437,2020-02-26 13:00:00,6,0,0,1,1223059103,A. Krob,L,CU,R,1.32689772799,1.48539187535,-4.80976361436,-5.31791325756,4.56715123931,B,K,1.26691688331,5.8232951676,80.538694764,2649.10867993,48.1263562831,0.13
2665,2020,5045,TCU,D1 Big 12 Conference,730227200,SFA,308130437,2020-02-26 13:00:00,6,1,0,1,1223059103,A. Krob,L,FA,R,-0.373927686245,1.42037439035,20.5177589733,-13.0473867636,5.30288260368,SS,K,1.25024010365,5.81910774505,90.4075016739,2129.28120625,147.58944815,-0.15
2666,2020,5045,TCU,D1 Big 12 Conference,730227200,SFA,308130437,2020-02-26 13:00:00,6,1,1,1,1223059103,A. Krob,L,CU,R,-0.294387089753,1.68327849127,-7.73228056661,-1.78833755917,4.65265550547,F,K,1.08381022685,5.98663567689,78.4760637615,2797.59795464,13.0969859671,-0.15
2667,2020,5045,TCU,D1 Big 12 Conference,730227200,SFA,308130437,2020-02-26 13:00:00,6,1,2,1,1223059103,A. Krob,L,SL,R,-0.716815677068,0.550269604897,3.54708370825,-2.48833138375,4.74662819582,SS,K,1.19580908663,5.89038974313,84.2703318089,2750.83828382,145.243109649,-0.15
2668,2020,5045,TCU,D1 Big 12 Conference,730227200,SFA,308130437,2020-02-26 13:00:00,6,0,0,2,1223059103,A. Krob,L,SL,L,-0.964321030623,2.54576048079,0.125066214583,-1.50603518171,4.57838125203,SS,K,1.44143392187,5.86645159437,81.3250676271,2695.11039134,96.3130297869,-0.15
2669,2020,5045,TCU,D1 Big 12 Conference,730227200,SFA,308130437,2020-02-26 13:00:00,6,0,1,2,1223059103,A. Krob,L,FA,L,-0.457922068885,3.52412637767,20.1401592797,-11.8943242014,5.68702556073,F,K,1.21156432083,5.98545910431,91.3501899974,2199.48797509,149.474870901,-0.15
2670,2020,5045,TCU,D1 Big 12 Conference,730227200,SFA,308130437,2020-02-26 13:00:00,6,0,2,2,1223059103,A. Krob,L,FA,L,-0.785863383082,0.774198407748,17.0278989396,-17.8827797299,5.87338717517,B,K,1.12238980218,5.8833881666,93.9608442034,2327.47935299,133.647649003,0.13
2671,2020,5045,TCU,D1 Big 12 Conference,730227200,SFA,308130437,2020-02-26 13:00:00,6,1,2,2,1223059103,A. Krob,L,SL,L,-0.357354482641,0.872059568159,-2.72887509602,-9.54220727202,4.74902409531,SS,K,1.35670058601,5.80669314333,81.6875362484,2743.8393026,74.2690695264,-0.15
2672,2020,5045,TCU,D1 Big 12 Conference,730227200,SFA,308130437,2020-02-26 13:00:00,7,0,0,0,1001234090,J. Meador,R,CU,R,2.682095745,-2.17120544274,-17.3635561822,-19.3498538778,5.26435965233,B,K,-1.96336333251,5.41508655999,78.7853953585,2302.78785372,48.1697945607,0.13
2673,2020,5045,TCU,D1 Big 12 Conference,730227200,SFA,308130437,2020-02-26 13:00:00,7,1,0,0,1001234090,J. Meador,R,FA,R,1.04081019048,3.34259453747,21.5254879366,3.42039629084,5.78042582839,B,K,-1.84043459661,5.65844506669,89.8332588492,2186.25134045,189.01503323,0.13
2674,2020,5045,TCU,D1 Big 12 Conference,730227200,SFA,308130437,2020-02-26 13:00:00,7,2,0,0,1001234090,J. Meador,R,FA,R,-0.252512056203,3.06524495742,24.1661662664,3.11836844695,5.76069155181,SS,K,-1.92662542462,5.68688325403,89.448784965,2173.71607301,187.342594564,-0.15
2675,2020,5045,TCU,D1 Big 12 Conference,730227200,SFA,308130437,2020-02-26 13:00:00,7,2,1,0,1001234090,J. Meador,R,FA,R,-0.161603121485,0.749266491139,24.58932053,4.72201728096,5.67636590208,B,K,-1.87997541519,5.54605655176,90.4419666742,2262.88709903,190.856255256,0.13
2676,2020,5045,TCU,D1 Big 12 Conference,730227200,SFA,308130437,2020-02-26 13:00:00,7,3,1,0,1001234090,J. Meador,R,FA,R,0.553706953161,2.17506255297,24.8135009006,4.07551513128,5.59107956317,SL,K,-1.82226310199,5.60801048126,89.8191132098,2258.4473394,189.314977912,-0.15
2677,2020,5045,TCU,D1 Big 12 Conference,730227200,SFA,308130437,2020-02-26 13:00:00,7,3,2,0,1001234090,J. Meador,R,FA,R,0.812111235452,2.95073364973,25.5260171386,2.32964089319,6.12540972982,SS,K,-1.9109970704,5.48963034024,89.2141004227,2154.45507069,185.207887098,-0.15
2678,2020,5045,TCU,D1 Big 12 Conference,730227200,SFA,308130437,2020-02-26 13:00:00,7,0,0,1,1001234090,J. Meador,R,FA,R,0.718757150785,2.38128515899,24.273577825,0.389191137627,5.76219037866,SL,BB,-1.6969226638,5.42064888443,90.430351013,2284.55079303,180.917336403,-0.15
2679,2020,5045,TCU,D1 Big 12 Conference,730227200,SFA,308130437,2020-02-26 13:00:00,7,0,1,1,1001234090,J. Meador,R,CU,R,1.77339993292,-0.768697997522,-3.9567143714,-16.8277813026,5.48979572812,B,BB,-1.9334560752,5.6819164535,80.256040728,2397.06346134,76.9047452939,0.13
2680,2020,5045,TCU,D1 Big 12 Conference,730227200,SFA,308130437,2020-02-26 13:00:00,7,1,1,1,1001234090,J. Meador,R,CU,R,-0.00558739955277,1.11895046229,-10.6207201186,-18.2908709442,5.60341677604,B,BB,-1.91493425493,5.53302598222,78.9486057515,2326.52547421,59.9600741031,0.13
2681,2020,5045,TCU,D1 Big 12 Conference,730227200,SFA,308130437,2020-02-26 13:00:00,7,2,1,1,1001234090,J. Meador,R,FA,R,-0.18437221795,1.74959254771,28.8330745981,4.83281893326,5.574568059,F,BB,-1.91499675676,5.63155560974,90.7119529926,2240.46136786,189.504423278,-0.15
2682,2020,5045,TCU,D1 Big 12 Conference,730227200,SFA,308130437,2020-02-26 13:00:00,7,2,2,1,1001234090,J. Meador,R,CU,R,-0.0644899079589,3.12303943951,-13.6309599692,-12.0801623647,5.44256394572,F,BB,-1.9521670065,5.54617396974,79.1138936879,2248.54989656,41.6387527563,0.0
2683,2020,5045,TCU,D1 Big 12 Conference,730227200,SFA,308130437,2020-02-26 13:00:00,7,2,2,1,1001234090,J. Meador,R,CU,R,-1.25015807684,0.943790057057,-6.77412021845,-15.6016680798,5.13797734214,B,BB,-1.85413474143,5.51995268673,80.329835668,2263.16040964,66.6617029339,0.13
2684,2020,5045,TCU,D1 Big 12 Conference,730227200,SFA,308130437,2020-02-26 13:00:00,7,3,2,1,1001234090,J. Meador,R,FA,R,1.09247526452,1.83193596344,29.3781896209,2.92073329734,5.78241245688,B,BB,-1.66902120905,5.6525357092,90.6987604584,2242.06436775,185.671349265,0.8
2685,2020,5045,TCU,D1 Big 12 Conference,730227200,SFA,308130437,2020-02-26 13:00:00,7,0,0,1,1001234090,J. Meador,R,FA,R,0.4050224109,2.6664408818,30.4988170128,2.18900463459,5.75273600652,F,S,-1.55399572503,5.73073993534,90.3215456234,2260.6178558,184.100875886,-0.15
2686,2020,5045,TCU,D1 Big 12 Conference,730227200,SFA,308130437,2020-02-26 13:00:00,7,0,1,1,1001234090,J. Meador,R,CU,R,0.0269926549496,1.3465848826,-10.9104917454,-13.2109939925,5.21892852033,B,S,-1.56996497305,5.64942505875,79.0414151049,2254.67556027,50.5609902942,0.13
2687,2020,5045,TCU,D1 Big 12 Conference,730227200,SFA,308130437,2020-02-26 13:00:00,7,1,1,1,1001234090,J. Meador,R,FA,R,0.254780622764,0.338648291977,22.8573003925,-0.122643383168,5.73166061067,B,S,-1.59027170201,5.61425222793,89.9612683102,2214.90477823,179.693021467,0.13
2688,2020,5045,TCU,D1 Big 12 Conference,730227200,SFA,308130437,2020-02-26 13:00:00,7,2,1,1,1001234090,J. Meador,R,FA,R,0.184197012175,1.51256381529,20.6994604741,1.98114809047,5.85894299536,IP,S,-1.56038479239,5.54616353856,89.2518167495,2190.86740837,185.458320733,1.0
2689,2020,5045,TCU,D1 Big 12 Conference,730227200,SFA,308130437,2020-02-26 13:00:00,7,0,0,1,1001234090,J. Meador,R,FA,R,-0.694372485574,1.80614526896,14.714066091,4.04779682596,5.81112472169,IP,D,-1.62699855829,5.35818106456,89.4564932203,2235.63948846,195.348292419,1.26
2690,2020,5045,TCU,D1 Big 12 Conference,730227200,SFA,308130437,2020-02-26 13:00:00,7,0,1,1,1702074102,H. Green,L,SI,L,0.0217807346022,1.10140525622,9.56271390195,-25.3813189973,5.3045207475,B,K,4.44088101273,4.6210321972,84.8707005458,1896.75611453,110.719342956,0.13
2691,2020,5045,TCU,D1 Big 12 Conference,730227200,SFA,308130437,2020-02-26 13:00:00,7,1,1,1,1702074102,H. Green,L,SI,L,-0.739956253063,0.79074030401,7.92792138431,-27.0546545076,5.45033120929,B,K,4.43810910237,4.60338515634,85.7068583677,2059.30695947,106.404651034,0.13
2692,2020,5045,TCU,D1 Big 12 Conference,730227200,SFA,308130437,2020-02-26 13:00:00,7,3,1,1,1702074102,H. Green,L,SI,L,-0.617639023996,1.9541289965,14.0680032231,-27.4588082984,5.69884302007,SL,K,4.23921788142,4.70678809145,86.196604592,2039.00903312,117.187263855,-0.15
2693,2020,5045,TCU,D1 Big 12 Conference,730227200,SFA,308130437,2020-02-26 13:00:00,7,3,2,1,1702074102,H. Green,L,SI,L,-0.0570181123725,1.82810550459,10.023968971,-24.0272592066,5.56362731148,SL,K,4.3681065766,4.59338529297,85.9278443346,1941.07178453,112.719506004,-0.15
2694,2020,5045,TCU,D1 Big 12 Conference,730227200,SFA,308130437,2020-02-26 13:00:00,7,0,0,2,1702074102,H. Green,L,SL,R,0.551883643159,1.90664610137,1.6254714577,-3.26895568705,5.29423627079,SL,K,4.1733703,4.70427159029,80.2675545821,2348.80058103,117.031644426,-0.15
2695,2020,5045,TCU,D1 Big 12 Conference,730227200,SFA,308130437,2020-02-26 13:00:00,7,0,1,2,1702074102,H. Green,L,SI,R,-0.957702519364,0.917332930246,6.31568782958,-25.4436259936,5.56649734385,B,K,4.24250779528,4.60426081789,86.3956458498,1918.03810251,104.017612412,0.13
2696,2020,5045,TCU,D1 Big 12 Conference,730227200,SFA,308130437,2020-02-26 13:00:00,7,1,1,2,1702074102,H. Green,L,SI,R,-0.199746184113,1.28255114289,9.81161682716,-27.8462963827,5.65710585075,SL,K,4.27799794023,4.57966751636,86.5702577274,2007.71761434,109.475678125,-0.15
2697,2020,5045,TCU,D1 Big 12 Conference,730227200,SFA,308130437,2020-02-26 13:00:00,7,1,2,2,1702074102,H. Green,L,SI,R,0.490655605783,1.85578145573,13.3520810989,-25.9602842722,5.5506689645,SS,K,4.35550318113,4.78686344083,86.897357059,1915.23088296,117.280651353,-0.15
2698,2020,5045,TCU,D1 Big 12 Conference,730227200,SFA,308130437,2020-02-26 13:00:00,8,0,0,0,1702074102,H. Green,L,SI,R,0.157493015773,0.667336189953,8.98469744527,-29.0926647187,5.30179182835,B,IP_OUT,4.45124963438,4.8166679918,85.5069419538,1908.54860361,107.229486701,0.13
2699,2020,5045,TCU,D1 Big 12 Conference,730227200,SFA,308130437,2020-02-26 13:00:00,8,1,0,0,1702074102,H. Green,L,SI,R,0.0225720865304,1.69406144399,12.5688300779,-28.8239513288,5.37450489492,SL,IP_OUT,4.34299889722,4.84771779686,86.0388073731,2003.67693668,113.621337883,-0.15
2700,2020,5045,TCU,D1 Big 12 Conference,730227200,SFA,308130437,2020-02-26 13:00:00,8,1,1,0,1702074102,H. Green,L,SI,R,1.064825558,2.31853258896,7.77628274503,-27.3065037048,5.40922668726,F,IP_OUT,4.32914936694,4.77802583258,86.3968764501,1934.20624839,105.966042767,-0.15
2701,2020,5045,TCU,D1 Big 12 Conference,730227200,SFA,308130437,2020-02-26 13:00:00,8,1,2,0,1702074102,H. Green,L,CH,R,3.43163575071,3.34567802709,3.7722013334,-23.6326922002,6.12862909815,B,IP_OUT,4.3215321103,4.66471529876,76.906951821,1358.82456458,99.1743797826,0.13
2702,2020,5045,TCU,D1 Big 12 Conference,730227200,SFA,308130437,2020-02-26 13:00:00,8,0,0,1,1702074102,H. Green,L,SL,R,-0.423173338705,1.7180361739,5.92702548748,-2.58980188719,5.50183940332,SS,IP_OUT,4.24436127853,4.68384439051,78.0783216005,1165.07711897,156.553881507,-0.15
2703,2020,5045,TCU,D1 Big 12 Conference,730227200,SFA,308130437,2020-02-26 13:00:00,8,0,1,1,1702074102,H. Green,L,CH,R,2.47282901481,3.17000555957,3.66080048738,-22.8805085621,6.10777122685,B,IP_OUT,4.30997117487,4.61993055587,78.1161746901,1376.08484908,99.1959023701,0.13
2704,2020,5045,TCU,D1 Big 12 Conference,730227200,SFA,308130437,2020-02-26 13:00:00,8,0,0,2,1702074102,H. Green,L,SI,R,0.873388487548,1.85681395027,11.0915602261,-26.1372685689,5.39593845521,SL,IP_OUT,4.27856591155,4.78642009722,86.3363102962,1988.35542562,113.061926492,-0.15
2705,2020,5045,TCU,D1 Big 12 Conference,730227200,SFA,308130437,2020-02-26 13:00:00,8,0,1,2,1702074102,H. Green,L,CH,R,2.08115404133,2.70599699915,6.76263768131,-24.8203084477,6.17172666717,SS,IP_OUT,4.22519857581,4.59341655818,78.9492501037,1433.28124285,105.331501465,-0.15
2706,2020,5045,TCU,D1 Big 12 Conference,730227200,SFA,308130437,2020-02-26 13:00:00,9,0,0,0,1270693030,M. Rudis,R,SI,R,-0.816439544606,2.38819630773,13.5607333625,7.38147691613,5.37014412179,F,K,-1.85987429725,6.19672160514,91.7321563079,1962.22994647,208.503587227,-0.15
2707,2020,5045,TCU,D1 Big 12 Conference,730227200,SFA,308130437,2020-02-26 13:00:00,9,0,1,0,1270693030,M. Rudis,R,CU,R,-0.0484335522945,2.82432362966,-0.779140030308,-6.40968068421,4.93706196706,SL,K,-2.1599883943,6.09634267491,81.109859245,2004.24737306,83.4398214831,-0.15
2708,2020,5045,TCU,D1 Big 12 Conference,730227200,SFA,308130437,2020-02-26 13:00:00,9,0,2,0,1270693030,M. Rudis,R,CU,R,1.07081755343,1.08919119555,0.68956514327,-11.6516364982,4.70101275378,SS,K,-1.9107193426,6.23144124408,81.4328917034,1974.50150343,93.5940011654,-0.15
2709,2020,5045,TCU,D1 Big 12 Conference,730227200,SFA,308130437,2020-02-26 13:00:00,9,0,0,1,1270693030,M. Rudis,R,FA,R,1.78168625462,2.6884419641,19.524129581,7.01001784605,5.32409122087,B,IP_OUT,-1.85042552883,6.16713178398,92.0997776406,2051.22664733,199.720288828,0.13
2710,2020,5045,TCU,D1 Big 12 Conference,730227200,SFA,308130437,2020-02-26 13:00:00,9,1,0,1,1270693030,M. Rudis,R,FA,R,1.35783470445,2.5986637959,22.5898149299,5.02203622407,5.52492502388,SL,IP_OUT,-1.97516698356,6.20111041657,92.1110507157,2072.76789853,192.51667546,-0.15
2711,2020,5045,TCU,D1 Big 12 Conference,730227200,SFA,308130437,2020-02-26 13:00:00,9,1,1,1,1270693030,M. Rudis,R,CU,R,0.359420968828,0.630894472442,2.44221156671,-13.972843734,4.9014272851,B,IP_OUT,-2.05399202172,6.32623900967,80.1566545335,2074.4069092,100.086222688,0.13
2712,2020,5045,TCU,D1 Big 12 Conference,730227200,SFA,308130437,2020-02-26 13:00:00,9,0,0,2,1270693030,M. Rudis,R,CU,R,-0.133111449146,0.768831724515,-1.78195089534,-10.2507927857,4.80822835705,B,IP_OUT,-1.89710397869,6.24182210507,80.6118706983,2068.71543338,80.3694792219,0.13
2713,2020,5045,TCU,D1 Big 12 Conference,730227200,SFA,308130437,2020-02-26 13:00:00,9,1,0,2,1270693030,M. Rudis,R,FA,R,-0.523753827426,2.46550812938,24.201028917,7.96761200231,5.50069089357,F,IP_OUT,-1.99365142582,6.51104357602,91.6136517651,2172.13911635,198.20007476,-0.15
2714,2020,3032,TXAM,D1 Southeastern Conference,730227200,SFA,386736617,2020-02-18 13:00:00,1,0,0,0,1691230864,D. Saenz,L,FA,R,1.29195402421,2.27899203459,20.664877591,-12.7859806785,5.82043904925,SL,BB,2.01597521023,5.59419882964,91.4559025189,2184.95043216,148.29307016,-0.15
2715,2020,3032,TXAM,D1 Southeastern Conference,730227200,SFA,386736617,2020-02-18 13:00:00,1,0,1,0,1691230864,D. Saenz,L,FA,R,0.476312853288,1.68699140457,19.4322987084,-8.15239758677,6.23580081886,B,BB,1.97571285818,5.62681040425,91.1186564818,2132.62146351,157.27316014,0.13
2716,2020,3032,TXAM,D1 Southeastern Conference,730227200,SFA,386736617,2020-02-18 13:00:00,1,1,1,0,1691230864,D. Saenz,L,SL,R,-0.470573710905,1.86849500019,5.40855100308,5.95797588561,5.4691447101,B,BB,2.06090224001,5.47602639262,83.9881734349,2485.48892366,227.570439782,0.13
2717,2020,3032,TXAM,D1 Southeastern Conference,730227200,SFA,386736617,2020-02-18 13:00:00,1,2,1,0,1691230864,D. Saenz,L,FA,R,1.65566888002,3.24794915281,18.6939686181,-12.2358010682,5.91619337482,B,BB,1.82913801621,5.60358892156,91.4315337245,2205.03214615,146.837853543,0.13
2718,2020,3032,TXAM,D1 Southeastern Conference,730227200,SFA,386736617,2020-02-18 13:00:00,1,3,1,0,1691230864,D. Saenz,L,FA,R,1.35282835453,3.26594440678,18.3695790537,-9.27226770496,6.27743112927,B,BB,1.82454128273,5.5141508693,90.738454805,2228.28754165,153.256480885,0.8
2719,2020,3032,TXAM,D1 Southeastern Conference,730227200,SFA,386736617,2020-02-18 13:00:00,1,0,0,0,1691230864,D. Saenz,L,FA,R,0.879687477107,2.08507963811,18.4910200332,-10.7172107408,6.15834697962,SL,IP_OUT,2.07085871744,5.59664214957,90.9644563352,2186.64504491,149.946196479,-0.15
2720,2020,3032,TXAM,D1 Southeastern Conference,730227200,SFA,386736617,2020-02-18 13:00:00,1,0,0,1,1691230864,D. Saenz,L,SL,R,0.113565172045,0.58696112731,-2.7522721974,1.42962291739,5.67091360536,B,IP_OUT,2.1638799534,5.4870815785,83.3814894964,2476.1944002,332.223215097,0.13
2721,2020,3032,TXAM,D1 Southeastern Conference,730227200,SFA,386736617,2020-02-18 13:00:00,1,1,0,1,1691230864,D. Saenz,L,CH,R,0.933727433172,0.627668794392,8.000720396,-17.7104002939,6.54436117472,B,IP_OUT,2.43236425065,5.24241618543,83.2905483349,1844.4351102,114.410411635,0.13
2722,2020,3032,TXAM,D1 Southeastern Conference,730227200,SFA,386736617,2020-02-18 13:00:00,1,2,0,1,1691230864,D. Saenz,L,FA,R,-0.858388777879,1.75539422445,19.1406706332,-11.1112851499,6.29398439115,B,IP_OUT,2.04469821629,5.59793258857,91.9858431611,2244.14945339,149.904459535,0.13
2723,2020,3032,TXAM,D1 Southeastern Conference,730227200,SFA,386736617,2020-02-18 13:00:00,1,3,0,1,1691230864,D. Saenz,L,FA,R,-0.554501295273,2.54832927139,16.6615231275,-8.41448897672,6.21441379551,SL,IP_OUT,2.01217028334,5.5970057469,91.2629555287,2286.4748897,153.247930682,-0.15
2724,2020,3032,TXAM,D1 Southeastern Conference,730227200,SFA,386736617,2020-02-18 13:00:00,1,0,0,2,1691230864,D. Saenz,L,SL,R,-0.706950860663,1.62114755268,0.568820287653,3.68421354622,5.77694439231,SS,HBP,2.40431075975,5.49137958151,83.3665879501,2463.71851497,260.654842387,-0.15
2725,2020,3032,TXAM,D1 Southeastern Conference,730227200,SFA,386736617,2020-02-18 13:00:00,1,0,1,2,1691230864,D. Saenz,L,SL,R,0.424167522166,2.50045171683,0.214885268573,1.77311410613,5.67476184175,SS,HBP,2.29115009615,5.48459008903,84.1793847063,2541.31684907,261.912279264,-0.15
2726,2020,3032,TXAM,D1 Southeastern Conference,730227200,SFA,386736617,2020-02-18 13:00:00,1,0,2,2,1691230864,D. Saenz,L,SL,R,-1.63191292673,0.823555663664,0.663050670249,3.41578830487,5.87236861647,HBP,HBP,2.12336381299,5.52335909974,84.1882788434,2376.08529865,258.415528456,0.8
2727,2020,3032,TXAM,D1 Southeastern Conference,730227200,SFA,386736617,2020-02-18 13:00:00,1,0,0,2,1691230864,D. Saenz,L,FA,R,1.1103268364,2.38986330023,18.1012752402,-10.2573211839,6.2132066185,SL,K,2.09787996124,5.57918886138,90.9814274645,2188.07414758,150.503950503,-0.15
2728,2020,3032,TXAM,D1 Southeastern Conference,730227200,SFA,386736617,2020-02-18 13:00:00,1,0,1,2,1691230864,D. Saenz,L,SL,R,0.103036583748,0.885059918816,-0.178241026206,1.75344290482,5.71971163426,SS,K,2.31866317473,5.46173645111,83.1028362584,2361.69851694,274.572536219,-0.15
2729,2020,3032,TXAM,D1 Southeastern Conference,730227200,SFA,386736617,2020-02-18 13:00:00,1,0,2,2,1691230864,D. Saenz,L,SL,R,0.541519310276,1.19981936187,2.46353690336,6.14639522561,5.69735081107,B,K,2.08944940838,5.51184117686,82.4424479797,2480.66334361,247.845382748,0.13
2730,2020,3032,TXAM,D1 Southeastern Conference,730227200,SFA,386736617,2020-02-18 13:00:00,1,1,2,2,1691230864,D. Saenz,L,SL,R,0.133727149293,1.13194381961,1.25258352239,5.16864271794,5.70150629905,SS,K,2.09853859637,5.54316321142,83.4716616531,2494.62003692,255.983342817,-0.15
2731,2020,3032,TXAM,D1 Southeastern Conference,730227200,SFA,386736617,2020-02-18 13:00:00,2,0,0,1,1691230864,D. Saenz,L,FA,R,0.997812030672,3.1886982291,22.4050342262,-7.66927632499,6.02899403069,SL,K,1.72412323199,5.6567245349,90.6138496168,2140.25230937,161.12876493,-0.15
2732,2020,3032,TXAM,D1 Southeastern Conference,730227200,SFA,386736617,2020-02-18 13:00:00,2,0,1,1,1691230864,D. Saenz,L,CH,R,0.136512669214,2.1384635467,9.35284955489,-13.0272083158,6.69206722314,F,K,2.17690881079,5.22162697561,82.1043153512,1777.80789247,125.784652031,-0.15
2733,2020,3032,TXAM,D1 Southeastern Conference,730227200,SFA,386736617,2020-02-18 13:00:00,2,0,2,1,1691230864,D. Saenz,L,FA,R,1.37808577284,2.4951483614,19.3143050277,-7.39376420214,6.1941237113,F,K,1.78906856452,5.6584517929,91.6946866194,2168.78206447,159.083001695,0.0
2734,2020,3032,TXAM,D1 Southeastern Conference,730227200,SFA,386736617,2020-02-18 13:00:00,2,0,2,1,1691230864,D. Saenz,L,SL,R,1.35799284924,3.33949355045,-0.141271506428,3.90933682949,5.58513646255,B,K,2.08820742431,5.4051685361,83.7902768005,2434.74233591,271.52043687,0.13
2735,2020,3032,TXAM,D1 Southeastern Conference,730227200,SFA,386736617,2020-02-18 13:00:00,2,1,2,1,1691230864,D. Saenz,L,SL,R,0.150533557277,1.50461705338,-1.98885220086,4.74852907599,5.68954012075,SS,K,1.81951559749,5.44075223311,82.9884824707,2430.38115831,292.332486143,-0.15
2736,2020,3032,TXAM,D1 Southeastern Conference,730227200,SFA,386736617,2020-02-18 13:00:00,3,0,0,0,1691230864,D. Saenz,L,FA,L,-0.252888707198,1.75912110888,18.1981404007,-11.9151508855,6.23609084222,SL,IP_OUT,1.84499792671,5.76591094022,90.7472352187,2119.85579781,146.830749092,-0.15
2737,2020,3032,TXAM,D1 Southeastern Conference,730227200,SFA,386736617,2020-02-18 13:00:00,3,0,1,0,1691230864,D. Saenz,L,FA,L,-0.286276253808,2.73761003777,17.1810015699,-15.9444411234,6.00025952036,SL,IP_OUT,1.77999214416,5.76501382443,91.1912199556,2261.45585027,137.190027648,-0.15
2738,2020,3032,TXAM,D1 Southeastern Conference,730227200,SFA,386736617,2020-02-18 13:00:00,3,0,2,0,1691230864,D. Saenz,L,SL,L,-2.45524963596,0.282088012111,7.41871248701,6.41567231838,5.73439116622,B,IP_OUT,1.80861340346,5.65180614679,83.7261065264,2547.43039987,220.708964868,0.13
2739,2020,3032,TXAM,D1 Southeastern Conference,730227200,SFA,386736617,2020-02-18 13:00:00,3,1,2,0,1691230864,D. Saenz,L,SL,L,-1.79709300009,1.65454403897,8.45004769334,2.6747949521,5.81351911338,B,IP_OUT,1.82343414813,5.66421816875,84.0698323835,2510.33005076,197.492017534,0.13
2740,2020,3032,TXAM,D1 Southeastern Conference,730227200,SFA,386736617,2020-02-18 13:00:00,3,0,0,2,1691230864,D. Saenz,L,FA,R,0.186372978475,2.44666024457,18.4540260086,-13.4439666251,6.11275948328,SL,S,1.86245974539,5.75799446723,92.5159933003,2283.30318204,143.970987466,-0.15
2741,2020,3032,TXAM,D1 Southeastern Conference,730227200,SFA,386736617,2020-02-18 13:00:00,3,0,1,2,1691230864,D. Saenz,L,FA,R,0.106863658131,2.90132938704,20.2081891455,-10.5035420884,6.42036184634,SL,S,1.64862461044,5.70504976309,91.6229630538,2250.22563226,152.571579477,-0.15
2742,2020,3032,TXAM,D1 Southeastern Conference,730227200,SFA,386736617,2020-02-18 13:00:00,3,0,2,2,1691230864,D. Saenz,L,SL,R,-1.74423216054,-0.715728090559,5.38734754127,8.57846730432,5.81008847479,B,S,1.64403301284,5.70094908603,83.2364835896,2509.12570416,237.688051295,0.13
2743,2020,3032,TXAM,D1 Southeastern Conference,730227200,SFA,386736617,2020-02-18 13:00:00,3,1,2,2,1691230864,D. Saenz,L,FA,R,-0.258051419633,1.48533782753,20.1612918151,-13.5475845618,6.3189219245,B,S,1.61831362823,5.73511825588,91.8735564895,2242.16839744,146.140998208,0.13
2744,2020,3032,TXAM,D1 Southeastern Conference,730227200,SFA,386736617,2020-02-18 13:00:00,3,2,2,2,1691230864,D. Saenz,L,FA,R,0.419941045854,3.03976347758,16.519469772,-12.6941004257,6.03302556241,IP,S,1.66966730536,5.79463761413,90.9731760608,2199.61299592,142.512920877,1.0
2745,2020,3032,TXAM,D1 Southeastern Conference,730227200,SFA,386736617,2020-02-18 13:00:00,4,0,0,0,1691230864,D. Saenz,L,FA,R,2.0476388354,4.7168784862,19.373968883,-7.29846517287,5.7251806891,B,IP_OUT,1.61821671709,5.87041224242,90.5555385312,2089.3775072,159.389054777,0.13
2746,2020,3032,TXAM,D1 Southeastern Conference,730227200,SFA,386736617,2020-02-18 13:00:00,4,1,0,0,1691230864,D. Saenz,L,FA,R,2.07585179864,4.478183123,19.020790387,-7.03069804563,6.0832802044,B,IP_OUT,1.86957467081,5.67453535492,91.0666399075,2108.76587749,159.744846863,0.13
2747,2020,3032,TXAM,D1 Southeastern Conference,730227200,SFA,386736617,2020-02-18 13:00:00,4,0,0,1,1691230864,D. Saenz,L,FA,R,0.771261856596,3.03867973408,20.2690308225,-6.83216023002,6.13486471242,SL,K,1.72581793199,5.80160182794,90.8807510809,2113.16511286,161.399188541,-0.15
2748,2020,3032,TXAM,D1 Southeastern Conference,730227200,SFA,386736617,2020-02-18 13:00:00,4,0,1,1,1691230864,D. Saenz,L,CH,R,0.615553899875,0.648510261019,11.0118722013,-12.0029866695,6.63941919509,B,K,2.17358794997,5.41403473213,81.1191327957,1566.89761439,132.633789646,0.13
2749,2020,3032,TXAM,D1 Southeastern Conference,730227200,SFA,386736617,2020-02-18 13:00:00,4,1,1,1,1691230864,D. Saenz,L,FA,R,1.25455401332,2.79529128265,18.7447029188,-12.8779711317,6.25230674854,F,K,1.88295999504,5.67191822914,90.6254527982,2220.01360311,145.555219773,-0.15
2750,2020,3032,TXAM,D1 Southeastern Conference,730227200,SFA,386736617,2020-02-18 13:00:00,4,1,2,1,1691230864,D. Saenz,L,SL,R,1.77403788437,2.96957959729,0.245787813855,6.88930382532,5.64358593856,B,K,1.99551600457,5.60020709949,82.9229129466,2417.84162101,267.637556709,0.13
2751,2020,3032,TXAM,D1 Southeastern Conference,730227200,SFA,386736617,2020-02-18 13:00:00,4,2,2,1,1691230864,D. Saenz,L,FA,R,0.611441557559,2.37597968572,20.2404628613,-9.62493128463,6.2048461657,SL,K,1.62700896744,5.85643319848,91.4094796968,2166.59024072,154.601614928,-0.15
2752,2020,3032,TXAM,D1 Southeastern Conference,730227200,SFA,386736617,2020-02-18 13:00:00,4,0,0,2,1691230864,D. Saenz,L,FA,L,1.49533274236,3.95116846322,17.8876793162,-8.78862681679,5.94478290884,B,D,1.68164310054,5.90989702431,91.6135996054,2152.07959337,153.873040625,0.13
2753,2020,3032,TXAM,D1 Southeastern Conference,730227200,SFA,386736617,2020-02-18 13:00:00,4,1,0,2,1691230864,D. Saenz,L,FA,L,0.000484160991722,2.11815126494,18.6767042562,-9.02849746906,6.1978451232,IP,D,1.49689285906,5.78812453773,91.2621661765,2056.32399774,154.237362812,1.26
2754,2020,3032,TXAM,D1 Southeastern Conference,730227200,SFA,386736617,2020-02-18 13:00:00,4,0,0,2,1691230864,D. Saenz,L,FA,R,0.276668158759,2.92240307169,17.2571772733,-11.1313329321,6.42348705127,F,K,1.87787277175,5.79394666911,92.0514027271,2147.77265363,147.222354454,-0.15
2755,2020,3032,TXAM,D1 Southeastern Conference,730227200,SFA,386736617,2020-02-18 13:00:00,4,0,1,2,1691230864,D. Saenz,L,SL,R,-0.777952856552,1.20420244898,-0.28945859975,4.05214023356,5.76574824897,B,K,2.0809731416,5.63916321322,82.2514230819,2274.85196295,273.541229822,0.13
2756,2020,3032,TXAM,D1 Southeastern Conference,730227200,SFA,386736617,2020-02-18 13:00:00,4,1,1,2,1691230864,D. Saenz,L,SL,R,-0.252537121201,2.50821353248,1.17537374253,5.26271081205,5.77537316938,SS,K,1.91928830089,5.67781712703,82.0142839196,2389.40920619,257.011169877,-0.15
2757,2020,3032,TXAM,D1 Southeastern Conference,730227200,SFA,386736617,2020-02-18 13:00:00,4,1,2,2,1691230864,D. Saenz,L,SL,R,0.548762098074,3.31460058105,-0.561575847925,5.61384920667,5.87078111377,B,K,2.17172866711,5.62565417024,82.8504446229,2478.56201409,275.329695237,0.13
2758,2020,3032,TXAM,D1 Southeastern Conference,730227200,SFA,386736617,2020-02-18 13:00:00,4,2,2,2,1691230864,D. Saenz,L,SL,R,-0.265569767635,0.948748983209,-0.902142600543,4.70165983479,6.01659167405,SS,K,2.09430124112,5.62845373805,82.3256043399,2478.78249895,280.411774205,-0.15
2759,2020,3032,TXAM,D1 Southeastern Conference,730227200,SFA,386736617,2020-02-18 13:00:00,5,0,0,0,1691230864,D. Saenz,L,FA,R,1.15897682671,2.90096075213,19.1884360177,-11.0815995667,6.11128896416,SL,D,1.8480124881,5.77600306747,90.3739779137,2167.62607204,150.034185909,-0.15
2760,2020,3032,TXAM,D1 Southeastern Conference,730227200,SFA,386736617,2020-02-18 13:00:00,5,0,1,0,1691230864,D. Saenz,L,CH,R,1.21428538112,0.837868820978,10.2564999959,-10.0317796798,6.55461795166,B,D,2.17088193621,5.37098509391,82.3754226501,1710.88431371,135.739410627,0.13
2761,2020,3032,TXAM,D1 Southeastern Conference,730227200,SFA,386736617,2020-02-18 13:00:00,5,1,1,0,1691230864,D. Saenz,L,FA,R,1.09788525322,4.00517256698,15.6966237595,-11.8282930541,6.18840594827,B,D,1.9279202422,5.8064047101,91.2615961713,2151.54393557,143.054135045,0.13
2762,2020,3032,TXAM,D1 Southeastern Conference,730227200,SFA,386736617,2020-02-18 13:00:00,5,2,1,0,1691230864,D. Saenz,L,FA,R,1.11987007304,2.43775512201,15.1672164513,-14.0572268923,6.27844485448,IP,D,1.72989116406,5.66202737108,89.9278851944,2132.45998922,137.235177993,1.26
2763,2020,3032,TXAM,D1 Southeastern Conference,730227200,SFA,386736617,2020-02-18 13:00:00,5,0,0,0,1691230864,D. Saenz,L,FA,L,-0.21897032655,3.23211434927,20.4935570993,-7.64067449479,6.36318380825,SS,S,1.90706676188,5.82134925234,91.0118609902,2198.71941167,159.581338892,-0.15
2764,2020,3032,TXAM,D1 Southeastern Conference,730227200,SFA,386736617,2020-02-18 13:00:00,5,0,1,0,1691230864,D. Saenz,L,FA,L,-1.45777907943,2.58189083812,22.4673546309,-9.06945686218,6.43645368954,B,S,1.83855560444,5.76052061894,91.6975932796,2230.9667882,158.044684974,0.13
2765,2020,3032,TXAM,D1 Southeastern Conference,730227200,SFA,386736617,2020-02-18 13:00:00,5,1,1,0,1691230864,D. Saenz,L,FA,L,0.302747458783,2.45972690645,19.8293083577,-11.6144742315,6.36451894554,IP,S,1.94710515431,5.77808401158,90.1782018704,2185.03397265,149.681810767,1.0
2766,2020,3032,TXAM,D1 Southeastern Conference,730227200,SFA,386736617,2020-02-18 13:00:00,5,0,0,0,1691230864,D. Saenz,L,FA,R,0.44565510387,3.30186012852,20.8028064325,-12.8269785294,6.24595918957,F,K,2.06957108348,5.79763288372,91.8501486334,2123.73343922,148.379954924,-0.15
2767,2020,3032,TXAM,D1 Southeastern Conference,730227200,SFA,386736617,2020-02-18 13:00:00,5,0,1,0,1691230864,D. Saenz,L,SL,R,-0.286897130641,2.27981054299,3.2715450745,9.84464540179,5.88789526718,SS,K,2.21903511879,5.58135320755,81.1331004789,2368.81648251,251.408438942,-0.15
2768,2020,3032,TXAM,D1 Southeastern Conference,730227200,SFA,386736617,2020-02-18 13:00:00,5,0,2,0,1691230864,D. Saenz,L,SL,R,-0.411600325754,0.717417339174,0.890017630356,7.88832801269,6.01462135806,B,K,2.1354868911,5.62707826083,81.9062861203,2311.15892259,263.28306028,0.13
2769,2020,3032,TXAM,D1 Southeastern Conference,730227200,SFA,386736617,2020-02-18 13:00:00,5,1,2,0,1691230864,D. Saenz,L,SL,R,-0.218319846385,1.57052120461,4.5658292091,4.33591449068,5.84159916714,SS,K,2.21844623541,5.5876401289,82.1070066806,2421.34905674,223.273759605,-0.15
2770,2020,3032,TXAM,D1 Southeastern Conference,730227200,SFA,386736617,2020-02-18 13:00:00,5,0,0,1,1691230864,D. Saenz,L,SL,R,0.84265768954,3.35398218492,4.59180010139,6.93603532024,5.77721584845,B,IP_OUT,2.25956273363,5.48950523444,80.5955868756,2387.12053523,236.26186694,0.13
2771,2020,3032,TXAM,D1 Southeastern Conference,730227200,SFA,386736617,2020-02-18 13:00:00,5,1,0,1,1691230864,D. Saenz,L,FA,R,-0.0585368303111,2.18903645994,20.634880695,-7.3972976954,6.34588829337,F,IP_OUT,1.96072181521,5.70428408225,90.361813524,2181.88508581,160.305847116,-0.15
2772,2020,3032,TXAM,D1 Southeastern Conference,730227200,SFA,386736617,2020-02-18 13:00:00,5,1,1,1,1691230864,D. Saenz,L,SL,R,1.23619387185,1.37722773833,-2.11776270305,7.28101189016,5.90966890917,B,IP_OUT,2.39970869381,5.64113473818,80.4732357077,2358.57840647,285.925336562,0.13
2773,2020,3032,TXAM,D1 Southeastern Conference,730227200,SFA,386736617,2020-02-18 13:00:00,5,0,0,2,1691230864,D. Saenz,L,SL,R,2.63884389981,2.32657209092,-4.77272375614,6.09860751833,5.65216876964,B,S,1.92830361488,5.61199993674,80.4189160375,2394.6896423,307.811991489,0.13
2774,2020,3032,TXAM,D1 Southeastern Conference,730227200,SFA,386736617,2020-02-18 13:00:00,5,1,0,2,1691230864,D. Saenz,L,CH,R,1.16495889493,0.973112148907,14.5598048061,-16.2222451634,6.30794936912,B,S,1.92424036518,5.30854332522,81.3822248219,1710.30196728,131.984834103,0.13
2775,2020,3032,TXAM,D1 Southeastern Conference,730227200,SFA,386736617,2020-02-18 13:00:00,5,2,0,2,1691230864,D. Saenz,L,FA,R,1.12619878661,2.22420092094,20.7767121188,-7.99418468576,6.22141976386,F,S,1.63035675269,5.7113050391,91.2996505265,2209.15555703,158.983618762,-0.15
2776,2020,3032,TXAM,D1 Southeastern Conference,730227200,SFA,386736617,2020-02-18 13:00:00,5,2,1,2,1691230864,D. Saenz,L,SL,R,1.51499327408,2.96337772476,-0.559538837105,8.83902714934,5.82005112146,B,S,1.7564172713,5.59706856889,80.4799630303,2431.50342384,273.35951171,0.13
2777,2020,3032,TXAM,D1 Southeastern Conference,730227200,SFA,386736617,2020-02-18 13:00:00,5,3,1,2,1691230864,D. Saenz,L,FA,R,1.01760867071,2.27205234466,16.7307020001,-6.9311253095,6.0594553393,IP,S,1.66975008991,5.67794854104,90.4316153514,2199.26031743,157.535698382,1.0
2778,2020,3032,TXAM,D1 Southeastern Conference,730227200,SFA,386736617,2020-02-18 13:00:00,5,0,0,2,1691230864,D. Saenz,L,FA,R,0.204161403799,1.96108200507,18.429980359,-8.65675587407,6.3719838218,SL,S,2.01702020945,5.72298909075,90.9051008776,2200.81559557,154.877124933,-0.15
2779,2020,3032,TXAM,D1 Southeastern Conference,730227200,SFA,386736617,2020-02-18 13:00:00,5,0,1,2,1691230864,D. Saenz,L,SL,R,-0.790546740925,0.144637697377,1.22706212446,7.00723431016,5.96230799406,B,S,2.02645759365,5.54174436653,80.2482192978,2479.89586726,259.745761245,0.13
2780,2020,3032,TXAM,D1 Southeastern Conference,730227200,SFA,386736617,2020-02-18 13:00:00,5,1,1,2,1691230864,D. Saenz,L,SL,R,-0.732002008944,1.21777511895,3.82339701614,9.74050621943,6.14339383927,B,S,2.0176324312,5.58713055609,81.2495415733,2423.50811291,248.370772492,0.13
2781,2020,3032,TXAM,D1 Southeastern Conference,730227200,SFA,386736617,2020-02-18 13:00:00,5,2,1,2,1691230864,D. Saenz,L,FA,R,0.508353746072,2.95659257383,21.0644657429,-6.68619001736,6.2790459817,IP,S,1.84507401937,5.82236257679,90.5439501873,2146.55470114,162.414565077,1.0
2782,2020,3032,TXAM,D1 Southeastern Conference,730227200,SFA,386736617,2020-02-18 13:00:00,5,0,0,2,1691230864,D. Saenz,L,FA,R,-0.567720285739,1.74542397213,19.2102957642,-9.79269306634,6.41735385888,B,FC,1.7848745686,5.76983721928,89.9157819217,2260.36071043,153.027619771,0.13
2783,2020,3032,TXAM,D1 Southeastern Conference,730227200,SFA,386736617,2020-02-18 13:00:00,5,1,0,2,1691230864,D. Saenz,L,FA,R,-0.967923175983,1.2263368479,15.5501890272,-7.4587529715,6.35000787259,B,FC,1.84960574558,5.73041636692,90.5408787986,2262.46219018,154.419566464,0.13
2784,2020,3032,TXAM,D1 Southeastern Conference,730227200,SFA,386736617,2020-02-18 13:00:00,5,2,0,2,1691230864,D. Saenz,L,FA,R,0.551960468975,2.96749496837,20.7042097137,-9.80191264838,6.25541497569,IP,FC,1.88145036668,5.66511844697,89.661582711,2142.48240979,154.700360973,-0.21
2785,2020,3032,TXAM,D1 Southeastern Conference,730227200,SFA,386736617,2020-02-18 13:00:00,5,0,0,2,1691230864,D. Saenz,L,SL,L,2.57888321626,4.84669665338,-0.828405354514,3.57427465718,5.77384470657,B,K,1.98957613938,5.5516090313,80.2494375868,2391.70257423,282.434175618,0.13
2786,2020,3032,TXAM,D1 Southeastern Conference,730227200,SFA,386736617,2020-02-18 13:00:00,5,1,0,2,1691230864,D. Saenz,L,FA,L,0.589219866918,3.63818282849,20.2207155706,-7.64938346753,6.18473673275,SS,K,1.4707169119,5.80688042618,89.9884333752,2196.96412575,159.308839902,-0.15
2787,2020,3032,TXAM,D1 Southeastern Conference,730227200,SFA,386736617,2020-02-18 13:00:00,5,1,1,2,1691230864,D. Saenz,L,SL,L,0.474611887405,3.21831085442,1.45827755596,4.73426460611,5.77233421731,F,K,1.79840921411,5.58273167855,78.7403664814,2397.33626667,252.411129882,-0.15
2788,2020,3032,TXAM,D1 Southeastern Conference,730227200,SFA,386736617,2020-02-18 13:00:00,5,1,2,2,1691230864,D. Saenz,L,SL,L,1.12052727986,1.71494970248,2.83725939407,7.2300239023,5.49397127325,SS,K,1.77747937806,5.55419581622,79.8373596954,2359.41905077,248.288872149,-0.15
2789,2020,3032,TXAM,D1 Southeastern Conference,730227200,SFA,386736617,2020-02-18 13:00:00,6,0,0,0,1888388183,W. Johnston,L,FA,R,1.36823108779,2.52222623114,14.9277067228,-16.2798713652,5.75387085931,SL,K,1.88722191965,6.75498728116,91.5891760371,1999.47318992,132.57895611,-0.15
2790,2020,3032,TXAM,D1 Southeastern Conference,730227200,SFA,386736617,2020-02-18 13:00:00,6,0,1,0,1888388183,W. Johnston,L,FA,R,0.0907302114228,1.66068287017,15.2037661461,-11.6071246908,5.92239428892,SS,K,2.04979312217,6.74822056146,91.8691687888,2104.86071852,142.69672876,-0.15
2791,2020,3032,TXAM,D1 Southeastern Conference,730227200,SFA,386736617,2020-02-18 13:00:00,6,0,2,0,1888388183,W. Johnston,L,SL,R,0.49190107596,0.674448577408,0.35660341277,2.66558131135,5.38226692583,SS,K,1.90658498901,6.72935806001,77.7521329119,2148.17792704,261.449130593,-0.15
2792,2020,3032,TXAM,D1 Southeastern Conference,730227200,SFA,386736617,2020-02-18 13:00:00,6,0,0,1,1888388183,W. Johnston,L,FA,R,1.82191511604,2.91604656855,12.8911659906,-13.7289617038,5.70831182107,B,K,1.87621714025,6.80188312798,91.3563096025,1827.51558899,133.267536655,0.13
2793,2020,3032,TXAM,D1 Southeastern Conference,730227200,SFA,386736617,2020-02-18 13:00:00,6,1,0,1,1888388183,W. Johnston,L,FA,R,0.83142727348,2.42887204385,13.618800773,-14.5459417193,5.81783357856,F,K,1.92055914561,6.72818873059,91.4218858738,1901.35034936,133.180700807,-0.15
2794,2020,3032,TXAM,D1 Southeastern Conference,730227200,SFA,386736617,2020-02-18 13:00:00,6,1,1,1,1888388183,W. Johnston,L,CH,R,-0.908382814495,0.0169277644257,9.06996259914,-15.6497185748,6.25827385172,B,K,2.20125642579,6.28834927281,83.2254403895,1693.04122458,120.196777776,0.13
2795,2020,3032,TXAM,D1 Southeastern Conference,730227200,SFA,386736617,2020-02-18 13:00:00,6,2,1,1,1888388183,W. Johnston,L,FA,R,0.100765591531,3.96587703525,19.0677217971,-9.49900361499,5.9683812721,SS,K,1.95907802793,6.72505922391,91.4354209298,1950.62314664,153.556262077,-0.15
2796,2020,3032,TXAM,D1 Southeastern Conference,730227200,SFA,386736617,2020-02-18 13:00:00,6,2,2,1,1888388183,W. Johnston,L,FA,R,1.28149797233,3.78060838792,12.5656154135,-13.1979361168,5.73057176728,F,K,2.0780124117,6.78116116934,90.6510607031,1989.95894067,133.66560387,0.0
2797,2020,3032,TXAM,D1 Southeastern Conference,730227200,SFA,386736617,2020-02-18 13:00:00,6,2,2,1,1888388183,W. Johnston,L,FA,R,-0.267947529241,3.03946249947,20.5086548513,-8.53392335141,5.95667372501,F,K,1.95160511197,6.74438529484,90.703606237,2014.96637586,157.438620607,0.0
2798,2020,3032,TXAM,D1 Southeastern Conference,730227200,SFA,386736617,2020-02-18 13:00:00,6,2,2,1,1888388183,W. Johnston,L,FA,R,-0.277241008812,1.51000051607,16.207986049,-15.2792016295,6.07717476649,F,K,1.84790601392,6.65375706187,92.063346859,2029.72069422,136.743999853,0.0
2799,2020,3032,TXAM,D1 Southeastern Conference,730227200,SFA,386736617,2020-02-18 13:00:00,6,2,2,1,1888388183,W. Johnston,L,SL,R,-0.203557303004,1.25777887709,-0.696842806632,5.66716612106,5.57027707908,SS,K,1.94276740321,6.64959143574,78.0794728926,2070.03140553,276.577539108,-0.15
2800,2020,3032,TXAM,D1 Southeastern Conference,730227200,SFA,386736617,2020-02-18 13:00:00,6,0,0,2,1888388183,W. Johnston,L,FA,L,-0.281273066014,2.33905485831,17.2903454255,-7.98798339865,6.15739670592,SL,K,1.70387562481,6.7220855475,91.5878338003,1928.51818637,155.242408804,-0.15
2801,2020,3032,TXAM,D1 Southeastern Conference,730227200,SFA,386736617,2020-02-18 13:00:00,6,0,1,2,1888388183,W. Johnston,L,FA,L,0.274795383893,2.41547382086,12.8838250312,-16.4847502637,6.15846849717,SL,K,1.75400849197,6.75544282114,91.3089321788,1933.74733144,128.077089724,-0.15
2802,2020,3032,TXAM,D1 Southeastern Conference,730227200,SFA,386736617,2020-02-18 13:00:00,6,0,2,2,1888388183,W. Johnston,L,SL,L,-0.742928863209,1.42256076639,1.02835361072,2.61052815598,5.29586187283,SS,K,1.9686817242,6.83183930566,78.7180135968,2145.52610093,247.685796605,-0.15
2803,2020,3032,TXAM,D1 Southeastern Conference,730227200,SFA,386736617,2020-02-18 13:00:00,7,0,0,1,1888388183,W. Johnston,L,FA,R,-1.09028794152,2.48804216585,18.2895150001,-6.99245123299,5.97120834022,B,S,1.83079915965,6.70428000557,89.9218023205,2027.12214663,159.110906955,0.13
2804,2020,3032,TXAM,D1 Southeastern Conference,730227200,SFA,386736617,2020-02-18 13:00:00,7,1,0,1,1888388183,W. Johnston,L,FA,R,0.31985343703,2.70659670638,22.0223257679,-8.74877146128,5.70033711191,IP,S,1.81809899107,6.88851276232,90.3113098694,2038.17355278,158.362799936,1.0
2805,2020,3032,TXAM,D1 Southeastern Conference,730227200,SFA,386736617,2020-02-18 13:00:00,7,0,0,1,1888388183,W. Johnston,L,SL,R,0.989844599874,5.09688493083,1.16801969604,10.2004732869,5.41794306393,B,DP,1.88495598701,6.58691187026,75.3810868991,2004.92572789,263.204735092,0.13
2806,2020,3032,TXAM,D1 Southeastern Conference,730227200,SFA,386736617,2020-02-18 13:00:00,7,1,0,1,1888388183,W. Johnston,L,FA,R,0.97014686599,2.22065786438,18.2853535641,-14.4511883732,5.90865152681,F,DP,1.95687659706,6.85487666032,90.1677579573,1911.66958113,141.729658794,-0.15
2807,2020,3032,TXAM,D1 Southeastern Conference,730227200,SFA,386736617,2020-02-18 13:00:00,7,1,1,1,1888388183,W. Johnston,L,FA,R,-1.12097652659,1.56053910533,18.9018351918,-8.85724109713,6.05160842629,B,DP,1.82756272313,6.70864574966,90.4054393982,1921.02400468,154.930101507,0.13
2808,2020,3032,TXAM,D1 Southeastern Conference,730227200,SFA,386736617,2020-02-18 13:00:00,7,2,1,1,1888388183,W. Johnston,L,FA,R,-0.775246048498,2.46954701771,16.2806805383,-14.2131667558,5.87454931104,B,DP,1.98242951847,6.71684905872,90.4612639521,1962.49438014,138.934860574,0.13
2809,2020,3032,TXAM,D1 Southeastern Conference,730227200,SFA,386736617,2020-02-18 13:00:00,7,3,1,1,1888388183,W. Johnston,L,FA,R,0.485184065271,1.82022127991,14.0832853197,-12.9552759162,5.98033661268,IP,DP,1.94828332843,6.72356180691,90.4291484795,2002.42967036,137.453461185,-0.21
2810,2020,3032,TXAM,D1 Southeastern Conference,730227200,SFA,386736617,2020-02-18 13:00:00,8,0,0,0,1083223076,J. Nelson,R,CH,R,0.0291721377943,2.34915159101,6.78405586803,-2.59314886004,5.38120124372,SL,HBP,-1.97639198347,6.54005046656,74.7869703894,1956.17922355,159.213645511,-0.15
2811,2020,3032,TXAM,D1 Southeastern Conference,730227200,SFA,386736617,2020-02-18 13:00:00,8,0,1,0,1083223076,J. Nelson,R,FA,R,-0.110907050057,2.72022513744,18.6083550673,11.6296083872,5.57880073274,SL,HBP,-1.96207863664,6.30511890761,92.5007636636,2193.80796482,211.961081215,-0.15
2812,2020,3032,TXAM,D1 Southeastern Conference,730227200,SFA,386736617,2020-02-18 13:00:00,8,0,2,0,1083223076,J. Nelson,R,FA,R,-0.91917948914,4.2179107487,18.6695408642,11.5769620895,5.24493269731,HBP,HBP,-1.98353830018,6.34639686216,90.7035743665,2294.15247356,211.75806464,0.8
2813,2020,3032,TXAM,D1 Southeastern Conference,730227200,SFA,386736617,2020-02-18 13:00:00,8,0,0,0,1083223076,J. Nelson,R,FA,R,-0.696594449261,3.42430976813,20.3186019333,13.1472179137,5.44453038827,SL,BB,-2.10684080754,6.24742311348,91.3490876761,2230.5655119,212.86361166,-0.15
2814,2020,3032,TXAM,D1 Southeastern Conference,730227200,SFA,386736617,2020-02-18 13:00:00,8,0,1,0,1083223076,J. Nelson,R,FA,R,-1.95956055055,3.13575498321,12.5639514797,18.8808408288,5.40896393721,B,BB,-2.18371411949,6.19273104656,93.9483862641,2294.67888392,236.295178068,0.13
2815,2020,3032,TXAM,D1 Southeastern Conference,730227200,SFA,386736617,2020-02-18 13:00:00,8,1,1,0,1083223076,J. Nelson,R,FA,R,-0.775665110576,3.25338024901,16.6855824804,11.4147608721,5.55079819399,SL,BB,-2.07935962339,6.12026491042,90.3746348267,2080.64704392,214.324667939,-0.15
2816,2020,3032,TXAM,D1 Southeastern Conference,730227200,SFA,386736617,2020-02-18 13:00:00,8,1,2,0,1083223076,J. Nelson,R,SL,R,0.809833974833,3.68800008971,8.53467410892,-3.46357053942,5.50894722731,B,BB,-1.95687977797,6.50713611662,77.6667406639,1978.20322121,158.013205074,0.13
2817,2020,3032,TXAM,D1 Southeastern Conference,730227200,SFA,386736617,2020-02-18 13:00:00,8,2,2,0,1083223076,J. Nelson,R,FA,R,-0.792907342293,3.70840125092,12.9769535433,15.7211173782,5.55544438856,B,BB,-2.14487445744,6.10166837333,91.0030381881,2066.4854587,230.391894148,0.13
2818,2020,3032,TXAM,D1 Southeastern Conference,730227200,SFA,386736617,2020-02-18 13:00:00,8,3,2,0,1083223076,J. Nelson,R,FA,R,-0.0697662420543,1.5231001303,19.7542268649,11.9343365874,5.72370190939,B,BB,-1.92937958257,6.07472648756,91.1469238707,2115.69463459,211.096852266,0.8
2819,2020,3032,TXAM,D1 Southeastern Conference,730227200,SFA,386736617,2020-02-18 13:00:00,8,0,0,0,1083223076,J. Nelson,R,CH,L,-0.484412243624,1.58505785305,15.9436260644,15.6183346695,6.01424467805,SS,K,-2.02230569067,6.16550931414,79.7014581582,1432.26917142,224.336470518,-0.15
2820,2020,3032,TXAM,D1 Southeastern Conference,730227200,SFA,386736617,2020-02-18 13:00:00,8,0,1,0,1083223076,J. Nelson,R,CH,L,-1.63746791617,2.22726857223,7.84254139254,17.6359621259,3.61239909405,B,K,-2.22780705022,6.09916680879,79.4806468199,1336.23355063,245.905062428,0.13
2821,2020,3032,TXAM,D1 Southeastern Conference,730227200,SFA,386736617,2020-02-18 13:00:00,8,1,1,0,1083223076,J. Nelson,R,FA,L,-0.340973766923,2.96071163127,16.2798040047,14.2362384953,5.56210322495,SS,K,-2.26936518132,6.12833608526,90.9163092303,2152.42808173,221.112902696,-0.15
2822,2020,3032,TXAM,D1 Southeastern Conference,730227200,SFA,386736617,2020-02-18 13:00:00,8,1,2,0,1083223076,J. Nelson,R,CH,L,-0.381370333573,1.17705759081,12.2984605834,12.4059109987,6.23515154647,B,K,-1.99886447538,6.15717220368,78.8594662867,1225.45570775,225.153506521,0.13
2823,2020,3032,TXAM,D1 Southeastern Conference,730227200,SFA,386736617,2020-02-18 13:00:00,8,2,2,0,1083223076,J. Nelson,R,FA,L,0.579372464955,2.10414633721,18.1813905938,15.2501436944,5.7157429097,F,K,-2.02304957769,6.06823667165,91.1365420417,2032.29071063,219.939391037,0.0
2824,2020,3032,TXAM,D1 Southeastern Conference,730227200,SFA,386736617,2020-02-18 13:00:00,8,2,2,0,1083223076,J. Nelson,R,CH,L,-0.327395523085,2.22564417867,9.56458789137,10.0430466487,6.17486326884,SS,K,-2.07421803651,6.11252001008,78.8882645313,1362.50325711,226.273726864,-0.15
2825,2020,3032,TXAM,D1 Southeastern Conference,730227200,SFA,386736617,2020-02-18 13:00:00,8,0,0,1,1083223076,J. Nelson,R,FA,R,0.58760283428,2.54860276823,17.2914082382,13.8851050632,5.59980114312,F,K,-2.11133244968,6.10250210725,91.1046012694,2144.03723744,218.713106902,-0.15
2826,2020,3032,TXAM,D1 Southeastern Conference,730227200,SFA,386736617,2020-02-18 13:00:00,8,0,1,1,1083223076,J. Nelson,R,CH,R,1.24072465564,2.10284007273,4.43012373628,-1.09670688358,5.69635555565,SS,K,-2.07418801669,6.25846395198,77.4705948692,1949.86287576,166.226337213,-0.15
2827,2020,3032,TXAM,D1 Southeastern Conference,730227200,SFA,386736617,2020-02-18 13:00:00,8,0,2,1,1083223076,J. Nelson,R,FA,R,1.3007993333,2.36459433006,17.0064867904,12.898252545,5.64904686851,SL,K,-2.00742968318,6.13436708024,92.0200492395,2191.12815203,217.126738761,-0.15
2828,2020,3032,TXAM,D1 Southeastern Conference,730227200,SFA,386736617,2020-02-18 13:00:00,8,0,0,2,1083223076,J. Nelson,R,SL,R,0.921845979255,2.26427133033,6.02564530103,-1.19831125661,5.64327992655,SL,K,-1.8702992567,6.39621773732,76.9196482078,2002.66138224,168.832606975,-0.15
2829,2020,3032,TXAM,D1 Southeastern Conference,730227200,SFA,386736617,2020-02-18 13:00:00,8,0,1,2,1083223076,J. Nelson,R,FA,R,-0.741713539052,3.55527705041,17.1547101925,15.4099745035,5.41821868137,F,K,-2.07258970117,6.22608825472,93.2613789307,2057.81282361,221.881953538,-0.15
2830,2020,3032,TXAM,D1 Southeastern Conference,730227200,SFA,386736617,2020-02-18 13:00:00,8,0,2,2,1083223076,J. Nelson,R,FA,R,0.640598557001,3.72358594392,17.3947324495,13.2466362676,5.6214692589,SS,K,-1.8674624969,6.12734475457,93.6688228156,2232.45423906,217.242276594,-0.15
2831,2020,3032,TXAM,D1 Southeastern Conference,730227200,SFA,386736617,2020-02-18 13:00:00,9,0,0,0,1446737646,M. Ornelas,R,FA,L,-1.03374074385,2.35726934359,18.2519768406,15.0439798425,5.68212384511,SL,K,-1.43527703029,6.1040093986,86.9511330325,2080.82561182,219.442110614,-0.15
2832,2020,3032,TXAM,D1 Southeastern Conference,730227200,SFA,386736617,2020-02-18 13:00:00,9,0,1,0,1446737646,M. Ornelas,R,CH,L,0.779166786868,-0.0369778993994,8.23371256132,16.9585126691,6.2763546431,B,K,-1.35015653322,5.79613445337,76.1350613103,1662.87109301,243.979118711,0.13
2833,2020,3032,TXAM,D1 Southeastern Conference,730227200,SFA,386736617,2020-02-18 13:00:00,9,1,1,0,1446737646,M. Ornelas,R,CH,L,-0.450533036363,1.33668168003,17.7315502694,11.0280396355,6.11849762444,SS,K,-1.46425282753,5.85954823454,76.4719458014,1657.29924449,211.814884063,-0.15
2834,2020,3032,TXAM,D1 Southeastern Conference,730227200,SFA,386736617,2020-02-18 13:00:00,9,1,2,0,1446737646,M. Ornelas,R,CH,L,-0.380104290393,1.76674594118,11.9841110705,10.3274801953,6.24069085477,SS,K,-1.58922040434,5.80260044275,77.5365309447,1566.0148701,220.65184526,-0.15
2835,2020,3032,TXAM,D1 Southeastern Conference,730227200,SFA,386736617,2020-02-18 13:00:00,9,0,0,1,1446737646,M. Ornelas,R,SL,R,-0.273668863531,3.27747525394,-7.7793165432,-14.7360768646,5.41258386957,SL,IP_OUT,-1.70565324014,5.81012224079,68.6866833039,2249.98907931,62.3431692801,-0.15
2836,2020,3032,TXAM,D1 Southeastern Conference,730227200,SFA,386736617,2020-02-18 13:00:00,9,0,0,2,1446737646,M. Ornelas,R,SL,R,-0.397958072155,1.46561959336,-4.33966885816,-13.9174646268,5.55363152346,B,K,-1.76879435435,5.76762591025,70.7206376742,2275.60728542,72.883984868,0.13
2837,2020,3032,TXAM,D1 Southeastern Conference,730227200,SFA,386736617,2020-02-18 13:00:00,9,1,0,2,1446737646,M. Ornelas,R,CH,R,-1.29030044741,1.5653984883,14.1008965792,14.941806916,6.08112857369,SS,K,-1.62005627231,5.84119336414,76.4985756778,1683.73214591,226.567746837,-0.15
2838,2020,3032,TXAM,D1 Southeastern Conference,730227200,SFA,386736617,2020-02-18 13:00:00,9,1,1,2,1446737646,M. Ornelas,R,CH,R,-1.61758407685,1.1625999142,15.4308937532,16.3080522294,6.24407252213,B,K,-1.4134701186,5.8068150315,77.0953836396,1702.51362318,226.501936656,0.13
2839,2020,3032,TXAM,D1 Southeastern Conference,730227200,SFA,386736617,2020-02-18 13:00:00,9,2,1,2,1446737646,M. Ornelas,R,CH,R,-0.620172729924,2.2899831755,13.2235858032,12.3656337636,6.22559583035,SS,K,-1.57190720668,5.82650492639,76.6333104091,1744.28367951,222.983938005,-0.15
2840,2020,3032,TXAM,D1 Southeastern Conference,730227200,SFA,386736617,2020-02-18 13:00:00,9,2,2,2,1446737646,M. Ornelas,R,FA,R,0.102646586711,2.67638523829,17.0564491763,14.4658303832,5.80603540406,F,K,-1.28923353473,6.00223753513,87.6878837003,2051.27942318,220.244750437,0.0
2841,2020,3032,TXAM,D1 Southeastern Conference,730227200,SFA,386736617,2020-02-18 13:00:00,9,2,2,2,1446737646,M. Ornelas,R,FA,R,0.0174366691748,3.97473474711,18.6475993165,15.2612334338,5.59136957872,SS,K,-1.37252881946,6.06739729466,87.9370054908,2073.90251018,219.244512956,-0.15
2842,2020,3032,TXAM,D1 Southeastern Conference,4764,AMCC,298017958,2020-03-03 13:00:00,1,0,0,1,1175199295,J. Childress,L,FA,L,0.945216261265,3.19603531219,18.3312767612,-6.36433789144,6.04249069859,IP,S,1.74873240094,6.79200233334,89.9038928023,2448.29961148,160.884793215,1.0
2843,2020,3032,TXAM,D1 Southeastern Conference,4764,AMCC,298017958,2020-03-03 13:00:00,1,0,0,1,1175199295,J. Childress,L,FA,R,1.30830217688,3.78958868241,20.5228698984,-7.19571041242,6.13317601069,B,IP_OUT,1.82766472709,6.74634883389,88.567047689,2452.59405275,160.70731634,0.13
2844,2020,3032,TXAM,D1 Southeastern Conference,4764,AMCC,298017958,2020-03-03 13:00:00,1,1,0,1,1175199295,J. Childress,L,CH,R,0.827562247777,1.17668183526,9.48770052387,-8.39270236867,6.16559538939,B,IP_OUT,1.78199907712,6.57665671055,83.5776960883,1411.92342048,138.614556104,0.13
2845,2020,3032,TXAM,D1 Southeastern Conference,4764,AMCC,298017958,2020-03-03 13:00:00,1,2,0,1,1175199295,J. Childress,L,FA,R,0.095858121035,2.79901507812,17.6691129948,-4.60496007322,6.27450174281,F,IP_OUT,1.68461492585,6.67544759213,89.0308717942,2405.57901755,165.417984589,-0.15
2846,2020,3032,TXAM,D1 Southeastern Conference,4764,AMCC,298017958,2020-03-03 13:00:00,1,0,0,2,1175199295,J. Childress,L,FA,L,0.893606052721,3.67969540291,20.400522832,-6.08838086832,6.14681665506,SL,K,1.72498512774,6.75737137548,88.1465977803,2404.13134025,163.408404085,-0.15
2847,2020,3032,TXAM,D1 Southeastern Conference,4764,AMCC,298017958,2020-03-03 13:00:00,1,0,1,2,1175199295,J. Childress,L,SL,L,-0.0984510425153,3.01433873312,-3.65353966201,5.7653108411,5.79964050897,SL,K,2.30553031568,6.20893949359,80.1846768144,2343.60208809,302.079186517,-0.15
2848,2020,3032,TXAM,D1 Southeastern Conference,4764,AMCC,298017958,2020-03-03 13:00:00,1,0,2,2,1175199295,J. Childress,L,SL,L,-0.335271501597,3.70640992954,-3.59408242555,4.51543825163,5.71339958097,SL,K,2.06266938708,6.30632832019,81.587621482,2398.87705177,308.213808528,-0.15
2849,2020,3032,TXAM,D1 Southeastern Conference,4764,AMCC,298017958,2020-03-03 13:00:00,2,0,0,0,1175199295,J. Childress,L,FA,R,1.37101431353,3.11620153541,19.9552667468,-7.60657739857,6.03553865516,F,HR,1.43230491509,6.85931476964,87.4477201066,2389.56080935,159.166736387,-0.15
2850,2020,3032,TXAM,D1 Southeastern Conference,4764,AMCC,298017958,2020-03-03 13:00:00,2,0,1,0,1175199295,J. Childress,L,SL,R,0.318619226829,2.93010842643,-3.64380763659,3.5897285879,5.47619004346,SL,HR,1.55975527423,6.84491431283,77.5224609558,2219.86472659,315.083968512,-0.15
2851,2020,3032,TXAM,D1 Southeastern Conference,4764,AMCC,298017958,2020-03-03 13:00:00,2,0,2,0,1175199295,J. Childress,L,SL,R,0.675822916016,1.94787772472,-5.57443595056,4.72367100183,5.57602754027,F,HR,1.36251153,6.96746370205,79.1436998539,2217.3664417,319.508437393,0.0
2852,2020,3032,TXAM,D1 Southeastern Conference,4764,AMCC,298017958,2020-03-03 13:00:00,2,0,2,0,1175199295,J. Childress,L,SL,R,0.593562534211,2.01514166722,-4.63647694741,7.02757031345,5.51051219154,IP,HR,2.19173902982,6.36664157524,80.6559944596,2283.0382305,303.181594661,1.76
2853,2020,3032,TXAM,D1 Southeastern Conference,4764,AMCC,298017958,2020-03-03 13:00:00,2,0,0,0,1175199295,J. Childress,L,FA,R,1.24650099948,3.33849034994,17.5158338927,-9.85280694964,6.13645329114,B,BB,1.46414873614,6.86259536419,89.4516647275,2497.28619509,150.687705447,0.13
2854,2020,3032,TXAM,D1 Southeastern Conference,4764,AMCC,298017958,2020-03-03 13:00:00,2,1,0,0,1175199295,J. Childress,L,CH,R,1.61467645864,1.68876907196,5.23097026626,-1.06649666643,5.99100088916,B,BB,1.63888445425,6.72163204995,83.3998528138,1465.74730675,168.557059569,0.13
2855,2020,3032,TXAM,D1 Southeastern Conference,4764,AMCC,298017958,2020-03-03 13:00:00,2,2,0,0,1175199295,J. Childress,L,FA,R,0.601602057409,3.77002233213,20.5605289293,-9.32232908049,6.35967859548,B,BB,1.43490053694,6.82205639743,89.1428118677,2535.89866143,155.644171647,0.13
2856,2020,3032,TXAM,D1 Southeastern Conference,4764,AMCC,298017958,2020-03-03 13:00:00,2,3,0,0,1175199295,J. Childress,L,FA,R,0.235856724979,2.30267149629,22.2112557156,-7.3833966399,6.2215824721,SL,BB,1.59634355256,6.71445200663,88.6031222874,2499.77484702,161.638030071,-0.15
2857,2020,3032,TXAM,D1 Southeastern Conference,4764,AMCC,298017958,2020-03-03 13:00:00,2,3,1,0,1175199295,J. Childress,L,FA,R,-0.698673646514,2.40780857517,20.4301555903,-8.4420382556,6.56593832932,SL,BB,1.44070464312,6.68895754218,88.2501834582,2455.54402705,157.581564519,-0.15
2858,2020,3032,TXAM,D1 Southeastern Conference,4764,AMCC,298017958,2020-03-03 13:00:00,2,3,2,0,1175199295,J. Childress,L,FA,R,1.0206691087,4.34474967728,21.3393007552,-8.18831737214,6.26243684223,B,BB,1.40619062825,6.79051849231,89.6018170018,2399.88846044,159.036364271,0.8
2859,2020,3032,TXAM,D1 Southeastern Conference,4764,AMCC,298017958,2020-03-03 13:00:00,2,0,0,0,1175199295,J. Childress,L,FA,R,0.140739246347,2.19861469322,18.0160906974,-10.8668118199,6.32578739563,SL,IP_OUT,1.63957940398,6.81363329519,87.6914618386,2492.50574427,148.950398745,-0.15
2860,2020,3032,TXAM,D1 Southeastern Conference,4764,AMCC,298017958,2020-03-03 13:00:00,2,0,0,1,1175199295,J. Childress,L,FA,R,-0.906732975979,2.74607892105,20.2647044845,-5.48182551863,6.36867731697,B,S,1.74788465906,6.6833501156,87.063664611,2383.05670954,164.887500361,0.13
2861,2020,3032,TXAM,D1 Southeastern Conference,4764,AMCC,298017958,2020-03-03 13:00:00,2,1,0,1,1175199295,J. Childress,L,CH,R,0.432386807777,1.37848930016,13.0429528095,-6.59608788587,6.20931814325,B,S,1.65180388307,6.66158163032,82.6295132188,1540.33391106,153.240201852,0.13
2862,2020,3032,TXAM,D1 Southeastern Conference,4764,AMCC,298017958,2020-03-03 13:00:00,2,2,0,1,1175199295,J. Childress,L,FA,R,0.233301668791,2.51038146721,16.1657137295,-10.4049005528,6.37181496709,IP,S,1.97158473773,6.59948829519,87.8787651654,2419.48181473,147.287280542,1.0
2863,2020,3032,TXAM,D1 Southeastern Conference,4764,AMCC,298017958,2020-03-03 13:00:00,2,0,0,1,1175199295,J. Childress,L,FA,R,0.644946247662,2.00847053491,18.1321849027,-11.697305054,6.39357967329,F,IP_OUT,1.57273625292,6.63559172078,87.4363407856,2411.01653622,147.222366018,-0.15
2864,2020,3032,TXAM,D1 Southeastern Conference,4764,AMCC,298017958,2020-03-03 13:00:00,2,0,0,2,1175199295,J. Childress,L,SL,R,-1.73860514545,-1.12908570612,-5.16238241633,3.38164517188,5.85017553313,B,ROE,1.81554993144,6.68289993747,76.9224248418,2270.38761882,326.544822859,0.13
2865,2020,3032,TXAM,D1 Southeastern Conference,4764,AMCC,298017958,2020-03-03 13:00:00,2,1,0,2,1175199295,J. Childress,L,SL,R,1.29170979927,3.70143034103,-2.13901813165,7.28608892911,5.55172395986,B,ROE,1.539008328,6.81084413375,76.4156473116,2195.99887814,286.032007415,0.13
2866,2020,3032,TXAM,D1 Southeastern Conference,4764,AMCC,298017958,2020-03-03 13:00:00,2,2,0,2,1175199295,J. Childress,L,FA,R,0.103398883467,2.78876070095,17.1417364123,-6.04270286775,6.64564737596,F,ROE,1.75304733725,6.64009475728,86.7129109784,2394.39674709,160.61730796,-0.15
2867,2020,3032,TXAM,D1 Southeastern Conference,4764,AMCC,298017958,2020-03-03 13:00:00,2,2,1,2,1175199295,J. Childress,L,FA,R,0.390701146208,2.99865403198,18.6395408779,-9.08144730035,6.33117306381,IP,ROE,1.71326384852,6.75436598127,87.5501551694,2517.29707213,154.06478531,0.0
2868,2020,3032,TXAM,D1 Southeastern Conference,4764,AMCC,298017958,2020-03-03 13:00:00,2,0,0,2,1175199295,J. Childress,L,SL,L,-0.635176127909,2.50352676932,4.45036326166,9.15311147522,6.0533265142,SL,S,2.21253387836,6.30251704004,79.1123372759,2307.59303759,243.860800526,-0.15
2869,2020,3032,TXAM,D1 Southeastern Conference,4764,AMCC,298017958,2020-03-03 13:00:00,2,0,1,2,1175199295,J. Childress,L,FA,L,0.957241474522,3.01094199811,21.2868898283,-8.17859776522,6.18856270396,IP,S,1.88051969897,6.68435476317,88.7893273332,2502.19824198,159.012511173,1.0
2870,2020,3032,TXAM,D1 Southeastern Conference,4764,AMCC,298017958,2020-03-03 13:00:00,3,0,0,0,1691230864,D. Saenz,L,FA,R,0.797511207994,4.09540674784,15.6003202109,-13.5893258408,6.0329673244,B,BB,2.09997543253,5.52538871113,91.1405685926,2264.43472379,138.998080313,0.13
2871,2020,3032,TXAM,D1 Southeastern Conference,4764,AMCC,298017958,2020-03-03 13:00:00,3,1,0,0,1691230864,D. Saenz,L,FA,R,0.126635371865,2.39254031877,15.0877066526,-13.4496303407,5.95154170728,F,BB,2.02538699666,5.32718753123,90.7504737915,2259.77285644,138.345060009,-0.15
2872,2020,3032,TXAM,D1 Southeastern Conference,4764,AMCC,298017958,2020-03-03 13:00:00,3,1,1,0,1691230864,D. Saenz,L,FA,R,0.480716049623,4.27033995952,15.4255319563,-10.1852281266,6.01467494997,B,BB,2.0172508983,5.40262665572,89.9435948712,2184.89108399,146.619090558,0.13
2873,2020,3032,TXAM,D1 Southeastern Conference,4764,AMCC,298017958,2020-03-03 13:00:00,3,2,1,0,1691230864,D. Saenz,L,FA,R,0.459777651001,3.89774285466,16.6804831551,-10.8539827037,6.26972080092,B,BB,2.04786106064,5.45367505509,89.9633222438,2274.60916438,146.998413999,0.13
2874,2020,3032,TXAM,D1 Southeastern Conference,4764,AMCC,298017958,2020-03-03 13:00:00,3,3,1,0,1691230864,D. Saenz,L,FA,R,1.54022106008,3.07991776552,15.5682629204,-12.0907787684,6.12903680345,B,BB,2.14084874911,5.31033730424,90.3733889736,2242.46796551,142.222927794,0.8
2875,2020,3032,TXAM,D1 Southeastern Conference,4764,AMCC,298017958,2020-03-03 13:00:00,3,0,0,0,1691230864,D. Saenz,L,FA,L,0.264434865548,3.02098055847,17.8725110737,-6.3356034587,6.12504762789,IP,S,2.15789778513,5.49650483589,89.9274548004,2166.79154295,160.513845458,1.0
2876,2020,3032,TXAM,D1 Southeastern Conference,4764,AMCC,298017958,2020-03-03 13:00:00,3,0,0,0,1691230864,D. Saenz,L,FA,R,0.496400974164,2.51284665884,17.1935851376,-9.99398377727,6.25335930304,SL,IP_OUT,2.33154337509,5.42459447499,89.7518295157,2292.135295,149.878810637,-0.15
2877,2020,3032,TXAM,D1 Southeastern Conference,4764,AMCC,298017958,2020-03-03 13:00:00,3,0,0,1,1691230864,D. Saenz,L,SL,R,0.902738620026,2.54274765448,1.41566213229,3.01353480389,5.69209868254,IP,S,2.35097867094,5.51735200544,79.1886317683,2406.06492233,244.184927099,1.0
2878,2020,3032,TXAM,D1 Southeastern Conference,4764,AMCC,298017958,2020-03-03 13:00:00,3,0,0,1,1691230864,D. Saenz,L,SL,R,1.4065477758,3.75010427056,3.59416137608,11.405489534,5.52502134806,B,S,2.34258531356,5.4598384483,77.3837366054,2341.04645867,252.304750839,0.13
2879,2020,3032,TXAM,D1 Southeastern Conference,4764,AMCC,298017958,2020-03-03 13:00:00,3,1,0,2,1691230864,D. Saenz,L,SL,R,0.0232312298087,1.41381414638,1.78103566152,7.47214723853,5.54261238535,IP,S,2.35075282421,5.41811287954,79.6539886354,2410.20314106,256.289294637,1.0
2880,2020,3032,TXAM,D1 Southeastern Conference,4764,AMCC,298017958,2020-03-03 13:00:00,4,0,0,0,1691230864,D. Saenz,L,SL,R,0.292749457256,2.84578698474,2.85538404677,4.45733664645,5.56088148547,F,IP_OUT,2.06998590629,5.44965868176,81.7141929432,2498.13526075,236.994028651,-0.15
2881,2020,3032,TXAM,D1 Southeastern Conference,4764,AMCC,298017958,2020-03-03 13:00:00,4,0,1,0,1691230864,D. Saenz,L,FA,R,0.32220291764,3.59447149648,15.9891806282,-8.24054225303,6.13109291202,SS,IP_OUT,1.99276805901,5.58924744232,92.1765063327,2278.87466847,152.778574032,-0.15
2882,2020,3032,TXAM,D1 Southeastern Conference,4764,AMCC,298017958,2020-03-03 13:00:00,4,0,2,0,1691230864,D. Saenz,L,SL,R,0.198751641575,1.14651110902,5.09315700753,5.54103743343,5.6517229883,B,IP_OUT,1.99228939975,5.55193798875,83.1856723677,2537.31455029,227.1991515,0.13
2883,2020,3032,TXAM,D1 Southeastern Conference,4764,AMCC,298017958,2020-03-03 13:00:00,4,0,0,1,1691230864,D. Saenz,L,FA,R,1.77187767644,3.34434018297,15.1434818759,-13.3965598483,6.03522921833,B,IP_OUT,2.04967907474,5.49077940916,91.3286719024,2239.10625464,138.561318782,0.13
2884,2020,3032,TXAM,D1 Southeastern Conference,4764,AMCC,298017958,2020-03-03 13:00:00,4,1,0,1,1691230864,D. Saenz,L,FA,R,0.771257694486,3.3939784358,20.7554091374,-5.51111991095,6.01302465106,SS,IP_OUT,1.90483654766,5.54775667354,90.9810346202,2205.57274329,165.151007323,-0.15
2885,2020,3032,TXAM,D1 Southeastern Conference,4764,AMCC,298017958,2020-03-03 13:00:00,4,0,0,2,1691230864,D. Saenz,L,SL,R,-0.822707941455,2.54070899477,5.61100323439,7.20560446022,5.74593077979,SL,S,1.97177594541,5.47255629419,82.7255190524,2450.51464747,231.902325349,-0.15
2886,2020,3032,TXAM,D1 Southeastern Conference,4764,AMCC,298017958,2020-03-03 13:00:00,4,0,1,2,1691230864,D. Saenz,L,FA,R,0.190810257362,2.58330676826,15.270842881,-11.3291150788,6.20534699947,IP,S,1.69274782262,5.58290316114,92.1895820661,2277.25870552,143.483581757,1.0
2887,2020,3032,TXAM,D1 Southeastern Conference,4764,AMCC,298017958,2020-03-03 13:00:00,4,0,0,2,1691230864,D. Saenz,L,SL,L,-0.53265910151,0.877867506925,4.4533550905,4.8061395238,5.65998498446,B,BB,2.36379999498,5.52908810888,80.6713713147,2475.11998961,226.920969785,0.13
2888,2020,3032,TXAM,D1 Southeastern Conference,4764,AMCC,298017958,2020-03-03 13:00:00,4,1,0,2,1691230864,D. Saenz,L,SL,L,-1.01682530623,0.721272368832,5.51325418025,8.31724909497,5.57587128711,B,BB,1.96929817598,5.57188065357,80.0966272391,2439.6677306,236.263758129,0.13
2889,2020,3032,TXAM,D1 Southeastern Conference,4764,AMCC,298017958,2020-03-03 13:00:00,4,2,0,2,1691230864,D. Saenz,L,FA,L,-0.408487770781,3.09454696543,21.7745720008,-3.60796656095,6.19145762591,SL,BB,2.13736755674,5.60230376202,91.5006748012,2212.83365606,170.604949323,-0.15
2890,2020,3032,TXAM,D1 Southeastern Conference,4764,AMCC,298017958,2020-03-03 13:00:00,4,2,1,2,1691230864,D. Saenz,L,FA,L,-0.180127705197,1.76629534718,15.1138333499,-12.6937008817,6.12482946067,B,BB,2.0346736789,5.57678522441,91.3882643407,2239.93409948,140.032034704,0.13
2891,2020,3032,TXAM,D1 Southeastern Conference,4764,AMCC,298017958,2020-03-03 13:00:00,4,3,1,2,1691230864,D. Saenz,L,FA,L,-0.682819476202,1.63912451918,14.4091467191,-10.8635123574,6.34044860814,B,BB,1.96873471026,5.62129417034,90.4449265982,2279.40647604,143.046389628,0.8
2892,2020,3032,TXAM,D1 Southeastern Conference,4764,AMCC,298017958,2020-03-03 13:00:00,4,0,0,2,1691230864,D. Saenz,L,SL,R,-1.27702449671,1.08478117442,5.39189279569,4.04102978763,5.67676437361,B,K,2.13194497314,5.43791111267,82.1613820149,2423.4334313,216.652822487,0.13
2893,2020,3032,TXAM,D1 Southeastern Conference,4764,AMCC,298017958,2020-03-03 13:00:00,4,1,0,2,1691230864,D. Saenz,L,SL,R,-0.151448937778,1.84234449072,4.65918419809,8.75115209616,5.6151608898,SS,K,2.11620209518,5.57923143396,80.3670413638,2427.1138778,241.762246068,-0.15
2894,2020,3032,TXAM,D1 Southeastern Conference,4764,AMCC,298017958,2020-03-03 13:00:00,4,1,1,2,1691230864,D. Saenz,L,FA,R,0.0722910094419,2.6940699018,15.4198948625,-11.9356326482,6.1959861704,SL,K,1.90843728863,5.56959168389,91.4479284292,2295.41942533,142.314187332,-0.15
2895,2020,3032,TXAM,D1 Southeastern Conference,4764,AMCC,298017958,2020-03-03 13:00:00,4,1,2,2,1691230864,D. Saenz,L,FA,R,-0.0635721730418,2.81508355643,17.214465993,-13.2730045791,6.01113320587,F,K,1.81241982647,5.71233412997,91.1761338803,2234.73876952,142.416810893,0.0
2896,2020,3032,TXAM,D1 Southeastern Conference,4764,AMCC,298017958,2020-03-03 13:00:00,4,1,2,2,1691230864,D. Saenz,L,FA,R,-0.851587750873,2.84027142485,18.3856714405,-11.3163266047,6.05586906178,SL,K,1.77820918605,5.70099143084,91.5237226319,2274.39226753,148.430887066,-0.15
2897,2020,3032,TXAM,D1 Southeastern Conference,4764,AMCC,298017958,2020-03-03 13:00:00,5,0,0,0,1691230864,D. Saenz,L,FA,L,-0.454212099255,2.27654135856,17.0836686212,-10.8240125828,5.91419990478,SL,IP_OUT,1.97994144139,5.56195039387,90.6473350971,2195.496357,147.690387204,-0.15
2898,2020,3032,TXAM,D1 Southeastern Conference,4764,AMCC,298017958,2020-03-03 13:00:00,5,0,1,0,1691230864,D. Saenz,L,SL,L,-0.428247469866,2.31264737523,0.401521280685,7.56900103857,5.55618900298,F,IP_OUT,1.97025725599,5.57272029617,81.4200381589,2434.91363917,266.665055706,-0.15
2899,2020,3032,TXAM,D1 Southeastern Conference,4764,AMCC,298017958,2020-03-03 13:00:00,5,0,2,0,1691230864,D. Saenz,L,SL,L,0.185401215896,2.95479833426,-1.98951824957,5.3290053068,5.77259501699,F,IP_OUT,1.94686138113,5.59820401904,81.7881750873,2494.147057,290.099869812,0.0
2900,2020,3032,TXAM,D1 Southeastern Conference,4764,AMCC,298017958,2020-03-03 13:00:00,5,0,2,0,1691230864,D. Saenz,L,FA,L,-0.165496787276,3.61825879788,16.3174797168,-8.62248587971,6.10211360073,F,IP_OUT,1.6636169067,5.63296783375,91.0227746058,2161.48632706,152.192570939,0.0
2901,2020,3032,TXAM,D1 Southeastern Conference,4764,AMCC,298017958,2020-03-03 13:00:00,5,0,0,1,1691230864,D. Saenz,L,CH,R,1.98353911152,4.02208845632,5.64306261158,-9.20755013623,6.37520336912,B,IP_OUT,2.10827063886,5.37359786543,80.4510642468,1732.44642849,121.679799396,0.13
2902,2020,3032,TXAM,D1 Southeastern Conference,4764,AMCC,298017958,2020-03-03 13:00:00,5,0,0,2,1691230864,D. Saenz,L,CH,R,1.33717502817,1.43490126755,6.70550288756,-10.5302487961,6.41562446701,B,K,2.11418721011,5.26857145893,81.3989012348,1693.65687568,122.635961981,0.13
2903,2020,3032,TXAM,D1 Southeastern Conference,4764,AMCC,298017958,2020-03-03 13:00:00,5,1,0,2,1691230864,D. Saenz,L,FA,R,0.822748854094,4.11640533518,16.1895825885,-11.695076324,6.00820557972,B,K,1.96145412368,5.50056914788,91.3607434317,2181.01673252,144.208654018,0.13
2904,2020,3032,TXAM,D1 Southeastern Conference,4764,AMCC,298017958,2020-03-03 13:00:00,5,2,0,2,1691230864,D. Saenz,L,FA,R,0.188274577266,3.24585984596,16.8343673627,-9.35050693648,6.19308531209,F,K,1.97612920367,5.4270865342,89.3176044895,2191.4565735,150.99694853,-0.15
2905,2020,3032,TXAM,D1 Southeastern Conference,4764,AMCC,298017958,2020-03-03 13:00:00,5,2,1,2,1691230864,D. Saenz,L,FA,R,-0.590512164471,2.89819421721,16.8800576696,-9.0793996136,6.23349423683,B,K,1.96762209973,5.52601860391,90.6405970234,2239.67416227,151.769770537,0.13
2906,2020,3032,TXAM,D1 Southeastern Conference,4764,AMCC,298017958,2020-03-03 13:00:00,5,3,1,2,1691230864,D. Saenz,L,FA,R,-0.794590913826,2.32218210752,17.5285179562,-9.14048448971,6.27573826124,SL,K,1.91922815824,5.54925630344,89.432753594,2226.51194096,152.503125304,-0.15
2907,2020,3032,TXAM,D1 Southeastern Conference,4764,AMCC,298017958,2020-03-03 13:00:00,5,3,2,2,1691230864,D. Saenz,L,FA,R,0.839549847112,2.1404532028,17.7144459127,-8.92047759692,5.96974858241,SL,K,1.89715983839,5.43099177284,89.3883693838,2132.47513518,153.314261455,-0.15
2908,2020,3032,TXAM,D1 Southeastern Conference,4764,AMCC,298017958,2020-03-03 13:00:00,6,0,0,0,1691230864,D. Saenz,L,FA,R,0.940114876465,3.85129666835,18.0625758789,-6.59997592939,5.94643216411,B,K,1.8508067734,5.51743210778,90.2761182349,2205.46988716,159.960657138,0.13
2909,2020,3032,TXAM,D1 Southeastern Conference,4764,AMCC,298017958,2020-03-03 13:00:00,6,1,0,0,1691230864,D. Saenz,L,FA,R,1.01859493488,2.40407232972,17.4421502787,-9.41866853235,6.1743090785,SL,K,1.95103868173,5.49480197166,89.0456437043,2202.3985238,151.675833228,-0.15
2910,2020,3032,TXAM,D1 Southeastern Conference,4764,AMCC,298017958,2020-03-03 13:00:00,6,1,1,0,1691230864,D. Saenz,L,FA,R,0.608158125707,2.50290974584,18.1392251735,-14.1583842073,6.18046924177,F,K,1.90990729007,5.48164320637,90.7022163916,2236.70650502,142.075029338,-0.15
2911,2020,3032,TXAM,D1 Southeastern Conference,4764,AMCC,298017958,2020-03-03 13:00:00,6,1,2,0,1691230864,D. Saenz,L,FA,R,-0.402785262414,1.78699951011,18.1976961737,-10.5546857503,6.27477149398,SL,K,1.84348241616,5.60389255172,91.1263135491,2139.73384796,149.928692943,-0.15
2912,2020,3032,TXAM,D1 Southeastern Conference,4764,AMCC,298017958,2020-03-03 13:00:00,6,0,0,1,1691230864,D. Saenz,L,CH,R,1.47606789389,3.227106168,8.1106589198,-10.0065516421,6.51529051724,B,S,2.14192959222,5.3149394461,80.8728010996,1755.81454436,129.160223043,0.13
2913,2020,3032,TXAM,D1 Southeastern Conference,4764,AMCC,298017958,2020-03-03 13:00:00,6,1,0,1,1691230864,D. Saenz,L,FA,R,0.828589774857,2.45963581831,18.0719424504,-12.58507436,6.08610258155,F,S,1.86939902011,5.5158980985,89.6842224402,2194.26110064,145.19519816,-0.15
2914,2020,3032,TXAM,D1 Southeastern Conference,4764,AMCC,298017958,2020-03-03 13:00:00,6,1,1,1,1691230864,D. Saenz,L,FA,R,-1.21017825469,1.98533958696,18.5814230853,-11.2278324003,6.15270347112,B,S,1.57951331448,5.71620725027,90.6794572518,2226.11716064,148.900711986,0.13
2915,2020,3032,TXAM,D1 Southeastern Conference,4764,AMCC,298017958,2020-03-03 13:00:00,6,2,1,1,1691230864,D. Saenz,L,FA,R,0.167984641132,1.83040571257,17.916187942,-10.3744431937,6.1093375249,IP,S,1.8724009565,5.55062703689,90.4869985454,2219.76143699,149.970860889,1.0
2916,2020,3032,TXAM,D1 Southeastern Conference,4764,AMCC,298017958,2020-03-03 13:00:00,6,0,0,1,1691230864,D. Saenz,L,FA,R,0.319835024996,2.09318295628,18.5594160844,-9.23227104024,6.38837918124,SL,DP,2.01375138226,5.6861514379,88.8863068321,2202.26219876,153.592321363,-0.15
2917,2020,3032,TXAM,D1 Southeastern Conference,4764,AMCC,298017958,2020-03-03 13:00:00,6,0,1,1,1691230864,D. Saenz,L,SL,R,-0.470898623318,1.08393201634,3.19263346935,11.2789116957,5.64117384757,B,DP,2.0872316762,5.4806497276,79.3373243066,2395.36504059,253.997709276,0.13
2918,2020,3032,TXAM,D1 Southeastern Conference,4764,AMCC,298017958,2020-03-03 13:00:00,6,1,1,1,1691230864,D. Saenz,L,SL,R,-0.204446584402,1.32294721596,2.49837118313,7.73530715621,5.74655987284,IP,DP,2.03627629885,5.51764833283,81.1494129762,2405.30522656,251.829255029,-0.21
2919,2020,3032,TXAM,D1 Southeastern Conference,4764,AMCC,298017958,2020-03-03 13:00:00,7,0,0,0,1691230864,D. Saenz,L,SL,R,0.871751475744,1.93484680086,-2.6072911632,8.74190358428,5.40122816595,SL,K,2.00063920523,5.42580830418,80.2591207355,2446.44716071,286.359872146,-0.15
2920,2020,3032,TXAM,D1 Southeastern Conference,4764,AMCC,298017958,2020-03-03 13:00:00,7,0,1,0,1691230864,D. Saenz,L,FA,R,-0.629406285688,2.75124167864,17.7109539902,-9.56262942588,5.97432175197,F,K,1.75429803235,5.66496528969,90.718404509,2242.6605495,151.677561294,-0.15
2921,2020,3032,TXAM,D1 Southeastern Conference,4764,AMCC,298017958,2020-03-03 13:00:00,7,0,2,0,1691230864,D. Saenz,L,SL,R,0.260000352584,1.47141931422,-3.28824641629,10.5497519614,5.61203381901,SS,K,1.88226521386,5.56354056886,80.2891373663,2536.11679015,287.106890712,-0.15
2922,2020,3032,TXAM,D1 Southeastern Conference,4764,AMCC,298017958,2020-03-03 13:00:00,7,0,0,1,1691230864,D. Saenz,L,FA,L,0.412952364321,2.40273662275,14.6203576394,-7.51082028773,6.21571139047,IP,S,1.87130266887,5.6081206682,90.0389865396,2186.56305755,152.860177105,1.0
2923,2020,3032,TXAM,D1 Southeastern Conference,4764,AMCC,298017958,2020-03-03 13:00:00,7,0,0,1,1159816831,A. Magers,R,FA,R,-0.994722337495,1.89280683684,-2.33835767325,16.74680378,5.86066756202,B,K,-2.50613700133,3.7338534269,86.1619535278,2105.2575301,277.828006029,0.13
2924,2020,3032,TXAM,D1 Southeastern Conference,4764,AMCC,298017958,2020-03-03 13:00:00,7,1,0,1,1159816831,A. Magers,R,FA,R,0.841341063377,3.31430342009,0.290280864509,18.0054774438,5.90240741151,SL,K,-2.33487842277,3.78911724274,86.7668611243,2187.82240945,268.962506102,-0.15
2925,2020,3032,TXAM,D1 Southeastern Conference,4764,AMCC,298017958,2020-03-03 13:00:00,7,1,1,1,1159816831,A. Magers,R,FA,R,-0.429349630213,2.05794445037,-1.45839908138,17.3296656187,5.89821182459,F,K,-2.37591033,3.76227438243,85.9880784507,2152.51843811,274.692410389,-0.15
2926,2020,3032,TXAM,D1 Southeastern Conference,4764,AMCC,298017958,2020-03-03 13:00:00,7,1,2,1,1159816831,A. Magers,R,FA,R,-0.62827666184,3.49316131892,0.88768959942,14.7068929873,6.09726520584,B,K,-2.39881147273,3.83731360554,85.479411854,1987.13921608,266.406139935,0.13
2927,2020,3032,TXAM,D1 Southeastern Conference,4764,AMCC,298017958,2020-03-03 13:00:00,7,2,2,1,1159816831,A. Magers,R,FA,R,-0.866990597606,3.03868967046,-1.15814371069,16.6662881864,5.91978236468,SL,K,-2.34858109978,3.91569613721,86.7005457218,2166.66703533,273.85395414,-0.15
2928,2020,3032,TXAM,D1 Southeastern Conference,4764,AMCC,298017958,2020-03-03 13:00:00,7,0,0,2,1888388183,W. Johnston,L,SL,L,-0.44960132421,1.52759650307,-1.95269597759,1.93772098197,5.23856992853,SS,K,1.9109022428,6.64379240153,76.8977320691,2156.6726561,314.545015164,-0.15
2929,2020,3032,TXAM,D1 Southeastern Conference,4764,AMCC,298017958,2020-03-03 13:00:00,7,0,1,2,1888388183,W. Johnston,L,SL,L,-1.84220521185,0.569425031118,-2.97759925536,1.26833178335,5.41977683291,B,K,2.10720523042,6.61288204031,77.9568154776,2146.32842381,336.61771543,0.13
2930,2020,3032,TXAM,D1 Southeastern Conference,4764,AMCC,298017958,2020-03-03 13:00:00,7,1,1,2,1888388183,W. Johnston,L,SL,L,-0.947740036719,1.99264509018,-3.72274496288,1.97914604086,5.31914259011,SS,K,1.85541005284,6.66080784284,77.7904086288,2138.74135285,331.716437307,-0.15
2931,2020,3032,TXAM,D1 Southeastern Conference,4764,AMCC,298017958,2020-03-03 13:00:00,7,1,2,2,1888388183,W. Johnston,L,SL,L,-0.237555989588,1.05734683211,-0.0315288635345,8.23000726484,5.32583110052,SS,K,1.95808775075,6.69047160036,78.1408176656,2191.31080551,269.912581379,-0.15
2932,2020,3032,TXAM,D1 Southeastern Conference,4764,AMCC,298017958,2020-03-03 13:00:00,8,0,0,0,1286947832,T. Werner,R,FA,R,-0.747369280493,3.17146113052,16.8227325771,3.09909735194,7.21901752464,SL,IP_OUT,-1.42662294606,6.07459665621,95.530961949,2605.17746491,190.421574465,-0.15
2933,2020,3032,TXAM,D1 Southeastern Conference,4764,AMCC,298017958,2020-03-03 13:00:00,8,0,1,0,1286947832,T. Werner,R,FA,R,-0.315385252704,2.40990489793,16.4673363894,5.41189385001,7.07354222809,SL,IP_OUT,-1.31163524122,6.13831418258,96.0659064132,2549.45360692,198.164881242,-0.15
2934,2020,3032,TXAM,D1 Southeastern Conference,4764,AMCC,298017958,2020-03-03 13:00:00,8,0,2,0,1286947832,T. Werner,R,SL,R,1.20678313662,2.07154374933,12.0493527803,-1.15460556628,6.62398159742,F,IP_OUT,-1.3676214051,6.08467185804,87.0694364353,2490.01643629,174.541612529,0.0
2935,2020,3032,TXAM,D1 Southeastern Conference,4764,AMCC,298017958,2020-03-03 13:00:00,8,0,0,1,1286947832,T. Werner,R,FA,R,-0.450321448952,3.09291491248,18.6525783124,6.85116976599,7.24901507255,F,IP_OUT,-1.39587444688,6.11759929424,94.2919771909,2556.68184849,200.140720933,-0.15
2936,2020,3032,TXAM,D1 Southeastern Conference,4764,AMCC,298017958,2020-03-03 13:00:00,8,0,0,2,1242046590,B. Miller,R,FA,R,-0.0796291144158,2.9594706974,15.5838340952,6.80495502265,7.29797417714,SL,IP_OUT,-1.05331143479,6.31349349449,94.6265311809,2518.13842342,203.552311134,-0.15
2937,2020,3032,TXAM,D1 Southeastern Conference,4764,AMCC,298017958,2020-03-03 13:00:00,8,0,1,2,1242046590,B. Miller,R,FA,R,0.709991328412,2.75404950135,19.1910744589,2.91143638135,7.07075115078,SL,IP_OUT,-1.13919646751,6.26543919472,95.1278517462,2615.20050778,188.614252119,-0.15
2938,2020,3032,TXAM,D1 Southeastern Conference,4764,AMCC,298017958,2020-03-03 13:00:00,8,0,2,2,1242046590,B. Miller,R,FA,R,-1.20535130163,2.76297106979,16.7936359681,9.99825353459,7.10624020039,F,IP_OUT,-1.2290174192,6.35334418038,97.008445784,2595.5255828,210.728298943,0.0
2939,2020,3032,TXAM,D1 Southeastern Conference,4764,AMCC,298017958,2020-03-03 13:00:00,8,0,2,2,1242046590,B. Miller,R,SL,R,2.74523633017,-0.753887848358,3.34951723266,-0.696971074393,5.32096679927,B,IP_OUT,-1.21371680491,5.64413520533,84.6503175266,2424.67423229,168.373053361,0.13
2940,2020,3032,TXAM,D1 Southeastern Conference,4764,AMCC,298017958,2020-03-03 13:00:00,8,1,2,2,1242046590,B. Miller,R,FA,R,0.758264027665,3.87482433146,19.3543529079,6.68947268261,5.99589901605,B,IP_OUT,-0.887583138001,6.01141125556,94.1702977428,2576.51134705,199.039515691,0.13
2941,2020,3032,TXAM,D1 Southeastern Conference,4764,AMCC,298017958,2020-03-03 13:00:00,9,1,0,0,1242046590,B. Miller,R,FA,R,0.425544236936,2.27558036521,19.4643473759,5.66979172331,6.23799922369,IP,S,-0.745524873128,5.93331885292,93.6149654459,2519.25368845,196.216925459,1.0
2942,2020,3032,TXAM,D1 Southeastern Conference,4764,AMCC,298017958,2020-03-03 13:00:00,9,0,1,1,1242046590,B. Miller,R,SL,R,1.0849884932,2.62217984074,0.905660922179,-2.09568520474,5.15819798583,F,IP_OUT,-0.950998412508,5.88791854454,84.9485553364,2410.60373447,114.215180445,-0.15
2943,2020,3032,TXAM,D1 Southeastern Conference,4764,AMCC,298017958,2020-03-03 13:00:00,9,0,2,1,1242046590,B. Miller,R,FA,R,0.584597439416,3.62138061385,20.2055903376,7.18826908034,6.16205004797,F,IP_OUT,-0.714855874423,6.03075996259,95.0579150627,2700.78785016,199.557581598,0.0
2944,2020,3032,TXAM,D1 Southeastern Conference,4764,AMCC,298017958,2020-03-03 13:00:00,9,0,2,1,1242046590,B. Miller,R,FA,R,0.568716246324,3.91686350093,19.7892253097,6.46669347614,5.86159933394,F,IP_OUT,-0.624367868798,6.01376553991,95.9077987015,2582.64319434,198.071792177,0.0
2945,2020,3032,TXAM,D1 Southeastern Conference,4764,AMCC,298017958,2020-03-03 13:00:00,9,0,0,2,1242046590,B. Miller,R,CU,L,1.38107818533,2.35099612627,-10.1654917699,-7.84013559643,5.90017696863,F,IP_OUT,-1.13174373943,5.73536892771,76.0477756242,2135.60949326,37.7655933956,-0.15
2946,2020,3032,TXAM,D1 Southeastern Conference,4764,AMCC,298017958,2020-03-03 13:00:00,9,0,1,2,1242046590,B. Miller,R,FA,L,0.733496411833,1.76519744905,18.6999652931,7.39385563808,6.22499144943,B,IP_OUT,-0.808537602924,5.91152222468,96.7700834906,2729.93317316,201.544415728,0.13
2947,2020,3032,TXAM,D1 Southeastern Conference,4764,AMCC,298017958,2020-03-03 13:00:00,9,1,1,2,1242046590,B. Miller,R,SL,L,0.204191656485,0.597422539971,2.76295690483,-4.13845630398,5.67926407733,SS,IP_OUT,-1.10421885629,5.77965236103,87.7729931705,2420.41320434,124.055154118,-0.15
2948,2020,4806,MIZZ,D1 Southeastern Conference,4764,AMCC,295770509,2020-02-23 13:00:00,1,0,0,0,1325859772,S. Juergens,R,FA,L,0.0903413791132,2.47968203167,13.132280298,7.86398771405,6.75902585465,F,S,-2.261829193,6.56819101153,85.4797779873,2046.20575153,210.848749106,-0.15
2949,2020,4806,MIZZ,D1 Southeastern Conference,4764,AMCC,295770509,2020-02-23 13:00:00,1,0,1,0,1325859772,S. Juergens,R,FS,L,-1.02707785893,1.51127645773,6.1629468444,4.61759999449,6.40140260705,B,S,-2.22132972695,6.53858808075,73.9091294987,1170.2549574,216.633194005,0.13
2950,2020,4806,MIZZ,D1 Southeastern Conference,4764,AMCC,295770509,2020-02-23 13:00:00,1,1,1,0,1325859772,S. Juergens,R,FA,L,-0.659991434181,3.93760364589,11.7678955812,4.78693701572,6.54554440304,B,S,-2.41507972722,6.5448048922,87.2369172686,2109.00621884,202.079006426,0.13
2951,2020,4806,MIZZ,D1 Southeastern Conference,4764,AMCC,295770509,2020-02-23 13:00:00,1,2,1,0,1325859772,S. Juergens,R,FA,L,0.65481630257,1.75151611175,16.5065934565,1.25154062479,6.7292775161,F,S,-2.26511372673,6.53691180465,87.470591716,2123.22334098,184.327273466,-0.15
2952,2020,4806,MIZZ,D1 Southeastern Conference,4764,AMCC,295770509,2020-02-23 13:00:00,1,2,2,0,1325859772,S. Juergens,R,FS,L,-1.04147235857,2.30135030465,8.63649443395,7.18453144827,6.25343612439,F,S,-2.33820450207,6.51262502325,78.0978447357,1328.49010557,219.619650734,0.0
2953,2020,4806,MIZZ,D1 Southeastern Conference,4764,AMCC,295770509,2020-02-23 13:00:00,1,2,2,0,1325859772,S. Juergens,R,FA,L,-1.07397779213,4.26085763939,13.8723769001,3.72599962336,6.53808121396,B,S,-2.34830092719,6.63240847776,88.6523857312,2068.0986968,195.001123836,0.13
2954,2020,4806,MIZZ,D1 Southeastern Conference,4764,AMCC,295770509,2020-02-23 13:00:00,1,3,2,0,1325859772,S. Juergens,R,FA,L,-0.290503937392,2.16456231382,16.2417985889,3.51383958349,6.88298700559,IP,S,-2.29665522007,6.54409313651,86.7479158798,2041.96028428,192.183364693,1.0
2955,2020,4806,MIZZ,D1 Southeastern Conference,4764,AMCC,295770509,2020-02-23 13:00:00,1,1,0,0,1325859772,S. Juergens,R,FA,R,-0.404859471651,3.04997026074,11.0931270765,8.007947746,6.55797730447,F,D,-2.3144433206,6.65058103526,87.2659873677,2099.38960864,215.742852674,-0.15
2956,2020,4806,MIZZ,D1 Southeastern Conference,4764,AMCC,295770509,2020-02-23 13:00:00,1,1,1,0,1325859772,S. Juergens,R,SL,R,1.45066994712,1.1193402988,6.78682909926,-0.671259164987,6.33847173842,B,D,-2.2542800083,6.47654027328,78.8271218498,1943.49630506,174.385782685,0.13
2957,2020,4806,MIZZ,D1 Southeastern Conference,4764,AMCC,295770509,2020-02-23 13:00:00,1,2,1,0,1325859772,S. Juergens,R,SL,R,0.341404537328,2.56196809846,1.53258406736,-3.77498574851,6.17446348603,IP,D,-2.4568585094,6.52629140777,77.8901411848,1942.39687177,112.65055343,1.26
2958,2020,4806,MIZZ,D1 Southeastern Conference,4764,AMCC,295770509,2020-02-23 13:00:00,1,0,0,0,1325859772,S. Juergens,R,CU,L,0.125550462506,2.33674091692,11.7007337892,4.52739186565,6.44798198757,B,S,-2.23409436859,6.4666805922,73.3415767262,924.308589463,201.07549225,0.13
2959,2020,4806,MIZZ,D1 Southeastern Conference,4764,AMCC,295770509,2020-02-23 13:00:00,1,1,0,0,1325859772,S. Juergens,R,FA,L,-0.277827680334,1.86577901873,16.7573178833,9.81437498246,6.65360793542,SL,S,-2.30757657655,6.60741577962,88.2619122068,2029.1646486,210.308313803,-0.15
2960,2020,4806,MIZZ,D1 Southeastern Conference,4764,AMCC,295770509,2020-02-23 13:00:00,1,1,1,0,1325859772,S. Juergens,R,SL,L,-2.66185703201,2.93953289836,6.10220473749,15.6099012566,6.28378281145,B,S,-2.36539234573,6.40486019002,77.2785246562,1118.94901216,248.512764238,0.13
2961,2020,4806,MIZZ,D1 Southeastern Conference,4764,AMCC,295770509,2020-02-23 13:00:00,1,2,1,0,1325859772,S. Juergens,R,FA,L,0.15752866314,3.93048156764,13.1036959496,6.91206596861,6.5691104521,F,S,-2.58844754582,6.39329396463,89.2909595129,2138.36055967,207.754185978,-0.15
2962,2020,4806,MIZZ,D1 Southeastern Conference,4764,AMCC,295770509,2020-02-23 13:00:00,1,2,2,0,1325859772,S. Juergens,R,FS,L,-0.972767584954,3.17271202857,5.84042766878,-1.30651632923,6.12923642711,F,S,-2.44309232301,6.46381797444,75.8809388301,1879.28549405,167.482086725,0.0
2963,2020,4806,MIZZ,D1 Southeastern Conference,4764,AMCC,295770509,2020-02-23 13:00:00,1,2,2,0,1325859772,S. Juergens,R,FA,L,-0.474022679668,3.2952540574,12.98062208,6.73313314937,6.64725784119,IP,S,-2.54087610447,6.48967528302,86.9705804068,2039.56495524,207.356323101,1.0
2964,2020,4806,MIZZ,D1 Southeastern Conference,4764,AMCC,295770509,2020-02-23 13:00:00,1,0,1,0,1325859772,S. Juergens,R,FA,R,-0.393133076395,3.03172175971,11.5750295025,4.65546223075,6.54471804433,B,IP_OUT,-2.46577445513,6.56096838262,87.1590107607,2231.62593028,201.852992397,0.13
2965,2020,4806,MIZZ,D1 Southeastern Conference,4764,AMCC,295770509,2020-02-23 13:00:00,1,1,1,0,1325859772,S. Juergens,R,FA,R,-0.614751363707,3.91483924004,12.4661931372,1.03056656814,6.53345670113,F,IP_OUT,-2.48320146498,6.49928997498,86.6992170547,2196.16960242,184.713144372,-0.15
2966,2020,4806,MIZZ,D1 Southeastern Conference,4764,AMCC,295770509,2020-02-23 13:00:00,1,0,0,1,1325859772,S. Juergens,R,FA,L,-0.587999820745,1.97658474555,11.4621299583,5.9977743459,6.59310758376,SL,K,-2.40965013846,6.57726068013,87.585695616,2164.99442811,207.554168933,-0.15
2967,2020,4806,MIZZ,D1 Southeastern Conference,4764,AMCC,295770509,2020-02-23 13:00:00,1,0,1,1,1325859772,S. Juergens,R,FA,L,-1.03676762159,3.28973751956,12.0135080915,2.87151993017,6.58888356138,SL,K,-2.46543109662,6.5006843358,87.0615362568,2142.55762784,193.406865302,-0.15
2968,2020,4806,MIZZ,D1 Southeastern Conference,4764,AMCC,295770509,2020-02-23 13:00:00,1,0,2,1,1325859772,S. Juergens,R,FA,L,-1.51483553151,3.6627949264,12.5685480613,5.28064369346,6.46288283524,B,K,-2.58426556077,6.61346860494,87.9036774557,2122.10653329,202.73573278,0.13
2969,2020,4806,MIZZ,D1 Southeastern Conference,4764,AMCC,295770509,2020-02-23 13:00:00,1,1,2,1,1325859772,S. Juergens,R,FA,L,-1.45116423683,2.7988417938,11.6240966478,7.90316947555,6.60767319841,SS,K,-2.56123100182,6.55104873102,87.5046476474,2157.8553607,214.136363037,-0.15
2970,2020,4806,MIZZ,D1 Southeastern Conference,4764,AMCC,295770509,2020-02-23 13:00:00,1,0,0,2,1325859772,S. Juergens,R,FA,R,-0.52455254633,2.29696037929,11.3502857617,8.93367885252,6.5864343873,SL,S,-2.40383434836,6.55962079057,88.3653796813,2150.74372418,218.126145213,-0.15
2971,2020,4806,MIZZ,D1 Southeastern Conference,4764,AMCC,295770509,2020-02-23 13:00:00,1,0,1,2,1325859772,S. Juergens,R,FA,R,0.116188920332,2.67666113919,13.9294157099,9.47968302269,6.53592654243,IP,S,-2.46087324073,6.48836165503,88.1597096033,2136.2071995,214.174721793,1.0
2972,2020,4806,MIZZ,D1 Southeastern Conference,4764,AMCC,295770509,2020-02-23 13:00:00,1,0,0,2,1325859772,S. Juergens,R,FA,R,1.35359035808,2.41153106735,12.0066127863,7.24077122273,6.80005593837,B,IP_OUT,-2.34445138394,6.57602406769,88.2219988014,2160.87471156,211.024445272,0.13
2973,2020,4806,MIZZ,D1 Southeastern Conference,4764,AMCC,295770509,2020-02-23 13:00:00,1,1,0,2,1325859772,S. Juergens,R,FS,R,-0.926352762253,3.29270075464,9.2410175095,6.19175571473,6.26501275626,F,IP_OUT,-2.22131281064,6.56427121395,73.9854873213,1267.76155914,213.687715924,-0.15
2974,2020,4806,MIZZ,D1 Southeastern Conference,4764,AMCC,295770509,2020-02-23 13:00:00,1,1,1,2,1325859772,S. Juergens,R,FA,R,0.438725334642,1.82976018649,12.1518717249,6.08702205306,6.81397953961,F,IP_OUT,-2.22118171321,6.588641895,86.7224803727,2107.69772865,206.544471557,-0.15
2975,2020,4806,MIZZ,D1 Southeastern Conference,4764,AMCC,295770509,2020-02-23 13:00:00,1,1,2,2,1325859772,S. Juergens,R,FA,R,0.0830335775336,2.86143202423,14.4606599011,7.66024922223,6.67334195839,F,IP_OUT,-2.18329868952,6.73737701867,87.7129864349,2106.51387953,207.857895472,0.0
2976,2020,4806,MIZZ,D1 Southeastern Conference,4764,AMCC,295770509,2020-02-23 13:00:00,2,0,0,0,1325859772,S. Juergens,R,FA,L,-1.06270098625,2.59993052211,16.825026703,8.50131528469,6.59976760011,SL,IP_OUT,-2.27848460792,6.76811565738,83.6667269072,2046.35921671,206.757044862,-0.15
2977,2020,4806,MIZZ,D1 Southeastern Conference,4764,AMCC,295770509,2020-02-23 13:00:00,2,0,1,0,1325859772,S. Juergens,R,FS,L,0.669672296719,0.850946015236,10.279525949,11.0859931546,6.43537942039,B,IP_OUT,-2.24244372926,6.60024922234,74.6618898159,1439.68241739,227.034233781,0.13
2978,2020,4806,MIZZ,D1 Southeastern Conference,4764,AMCC,295770509,2020-02-23 13:00:00,2,0,0,1,1325859772,S. Juergens,R,FS,R,0.391447523472,2.91094161836,5.39612453264,-1.50142677023,6.1930128669,SL,S,-2.29955419437,6.59006967136,74.691582012,1814.13924043,164.578949306,-0.15
2979,2020,4806,MIZZ,D1 Southeastern Conference,4764,AMCC,295770509,2020-02-23 13:00:00,2,0,1,1,1325859772,S. Juergens,R,FA,R,-0.506225220557,2.94013847641,12.5356967541,9.58275730468,6.47317317785,IP,S,-2.25000799737,6.71096027598,88.2814682008,2148.5313853,217.323951074,1.0
2980,2020,4806,MIZZ,D1 Southeastern Conference,4764,AMCC,295770509,2020-02-23 13:00:00,2,0,0,1,1325859772,S. Juergens,R,FS,L,0.480806350261,2.10692073772,5.89255771612,8.77330829961,6.40894822013,IP,S,-2.09004399505,6.5892884398,72.9857502766,1364.903664,235.897494948,1.0
2981,2020,4806,MIZZ,D1 Southeastern Conference,4764,AMCC,295770509,2020-02-23 13:00:00,2,0,0,1,1325859772,S. Juergens,R,FA,R,0.361977483167,2.16635211678,11.8354406184,9.45162737502,6.83454107382,F,IP_OUT,-2.06247971593,6.57651273356,85.2603441545,2034.72183505,218.529178762,-0.15
2982,2020,4806,MIZZ,D1 Southeastern Conference,4764,AMCC,295770509,2020-02-23 13:00:00,3,0,0,0,1325859772,S. Juergens,R,FA,R,0.235700222453,3.6343069895,19.5768092741,4.52618456874,6.51833986837,IP,HR,-2.0532402319,6.85676551325,84.2956155098,2071.67486225,192.994781445,1.76
2983,2020,4806,MIZZ,D1 Southeastern Conference,4764,AMCC,295770509,2020-02-23 13:00:00,3,0,0,0,1325859772,S. Juergens,R,FA,L,0.202182647039,2.69284371382,15.0320892204,5.64987081557,6.59413279937,F,D,-2.0177765264,6.72888885076,85.9833527623,2132.64367552,200.556049109,-0.15
2984,2020,4806,MIZZ,D1 Southeastern Conference,4764,AMCC,295770509,2020-02-23 13:00:00,3,0,1,0,1325859772,S. Juergens,R,FA,L,0.498665666894,2.16865997264,11.1817433071,7.74358262289,6.68508077902,IP,D,-2.06618652996,6.61039150846,85.7217410119,2096.56673304,214.621421395,1.26
2985,2020,4806,MIZZ,D1 Southeastern Conference,4764,AMCC,295770509,2020-02-23 13:00:00,3,0,0,0,1325859772,S. Juergens,R,FS,R,-0.268201720496,3.28799599342,4.83418758444,0.593031277441,6.37511131609,SL,S,-2.36090128762,6.48863970612,71.9945933187,1718.24049393,186.923245524,-0.15
2986,2020,4806,MIZZ,D1 Southeastern Conference,4764,AMCC,295770509,2020-02-23 13:00:00,3,0,1,0,1325859772,S. Juergens,R,CU,R,1.03782243831,2.53715445786,4.92510135015,-3.93156276486,6.35752700405,IP,S,-2.23739643189,6.56301548312,74.9350592617,1729.64327559,141.656355044,1.0
2987,2020,4806,MIZZ,D1 Southeastern Conference,4764,AMCC,295770509,2020-02-23 13:00:00,3,0,0,0,1650686146,A. Vail,L,FA,R,1.20992138238,3.83385799222,16.2816184613,-11.5155466319,5.70214580931,B,FC,1.52355236037,6.21238023062,89.8242193942,2226.21513413,144.783559583,0.13
2988,2020,4806,MIZZ,D1 Southeastern Conference,4764,AMCC,295770509,2020-02-23 13:00:00,3,1,0,0,1650686146,A. Vail,L,FA,R,0.560551301331,2.16804360793,21.0513238613,-7.43915425753,5.83822193112,SL,FC,1.47689946237,6.19906481103,88.9758458713,2270.63217815,160.565850195,-0.15
2989,2020,4806,MIZZ,D1 Southeastern Conference,4764,AMCC,295770509,2020-02-23 13:00:00,3,1,1,0,1650686146,A. Vail,L,CU,R,-0.0672887800756,1.18085543834,-7.7079182768,5.97810432497,4.74130089724,B,FC,1.47777499779,6.27159431458,72.1463672656,2157.82701301,322.013281113,0.13
2990,2020,4806,MIZZ,D1 Southeastern Conference,4764,AMCC,295770509,2020-02-23 13:00:00,3,2,1,0,1650686146,A. Vail,L,FA,R,1.44857887674,2.83499995884,17.160062885,-10.7752973092,5.87118613378,IP,FC,1.5725200134,6.16545810302,88.4337770913,2235.76207693,147.924457452,-0.21
2991,2020,4806,MIZZ,D1 Southeastern Conference,4764,AMCC,295770509,2020-02-23 13:00:00,3,0,0,1,1650686146,A. Vail,L,FA,L,0.84377746148,2.44117346047,13.4338067805,-12.8663623189,5.85412211808,IP,FC,1.69659737664,6.02917209067,89.8232674504,2198.26673072,136.305126792,-0.21
2992,2020,4806,MIZZ,D1 Southeastern Conference,4764,AMCC,295770509,2020-02-23 13:00:00,3,0,0,2,1650686146,A. Vail,L,FA,R,1.37245732424,2.06243513423,18.775780815,-10.3511204124,6.09759906462,B,IP_OUT,1.4117200226,6.10460092488,89.9014629837,2278.25709359,151.173576233,0.13
2993,2020,4806,MIZZ,D1 Southeastern Conference,4764,AMCC,295770509,2020-02-23 13:00:00,3,1,0,2,1650686146,A. Vail,L,CH,R,0.285286583283,3.14929359235,9.52353937489,-12.1531649867,5.92242534727,SL,IP_OUT,1.94118941193,5.91305860792,82.1000125625,1705.76360679,128.195877398,-0.15
2994,2020,4806,MIZZ,D1 Southeastern Conference,4764,AMCC,295770509,2020-02-23 13:00:00,3,1,1,2,1650686146,A. Vail,L,FA,R,1.56815503175,3.02542246912,21.0380972398,-10.5355569928,5.80971621235,B,IP_OUT,1.67791655379,6.15912075447,89.9480778954,2276.35187582,153.434261107,0.13
2995,2020,4806,MIZZ,D1 Southeastern Conference,4764,AMCC,295770509,2020-02-23 13:00:00,4,0,0,0,1650686146,A. Vail,L,FA,L,0.181856917464,1.80496045404,17.0135711064,-10.0461280247,5.54759624099,SL,S,1.76245272443,6.09481651778,89.5719742139,2256.22470391,149.487850148,-0.15
2996,2020,4806,MIZZ,D1 Southeastern Conference,4764,AMCC,295770509,2020-02-23 13:00:00,4,0,1,0,1650686146,A. Vail,L,FA,L,0.0802803280529,2.94331527419,17.1306935358,-8.35729541478,5.6128579445,IP,S,1.96061030073,5.97432261651,89.8960256189,2286.19018366,154.037343519,1.0
2997,2020,4806,MIZZ,D1 Southeastern Conference,4764,AMCC,295770509,2020-02-23 13:00:00,4,0,0,0,1650686146,A. Vail,L,CU,R,-0.365835302985,3.11935018368,-10.4060716852,16.6927264476,5.08634882265,SL,IP_OUT,1.50144452316,6.289343523,72.8516166662,2221.90242676,301.813140684,-0.15
2998,2020,4806,MIZZ,D1 Southeastern Conference,4764,AMCC,295770509,2020-02-23 13:00:00,4,0,0,1,1650686146,A. Vail,L,FA,L,-0.244461880905,2.51958800662,15.3671118194,-12.4173457014,5.90983299162,SL,K,1.71181270408,5.92368573433,88.7339659919,2226.76879918,141.120839761,-0.15
2999,2020,4806,MIZZ,D1 Southeastern Conference,4764,AMCC,295770509,2020-02-23 13:00:00,4,0,1,1,1650686146,A. Vail,L,FA,L,0.874299943792,3.33727806846,17.9570778055,-12.8054035603,5.79678112459,F,K,1.72184533442,6.02471218829,89.3539063912,2348.26406536,144.556558508,-0.15
3000,2020,4806,MIZZ,D1 Southeastern Conference,4764,AMCC,295770509,2020-02-23 13:00:00,4,0,2,1,1650686146,A. Vail,L,FA,L,1.38699327838,5.23852194099,18.6509019619,-10.8066213439,5.72108703714,B,K,1.70944779028,6.12514307385,89.7534269511,2282.03569945,149.954877997,0.13
3001,2020,4806,MIZZ,D1 Southeastern Conference,4764,AMCC,295770509,2020-02-23 13:00:00,4,1,2,1,1650686146,A. Vail,L,FA,L,1.41482988529,4.04748183918,16.8556719958,-10.5068304078,5.70516289842,B,K,1.76103480039,6.02877908313,89.7719792205,2248.51262241,148.112741512,0.13
3002,2020,4806,MIZZ,D1 Southeastern Conference,4764,AMCC,295770509,2020-02-23 13:00:00,4,2,2,1,1650686146,A. Vail,L,FA,L,0.411606862448,2.76921714228,17.5729989309,-10.6151762659,5.76098410927,F,K,1.65468413923,5.9198880462,89.0754509025,2246.93879477,148.912975422,0.0
3003,2020,4806,MIZZ,D1 Southeastern Conference,4764,AMCC,295770509,2020-02-23 13:00:00,4,2,2,1,1650686146,A. Vail,L,FA,L,0.0667406808746,3.40159754737,15.8885970776,-11.2470783943,5.871126017,SS,K,1.73245890072,5.9406397203,90.4673478372,2330.61540453,144.761055164,-0.15
3004,2020,4806,MIZZ,D1 Southeastern Conference,4764,AMCC,295770509,2020-02-23 13:00:00,4,0,0,2,1650686146,A. Vail,L,FA,R,0.0703706787093,3.01436503898,20.9734303837,-6.26102936478,5.77708045917,SS,IP_OUT,1.5846207771,6.01016225662,89.8770904656,2333.04736895,163.402894132,-0.15
3005,2020,4806,MIZZ,D1 Southeastern Conference,4764,AMCC,295770509,2020-02-23 13:00:00,4,0,1,2,1650686146,A. Vail,L,CH,R,1.31690406033,2.3104906631,14.2672729684,-15.5467667322,5.77473301483,SS,IP_OUT,1.89087216869,5.91375829758,83.7874221388,1885.04131831,132.618003645,-0.15
3006,2020,4806,MIZZ,D1 Southeastern Conference,4764,AMCC,295770509,2020-02-23 13:00:00,4,0,2,2,1650686146,A. Vail,L,FA,R,1.54679907902,3.15786983853,22.0141946373,-4.66475099182,5.82530089853,B,IP_OUT,1.64115369424,5.93852255049,91.394851145,2356.51333233,168.052762852,0.13
3007,2020,4806,MIZZ,D1 Southeastern Conference,4764,AMCC,295770509,2020-02-23 13:00:00,4,1,2,2,1650686146,A. Vail,L,CU,R,-1.12862570314,1.85750850552,-6.63550756236,16.2552299769,4.92900397232,B,IP_OUT,1.53387311439,6.28817679218,72.959163165,2315.48572167,292.051823073,0.13
3008,2020,4806,MIZZ,D1 Southeastern Conference,4764,AMCC,295770509,2020-02-23 13:00:00,4,2,2,2,1650686146,A. Vail,L,CH,R,0.157714674604,1.05122210779,11.2701074194,-13.4819042189,5.88083293571,B,IP_OUT,1.85013301464,5.90057631266,83.2091774294,1707.22882179,129.98858996,0.13
3009,2020,4806,MIZZ,D1 Southeastern Conference,4764,AMCC,295770509,2020-02-23 13:00:00,5,0,0,0,1650686146,A. Vail,L,FA,L,1.30276983875,2.31809457315,19.7746226695,-16.7813953929,5.63043028389,F,S,1.62773138098,5.95833254356,88.9604037159,2197.78381741,139.729365809,-0.15
3010,2020,4806,MIZZ,D1 Southeastern Conference,4764,AMCC,295770509,2020-02-23 13:00:00,5,0,1,0,1650686146,A. Vail,L,FA,L,0.063003057745,2.3722179431,13.8930100335,-15.4042403987,5.9114344135,SL,S,1.57217881716,5.92265016084,88.4588186029,2244.20552866,132.116359511,-0.15
3011,2020,4806,MIZZ,D1 Southeastern Conference,4764,AMCC,295770509,2020-02-23 13:00:00,5,0,2,0,1650686146,A. Vail,L,CU,L,-1.92184075952,2.17228371338,-8.92030930044,15.1467421462,5.34914549004,B,S,1.40339442365,6.12000660054,74.6063342317,2162.07562825,300.359470533,0.13
3012,2020,4806,MIZZ,D1 Southeastern Conference,4764,AMCC,295770509,2020-02-23 13:00:00,5,1,2,0,1650686146,A. Vail,L,FA,L,-0.388216794089,3.6440669497,16.9733862959,-8.54578545395,6.19983807579,F,S,1.70178640436,5.94357892717,89.8048512373,2331.04684976,153.319258709,0.0
3013,2020,4806,MIZZ,D1 Southeastern Conference,4764,AMCC,295770509,2020-02-23 13:00:00,5,1,2,0,1650686146,A. Vail,L,FA,L,0.731893555744,3.86837479348,16.9650289412,-12.3037847446,5.7902913187,F,S,1.62782048454,5.87425832959,88.7542923352,2237.30058058,144.102941956,0.0
3014,2020,4806,MIZZ,D1 Southeastern Conference,4764,AMCC,295770509,2020-02-23 13:00:00,5,1,2,0,1650686146,A. Vail,L,CU,L,-1.74323491751,1.82335643568,-10.8592072185,12.8773227692,5.54895388769,B,S,1.4820768045,6.09330145459,75.73799669,2273.72630735,310.019810681,0.13
3015,2020,4806,MIZZ,D1 Southeastern Conference,4764,AMCC,295770509,2020-02-23 13:00:00,5,2,2,0,1650686146,A. Vail,L,FA,L,0.226069138689,2.68316475386,18.4095277617,-11.3560925347,5.97898013842,F,S,1.64425381572,5.88501086422,90.1504855925,2315.08002052,148.375889329,0.0
3016,2020,4806,MIZZ,D1 Southeastern Conference,4764,AMCC,295770509,2020-02-23 13:00:00,5,2,2,0,1650686146,A. Vail,L,FA,L,-0.81756649248,2.65032379896,17.7305853422,-10.4895122721,5.93004629752,F,S,1.65983749752,5.94355633892,89.2042182265,2275.35234823,149.437780822,0.0
3017,2020,4806,MIZZ,D1 Southeastern Conference,4764,AMCC,295770509,2020-02-23 13:00:00,5,2,2,0,1650686146,A. Vail,L,CH,L,-0.050858591556,3.2163909816,10.5336581868,-14.5736347947,5.84146784482,IP,S,1.69126799187,5.81245108244,84.5525936657,1871.61778655,125.953386566,1.0
3018,2020,4806,MIZZ,D1 Southeastern Conference,4764,AMCC,295770509,2020-02-23 13:00:00,5,0,0,0,1650686146,A. Vail,L,FA,R,0.436591573586,2.27958164318,17.2982432756,-11.6656643629,5.7929216154,SL,IP_OUT,1.71864127736,5.94439842508,87.6109534081,2233.83876707,146.057259503,-0.15
3019,2020,4806,MIZZ,D1 Southeastern Conference,4764,AMCC,295770509,2020-02-23 13:00:00,5,0,1,0,1650686146,A. Vail,L,FA,R,-0.498567776205,2.81711443611,16.4369318087,-9.24316132981,5.9187371348,SL,IP_OUT,1.65507689268,5.90757994769,89.9082687026,2323.802078,150.69695118,-0.15
3020,2020,4806,MIZZ,D1 Southeastern Conference,4764,AMCC,295770509,2020-02-23 13:00:00,5,0,2,0,1650686146,A. Vail,L,FA,R,2.30103388108,2.82067035018,18.2098035101,-7.59593763402,5.85429672932,B,IP_OUT,1.64510280494,5.91162930131,89.6740799538,2297.86618795,157.393519198,0.13
3021,2020,4806,MIZZ,D1 Southeastern Conference,4764,AMCC,295770509,2020-02-23 13:00:00,5,0,0,1,1650686146,A. Vail,L,FA,R,2.17481078984,2.63682360251,17.0583152927,-12.6766188754,5.79233052045,B,IP_OUT,1.79239653961,5.91627283768,88.7451567483,2273.60069377,143.436097504,0.13
3022,2020,4806,MIZZ,D1 Southeastern Conference,4764,AMCC,295770509,2020-02-23 13:00:00,5,0,0,2,1650686146,A. Vail,L,CU,L,-2.99805195002,1.29468736913,-9.61363211246,12.3140589295,5.24740110937,B,IP_OUT,1.27646495349,6.22776057849,74.8245806426,2404.77017277,307.839307597,0.13
3023,2020,4806,MIZZ,D1 Southeastern Conference,4764,AMCC,295770509,2020-02-23 13:00:00,5,1,0,2,1650686146,A. Vail,L,FA,L,0.387985717278,2.60911327067,15.4709905871,-11.9682918766,5.97233146541,F,IP_OUT,1.55863853731,5.93427391922,90.4722102093,2282.35871507,142.331646695,-0.15
3024,2020,4806,MIZZ,D1 Southeastern Conference,4764,AMCC,295770509,2020-02-23 13:00:00,5,1,1,2,1650686146,A. Vail,L,FA,L,-0.483975224413,3.82317355533,17.2695670767,-6.75472291427,6.00777487308,F,IP_OUT,1.62126424174,5.9368150649,88.667615283,2078.22274759,158.674802007,-0.15
3025,2020,4806,MIZZ,D1 Southeastern Conference,4764,AMCC,295770509,2020-02-23 13:00:00,5,1,2,2,1650686146,A. Vail,L,CU,L,-2.72863115617,1.76654475516,-6.39737412197,9.14691722995,5.14243771519,B,IP_OUT,1.50480638596,6.23481135811,74.7052843544,2404.40761185,304.765594151,0.13
3026,2020,4806,MIZZ,D1 Southeastern Conference,4764,AMCC,295770509,2020-02-23 13:00:00,6,0,0,0,1808942774,S. Miles,R,FA,R,0.565893191878,2.15424474328,15.0033249287,11.2533249652,6.55296639504,SL,K,-1.63312384501,5.77701326342,91.2950845995,2189.12890247,216.816086131,-0.15
3027,2020,4806,MIZZ,D1 Southeastern Conference,4764,AMCC,295770509,2020-02-23 13:00:00,6,0,1,0,1808942774,S. Miles,R,FA,R,-0.267624186007,3.00944300567,11.8924121005,11.8218120979,6.45144863099,F,K,-1.63293754836,5.74863980146,91.677231579,2255.80025825,224.756931305,-0.15
3028,2020,4806,MIZZ,D1 Southeastern Conference,4764,AMCC,295770509,2020-02-23 13:00:00,6,0,2,0,1808942774,S. Miles,R,CU,R,-0.0745370726813,2.78599630439,-6.46461444638,-12.596403871,6.01779870483,F,K,-1.58687774638,5.70050013765,76.4025703693,2890.54505709,62.9944745416,0.0
3029,2020,4806,MIZZ,D1 Southeastern Conference,4764,AMCC,295770509,2020-02-23 13:00:00,6,0,2,0,1808942774,S. Miles,R,CU,R,2.61396161796,1.25697893466,-2.86088146824,-12.0957737662,6.19777726571,B,K,-1.72830993302,5.63150602905,78.7122643698,2874.95853073,76.880931111,0.13
3030,2020,4806,MIZZ,D1 Southeastern Conference,4764,AMCC,295770509,2020-02-23 13:00:00,6,1,2,0,1808942774,S. Miles,R,FA,R,0.785090526295,2.33494021546,11.2602236451,5.49613382102,6.60728168107,F,K,-1.59435394191,5.8224244081,91.8917687654,2345.01429903,205.9571381,0.0
3031,2020,4806,MIZZ,D1 Southeastern Conference,4764,AMCC,295770509,2020-02-23 13:00:00,6,1,2,0,1808942774,S. Miles,R,CU,R,-0.542584326177,2.88311324004,-5.28143424425,-12.5380415934,5.81476194784,F,K,-1.73822777286,5.61874628655,75.9385693443,2720.58649929,67.3341130498,0.0
3032,2020,4806,MIZZ,D1 Southeastern Conference,4764,AMCC,295770509,2020-02-23 13:00:00,6,1,2,0,1808942774,S. Miles,R,FA,R,0.938041080614,1.55391783043,3.05860364703,15.6133977524,6.81045226816,SS,K,-1.67525285967,5.64749848542,88.5627026462,2132.16676998,258.802656198,-0.15
3033,2020,4806,MIZZ,D1 Southeastern Conference,4764,AMCC,295770509,2020-02-23 13:00:00,6,0,0,2,1808942774,S. Miles,R,FA,R,0.534758181368,2.71932236756,15.210353716,12.5217228939,6.56583240831,SL,K,-1.50475206434,5.86257513848,91.804844774,2362.3173814,219.406746419,-0.15
3034,2020,4806,MIZZ,D1 Southeastern Conference,4764,AMCC,295770509,2020-02-23 13:00:00,6,0,1,2,1808942774,S. Miles,R,FA,R,1.07539888557,2.24094539547,14.9799279098,12.4449322163,6.56036725708,SL,K,-1.686119322,5.84516402205,91.3791104056,2396.79105597,219.661903926,-0.15
3035,2020,4806,MIZZ,D1 Southeastern Conference,4764,AMCC,295770509,2020-02-23 13:00:00,6,0,2,2,1808942774,S. Miles,R,FA,R,0.703549413809,1.93954930332,12.0910128568,12.8127656586,6.49414454701,SL,K,-1.70888904441,5.74851963217,91.1892279282,2350.70086377,226.587645487,-0.15
3036,2020,4806,MIZZ,D1 Southeastern Conference,4764,AMCC,295770509,2020-02-23 13:00:00,7,0,0,1,1808942774,S. Miles,R,CH,R,-0.161810347613,3.98951131619,13.6374501213,19.1778513823,6.40105903019,B,IP_OUT,-1.82006661497,5.59721014278,78.2077569115,1844.19548385,234.500301578,0.13
3037,2020,4806,MIZZ,D1 Southeastern Conference,4764,AMCC,295770509,2020-02-23 13:00:00,7,1,0,1,1808942774,S. Miles,R,CH,R,0.693962063169,2.85378253912,14.366072213,19.7877522715,6.37253628006,SL,IP_OUT,-1.89211666971,5.51748280983,78.4012361117,1822.98314348,233.940435619,-0.15
3038,2020,4806,MIZZ,D1 Southeastern Conference,4764,AMCC,295770509,2020-02-23 13:00:00,7,0,0,2,1808942774,S. Miles,R,CU,L,2.23318509426,1.88400119593,-2.20550824706,-15.3306028011,6.04245003155,HBP,HBP,-2.17164985461,5.54771209392,77.6917846035,2705.97614085,81.9732958251,0.8
3039,2020,4806,MIZZ,D1 Southeastern Conference,4764,AMCC,295770509,2020-02-23 13:00:00,7,0,0,2,1808942774,S. Miles,R,FA,R,1.98669889484,2.261140639,5.41648646831,14.757876717,6.70492860355,B,S,-1.51700853919,5.74984620628,84.9167568234,1954.50926942,249.724960309,0.13
3040,2020,4806,MIZZ,D1 Southeastern Conference,4764,AMCC,295770509,2020-02-23 13:00:00,7,1,0,2,1808942774,S. Miles,R,SL,R,1.76449052171,1.19602214538,10.6252006528,13.4828895837,6.65363579485,B,S,-1.5726088479,5.50831975442,76.0175959846,1596.61442163,231.644262086,0.13
3041,2020,4806,MIZZ,D1 Southeastern Conference,4764,AMCC,295770509,2020-02-23 13:00:00,7,2,0,2,1808942774,S. Miles,R,FA,R,-0.198759229558,2.86344889767,13.1370286701,16.7696650824,6.48303161413,F,S,-1.56501289534,5.87804614255,86.5906739652,2225.871151,231.85347622,-0.15
3042,2020,4806,MIZZ,D1 Southeastern Conference,4764,AMCC,295770509,2020-02-23 13:00:00,7,2,1,2,1808942774,S. Miles,R,FA,R,0.728828078171,2.67341943527,11.919826996,12.7992112313,6.61612908948,IP,S,-1.38578503243,5.89979609121,88.0072511823,2127.89317041,226.959462057,1.0
3043,2020,4806,MIZZ,D1 Southeastern Conference,4764,AMCC,295770509,2020-02-23 13:00:00,8,0,0,1,1808942774,S. Miles,R,FA,R,0.26905415514,1.5652755856,7.30413249447,17.1091044551,6.55721635615,B,IP_OUT,-1.73816883244,5.65734367416,86.422165413,1958.15639848,246.785425756,0.13
3044,2020,4806,MIZZ,D1 Southeastern Conference,4764,AMCC,295770509,2020-02-23 13:00:00,8,0,0,2,1808942774,S. Miles,R,FA,L,0.763922184495,1.69727629282,11.0100305376,10.8237487358,6.54995411925,B,IP_OUT,-1.5944509981,5.78589304095,89.3313309302,2274.56846738,224.429143946,0.13
3045,2020,4806,MIZZ,D1 Southeastern Conference,4764,AMCC,295770509,2020-02-23 13:00:00,8,1,0,2,1808942774,S. Miles,R,FA,L,0.51861140142,1.98660035436,15.5705526699,14.7072747954,6.43468174004,SL,IP_OUT,-1.70423023585,5.70593442248,88.7165412172,2221.49702613,223.306813236,-0.15
3046,2020,4806,MIZZ,D1 Southeastern Conference,4764,AMCC,295770509,2020-02-23 13:00:00,9,0,0,0,1808942774,S. Miles,R,FA,R,0.396604133801,2.50065947278,5.94530077344,18.1053206994,6.304173204,SL,IP_OUT,-1.86132565224,5.71112948677,86.1811023091,1973.06317989,251.722001982,-0.15
3047,2020,4806,MIZZ,D1 Southeastern Conference,4764,AMCC,295770509,2020-02-23 13:00:00,9,0,1,0,1808942774,S. Miles,R,FA,R,0.757480875768,1.73655043285,4.17842578664,16.794223241,6.3777199106,B,IP_OUT,-1.75198883402,5.69767199494,84.3890767747,1946.51756608,255.913072527,0.13
3048,2020,4806,MIZZ,D1 Southeastern Conference,4764,AMCC,295770509,2020-02-23 13:00:00,9,1,1,0,1808942774,S. Miles,R,FA,R,1.38968029736,1.76036836657,15.3523002694,14.0500466514,6.45894707872,B,IP_OUT,-1.86395173584,5.7795221993,88.7112713312,2257.04715582,222.403764951,0.13
3049,2020,4806,MIZZ,D1 Southeastern Conference,4764,AMCC,295770509,2020-02-23 13:00:00,9,0,0,2,1808942774,S. Miles,R,FA,R,-0.294365202818,1.20293778349,4.39484837498,18.954760588,6.50906723693,SS,ROE,-1.83853344244,5.73538911488,87.3570484082,2084.10665095,256.8503839,-0.15
3050,2020,4806,MIZZ,D1 Southeastern Conference,4764,AMCC,295770509,2020-02-23 13:00:00,9,0,1,2,1808942774,S. Miles,R,FA,R,0.247503191674,1.57394373649,4.2077715114,19.5911533737,6.38407836418,B,ROE,-1.88803167041,5.55155667522,86.1133828608,2043.05410008,257.781795191,0.13
3051,2020,4806,MIZZ,D1 Southeastern Conference,4764,AMCC,295770509,2020-02-23 13:00:00,9,1,1,2,1808942774,S. Miles,R,FA,R,0.299937396241,2.7267019941,2.83850760594,17.4054954337,6.57154255321,IP,ROE,-1.76918489462,5.66682287152,86.6058381227,2030.92689564,260.629209398,0.0
3052,2020,4806,MIZZ,D1 Southeastern Conference,4764,AMCC,295770509,2020-02-23 13:00:00,9,0,0,2,1808942774,S. Miles,R,FA,L,-1.29874811729,3.22355638318,13.9008884238,14.1633897305,6.3574946785,SL,S,-1.69620405318,5.70927940259,88.730515117,2249.32755445,225.46859332,-0.15
3053,2020,4806,MIZZ,D1 Southeastern Conference,4764,AMCC,295770509,2020-02-23 13:00:00,9,0,1,2,1808942774,S. Miles,R,FA,L,-0.0100891158398,2.30076530099,11.3050325817,12.3719530187,6.60478704087,IP,S,-1.7816417059,5.77244768599,88.4892630177,2207.02771851,227.498282736,1.0
3054,2020,4806,MIZZ,D1 Southeastern Conference,4764,AMCC,295770509,2020-02-23 13:00:00,9,0,0,2,1808942774,S. Miles,R,FA,R,-0.147315940839,2.28497205456,15.8017034473,16.0619344622,6.57651762551,SL,IP_OUT,-1.553953819,5.84146757883,87.9233724293,2196.53764703,225.408031455,-0.15
3055,2020,5046,VAN,D1 Southeastern Conference,730175232,CARK,324415703,2020-03-03 13:00:00,1,0,0,0,1998835989,E. Smith,R,FA,L,-3.18393030926,5.94518799889,19.9488273566,11.3331324039,5.96710090876,B,IP_OUT,-0.857581300011,5.99521856218,91.9928086572,2367.35912093,209.562732472,0.13
3056,2020,5046,VAN,D1 Southeastern Conference,730175232,CARK,324415703,2020-03-03 13:00:00,1,1,0,0,1998835989,E. Smith,R,FA,L,-0.421981731761,4.15093399152,21.8026938768,8.20156761612,6.14617123374,B,IP_OUT,-0.773651886593,5.99394184799,91.9567875654,2267.4611162,200.588057629,0.13
3057,2020,5046,VAN,D1 Southeastern Conference,730175232,CARK,324415703,2020-03-03 13:00:00,1,2,0,0,1998835989,E. Smith,R,FA,L,-0.00855548210457,2.58578544467,21.4478610211,8.14009941268,6.14644723576,F,IP_OUT,-0.733816707284,5.94111612049,92.435668154,2303.94049277,200.756004239,-0.15
3058,2020,5046,VAN,D1 Southeastern Conference,730175232,CARK,324415703,2020-03-03 13:00:00,1,2,1,0,1998835989,E. Smith,R,SI,L,-0.684866214417,1.40330683395,14.416935898,14.2898039446,6.09150865112,B,IP_OUT,-0.761691228445,5.95252465292,91.3221204214,2251.67938307,224.683699709,0.13
3059,2020,5046,VAN,D1 Southeastern Conference,730175232,CARK,324415703,2020-03-03 13:00:00,1,0,0,1,1998835989,E. Smith,R,FA,L,-0.256610847132,3.13063777893,19.9976423326,12.872114002,6.16846135822,SL,S,-0.901693980268,5.90812583671,92.2287299741,2375.46594115,212.728362142,-0.15
3060,2020,5046,VAN,D1 Southeastern Conference,730175232,CARK,324415703,2020-03-03 13:00:00,1,0,1,1,1998835989,E. Smith,R,FA,L,-0.737702499592,2.7253000003,20.0140357076,12.1385510141,5.93101158863,F,S,-0.905353659004,5.83607798888,90.3884594291,2231.10955811,211.195417419,-0.15
3061,2020,5046,VAN,D1 Southeastern Conference,730175232,CARK,324415703,2020-03-03 13:00:00,1,0,2,1,1998835989,E. Smith,R,FA,L,0.581062534793,3.22335709246,19.0218642564,11.7093495809,6.31383670128,B,S,-0.396351162999,6.03879751726,92.3528923073,2406.17739054,211.57384403,0.13
3062,2020,5046,VAN,D1 Southeastern Conference,730175232,CARK,324415703,2020-03-03 13:00:00,1,1,2,1,1998835989,E. Smith,R,SI,L,0.404780428909,0.888608062727,15.3125358662,15.5090633593,6.07403172799,B,S,-0.68530828308,5.84633514714,91.1254481241,2251.84709335,225.305747888,0.13
3063,2020,5046,VAN,D1 Southeastern Conference,730175232,CARK,324415703,2020-03-03 13:00:00,1,2,2,1,1998835989,E. Smith,R,FA,L,-0.667854114868,3.3261081499,20.1797886094,12.4406394033,6.06176318195,IP,S,-0.816337836396,5.87726062515,92.8087595321,2413.5024884,211.61445257,1.0
3064,2020,5046,VAN,D1 Southeastern Conference,730175232,CARK,324415703,2020-03-03 13:00:00,1,0,0,1,1998835989,E. Smith,R,SL,R,2.21377699501,0.806927216216,11.9555057214,-4.10962974727,5.85875402609,B,IP_OUT,-0.693829900129,5.96004300355,85.213704704,2586.74721576,161.083703004,0.13
3065,2020,5046,VAN,D1 Southeastern Conference,730175232,CARK,324415703,2020-03-03 13:00:00,1,0,0,2,1998835989,E. Smith,R,SL,R,1.09370626314,3.35707421588,4.11345299526,-8.22907246247,5.80669431291,B,IP_OUT,-0.696004526667,5.94734360834,81.3970868392,2526.36892705,116.781054267,0.13
3066,2020,5046,VAN,D1 Southeastern Conference,730175232,CARK,324415703,2020-03-03 13:00:00,1,1,0,2,1998835989,E. Smith,R,FA,R,1.09601064808,1.52655048624,19.3721883681,14.1382038414,6.30769798378,B,IP_OUT,-0.590099339182,6.01194383921,92.5237709864,2403.74709794,216.079495078,0.13
3067,2020,5046,VAN,D1 Southeastern Conference,730175232,CARK,324415703,2020-03-03 13:00:00,1,2,1,2,1998835989,E. Smith,R,FA,R,0.1466300968,2.34837150444,20.5796441389,11.0980907455,6.32295358962,F,IP_OUT,-0.683177462439,6.00414064321,93.1079070343,2360.56161229,208.302172855,-0.15
3068,2020,5046,VAN,D1 Southeastern Conference,730175232,CARK,324415703,2020-03-03 13:00:00,1,2,2,2,1998835989,E. Smith,R,SL,R,1.96270420855,2.6490275535,2.56382820199,-3.80607134339,5.52676811577,B,IP_OUT,-0.199796512005,6.12747151813,80.1524985436,2295.45670091,124.393429553,0.13
3069,2020,5046,VAN,D1 Southeastern Conference,730175232,CARK,324415703,2020-03-03 13:00:00,1,3,2,2,1998835989,E. Smith,R,SL,R,0.0349285409043,2.77061882968,5.68609161522,-1.90347487194,5.92454761836,F,IP_OUT,-0.673222272165,6.00948894401,84.0600666141,2397.82124681,161.604213527,0.0
3070,2020,5046,VAN,D1 Southeastern Conference,730175232,CARK,324415703,2020-03-03 13:00:00,2,0,0,0,1998835989,E. Smith,R,SL,R,0.175508165569,3.65859588909,5.89399586909,-2.28300622706,5.71606465846,B,BB,-0.747539922569,6.04445340504,85.5200537789,2545.26670603,158.943184444,0.13
3071,2020,5046,VAN,D1 Southeastern Conference,730175232,CARK,324415703,2020-03-03 13:00:00,2,1,0,0,1998835989,E. Smith,R,FA,R,-0.507363565445,3.43229600122,13.9559012112,12.0918332561,6.17160000749,F,BB,-0.944132166357,5.89004399198,90.5646877548,2278.9985422,220.842276608,-0.15
3072,2020,5046,VAN,D1 Southeastern Conference,730175232,CARK,324415703,2020-03-03 13:00:00,2,1,1,0,1998835989,E. Smith,R,FA,R,0.227535583643,2.00228854995,15.3321361802,13.3703694826,6.03827590389,SL,BB,-0.734311952142,5.91782424,91.620255271,2289.23405173,221.032404307,-0.15
3073,2020,5046,VAN,D1 Southeastern Conference,730175232,CARK,324415703,2020-03-03 13:00:00,2,1,2,0,1998835989,E. Smith,R,SL,R,2.15029204459,0.0878403718634,0.715300985481,0.104647371743,5.86280772102,B,BB,-0.227364409724,6.14776337066,83.7333656906,2370.30849439,187.912983739,0.13
3074,2020,5046,VAN,D1 Southeastern Conference,730175232,CARK,324415703,2020-03-03 13:00:00,2,2,2,0,1998835989,E. Smith,R,SL,R,1.84079376594,2.32825331353,0.913136379363,-3.12180801585,5.56674058458,B,BB,-0.492049980732,6.0253733343,80.5149903836,2300.35377797,106.992417868,0.13
3075,2020,5046,VAN,D1 Southeastern Conference,730175232,CARK,324415703,2020-03-03 13:00:00,2,3,2,0,1998835989,E. Smith,R,FA,R,-0.370690805628,4.29119810129,18.1727316724,9.95278420971,6.29603907931,B,BB,-0.495684737496,6.05976220119,91.6999178899,2316.98309735,208.667901317,0.8
3076,2020,5046,VAN,D1 Southeastern Conference,730175232,CARK,324415703,2020-03-03 13:00:00,2,0,0,0,1998835989,E. Smith,R,FA,R,0.359647304099,2.95564996234,17.3613003011,11.2658884166,6.31584297826,F,S,-0.7390558076,5.89590502396,90.9328200909,2301.33311262,212.932982967,-0.15
3077,2020,5046,VAN,D1 Southeastern Conference,730175232,CARK,324415703,2020-03-03 13:00:00,2,0,1,0,1998835989,E. Smith,R,SI,R,-0.229796402398,1.70136302512,12.2874953442,14.4971172937,6.23192087997,SL,S,-0.968916390481,5.89614775665,89.9178858642,2161.2965127,229.642286369,-0.15
3078,2020,5046,VAN,D1 Southeastern Conference,730175232,CARK,324415703,2020-03-03 13:00:00,2,0,2,0,1998835989,E. Smith,R,FA,R,0.0141784282693,2.99243530717,15.8397778009,7.96847435974,6.24909976806,IP,S,-0.532700023716,5.85365876499,91.5726452167,2257.16373184,206.660411335,1.0
3079,2020,5046,VAN,D1 Southeastern Conference,730175232,CARK,324415703,2020-03-03 13:00:00,2,0,0,1,1998835989,E. Smith,R,FA,R,0.11219197239,3.14567082561,20.2413459478,6.4500621914,6.17606914781,SS,BB,-0.864888537229,5.93044877744,92.1360048776,2415.16476313,197.649649573,-0.15
3080,2020,5046,VAN,D1 Southeastern Conference,730175232,CARK,324415703,2020-03-03 13:00:00,2,0,1,1,1998835989,E. Smith,R,FA,R,0.640135843318,3.19466838253,17.5460977248,7.13092140178,6.29227712348,SS,BB,-0.778196526544,5.85190028801,93.1640564379,2436.90477133,202.083162649,-0.15
3081,2020,5046,VAN,D1 Southeastern Conference,730175232,CARK,324415703,2020-03-03 13:00:00,2,0,2,1,1998835989,E. Smith,R,FA,R,-0.052268450671,3.92960577151,19.4718236211,7.40552171413,6.35544867363,B,BB,-0.716101936203,6.04513992185,93.1363387071,2384.05217411,200.793557999,0.13
3082,2020,5046,VAN,D1 Southeastern Conference,730175232,CARK,324415703,2020-03-03 13:00:00,2,1,2,1,1998835989,E. Smith,R,FA,R,0.656887861331,3.51460883535,24.2639659212,5.72363545034,6.4768117541,F,BB,-0.585710006043,6.16785824364,92.967379786,2332.03007874,193.256950611,0.0
3083,2020,5046,VAN,D1 Southeastern Conference,730175232,CARK,324415703,2020-03-03 13:00:00,2,1,2,1,1998835989,E. Smith,R,FA,R,-0.232556978266,4.612932212,18.7143283534,9.55790546009,6.32412741918,B,BB,-0.683396918984,5.96181942721,91.8856411992,2278.785858,207.016580965,0.13
3084,2020,5046,VAN,D1 Southeastern Conference,730175232,CARK,324415703,2020-03-03 13:00:00,2,2,2,1,1998835989,E. Smith,R,SL,R,1.77429748356,1.66914827408,-1.17898552983,-3.4326427847,5.52195822162,B,BB,-0.46016646942,5.98358729575,80.3286304596,2326.17136731,71.6645426815,0.13
3085,2020,5046,VAN,D1 Southeastern Conference,730175232,CARK,324415703,2020-03-03 13:00:00,2,3,2,1,1998835989,E. Smith,R,FA,R,-0.349232207475,4.31617656231,16.0785009385,11.7755541502,6.3086323317,B,BB,-0.804514833204,5.90105379551,91.5124229164,2262.75124498,216.165897761,0.8
3086,2020,5046,VAN,D1 Southeastern Conference,730175232,CARK,324415703,2020-03-03 13:00:00,2,0,0,1,1998835989,E. Smith,R,SL,R,1.3096590807,3.91386886333,7.14284142107,-5.69355233066,6.00942361686,B,IP_OUT,-0.749355331328,6.00873575518,81.8915741167,2492.77333103,141.593354557,0.13
3087,2020,5046,VAN,D1 Southeastern Conference,730175232,CARK,324415703,2020-03-03 13:00:00,2,0,1,2,1998835989,E. Smith,R,CU,L,-0.234547158866,4.22268988406,0.873988815764,-5.53992695302,5.66747690647,B,D,-0.456516312928,6.04396599071,78.5324312009,2162.39502339,99.3973461612,0.13
3088,2020,5046,VAN,D1 Southeastern Conference,730175232,CARK,324415703,2020-03-03 13:00:00,2,2,1,2,1998835989,E. Smith,R,FA,L,0.393586364619,1.62394467765,18.1179054779,14.0090768246,6.28095963419,B,D,-0.673144182173,5.86627908219,91.9123762923,2236.34786547,217.664788459,0.13
3089,2020,5046,VAN,D1 Southeastern Conference,730175232,CARK,324415703,2020-03-03 13:00:00,2,3,1,2,1998835989,E. Smith,R,FA,L,-0.576756919073,1.87846653682,17.2548119587,12.7888992672,6.26568969776,IP,D,-0.853320140241,5.79282842831,91.7509680427,2230.42114249,216.495842887,1.26
3090,2020,5046,VAN,D1 Southeastern Conference,730175232,CARK,324415703,2020-03-03 13:00:00,2,0,0,2,1998835989,E. Smith,R,FA,L,-0.74064461054,2.83779026979,20.2916940013,10.6917043383,6.28877104962,F,IP_OUT,-0.841754454006,5.94221521524,92.1144273201,2205.4767989,207.748947232,-0.15
3091,2020,5046,VAN,D1 Southeastern Conference,730175232,CARK,324415703,2020-03-03 13:00:00,2,0,1,2,1998835989,E. Smith,R,CH,L,0.930359566142,0.519513129059,11.8887890164,13.2561065172,6.17428613318,B,IP_OUT,-0.800028446124,5.72243683697,85.6270341692,1984.61162176,228.028532185,0.13
3092,2020,5046,VAN,D1 Southeastern Conference,730175232,CARK,324415703,2020-03-03 13:00:00,3,0,0,0,1123000414,M. Doolin,R,FA,R,0.849710912359,2.47855190605,19.6185241536,7.59980389851,6.58798296778,SL,K,-1.61167253642,5.78736555067,89.5666938015,2473.65809446,201.143723223,-0.15
3093,2020,5046,VAN,D1 Southeastern Conference,730175232,CARK,324415703,2020-03-03 13:00:00,3,0,1,0,1123000414,M. Doolin,R,CU,R,-1.20650623036,1.31346302266,-9.95504705449,-7.23831827067,5.95140201612,B,K,-1.29053693824,6.00410964652,74.9048819304,2131.35584598,36.150818024,0.13
3094,2020,5046,VAN,D1 Southeastern Conference,730175232,CARK,324415703,2020-03-03 13:00:00,3,1,1,0,1123000414,M. Doolin,R,FA,R,0.788043075239,2.06522257493,20.7699648153,7.72353735495,6.48386598639,F,K,-1.44784307695,5.93207356227,89.9054182977,2406.29407204,200.369522187,-0.15
3095,2020,5046,VAN,D1 Southeastern Conference,730175232,CARK,324415703,2020-03-03 13:00:00,3,1,2,0,1123000414,M. Doolin,R,FA,R,1.28980536717,3.10058432837,20.9272960099,5.60658450149,6.67955742426,B,K,-1.4734829894,5.93402761416,90.5716743894,2416.85489796,194.976393974,0.13
3096,2020,5046,VAN,D1 Southeastern Conference,730175232,CARK,324415703,2020-03-03 13:00:00,3,2,2,0,1123000414,M. Doolin,R,FA,R,0.522217883888,2.41352161274,20.7201001779,6.04043416566,6.55074408729,SS,K,-1.57948612255,5.78265924353,88.9874767444,2391.11008118,196.228582391,-0.15
3097,2020,5046,VAN,D1 Southeastern Conference,730175232,CARK,324415703,2020-03-03 13:00:00,3,0,0,1,1123000414,M. Doolin,R,CU,R,-0.0722992186596,2.18391311317,-10.1702324971,-11.810083401,5.62976938439,F,IP_OUT,-1.35437789131,5.98348658459,75.3534944048,2088.29474881,49.3991928803,-0.15
3098,2020,5046,VAN,D1 Southeastern Conference,730175232,CARK,324415703,2020-03-03 13:00:00,3,0,1,1,1123000414,M. Doolin,R,FA,R,0.13513471605,1.26526924663,18.0246360962,8.02468873424,6.58154852259,B,IP_OUT,-1.48747197057,5.97504219834,89.9647908997,2334.89018707,203.961584385,0.13
3099,2020,5046,VAN,D1 Southeastern Conference,730175232,CARK,324415703,2020-03-03 13:00:00,3,1,1,1,1123000414,M. Doolin,R,FA,R,0.425894555384,2.62841760133,22.7551215962,3.70804174791,6.4819509847,F,IP_OUT,-1.281188015,5.77752010095,89.5567179485,2335.65626689,189.242453052,-0.15
3100,2020,5046,VAN,D1 Southeastern Conference,730175232,CARK,324415703,2020-03-03 13:00:00,3,1,2,1,1123000414,M. Doolin,R,FA,R,1.67078903204,2.55236549696,18.2971832913,9.24135644995,6.6417730148,B,IP_OUT,-1.36424751101,5.83572948205,89.7198382192,2450.13514003,206.756892499,0.13
3101,2020,5046,VAN,D1 Southeastern Conference,730175232,CARK,324415703,2020-03-03 13:00:00,3,2,2,1,1123000414,M. Doolin,R,FA,R,1.95924427576,2.85361763272,19.5279495763,7.03182448616,6.67163550328,B,IP_OUT,-1.47412835737,5.77648058019,90.1602919719,2366.30180768,199.77423292,0.13
3102,2020,5046,VAN,D1 Southeastern Conference,730175232,CARK,324415703,2020-03-03 13:00:00,3,0,0,2,1123000414,M. Doolin,R,CU,R,-0.0371095099723,1.79083940647,-13.3698058095,-12.0121134802,6.13004314523,F,K,-1.3909589789,6.05978768834,74.5242570628,2375.14076158,42.0391313238,-0.15
3103,2020,5046,VAN,D1 Southeastern Conference,730175232,CARK,324415703,2020-03-03 13:00:00,3,0,1,2,1123000414,M. Doolin,R,FA,R,-0.725300602997,0.486852121929,15.8267007985,14.9785239013,6.22359190793,B,K,-1.14845214276,5.75431974628,89.5356148773,2218.61417581,223.364274161,0.13
3104,2020,5046,VAN,D1 Southeastern Conference,730175232,CARK,324415703,2020-03-03 13:00:00,3,1,1,2,1123000414,M. Doolin,R,FA,R,1.00449849522,1.58130239974,20.578338061,6.65352311465,6.45356506711,SL,K,-1.61554350502,5.7968907693,89.3795858723,2393.82109966,197.891206657,-0.15
3105,2020,5046,VAN,D1 Southeastern Conference,730175232,CARK,324415703,2020-03-03 13:00:00,3,1,2,2,1123000414,M. Doolin,R,FA,R,1.38386277333,2.30522241708,19.5760982368,6.26519240843,6.5983148177,B,K,-1.39025636517,5.7996265407,89.5519641029,2444.41941375,197.7198397,0.13
3106,2020,5046,VAN,D1 Southeastern Conference,730175232,CARK,324415703,2020-03-03 13:00:00,3,2,2,2,1123000414,M. Doolin,R,FA,R,1.3671044874,1.77656646838,20.2037740749,6.76842401042,6.52369953885,SL,K,-1.54462179612,5.79530728273,89.6442789557,2360.93744044,198.493936105,-0.15
3107,2020,5046,VAN,D1 Southeastern Conference,730175232,CARK,324415703,2020-03-03 13:00:00,4,0,0,0,1123000414,M. Doolin,R,FA,R,-0.0683052282662,2.03917974513,21.0774553308,11.4142391185,6.15884122184,SL,S,-1.69901273012,5.82147972278,88.4284428194,2283.71509597,208.399106664,-0.15
3108,2020,5046,VAN,D1 Southeastern Conference,730175232,CARK,324415703,2020-03-03 13:00:00,4,0,1,0,1123000414,M. Doolin,R,CU,R,0.390559017407,2.3507280334,-10.6884519798,-9.80967207569,5.81185277303,IP,S,-1.23411587511,6.02512556243,74.9722059618,2309.82322913,42.6722414917,1.0
3109,2020,5046,VAN,D1 Southeastern Conference,730175232,CARK,324415703,2020-03-03 13:00:00,4,0,0,0,1123000414,M. Doolin,R,FA,R,0.742481850783,2.68459413909,18.4108830398,10.3625848915,6.39441183337,SL,K,-1.77379115791,5.78444982144,88.3407123112,2215.81972593,209.328850443,-0.15
3110,2020,5046,VAN,D1 Southeastern Conference,730175232,CARK,324415703,2020-03-03 13:00:00,4,0,1,0,1123000414,M. Doolin,R,FA,R,0.269563197344,1.07574225034,21.3152455508,9.49720875749,6.25994113436,B,K,-1.60731477648,5.94598249251,89.1398812461,2299.96085811,203.982978748,0.13
3111,2020,5046,VAN,D1 Southeastern Conference,730175232,CARK,324415703,2020-03-03 13:00:00,4,1,1,0,1123000414,M. Doolin,R,FA,R,0.0593946976454,2.50047754647,19.6831336578,9.07638856207,6.45605524534,F,K,-1.72498847811,5.79649197361,88.1041196437,2244.03023216,204.718736975,-0.15
3112,2020,5046,VAN,D1 Southeastern Conference,730175232,CARK,324415703,2020-03-03 13:00:00,4,1,2,0,1123000414,M. Doolin,R,FA,R,0.300913040576,2.35492229891,24.6887618047,8.20489811043,6.5416300314,F,K,-1.49466519012,5.91825304062,88.7358183064,2281.91490248,198.360393597,0.0
3113,2020,5046,VAN,D1 Southeastern Conference,730175232,CARK,324415703,2020-03-03 13:00:00,4,1,2,0,1123000414,M. Doolin,R,FA,R,0.845361838333,3.79586344522,16.6081895337,6.83802540191,6.54211340403,B,K,-1.61357288345,5.87643925074,89.2462651607,2225.05360634,202.338833426,0.13
3114,2020,5046,VAN,D1 Southeastern Conference,730175232,CARK,324415703,2020-03-03 13:00:00,4,2,2,0,1123000414,M. Doolin,R,CU,R,-0.0198864025471,3.20043739009,-0.954214361835,-9.47047854756,6.15669370411,F,K,-1.42316383367,5.99339622186,75.6392191053,1968.6643457,84.5215371705,0.0
3115,2020,5046,VAN,D1 Southeastern Conference,730175232,CARK,324415703,2020-03-03 13:00:00,4,2,2,0,1123000414,M. Doolin,R,FA,R,0.374194199559,3.13980940066,19.7179498511,5.91385280031,6.49949785028,SS,K,-1.85328733891,5.75462946048,89.7375192176,2291.62510182,196.669519411,-0.15
3116,2020,5046,VAN,D1 Southeastern Conference,730175232,CARK,324415703,2020-03-03 13:00:00,4,0,0,1,1123000414,M. Doolin,R,FA,R,0.197155820949,3.15253311514,20.0841887569,10.1642650833,6.53130800165,SS,K,-1.5623779639,5.8667592287,89.5027334936,2410.30412102,206.806204128,-0.15
3117,2020,5046,VAN,D1 Southeastern Conference,730175232,CARK,324415703,2020-03-03 13:00:00,4,0,1,1,1123000414,M. Doolin,R,FA,R,0.849723829715,1.90325989534,19.6305906027,7.00991960612,6.31188104096,SL,K,-1.48800182342,5.80667779884,90.1088993911,2324.88885707,199.621730613,-0.15
3118,2020,5046,VAN,D1 Southeastern Conference,730175232,CARK,324415703,2020-03-03 13:00:00,4,0,2,1,1123000414,M. Doolin,R,FA,R,0.701908187738,3.17408109984,18.5892222257,8.15543988925,6.34722604886,B,K,-1.62638114161,5.87095286632,90.2219196145,2299.73055395,203.652073968,0.13
3119,2020,5046,VAN,D1 Southeastern Conference,730175232,CARK,324415703,2020-03-03 13:00:00,4,1,2,1,1123000414,M. Doolin,R,FA,R,0.125391617786,3.9175968184,17.2651562732,10.5694049729,6.4394459649,B,K,-1.60206484577,5.77111144481,89.0432152958,2246.6747461,211.426286092,0.13
3120,2020,5046,VAN,D1 Southeastern Conference,730175232,CARK,324415703,2020-03-03 13:00:00,4,2,2,1,1123000414,M. Doolin,R,FA,R,-0.128222355903,2.27282974698,21.0030967782,9.04626573538,6.46498674798,F,K,-1.83421092647,5.88755819951,89.1185209851,2441.95055077,203.269840102,0.0
3121,2020,5046,VAN,D1 Southeastern Conference,730175232,CARK,324415703,2020-03-03 13:00:00,4,2,2,1,1123000414,M. Doolin,R,FA,R,1.29072371698,1.89302153602,21.6215921421,6.79723335286,6.84732260756,SL,K,-1.45156472836,5.86106023021,89.3804647046,2291.24146846,197.427568272,-0.15
3122,2020,5046,VAN,D1 Southeastern Conference,730175232,CARK,324415703,2020-03-03 13:00:00,4,0,0,2,1123000414,M. Doolin,R,CU,R,0.796754776054,1.95906419284,-4.06973967315,-11.0332897579,5.87510508396,SL,BB,-1.32790073379,5.98362364103,76.026283372,2305.9959361,69.961945228,-0.15
3123,2020,5046,VAN,D1 Southeastern Conference,730175232,CARK,324415703,2020-03-03 13:00:00,4,0,1,2,1123000414,M. Doolin,R,CU,R,-0.610114718794,3.79501570855,-9.99500360353,-6.82223139046,6.23706003606,B,BB,-1.5278125971,6.0459529273,74.3585708189,2170.05540419,34.4427332333,0.13
3124,2020,5046,VAN,D1 Southeastern Conference,730175232,CARK,324415703,2020-03-03 13:00:00,4,1,1,2,1123000414,M. Doolin,R,FA,R,1.1007667395,1.29212625044,21.0628401337,8.63615114173,6.51387858326,B,BB,-1.39655556427,5.93438431623,89.3180629624,2334.36583776,202.263780666,0.13
3125,2020,5046,VAN,D1 Southeastern Conference,730175232,CARK,324415703,2020-03-03 13:00:00,4,2,1,2,1123000414,M. Doolin,R,FA,R,-0.0871839276225,2.07479654138,18.4554540354,12.7193936527,6.21642215605,SL,BB,-1.66752101801,5.8035873895,89.1613231297,2270.83084742,214.526887986,-0.15
3126,2020,5046,VAN,D1 Southeastern Conference,730175232,CARK,324415703,2020-03-03 13:00:00,4,2,2,2,1123000414,M. Doolin,R,FA,R,1.37572002078,1.70681930329,19.3255712802,10.6226068651,6.47183329503,B,BB,-1.60738092479,5.77244699086,89.7166194677,2320.08527538,208.75604786,0.13
3127,2020,5046,VAN,D1 Southeastern Conference,730175232,CARK,324415703,2020-03-03 13:00:00,4,3,2,2,1123000414,M. Doolin,R,FA,R,-1.72986923492,2.70121417161,14.1538996766,14.8940648607,6.3904600045,B,BB,-1.67401733868,5.90433781189,89.2976987752,2384.43615332,226.394549081,0.8
3128,2020,5046,VAN,D1 Southeastern Conference,730175232,CARK,324415703,2020-03-03 13:00:00,4,0,0,2,1123000414,M. Doolin,R,CU,L,-0.48143751729,2.51933786748,-12.7517531988,-6.93620113055,5.92734444945,SL,K,-1.48294404295,6.02100180396,74.6548887214,2192.91055029,28.6342353145,-0.15
3129,2020,5046,VAN,D1 Southeastern Conference,730175232,CARK,324415703,2020-03-03 13:00:00,4,0,1,2,1123000414,M. Doolin,R,CU,L,0.643323559879,1.75449034964,-4.17290166408,-13.9655780042,6.35684783163,F,K,-1.36415595054,6.0206822342,75.2226160633,2190.6784164,73.5390341335,-0.15
3130,2020,5046,VAN,D1 Southeastern Conference,730175232,CARK,324415703,2020-03-03 13:00:00,4,0,2,2,1123000414,M. Doolin,R,FA,L,0.902427364839,2.94820336748,17.1931393437,8.02149098961,6.55721839956,B,K,-1.40080128777,5.88595147471,89.9221478147,2346.69227677,204.970952545,0.13
3131,2020,5046,VAN,D1 Southeastern Conference,730175232,CARK,324415703,2020-03-03 13:00:00,4,1,2,2,1123000414,M. Doolin,R,FA,L,1.52618292094,1.40499788767,21.1342104714,8.64532585341,6.61853504437,B,K,-1.53466096236,5.77440728353,89.4103121401,2276.34425461,202.21727759,0.13
3132,2020,5046,VAN,D1 Southeastern Conference,730175232,CARK,324415703,2020-03-03 13:00:00,4,2,2,2,1123000414,M. Doolin,R,CU,L,0.989601083251,1.02024281638,-8.47160372769,-8.04270151726,6.04511983831,SS,K,-1.36685717131,5.96651200705,74.7570193896,2313.67475721,43.6728730124,-0.15
3133,2020,5046,VAN,D1 Southeastern Conference,730175232,CARK,324415703,2020-03-03 13:00:00,5,0,0,0,1639399764,J. Leiter,R,FA,L,-0.449715262179,3.36457766467,23.5404118315,8.84825220008,6.17245268222,F,K,-0.81601712611,5.52629453287,93.9506040496,2371.68911044,200.576186517,-0.15
3134,2020,5046,VAN,D1 Southeastern Conference,730175232,CARK,324415703,2020-03-03 13:00:00,5,0,1,0,1639399764,J. Leiter,R,FA,L,0.71450317033,3.37831436478,17.0334075138,7.83087305796,6.53963688675,F,K,-0.572696444294,5.49956934577,93.7508791313,2291.07152269,204.652137539,-0.15
3135,2020,5046,VAN,D1 Southeastern Conference,730175232,CARK,324415703,2020-03-03 13:00:00,5,0,2,0,1639399764,J. Leiter,R,CU,L,-0.210533044556,-0.297716555299,-10.1116016399,-9.5708380419,5.81776889944,B,K,-0.52783174985,5.73815126065,79.2814580134,2488.65640479,43.5470987819,0.13
3136,2020,5046,VAN,D1 Southeastern Conference,730175232,CARK,324415703,2020-03-03 13:00:00,5,1,2,0,1639399764,J. Leiter,R,FA,L,0.17604382109,3.59187944923,19.9805197974,6.11046793103,6.56915134091,F,K,-0.792701603074,5.56077495769,94.2114037474,2446.09954516,196.981306222,0.0
3137,2020,5046,VAN,D1 Southeastern Conference,730175232,CARK,324415703,2020-03-03 13:00:00,5,1,2,0,1639399764,J. Leiter,R,SL,L,-0.911877691087,3.30765095792,2.1574225727,-9.04189046157,5.85025103461,B,K,-0.992509796541,5.58506756878,81.8393540451,2459.9420633,103.656457177,0.13
3138,2020,5046,VAN,D1 Southeastern Conference,730175232,CARK,324415703,2020-03-03 13:00:00,5,2,2,0,1639399764,J. Leiter,R,FA,L,0.887104698959,2.06715475949,19.5446729104,4.79427838088,6.55079624674,SS,K,-0.750916952723,5.53481618994,94.1163077275,2279.1161206,193.762618865,-0.15
3139,2020,5046,VAN,D1 Southeastern Conference,730175232,CARK,324415703,2020-03-03 13:00:00,5,0,0,1,1639399764,J. Leiter,R,FA,R,-0.384513555437,2.99278339202,22.1039046934,6.70231543558,6.4513534332,F,IP_OUT,-0.902363984418,5.58171281369,94.3042082126,2329.541772,196.847299965,-0.15
3140,2020,5046,VAN,D1 Southeastern Conference,730175232,CARK,324415703,2020-03-03 13:00:00,5,0,1,1,1639399764,J. Leiter,R,FA,R,-0.337553671837,3.56917657899,19.3848955352,7.03283909144,6.58155120073,B,IP_OUT,-0.796218155101,5.51920799304,94.2984661372,2285.06399386,199.913532843,0.13
3141,2020,5046,VAN,D1 Southeastern Conference,730175232,CARK,324415703,2020-03-03 13:00:00,5,1,1,1,1639399764,J. Leiter,R,CU,R,-0.785947131627,3.84003255929,-10.6319626575,-10.6554189223,5.4890737296,B,IP_OUT,-0.628768117043,5.83802966145,75.7561992084,2240.88801248,45.1892470522,0.13
3142,2020,5046,VAN,D1 Southeastern Conference,730175232,CARK,324415703,2020-03-03 13:00:00,5,2,1,1,1639399764,J. Leiter,R,SL,R,0.137267811953,2.94093654533,12.6161023364,-10.6280239147,5.51800103914,F,IP_OUT,-1.07526694771,5.63337864754,80.9072451757,2318.63208073,139.978978694,-0.15
3143,2020,5046,VAN,D1 Southeastern Conference,730175232,CARK,324415703,2020-03-03 13:00:00,5,2,2,1,1639399764,J. Leiter,R,FA,R,-0.420252549398,3.67345037577,23.9094730556,5.25958204411,6.41830204442,B,IP_OUT,-0.626398822462,5.70386065436,94.8372295158,2196.80642343,192.391774865,0.13
3144,2020,5046,VAN,D1 Southeastern Conference,730175232,CARK,324415703,2020-03-03 13:00:00,5,0,0,2,1639399764,J. Leiter,R,FA,R,0.245801012769,2.59947612323,21.6256305819,6.41859039409,6.65919880227,F,K,-0.695809337709,5.47079174452,93.5926488647,2311.07635822,196.509967095,-0.15
3145,2020,5046,VAN,D1 Southeastern Conference,730175232,CARK,324415703,2020-03-03 13:00:00,5,0,1,2,1639399764,J. Leiter,R,FA,R,0.432567989368,2.31134756088,20.9238142195,4.991226012,6.55055806044,F,K,-0.58495206238,5.54556764216,92.7632678793,2297.70088119,193.398127829,-0.15
3146,2020,5046,VAN,D1 Southeastern Conference,730175232,CARK,324415703,2020-03-03 13:00:00,6,0,0,1,1820844278,N. Maldonado,R,SI,R,-0.980795602313,2.07376422346,12.1353209138,15.459577441,5.77100921942,SS,IP_OUT,-0.663483758735,6.1256981167,90.1834042609,2511.12104013,231.794668362,-0.15
3147,2020,5046,VAN,D1 Southeastern Conference,730175232,CARK,324415703,2020-03-03 13:00:00,6,0,0,2,1820844278,N. Maldonado,R,CU,R,0.211219691367,1.00609502096,-5.01421262099,-11.2346556595,5.06665430294,B,K,-0.51650142292,6.19364064758,76.829639996,2482.57799742,66.1455702873,0.13
3148,2020,5046,VAN,D1 Southeastern Conference,730175232,CARK,324415703,2020-03-03 13:00:00,6,1,0,2,1820844278,N. Maldonado,R,SI,R,-0.511833733631,3.06760148964,18.1626457479,13.6773799359,5.72448183492,F,K,-0.551611460026,6.28481889205,91.9293247013,2559.24103245,216.933147741,-0.15
3149,2020,5046,VAN,D1 Southeastern Conference,730175232,CARK,324415703,2020-03-03 13:00:00,6,1,1,2,1820844278,N. Maldonado,R,CU,R,0.691097160331,1.59527541147,-8.56188680952,-5.2702483115,5.29247649304,SS,K,-0.388698897477,6.28177189533,79.8253024332,2595.97855926,31.742703999,-0.15
3150,2020,5046,VAN,D1 Southeastern Conference,730175232,CARK,324415703,2020-03-03 13:00:00,6,1,2,2,1820844278,N. Maldonado,R,CU,R,1.50801869175,0.693725912809,-8.90897192394,-10.8105284906,5.13121273092,B,K,-0.381239483141,6.42004076385,77.2206160197,2593.14845526,50.6540746531,0.13
3151,2020,5046,VAN,D1 Southeastern Conference,730175232,CARK,324415703,2020-03-03 13:00:00,6,2,2,2,1820844278,N. Maldonado,R,CU,R,0.148752305268,1.28229814537,-9.88901685615,-7.34129371948,5.01237058982,SL,K,-0.4435646273,6.25460414752,78.543649766,2511.64406297,36.713116245,-0.15
3152,2020,5046,VAN,D1 Southeastern Conference,730175232,CARK,324415703,2020-03-03 13:00:00,7,0,0,0,1820844278,N. Maldonado,R,SI,R,-1.4661241915,2.16845682833,9.49347489881,14.5231806626,5.75321044434,B,IP_OUT,-0.838879913482,6.08134934525,88.5610958373,2340.21390648,236.73372453,0.13
3153,2020,5046,VAN,D1 Southeastern Conference,730175232,CARK,324415703,2020-03-03 13:00:00,7,1,0,0,1820844278,N. Maldonado,R,FA,R,0.827419172933,1.11344867223,19.2039049424,7.41856210022,5.79515402063,B,IP_OUT,-0.936550237972,6.15045771089,88.7087889011,2398.98061292,201.087978875,0.13
3154,2020,5046,VAN,D1 Southeastern Conference,730175232,CARK,324415703,2020-03-03 13:00:00,7,2,0,0,1820844278,N. Maldonado,R,SI,R,-0.854586244743,2.49646480976,10.3978167685,16.2470865285,5.77867546349,F,IP_OUT,-0.81976816482,6.07834154078,88.8493829932,2275.27726833,237.296076923,-0.15
3155,2020,5046,VAN,D1 Southeastern Conference,730175232,CARK,324415703,2020-03-03 13:00:00,7,0,0,1,1820844278,N. Maldonado,R,CU,R,1.5700157754,0.675625007169,-8.59740802264,-12.6748353283,5.22020177129,B,BB,-0.759728976189,6.24476325853,77.146794728,2444.91861428,55.9940070817,0.13
3156,2020,5046,VAN,D1 Southeastern Conference,730175232,CARK,324415703,2020-03-03 13:00:00,7,1,0,1,1820844278,N. Maldonado,R,SI,R,-1.27486583302,4.49547285287,16.6993187364,11.6198933681,5.78157411342,B,BB,-0.652939191058,6.22868631036,89.8903311929,2529.41148471,214.778486392,0.13
3157,2020,5046,VAN,D1 Southeastern Conference,730175232,CARK,324415703,2020-03-03 13:00:00,7,2,0,1,1820844278,N. Maldonado,R,SI,R,0.344592433729,1.22512691346,11.9230155023,13.9511043764,5.71473354977,B,BB,-0.662258991588,6.16951849159,89.723701262,2474.74149614,229.403334057,0.13
3158,2020,5046,VAN,D1 Southeastern Conference,730175232,CARK,324415703,2020-03-03 13:00:00,7,3,0,1,1820844278,N. Maldonado,R,FA,R,0.0590550114147,3.48251484399,13.0387552469,3.43841140949,5.72432096576,B,BB,-0.758452038095,6.20674442228,88.5893658323,2387.71772089,194.736554465,0.8
3159,2020,5046,VAN,D1 Southeastern Conference,730175232,CARK,324415703,2020-03-03 13:00:00,7,0,0,1,1820844278,N. Maldonado,R,CU,L,-0.097469407872,2.40034581902,-6.33434396752,-8.81890269824,5.31902967924,SL,DP,-0.735538795425,6.21361788777,74.4926472296,2402.83511744,54.5201351977,-0.15
3160,2020,5046,VAN,D1 Southeastern Conference,730175232,CARK,324415703,2020-03-03 13:00:00,7,0,1,1,1820844278,N. Maldonado,R,CH,L,-1.68901239698,2.09044300913,8.96686189784,7.47494590603,5.45225575185,B,DP,-0.848126259959,6.0491131556,78.9687236373,1921.93231618,219.680363081,0.13
3161,2020,5046,VAN,D1 Southeastern Conference,730175232,CARK,324415703,2020-03-03 13:00:00,7,1,1,1,1820844278,N. Maldonado,R,CU,L,0.386529573418,0.678230994272,-5.00062205681,-8.64366277653,5.30765749976,SS,DP,-0.628756223536,6.25631319613,76.8909912273,2506.67351281,60.1763383166,-0.15
3162,2020,5046,VAN,D1 Southeastern Conference,730175232,CARK,324415703,2020-03-03 13:00:00,7,1,2,1,1820844278,N. Maldonado,R,CU,L,-0.847405841817,2.28749176485,-9.9509156418,-9.05459362245,5.10581441491,F,DP,-0.649198275362,6.26222801609,77.4581839811,2447.75917501,42.4303708149,0.0
3163,2020,5046,VAN,D1 Southeastern Conference,730175232,CARK,324415703,2020-03-03 13:00:00,7,1,2,1,1820844278,N. Maldonado,R,CU,L,0.693222266253,0.0042173606936,-1.90005497739,-12.9057926562,5.16468692873,B,DP,-0.508237350125,6.30703304166,76.3632628539,2497.63783477,81.827080058,0.13
3164,2020,5046,VAN,D1 Southeastern Conference,730175232,CARK,324415703,2020-03-03 13:00:00,7,2,2,1,1820844278,N. Maldonado,R,SI,L,-0.384669472664,4.13220802565,11.1919602364,14.5541514748,5.72807779119,B,DP,-0.884011854485,6.20975005135,89.7851527937,2437.97315521,232.35791439,0.13
3165,2020,5046,VAN,D1 Southeastern Conference,730175232,CARK,324415703,2020-03-03 13:00:00,7,3,2,1,1820844278,N. Maldonado,R,FA,L,0.153600146745,2.4273840565,19.2022185496,7.78912668461,5.86763935118,IP,DP,-0.672398479573,6.12586616552,91.144879194,2515.0634556,202.04604132,-0.21
3166,2020,5046,VAN,D1 Southeastern Conference,730175232,CARK,324415703,2020-03-03 13:00:00,8,0,0,0,1509010783,L. Murphy,R,SL,L,-0.206964361443,2.22207489228,-3.16397681492,-6.81908121455,5.57929822143,SL,S,-1.93085277322,5.8211474993,79.8093829325,2387.41109175,65.4002251505,-0.15
3167,2020,5046,VAN,D1 Southeastern Conference,730175232,CARK,324415703,2020-03-03 13:00:00,8,0,1,0,1509010783,L. Murphy,R,SL,L,-0.5481001523,2.33498505085,-3.50282020788,-12.5882696445,5.81509047132,SL,S,-1.83044626249,5.8965595189,81.0242336949,2514.98613244,74.6216779257,-0.15
3168,2020,5046,VAN,D1 Southeastern Conference,730175232,CARK,324415703,2020-03-03 13:00:00,8,0,2,0,1509010783,L. Murphy,R,FA,L,-1.42073117187,3.40439770138,20.0810662345,13.6598103907,6.01053849805,IP,S,-1.83307259668,6.08462969117,95.9809281503,2511.44636381,214.186819649,1.0
3169,2020,5046,VAN,D1 Southeastern Conference,730175232,CARK,324415703,2020-03-03 13:00:00,8,0,0,0,1509010783,L. Murphy,R,FA,R,-0.189999268485,2.66789742232,21.6231021578,10.8265894464,6.20855041133,F,BB,-1.94467643438,5.97690314709,94.309864188,2420.0908624,206.565513484,-0.15
3170,2020,5046,VAN,D1 Southeastern Conference,730175232,CARK,324415703,2020-03-03 13:00:00,8,0,1,0,1509010783,L. Murphy,R,FA,R,0.0997792780368,2.88645911628,12.9876294824,6.81591044139,6.31056175379,F,BB,-1.76484749818,5.7166444641,94.8728817062,2401.22477681,207.638428826,-0.15
3171,2020,5046,VAN,D1 Southeastern Conference,730175232,CARK,324415703,2020-03-03 13:00:00,8,0,2,0,1509010783,L. Murphy,R,FA,R,0.855669321366,3.08008463243,15.4648593925,10.2944721841,6.24404548865,B,BB,-1.69015906696,5.89210686987,95.4497587606,2380.77391653,213.601925275,0.13
3172,2020,5046,VAN,D1 Southeastern Conference,730175232,CARK,324415703,2020-03-03 13:00:00,8,1,2,0,1509010783,L. Murphy,R,SL,R,1.679699219,2.74502494408,-3.29339465457,-12.0272509763,5.78218089587,B,BB,-1.67056888383,5.94063221759,81.7173932392,2563.66935596,74.8630292356,0.13
3173,2020,5046,VAN,D1 Southeastern Conference,730175232,CARK,324415703,2020-03-03 13:00:00,8,2,2,0,1509010783,L. Murphy,R,SL,R,0.851719636965,1.08032161947,-5.52130228252,-14.2177391165,5.74536552725,B,BB,-1.55617866265,5.86794460347,80.1951882997,2496.81490941,68.9226262599,0.13
3174,2020,5046,VAN,D1 Southeastern Conference,730175232,CARK,324415703,2020-03-03 13:00:00,8,3,2,0,1509010783,L. Murphy,R,FA,R,0.841555171311,1.4459198944,19.5340916353,11.0342620513,6.27191607619,B,BB,-1.7516192605,5.84160260172,94.51843812,2494.86127353,209.424348513,0.8
3175,2020,5046,VAN,D1 Southeastern Conference,730175232,CARK,324415703,2020-03-03 13:00:00,8,0,0,0,1509010783,L. Murphy,R,FA,R,0.818325799224,4.49955582806,17.8100973513,7.73307711243,6.37075078563,B,K,-1.66883777211,5.87494223388,94.0084261576,2429.45426528,203.436031167,0.13
3176,2020,5046,VAN,D1 Southeastern Conference,730175232,CARK,324415703,2020-03-03 13:00:00,8,1,0,0,1509010783,L. Murphy,R,SL,R,1.09847256427,3.34519166703,-6.11224175178,-13.2919812874,5.79680936067,SL,K,-1.69674990384,5.89143542778,79.1159431764,2444.33629063,65.4558096274,-0.15
3177,2020,5046,VAN,D1 Southeastern Conference,730175232,CARK,324415703,2020-03-03 13:00:00,8,1,1,0,1509010783,L. Murphy,R,FA,R,0.805889894341,2.37674728308,18.1961307873,8.32083354422,6.38731152304,SL,K,-1.70800046294,5.88085465497,93.2608952513,2355.41091907,204.538547743,-0.15
3178,2020,5046,VAN,D1 Southeastern Conference,730175232,CARK,324415703,2020-03-03 13:00:00,8,1,2,0,1509010783,L. Murphy,R,SL,R,0.741995131003,1.54605971899,-5.1098249303,-11.853851118,5.73285405368,SS,K,-1.73678537948,5.78612229486,79.9531058262,2532.31932417,66.8512301504,-0.15
3179,2020,5046,VAN,D1 Southeastern Conference,730175232,CARK,324415703,2020-03-03 13:00:00,8,0,0,1,1509010783,L. Murphy,R,SL,R,0.935826923313,2.70458654127,1.74053285026,-13.4094013595,5.89837265048,B,K,-1.9098117289,5.88398379347,81.0285573237,2442.85603009,97.5643723752,0.13
3180,2020,5046,VAN,D1 Southeastern Conference,730175232,CARK,324415703,2020-03-03 13:00:00,8,1,0,1,1509010783,L. Murphy,R,FA,R,0.750502550187,3.09719411483,18.8305919811,7.66208535545,6.27121362907,SL,K,-1.58574058666,5.89416448181,94.0513558775,2414.81469347,202.109984458,-0.15
3181,2020,5046,VAN,D1 Southeastern Conference,730175232,CARK,324415703,2020-03-03 13:00:00,8,1,1,1,1509010783,L. Murphy,R,FA,R,0.649411575606,3.13110283623,20.5697668403,9.89752680098,6.43030794948,SS,K,-1.83308258532,5.91207072603,92.7349175651,2355.96475118,205.662588759,-0.15
3182,2020,5046,VAN,D1 Southeastern Conference,730175232,CARK,324415703,2020-03-03 13:00:00,8,1,2,1,1509010783,L. Murphy,R,SL,R,0.693813385962,3.0058597246,-3.73553392795,-16.8123326514,5.69658116899,SS,K,-1.65966080276,5.94182328694,81.1184830277,2566.87818648,77.6041790306,-0.15
3183,2020,5046,VAN,D1 Southeastern Conference,730175232,CARK,324415703,2020-03-03 13:00:00,8,0,0,2,1509010783,L. Murphy,R,SL,R,0.772528263633,2.65765816055,0.443120065164,-16.8539025069,5.73329966736,SL,IP_OUT,-1.73362660047,5.87274210929,80.3205566579,2402.20125717,91.6456124941,-0.15
3184,2020,5046,VAN,D1 Southeastern Conference,730175232,CARK,324415703,2020-03-03 13:00:00,8,0,1,2,1509010783,L. Murphy,R,SL,R,1.49145190733,2.47623636755,-5.46652372463,-13.0419036435,5.8172708943,B,IP_OUT,-1.78370611209,5.81885459186,80.4487262283,2460.39310493,67.412906899,0.13
3185,2020,5046,VAN,D1 Southeastern Conference,730175232,CARK,324415703,2020-03-03 13:00:00,8,1,1,2,1509010783,L. Murphy,R,FA,R,1.25595750267,2.26677270011,18.7034959822,6.5180630989,6.4033268686,SS,IP_OUT,-1.7544640275,5.85712828144,93.493746939,2390.16975304,199.185111867,-0.15
3186,2020,5046,VAN,D1 Southeastern Conference,730175232,CARK,324415703,2020-03-03 13:00:00,9,0,0,0,1001017699,C. McElvain,R,FA,R,-1.09553915021,4.52913825124,21.5083952484,10.4534434513,6.14356704863,B,IP_OUT,-1.01128589042,5.92306327444,92.9225377998,2192.32364913,205.888785456,0.13
3187,2020,5046,VAN,D1 Southeastern Conference,730175232,CARK,324415703,2020-03-03 13:00:00,9,1,0,0,1001017699,C. McElvain,R,FA,R,-0.276243932101,1.85221445314,22.8469658114,11.0176482914,6.25316520869,SL,IP_OUT,-0.892947318917,5.82478228192,90.7475285901,2137.91355424,205.713979889,-0.15
3188,2020,5046,VAN,D1 Southeastern Conference,730175232,CARK,324415703,2020-03-03 13:00:00,9,1,1,0,1001017699,C. McElvain,R,FA,R,-0.115902030898,3.47599092922,22.3568747336,8.78189231321,6.23319526631,F,IP_OUT,-0.955254945183,5.88601957994,91.5096655964,2151.21603758,201.417987102,-0.15
3189,2020,5046,VAN,D1 Southeastern Conference,730175232,CARK,324415703,2020-03-03 13:00:00,9,0,0,1,1001017699,C. McElvain,R,FA,R,0.0313097632266,3.81886450932,24.481724138,5.31301306852,6.20072633357,SS,S,-1.10552131501,6.01362187728,91.4091575892,2257.69926643,192.22935501,-0.15
3190,2020,5046,VAN,D1 Southeastern Conference,730175232,CARK,324415703,2020-03-03 13:00:00,9,0,1,1,1001017699,C. McElvain,R,FA,R,-0.45967602268,4.70098757763,21.6458110062,6.38007288157,6.25560436955,B,S,-0.937915893694,6.04193094654,91.1259424244,2239.37268332,196.400485946,0.13
3191,2020,5046,VAN,D1 Southeastern Conference,730175232,CARK,324415703,2020-03-03 13:00:00,9,1,1,1,1001017699,C. McElvain,R,SL,R,-0.582318502957,2.92374155927,-5.96637469234,-11.3530602385,5.68458949136,SL,S,-0.782439892906,5.96575523488,77.8774753642,2478.59180203,62.4494227194,-0.15
3192,2020,5046,VAN,D1 Southeastern Conference,730175232,CARK,324415703,2020-03-03 13:00:00,9,1,2,1,1001017699,C. McElvain,R,SL,R,1.49145274794,2.51649884616,-4.63355120116,-10.2244785699,5.55339402031,IP,S,-0.92630802234,6.10414012541,78.8415007071,2520.97351398,65.8197901276,1.0
3193,2020,5046,VAN,D1 Southeastern Conference,730175232,CARK,324415703,2020-03-03 13:00:00,9,0,0,1,1001017699,C. McElvain,R,FA,R,0.0379718396051,2.96750715402,24.3432555576,9.77627936111,6.03327725271,SS,K,-1.17935410648,6.16316814678,90.6164620786,2166.93893886,201.854460158,-0.15
3194,2020,5046,VAN,D1 Southeastern Conference,730175232,CARK,324415703,2020-03-03 13:00:00,9,0,1,1,1001017699,C. McElvain,R,FA,R,0.776623337122,2.61307432641,23.6655883175,5.50521416444,5.92132861063,SL,K,-1.17820475356,6.00493966857,90.3730824453,2218.9942155,193.078377322,-0.15
3195,2020,5046,VAN,D1 Southeastern Conference,730175232,CARK,324415703,2020-03-03 13:00:00,9,0,2,1,1001017699,C. McElvain,R,SI,R,1.43077972314,2.55810363779,15.0045761983,13.8545689902,6.16934598942,B,K,-1.09844056617,5.92386907334,90.8988274529,2180.09790526,222.658190748,0.13
3196,2020,5046,VAN,D1 Southeastern Conference,730175232,CARK,324415703,2020-03-03 13:00:00,9,1,2,1,1001017699,C. McElvain,R,SL,R,0.130278126281,4.27845810822,-2.76731081923,-11.1535210821,5.50823193443,B,K,-1.02819229756,6.02901100867,77.4505361103,2465.231159,76.2801316349,0.13
3197,2020,5046,VAN,D1 Southeastern Conference,730175232,CARK,324415703,2020-03-03 13:00:00,9,2,2,1,1001017699,C. McElvain,R,FA,R,0.0159950622798,3.74894057293,20.6555455014,10.0699667259,5.91098023775,SS,K,-1.09719010149,5.99447640227,90.5628687592,2166.83074042,205.955150187,-0.15
3198,2020,5046,VAN,D1 Southeastern Conference,730175232,CARK,324415703,2020-03-03 13:00:00,9,0,0,2,1001017699,C. McElvain,R,FA,L,-0.187029908929,2.34253254687,22.5500495788,11.3725115656,5.88154573388,SS,K,-1.22868077383,6.04489904478,90.0930079647,2216.15101246,206.729797186,-0.15
3199,2020,5046,VAN,D1 Southeastern Conference,730175232,CARK,324415703,2020-03-03 13:00:00,9,0,1,2,1001017699,C. McElvain,R,FA,L,-0.954997110904,1.51985037844,22.3027542489,10.0026723084,5.95672431721,B,K,-1.04777674452,5.9675271053,91.6781789264,2185.79009291,204.126060688,0.13
3200,2020,5046,VAN,D1 Southeastern Conference,730175232,CARK,324415703,2020-03-03 13:00:00,9,1,1,2,1001017699,C. McElvain,R,FA,L,-0.838353399776,1.68201981192,19.8940078595,10.5983474316,5.98873193048,SL,K,-0.884349856565,5.87574798711,91.7843267316,2146.57197076,208.009010294,-0.15
3201,2020,5046,VAN,D1 Southeastern Conference,730175232,CARK,324415703,2020-03-03 13:00:00,9,1,2,2,1001017699,C. McElvain,R,FA,L,-0.911244151828,4.36334688077,23.4364794556,7.50982617982,5.82355065796,B,K,-0.959927324218,5.96974052649,92.3891629647,2253.28412978,197.745291226,0.13
3202,2020,5046,VAN,D1 Southeastern Conference,730175232,CARK,324415703,2020-03-03 13:00:00,9,2,2,2,1001017699,C. McElvain,R,FA,L,0.120002955579,1.64173196637,23.5616548399,9.14687450673,6.08389607977,SS,K,-0.948014838018,5.9756097268,91.4442528537,2215.71663384,201.191094525,-0.15
3203,2020,3032,TXAM,D1 Southeastern Conference,730225152,IW,223465401,2020-02-26 13:00:00,1,0,0,1,1175199295,J. Childress,L,FA,R,-0.128354034594,2.28000776439,18.9678440459,-9.2810249179,6.37049271435,SL,K,1.50050865902,6.50095055987,89.4597611773,2426.17706719,153.965833553,-0.15
3204,2020,3032,TXAM,D1 Southeastern Conference,730225152,IW,223465401,2020-02-26 13:00:00,1,0,1,1,1175199295,J. Childress,L,FA,R,0.976245434335,3.09402677519,20.3388046844,-9.21454758897,6.32590076917,F,K,1.48853669736,6.48469771032,90.4879109447,2428.13985459,155.660551502,-0.15
3205,2020,3032,TXAM,D1 Southeastern Conference,730225152,IW,223465401,2020-02-26 13:00:00,1,0,2,1,1175199295,J. Childress,L,SL,R,0.177080803869,1.63947573063,-4.19994567946,1.58416092351,5.80698000453,SS,K,1.50910877994,6.49439878105,80.9503241233,2293.54317183,339.151562902,-0.15
3206,2020,3032,TXAM,D1 Southeastern Conference,730225152,IW,223465401,2020-02-26 13:00:00,1,0,0,2,1175199295,J. Childress,L,FA,L,-0.534360378733,0.457512134284,21.6682266196,-7.50568468925,6.58912468875,B,IP_OUT,1.40051586072,6.34768970498,87.9537773277,2281.00692449,160.921803171,0.13
3207,2020,3032,TXAM,D1 Southeastern Conference,730225152,IW,223465401,2020-02-26 13:00:00,1,1,0,2,1175199295,J. Childress,L,FA,L,-1.16337663326,0.50629868955,21.3213734915,-6.17466363328,6.71610527343,B,IP_OUT,1.72253241754,6.32821970229,89.7121705827,2419.6647679,163.871959049,0.13
3208,2020,3032,TXAM,D1 Southeastern Conference,730225152,IW,223465401,2020-02-26 13:00:00,2,0,0,0,1175199295,J. Childress,L,FA,R,0.304038403635,3.42146851508,20.0445249927,-8.3811838319,6.60660760715,F,K,1.56881697934,6.52437205193,88.7589590821,2416.50139702,157.341655306,-0.15
3209,2020,3032,TXAM,D1 Southeastern Conference,730225152,IW,223465401,2020-02-26 13:00:00,2,0,1,0,1175199295,J. Childress,L,FA,R,-0.113121367278,3.46981960647,19.7727360731,-8.86473914803,6.3425788972,SS,K,1.37099739431,6.54524939284,89.5186476893,2326.16265182,155.886612307,-0.15
3210,2020,3032,TXAM,D1 Southeastern Conference,730225152,IW,223465401,2020-02-26 13:00:00,2,0,2,0,1175199295,J. Childress,L,SL,R,0.220928021091,3.03798213339,-2.17927606158,3.71332958628,5.56209336429,F,K,1.47099228267,6.4584632918,78.8983212353,2191.18789187,299.919040046,0.0
3211,2020,3032,TXAM,D1 Southeastern Conference,730225152,IW,223465401,2020-02-26 13:00:00,2,0,2,0,1175199295,J. Childress,L,FA,R,0.859857193342,2.32941824195,19.0766314444,-7.04365306956,6.37424532233,SL,K,1.6266051959,6.52263007702,90.8358502659,2311.01419245,159.764917432,-0.15
3212,2020,3032,TXAM,D1 Southeastern Conference,730225152,IW,223465401,2020-02-26 13:00:00,2,0,0,1,1175199295,J. Childress,L,FA,L,-1.10869266975,3.17639246083,20.2160433663,-7.80711887293,6.71376378024,SL,K,1.61328357753,6.41899932755,90.0388894905,2339.91136594,158.914488407,-0.15
3213,2020,3032,TXAM,D1 Southeastern Conference,730225152,IW,223465401,2020-02-26 13:00:00,2,0,1,1,1175199295,J. Childress,L,SL,L,0.870412383699,2.1965622373,-0.602097774372,4.45773595101,5.77105551446,SL,K,1.66421754568,6.50031650318,79.480110638,2303.24462927,277.158492525,-0.15
3214,2020,3032,TXAM,D1 Southeastern Conference,730225152,IW,223465401,2020-02-26 13:00:00,2,0,2,1,1175199295,J. Childress,L,SL,L,-1.38376580964,1.69853343803,-0.857826127137,5.85813525125,5.72037581129,B,K,2.15416649824,6.03748705636,78.8903017028,2278.89531351,277.919298118,0.13
3215,2020,3032,TXAM,D1 Southeastern Conference,730225152,IW,223465401,2020-02-26 13:00:00,2,1,2,1,1175199295,J. Childress,L,SL,L,-1.46287462083,0.21690460619,-3.62604815213,6.51642143688,5.62236511557,SS,K,2.00786019001,6.23862446237,82.1860924033,2425.90726134,298.828855432,-0.15
3216,2020,3032,TXAM,D1 Southeastern Conference,730225152,IW,223465401,2020-02-26 13:00:00,2,0,0,2,1175199295,J. Childress,L,FA,R,-0.402414177797,1.48353847179,20.2885528587,-8.57758142968,6.5753855806,B,S,1.769171078,6.41241289342,90.5215498619,2341.70582433,157.114298761,0.13
3217,2020,3032,TXAM,D1 Southeastern Conference,730225152,IW,223465401,2020-02-26 13:00:00,2,1,0,2,1175199295,J. Childress,L,CH,R,0.309149536686,1.61248398179,12.7035700548,-7.61259608589,6.46624115336,IP,S,1.7182423644,6.25660913313,83.7162809683,1545.30798809,149.140673117,1.0
3218,2020,3032,TXAM,D1 Southeastern Conference,730225152,IW,223465401,2020-02-26 13:00:00,2,0,0,2,1175199295,J. Childress,L,FA,R,-0.544548992242,0.372849341471,17.9553257793,-9.56927167085,6.58636253866,B,S,1.86598072463,6.35350937646,88.2974158181,2408.13805728,151.988614374,0.13
3219,2020,3032,TXAM,D1 Southeastern Conference,730225152,IW,223465401,2020-02-26 13:00:00,2,1,0,2,1175199295,J. Childress,L,FA,R,0.0652444573018,2.08161835505,21.0731361621,-8.62415943614,6.59574213319,SL,S,1.98510061538,6.29706672453,87.9752827377,2349.92025269,157.774826163,-0.15
3220,2020,3032,TXAM,D1 Southeastern Conference,730225152,IW,223465401,2020-02-26 13:00:00,2,1,1,2,1175199295,J. Childress,L,FA,R,0.466182850827,1.93774033843,20.7513077152,-9.37192603689,6.52418894019,IP,S,1.80771866933,6.44753922374,87.7032903016,2422.97771961,155.72942334,1.0
3221,2020,3032,TXAM,D1 Southeastern Conference,730225152,IW,223465401,2020-02-26 13:00:00,2,0,0,2,1175199295,J. Childress,L,CU,L,0.32961163172,3.29316223519,0.456261785173,8.87176752803,6.04221059328,SL,IP_OUT,2.32518731748,6.09467877475,75.805473411,2194.14949421,266.76303548,-0.15
3222,2020,3032,TXAM,D1 Southeastern Conference,730225152,IW,223465401,2020-02-26 13:00:00,2,0,1,2,1175199295,J. Childress,L,FA,L,1.63106966727,3.77515750183,20.7881847139,-8.16673189068,6.68536837561,B,IP_OUT,2.00737239024,6.35246726105,87.4356958183,2301.28064714,158.583881096,0.13
3223,2020,3032,TXAM,D1 Southeastern Conference,730225152,IW,223465401,2020-02-26 13:00:00,2,1,1,2,1175199295,J. Childress,L,FA,L,-1.0833977599,2.17469160333,20.8939635571,-8.47455889983,6.88940457512,B,IP_OUT,1.95402811318,6.28181199865,87.6683857082,2452.65166819,157.954225413,0.13
3224,2020,3032,TXAM,D1 Southeastern Conference,730225152,IW,223465401,2020-02-26 13:00:00,2,2,1,2,1175199295,J. Childress,L,FA,L,-0.551757119573,2.29329187633,18.1590330638,-10.058180459,7.06220089352,SL,IP_OUT,1.94561423429,6.30084070757,86.6169655973,2341.48291721,151.06306835,-0.15
3225,2020,3032,TXAM,D1 Southeastern Conference,730225152,IW,223465401,2020-02-26 13:00:00,2,2,2,2,1175199295,J. Childress,L,SL,L,-2.25516470067,1.01844233078,-0.243226259171,6.16272810062,6.27040828172,B,IP_OUT,2.16584477686,6.24383540132,80.1694834966,2225.03724832,271.885710486,0.13
3226,2020,3032,TXAM,D1 Southeastern Conference,730225152,IW,223465401,2020-02-26 13:00:00,3,0,0,0,1175199295,J. Childress,L,FA,R,0.1916435439,2.55714665696,20.6138565164,-4.54345168274,6.71330610458,SL,BB,1.53521451544,6.45570224295,86.5381897044,2441.07889555,167.59020143,-0.15
3227,2020,3032,TXAM,D1 Southeastern Conference,730225152,IW,223465401,2020-02-26 13:00:00,3,0,1,0,1175199295,J. Childress,L,SL,R,-0.504072107837,1.71341102307,-3.96927873637,7.27876437614,5.44806852021,B,BB,1.71383373212,6.43007502461,78.0167617813,2311.15148854,298.339514014,0.13
3228,2020,3032,TXAM,D1 Southeastern Conference,730225152,IW,223465401,2020-02-26 13:00:00,3,1,1,0,1175199295,J. Childress,L,SL,R,1.6216492603,2.96709973287,-4.661636038,6.86463724749,5.71741884257,B,BB,1.44479108362,6.58222543825,76.6124581169,2220.58550466,303.922438526,0.13
3229,2020,3032,TXAM,D1 Southeastern Conference,730225152,IW,223465401,2020-02-26 13:00:00,3,2,1,0,1175199295,J. Childress,L,FA,R,-0.249082483749,1.06817966074,15.3642265804,-11.7624407093,6.87778921567,B,BB,1.7102830766,6.28657986437,86.9816363697,2298.29681511,142.623633859,0.13
3230,2020,3032,TXAM,D1 Southeastern Conference,730225152,IW,223465401,2020-02-26 13:00:00,3,3,1,0,1175199295,J. Childress,L,FA,R,-0.482314278329,2.13432363748,17.2845520841,-4.67866179525,6.66178810971,SL,BB,1.63547216446,6.40942465771,86.6876835516,2399.29167496,164.882305793,-0.15
3231,2020,3032,TXAM,D1 Southeastern Conference,730225152,IW,223465401,2020-02-26 13:00:00,3,3,2,0,1175199295,J. Childress,L,FA,R,0.936666832363,3.85977117913,18.5492424729,-6.11406696539,6.54793594933,B,BB,1.47090572566,6.52063380715,88.2490696975,2508.39789972,161.787182862,0.8
3232,2020,3032,TXAM,D1 Southeastern Conference,730225152,IW,223465401,2020-02-26 13:00:00,3,0,0,0,1175199295,J. Childress,L,FA,L,0.00770374183933,1.30186766622,18.0727774251,-6.92033384109,6.78934347049,B,IP_OUT,2.00947252191,6.35558933168,85.2603334337,2426.26998796,159.084586524,0.13
3233,2020,3032,TXAM,D1 Southeastern Conference,730225152,IW,223465401,2020-02-26 13:00:00,3,1,0,0,1175199295,J. Childress,L,FA,L,-0.738900630834,3.39402475876,16.9419846616,-7.70963048564,6.74464139218,SL,IP_OUT,2.00284452779,6.361726524,85.74669018,2374.61797606,155.575524898,-0.15
3234,2020,3032,TXAM,D1 Southeastern Conference,730225152,IW,223465401,2020-02-26 13:00:00,3,1,1,0,1175199295,J. Childress,L,SL,L,-1.74514791705,1.23624624707,-6.87014159115,5.8026624814,5.7615945598,B,IP_OUT,2.26803813929,6.09210076186,78.471550671,2315.98804309,319.63740797,0.13
3235,2020,3032,TXAM,D1 Southeastern Conference,730225152,IW,223465401,2020-02-26 13:00:00,3,0,0,1,1175199295,J. Childress,L,CH,R,-0.601018578793,1.02181836381,8.60671133113,-2.78910642539,6.44301447383,B,IP_OUT,2.11072907573,6.22084575203,82.3382171851,1532.57276416,162.118161188,0.13
3236,2020,3032,TXAM,D1 Southeastern Conference,730225152,IW,223465401,2020-02-26 13:00:00,3,1,0,1,1175199295,J. Childress,L,FA,R,0.601120548926,0.932165407191,17.6325258834,-9.6053750092,6.74629306229,B,IP_OUT,2.1211738796,6.31959341988,85.5903948138,2333.69029159,151.468139027,0.13
3237,2020,3032,TXAM,D1 Southeastern Conference,730225152,IW,223465401,2020-02-26 13:00:00,3,2,0,1,1175199295,J. Childress,L,FA,R,0.795952215256,2.07650831104,18.2295843097,-7.76938970601,6.55081067628,SS,IP_OUT,2.09113246409,6.42812533805,85.5125256496,2341.96165887,156.955866624,-0.15
3238,2020,3032,TXAM,D1 Southeastern Conference,730225152,IW,223465401,2020-02-26 13:00:00,3,0,0,2,1175199295,J. Childress,L,FA,L,0.321309573981,3.15971349604,17.9937794,-7.87684124607,6.67160628243,SL,K,2.14658916555,6.29050403885,87.2711182572,2410.01646633,156.397551878,-0.15
3239,2020,3032,TXAM,D1 Southeastern Conference,730225152,IW,223465401,2020-02-26 13:00:00,3,0,1,2,1175199295,J. Childress,L,FA,L,-0.755022832736,3.44954454206,19.7957683346,-3.85205335993,6.8550114882,F,K,1.81517298576,6.40093727659,85.2477630941,2323.77652559,169.007302259,-0.15
3240,2020,3032,TXAM,D1 Southeastern Conference,730225152,IW,223465401,2020-02-26 13:00:00,3,0,2,2,1175199295,J. Childress,L,SL,L,-0.340815835855,2.70817634989,3.29961502756,7.73157545686,6.09109465133,SS,K,2.2538235345,6.26747430583,77.8380239313,2117.24473384,246.618420981,-0.15
3241,2020,3032,TXAM,D1 Southeastern Conference,730225152,IW,223465401,2020-02-26 13:00:00,4,0,0,0,1175199295,J. Childress,L,FA,R,1.01105033093,4.31594496371,19.7527743895,-7.1459902233,6.73675536147,B,IP_OUT,1.64061508995,6.62122562203,85.0196563105,2387.36169274,160.144073777,0.13
3242,2020,3032,TXAM,D1 Southeastern Conference,730225152,IW,223465401,2020-02-26 13:00:00,4,0,0,1,1175199295,J. Childress,L,SL,L,-0.324135880247,0.660141214569,-3.0809297849,10.4028834112,5.58144631296,B,IP_OUT,2.04699373123,6.23356130058,77.3944686425,2283.89000355,286.270563197,0.13
3243,2020,3032,TXAM,D1 Southeastern Conference,730225152,IW,223465401,2020-02-26 13:00:00,4,0,0,2,1175199295,J. Childress,L,SL,R,2.0624502992,2.82216822968,-5.47542542643,9.338253338,5.53311424356,B,K,1.57107225891,6.47349873199,77.5499710601,2296.49169977,300.181497586,0.13
3244,2020,3032,TXAM,D1 Southeastern Conference,730225152,IW,223465401,2020-02-26 13:00:00,4,1,0,2,1175199295,J. Childress,L,FA,R,0.261721510444,2.95185058876,17.407408103,-5.49772622121,6.74684773955,SS,K,1.64277429769,6.39310415701,86.7074799677,2421.18744989,162.50431577,-0.15
3245,2020,3032,TXAM,D1 Southeastern Conference,730225152,IW,223465401,2020-02-26 13:00:00,4,1,1,2,1175199295,J. Childress,L,FA,R,0.665248622916,3.39460330083,18.6728155948,-4.11471893741,6.71097597436,SS,K,1.78357834054,6.36719290378,87.4911445374,2392.50969371,167.594363517,-0.15
3246,2020,3032,TXAM,D1 Southeastern Conference,730225152,IW,223465401,2020-02-26 13:00:00,4,1,2,2,1175199295,J. Childress,L,SL,R,0.321516085758,1.37892868454,-2.0090296515,2.44995306639,5.75313898975,SS,K,1.50354347373,6.53452959805,80.4478402854,2393.67535954,308.777382675,-0.15
3247,2020,3032,TXAM,D1 Southeastern Conference,730225152,IW,223465401,2020-02-26 13:00:00,5,0,0,0,1175199295,J. Childress,L,SL,R,0.378959548541,2.39682959201,-0.360950448592,12.4124021666,5.86572511268,SL,K,1.66538398081,6.54417592759,77.0620796906,2387.33398346,271.457969419,-0.15
3248,2020,3032,TXAM,D1 Southeastern Conference,730225152,IW,223465401,2020-02-26 13:00:00,5,0,1,0,1175199295,J. Childress,L,FA,R,-0.56602605741,2.56596183526,17.5125074757,-10.0186735779,6.75445735563,SL,K,1.50381446849,6.52675222987,86.9689333437,2478.22560386,150.274378631,-0.15
3249,2020,3032,TXAM,D1 Southeastern Conference,730225152,IW,223465401,2020-02-26 13:00:00,5,0,2,0,1175199295,J. Childress,L,SL,R,0.419413081503,1.47212686541,-2.47659541232,12.4208058824,5.89279156972,SS,K,1.55804103386,6.49160563863,77.4887843475,2429.54137891,281.081873165,-0.15
3250,2020,3032,TXAM,D1 Southeastern Conference,730225152,IW,223465401,2020-02-26 13:00:00,5,0,0,1,1175199295,J. Childress,L,FA,L,0.0730704435235,2.88645200761,15.0041741866,-10.9592299611,6.81456256209,F,K,1.66959315478,6.36799084036,86.6709602908,2456.9197344,143.916443047,-0.15
3251,2020,3032,TXAM,D1 Southeastern Conference,730225152,IW,223465401,2020-02-26 13:00:00,5,0,1,1,1175199295,J. Childress,L,FA,L,-0.321869293321,2.73160720126,18.335162753,-12.060714396,6.77361228624,SL,K,1.63789066817,6.51681971146,87.4715182858,2463.26968343,146.711724858,-0.15
3252,2020,3032,TXAM,D1 Southeastern Conference,730225152,IW,223465401,2020-02-26 13:00:00,5,0,2,1,1175199295,J. Childress,L,SL,L,-0.465439884386,-0.399002309623,-4.31780584493,10.7962979884,5.69767549909,F,K,2.29392387421,6.13995851155,79.1102372557,2388.48513546,291.601800265,0.0
3253,2020,3032,TXAM,D1 Southeastern Conference,730225152,IW,223465401,2020-02-26 13:00:00,5,0,2,1,1175199295,J. Childress,L,SL,L,-1.26463802402,1.6520616248,-4.5886530274,9.31481327726,5.96119597897,B,K,1.93986601801,6.15701795241,79.384186962,2464.1927589,296.019610533,0.13
3254,2020,3032,TXAM,D1 Southeastern Conference,730225152,IW,223465401,2020-02-26 13:00:00,5,1,2,1,1175199295,J. Childress,L,SL,L,0.818379674784,3.05844620073,-7.97373241912,11.0678556572,5.98824716957,SS,K,1.57274175078,6.52089175166,78.5200189829,2267.30516795,305.62543722,-0.15
3255,2020,3032,TXAM,D1 Southeastern Conference,730225152,IW,223465401,2020-02-26 13:00:00,5,0,0,2,1175199295,J. Childress,L,SL,R,-0.0973565754504,1.23571858117,-5.70812445487,13.483512577,5.77390938285,B,BB,1.44147496423,6.46662684378,76.7739763143,2215.24738151,292.782720352,0.13
3256,2020,3032,TXAM,D1 Southeastern Conference,730225152,IW,223465401,2020-02-26 13:00:00,5,1,0,2,1175199295,J. Childress,L,FA,R,-0.333677866584,3.55355141234,15.9381182168,-6.07229747852,6.69557845398,B,BB,1.60277519252,6.40985001154,87.8132331936,2507.60231719,159.182621456,0.13
3257,2020,3032,TXAM,D1 Southeastern Conference,730225152,IW,223465401,2020-02-26 13:00:00,5,2,0,2,1175199295,J. Childress,L,FA,R,-0.254405988438,4.6300570458,16.2895882355,-4.01314051693,6.68105810097,B,BB,1.65262950236,6.44708842872,85.5739771482,2491.5318833,166.188167145,0.13
3258,2020,3032,TXAM,D1 Southeastern Conference,730225152,IW,223465401,2020-02-26 13:00:00,5,3,0,2,1175199295,J. Childress,L,FA,R,-0.346825059902,4.02894148905,19.2138971098,-6.40997461458,6.74609777661,B,BB,1.65559187125,6.38712404286,85.4816946459,2348.87552794,161.581937261,0.8
3259,2020,3032,TXAM,D1 Southeastern Conference,730225152,IW,223465401,2020-02-26 13:00:00,5,0,0,2,1175199295,J. Childress,L,FA,L,-0.80354750009,2.42470527677,21.7567019964,-1.73428816848,6.848427345,SL,IP_OUT,1.96943791668,6.2857545808,85.3470086661,2482.12935293,175.449739568,-0.15
3260,2020,3032,TXAM,D1 Southeastern Conference,730225152,IW,223465401,2020-02-26 13:00:00,5,0,1,2,1175199295,J. Childress,L,FA,L,-0.62478394115,2.87177075441,17.8849142241,-1.96890412205,6.81563298037,F,IP_OUT,1.9642776889,6.37159230973,85.2132433404,2441.13938648,173.729966171,-0.15
3261,2020,3032,TXAM,D1 Southeastern Conference,730225152,IW,223465401,2020-02-26 13:00:00,5,0,2,2,1175199295,J. Childress,L,SL,L,-1.34328923987,0.884614158774,-4.71989703905,12.5254927014,5.94582041608,B,IP_OUT,2.04624433327,6.09714208514,78.228671429,2329.53135678,290.475412815,0.13
3262,2020,3032,TXAM,D1 Southeastern Conference,730225152,IW,223465401,2020-02-26 13:00:00,5,1,2,2,1175199295,J. Childress,L,SL,L,-0.792723430777,-0.399640310744,-1.16914453841,14.1753997215,6.41611337056,B,IP_OUT,1.71465782192,6.36269467663,76.370694248,2310.03924738,274.536213804,0.13
3263,2020,3032,TXAM,D1 Southeastern Conference,730225152,IW,223465401,2020-02-26 13:00:00,5,2,2,2,1175199295,J. Childress,L,FA,L,-2.35698422626,-0.190881995174,14.5088753083,-8.50811858364,7.00896217819,B,IP_OUT,1.49849566374,6.35900390345,86.4803954642,2502.04613702,149.670513809,0.13
3264,2020,3032,TXAM,D1 Southeastern Conference,730225152,IW,223465401,2020-02-26 13:00:00,6,0,0,1,1338131607,C. Weber,L,CU,L,2.3766301124,4.77131447243,-13.4172557416,9.56401461851,5.4209141192,B,BB,2.0092681335,6.61071463931,70.9114320583,2298.0627801,324.409965619,0.13
3265,2020,3032,TXAM,D1 Southeastern Conference,730225152,IW,223465401,2020-02-26 13:00:00,6,1,0,1,1338131607,C. Weber,L,FA,L,0.159423345478,2.84459981506,20.6074739037,-3.13524997992,5.89558031137,F,BB,1.63605782198,6.88746315501,87.3612159725,2086.87700731,171.363541734,-0.15
3266,2020,3032,TXAM,D1 Southeastern Conference,730225152,IW,223465401,2020-02-26 13:00:00,6,1,1,1,1338131607,C. Weber,L,FA,L,-0.284171383241,3.84912709936,20.4470264858,-11.2836827397,5.97128464943,B,BB,1.58473130879,6.7780233934,88.9629961396,2176.42179917,151.147664424,0.13
3267,2020,3032,TXAM,D1 Southeastern Conference,730225152,IW,223465401,2020-02-26 13:00:00,6,2,1,1,1338131607,C. Weber,L,FA,L,1.30706362201,2.82520201586,17.546368894,-9.56996979182,6.00683226155,B,BB,1.62474688484,6.83435004277,87.6177119918,2077.71332986,151.438320715,0.13
3268,2020,3032,TXAM,D1 Southeastern Conference,730225152,IW,223465401,2020-02-26 13:00:00,6,3,1,1,1338131607,C. Weber,L,FA,L,1.95651261551,2.96484215515,15.9185884612,-8.98785653309,5.92929364522,B,BB,1.67469501368,6.69471707954,86.9741334148,2111.55751922,150.603625438,0.8
3269,2020,3032,TXAM,D1 Southeastern Conference,730225152,IW,223465401,2020-02-26 13:00:00,6,0,0,1,1338131607,C. Weber,L,CH,R,0.729049518768,3.37450453566,11.2788261216,-17.4871551909,5.89551398339,SL,DP,2.20594707447,6.32640555634,75.3944975412,1626.60543711,122.927682286,-0.15
3270,2020,3032,TXAM,D1 Southeastern Conference,730225152,IW,223465401,2020-02-26 13:00:00,6,0,1,1,1338131607,C. Weber,L,FA,R,0.478868344248,2.40752570761,19.3154696784,-9.28600859266,6.00864038073,IP,DP,1.27783522453,6.77436302856,87.5254304773,2098.55286308,154.363592603,-0.21
3271,2020,3032,TXAM,D1 Southeastern Conference,730225152,IW,223465401,2020-02-26 13:00:00,7,0,0,0,1338131607,C. Weber,L,SL,L,-1.39872653364,1.93640851891,-0.951172066191,19.982953048,5.13312220304,B,IP_OUT,2.5841532395,6.22787772153,76.9510730487,2678.6544758,272.592023735,0.13
3272,2020,3032,TXAM,D1 Southeastern Conference,730225152,IW,223465401,2020-02-26 13:00:00,7,1,0,0,1338131607,C. Weber,L,FA,L,0.361203247967,2.22604597471,19.8441424523,-1.92650941346,5.84434941002,SL,IP_OUT,1.7321489914,6.75200822319,87.4130883504,2121.32907049,174.464522125,-0.15
3273,2020,3032,TXAM,D1 Southeastern Conference,730225152,IW,223465401,2020-02-26 13:00:00,7,1,1,0,1338131607,C. Weber,L,FA,L,-0.372545768684,4.01093640901,19.3038389805,-1.23009288498,5.8302836946,B,IP_OUT,1.6469961356,6.82468590916,87.9192358075,2151.39514701,176.360267301,0.13
3274,2020,3032,TXAM,D1 Southeastern Conference,730225152,IW,223465401,2020-02-26 13:00:00,7,2,1,0,1338131607,C. Weber,L,FA,L,-0.539128261977,0.770353905938,19.2530065071,-2.07590980986,5.97600073255,B,IP_OUT,1.73781194065,6.76522609978,87.2944836472,2133.91457364,173.856905933,0.13
3275,2020,3032,TXAM,D1 Southeastern Conference,730225152,IW,223465401,2020-02-26 13:00:00,7,3,1,0,1338131607,C. Weber,L,FA,L,-0.22087865957,3.06270497862,22.6718622856,-3.17344476243,5.83457468193,F,IP_OUT,1.6425041174,6.82872315421,87.3235102092,2145.91793712,172.043947402,-0.15
3276,2020,3032,TXAM,D1 Southeastern Conference,730225152,IW,223465401,2020-02-26 13:00:00,7,3,2,0,1338131607,C. Weber,L,FA,L,-0.416234924014,3.45045365197,17.8696859866,-3.92568210177,5.96391299948,F,IP_OUT,1.81315758261,6.64064479402,88.4840013993,2021.17761396,167.632306995,0.0
3277,2020,3032,TXAM,D1 Southeastern Conference,730225152,IW,223465401,2020-02-26 13:00:00,7,0,0,1,1338131607,C. Weber,L,CU,R,0.603154191592,5.17487109603,-18.7151974976,11.8270688709,5.23390878343,B,K,1.77932335841,6.690581962,68.276353433,2251.81394708,327.626733959,0.13
3278,2020,3032,TXAM,D1 Southeastern Conference,730225152,IW,223465401,2020-02-26 13:00:00,7,1,0,1,1338131607,C. Weber,L,FA,R,0.924259857195,2.1441670515,21.002586746,-2.57532261135,5.86560701392,SL,K,1.40132024855,6.87241812473,87.6378463476,2093.81951057,173.020692835,-0.15
3279,2020,3032,TXAM,D1 Southeastern Conference,730225152,IW,223465401,2020-02-26 13:00:00,7,1,1,1,1338131607,C. Weber,L,CH,R,0.0788462445453,2.74289946856,10.1460738115,-14.4209292861,5.86641750376,SS,K,2.44055579357,6.2122671676,75.7380219835,1560.01970056,125.25006349,-0.15
3280,2020,3032,TXAM,D1 Southeastern Conference,730225152,IW,223465401,2020-02-26 13:00:00,7,1,2,1,1338131607,C. Weber,L,SL,R,-0.366971507699,1.11148701796,-7.09636809157,14.1827323905,5.51610170843,SS,K,2.44575998038,6.28610613113,76.9030258739,2558.53239444,296.434519614,-0.15
3281,2020,3032,TXAM,D1 Southeastern Conference,730225152,IW,223465401,2020-02-26 13:00:00,7,0,0,2,1338131607,C. Weber,L,SL,R,-0.6402631731,1.86870719692,-5.61259632081,19.6203290061,5.37387659918,B,K,2.86445226187,6.23583022156,76.4796816721,2588.1246688,285.838196343,0.13
3282,2020,3032,TXAM,D1 Southeastern Conference,730225152,IW,223465401,2020-02-26 13:00:00,7,1,0,2,1338131607,C. Weber,L,FA,R,-0.614707486608,2.87535956256,17.4609887442,-1.41023401925,5.95007566845,F,K,1.70999842708,6.75686184425,87.0735750998,2115.83235928,175.391671563,-0.15
3283,2020,3032,TXAM,D1 Southeastern Conference,730225152,IW,223465401,2020-02-26 13:00:00,7,1,1,2,1338131607,C. Weber,L,FA,R,0.816575986802,4.35044449899,21.0325556312,-2.63580179907,5.70815305285,B,K,1.59849165967,6.88657307586,88.1032575408,2121.7829163,172.868445481,0.13
3284,2020,3032,TXAM,D1 Southeastern Conference,730225152,IW,223465401,2020-02-26 13:00:00,7,2,1,2,1338131607,C. Weber,L,FA,R,-0.771614334574,3.12849962663,19.9505820913,-1.29230489862,5.79509679292,F,K,1.78769908926,6.84614207842,86.7556000103,2055.85159002,176.300331395,-0.15
3285,2020,3032,TXAM,D1 Southeastern Conference,730225152,IW,223465401,2020-02-26 13:00:00,7,2,2,2,1338131607,C. Weber,L,SL,R,0.827374964988,2.49396063842,-7.31464583803,19.5291520031,5.1939773806,SL,K,2.55473378623,6.30489082783,77.6595325057,2654.14171159,290.416099877,-0.15
3286,2020,3032,TXAM,D1 Southeastern Conference,730225152,IW,223465401,2020-02-26 13:00:00,8,0,0,1,1338131607,C. Weber,L,FA,R,-0.340489492455,2.53683058612,20.555084256,-6.47217761114,5.8219613856,SL,IP_OUT,1.49698820262,6.88832051632,87.3510060186,2084.80716901,162.549939017,-0.15
3287,2020,3032,TXAM,D1 Southeastern Conference,730225152,IW,223465401,2020-02-26 13:00:00,8,0,1,1,1338131607,C. Weber,L,SL,R,0.0987952749272,1.39781699136,-2.2123116555,19.1165273516,5.1882000607,B,IP_OUT,2.68770019861,6.28868928242,75.9616545543,2510.41191005,276.46221663,0.13
3288,2020,3032,TXAM,D1 Southeastern Conference,730225152,IW,223465401,2020-02-26 13:00:00,8,1,1,1,1338131607,C. Weber,L,FA,R,-0.0651581931521,1.91641264821,20.4284124325,-6.63069063143,5.75916285097,SL,IP_OUT,1.4467145163,6.90389072895,86.1009135871,2107.85778267,162.046907721,-0.15
3289,2020,3032,TXAM,D1 Southeastern Conference,730225152,IW,223465401,2020-02-26 13:00:00,8,1,2,1,1338131607,C. Weber,L,SL,R,-0.815681010385,2.90137676318,-2.83387384334,18.2795160996,5.18030097881,B,IP_OUT,2.47261564053,6.3683430161,77.3160111167,2606.81203465,278.673480978,0.13
3290,2020,3032,TXAM,D1 Southeastern Conference,730225152,IW,223465401,2020-02-26 13:00:00,8,0,0,2,1338131607,C. Weber,L,FA,L,-1.05141122457,2.99735094267,17.8881900699,-4.4711414875,5.81580649185,SL,S,1.57426303618,6.85612300171,87.2114600666,2089.1150999,165.992677995,-0.15
3291,2020,3032,TXAM,D1 Southeastern Conference,730225152,IW,223465401,2020-02-26 13:00:00,8,0,1,2,1338131607,C. Weber,L,SL,L,-0.760405828965,2.64762858428,1.60578400816,17.3279588973,5.10113683642,SL,S,2.49637194339,6.25657740482,78.1007264311,2611.91619959,264.559108105,-0.15
3292,2020,3032,TXAM,D1 Southeastern Conference,730225152,IW,223465401,2020-02-26 13:00:00,8,0,2,2,1338131607,C. Weber,L,SL,L,0.304027877639,2.80322852772,-2.32530530019,18.2502794179,5.14097377455,IP,S,2.6340435113,6.22581781988,77.5214544521,2609.02993029,277.121844111,1.0
3293,2020,3032,TXAM,D1 Southeastern Conference,730225152,IW,223465401,2020-02-26 13:00:00,8,0,0,2,1338131607,C. Weber,L,CH,R,-0.295936612363,1.77177718684,11.2990473274,-16.5676920396,5.80150257923,B,IP_OUT,2.59480257303,6.1317196999,75.1954441859,1605.89138436,124.40326548,0.13
3294,2020,3032,TXAM,D1 Southeastern Conference,730225152,IW,223465401,2020-02-26 13:00:00,8,1,0,2,1338131607,C. Weber,L,FA,R,1.03839067685,1.87841738654,20.3175214977,-7.51568705163,5.83184824473,SL,IP_OUT,1.19034781772,6.89001375355,86.5752584139,2078.14208414,159.732323102,-0.15
3295,2020,3032,TXAM,D1 Southeastern Conference,730225152,IW,223465401,2020-02-26 13:00:00,9,0,0,0,1338131607,C. Weber,L,FA,L,0.416366990608,2.70081312272,21.250576676,-5.03791704961,5.84386491625,SL,K,1.59743809754,6.81682217851,87.9184667136,2166.97005198,166.68363072,-0.15
3296,2020,3032,TXAM,D1 Southeastern Conference,730225152,IW,223465401,2020-02-26 13:00:00,9,0,1,0,1338131607,C. Weber,L,SL,L,-0.882216414548,1.06863286912,-1.64783107193,20.0554621533,5.24453227255,SS,K,2.31037767678,6.395451131,79.0208941215,2670.01211607,274.573580047,-0.15
3297,2020,3032,TXAM,D1 Southeastern Conference,730225152,IW,223465401,2020-02-26 13:00:00,9,0,2,0,1338131607,C. Weber,L,SL,L,-0.904117379685,1.39660143831,-4.9587527169,21.0198610736,5.25079268107,SS,K,2.34701409468,6.38733949875,77.9038438697,2691.21465639,283.157891073,-0.15
3298,2020,3032,TXAM,D1 Southeastern Conference,730225152,IW,223465401,2020-02-26 13:00:00,9,0,0,1,1338131607,C. Weber,L,CH,R,0.656477176969,1.65384820612,13.0872607782,-16.5220038144,5.75111271642,SS,IP_OUT,2.44749728632,6.15790948106,76.1339262669,1667.79030216,128.479793578,-0.15
3299,2020,3032,TXAM,D1 Southeastern Conference,730225152,IW,223465401,2020-02-26 13:00:00,9,0,1,1,1338131607,C. Weber,L,FA,R,-0.211111067495,3.44420242084,24.3176790788,-1.56163865194,5.70173390914,B,IP_OUT,1.33977136829,6.86698042231,89.4275858134,2243.59047947,176.330600368,0.13
3300,2020,3032,TXAM,D1 Southeastern Conference,730225152,IW,223465401,2020-02-26 13:00:00,9,1,1,1,1338131607,C. Weber,L,CH,R,1.25660107502,2.64116779441,13.2129298389,-17.5151461962,5.69192257071,SS,IP_OUT,2.34565010531,6.27246432993,75.4901145762,1605.48192739,127.126280851,-0.15
3301,2020,3032,TXAM,D1 Southeastern Conference,730225152,IW,223465401,2020-02-26 13:00:00,9,1,2,1,1338131607,C. Weber,L,CU,R,-0.324462619842,0.86788106971,-19.4180649907,11.7102444146,5.47833459745,B,IP_OUT,1.94527405797,6.61772072002,72.6227318552,2439.73675164,328.839983562,0.13
3302,2020,3032,TXAM,D1 Southeastern Conference,730225152,IW,223465401,2020-02-26 13:00:00,9,2,2,1,1338131607,C. Weber,L,CH,R,-0.753602760667,1.7134574874,15.4683266081,-11.4854171253,5.66479609365,B,IP_OUT,2.5075517892,6.14419507498,76.2973088954,1664.22625887,143.486152459,0.13
3303,2020,3032,TXAM,D1 Southeastern Conference,730225152,IW,223465401,2020-02-26 13:00:00,9,3,2,1,1338131607,C. Weber,L,FA,R,-0.682157712515,2.35714351685,19.0934284167,-9.6761086404,5.96242700535,F,IP_OUT,1.76584776012,6.75448707599,88.9973669111,2274.68046904,153.165441431,0.0
3304,2020,3032,TXAM,D1 Southeastern Conference,730225152,IW,223465401,2020-02-26 13:00:00,9,0,0,2,1338131607,C. Weber,L,SL,L,-1.08947687988,2.52705687945,-3.57881467858,24.1838698116,5.03849146272,B,S,2.49819831466,6.23425121244,78.7830410987,2713.12883501,278.314576278,0.13
3305,2020,3032,TXAM,D1 Southeastern Conference,730225152,IW,223465401,2020-02-26 13:00:00,9,1,0,2,1338131607,C. Weber,L,FA,L,-0.80759683577,3.7639444525,23.6475528715,-1.24691474336,5.95108337537,B,S,1.59445517132,6.79694855466,89.9241074358,2238.77268662,176.985786239,0.13
3306,2020,3032,TXAM,D1 Southeastern Conference,730225152,IW,223465401,2020-02-26 13:00:00,9,2,0,2,1338131607,C. Weber,L,FA,L,-0.306872042652,2.21705078174,22.755718574,-3.0060849506,5.89545307047,SL,S,1.48424713344,6.83630129122,87.6612744806,2163.01099606,172.48579254,-0.15
3307,2020,3032,TXAM,D1 Southeastern Conference,730225152,IW,223465401,2020-02-26 13:00:00,9,2,1,2,1338131607,C. Weber,L,FA,L,0.688481940588,3.43905585605,22.5527823584,-1.95669295686,5.95842158234,F,S,1.57281377841,6.77749614595,88.9876974754,2176.89008633,175.048597499,-0.15
3308,2020,3032,TXAM,D1 Southeastern Conference,730225152,IW,223465401,2020-02-26 13:00:00,9,2,2,2,1338131607,C. Weber,L,FA,L,1.11751603723,2.20035401339,19.2904482262,-9.29247659382,5.86452799598,B,S,1.49308933944,6.8287763922,89.7470300021,2229.07840635,154.317024958,0.13
3309,2020,3032,TXAM,D1 Southeastern Conference,730225152,IW,223465401,2020-02-26 13:00:00,9,3,2,2,1338131607,C. Weber,L,FA,L,0.544735676565,3.68269760009,18.8870386396,-9.67789072553,5.91920059588,IP,S,1.40616321414,6.81900928989,88.9040223433,2247.52949729,152.909747557,1.0
3310,2020,3032,TXAM,D1 Southeastern Conference,730225152,IW,223465401,2020-02-26 13:00:00,9,0,0,2,1338131607,C. Weber,L,CH,R,-0.518881547175,3.45901567571,18.7345617816,-11.2319915453,5.78249014616,SL,K,2.14282125505,6.27063634532,76.2103563972,1669.49117205,149.116978787,-0.15
3311,2020,3032,TXAM,D1 Southeastern Conference,730225152,IW,223465401,2020-02-26 13:00:00,9,0,1,2,1338131607,C. Weber,L,FA,R,1.49646040736,3.03595705568,21.3289259326,-8.23244135995,5.79889614935,B,K,1.40498880415,6.89113044353,87.9079045907,2163.13388333,158.925434097,0.13
3312,2020,3032,TXAM,D1 Southeastern Conference,730225152,IW,223465401,2020-02-26 13:00:00,9,1,1,2,1338131607,C. Weber,L,SL,R,1.16465955532,3.76892882381,-0.599704118247,17.2064018891,5.40267306047,B,K,2.57544043837,6.32316371785,77.8055351632,2649.13686243,271.848083244,0.13
3313,2020,3032,TXAM,D1 Southeastern Conference,730225152,IW,223465401,2020-02-26 13:00:00,9,2,1,2,1338131607,C. Weber,L,FA,R,0.242627418662,2.99660940964,19.8546474469,-8.7291170589,5.93161428304,SS,K,1.46268085002,6.7822333115,89.1096475074,2198.27611688,156.302168378,-0.15
3314,2020,3032,TXAM,D1 Southeastern Conference,730225152,IW,223465401,2020-02-26 13:00:00,9,2,2,2,1338131607,C. Weber,L,FA,R,0.781543816304,4.16640303742,20.6926755595,-10.5105316894,5.92161092647,B,K,1.37529870934,6.87917406356,90.2341735513,2258.87489251,153.108265415,0.13
3315,2020,3032,TXAM,D1 Southeastern Conference,730225152,IW,223465401,2020-02-26 13:00:00,9,3,2,2,1338131607,C. Weber,L,FA,R,0.884884738116,2.28531916535,21.6261680223,-9.29053784433,5.94491907655,SL,K,1.42293216282,6.88407030414,89.3013306115,2225.81367559,156.783374489,-0.15
