,year,pitchingTeamId,pitchingTeam,conference,hittingTeamId,hittingTeam,gameId,gameDate,inning,balls,strikes,outs,pitcherId,Pitcher,pitcherHand,pitchType,batterHand,plateLocX,plateLocZ,inducedVertBreak,horzBreak,extension,pitchResult,atbatResult,relX,relZ,releaseVelocity,spinRate,spinDir,rv
0,2020,730267392,RAD,D1 Big South Conference,730218752,CAN,390364368,2020-03-08 13:00:00,1,0,0,0,1883633852,R. Bywaters,R,FA,L,-0.367204970706,2.33471400309,18.5546661161,17.1836008931,5.9875371653,F,IP_OUT,-1.90069305016,5.4891940421,88.2947865055,2176.06405471,222.750844368,-0.15
1,2020,730267392,RAD,D1 Big South Conference,730218752,CAN,390364368,2020-03-08 13:00:00,1,0,0,1,1883633852,R. Bywaters,R,FA,R,-0.247422757676,3.92874130947,17.2080284406,14.052269237,5.98768722135,SS,S,-1.68620504758,5.60521426674,88.1698509428,2082.36744612,219.180464997,-0.15
2,2020,730267392,RAD,D1 Big South Conference,730218752,CAN,390364368,2020-03-08 13:00:00,1,0,1,1,1883633852,R. Bywaters,R,FA,R,0.0678543639433,2.91256866515,15.6329085371,15.5390612641,5.99211684786,SS,S,-1.89202009709,5.55092564413,88.1312515144,2086.27770331,224.765260394,-0.15
3,2020,730267392,RAD,D1 Big South Conference,730218752,CAN,390364368,2020-03-08 13:00:00,1,0,2,1,1883633852,R. Bywaters,R,FA,R,1.18145810272,3.87143084524,17.2347882483,10.7175770729,6.10117324187,B,S,-1.62106191083,5.66946084465,89.4734998574,1996.4626577,211.826811935,0.13
4,2020,730267392,RAD,D1 Big South Conference,730218752,CAN,390364368,2020-03-08 13:00:00,1,1,2,1,1883633852,R. Bywaters,R,SL,R,0.692453173883,3.55710037155,2.56189518982,-8.78659099402,5.57892752234,F,S,-2.25681576531,5.35284817589,78.4298673645,2062.96754025,106.511738367,0.0
5,2020,730267392,RAD,D1 Big South Conference,730218752,CAN,390364368,2020-03-08 13:00:00,1,1,2,1,1883633852,R. Bywaters,R,CU,R,-0.568938063828,1.543478486,0.566392224786,-13.0588930597,5.68268641155,B,S,-2.38093232305,5.37883954121,76.6804853308,2098.28393838,92.681766925,0.13
6,2020,730267392,RAD,D1 Big South Conference,730218752,CAN,390364368,2020-03-08 13:00:00,1,2,2,1,1883633852,R. Bywaters,R,FA,R,0.190970763592,3.02907329188,19.8163611761,11.7639594566,5.95710082041,IP,S,-1.78819708777,5.57506220842,87.9931918523,1998.05631785,210.651763233,1.0
7,2020,730267392,RAD,D1 Big South Conference,730218752,CAN,390364368,2020-03-08 13:00:00,1,0,0,1,1883633852,R. Bywaters,R,CH,L,-0.173177581936,1.53250232743,7.22257275818,16.6178320293,6.16123977724,B,BB,-2.30925953759,5.38300757973,80.1180832384,1628.84492487,246.390474362,0.13
8,2020,730267392,RAD,D1 Big South Conference,730218752,CAN,390364368,2020-03-08 13:00:00,1,1,0,1,1883633852,R. Bywaters,R,CH,L,0.0102721196522,2.61347787407,15.0507970869,11.6824501255,5.9329642015,SL,BB,-2.22343817857,5.43503455892,78.5618236012,1617.89117345,217.739729632,-0.15
9,2020,730267392,RAD,D1 Big South Conference,730218752,CAN,390364368,2020-03-08 13:00:00,1,1,1,1,1883633852,R. Bywaters,R,CH,L,-0.371321243302,0.173884513437,4.46079027794,12.984581097,5.81781106514,B,BB,-2.29307730529,5.39785351241,79.881173427,1599.52114225,250.875478318,0.13
10,2020,730267392,RAD,D1 Big South Conference,730218752,CAN,390364368,2020-03-08 13:00:00,1,2,1,1,1883633852,R. Bywaters,R,CH,L,-1.80415762751,3.89897064243,14.6111213999,14.3500859444,5.8623928433,B,BB,-2.34076200547,5.41216060738,79.6740632076,1544.24147968,224.401934967,0.13
11,2020,730267392,RAD,D1 Big South Conference,730218752,CAN,390364368,2020-03-08 13:00:00,1,3,1,1,1883633852,R. Bywaters,R,FA,L,0.120256265195,3.83718510271,15.1929642368,14.9919137674,6.288020326,B,BB,-1.9335231619,5.55320692494,86.8507243467,2043.44337384,224.552659969,0.8
12,2020,730267392,RAD,D1 Big South Conference,730218752,CAN,390364368,2020-03-08 13:00:00,1,0,0,1,1883633852,R. Bywaters,R,CU,R,-0.728723998687,4.6436698368,3.19348655008,-11.7089978339,5.75464827118,B,BB,-2.59234647632,5.25078603799,75.8534320849,2151.85079068,105.465419952,0.13
13,2020,730267392,RAD,D1 Big South Conference,730218752,CAN,390364368,2020-03-08 13:00:00,1,1,0,1,1883633852,R. Bywaters,R,CU,R,-0.645489152886,4.38774841934,3.9953878849,-12.8432688615,5.84666589269,B,BB,-2.38409079783,5.24952519086,75.1180429988,2134.38980937,107.472774745,0.13
14,2020,730267392,RAD,D1 Big South Conference,730218752,CAN,390364368,2020-03-08 13:00:00,1,2,0,1,1883633852,R. Bywaters,R,FS,R,-0.236213103131,0.0611004008333,-1.1337347934,19.9953886692,6.21462314519,B,BB,-2.13094906687,5.3702615466,80.2978001409,1588.08955667,273.129493727,0.13
15,2020,730267392,RAD,D1 Big South Conference,730218752,CAN,390364368,2020-03-08 13:00:00,1,3,0,1,1883633852,R. Bywaters,R,FA,R,-0.021187603995,2.07068476656,19.140546738,16.2093220875,6.31450944908,SL,BB,-1.86294410365,5.60378434658,86.9911714863,1979.58627069,220.208583594,-0.15
16,2020,730267392,RAD,D1 Big South Conference,730218752,CAN,390364368,2020-03-08 13:00:00,1,3,1,1,1883633852,R. Bywaters,R,FA,R,-0.80772546671,1.80715266157,13.5947676273,12.0816699273,6.3377138411,SL,BB,-2.00882619504,5.29494545692,86.6723465601,1959.21406709,221.555000065,-0.15
17,2020,730267392,RAD,D1 Big South Conference,730218752,CAN,390364368,2020-03-08 13:00:00,1,3,2,1,1883633852,R. Bywaters,R,CU,R,1.4012876294,1.82022822765,5.47828784183,-14.3311837604,5.87741168607,B,BB,-2.32185956653,5.35529969752,77.8270395886,2201.45721393,111.071638207,0.8
18,2020,730267392,RAD,D1 Big South Conference,730218752,CAN,390364368,2020-03-08 13:00:00,1,0,0,1,1883633852,R. Bywaters,R,CH,L,-1.49903050273,2.53020389355,6.8254736239,16.7484842597,5.73545179027,B,K,-2.3880561308,5.32336905861,80.3240403803,1614.87014206,247.707921207,0.13
19,2020,730267392,RAD,D1 Big South Conference,730218752,CAN,390364368,2020-03-08 13:00:00,1,1,0,1,1883633852,R. Bywaters,R,FA,L,-0.327720457804,0.404023657692,12.0107869111,18.0480735619,6.40647803514,B,K,-2.02964060034,5.38422626739,86.4173163955,2126.09109915,236.27999774,0.13
20,2020,730267392,RAD,D1 Big South Conference,730218752,CAN,390364368,2020-03-08 13:00:00,1,2,0,1,1883633852,R. Bywaters,R,CH,L,-0.567728715327,1.66685891411,7.57308382637,16.0360009841,6.03421556794,F,K,-2.32280146092,5.48832672965,81.2323185458,1669.83833833,244.60485101,-0.15
21,2020,730267392,RAD,D1 Big South Conference,730218752,CAN,390364368,2020-03-08 13:00:00,1,2,1,1,1883633852,R. Bywaters,R,CU,L,0.53584390104,2.97808737134,5.40948022949,-9.09400588485,5.78836765657,F,K,-2.35666272439,5.29919620385,76.3196321919,2062.40675196,120.956794243,-0.15
22,2020,730267392,RAD,D1 Big South Conference,730218752,CAN,390364368,2020-03-08 13:00:00,1,2,2,1,1883633852,R. Bywaters,R,FA,L,-0.0791021442434,2.01830061591,13.2997791429,13.9406972817,6.40728688674,SS,K,-1.97608465569,5.31183755694,86.9823365306,1897.59442225,226.273503691,-0.15
23,2020,730267392,RAD,D1 Big South Conference,730218752,CAN,390364368,2020-03-08 13:00:00,1,0,0,2,1883633852,R. Bywaters,R,CU,R,-0.124187021409,2.91532967636,3.38700496889,-13.9392263833,6.0247474919,SL,K,-2.4142069991,5.28089830276,76.1133687018,2126.7778358,103.832314282,-0.15
24,2020,730267392,RAD,D1 Big South Conference,730218752,CAN,390364368,2020-03-08 13:00:00,1,0,1,2,1883633852,R. Bywaters,R,CU,R,1.18598629399,2.83206949616,5.19483642079,-16.8376428377,5.8242744102,SL,K,-2.32589808303,5.30771536582,78.0229099144,2273.8276373,107.281934406,-0.15
25,2020,730267392,RAD,D1 Big South Conference,730218752,CAN,390364368,2020-03-08 13:00:00,1,0,2,2,1883633852,R. Bywaters,R,CU,R,1.32914594288,3.88403048557,1.71995470188,-12.7928548607,5.89498041302,B,K,-2.23163734415,5.38821776563,79.5367136362,2318.1121769,97.8408083403,0.13
26,2020,730267392,RAD,D1 Big South Conference,730218752,CAN,390364368,2020-03-08 13:00:00,1,1,2,2,1883633852,R. Bywaters,R,FA,R,0.847032028556,1.90462370651,25.2272848063,9.12570870948,6.50429765425,B,K,-1.53595480303,6.01909805909,87.1512981454,1953.32214891,199.86198612,0.13
27,2020,730267392,RAD,D1 Big South Conference,730218752,CAN,390364368,2020-03-08 13:00:00,1,2,2,2,1883633852,R. Bywaters,R,CU,R,-0.173918546827,2.8630186456,-2.41529441051,-9.69226406394,5.80236130533,F,K,-2.25805601594,5.31548996001,75.4394343161,2130.4364438,76.2655588857,0.0
28,2020,730267392,RAD,D1 Big South Conference,730218752,CAN,390364368,2020-03-08 13:00:00,1,2,2,2,1883633852,R. Bywaters,R,SL,R,1.26065916142,2.3108258022,1.62816711117,-6.81729497049,5.87226225718,SS,K,-2.33740676276,5.43157465057,78.3109731753,2163.77589107,103.7745818,-0.15
29,2020,730267392,RAD,D1 Big South Conference,730218752,CAN,390364368,2020-03-08 13:00:00,2,0,0,1,1883633852,R. Bywaters,R,FA,R,0.415878842051,3.85465178596,18.284430081,10.8437402715,5.96082764849,B,IP_OUT,-1.73622779886,5.70835098925,85.8951789913,2099.99079009,210.62104358,0.13
30,2020,730267392,RAD,D1 Big South Conference,730218752,CAN,390364368,2020-03-08 13:00:00,2,1,0,1,1883633852,R. Bywaters,R,FA,R,0.23567601081,2.7473140576,20.0656989386,10.6847726122,6.1896447236,SL,IP_OUT,-1.71602074793,5.66142732051,85.2773146791,1971.13417743,207.992096152,-0.15
31,2020,730267392,RAD,D1 Big South Conference,730218752,CAN,390364368,2020-03-08 13:00:00,2,1,1,1,1883633852,R. Bywaters,R,CU,R,0.578792578153,2.33625802121,0.82547754508,-13.9880740668,5.83527958326,SL,IP_OUT,-2.20064488238,5.2539799474,75.439230842,2066.45324186,93.5671018796,-0.15
32,2020,730267392,RAD,D1 Big South Conference,730218752,CAN,390364368,2020-03-08 13:00:00,2,0,0,2,1883633852,R. Bywaters,R,FA,L,-0.00762566129088,4.60182468096,20.6455759843,11.8462401179,6.01442847667,B,IP_OUT,-1.83083428884,5.61536003823,86.2117261074,2135.12146987,209.804117821,0.13
33,2020,730267392,RAD,D1 Big South Conference,730218752,CAN,390364368,2020-03-08 13:00:00,2,1,0,2,1883633852,R. Bywaters,R,FA,L,0.0709897775852,2.42591618238,15.7998140942,11.5890639022,6.18930375825,SL,IP_OUT,-1.78843185216,5.35536811712,86.3283424517,2084.85800062,216.199086329,-0.15
34,2020,730267392,RAD,D1 Big South Conference,730218752,CAN,390364368,2020-03-08 13:00:00,2,1,1,2,1883633852,R. Bywaters,R,FA,L,-0.675006593007,3.04901091734,14.5272195458,11.5957638485,6.02245021431,SL,IP_OUT,-1.85752779204,5.50853978644,86.4140154337,2098.41414115,218.529956799,-0.15
35,2020,730267392,RAD,D1 Big South Conference,730218752,CAN,390364368,2020-03-08 13:00:00,2,1,2,2,1883633852,R. Bywaters,R,FA,L,-1.3987609174,2.58488712686,18.133166967,9.49124660235,6.19350856714,B,IP_OUT,-1.89566255238,5.39084123466,86.1963662018,2095.74435248,207.582869433,0.13
36,2020,730267392,RAD,D1 Big South Conference,730218752,CAN,390364368,2020-03-08 13:00:00,3,0,0,0,1883633852,R. Bywaters,R,CH,L,0.505264131574,1.20016949718,10.0352563407,12.5781340552,5.90598035748,B,IP_OUT,-1.8669670851,5.38608828846,79.8799275407,1581.91475424,231.300817399,0.13
37,2020,730267392,RAD,D1 Big South Conference,730218752,CAN,390364368,2020-03-08 13:00:00,3,1,0,0,1883633852,R. Bywaters,R,FS,L,-1.38208163748,1.99516841004,-1.52130139673,11.7684038484,5.68351460145,B,IP_OUT,-2.07156858133,5.6581860024,79.6376583647,1444.63382625,277.163990368,0.13
38,2020,730267392,RAD,D1 Big South Conference,730218752,CAN,390364368,2020-03-08 13:00:00,3,2,0,0,1883633852,R. Bywaters,R,FA,L,0.268840074269,1.39176032501,10.6688239462,12.7713421058,6.35226351841,SL,IP_OUT,-1.92397046455,5.35043426972,87.2508816601,2005.74704764,230.035440654,-0.15
39,2020,730267392,RAD,D1 Big South Conference,730218752,CAN,390364368,2020-03-08 13:00:00,3,0,0,1,1883633852,R. Bywaters,R,CU,R,0.150334316234,2.32741393213,-5.79480050716,-1.56717234283,5.83720200751,IP,S,-2.11392491716,5.22555876573,77.0284856103,2159.0411741,15.244884516,1.0
40,2020,730267392,RAD,D1 Big South Conference,730218752,CAN,390364368,2020-03-08 13:00:00,3,0,0,1,1883633852,R. Bywaters,R,FA,L,-0.846208679234,2.20244858201,18.5153564502,11.3302098374,6.32505863295,SL,IP_OUT,-2.02548992671,5.56123722693,86.1819132678,2114.58178292,211.41607121,-0.15
41,2020,730267392,RAD,D1 Big South Conference,730218752,CAN,390364368,2020-03-08 13:00:00,3,0,1,2,1883633852,R. Bywaters,R,CU,L,0.506183144626,1.29857365333,3.00554371406,-6.36885281744,5.89576682527,B,IP_OUT,-2.5558644461,5.41496861297,75.0164067309,2123.2433042,115.605933906,0.13
42,2020,730267392,RAD,D1 Big South Conference,730218752,CAN,390364368,2020-03-08 13:00:00,3,1,1,2,1883633852,R. Bywaters,R,CH,L,-0.57540095721,2.49339653943,10.3091821249,11.5052587261,6.25742156912,SL,IP_OUT,-2.33914837945,5.45698971689,79.2353597476,1452.67343965,228.024301556,-0.15
43,2020,730267392,RAD,D1 Big South Conference,730218752,CAN,390364368,2020-03-08 13:00:00,3,1,2,2,1883633852,R. Bywaters,R,FA,L,0.155737467279,1.12518913876,18.824938002,16.1510155883,6.50269948889,B,IP_OUT,-2.06214386849,5.57366987371,87.2074544311,2112.62424203,220.576900327,0.13
44,2020,730267392,RAD,D1 Big South Conference,730218752,CAN,390364368,2020-03-08 13:00:00,4,0,0,0,1883633852,R. Bywaters,R,CU,R,-0.24210488023,3.45375537763,3.75160963889,-10.8045389766,5.90036035114,B,K,-2.29988997992,5.40840073,75.2152526282,1983.05474145,109.369794419,0.13
45,2020,730267392,RAD,D1 Big South Conference,730218752,CAN,390364368,2020-03-08 13:00:00,4,1,0,0,1883633852,R. Bywaters,R,FA,R,-0.213428484527,3.82025278597,25.088031332,8.39128078103,6.12638879252,B,K,-1.54978221014,5.66656803502,85.570571111,1989.95672257,198.469102697,0.13
46,2020,730267392,RAD,D1 Big South Conference,730218752,CAN,390364368,2020-03-08 13:00:00,4,2,0,0,1883633852,R. Bywaters,R,FA,R,-0.0889464287756,2.24488037752,20.5809422361,12.3280273329,6.26654211545,F,K,-1.8801171077,5.55824440137,85.5746422566,1959.07916721,210.878067003,-0.15
47,2020,730267392,RAD,D1 Big South Conference,730218752,CAN,390364368,2020-03-08 13:00:00,4,2,1,0,1883633852,R. Bywaters,R,FA,R,0.286401359252,2.40930466127,22.5981938683,11.2024883086,6.16275790994,F,K,-1.77338504343,5.78669764373,85.7628247879,2025.56460753,206.33252415,-0.15
48,2020,730267392,RAD,D1 Big South Conference,730218752,CAN,390364368,2020-03-08 13:00:00,4,2,2,0,1883633852,R. Bywaters,R,FA,R,0.473550927827,1.52782877337,20.9578712055,11.2372490042,6.15584717264,B,K,-1.84024452147,5.70593185086,86.3035605231,2101.27007716,208.159222671,0.13
49,2020,730267392,RAD,D1 Big South Conference,730218752,CAN,390364368,2020-03-08 13:00:00,4,3,2,0,1883633852,R. Bywaters,R,FA,R,-0.204143785199,3.42361956156,18.8608447755,10.8997584425,6.14148810731,SS,K,-1.77460562016,5.61596312798,85.8226014094,2050.50640229,209.977234414,-0.15
50,2020,730267392,RAD,D1 Big South Conference,730218752,CAN,390364368,2020-03-08 13:00:00,4,0,0,1,1883633852,R. Bywaters,R,CH,L,-0.311040156708,2.61448346276,8.19099745972,16.5128763671,5.93734096691,SL,IP_OUT,-2.22932589767,5.38356158367,79.815487788,1519.96985733,243.502670988,-0.15
51,2020,730267392,RAD,D1 Big South Conference,730218752,CAN,390364368,2020-03-08 13:00:00,4,0,1,1,1883633852,R. Bywaters,R,CH,L,-0.0453638564691,1.62266414073,7.8051401305,13.7346446381,5.89114861167,F,IP_OUT,-2.00139670283,5.41885201037,81.2259375776,1657.30879987,240.266315233,-0.15
52,2020,730267392,RAD,D1 Big South Conference,730218752,CAN,390364368,2020-03-08 13:00:00,4,0,2,1,1883633852,R. Bywaters,R,FA,L,-0.36113312864,4.58712962767,19.5141708721,11.4666837432,6.15439526945,B,IP_OUT,-1.66773593287,5.58938670333,86.6033909161,2128.99523059,210.393657219,0.13
53,2020,730267392,RAD,D1 Big South Conference,730218752,CAN,390364368,2020-03-08 13:00:00,4,1,2,1,1883633852,R. Bywaters,R,CH,L,-0.0558909425262,0.0373017888424,4.55376540623,10.8801983639,5.89864454511,B,IP_OUT,-2.22960969725,5.34523502988,81.7602211326,1348.21715642,247.111817223,0.13
54,2020,730267392,RAD,D1 Big South Conference,730218752,CAN,390364368,2020-03-08 13:00:00,4,0,0,2,1883633852,R. Bywaters,R,FA,R,-0.25382593167,4.16359948083,17.7840656141,12.0486855656,6.24154149176,B,IP_OUT,-1.71881198796,5.68840130907,84.875570054,2031.1529596,214.063144883,0.13
55,2020,730267392,RAD,D1 Big South Conference,730218752,CAN,390364368,2020-03-08 13:00:00,4,1,0,2,1883633852,R. Bywaters,R,FA,R,0.65037870685,1.68721545207,13.401998411,15.7642649803,6.36492483479,SL,IP_OUT,-1.50355175914,5.51861954242,86.9078703071,2089.5410499,229.557757653,-0.15
56,2020,730267392,RAD,D1 Big South Conference,730218752,CAN,390364368,2020-03-08 13:00:00,5,0,0,0,1883633852,R. Bywaters,R,CH,L,-0.111277627419,1.65304701037,9.76515285055,15.6272475207,5.89459029825,SL,IP_OUT,-2.13572414152,5.64799451722,80.823309796,1414.16419583,237.893864636,-0.15
57,2020,730267392,RAD,D1 Big South Conference,730218752,CAN,390364368,2020-03-08 13:00:00,5,0,0,1,1883633852,R. Bywaters,R,CU,R,-0.418827610973,4.04897719559,2.77868874424,-12.429690832,5.56386379902,B,IP_OUT,-2.36666720168,5.41961322458,76.1350445474,2265.89112887,102.80252077,0.13
58,2020,730267392,RAD,D1 Big South Conference,730218752,CAN,390364368,2020-03-08 13:00:00,5,1,0,1,1883633852,R. Bywaters,R,FA,R,0.147007009408,1.9232220755,23.1304591125,13.1622395681,6.02517548763,SL,IP_OUT,-1.73469102282,5.93384316116,85.4642451299,1999.91508915,209.603487036,-0.15
59,2020,730267392,RAD,D1 Big South Conference,730218752,CAN,390364368,2020-03-08 13:00:00,5,1,1,1,1883633852,R. Bywaters,R,FA,R,0.174337237104,2.80339725051,16.7604656123,8.66723633039,6.28314643175,F,IP_OUT,-1.5225829657,5.68936128188,84.8751187711,1969.32067871,207.294402979,-0.15
60,2020,730267392,RAD,D1 Big South Conference,730218752,CAN,390364368,2020-03-08 13:00:00,5,1,2,1,1883633852,R. Bywaters,R,CU,R,-2.57269011948,4.7659250955,0.901763255359,-10.6613381303,5.39213429445,F,IP_OUT,-2.11128798892,5.4236185079,75.322071106,1951.00909132,95.0876840898,0.0
61,2020,730267392,RAD,D1 Big South Conference,730218752,CAN,390364368,2020-03-08 13:00:00,5,1,2,1,1883633852,R. Bywaters,R,CU,R,-0.535268870538,4.34447998811,0.630791269667,-13.7178256045,5.71096189183,B,IP_OUT,-2.03854036303,5.45839035379,76.6115577077,2044.95016078,92.8203534279,0.13
62,2020,730267392,RAD,D1 Big South Conference,730218752,CAN,390364368,2020-03-08 13:00:00,5,0,0,2,1883633852,R. Bywaters,R,FA,L,0.562624039247,3.13049615499,18.7386098073,10.6581342429,6.18224175039,SS,D,-1.74594327105,5.49771726245,87.0565207683,1994.04171233,209.585532653,-0.15
63,2020,730267392,RAD,D1 Big South Conference,730218752,CAN,390364368,2020-03-08 13:00:00,5,0,1,2,1883633852,R. Bywaters,R,FA,L,-0.152826236008,2.66225894442,16.9607827046,15.4297072041,6.06948823152,F,D,-1.96584365207,5.43661053121,87.7422157467,2052.56140777,222.237046881,-0.15
64,2020,730267392,RAD,D1 Big South Conference,730218752,CAN,390364368,2020-03-08 13:00:00,5,0,2,2,1883633852,R. Bywaters,R,FA,L,-0.203462854155,3.1588465473,11.400041026,15.8085981633,6.11752942368,F,D,-1.65391404435,5.62683923821,86.364629784,2038.83623089,234.119830919,0.0
65,2020,730267392,RAD,D1 Big South Conference,730218752,CAN,390364368,2020-03-08 13:00:00,5,0,2,2,1883633852,R. Bywaters,R,CH,L,-0.218484584523,0.189211981947,13.5069022156,18.6718700649,5.86317091782,B,D,-1.92648227068,5.63433503615,82.1091425438,1423.51844094,234.03982496,0.13
66,2020,730267392,RAD,D1 Big South Conference,730218752,CAN,390364368,2020-03-08 13:00:00,5,1,2,2,1883633852,R. Bywaters,R,FA,L,-0.139751326662,2.26658980234,21.4136999094,12.0506604856,5.94425049534,IP,D,-1.73176822341,5.79103249111,87.1577865963,2079.03813097,209.329101409,1.26
67,2020,730267392,RAD,D1 Big South Conference,730218752,CAN,390364368,2020-03-08 13:00:00,6,0,2,1,1883633852,R. Bywaters,R,CH,L,-1.5812924584,2.6145202366,6.1422205561,12.8559446976,5.77499442438,B,K,-2.13990129284,5.4686350935,82.7477112617,1402.04558964,244.323283914,0.13
68,2020,730267392,RAD,D1 Big South Conference,730218752,CAN,390364368,2020-03-08 13:00:00,6,1,2,1,1883633852,R. Bywaters,R,CH,L,-0.283109370541,2.77381567782,6.66239947317,12.4268385407,5.97228942378,SL,K,-1.93596231528,5.49584282236,82.4180475138,1429.15014199,241.665295011,-0.15
69,2020,730267392,RAD,D1 Big South Conference,730218752,CAN,390364368,2020-03-08 13:00:00,6,0,0,2,1883633852,R. Bywaters,R,FA,R,-0.152752401122,3.32226276795,18.2296493093,6.03976749611,6.07549689626,SS,IP_OUT,-1.58669039423,5.71544859274,87.1698896072,2047.53799787,198.298443598,-0.15
70,2020,730267392,RAD,D1 Big South Conference,730218752,CAN,390364368,2020-03-08 13:00:00,6,0,1,2,1883633852,R. Bywaters,R,FA,R,0.778847332318,2.2187701984,18.9744152818,8.3236828297,5.98973294519,SL,IP_OUT,-1.59990021448,5.67417256816,87.3225101983,2120.09863717,203.647508672,-0.15
71,2020,730267392,RAD,D1 Big South Conference,730218752,CAN,390364368,2020-03-08 13:00:00,6,0,2,2,1883633852,R. Bywaters,R,FA,R,1.14119091627,1.84252356541,21.231931095,12.2363791399,6.04144638621,B,IP_OUT,-1.54977975645,5.97399952961,86.9682748158,2043.70304559,209.914891271,0.13
72,2020,730267392,RAD,D1 Big South Conference,730218752,CAN,390364368,2020-03-08 13:00:00,6,1,2,2,1883633852,R. Bywaters,R,SL,R,0.00778762599605,2.90513390802,10.2426422552,-11.1691331789,5.57492785621,F,IP_OUT,-1.97006915087,5.46460524508,77.8374309296,2102.53696638,132.643685211,0.0
73,2020,730267392,RAD,D1 Big South Conference,730218752,CAN,390364368,2020-03-08 13:00:00,6,1,2,2,1883633852,R. Bywaters,R,FA,R,0.852474750962,1.57770115185,19.8958426265,10.2064203195,6.17486599964,B,IP_OUT,-1.53242062064,5.64621029058,87.3255425059,2086.74135664,207.117084309,0.13
74,2020,730267392,RAD,D1 Big South Conference,730218752,CAN,390364368,2020-03-08 13:00:00,6,2,2,2,1883633852,R. Bywaters,R,CU,R,0.339736100191,1.33388556534,0.67450741167,-9.44164590961,5.73649646928,F,IP_OUT,-2.38854396158,5.48767078353,76.6034596869,2304.26938933,94.3572275956,0.0
75,2020,730267392,RAD,D1 Big South Conference,730218752,CAN,390364368,2020-03-08 13:00:00,7,0,0,0,1883633852,R. Bywaters,R,CH,L,1.5995436144,0.0271261250268,12.2387718799,5.44721530405,6.0263330599,B,IP_OUT,-2.06210500206,5.5821639427,82.6455571528,1367.02452007,203.925547835,0.13
76,2020,730267392,RAD,D1 Big South Conference,730218752,CAN,390364368,2020-03-08 13:00:00,7,1,0,0,1883633852,R. Bywaters,R,FA,L,0.368427664756,1.32163278983,24.5700728532,13.8166875212,6.19687202434,B,IP_OUT,-1.90959162947,5.64490374894,86.5721067724,1956.78731632,209.315681517,0.13
77,2020,730267392,RAD,D1 Big South Conference,730218752,CAN,390364368,2020-03-08 13:00:00,7,2,0,0,1883633852,R. Bywaters,R,FA,L,0.0814126163315,1.87450295003,22.9106896565,10.0949613397,6.16676212281,SL,IP_OUT,-2.17187235296,5.66336582522,86.0485853148,2122.49652852,203.746835087,-0.15
78,2020,730267392,RAD,D1 Big South Conference,730218752,CAN,390364368,2020-03-08 13:00:00,7,2,1,0,1883633852,R. Bywaters,R,CH,L,-0.113808211736,1.41337762093,9.44263183659,13.3094662386,5.98223828096,SS,IP_OUT,-1.96052116545,5.43907173893,81.5795606396,1355.5097989,234.533596027,-0.15
79,2020,730267392,RAD,D1 Big South Conference,730218752,CAN,390364368,2020-03-08 13:00:00,7,0,0,1,1883633852,R. Bywaters,R,FA,R,-0.922346622072,1.76188194306,22.1157495554,9.91548971714,6.11656700203,F,IP_OUT,-1.74323794889,5.80318284848,85.8716137534,2036.02730879,204.114510104,-0.15
80,2020,730267392,RAD,D1 Big South Conference,730218752,CAN,390364368,2020-03-08 13:00:00,7,0,0,2,1883633852,R. Bywaters,R,CH,L,0.218208603366,2.90112404123,8.04855971057,11.938765549,5.93379224679,SL,S,-1.8648136818,5.64836326574,80.6702309958,1377.33506949,235.881668743,-0.15
81,2020,730267392,RAD,D1 Big South Conference,730218752,CAN,390364368,2020-03-08 13:00:00,7,0,1,2,1883633852,R. Bywaters,R,CU,L,-0.959403938616,2.56199510243,2.52360079942,-14.0655234997,5.69749190799,SL,S,-2.4941667165,5.37879596655,75.5515655273,2077.51342791,100.352803405,-0.15
82,2020,730267392,RAD,D1 Big South Conference,730218752,CAN,390364368,2020-03-08 13:00:00,7,0,2,2,1883633852,R. Bywaters,R,CH,L,-0.166395587335,1.26688726796,4.212358132,9.83323463771,6.0463537014,IP,S,-1.88924450664,5.47075627739,83.5285998847,1468.13696928,246.62841271,1.0
83,2020,730267392,RAD,D1 Big South Conference,730218752,CAN,390364368,2020-03-08 13:00:00,7,0,0,2,1883633852,R. Bywaters,R,FA,R,-0.519330033225,1.25408994694,15.1870142215,10.5397934734,6.44450569766,B,BB,-2.0422615342,5.62270835417,86.379663075,1955.64853326,214.70072993,0.13
84,2020,730267392,RAD,D1 Big South Conference,730218752,CAN,390364368,2020-03-08 13:00:00,7,1,0,2,1883633852,R. Bywaters,R,FA,R,1.35791070926,0.443111056944,16.2704991724,9.09676450116,6.36957236368,B,BB,-1.76937446082,5.68772873554,86.328063132,1975.12397295,209.157684218,0.13
85,2020,730267392,RAD,D1 Big South Conference,730218752,CAN,390364368,2020-03-08 13:00:00,7,2,0,2,1883633852,R. Bywaters,R,FA,R,0.228750365129,3.42229530219,13.1175569623,11.3183033325,6.33764543245,B,BB,-1.80858798055,5.68370671705,85.9170646543,1858.36005702,220.7137706,0.13
86,2020,730267392,RAD,D1 Big South Conference,730218752,CAN,390364368,2020-03-08 13:00:00,7,3,0,2,1883633852,R. Bywaters,R,FA,R,1.46621525258,2.39572748811,18.5480602966,4.61977309825,6.50058777789,B,BB,-1.75348802892,5.55837609287,84.9211165867,1821.14040364,193.960464524,0.8
87,2020,730267392,RAD,D1 Big South Conference,730218752,CAN,390364368,2020-03-08 13:00:00,7,0,0,2,1602301339,D. Domecq,L,SL,L,-1.07697601691,2.7890108657,1.48895642878,1.31391988826,5.23639925098,SL,S,1.98754277029,5.40556919972,78.0834132934,2336.74434964,220.593516528,-0.15
88,2020,730267392,RAD,D1 Big South Conference,730218752,CAN,390364368,2020-03-08 13:00:00,7,0,1,2,1602301339,D. Domecq,L,SL,L,0.500949090538,4.22538710003,0.243291869763,3.83122379897,5.07694832821,B,S,1.88740745617,5.43289700735,76.3123076276,2185.91110273,265.674936125,0.13
89,2020,730267392,RAD,D1 Big South Conference,730218752,CAN,390364368,2020-03-08 13:00:00,7,1,1,2,1602301339,D. Domecq,L,SL,L,-0.907187605432,3.17380184835,0.624556653451,3.71961337005,5.21253763605,SL,S,2.06314037404,5.3400723264,74.8738298881,2191.43384806,259.743621316,-0.15
90,2020,730267392,RAD,D1 Big South Conference,730218752,CAN,390364368,2020-03-08 13:00:00,7,1,2,2,1602301339,D. Domecq,L,SL,L,-0.941861919088,1.84622455392,0.475427386745,2.08609807115,5.00666660355,F,S,2.09093905876,5.37512594914,76.9062733275,2321.73411228,255.968870902,0.0
91,2020,730267392,RAD,D1 Big South Conference,730218752,CAN,390364368,2020-03-08 13:00:00,7,1,2,2,1602301339,D. Domecq,L,SL,L,-0.519979014675,1.25777955576,-0.98315206073,2.58556588184,5.18447648391,IP,S,2.18783532188,5.34836096307,76.9924460029,2229.22950808,289.933307101,1.0
92,2020,730267392,RAD,D1 Big South Conference,730218752,CAN,390364368,2020-03-08 13:00:00,7,0,0,2,1602301339,D. Domecq,L,SL,L,-1.85705501142,0.819658484415,-0.0960058548627,4.75808194576,5.21309910296,B,K,1.90854559067,5.33883699727,76.6505016937,2117.3963135,270.605563375,0.13
93,2020,730267392,RAD,D1 Big South Conference,730218752,CAN,390364368,2020-03-08 13:00:00,7,1,0,2,1602301339,D. Domecq,L,SL,L,-0.804314572924,1.30517549354,1.04820123055,2.68548715805,5.18730537184,SS,K,2.18008814726,5.38439124424,76.7836464528,2173.41078744,247.834594597,-0.15
94,2020,730267392,RAD,D1 Big South Conference,730218752,CAN,390364368,2020-03-08 13:00:00,7,1,1,2,1602301339,D. Domecq,L,SL,L,-0.843833177582,1.47636369344,1.44021021813,2.79737417838,5.25859595726,SS,K,2.05794781417,5.36931186053,76.3395587688,2202.51083825,242.014709035,-0.15
95,2020,730267392,RAD,D1 Big South Conference,730218752,CAN,390364368,2020-03-08 13:00:00,7,1,2,2,1602301339,D. Domecq,L,FC,L,-1.15755663923,1.2701431152,7.4340357686,1.64771943084,5.41176137644,SS,K,2.0924848173,5.40208061548,76.9050504761,2137.6416732,192.423666788,-0.15
96,2020,730267392,RAD,D1 Big South Conference,730218752,CAN,390364368,2020-03-08 13:00:00,8,0,1,0,1842697130,B. Feathers,R,SL,R,0.542405601095,1.72675340192,12.6955893878,-10.6362159337,5.88662000257,SS,K,-1.20345603424,6.23278829752,77.0446713459,1656.1539165,140.143776726,-0.15
97,2020,730267392,RAD,D1 Big South Conference,730218752,CAN,390364368,2020-03-08 13:00:00,8,1,2,0,1842697130,B. Feathers,R,FA,R,2.44782675102,3.25160633828,17.3287874373,8.1250787108,6.86238108252,B,K,-1.25319166402,6.26941825436,85.9396196686,1982.57876358,205.07698439,0.13
98,2020,730267392,RAD,D1 Big South Conference,730218752,CAN,390364368,2020-03-08 13:00:00,8,2,2,0,1842697130,B. Feathers,R,SL,R,0.719008240392,1.5127700631,7.8346452857,-11.6372260183,6.07301795161,SS,K,-1.2651635671,5.99138233662,76.5255158478,1710.66452541,124.10313094,-0.15
99,2020,730267392,RAD,D1 Big South Conference,730218752,CAN,390364368,2020-03-08 13:00:00,8,0,0,2,1842697130,B. Feathers,R,SL,R,2.03662338812,1.21502035241,7.16494280724,-5.41568273309,5.94464339565,B,IP_OUT,-1.11252703583,6.1140044177,77.5489159546,1663.09186502,143.085734006,0.13
100,2020,730267392,RAD,D1 Big South Conference,730218752,CAN,390364368,2020-03-08 13:00:00,9,0,0,0,1134610318,B. Hudson,R,FA,L,0.522796234413,0.297978546471,8.51798024438,18.328934805,5.88875102228,B,IP_OUT,-1.10887140004,5.96299699871,90.663700701,2039.6509872,244.991110574,0.13
101,2020,730267392,RAD,D1 Big South Conference,730218752,CAN,390364368,2020-03-08 13:00:00,9,1,0,0,1134610318,B. Hudson,R,FA,L,0.212102238975,1.68626143657,15.1560465528,14.4214770916,5.82214643684,SL,IP_OUT,-1.15035002402,5.81684105059,90.0430952294,2090.50952274,223.515492145,-0.15
102,2020,730267392,RAD,D1 Big South Conference,730218752,CAN,390364368,2020-03-08 13:00:00,9,1,1,0,1134610318,B. Hudson,R,CH,L,-0.81243325465,1.62529728713,7.77757461143,10.6226023494,6.28207586175,B,IP_OUT,-1.23006859972,5.57694204212,83.4838268038,1514.73687111,233.6589796,0.13
103,2020,730267392,RAD,D1 Big South Conference,730218752,CAN,390364368,2020-03-08 13:00:00,9,2,1,0,1134610318,B. Hudson,R,FA,L,-1.13820633253,3.26656397949,12.0790898117,16.1513643846,5.95469583052,SL,IP_OUT,-1.15601602898,5.93866903122,90.0520048183,1990.80109399,233.134712823,-0.15
104,2020,730267392,RAD,D1 Big South Conference,730218752,CAN,390364368,2020-03-08 13:00:00,9,2,2,0,1134610318,B. Hudson,R,CH,L,-1.3817473279,2.33638055737,-0.329279511309,9.45952977906,6.14109221013,F,IP_OUT,-1.36055938441,5.75826508155,82.3077594539,1547.01574437,271.761567798,0.0
105,2020,730267392,RAD,D1 Big South Conference,730218752,CAN,390364368,2020-03-08 13:00:00,9,0,0,1,1134610318,B. Hudson,R,FA,R,-0.0447044405504,3.56756315879,12.6090109056,9.74366081326,5.82539330002,B,K,-1.07929339585,5.93557423326,89.819879497,1954.12600905,217.623226604,0.13
106,2020,730267392,RAD,D1 Big South Conference,730218752,CAN,390364368,2020-03-08 13:00:00,9,1,0,1,1134610318,B. Hudson,R,FA,R,1.48021417856,0.526747593732,8.17928712922,16.8063974184,6.04241042929,B,K,-0.971880381919,5.8766541307,90.6838131138,2003.23232427,243.960777399,0.13
107,2020,730267392,RAD,D1 Big South Conference,730218752,CAN,390364368,2020-03-08 13:00:00,9,2,0,1,1134610318,B. Hudson,R,FA,R,0.814132870074,2.52871727352,13.3610011907,15.6533600784,5.89052501837,SL,K,-0.919603801503,5.90571965001,90.2042343331,2015.47189735,229.449050938,-0.15
108,2020,730267392,RAD,D1 Big South Conference,730218752,CAN,390364368,2020-03-08 13:00:00,9,2,1,1,1134610318,B. Hudson,R,FA,R,0.849593564131,1.62427649306,9.24541181657,16.8862932938,6.07174898197,SS,K,-0.968327076055,5.7996443055,89.0374862905,1936.71106765,241.213251259,-0.15
109,2020,730267392,RAD,D1 Big South Conference,730218752,CAN,390364368,2020-03-08 13:00:00,9,3,2,1,1134610318,B. Hudson,R,FA,R,1.35113261946,1.56980310843,15.659304633,12.7532857484,5.91993954983,SL,K,-1.16426415179,5.96668631658,90.7387305086,1944.07408483,219.102720742,-0.15
110,2020,730267392,RAD,D1 Big South Conference,730218752,CAN,390364368,2020-03-08 13:00:00,9,0,0,2,1134610318,B. Hudson,R,FA,R,2.22024047671,2.02043040905,14.0916694424,15.7447750634,5.89856038244,B,BB,-0.945472200874,5.88973973984,90.07046235,1858.27593568,228.105332591,0.13
111,2020,730267392,RAD,D1 Big South Conference,730218752,CAN,390364368,2020-03-08 13:00:00,9,1,0,2,1134610318,B. Hudson,R,FA,R,0.68153144638,1.92249290881,18.0365596693,17.1463738494,5.96202239345,F,BB,-1.05053320496,6.32136594564,90.1842818005,1940.76409371,223.499275305,-0.15
112,2020,730267392,RAD,D1 Big South Conference,730218752,CAN,390364368,2020-03-08 13:00:00,9,1,1,2,1134610318,B. Hudson,R,FA,R,2.00745977897,3.33568470714,10.0008931094,11.6243088138,6.10478339039,B,BB,-0.960726129598,5.94570301602,90.32671738,2072.2911014,229.202114792,0.13
113,2020,730267392,RAD,D1 Big South Conference,730218752,CAN,390364368,2020-03-08 13:00:00,9,2,1,2,1134610318,B. Hudson,R,FA,R,0.555846544909,1.46230657375,13.9384598845,14.6980855149,5.95334767339,SL,BB,-1.02255297309,5.99365274492,89.2366481469,1949.25637472,226.451209532,-0.15
114,2020,730267392,RAD,D1 Big South Conference,730218752,CAN,390364368,2020-03-08 13:00:00,9,3,2,2,1134610318,B. Hudson,R,FA,R,1.82743505833,1.05031579349,9.74593995695,13.1678804376,6.07713933524,B,BB,-0.958284569996,5.77205755122,90.6524428547,1989.18782845,233.403994155,0.8
115,2020,730267392,RAD,D1 Big South Conference,730218752,CAN,390364368,2020-03-08 13:00:00,9,0,0,2,1134610318,B. Hudson,R,FA,R,-0.045243762937,2.93106178007,16.8589996601,12.8429986593,5.83460096786,SS,BB,-1.2043859104,6.00496448054,89.5201303723,2096.44574473,217.245105271,-0.15
116,2020,730267392,RAD,D1 Big South Conference,730218752,CAN,390364368,2020-03-08 13:00:00,9,0,1,2,1134610318,B. Hudson,R,CH,R,1.24814468688,1.37918062114,14.6823453972,14.4549741833,6.0464551147,B,BB,-1.41492045768,5.8568170554,82.1302401674,1550.18077465,224.47594932,0.13
117,2020,730267392,RAD,D1 Big South Conference,730218752,CAN,390364368,2020-03-08 13:00:00,9,1,1,2,1134610318,B. Hudson,R,FA,R,1.89807248626,2.4240893347,12.9921367526,9.93339299409,6.00903122687,B,BB,-1.13300160511,5.94511432944,87.9187848693,2009.175465,217.328187462,0.13
118,2020,730267392,RAD,D1 Big South Conference,730218752,CAN,390364368,2020-03-08 13:00:00,9,2,1,2,1134610318,B. Hudson,R,SI,R,0.661317426434,1.02618662456,3.37280421009,13.035012909,6.09984669432,B,BB,-1.10773353546,5.67256359288,88.5275259771,1919.76794564,255.356135957,0.13
119,2020,730267392,RAD,D1 Big South Conference,730218752,CAN,390364368,2020-03-08 13:00:00,9,3,1,2,1134610318,B. Hudson,R,FA,R,0.700070308524,1.84278705379,13.8516016277,10.3011482891,5.97249415818,F,BB,-1.25791078505,5.87320616477,88.529399883,2011.93614386,216.570821181,-0.15
120,2020,730267392,RAD,D1 Big South Conference,730218752,CAN,390364368,2020-03-08 13:00:00,9,3,2,2,1134610318,B. Hudson,R,SI,R,1.04466546619,0.37050729971,2.66861437526,20.089093599,5.95056067766,B,BB,-1.19314046189,5.80294822221,89.4119173156,1880.09768067,262.341037666,0.8
121,2020,730267392,RAD,D1 Big South Conference,730218752,CAN,390364368,2020-03-08 13:00:00,9,0,0,2,1134610318,B. Hudson,R,CH,L,-0.445655556977,0.486389190495,13.2158140827,13.0777565982,6.18948250706,B,IP_OUT,-1.412525325,6.08622084797,82.9779477093,1555.04964786,224.616751138,0.13
122,2020,730267392,RAD,D1 Big South Conference,730218752,CAN,415603942,2020-03-07 13:00:00,1,0,0,0,1116110151,B. Donovan,R,FA,L,-0.807296236397,1.63995660032,13.7002076533,11.416657034,5.40856773312,SL,IP_OUT,-1.93917372532,5.47786244723,90.65026471,2302.73258751,219.738581606,-0.15
123,2020,730267392,RAD,D1 Big South Conference,730218752,CAN,415603942,2020-03-07 13:00:00,1,0,1,0,1116110151,B. Donovan,R,FA,L,-2.2035236363,2.16240996787,16.3993591154,5.24806929124,5.44667162745,B,IP_OUT,-1.95093122335,5.40720798681,89.6949822759,2377.69842926,197.712228784,0.13
124,2020,730267392,RAD,D1 Big South Conference,730218752,CAN,415603942,2020-03-07 13:00:00,1,1,1,0,1116110151,B. Donovan,R,FA,L,-0.168548787943,2.54220846359,12.4235825128,7.34135563327,5.62298801206,F,IP_OUT,-1.89897707363,5.5181964775,90.2517276788,2304.79902044,210.514609573,-0.15
125,2020,730267392,RAD,D1 Big South Conference,730218752,CAN,415603942,2020-03-07 13:00:00,1,1,2,0,1116110151,B. Donovan,R,FA,L,-1.85136434727,2.77816081703,12.6127130417,8.90924203957,5.82050269765,B,IP_OUT,-1.97628409518,5.57766886521,91.2671334578,2439.85805996,215.169150533,0.13
126,2020,730267392,RAD,D1 Big South Conference,730218752,CAN,415603942,2020-03-07 13:00:00,1,0,0,1,1116110151,B. Donovan,R,SL,R,-1.1877304771,2.92727456725,2.64120188767,-5.46411338776,4.66100601041,B,IP_OUT,-2.19467501436,5.35778385948,79.3605592693,2643.79290835,116.164487056,0.13
127,2020,730267392,RAD,D1 Big South Conference,730218752,CAN,415603942,2020-03-07 13:00:00,1,1,0,1,1116110151,B. Donovan,R,FA,R,-0.215860218023,4.11823386674,17.4865895061,8.22272211593,5.75048924799,B,IP_OUT,-1.70194203542,5.54943485846,90.6831577414,2505.71652142,205.144158376,0.13
128,2020,730267392,RAD,D1 Big South Conference,730218752,CAN,415603942,2020-03-07 13:00:00,1,2,0,1,1116110151,B. Donovan,R,FA,R,0.465005635736,2.26816724059,13.1321106017,16.7323256759,5.79531991291,SL,IP_OUT,-1.91754506999,5.28720467558,87.0635308889,2258.374666,231.800773115,-0.15
129,2020,730267392,RAD,D1 Big South Conference,730218752,CAN,415603942,2020-03-07 13:00:00,1,2,1,1,1116110151,B. Donovan,R,FA,R,0.419332355322,2.38869498126,12.9748754213,8.85681571604,5.6500836387,F,IP_OUT,-1.86931138132,5.37384495188,90.0328081521,2500.42662855,214.251439398,-0.15
130,2020,730267392,RAD,D1 Big South Conference,730218752,CAN,415603942,2020-03-07 13:00:00,1,2,2,1,1116110151,B. Donovan,R,FA,R,-1.57603206765,2.48230115482,12.2011392753,12.9177755106,5.58598949823,B,IP_OUT,-2.21955999889,5.07880332691,88.886084163,2338.79399736,226.554729976,0.13
131,2020,730267392,RAD,D1 Big South Conference,730218752,CAN,415603942,2020-03-07 13:00:00,1,0,0,2,1116110151,B. Donovan,R,FA,R,0.428486750964,1.61115552402,19.7510000195,8.15010961768,5.84253654784,IP,S,-1.92528519417,5.44946190818,91.1548886259,2494.50943941,202.390620714,1.0
132,2020,730267392,RAD,D1 Big South Conference,730218752,CAN,415603942,2020-03-07 13:00:00,2,1,0,0,1116110151,B. Donovan,R,FA,R,0.159884325111,3.1443729886,10.5002137434,8.15372629744,5.81168547116,F,BB,-1.61516139563,5.73550368064,88.107128777,2444.71370287,217.742067343,-0.15
133,2020,730267392,RAD,D1 Big South Conference,730218752,CAN,415603942,2020-03-07 13:00:00,2,2,1,0,1116110151,B. Donovan,R,FA,R,-0.15530044573,2.64876434202,16.1252365714,4.69383757234,5.79279829055,SS,BB,-1.72623041878,5.67531179682,89.730433866,2433.23721328,196.198594449,-0.15
134,2020,730267392,RAD,D1 Big South Conference,730218752,CAN,415603942,2020-03-07 13:00:00,2,2,2,0,1116110151,B. Donovan,R,FA,R,1.64164936698,2.05247176697,21.6170452705,2.98680731573,5.88421837089,B,BB,-1.63305153744,5.8800480192,89.9304159545,2453.64014985,187.855053002,0.13
135,2020,730267392,RAD,D1 Big South Conference,730218752,CAN,415603942,2020-03-07 13:00:00,2,3,2,0,1116110151,B. Donovan,R,FA,R,-0.165090693153,3.42362705758,18.2382629529,4.66042072433,5.68563727483,B,BB,-1.77563643988,5.58361836395,89.3613950683,2371.45811006,194.309112313,0.8
136,2020,730267392,RAD,D1 Big South Conference,730218752,CAN,415603942,2020-03-07 13:00:00,2,1,0,0,1116110151,B. Donovan,R,FA,L,-0.247942560015,2.66460013693,14.4334375558,4.11343485132,5.76092559255,F,D,-1.53342282718,5.63275299207,89.2287783318,2384.98178303,195.872989918,-0.15
137,2020,730267392,RAD,D1 Big South Conference,730218752,CAN,415603942,2020-03-07 13:00:00,2,1,1,0,1116110151,B. Donovan,R,FA,L,-0.312255816643,2.25952925847,15.9737676659,7.04889917514,6.00911120074,F,D,-1.77644467781,5.38726073895,88.6155812917,2434.38116043,203.767037339,-0.15
138,2020,730267392,RAD,D1 Big South Conference,730218752,CAN,415603942,2020-03-07 13:00:00,2,1,2,0,1116110151,B. Donovan,R,FA,L,-0.10043429777,3.12446024057,21.1411722604,4.58798395299,5.81527826828,F,D,-1.4658583716,5.58492225014,90.0636966017,2602.78657247,192.225981502,0.0
139,2020,730267392,RAD,D1 Big South Conference,730218752,CAN,415603942,2020-03-07 13:00:00,2,1,2,0,1116110151,B. Donovan,R,FA,L,0.279806631064,2.0145620535,20.5406233408,11.4323575873,5.84052086394,F,D,-1.71614686806,5.86725042587,89.9575218628,2551.94620445,209.060762419,0.0
140,2020,730267392,RAD,D1 Big South Conference,730218752,CAN,415603942,2020-03-07 13:00:00,2,1,2,0,1116110151,B. Donovan,R,FA,L,0.856960887412,1.93874669113,11.0481190665,4.92366810714,5.83602793183,IP,D,-1.30253445202,5.61957024777,90.2501153247,2473.18940917,203.9584957,1.26
141,2020,730267392,RAD,D1 Big South Conference,730218752,CAN,415603942,2020-03-07 13:00:00,2,0,0,0,1116110151,B. Donovan,R,FA,R,1.16055912803,1.09949954384,11.5265165093,5.72341122102,5.90150899202,B,IP_OUT,-1.77293824077,5.48634760638,90.0879384982,2575.3945091,206.343452429,0.13
142,2020,730267392,RAD,D1 Big South Conference,730218752,CAN,415603942,2020-03-07 13:00:00,2,0,0,1,1116110151,B. Donovan,R,FA,L,-0.295904729555,2.51355171469,9.75204747569,4.75108034992,5.88463910338,SL,IP_OUT,-1.81551202344,5.44387757937,89.5736552176,2477.81040732,205.900443787,-0.15
143,2020,730267392,RAD,D1 Big South Conference,730218752,CAN,415603942,2020-03-07 13:00:00,2,0,1,2,1116110151,B. Donovan,R,SL,R,1.10701848258,2.11560875545,0.936880550831,-15.0290749005,4.72670527478,SL,K,-1.81436351123,5.510948299,80.7826089648,2784.11366927,93.7284701642,-0.15
144,2020,730267392,RAD,D1 Big South Conference,730218752,CAN,415603942,2020-03-07 13:00:00,2,0,2,2,1116110151,B. Donovan,R,SL,R,1.12967499283,2.47696985023,2.19060749407,-8.65599509131,5.11131208212,F,K,-1.83026743306,5.34861451184,82.2808270192,2725.77044837,104.454706311,0.0
145,2020,730267392,RAD,D1 Big South Conference,730218752,CAN,415603942,2020-03-07 13:00:00,2,0,2,2,1116110151,B. Donovan,R,SL,R,2.91145146505,1.17523007802,0.380353313085,-12.2925891892,4.97247023996,B,K,-1.75387817589,5.49032394426,81.1865296105,2753.84166061,91.9640729222,0.13
146,2020,730267392,RAD,D1 Big South Conference,730218752,CAN,415603942,2020-03-07 13:00:00,2,1,2,2,1116110151,B. Donovan,R,FA,R,1.83991572594,2.48577568565,15.4084615075,4.21840624216,5.79097627351,B,K,-1.44352033247,5.43438232622,89.6797980192,2623.47263534,195.279793262,0.13
147,2020,730267392,RAD,D1 Big South Conference,730218752,CAN,415603942,2020-03-07 13:00:00,2,2,2,2,1116110151,B. Donovan,R,CU,R,0.713070159227,1.11197029146,-4.90536831874,-12.1589116987,4.74604374206,SS,K,-1.85063785421,5.48940469553,80.8244300716,2708.24681952,68.1982234736,-0.15
148,2020,730267392,RAD,D1 Big South Conference,730218752,CAN,415603942,2020-03-07 13:00:00,3,0,0,0,1116110151,B. Donovan,R,FA,L,-0.433118791319,2.46602066974,15.2902511744,4.87500951709,5.56793426413,SL,IP_OUT,-1.87831353902,5.64469421003,89.0474403713,2342.16516538,197.647790559,-0.15
149,2020,730267392,RAD,D1 Big South Conference,730218752,CAN,415603942,2020-03-07 13:00:00,3,0,2,0,1116110151,B. Donovan,R,CU,L,-0.945442712236,1.48506129342,-3.95739761595,-14.8810234702,4.80478133722,B,IP_OUT,-1.86925870235,5.63750780077,78.8745583896,2670.57007351,75.2657881071,0.13
150,2020,730267392,RAD,D1 Big South Conference,730218752,CAN,415603942,2020-03-07 13:00:00,3,0,1,1,1116110151,B. Donovan,R,SL,L,-1.44882860691,2.81961144294,-5.53159660308,-6.55909061838,4.94135942407,B,K,-2.07237956885,5.47645481728,81.0748681554,2558.8152922,50.0695551542,0.13
151,2020,730267392,RAD,D1 Big South Conference,730218752,CAN,415603942,2020-03-07 13:00:00,3,1,1,1,1116110151,B. Donovan,R,SL,L,-0.850127951474,1.92331691699,-1.95588595664,-5.69055502468,5.00520301923,SL,K,-2.31006554353,5.4701439769,78.9731228582,2467.58813748,71.4239590554,-0.15
152,2020,730267392,RAD,D1 Big South Conference,730218752,CAN,415603942,2020-03-07 13:00:00,3,1,2,1,1116110151,B. Donovan,R,SL,L,-0.420964931357,2.26113833525,-2.24799571584,-5.01451278267,4.93511245822,F,K,-2.09442542242,5.41782708383,81.6861499156,2620.78647781,66.2393539601,0.0
153,2020,730267392,RAD,D1 Big South Conference,730218752,CAN,415603942,2020-03-07 13:00:00,3,1,2,1,1116110151,B. Donovan,R,FA,L,0.16999368488,3.18663430073,13.155499882,10.7446729463,5.81957960596,F,K,-1.68939884327,5.49373715376,89.1187605137,2463.65186702,219.170149208,0.0
154,2020,730267392,RAD,D1 Big South Conference,730218752,CAN,415603942,2020-03-07 13:00:00,3,1,2,1,1116110151,B. Donovan,R,CU,L,0.717828754046,0.890502354538,-3.016555568,-10.2878961999,4.85433171955,SS,K,-1.85844312678,5.49285881048,80.0130932802,2461.84375163,73.8773491688,-0.15
155,2020,730267392,RAD,D1 Big South Conference,730218752,CAN,415603942,2020-03-07 13:00:00,3,0,0,2,1116110151,B. Donovan,R,CH,R,0.407438683599,2.76612240801,10.624781744,14.672867055,5.59693289358,SL,S,-1.91328323098,5.4754823493,84.2236176083,1705.1797883,233.9953965,-0.15
156,2020,730267392,RAD,D1 Big South Conference,730218752,CAN,415603942,2020-03-07 13:00:00,3,0,1,2,1116110151,B. Donovan,R,SL,R,-0.30670925929,1.85192912289,-3.89705267534,-5.79767546018,4.80849925915,F,S,-2.03984904343,5.52750137001,81.0896945805,2614.01816058,56.3747804742,-0.15
157,2020,730267392,RAD,D1 Big South Conference,730218752,CAN,415603942,2020-03-07 13:00:00,3,0,2,2,1116110151,B. Donovan,R,FA,R,0.707575698527,4.18710749441,16.6037886809,6.31823866437,5.68779220926,B,S,-1.62742652878,5.7390151037,89.4576603043,2489.85569457,200.795786732,0.13
158,2020,730267392,RAD,D1 Big South Conference,730218752,CAN,415603942,2020-03-07 13:00:00,3,1,2,2,1116110151,B. Donovan,R,CU,R,-0.321274213351,3.05834372439,-0.787078969062,-19.0273559382,5.06519625256,F,S,-1.98077375375,5.5809426639,79.6396489558,2647.37862062,87.7586731083,0.0
159,2020,730267392,RAD,D1 Big South Conference,730218752,CAN,415603942,2020-03-07 13:00:00,3,1,2,2,1116110151,B. Donovan,R,FA,R,1.21239113181,3.00082116076,15.0199363274,2.59021132716,5.95829039952,IP,S,-1.91858490961,5.39644791638,88.7959459554,2365.02354393,189.763531131,1.0
160,2020,730267392,RAD,D1 Big South Conference,730218752,CAN,415603942,2020-03-07 13:00:00,3,0,0,2,1116110151,B. Donovan,R,CU,R,0.37383666257,2.0371703857,4.01897686196,-14.3166467524,5.15677548584,SL,K,-1.83347183432,5.50624605132,79.6025149666,2464.72550249,105.83538491,-0.15
161,2020,730267392,RAD,D1 Big South Conference,730218752,CAN,415603942,2020-03-07 13:00:00,3,0,1,2,1116110151,B. Donovan,R,SL,R,1.39901558062,2.73645016768,1.54236616948,-15.4301382316,4.83337274059,SL,K,-1.83352251224,5.56702107772,80.4334376491,2766.32406701,95.8619165792,-0.15
162,2020,730267392,RAD,D1 Big South Conference,730218752,CAN,415603942,2020-03-07 13:00:00,3,1,2,2,1116110151,B. Donovan,R,SL,R,-0.824202112373,3.56320383722,5.1716194242,-15.123571504,4.98876850656,B,K,-1.97603987178,5.4873514193,81.3543879523,2769.56916061,109.016662277,0.13
163,2020,730267392,RAD,D1 Big South Conference,730218752,CAN,415603942,2020-03-07 13:00:00,3,2,2,2,1116110151,B. Donovan,R,SL,R,0.806419993903,3.83395031247,4.38341549564,-16.6110238127,5.1855633014,B,K,-1.77730949431,5.40495713307,82.1627309531,2605.12121708,104.909025044,0.13
164,2020,730267392,RAD,D1 Big South Conference,730218752,CAN,415603942,2020-03-07 13:00:00,3,3,2,2,1116110151,B. Donovan,R,CU,R,0.412988863621,2.14903603837,3.03429272813,-21.4813757367,5.16466933841,SS,K,-1.91255029928,5.40810502584,79.6878235337,2644.17030821,98.1501321476,-0.15
165,2020,730267392,RAD,D1 Big South Conference,730218752,CAN,415603942,2020-03-07 13:00:00,4,0,0,0,1116110151,B. Donovan,R,FA,R,1.15636379378,2.25908040139,13.9384052673,10.8340342859,5.74307143279,B,S,-1.86429971658,5.56345076937,86.9802934481,2388.18655161,217.787782674,0.13
166,2020,730267392,RAD,D1 Big South Conference,730218752,CAN,415603942,2020-03-07 13:00:00,4,1,0,0,1116110151,B. Donovan,R,FA,R,0.78624272157,1.89747818662,16.1756566515,11.426693665,5.69647833969,SL,S,-1.78145147464,5.64830344267,88.4575054585,2406.32810967,215.181682045,-0.15
167,2020,730267392,RAD,D1 Big South Conference,730218752,CAN,415603942,2020-03-07 13:00:00,4,1,1,0,1116110151,B. Donovan,R,FA,R,-1.39018304887,2.87903837642,15.7104249838,6.87200748674,5.76375087731,B,S,-1.93468209997,5.3906351578,87.2749147401,2391.37419614,203.579232448,0.13
168,2020,730267392,RAD,D1 Big South Conference,730218752,CAN,415603942,2020-03-07 13:00:00,4,2,1,0,1116110151,B. Donovan,R,FA,R,0.0962447629556,2.62316110293,14.2201110512,9.19119837858,5.76970547696,IP,S,-1.71684016499,5.45821157873,88.0639624207,2460.57716977,212.814230491,1.0
169,2020,730267392,RAD,D1 Big South Conference,730218752,CAN,415603942,2020-03-07 13:00:00,4,0,0,0,1116110151,B. Donovan,R,SL,L,-1.43268768312,3.63190444021,10.2958892373,-6.90664848113,4.81995060015,B,K,-1.97468193626,5.32702245978,79.7496262831,2698.85231083,146.255077693,0.13
170,2020,730267392,RAD,D1 Big South Conference,730218752,CAN,415603942,2020-03-07 13:00:00,4,1,0,0,1116110151,B. Donovan,R,SL,L,-0.634750221437,2.52252666461,7.77125162228,-12.4818012173,4.73920434215,SL,K,-1.82530429909,5.35904897064,79.9713454013,2716.14503477,122.047301385,-0.15
171,2020,730267392,RAD,D1 Big South Conference,730218752,CAN,415603942,2020-03-07 13:00:00,4,1,1,0,1116110151,B. Donovan,R,SL,L,-0.684427874966,1.61282124322,4.59079148191,-6.44770390671,4.90424860258,F,K,-1.98342202886,5.3484483471,79.4083864891,2520.63912178,125.698915321,-0.15
172,2020,730267392,RAD,D1 Big South Conference,730218752,CAN,415603942,2020-03-07 13:00:00,4,1,2,0,1116110151,B. Donovan,R,FA,L,-1.16797784898,2.88047358464,20.962834727,4.70521860341,5.73800721516,SS,K,-1.59580639085,5.69002080618,89.6789473978,2384.62479107,192.631554825,-0.15
173,2020,730267392,RAD,D1 Big South Conference,730218752,CAN,415603942,2020-03-07 13:00:00,4,0,0,1,1116110151,B. Donovan,R,FA,R,0.180327248176,2.25142730156,13.3940632809,6.60439996877,5.97412456827,F,K,-1.58982200581,5.50907870913,89.9920416825,2409.07155927,206.192826677,-0.15
174,2020,730267392,RAD,D1 Big South Conference,730218752,CAN,415603942,2020-03-07 13:00:00,4,1,1,1,1116110151,B. Donovan,R,CU,R,1.36902093661,1.60147215136,1.17955476546,-12.7339472272,5.10174447796,B,K,-1.92185585704,5.4118187321,79.369303466,2647.45756839,95.4831808981,0.13
175,2020,730267392,RAD,D1 Big South Conference,730218752,CAN,415603942,2020-03-07 13:00:00,4,2,1,1,1116110151,B. Donovan,R,FA,R,-1.25960900081,3.05541902797,17.9232382435,4.94253243182,5.72831555589,B,K,-1.51875845775,5.65340383417,89.4862489146,2434.01470129,195.389917434,0.13
176,2020,730267392,RAD,D1 Big South Conference,730218752,CAN,415603942,2020-03-07 13:00:00,4,3,1,1,1116110151,B. Donovan,R,FA,R,0.293348529121,1.61322813357,13.7721513252,6.7871433225,5.77642786398,SL,K,-1.73566394493,5.37576488759,87.7833449749,2307.13454703,206.178688973,-0.15
177,2020,730267392,RAD,D1 Big South Conference,730218752,CAN,415603942,2020-03-07 13:00:00,4,3,2,1,1116110151,B. Donovan,R,FA,R,0.807925917655,2.55675171333,13.171931,3.66616415368,5.90256541692,SS,K,-1.6394387321,5.3578036543,89.4807574647,2324.6860897,195.516828114,-0.15
178,2020,730267392,RAD,D1 Big South Conference,730218752,CAN,415603942,2020-03-07 13:00:00,4,0,0,2,1116110151,B. Donovan,R,FS,L,-1.58216563153,2.54903641015,5.94186925754,10.5156051286,5.88841590142,B,NO_PLAY,-1.75779439218,5.34350973184,83.2696925306,1518.8229249,240.375203703,0.13
179,2020,730267392,RAD,D1 Big South Conference,730218752,CAN,415603942,2020-03-07 13:00:00,4,1,0,2,1116110151,B. Donovan,R,SL,L,-0.655587015347,1.73276683341,7.05096361839,-5.80019599942,4.95192593631,SL,NO_PLAY,-2.00989576472,5.36409759859,79.5919604471,2382.0573894,140.724851858,-0.15
180,2020,730267392,RAD,D1 Big South Conference,730218752,CAN,415603942,2020-03-07 13:00:00,4,1,1,2,1116110151,B. Donovan,R,SL,L,-0.157938092517,1.95675231016,3.28544096714,-6.74577287197,4.92234186355,F,NO_PLAY,-2.01672971283,5.34061054569,81.8003386459,2678.4361905,116.238600042,-0.15
181,2020,730267392,RAD,D1 Big South Conference,730218752,CAN,415603942,2020-03-07 13:00:00,5,0,0,0,1116110151,B. Donovan,R,FA,L,-0.69885094209,2.70780588912,18.690401836,5.99823466976,5.62418993701,F,HR,-1.77769985423,5.65005924032,85.8855275057,2256.94840092,197.760615947,-0.15
182,2020,730267392,RAD,D1 Big South Conference,730218752,CAN,415603942,2020-03-07 13:00:00,5,0,1,0,1116110151,B. Donovan,R,FA,L,-0.243213228974,1.88139035719,15.2898929709,8.03130820079,5.63132766574,F,HR,-2.06784524846,5.33904795322,86.6808419203,2354.47082171,207.656563889,-0.15
183,2020,730267392,RAD,D1 Big South Conference,730218752,CAN,415603942,2020-03-07 13:00:00,5,0,2,0,1116110151,B. Donovan,R,FA,L,-0.606051150574,3.64002392587,15.7684715809,4.49469032428,5.81132053024,F,HR,-1.79436280374,5.64341759614,88.4417472124,2385.21016041,195.877411051,0.0
184,2020,730267392,RAD,D1 Big South Conference,730218752,CAN,415603942,2020-03-07 13:00:00,5,0,2,0,1116110151,B. Donovan,R,CU,L,1.89733494417,0.988918480555,2.13745137335,-15.7631000239,4.91887657399,B,HR,-1.89635738761,5.67705611918,78.8329295413,2628.83094812,97.8804690166,0.13
185,2020,730267392,RAD,D1 Big South Conference,730218752,CAN,415603942,2020-03-07 13:00:00,5,1,2,0,1116110151,B. Donovan,R,FA,L,0.472495358061,2.41970348978,13.2702629413,3.99275536067,5.70341314239,IP,HR,-1.65368941655,5.40666767838,89.4901036407,2445.56055321,196.706124807,1.76
186,2020,730267392,RAD,D1 Big South Conference,730218752,CAN,415603942,2020-03-07 13:00:00,5,0,0,0,1116110151,B. Donovan,R,FA,R,-0.264558328643,2.53462680996,10.9509320867,8.62788970804,5.64243416413,SL,S,-1.75880897275,5.42989416238,89.6183955692,2357.04674135,218.149275141,-0.15
187,2020,730267392,RAD,D1 Big South Conference,730218752,CAN,415603942,2020-03-07 13:00:00,5,0,1,0,1116110151,B. Donovan,R,CU,R,-0.470737694506,3.34511170084,2.24247116739,-13.1513113646,5.09313331551,SL,S,-2.03233797519,5.44539215946,78.6735817094,2494.99003436,99.861363368,-0.15
188,2020,730267392,RAD,D1 Big South Conference,730218752,CAN,415603942,2020-03-07 13:00:00,5,0,2,0,1116110151,B. Donovan,R,SL,R,0.021094461779,3.67534496705,3.53405453958,-11.3882121876,4.94023500641,B,S,-2.04363712442,5.38590712568,81.2755318607,2522.95785836,107.43062052,0.13
189,2020,730267392,RAD,D1 Big South Conference,730218752,CAN,415603942,2020-03-07 13:00:00,5,1,2,0,1116110151,B. Donovan,R,SL,R,-0.427912474402,2.87841733679,-2.93371026385,-8.05192149653,5.02389917441,IP,S,-1.95951242859,5.46889622465,80.3118917206,2676.87960348,70.245999819,1.0
190,2020,730267392,RAD,D1 Big South Conference,730218752,CAN,415603942,2020-03-07 13:00:00,5,1,0,1,1116110151,B. Donovan,R,SL,L,0.457383924556,1.83699397549,6.13202152651,-6.55046067223,5.14096340845,F,BB,-1.87008150678,5.44612398396,80.4174123405,2595.047859,133.304865602,-0.15
191,2020,730267392,RAD,D1 Big South Conference,730218752,CAN,415603942,2020-03-07 13:00:00,5,1,1,1,1116110151,B. Donovan,R,FS,L,-3.23253261516,3.8370469346,3.88856860995,11.8967700422,5.30255154011,B,BB,-1.94786594747,5.29347597614,83.3070592888,1568.36546272,251.731453567,0.13
192,2020,730267392,RAD,D1 Big South Conference,730218752,CAN,415603942,2020-03-07 13:00:00,5,2,2,1,1116110151,B. Donovan,R,SL,L,-0.642464012391,3.51956397727,2.03218119316,-14.6961808233,5.0899755912,B,BB,-1.80054295742,5.36541474861,81.3515817972,2763.4807956,98.0294447247,0.13
193,2020,730267392,RAD,D1 Big South Conference,730218752,CAN,415603942,2020-03-07 13:00:00,5,3,2,1,1116110151,B. Donovan,R,SL,L,-0.990366814769,1.37861390167,4.82874672743,-8.19673622705,4.9980750136,B,BB,-2.13683131035,5.28891141001,79.5993286965,2627.81238689,120.722261439,0.8
194,2020,730267392,RAD,D1 Big South Conference,730218752,CAN,415603942,2020-03-07 13:00:00,5,0,0,1,1116110151,B. Donovan,R,SL,R,0.199245038396,1.40825621029,2.20822113269,-3.58530955635,5.09097462758,SL,IP_OUT,-1.99180939406,5.22006650977,80.3851194721,2584.43837493,122.112716952,-0.15
195,2020,730267392,RAD,D1 Big South Conference,730218752,CAN,415603942,2020-03-07 13:00:00,5,0,1,1,1116110151,B. Donovan,R,SL,R,-0.258931522816,3.6932190879,7.88603176155,-11.9627108897,5.04594074261,B,IP_OUT,-1.78697502425,5.41418129098,80.1211236918,2520.79843207,123.534188807,0.13
196,2020,730267392,RAD,D1 Big South Conference,730218752,CAN,415603942,2020-03-07 13:00:00,5,0,0,2,1116110151,B. Donovan,R,SL,R,0.959928273942,1.49530302796,2.99195373076,-6.94026419072,5.00882845877,SS,IP_OUT,-1.88596273457,5.35457161103,80.7164816968,2525.51904174,113.611313805,-0.15
197,2020,730267392,RAD,D1 Big South Conference,730218752,CAN,415603942,2020-03-07 13:00:00,6,0,0,0,1116110151,B. Donovan,R,SL,R,0.424996734411,3.96468640692,3.88181755177,-7.02086000559,4.74958417716,B,IP_OUT,-2.01219363203,5.48052544391,77.1293048591,2201.11234052,119.21988657,0.13
198,2020,730267392,RAD,D1 Big South Conference,730218752,CAN,415603942,2020-03-07 13:00:00,6,0,0,1,1116110151,B. Donovan,R,FS,L,0.0237090176186,1.75474327385,8.56814628339,11.7424249382,5.79475109,IP,T,-1.94882773271,5.30795206468,81.0923273961,1561.15436003,233.756264779,1.54
199,2020,730267392,RAD,D1 Big South Conference,730218752,CAN,415603942,2020-03-07 13:00:00,6,0,0,1,1116110151,B. Donovan,R,SL,R,2.50639884004,-0.688779538492,2.50031597975,-10.9808219011,5.25493860416,B,IP_OUT,-1.8704179277,5.33318116259,79.9626667078,2316.88457108,103.03617072,0.13
200,2020,730267392,RAD,D1 Big South Conference,730218752,CAN,415603942,2020-03-07 13:00:00,6,0,0,2,1116110151,B. Donovan,R,FA,L,-0.274266902224,2.16555168109,20.5879768262,9.60262731926,5.72270918464,IP,S,-1.75573736457,5.81070384771,88.3836694709,2311.38557204,204.969460418,1.0
201,2020,730267392,RAD,D1 Big South Conference,730218752,CAN,415603942,2020-03-07 13:00:00,6,0,0,2,1116110151,B. Donovan,R,SL,R,0.716738917751,2.70934785565,10.0122818846,-7.04940396818,4.96483726185,SS,K,-1.78316293675,5.34225604616,79.8107425161,2489.07408712,144.964564468,-0.15
202,2020,730267392,RAD,D1 Big South Conference,730218752,CAN,415603942,2020-03-07 13:00:00,6,0,1,2,1116110151,B. Donovan,R,SL,R,2.81545488392,1.89223596075,11.6443943818,-4.11043104123,5.02576634897,B,K,-1.67233088683,5.41838086567,81.0752511911,2546.54271955,160.620994029,0.13
203,2020,730267392,RAD,D1 Big South Conference,730218752,CAN,415603942,2020-03-07 13:00:00,6,1,1,2,1116110151,B. Donovan,R,SL,R,0.668414259523,2.35303696461,9.33238093996,-11.2456761894,5.0535841015,SS,K,-1.73811440506,5.36756664502,79.511888312,2554.79292001,129.817008171,-0.15
204,2020,730267392,RAD,D1 Big South Conference,730218752,CAN,415603942,2020-03-07 13:00:00,6,1,2,2,1116110151,B. Donovan,R,FA,R,0.995796408771,2.74764269513,21.1707566863,9.16159872868,5.71135779129,SL,K,-1.37594345945,5.67422920577,89.9567978762,2510.02903644,203.368338959,-0.15
205,2020,730267392,RAD,D1 Big South Conference,730218752,CAN,415603942,2020-03-07 13:00:00,7,0,0,0,1433526406,C. Reid,L,FA,L,1.27227749103,2.77662984897,20.9232514971,-11.8879051871,6.43406713993,B,IP_OUT,1.46931762017,5.92642494062,85.3220516183,2173.10440101,150.43802446,0.13
206,2020,730267392,RAD,D1 Big South Conference,730218752,CAN,415603942,2020-03-07 13:00:00,7,1,0,0,1433526406,C. Reid,L,FA,L,-0.151534849379,2.76341722397,18.1869216671,-12.8839282515,6.61307105244,SL,IP_OUT,1.58574148328,5.67566135956,87.0137181513,2275.23624061,144.735906041,-0.15
207,2020,730267392,RAD,D1 Big South Conference,730218752,CAN,415603942,2020-03-07 13:00:00,7,1,1,0,1433526406,C. Reid,L,FA,L,1.70091771889,4.76867138879,14.6777028602,-11.4408404494,6.49139274162,B,IP_OUT,1.37320569517,5.81322327965,84.6927095385,2162.57421697,142.132142117,0.13
208,2020,730267392,RAD,D1 Big South Conference,730218752,CAN,415603942,2020-03-07 13:00:00,7,0,0,1,1433526406,C. Reid,L,FA,R,0.392061137373,3.02649904835,13.8407416931,-13.9352130526,6.33093297699,SS,IP_OUT,1.44446850402,5.81108879217,86.6065278517,2099.37719626,134.875766274,-0.15
209,2020,730267392,RAD,D1 Big South Conference,730218752,CAN,415603942,2020-03-07 13:00:00,7,0,1,1,1433526406,C. Reid,L,SL,R,1.94416010521,3.53830277253,-0.106642842295,5.91095631497,5.77988257898,B,IP_OUT,1.39071945679,5.64819239934,76.6038662779,2385.92455836,270.600455972,0.13
210,2020,730267392,RAD,D1 Big South Conference,730218752,CAN,415603942,2020-03-07 13:00:00,7,1,1,1,1433526406,C. Reid,L,FA,R,0.376485196235,2.38794867183,14.3531937983,-7.35666601115,6.74656464415,F,IP_OUT,1.54556527912,5.52127763267,82.746014723,2047.78432204,152.922330846,-0.15
211,2020,730267392,RAD,D1 Big South Conference,730218752,CAN,415603942,2020-03-07 13:00:00,7,0,0,2,1433526406,C. Reid,L,SL,R,-0.122349682636,3.27611298463,5.01866629635,5.29111498007,5.9105386503,SL,K,1.53666382179,5.66396170678,76.0970938622,2494.33181777,226.258703998,-0.15
212,2020,730267392,RAD,D1 Big South Conference,730218752,CAN,415603942,2020-03-07 13:00:00,7,0,1,2,1433526406,C. Reid,L,SL,R,-0.104438591012,2.66707942831,-0.847513670925,5.54815504969,5.95229084845,F,K,1.59806697874,5.69855348855,77.4050843254,2545.69064732,278.246599441,-0.15
213,2020,730267392,RAD,D1 Big South Conference,730218752,CAN,415603942,2020-03-07 13:00:00,7,0,2,2,1433526406,C. Reid,L,FA,R,0.306444762207,5.26933065827,17.7225876988,-10.5444750733,6.59328997471,B,K,1.27992908053,5.92987919087,83.6501981163,2126.35901929,149.300187524,0.13
214,2020,730267392,RAD,D1 Big South Conference,730218752,CAN,415603942,2020-03-07 13:00:00,7,1,2,2,1433526406,C. Reid,L,CU,R,1.34879042838,2.68154151316,-5.00565130022,8.5558021399,6.01099695751,F,K,1.3405852689,5.61709603048,74.7426820811,2506.0551198,300.096929359,0.0
215,2020,730267392,RAD,D1 Big South Conference,730218752,CAN,415603942,2020-03-07 13:00:00,7,1,2,2,1433526406,C. Reid,L,CU,R,1.79240624743,0.616148751884,0.731780146036,10.3733418454,6.05350495919,SS,K,1.51775860014,5.49449021247,74.3410326158,2352.31249436,265.707318742,-0.15
216,2020,730267392,RAD,D1 Big South Conference,730218752,CAN,415603942,2020-03-07 13:00:00,8,0,0,0,1433526406,C. Reid,L,FA,R,1.36318077683,2.62883187506,15.5787810257,-8.2043751956,6.32950302915,B,IP_OUT,0.869995903009,5.85201575265,84.3914040067,2055.7041507,152.281506081,0.13
217,2020,730267392,RAD,D1 Big South Conference,730218752,CAN,415603942,2020-03-07 13:00:00,8,1,0,0,1433526406,C. Reid,L,FA,R,1.59039032337,2.57838838301,15.9284144624,-7.03721502847,6.24254624714,B,IP_OUT,0.979862746868,5.74479739323,84.7026051747,2122.97059712,156.211477807,0.13
218,2020,730267392,RAD,D1 Big South Conference,730218752,CAN,415603942,2020-03-07 13:00:00,8,2,0,0,1433526406,C. Reid,L,FA,R,0.911255303351,2.96988976018,13.1576793054,-12.2824773752,6.21930335299,SL,IP_OUT,0.961967077822,5.74600309961,84.5951394156,2069.189062,137.048225315,-0.15
219,2020,730267392,RAD,D1 Big South Conference,730218752,CAN,415603942,2020-03-07 13:00:00,8,2,1,0,1433526406,C. Reid,L,FA,R,-0.188178886474,3.04220822164,16.6139259553,-9.39824453607,6.45573177659,SL,IP_OUT,0.681802175864,5.82020324888,84.7370498378,2115.65566578,150.556353304,-0.15
220,2020,730267392,RAD,D1 Big South Conference,730218752,CAN,415603942,2020-03-07 13:00:00,8,0,0,1,1433526406,C. Reid,L,FA,R,1.0739478767,3.68230727258,14.321344582,-8.85070966436,6.5662679319,B,S,0.792822137396,5.84551788382,83.6311397697,2130.14242372,148.348559326,0.13
221,2020,730267392,RAD,D1 Big South Conference,730218752,CAN,415603942,2020-03-07 13:00:00,8,1,0,1,1433526406,C. Reid,L,FA,R,0.703318149576,4.02846137817,17.0207799483,-6.13479425475,6.57400487254,B,S,0.860070752557,5.8487817406,85.4416670405,2235.50341474,160.21662079,0.13
222,2020,730267392,RAD,D1 Big South Conference,730218752,CAN,415603942,2020-03-07 13:00:00,8,2,0,1,1433526406,C. Reid,L,FA,R,0.520675076701,2.21523636464,14.2017527595,-12.6610569825,6.71889527662,F,S,0.905552165186,5.6612906836,83.6457059738,2118.40438254,138.354460991,-0.15
223,2020,730267392,RAD,D1 Big South Conference,730218752,CAN,415603942,2020-03-07 13:00:00,8,2,1,1,1433526406,C. Reid,L,FA,R,-0.377778083638,3.32309987324,16.8554169,-6.97302846589,6.57489402638,B,S,0.664387014706,5.80792549656,85.6138833137,2168.35373406,157.566750257,0.13
224,2020,730267392,RAD,D1 Big South Conference,730218752,CAN,415603942,2020-03-07 13:00:00,8,3,1,1,1433526406,C. Reid,L,FA,R,0.777260459294,2.51157284759,13.6088452932,-7.83934382035,6.51741135821,F,S,0.966207247156,5.660344341,84.5204407327,1993.44648455,150.120901055,-0.15
225,2020,730267392,RAD,D1 Big South Conference,730218752,CAN,415603942,2020-03-07 13:00:00,8,3,2,1,1433526406,C. Reid,L,FA,R,0.500401254571,2.00897812464,16.6510385679,-11.1608881991,6.44298034183,IP,S,0.808512194737,5.83689173881,83.7453037694,2047.64056694,146.225166531,1.0
226,2020,730267392,RAD,D1 Big South Conference,730218752,CAN,415603942,2020-03-07 13:00:00,8,0,0,1,1433526406,C. Reid,L,CU,L,-0.480113842643,3.02877661318,-5.08534975884,10.6435726684,5.71954920262,SL,K,0.687283927966,5.73886214049,76.0875170937,2438.63230278,295.339530249,-0.15
227,2020,730267392,RAD,D1 Big South Conference,730218752,CAN,415603942,2020-03-07 13:00:00,8,0,1,1,1433526406,C. Reid,L,CU,L,0.16586436903,3.34035415173,-6.43967809422,9.70099296417,5.75882923544,SS,K,0.695421381795,5.79429118777,77.0321011045,2503.9419754,303.396844359,-0.15
228,2020,730267392,RAD,D1 Big South Conference,730218752,CAN,415603942,2020-03-07 13:00:00,8,0,2,1,1433526406,C. Reid,L,CU,L,-1.18142505424,2.80830297943,-0.438213352751,10.0389199748,5.92114547738,SL,K,0.438596642918,5.86104501574,75.9617604314,2342.44546901,272.244195919,-0.15
229,2020,730267392,RAD,D1 Big South Conference,730218752,CAN,415603942,2020-03-07 13:00:00,8,0,0,2,1433526406,C. Reid,L,CU,R,1.26724981871,3.1848486036,-3.94243250749,12.2880579513,5.87019873828,B,FC,0.702180722242,5.6597238621,75.3898161525,2444.60273924,287.593639749,0.13
230,2020,730267392,RAD,D1 Big South Conference,730218752,CAN,415603942,2020-03-07 13:00:00,8,1,0,2,1433526406,C. Reid,L,FA,R,-0.136220652444,2.43313159569,16.8950474737,-12.7956143944,6.82564306042,F,FC,0.974810243362,5.65118184434,82.7079214131,2068.65129949,142.920990186,-0.15
231,2020,730267392,RAD,D1 Big South Conference,730218752,CAN,415603942,2020-03-07 13:00:00,8,1,1,2,1433526406,C. Reid,L,SL,R,0.454058683115,2.51673122203,-1.78651889048,5.0218074812,5.78543556247,SL,FC,1.01281263329,5.66350053202,76.9157367596,2380.26031103,289.139255454,-0.15
232,2020,730267392,RAD,D1 Big South Conference,730218752,CAN,415603942,2020-03-07 13:00:00,8,1,2,2,1433526406,C. Reid,L,CU,R,1.06714640556,0.339814267931,-7.82480203592,5.85088942582,5.92425267552,B,FC,0.812158954547,5.65358918454,76.3094249857,2465.4902044,323.057665917,0.13
233,2020,730267392,RAD,D1 Big South Conference,730218752,CAN,415603942,2020-03-07 13:00:00,8,2,2,2,1433526406,C. Reid,L,CU,R,1.02369715061,2.7671036156,-1.09428536636,11.7864186038,6.0504159835,F,FC,0.890040573766,5.63734266942,75.5106979453,2462.64532996,275.088098544,0.0
234,2020,730267392,RAD,D1 Big South Conference,730218752,CAN,415603942,2020-03-07 13:00:00,8,2,2,2,1433526406,C. Reid,L,FA,R,0.6685349245,2.94325873736,12.3830951084,-7.72799959247,6.73105104402,IP,FC,0.619630660632,5.7652824518,85.6448199606,2074.72204921,148.10354832,-0.21
235,2020,730267392,RAD,D1 Big South Conference,730218752,CAN,415603942,2020-03-07 13:00:00,9,0,0,0,1433526406,C. Reid,L,FA,R,-0.0896208329116,1.73410094334,17.6217514092,-8.74419715581,6.51928703189,SL,D,0.664447287019,5.79685756983,86.2574150666,2223.05900347,153.652569399,-0.15
236,2020,730267392,RAD,D1 Big South Conference,730218752,CAN,415603942,2020-03-07 13:00:00,9,0,1,0,1433526406,C. Reid,L,SL,R,-0.276328241195,-0.298804627281,5.07913533111,3.96096866051,5.90442018441,B,D,0.88443438193,5.8265070369,77.3238861448,2436.47612781,217.710381036,0.13
237,2020,730267392,RAD,D1 Big South Conference,730218752,CAN,415603942,2020-03-07 13:00:00,9,1,1,0,1433526406,C. Reid,L,FA,R,-0.17918206065,2.30006097366,16.2191129759,-12.2191258773,6.50828224155,IP,D,0.522499730376,5.66810977999,85.1801208316,2121.07836716,143.066075541,1.26
238,2020,730267392,RAD,D1 Big South Conference,730218752,CAN,415603942,2020-03-07 13:00:00,9,0,0,0,1433526406,C. Reid,L,FA,R,0.1608207868,3.99674591578,17.10604576,-10.0893473857,6.70311939255,B,K,0.579539105858,5.80491954085,85.2907137059,2171.16017658,149.518191938,0.13
239,2020,730267392,RAD,D1 Big South Conference,730218752,CAN,415603942,2020-03-07 13:00:00,9,1,0,0,1433526406,C. Reid,L,FA,R,0.497348203463,2.58407076016,13.9681714648,-12.0395486263,6.52750238592,SL,K,0.638466818684,5.64353990263,83.6181989699,2017.89969234,139.314279691,-0.15
240,2020,730267392,RAD,D1 Big South Conference,730218752,CAN,415603942,2020-03-07 13:00:00,9,1,1,0,1433526406,C. Reid,L,SL,R,-0.166373343854,1.70890150364,-3.23492450889,5.14839060899,6.05726934784,F,K,0.780792178367,5.64478607406,76.1345159378,2483.08951473,301.785265286,-0.15
241,2020,730267392,RAD,D1 Big South Conference,730218752,CAN,415603942,2020-03-07 13:00:00,9,1,2,0,1433526406,C. Reid,L,SL,R,0.265199108874,0.539956196211,-1.72398645826,3.31773931069,5.9235522396,B,K,0.873998196782,5.63323719803,76.4748502617,2393.03968966,296.84552905,0.13
242,2020,730267392,RAD,D1 Big South Conference,730218752,CAN,415603942,2020-03-07 13:00:00,9,2,2,0,1433526406,C. Reid,L,FA,R,2.40277234815,3.47072263274,10.8799203252,-9.46597003108,6.57015163192,B,K,0.924285677114,5.76179084744,83.5012256509,2076.4852826,139.070609919,0.13
243,2020,730267392,RAD,D1 Big South Conference,730218752,CAN,415603942,2020-03-07 13:00:00,9,3,2,0,1433526406,C. Reid,L,FA,R,-0.782974145758,2.98934313458,13.7392175847,-12.3191314305,6.54745279028,SL,K,0.615236702381,5.59734097415,83.4237201214,2082.92554678,138.19540216,-0.15
244,2020,730267392,RAD,D1 Big South Conference,730218752,CAN,415603942,2020-03-07 13:00:00,9,0,0,1,1433526406,C. Reid,L,CU,R,1.08151477591,1.56419670015,-7.19703722464,8.31710827801,5.9099891992,B,IP_OUT,0.827010667089,5.5908206261,74.1570790472,2465.91474209,310.682594687,0.13
245,2020,730267392,RAD,D1 Big South Conference,730218752,CAN,415603942,2020-03-07 13:00:00,9,1,0,1,1433526406,C. Reid,L,FA,R,0.525790278966,3.29383824625,9.47900653289,-10.6009021179,6.42222328882,B,IP_OUT,0.647742303908,5.6140429442,84.1495422724,2125.87634707,131.909919624,0.13
246,2020,730267392,RAD,D1 Big South Conference,730218752,CAN,415603942,2020-03-07 13:00:00,9,2,0,1,1433526406,C. Reid,L,FA,R,-0.825559863764,2.26668077686,12.192809711,-4.94907965584,6.61863112074,SL,IP_OUT,0.882885722816,5.50151886717,82.6680951652,1980.88438793,157.968806777,-0.15
247,2020,730267392,RAD,D1 Big South Conference,730218752,CAN,415603942,2020-03-07 13:00:00,9,0,0,2,1433526406,C. Reid,L,FA,R,-0.534874570084,3.45897642956,16.4925458213,-7.35952450603,6.64250151681,SL,IP_OUT,0.755225452064,5.82356838617,84.9577429729,2047.21289047,155.997411761,-0.15
248,2020,730267392,RAD,D1 Big South Conference,730218752,CAN,415603942,2020-03-07 13:00:00,9,0,1,2,1433526406,C. Reid,L,FA,R,-1.2362807871,2.12521459693,17.602105082,-8.22567974342,6.76502749124,SL,IP_OUT,0.72206664027,5.73276339772,82.4774841125,1952.52427832,154.999059325,-0.15
249,2020,730267392,RAD,D1 Big South Conference,730218752,CAN,188144775,2020-03-06 13:00:00,1,0,0,0,1672896871,R. Sande,R,FA,R,-1.26270673165,1.13213221601,16.5423246132,1.61002116573,6.97869323875,B,IP_OUT,-0.588008001575,5.86933744558,86.1111506987,2128.7097713,185.547900122,0.13
250,2020,730267392,RAD,D1 Big South Conference,730218752,CAN,188144775,2020-03-06 13:00:00,1,1,0,0,1672896871,R. Sande,R,FA,R,-0.083981725517,2.5859942776,14.4044719294,-0.479717049343,7.14928881816,F,IP_OUT,-0.637976815267,5.73397294329,84.9740679748,2062.60585897,178.097056781,-0.15
251,2020,730267392,RAD,D1 Big South Conference,730218752,CAN,188144775,2020-03-06 13:00:00,1,0,0,1,1672896871,R. Sande,R,CH,L,1.0937039739,2.61661965286,10.0101862622,-5.15684429861,6.71464827835,B,S,-0.526509958457,5.68495262884,76.5700007268,964.086772116,152.843289878,0.13
252,2020,730267392,RAD,D1 Big South Conference,730218752,CAN,188144775,2020-03-06 13:00:00,1,1,0,1,1672896871,R. Sande,R,FA,L,0.556228442952,2.25793796078,15.2733729591,4.25396689352,7.27314665331,F,S,-0.564722815565,5.84277999432,86.393908661,2184.8348248,195.532162845,-0.15
253,2020,730267392,RAD,D1 Big South Conference,730218752,CAN,188144775,2020-03-06 13:00:00,1,1,1,1,1672896871,R. Sande,R,FS,L,-1.32642937295,1.88887469556,1.3689173521,1.27095684606,6.68639736392,B,S,-0.778963009682,5.7432274398,76.5322207258,1060.50517451,221.994450138,0.13
254,2020,730267392,RAD,D1 Big South Conference,730218752,CAN,188144775,2020-03-06 13:00:00,1,2,1,1,1672896871,R. Sande,R,FA,L,0.917445160829,2.35615731344,13.8594460598,-6.31486597604,7.35518310678,F,S,-0.619126084494,5.72764465847,85.5749222134,2162.75552076,155.5559691,-0.15
255,2020,730267392,RAD,D1 Big South Conference,730218752,CAN,188144775,2020-03-06 13:00:00,1,2,2,1,1672896871,R. Sande,R,FA,L,0.222957139249,1.50796821206,17.8330529815,-1.36220551134,7.16898056537,IP,S,-0.433336221977,5.91329262573,87.4260524475,2153.41535546,175.63976237,1.0
256,2020,730267392,RAD,D1 Big South Conference,730218752,CAN,188144775,2020-03-06 13:00:00,1,0,0,1,1672896871,R. Sande,R,FA,L,1.12566220668,1.67831893868,8.21763310585,-4.8217499025,7.31294591266,IP,S,-0.63364731376,5.61798287779,84.0416818361,2137.13151478,149.703175447,1.0
257,2020,730267392,RAD,D1 Big South Conference,730218752,CAN,188144775,2020-03-06 13:00:00,1,0,0,1,1672896871,R. Sande,R,CH,L,-0.48213910609,2.72486000863,10.471650725,-1.37083991781,6.91113918945,SL,IP_OUT,-0.609808833447,5.73699359518,75.679401421,974.575293569,172.572236834,-0.15
258,2020,730267392,RAD,D1 Big South Conference,730218752,CAN,188144775,2020-03-06 13:00:00,1,0,1,1,1672896871,R. Sande,R,FA,L,-1.32466842411,2.13911573094,10.8961286898,-1.96261463506,7.21640614828,B,IP_OUT,-0.620536623446,5.58562724583,83.7864490116,2100.03355534,169.821399807,0.13
259,2020,730267392,RAD,D1 Big South Conference,730218752,CAN,188144775,2020-03-06 13:00:00,1,1,1,1,1672896871,R. Sande,R,FS,L,-1.18511049683,1.60614018866,2.30604822298,2.95265822251,6.84749069926,SL,IP_OUT,-0.533593782682,5.76579004591,75.2702567706,1021.84871289,231.483864913,-0.15
260,2020,730267392,RAD,D1 Big South Conference,730218752,CAN,188144775,2020-03-06 13:00:00,1,0,0,2,1672896871,R. Sande,R,CU,R,-0.182548684581,1.01078867399,-3.17754761157,-10.228237528,6.51570267642,IP,ROE,-0.694188169305,5.78535699868,72.7924250042,1862.14904068,72.9868206575,0.0
261,2020,730267392,RAD,D1 Big South Conference,730218752,CAN,188144775,2020-03-06 13:00:00,1,0,0,2,1672896871,R. Sande,R,FS,R,-0.344090864346,2.24617009123,7.47925622806,0.365049344893,6.71914124149,F,S,-0.647107079606,5.86411081162,75.0799837087,1025.03013307,182.777701974,-0.15
262,2020,730267392,RAD,D1 Big South Conference,730218752,CAN,188144775,2020-03-06 13:00:00,1,0,1,2,1672896871,R. Sande,R,CU,R,-0.640004626929,2.62557845824,-2.84459113038,-13.4485602362,6.57368800208,F,S,-0.528370095739,5.9219048463,69.1695046105,1810.56446987,78.2726501398,-0.15
263,2020,730267392,RAD,D1 Big South Conference,730218752,CAN,188144775,2020-03-06 13:00:00,1,0,2,2,1672896871,R. Sande,R,CU,R,0.813735924312,2.00810578795,-3.73784939258,-16.5842782765,6.29433231047,IP,S,-0.647611888706,5.861146235,70.5247237151,1965.95584003,77.4686456527,1.0
264,2020,730267392,RAD,D1 Big South Conference,730218752,CAN,188144775,2020-03-06 13:00:00,1,0,0,2,1672896871,R. Sande,R,CU,L,-0.486745273493,2.15224437029,-0.492166745844,-7.52411700013,6.46645639199,SL,K,-0.573731474023,5.80665462521,70.7535489625,1937.54325842,86.632747885,-0.15
265,2020,730267392,RAD,D1 Big South Conference,730218752,CAN,188144775,2020-03-06 13:00:00,1,0,1,2,1672896871,R. Sande,R,CU,L,1.36056853892,1.86301226379,3.36491572204,-9.82485041458,6.32919556816,B,K,-0.439937808468,5.90853219265,72.0769912437,1975.96220346,109.160594659,0.13
266,2020,730267392,RAD,D1 Big South Conference,730218752,CAN,188144775,2020-03-06 13:00:00,1,1,1,2,1672896871,R. Sande,R,FA,L,0.0910926074483,2.28970105448,7.39743107094,2.38229825768,7.06191362183,F,K,-0.822108344693,5.93511272451,84.5658029251,2071.78216217,197.772250592,-0.15
267,2020,730267392,RAD,D1 Big South Conference,730218752,CAN,188144775,2020-03-06 13:00:00,1,1,2,2,1672896871,R. Sande,R,CU,L,0.726808095605,0.836090218211,-5.73375656767,-13.2383185222,6.539374164,SS,K,-0.651832373611,5.88516544105,73.3594066606,2040.64296553,66.7560913227,-0.15
268,2020,730267392,RAD,D1 Big South Conference,730218752,CAN,188144775,2020-03-06 13:00:00,2,0,0,0,1672896871,R. Sande,R,FA,R,-0.540550416855,1.69287778048,5.87118856361,-1.05200916915,7.09799508863,SL,HBP,-0.697905153237,5.60681102151,85.2153570556,2009.53327896,169.89868141,-0.15
269,2020,730267392,RAD,D1 Big South Conference,730218752,CAN,188144775,2020-03-06 13:00:00,2,0,1,0,1672896871,R. Sande,R,CU,R,-0.486197619347,1.47091072307,-4.15161113762,-11.3416339045,6.47842553582,SL,HBP,-0.401805961247,5.91244785085,72.9925239249,2051.71105377,70.1108500512,-0.15
270,2020,730267392,RAD,D1 Big South Conference,730218752,CAN,188144775,2020-03-06 13:00:00,2,0,2,0,1672896871,R. Sande,R,SL,R,2.49570855689,-0.385165355012,6.25526116798,-12.6712889434,6.60768069557,B,HBP,-0.665891680171,5.9283175243,75.0809613379,2075.05074509,116.437360472,0.13
271,2020,730267392,RAD,D1 Big South Conference,730218752,CAN,188144775,2020-03-06 13:00:00,2,1,2,0,1672896871,R. Sande,R,FA,R,-2.40288268234,2.83996541424,12.4497727503,2.65498474665,7.17278412201,HBP,HBP,-0.567111760353,5.92752158518,86.6665162373,2115.65829297,192.007586741,0.8
272,2020,730267392,RAD,D1 Big South Conference,730218752,CAN,188144775,2020-03-06 13:00:00,2,0,0,1,1672896871,R. Sande,R,FA,R,0.387963609186,1.4685385985,21.2572958172,-5.91600257231,7.38792043918,B,S,-0.331366232498,6.20226005824,85.323155913,2080.45947367,164.471192947,0.13
273,2020,730267392,RAD,D1 Big South Conference,730218752,CAN,188144775,2020-03-06 13:00:00,2,1,0,1,1672896871,R. Sande,R,FS,R,-0.0592810689895,3.81138498883,6.45883644055,-2.58896457003,6.75644632398,B,S,-0.587565318288,5.86270091119,76.4320969494,1182.62607559,158.2865693,0.13
274,2020,730267392,RAD,D1 Big South Conference,730218752,CAN,188144775,2020-03-06 13:00:00,2,2,0,1,1672896871,R. Sande,R,FA,R,0.648771956383,2.73881336621,12.2462181092,-1.4957494626,7.20140454111,F,S,-0.600347025678,5.8991336951,85.2539323223,2090.18443981,173.055384538,-0.15
275,2020,730267392,RAD,D1 Big South Conference,730218752,CAN,188144775,2020-03-06 13:00:00,2,2,1,1,1672896871,R. Sande,R,FA,R,-0.0067546185552,2.41482638496,16.5897124124,2.42748565548,7.12699947967,F,S,-0.458878832593,6.07694293267,87.824998068,2195.18027245,188.308832695,-0.15
276,2020,730267392,RAD,D1 Big South Conference,730218752,CAN,188144775,2020-03-06 13:00:00,2,2,2,1,1672896871,R. Sande,R,FA,R,0.669764587209,0.0804885666454,19.4454994278,-7.52378542458,7.17329245187,B,S,-0.362401552631,6.02953837664,87.5423773659,2112.6567084,158.879857559,0.13
277,2020,730267392,RAD,D1 Big South Conference,730218752,CAN,188144775,2020-03-06 13:00:00,2,3,2,1,1672896871,R. Sande,R,FA,R,0.151456532051,2.76650546936,14.7683842883,-2.31274192324,7.29412454218,IP,S,-0.375139645181,5.86403217195,85.9459138911,2188.99756315,171.119203022,1.0
278,2020,730267392,RAD,D1 Big South Conference,730218752,CAN,188144775,2020-03-06 13:00:00,2,0,0,1,1672896871,R. Sande,R,FA,L,0.128613417636,1.52348102771,5.0408923903,-1.79119892591,7.23303019131,F,FC,-0.420460143516,5.63872157686,85.6489974225,2073.18180357,160.554854476,-0.15
279,2020,730267392,RAD,D1 Big South Conference,730218752,CAN,188144775,2020-03-06 13:00:00,2,0,1,1,1672896871,R. Sande,R,FA,L,-1.96033897213,2.17300891346,18.4661744378,-2.73293832219,7.07166277917,B,FC,-0.626789338896,6.20245563154,85.9911891393,2088.64535324,171.596261496,0.13
280,2020,730267392,RAD,D1 Big South Conference,730218752,CAN,188144775,2020-03-06 13:00:00,2,1,1,1,1672896871,R. Sande,R,FS,L,0.521724866336,1.25253564659,7.21944561619,0.7035188729,6.7910679503,F,FC,-0.499599188951,5.90725109892,77.2848795484,1068.01584162,185.534246806,-0.15
281,2020,730267392,RAD,D1 Big South Conference,730218752,CAN,188144775,2020-03-06 13:00:00,2,1,2,1,1672896871,R. Sande,R,FA,L,-0.0745834259526,1.67693025125,4.1290286795,-5.44703556172,7.30336251225,IP,FC,-0.672165537539,5.65162410309,84.3495240525,2021.62842843,127.388829976,-0.21
282,2020,730267392,RAD,D1 Big South Conference,730218752,CAN,188144775,2020-03-06 13:00:00,2,0,0,2,1672896871,R. Sande,R,FS,L,0.343668252536,1.47934545741,5.12092390347,-0.114429653348,6.70824413316,B,IP_OUT,-0.57129335145,5.85794543545,77.0480440678,1103.64065313,178.73049416,0.13
283,2020,730267392,RAD,D1 Big South Conference,730218752,CAN,188144775,2020-03-06 13:00:00,2,1,0,2,1672896871,R. Sande,R,FA,L,0.187786404189,2.23132522437,15.6181909399,-3.76813846487,7.20488697996,SL,IP_OUT,-0.497397200669,6.27371552871,84.2910027019,2058.04818698,166.464380151,-0.15
284,2020,730267392,RAD,D1 Big South Conference,730218752,CAN,188144775,2020-03-06 13:00:00,2,1,1,2,1672896871,R. Sande,R,CH,L,0.508560379423,1.34048347214,11.8382791243,-3.00316251681,6.85086292025,SS,IP_OUT,-0.567230358832,5.92869536973,78.223478987,1212.72709641,165.812407197,-0.15
285,2020,730267392,RAD,D1 Big South Conference,730218752,CAN,188144775,2020-03-06 13:00:00,3,0,0,0,1672896871,R. Sande,R,FA,L,-0.576478247323,2.31921030071,10.1008463566,-2.2075340829,7.15607477732,SL,K,-0.619552431498,5.88296559061,83.6282008674,2047.60976859,167.713250622,-0.15
286,2020,730267392,RAD,D1 Big South Conference,730218752,CAN,188144775,2020-03-06 13:00:00,3,0,1,0,1672896871,R. Sande,R,FS,L,-0.337058805317,2.8937860963,0.630579212884,-2.44822665418,6.74270986036,SL,K,-0.482576144595,5.873848358,75.8111314477,1013.91711407,105.383920731,-0.15
287,2020,730267392,RAD,D1 Big South Conference,730218752,CAN,188144775,2020-03-06 13:00:00,3,0,2,0,1672896871,R. Sande,R,FA,L,0.227349816637,3.78420504339,12.6206222891,-3.84829680363,7.19926729867,SS,K,-0.663136385609,5.99267997987,86.1711601392,2168.60813883,163.084559518,-0.15
288,2020,730267392,RAD,D1 Big South Conference,730218752,CAN,188144775,2020-03-06 13:00:00,3,0,0,1,1672896871,R. Sande,R,FS,R,0.651080632662,2.13009813726,8.50178246268,0.614889480315,6.89000914536,SS,IP_OUT,-0.457643964086,5.81015993734,75.9008637827,1080.16358092,184.115857286,-0.15
289,2020,730267392,RAD,D1 Big South Conference,730218752,CAN,188144775,2020-03-06 13:00:00,3,0,1,1,1672896871,R. Sande,R,FS,R,0.145846877613,1.21340352062,7.87328108342,0.17649374845,6.70380830133,F,IP_OUT,-0.470027875845,5.86486333934,76.3547896102,1001.2513159,181.27713018,-0.15
290,2020,730267392,RAD,D1 Big South Conference,730218752,CAN,188144775,2020-03-06 13:00:00,3,0,2,1,1672896871,R. Sande,R,FA,R,2.65590021536,4.07885227235,13.4787823857,-2.18023017215,7.05719200766,B,IP_OUT,-0.452756085929,5.97172449153,85.7537778356,2139.33531586,170.834389111,0.13
291,2020,730267392,RAD,D1 Big South Conference,730218752,CAN,188144775,2020-03-06 13:00:00,3,0,0,2,1672896871,R. Sande,R,FS,R,1.42356065264,0.781254978674,5.64433778283,-2.55395231934,6.69395236923,B,BB,-0.500799433762,5.93445935461,77.4098990837,1039.6511517,155.813370746,0.13
292,2020,730267392,RAD,D1 Big South Conference,730218752,CAN,188144775,2020-03-06 13:00:00,3,1,0,2,1672896871,R. Sande,R,FA,R,0.828025615221,3.0977964758,16.8297289699,1.06179619547,7.38961127776,SL,BB,-0.465558838392,5.8926005551,85.5318627312,2184.16827066,183.6029058,-0.15
293,2020,730267392,RAD,D1 Big South Conference,730218752,CAN,188144775,2020-03-06 13:00:00,3,1,1,2,1672896871,R. Sande,R,FA,R,1.45533756466,2.16308045704,24.6403503892,-0.443964084501,7.22498630275,B,BB,-0.544144836053,6.22820155883,85.421650741,2116.17265898,178.969213101,0.13
294,2020,730267392,RAD,D1 Big South Conference,730218752,CAN,188144775,2020-03-06 13:00:00,3,2,1,2,1672896871,R. Sande,R,FA,R,2.10477301659,2.63450529513,9.49403757767,-4.05903076575,7.38208733417,B,BB,-0.421138889269,5.82246220197,85.0789286429,2148.50649227,156.924833416,0.13
295,2020,730267392,RAD,D1 Big South Conference,730218752,CAN,188144775,2020-03-06 13:00:00,3,3,1,2,1672896871,R. Sande,R,FA,R,-0.196340770298,2.85994556351,11.9225296019,-3.5271777474,7.33614451814,SL,BB,-0.475310520796,5.93322472656,85.0609360281,2058.53587376,163.564039485,-0.15
296,2020,730267392,RAD,D1 Big South Conference,730218752,CAN,188144775,2020-03-06 13:00:00,3,3,2,2,1672896871,R. Sande,R,FA,R,1.46448911993,1.75445263375,18.3555567952,-4.40508885434,7.30457703328,B,BB,-0.261758197414,6.18790606108,85.7090343773,2137.48444971,166.528386155,0.8
297,2020,730267392,RAD,D1 Big South Conference,730218752,CAN,188144775,2020-03-06 13:00:00,3,0,0,2,1672896871,R. Sande,R,FA,L,0.0208609146366,2.34644069752,14.8391878391,-5.70635833885,7.279463891,F,IP_OUT,-0.57830902957,6.1640169618,85.059371318,2122.70528696,159.00926569,-0.15
298,2020,730267392,RAD,D1 Big South Conference,730218752,CAN,188144775,2020-03-06 13:00:00,3,0,1,2,1672896871,R. Sande,R,FS,L,-0.410562073065,3.39058781675,1.86996652269,1.37048697613,6.69759255571,SL,IP_OUT,-0.720677789565,5.81844391143,77.1519941536,1116.35240131,215.634343841,-0.15
299,2020,730267392,RAD,D1 Big South Conference,730218752,CAN,188144775,2020-03-06 13:00:00,3,0,2,2,1672896871,R. Sande,R,FA,L,-1.7425231541,5.42198721954,15.1966358884,-3.83305526853,7.03123072516,B,IP_OUT,-0.588364223904,5.98920661501,84.1957210721,2146.01434004,165.874705275,0.13
300,2020,730267392,RAD,D1 Big South Conference,730218752,CAN,188144775,2020-03-06 13:00:00,4,0,0,0,1672896871,R. Sande,R,FA,R,0.367778629509,1.91359619026,8.22760227072,-0.211938422492,7.17768968948,IP,S,-0.485784028029,5.6378021344,85.1114362535,2068.81399865,178.530542886,1.0
301,2020,730267392,RAD,D1 Big South Conference,730218752,CAN,188144775,2020-03-06 13:00:00,4,0,0,0,1672896871,R. Sande,R,FA,L,-0.815186140549,2.33010317074,11.6442546152,-2.97618645992,6.9406897005,SL,S,-0.781153527416,5.87176895141,82.7411491575,2006.48959993,165.704788807,-0.15
302,2020,730267392,RAD,D1 Big South Conference,730218752,CAN,188144775,2020-03-06 13:00:00,4,0,1,0,1672896871,R. Sande,R,FS,L,-0.193885353451,1.79503612521,5.03701570526,-4.74493902473,6.64387645408,F,S,-0.496867695404,5.83747048579,76.6291897905,1007.27666565,136.950618018,-0.15
303,2020,730267392,RAD,D1 Big South Conference,730218752,CAN,188144775,2020-03-06 13:00:00,4,0,2,0,1672896871,R. Sande,R,FA,L,-0.55033965438,2.29656433445,9.08780804386,-0.185121795781,7.23133574982,F,S,-0.575028948402,5.73814083048,84.4435161108,2039.99610609,178.837388811,0.0
304,2020,730267392,RAD,D1 Big South Conference,730218752,CAN,188144775,2020-03-06 13:00:00,4,0,2,0,1672896871,R. Sande,R,FA,L,-0.383319249509,1.76548669102,10.7543877664,-3.42481337262,7.12115571959,IP,S,-0.498057305979,5.64614623214,84.7153392836,2070.52361542,162.388496458,1.0
305,2020,730267392,RAD,D1 Big South Conference,730218752,CAN,188144775,2020-03-06 13:00:00,4,0,0,0,1672896871,R. Sande,R,FA,R,-0.815369393712,2.42282096387,14.8025362882,1.29335618501,6.99417612569,IP,DP,-0.573407979824,5.94609051427,85.8117928698,2065.08478711,184.982236009,-0.21
306,2020,730267392,RAD,D1 Big South Conference,730218752,CAN,188144775,2020-03-06 13:00:00,4,0,0,2,1672896871,R. Sande,R,FS,L,0.307333562607,0.31873703626,4.79098579631,-4.19183403797,6.78527889176,B,ROE,-0.635107887482,5.86609301678,76.583558686,1067.50859171,139.064545417,0.13
307,2020,730267392,RAD,D1 Big South Conference,730218752,CAN,188144775,2020-03-06 13:00:00,4,1,0,2,1672896871,R. Sande,R,CU,L,-0.0269964074265,2.82684597106,-0.585481404677,-17.0794655481,6.38077660627,SL,ROE,-0.613108160276,5.83429513867,71.3425985428,1975.13547009,88.2023156292,-0.15
308,2020,730267392,RAD,D1 Big South Conference,730218752,CAN,188144775,2020-03-06 13:00:00,4,1,1,2,1672896871,R. Sande,R,CU,L,0.290534755915,0.761527743151,-4.81414461181,-15.8646578858,6.42292091879,B,ROE,-0.583430052898,5.66650984024,72.0557045591,2061.00561416,73.2799948283,0.13
309,2020,730267392,RAD,D1 Big South Conference,730218752,CAN,188144775,2020-03-06 13:00:00,4,2,1,2,1672896871,R. Sande,R,FS,L,-0.0437722351849,3.01440974689,4.22404879753,1.71902723653,6.7047182147,IP,ROE,-0.578920183675,5.86132191471,76.6492341259,1154.87070872,201.945868421,0.0
310,2020,730267392,RAD,D1 Big South Conference,730218752,CAN,188144775,2020-03-06 13:00:00,4,0,0,2,1672896871,R. Sande,R,FA,L,1.43295579109,1.72335272915,25.6611176718,-3.35767625127,7.22520331448,B,FC,-0.556726172081,6.2186346855,84.3612436664,2044.14862678,172.55539395,0.13
311,2020,730267392,RAD,D1 Big South Conference,730218752,CAN,188144775,2020-03-06 13:00:00,4,1,0,2,1672896871,R. Sande,R,FA,L,-0.451767682436,1.84093408939,7.78055923156,1.01116942078,7.1109300162,SL,FC,-0.61240073701,5.59407859179,85.0764218299,2028.12279437,187.37287117,-0.15
312,2020,730267392,RAD,D1 Big South Conference,730218752,CAN,188144775,2020-03-06 13:00:00,4,1,1,2,1672896871,R. Sande,R,FS,L,-0.289984143764,2.61852720503,3.74884735068,-2.82323286851,6.73707403816,SL,FC,-0.658379845534,5.7736520673,75.9509009523,1016.09691035,143.332025861,-0.15
313,2020,730267392,RAD,D1 Big South Conference,730218752,CAN,188144775,2020-03-06 13:00:00,4,1,2,2,1672896871,R. Sande,R,FA,L,-0.39683983759,2.81942161264,15.1058736838,0.450208764297,7.23416751371,IP,FC,-0.68911879138,5.778695063,85.282877136,2185.7309374,181.703303996,-0.21
314,2020,730267392,RAD,D1 Big South Conference,730218752,CAN,188144775,2020-03-06 13:00:00,5,0,0,1,1672896871,R. Sande,R,SL,R,-0.287861457898,1.57679280489,3.02612716495,1.8855151776,6.83411215878,IP,D,-0.351501461836,5.76348305086,74.6885458583,978.166217513,211.554051268,1.26
315,2020,730267392,RAD,D1 Big South Conference,730218752,CAN,188144775,2020-03-06 13:00:00,5,0,0,1,1672896871,R. Sande,R,FA,R,0.752537340001,0.707120657387,17.9598611742,1.97256452646,7.18372625199,B,ROE,-0.358399695496,5.91348549929,84.9155660404,2087.75969698,186.255893182,0.13
316,2020,730267392,RAD,D1 Big South Conference,730218752,CAN,188144775,2020-03-06 13:00:00,5,1,0,1,1672896871,R. Sande,R,FA,R,-0.515198721749,1.69601710803,25.9544990696,-0.543312343745,7.02138323752,F,ROE,-0.461114372981,6.35035633199,85.0867541624,2048.27673047,178.802385013,-0.15
317,2020,730267392,RAD,D1 Big South Conference,730218752,CAN,188144775,2020-03-06 13:00:00,5,1,1,1,1672896871,R. Sande,R,SL,R,1.88676659826,0.0377674018141,7.61775345914,-11.2638251763,6.45302065855,B,ROE,-0.335914736409,6.07516035314,72.6464975303,2014.98955286,124.239061297,0.13
318,2020,730267392,RAD,D1 Big South Conference,730218752,CAN,188144775,2020-03-06 13:00:00,5,2,1,1,1672896871,R. Sande,R,FA,R,0.96428847808,2.73396893864,14.9711586552,-2.72076490977,7.22086877589,SS,ROE,-0.158355826184,5.88111897,84.5251086199,2014.20598171,169.72301143,-0.15
319,2020,730267392,RAD,D1 Big South Conference,730218752,CAN,188144775,2020-03-06 13:00:00,5,2,2,1,1672896871,R. Sande,R,FA,R,1.04620781689,2.27884534053,11.8634698656,0.0973677395162,7.2619769156,F,ROE,-0.455945975506,5.82327738571,83.4460087575,2093.65466198,180.468848034,0.0
320,2020,730267392,RAD,D1 Big South Conference,730218752,CAN,188144775,2020-03-06 13:00:00,5,2,2,1,1672896871,R. Sande,R,FA,R,0.150797993519,3.66290859801,10.5002870592,1.03176686103,7.41721213861,B,ROE,-0.445690310241,5.798627649,84.3289169213,2051.49725314,185.593900501,0.13
321,2020,730267392,RAD,D1 Big South Conference,730218752,CAN,188144775,2020-03-06 13:00:00,5,3,2,1,1672896871,R. Sande,R,FA,R,0.262035638707,1.69266645857,14.4514664963,-2.75163838828,7.29248107727,IP,ROE,-0.166821999362,5.90709360376,84.1161253381,1966.15027228,169.244647388,0.0
322,2020,730267392,RAD,D1 Big South Conference,730218752,CAN,188144775,2020-03-06 13:00:00,5,0,0,1,1885109725,A. Gerber,R,CH,L,0.548681533706,1.10779798726,11.0751416673,15.9832439336,5.17624315272,B,S,-1.58055008384,5.05185687501,73.0567815092,1734.5433868,235.159856006,0.13
323,2020,730267392,RAD,D1 Big South Conference,730218752,CAN,188144775,2020-03-06 13:00:00,5,1,0,1,1885109725,A. Gerber,R,CH,L,-0.653901380249,2.44235238568,10.865542996,12.2179666209,5.2295663582,IP,S,-1.38842701974,5.21643189933,72.862659611,1710.0180042,228.221402252,1.0
324,2020,730267392,RAD,D1 Big South Conference,730218752,CAN,188144775,2020-03-06 13:00:00,5,0,0,1,1885109725,A. Gerber,R,FA,R,0.408607119652,0.768560742504,18.8366022638,7.75442658209,5.30945790182,B,IP_OUT,-1.01916344392,5.31010587846,83.0153954454,2110.21773569,202.333615925,0.13
325,2020,730267392,RAD,D1 Big South Conference,730218752,CAN,188144775,2020-03-06 13:00:00,5,1,0,1,1885109725,A. Gerber,R,CH,R,-0.912950464905,1.63667786287,10.0858169355,14.0963528923,5.1262910771,SL,IP_OUT,-1.48717654174,5.11989060868,72.007105595,1685.40841307,234.276386185,-0.15
326,2020,730267392,RAD,D1 Big South Conference,730218752,CAN,188144775,2020-03-06 13:00:00,5,1,1,1,1885109725,A. Gerber,R,CH,R,-0.96665385218,1.41621944548,8.89405371758,13.2513152019,5.07450823267,F,IP_OUT,-1.52493589855,5.05865507946,72.5715818132,1665.13645423,235.978826026,-0.15
327,2020,730267392,RAD,D1 Big South Conference,730218752,CAN,188144775,2020-03-06 13:00:00,5,1,2,1,1885109725,A. Gerber,R,SL,R,0.942223460781,2.43387872143,-10.4284817497,-13.0637637786,5.05590565591,F,IP_OUT,-1.04496637786,5.2804364921,70.7779277202,2084.38383303,51.5439196605,0.0
328,2020,730267392,RAD,D1 Big South Conference,730218752,CAN,188144775,2020-03-06 13:00:00,5,1,2,1,1885109725,A. Gerber,R,FA,R,2.3933401445,2.95100690938,13.2355700291,7.20927559866,5.64317343754,B,IP_OUT,-0.622276522794,5.6276701652,83.4206774817,2230.5852344,208.508758813,0.13
329,2020,730267392,RAD,D1 Big South Conference,730218752,CAN,188144775,2020-03-06 13:00:00,5,0,0,2,1885109725,A. Gerber,R,FA,L,-0.335731557513,2.75289673206,16.4447548616,5.9523919137,5.3488912015,SL,IP_OUT,-1.07137416774,5.40695788611,83.1857838321,2245.91397964,199.855582136,-0.15
330,2020,730267392,RAD,D1 Big South Conference,730218752,CAN,188144775,2020-03-06 13:00:00,5,0,1,2,1885109725,A. Gerber,R,SL,L,1.77509568508,1.62514449939,-3.24976062169,-14.2780395849,4.70967015387,B,IP_OUT,-1.11832822717,5.27586445611,69.8225897408,2041.47681778,77.391551835,0.13
331,2020,730267392,RAD,D1 Big South Conference,730218752,CAN,188144775,2020-03-06 13:00:00,5,1,1,2,1885109725,A. Gerber,R,CH,L,-1.74980070595,2.16723618778,8.81028147377,15.3900154144,5.22153987276,B,IP_OUT,-1.41470594969,5.15701003564,72.4986344776,1659.39998785,240.069769252,0.13
332,2020,730267392,RAD,D1 Big South Conference,730218752,CAN,188144775,2020-03-06 13:00:00,5,2,1,2,1885109725,A. Gerber,R,FA,L,-0.0165421131112,1.62747246998,13.8917387975,5.84556971375,5.37456666885,SL,IP_OUT,-0.693980309468,5.63443594833,83.541389676,2203.45291867,202.76579268,-0.15
333,2020,730267392,RAD,D1 Big South Conference,730218752,CAN,188144775,2020-03-06 13:00:00,5,2,2,2,1885109725,A. Gerber,R,CH,L,-1.1560251311,1.41682609169,19.9604476373,9.98579499557,5.16105189381,F,IP_OUT,-0.760822821971,5.89147958822,84.6260351531,2233.05033306,206.534986753,0.0
334,2020,730267392,RAD,D1 Big South Conference,730218752,CAN,188144775,2020-03-06 13:00:00,5,2,2,2,1885109725,A. Gerber,R,CH,L,-1.94862955799,2.72146593624,11.1779243919,9.81540911508,5.15466947436,B,IP_OUT,-1.11840662083,5.34642626172,73.5051348714,1600.05154763,221.159134425,0.13
335,2020,730267392,RAD,D1 Big South Conference,730218752,CAN,188144775,2020-03-06 13:00:00,6,0,1,0,1885109725,A. Gerber,R,CH,R,0.376106318574,1.31810480616,9.80912669585,10.4847556358,5.65470037355,SS,K,-1.13239553123,5.29205462955,74.8572332345,1732.21237648,226.771456578,-0.15
336,2020,730267392,RAD,D1 Big South Conference,730218752,CAN,188144775,2020-03-06 13:00:00,6,0,2,0,1885109725,A. Gerber,R,CH,R,0.584973127619,-0.198608999474,13.8069797599,14.6308052521,5.3286958049,B,K,-0.755036562945,5.50690179516,75.0429635713,1669.00150411,226.561470265,0.13
337,2020,730267392,RAD,D1 Big South Conference,730218752,CAN,188144775,2020-03-06 13:00:00,6,1,2,0,1885109725,A. Gerber,R,CH,R,0.957384582669,0.443969077262,9.13319297825,10.8370612805,5.39362864552,SS,K,-0.975390327182,5.2487078881,75.0442097536,1709.75470668,229.730092107,-0.15
338,2020,730267392,RAD,D1 Big South Conference,730218752,CAN,188144775,2020-03-06 13:00:00,6,0,0,1,1885109725,A. Gerber,R,CU,L,0.108480494485,3.47713045098,-7.33836368091,-19.4446813737,4.89098760254,B,IP_OUT,-1.09307560195,5.55183661775,72.8192230732,2152.87553471,69.4561081975,0.13
339,2020,730267392,RAD,D1 Big South Conference,730218752,CAN,188144775,2020-03-06 13:00:00,6,1,0,1,1885109725,A. Gerber,R,FA,L,0.0874193235351,3.14614022622,14.0470733809,4.91048386925,5.50466607309,F,IP_OUT,-0.780917268129,5.64788927911,82.8051241325,2150.54271651,199.219766089,-0.15
340,2020,730267392,RAD,D1 Big South Conference,730218752,CAN,188144775,2020-03-06 13:00:00,6,1,1,1,1885109725,A. Gerber,R,CH,L,-0.993395099397,0.685147234493,10.2610191021,7.13851291481,5.32737061508,B,IP_OUT,-1.15261276245,5.40891192658,73.9845953382,1685.20070806,214.700951582,0.13
341,2020,730267392,RAD,D1 Big South Conference,730218752,CAN,188144775,2020-03-06 13:00:00,6,2,1,1,1885109725,A. Gerber,R,CH,L,-0.737830775602,1.75309660649,8.59938345872,11.0059046513,5.47612636248,SS,IP_OUT,-1.03932656088,5.56344617133,75.3061955403,1708.52403946,231.845581603,-0.15
342,2020,730267392,RAD,D1 Big South Conference,730218752,CAN,188144775,2020-03-06 13:00:00,6,2,2,1,1885109725,A. Gerber,R,CH,L,1.05457839839,2.17165097139,9.9368022,-0.890064798277,5.65706169196,F,IP_OUT,-1.0807486078,5.41431442413,74.7443117125,1693.22530311,174.905441652,0.0
343,2020,730267392,RAD,D1 Big South Conference,730218752,CAN,188144775,2020-03-06 13:00:00,6,0,0,2,1885109725,A. Gerber,R,FA,L,0.599923488174,2.57118819046,16.3655729456,3.85146818004,5.19295010009,SL,K,-0.571110838559,5.84350170938,83.7832038711,2095.19663501,193.213332714,-0.15
344,2020,730267392,RAD,D1 Big South Conference,730218752,CAN,188144775,2020-03-06 13:00:00,6,0,1,2,1885109725,A. Gerber,R,CH,L,-0.858659850945,1.53841536352,11.0582873257,9.46328283244,5.41177937417,SS,K,-1.19234692545,5.42804927196,74.155857999,1734.02272132,220.430708168,-0.15
345,2020,730267392,RAD,D1 Big South Conference,730218752,CAN,188144775,2020-03-06 13:00:00,6,0,2,2,1885109725,A. Gerber,R,CH,L,-1.15981274498,1.49887070364,7.66093809358,3.47969571223,5.13645381958,B,K,-1.24947531753,5.28850631835,73.8462358808,1692.27162095,204.291344161,0.13
346,2020,730267392,RAD,D1 Big South Conference,730218752,CAN,188144775,2020-03-06 13:00:00,6,1,2,2,1885109725,A. Gerber,R,CH,L,-0.556730361308,1.01976134728,9.0651878289,10.5724069412,5.21866126564,SS,K,-0.995875778421,5.2774025275,76.756472886,1826.85671662,229.247196221,-0.15
347,2020,730267392,RAD,D1 Big South Conference,730218752,CAN,188144775,2020-03-06 13:00:00,7,0,0,0,1885109725,A. Gerber,R,FA,L,-0.051853948255,0.714743112866,15.8511402118,4.3262104863,5.2208583775,B,ROE,-0.702189958439,5.61172403321,82.3337972399,2102.77149156,195.229686955,0.13
348,2020,730267392,RAD,D1 Big South Conference,730218752,CAN,188144775,2020-03-06 13:00:00,7,1,0,0,1885109725,A. Gerber,R,CH,L,-0.118700401705,1.25759284288,1.04049832198,4.84341220927,5.18172852949,B,ROE,-1.00316258881,5.27239287766,71.375351591,1637.37519113,257.282981915,0.13
349,2020,730267392,RAD,D1 Big South Conference,730218752,CAN,188144775,2020-03-06 13:00:00,7,2,0,0,1885109725,A. Gerber,R,FA,L,-0.80636712165,2.99993471217,15.3860584388,6.48599564057,5.17819185096,SL,ROE,-1.11356380629,5.53255678183,82.0385556769,2107.58074929,202.805403136,-0.15
350,2020,730267392,RAD,D1 Big South Conference,730218752,CAN,188144775,2020-03-06 13:00:00,7,2,1,0,1885109725,A. Gerber,R,FA,L,-0.0448421994075,2.1219950689,14.3527067053,3.04810005945,5.31401984535,IP,ROE,-0.426283622141,5.62993774094,82.2772413734,2054.74404223,191.958248807,0.0
351,2020,730267392,RAD,D1 Big South Conference,730218752,CAN,188144775,2020-03-06 13:00:00,7,0,0,0,1885109725,A. Gerber,R,CH,R,0.499730100284,3.12658425223,7.05369870973,2.17320547699,5.45987043763,SL,FC,-0.844483887259,5.39581520867,72.8392631024,1637.07088613,197.012385498,-0.15
352,2020,730267392,RAD,D1 Big South Conference,730218752,CAN,188144775,2020-03-06 13:00:00,7,0,1,0,1885109725,A. Gerber,R,CU,R,0.647512476309,1.84807097551,-4.19563297699,-12.4232039087,4.69314438475,IP,FC,-1.08377848201,5.31948500574,71.2656031859,2113.03812858,71.5574678261,-0.21
353,2020,730267392,RAD,D1 Big South Conference,730218752,CAN,188144775,2020-03-06 13:00:00,7,0,0,1,1885109725,A. Gerber,R,CH,R,-0.549418671152,2.64669657435,5.84415198927,7.45195423899,5.41040355503,SL,K,-0.962375969415,5.40268646299,72.8256096497,1571.37903367,231.657914322,-0.15
354,2020,730267392,RAD,D1 Big South Conference,730218752,CAN,188144775,2020-03-06 13:00:00,7,0,1,1,1885109725,A. Gerber,R,CH,R,-0.0938811682885,2.60297187383,8.27253739226,6.30325616227,5.46102804808,F,K,-1.05073115213,5.21382305413,73.4749784377,1664.13240642,217.146090837,-0.15
355,2020,730267392,RAD,D1 Big South Conference,730218752,CAN,188144775,2020-03-06 13:00:00,7,0,2,1,1885109725,A. Gerber,R,FA,R,1.60249619868,2.63142923774,14.2512152953,4.37565465359,5.44522397074,SS,K,-0.55310441831,5.58387241411,83.063224504,2140.88360877,197.025322117,-0.15
356,2020,730267392,RAD,D1 Big South Conference,730218752,CAN,188144775,2020-03-06 13:00:00,7,0,0,2,1885109725,A. Gerber,R,CH,L,-0.107942079699,3.56261612485,10.0806178463,6.34889102019,5.38676924922,B,IP_OUT,-0.984798966367,5.35446679171,73.1480661716,1707.43524992,212.076994607,0.13
357,2020,730267392,RAD,D1 Big South Conference,730218752,CAN,188144775,2020-03-06 13:00:00,7,1,0,2,1885109725,A. Gerber,R,CH,L,-0.931514433814,1.78334088253,9.09893213405,9.30803144581,5.36870381201,SL,IP_OUT,-0.91900015725,5.3540085004,69.9675043679,1594.30102634,225.479445044,-0.15
358,2020,730267392,RAD,D1 Big South Conference,730218752,CAN,188144775,2020-03-06 13:00:00,7,1,1,2,1885109725,A. Gerber,R,CU,L,1.04103856302,1.69566957185,-10.2277424357,-22.1732808455,4.67787045502,F,IP_OUT,-0.775629140498,5.28902176241,71.2189126768,2130.13633197,65.3533889144,-0.15
359,2020,730267392,RAD,D1 Big South Conference,730218752,CAN,188144775,2020-03-06 13:00:00,8,0,0,0,1602301339,D. Domecq,L,FA,R,-0.0531099849112,1.04699363693,17.2079208682,-16.6350171207,5.71456150714,B,IP_OUT,1.93106437238,5.36180084129,82.302295797,2090.05837926,136.035053893,0.13
360,2020,730267392,RAD,D1 Big South Conference,730218752,CAN,188144775,2020-03-06 13:00:00,8,1,0,0,1602301339,D. Domecq,L,FA,R,0.119706472968,2.38982490741,19.0113570391,-17.7335841118,5.49320423958,F,IP_OUT,1.86034094257,5.40410346081,81.7660794111,2137.17147188,137.051165578,-0.15
361,2020,730267392,RAD,D1 Big South Conference,730218752,CAN,188144775,2020-03-06 13:00:00,8,0,0,1,1602301339,D. Domecq,L,FA,L,-0.619848151538,2.22512014431,18.3243547956,-16.2192734616,5.72408683771,SL,S,1.78772771736,5.38005921853,81.2783759454,2097.48641143,138.548656835,-0.15
362,2020,730267392,RAD,D1 Big South Conference,730218752,CAN,188144775,2020-03-06 13:00:00,8,0,1,1,1602301339,D. Domecq,L,SL,L,-0.720368685284,0.597688890024,2.20689167164,-4.7722714893,5.26728276634,B,S,1.86017919078,5.28128473896,75.5738825958,2266.54246458,115.276180542,0.13
363,2020,730267392,RAD,D1 Big South Conference,730218752,CAN,188144775,2020-03-06 13:00:00,8,1,1,1,1602301339,D. Domecq,L,FA,L,-0.217596312229,0.670731990258,16.9698825483,-20.0971636038,5.53705543359,B,S,1.7232752109,5.38692076066,82.4057031017,2116.85362842,130.242793016,0.13
364,2020,730267392,RAD,D1 Big South Conference,730218752,CAN,188144775,2020-03-06 13:00:00,8,2,1,1,1602301339,D. Domecq,L,FA,L,-0.396426742935,1.67465996682,21.2963689263,-14.370056171,5.65258959021,IP,S,1.83676019104,5.33892968901,81.2276493429,2169.18170319,146.039667885,1.0
365,2020,730267392,RAD,D1 Big South Conference,730218752,CAN,188144775,2020-03-06 13:00:00,8,0,0,1,1602301339,D. Domecq,L,SL,R,0.411663318458,2.07549127227,0.0442360600061,-3.28072857244,5.44093737591,SL,DP,1.94235277591,5.32831645597,74.8780277265,2035.01004435,91.5912929786,-0.15
366,2020,730267392,RAD,D1 Big South Conference,730218752,CAN,188144775,2020-03-06 13:00:00,8,0,1,1,1602301339,D. Domecq,L,SL,R,0.409253301625,1.6308261889,3.67031728852,-5.16207386055,5.34986231209,F,DP,1.8551885458,5.27417234699,75.0581720521,2134.12195057,125.757090003,-0.15
367,2020,730267392,RAD,D1 Big South Conference,730218752,CAN,188144775,2020-03-06 13:00:00,8,0,2,1,1602301339,D. Domecq,L,SL,R,-0.180863465598,2.15100689626,6.36010231354,-5.82781249231,5.22296250378,IP,DP,1.945063188,5.30912449805,75.3994346231,2080.53541833,137.714125469,-0.21
368,2020,730267392,RAD,D1 Big South Conference,730218752,CAN,188144775,2020-03-06 13:00:00,9,0,0,1,1602301339,D. Domecq,L,FA,L,-0.690755426231,1.62623977201,13.5119537458,-16.0762527908,5.68812989733,SL,K,1.88707591751,5.45013218121,79.4388342394,2069.10506194,130.133143644,-0.15
369,2020,730267392,RAD,D1 Big South Conference,730218752,CAN,188144775,2020-03-06 13:00:00,9,0,1,1,1602301339,D. Domecq,L,FA,L,-1.94899482479,0.799466994744,17.9318772654,-13.4697428438,5.5949178397,B,K,1.7647126558,5.33192134504,80.7751692198,2089.52528373,143.149730309,0.13
370,2020,730267392,RAD,D1 Big South Conference,730218752,CAN,188144775,2020-03-06 13:00:00,9,1,1,1,1602301339,D. Domecq,L,SL,L,-1.50628998487,1.18294322107,2.73825569002,-0.778673273397,5.12155028799,SS,K,1.81825785868,5.30175945546,73.7246489452,2202.54809841,164.391899694,-0.15
371,2020,730267392,RAD,D1 Big South Conference,730218752,CAN,188144775,2020-03-06 13:00:00,9,1,2,1,1602301339,D. Domecq,L,SL,L,-0.866678843742,1.82134786173,0.226536173649,-3.11775122406,5.12366331902,SL,K,1.79805800454,5.25261156078,73.1816391132,2041.24158218,95.0689491519,-0.15
372,2020,730267392,RAD,D1 Big South Conference,730218752,CAN,188144775,2020-03-06 13:00:00,9,0,0,2,1602301339,D. Domecq,L,FA,R,-0.159879019382,2.48229612131,6.52526662953,-16.5599965554,6.19611020951,B,K,1.89323950619,5.16543302094,79.680742276,2195.75854444,111.626276504,0.13
373,2020,730267392,RAD,D1 Big South Conference,730218752,CAN,188144775,2020-03-06 13:00:00,9,1,0,2,1602301339,D. Domecq,L,SL,R,0.467068777589,1.16494266312,3.66231805077,-1.46342666215,4.84802849347,B,K,1.820924534,5.30707243354,73.9874556374,2296.38658691,158.478694277,0.13
374,2020,730267392,RAD,D1 Big South Conference,730218752,CAN,188144775,2020-03-06 13:00:00,9,2,0,2,1602301339,D. Domecq,L,FA,R,-1.08705857385,1.83654959996,14.9066657388,-18.7219597357,5.46927714709,SL,K,1.94568512393,5.09307054593,77.9102272309,1675.49362532,128.607943918,-0.15
375,2020,730267392,RAD,D1 Big South Conference,730218752,CAN,188144775,2020-03-06 13:00:00,9,2,1,2,1602301339,D. Domecq,L,FA,R,0.437512707959,1.68561267556,17.6389528008,-16.4055238256,5.72451483222,F,K,1.94692913127,5.32414675553,79.8246618892,1948.49943203,137.141173262,-0.15
376,2020,730267392,RAD,D1 Big South Conference,730218752,CAN,188144775,2020-03-06 13:00:00,9,2,2,2,1602301339,D. Domecq,L,SL,R,0.0885027400945,1.23644274231,2.52118863993,-4.48970199633,4.95253047627,SS,K,1.9086062946,5.30017730588,75.3127081643,2189.4664431,119.774721423,-0.15
377,2020,5327,WVU,D1 Big 12 Conference,730218752,CAN,372601444,2020-02-18 13:00:00,1,0,0,0,1154963200,T. Strechay,R,FA,L,-0.192901253279,2.1983716969,13.898913572,11.6342879449,5.77643954045,SS,IP_OUT,-2.52049670635,5.22230120527,87.4851302797,1956.68301985,219.860683686,-0.15
378,2020,5327,WVU,D1 Big 12 Conference,730218752,CAN,372601444,2020-02-18 13:00:00,1,0,1,0,1154963200,T. Strechay,R,CH,L,-1.38120176348,2.02980263843,9.62547059675,13.6301615576,5.91549780834,B,IP_OUT,-2.50502843952,4.96311778122,80.813334021,1549.01732506,234.656324367,0.13
379,2020,5327,WVU,D1 Big 12 Conference,730218752,CAN,372601444,2020-02-18 13:00:00,1,1,1,0,1154963200,T. Strechay,R,CH,L,0.255139475983,3.45655725598,9.41978562593,15.6337216547,6.17552232685,B,IP_OUT,-2.307014753,5.27164342592,80.8143746705,1617.76352641,238.821803637,0.13
380,2020,5327,WVU,D1 Big 12 Conference,730218752,CAN,372601444,2020-02-18 13:00:00,1,0,0,1,1154963200,T. Strechay,R,FA,R,1.31009678368,3.63680028846,17.4309621489,11.2134161955,5.75682679541,B,S,-2.16174811441,5.35044037245,89.0574568787,2131.06323843,212.703006286,0.13
381,2020,5327,WVU,D1 Big 12 Conference,730218752,CAN,372601444,2020-02-18 13:00:00,1,1,0,1,1154963200,T. Strechay,R,FA,R,0.174311901702,2.24688694115,12.7643396506,12.6062476483,6.05668073456,IP,S,-2.34117182571,5.20489365366,88.1725370196,2015.37986039,224.567094162,1.0
382,2020,5327,WVU,D1 Big 12 Conference,730218752,CAN,372601444,2020-02-18 13:00:00,1,0,0,1,1154963200,T. Strechay,R,FA,L,-1.27288277539,3.07016146935,15.317529151,11.7226431597,5.9248476342,SL,S,-2.25197744404,5.45270796953,87.8348726775,2008.11391928,217.365474944,-0.15
383,2020,5327,WVU,D1 Big 12 Conference,730218752,CAN,372601444,2020-02-18 13:00:00,1,0,1,1,1154963200,T. Strechay,R,CH,L,-0.0846909469029,1.46083858144,8.30013746985,16.789876216,6.25066862388,SS,S,-2.63393762341,5.1881920167,79.5133523427,1565.11231053,243.580869616,-0.15
384,2020,5327,WVU,D1 Big 12 Conference,730218752,CAN,372601444,2020-02-18 13:00:00,1,1,2,1,1154963200,T. Strechay,R,CH,L,-1.68109091078,2.06128127032,8.24240081451,14.5262339388,6.29314244283,B,S,-2.54826408756,5.24893791639,80.7645293424,1692.04291076,240.310433135,0.13
385,2020,5327,WVU,D1 Big 12 Conference,730218752,CAN,372601444,2020-02-18 13:00:00,1,2,2,1,1154963200,T. Strechay,R,FA,L,1.1983163286,2.86377731486,20.2373780974,10.2795838715,5.81315498656,IP,S,-1.86211340538,5.68899057777,88.2874208185,2013.63864508,206.889313035,1.0
386,2020,5327,WVU,D1 Big 12 Conference,730218752,CAN,372601444,2020-02-18 13:00:00,1,0,0,1,1154963200,T. Strechay,R,CU,R,0.928216819574,1.47462013398,-2.4768206115,-10.1250874406,5.6420162126,B,D,-2.63209670478,5.31820289076,76.1380204454,2245.67259079,76.5006361495,0.13
387,2020,5327,WVU,D1 Big 12 Conference,730218752,CAN,372601444,2020-02-18 13:00:00,1,1,0,1,1154963200,T. Strechay,R,FA,R,0.229728009808,1.65398445925,19.690165146,9.22296053648,5.83392863455,SL,D,-2.16418900988,5.72927494631,88.6284157716,2115.45953939,205.060883618,-0.15
388,2020,5327,WVU,D1 Big 12 Conference,730218752,CAN,372601444,2020-02-18 13:00:00,1,1,1,1,1154963200,T. Strechay,R,CU,R,1.17696801084,1.53841319794,-2.53518851076,-12.3968051154,5.14930634377,B,D,-2.39313083631,5.40856865199,76.2153869061,2331.53071911,78.6515548456,0.13
389,2020,5327,WVU,D1 Big 12 Conference,730218752,CAN,372601444,2020-02-18 13:00:00,1,2,1,1,1154963200,T. Strechay,R,FA,R,-0.458581073003,1.71881945095,11.425098066,10.4925528341,5.92643564504,F,D,-2.68306851906,5.23626624457,87.087996838,2016.06353677,222.476982529,-0.15
390,2020,5327,WVU,D1 Big 12 Conference,730218752,CAN,372601444,2020-02-18 13:00:00,1,2,2,1,1154963200,T. Strechay,R,FA,R,0.57592988299,3.23493009145,17.1741874988,9.64958834997,5.73554981724,F,D,-2.07773633261,5.58337297108,88.4998882584,2023.03352503,209.282074302,0.0
391,2020,5327,WVU,D1 Big 12 Conference,730218752,CAN,372601444,2020-02-18 13:00:00,1,2,2,1,1154963200,T. Strechay,R,FA,R,2.36946251843,2.5183773807,14.0339755685,10.2235459422,5.7296543107,B,D,-2.1872757242,5.42110305002,89.6259766693,2049.84139571,216.008122629,0.13
392,2020,5327,WVU,D1 Big 12 Conference,730218752,CAN,372601444,2020-02-18 13:00:00,1,3,2,1,1154963200,T. Strechay,R,FA,R,-0.0400032339891,2.94443211543,13.6376114675,11.5223870168,5.95170964175,F,D,-2.15799485936,5.46550084516,87.38193758,1983.01674645,220.123103315,0.0
393,2020,5327,WVU,D1 Big 12 Conference,730218752,CAN,372601444,2020-02-18 13:00:00,1,3,2,1,1154963200,T. Strechay,R,FA,R,-0.481046977519,2.88091325246,13.0883184621,8.33307977953,5.83525160666,IP,D,-2.06456472644,5.50664009497,87.9383007104,1906.06552803,212.416289248,1.26
394,2020,5327,WVU,D1 Big 12 Conference,730218752,CAN,372601444,2020-02-18 13:00:00,1,0,0,1,1154963200,T. Strechay,R,CU,R,0.420536826994,2.9799671488,6.29079034952,-15.9757229521,6.01336335157,SL,BB,-2.58159546716,5.26486181008,74.8464750469,2182.81959322,111.640983573,-0.15
395,2020,5327,WVU,D1 Big 12 Conference,730218752,CAN,372601444,2020-02-18 13:00:00,1,0,1,1,1154963200,T. Strechay,R,FA,R,0.529469693112,1.16818365465,13.0358638319,8.9972402375,5.96498085719,B,BB,-2.04251044357,5.56546850106,88.0076771124,1964.20813368,214.542604662,0.13
396,2020,5327,WVU,D1 Big 12 Conference,730218752,CAN,372601444,2020-02-18 13:00:00,1,1,1,1,1154963200,T. Strechay,R,CU,R,-1.53672001539,1.81306885525,-1.10435712498,-8.56817404493,5.47724895677,B,BB,-2.51893708906,5.33562169142,73.7208681379,1944.08664461,82.9834556309,0.13
397,2020,5327,WVU,D1 Big 12 Conference,730218752,CAN,372601444,2020-02-18 13:00:00,1,2,1,1,1154963200,T. Strechay,R,CH,R,-0.0373446347931,3.33913640976,8.18373467924,14.6416538208,5.86958796348,SL,BB,-2.40168914345,5.14594016402,78.9652092585,1556.3438611,240.670033439,-0.15
398,2020,5327,WVU,D1 Big 12 Conference,730218752,CAN,372601444,2020-02-18 13:00:00,1,2,2,1,1154963200,T. Strechay,R,CU,R,0.775651756072,2.73531553348,-4.45825295954,-11.0500143942,5.61636856851,F,BB,-2.16192332804,5.71734331412,74.0359387693,2148.02551358,68.2485454012,0.0
399,2020,5327,WVU,D1 Big 12 Conference,730218752,CAN,372601444,2020-02-18 13:00:00,1,2,2,1,1154963200,T. Strechay,R,FA,R,1.71217272677,3.47381496304,13.7863779781,11.1026066533,6.36261054192,B,BB,-2.11057106279,5.44906004289,87.2100290176,2070.14056767,218.776894796,0.13
400,2020,5327,WVU,D1 Big 12 Conference,730218752,CAN,372601444,2020-02-18 13:00:00,1,3,2,1,1154963200,T. Strechay,R,CU,R,0.741672156197,1.1570080513,-2.01985011925,-15.0562389634,5.71234289107,B,BB,-2.32047092189,5.34518413587,75.1813401769,2215.93850071,82.5365119428,0.8
401,2020,5327,WVU,D1 Big 12 Conference,730218752,CAN,372601444,2020-02-18 13:00:00,1,0,0,1,1687152458,S. Gonzalez,R,CH,L,-0.894385965869,2.19617274273,2.58176684106,17.7242184763,6.15096096662,SS,K,-2.27401774966,5.4650155881,79.0640896341,1680.0225485,261.580393437,-0.15
402,2020,5327,WVU,D1 Big 12 Conference,730218752,CAN,372601444,2020-02-18 13:00:00,1,0,1,1,1687152458,S. Gonzalez,R,CH,L,-1.61318337275,2.76954647734,7.09621755413,20.2269012332,5.9390498247,SS,K,-2.35158240233,5.51922087399,80.519031422,1782.48499652,250.565332202,-0.15
403,2020,5327,WVU,D1 Big 12 Conference,730218752,CAN,372601444,2020-02-18 13:00:00,1,0,2,1,1687152458,S. Gonzalez,R,CH,L,-0.848167360992,1.75508665659,7.92644905826,20.6354228891,6.05860309758,SS,K,-2.31413561528,5.51058559798,79.2000790561,1924.03527203,248.885935652,-0.15
404,2020,5327,WVU,D1 Big 12 Conference,730218752,CAN,372601444,2020-02-18 13:00:00,1,0,0,2,1687152458,S. Gonzalez,R,CH,R,0.737077460087,2.10663571538,10.1028148649,20.7359441041,6.05647811813,SL,BB,-3.40090797665,5.55968106165,80.0508689902,1869.62246361,243.931990382,-0.15
405,2020,5327,WVU,D1 Big 12 Conference,730218752,CAN,372601444,2020-02-18 13:00:00,1,0,1,2,1687152458,S. Gonzalez,R,SL,R,2.68546361642,2.33808863981,6.09149744522,-14.0988162061,5.6832321716,B,BB,-3.73237223572,5.49893228679,79.3434608366,2580.70317408,113.515450271,0.13
406,2020,5327,WVU,D1 Big 12 Conference,730218752,CAN,372601444,2020-02-18 13:00:00,1,1,1,2,1687152458,S. Gonzalez,R,SL,R,0.992946684456,3.59059249861,5.07123201979,-17.4829339934,5.44718720611,B,BB,-2.27761492127,5.54432209935,77.5688649661,2602.39088753,106.312051588,0.13
407,2020,5327,WVU,D1 Big 12 Conference,730218752,CAN,372601444,2020-02-18 13:00:00,1,2,1,2,1687152458,S. Gonzalez,R,CH,R,-0.971718908438,2.54965448861,9.00336936406,22.4553509856,6.10038758175,F,BB,-2.05228094725,5.57921712284,79.9815384377,1964.92382939,248.061604777,-0.15
408,2020,5327,WVU,D1 Big 12 Conference,730218752,CAN,372601444,2020-02-18 13:00:00,1,2,2,2,1687152458,S. Gonzalez,R,FA,R,2.57501429221,2.86532685431,18.4257959742,8.9314134737,6.57833715207,B,BB,-3.37644584207,5.60957339347,87.5374756713,2036.56923723,205.819309834,0.13
409,2020,5327,WVU,D1 Big 12 Conference,730218752,CAN,372601444,2020-02-18 13:00:00,1,3,2,2,1687152458,S. Gonzalez,R,CH,R,0.785463573648,0.801389075277,12.1912318125,21.6735458002,6.17523570162,B,BB,-3.55749882264,5.51273469594,79.3349823488,1881.06986055,240.558579512,0.8
410,2020,5327,WVU,D1 Big 12 Conference,730218752,CAN,372601444,2020-02-18 13:00:00,2,0,0,0,1687152458,S. Gonzalez,R,CH,R,0.245635996938,3.19474329194,8.56390057713,18.7988736124,6.21656070728,SL,K,-2.5048572254,5.56067152552,80.1387980102,1938.44078645,245.405792038,-0.15
411,2020,5327,WVU,D1 Big 12 Conference,730218752,CAN,372601444,2020-02-18 13:00:00,2,0,1,0,1687152458,S. Gonzalez,R,CH,R,1.10192044469,2.02464500561,19.2105943706,18.435578988,6.13210937473,SL,K,-2.35242616853,5.73970620779,80.8921082411,1991.3787891,223.760191151,-0.15
412,2020,5327,WVU,D1 Big 12 Conference,730218752,CAN,372601444,2020-02-18 13:00:00,2,0,2,0,1687152458,S. Gonzalez,R,SL,R,0.268289535969,1.26241686764,4.61624878653,-18.366019553,5.54701959566,F,K,-2.49786448874,5.5956723986,78.5407578103,2786.08384344,104.238070015,0.0
413,2020,5327,WVU,D1 Big 12 Conference,730218752,CAN,372601444,2020-02-18 13:00:00,2,0,2,0,1687152458,S. Gonzalez,R,FA,R,0.97216762641,3.08603139095,14.631321298,12.9660738694,6.50159257521,SL,K,-2.29508894648,5.63982016634,87.6982941389,2123.50575473,221.481894381,-0.15
414,2020,5327,WVU,D1 Big 12 Conference,730218752,CAN,372601444,2020-02-18 13:00:00,2,0,0,1,1687152458,S. Gonzalez,R,CH,L,-1.96183117165,3.36896431327,15.0038606528,18.5653609012,5.91716153059,B,IP_OUT,-2.33378963021,5.68802309001,81.0685431631,1967.76115166,230.981027355,0.13
415,2020,5327,WVU,D1 Big 12 Conference,730218752,CAN,372601444,2020-02-18 13:00:00,2,1,0,1,1687152458,S. Gonzalez,R,CH,L,2.02531071694,0.491164171805,8.98509730857,13.6251792951,6.35924310143,B,IP_OUT,-2.22966368142,5.52418409519,81.5890539563,1895.64775607,236.481688993,0.13
416,2020,5327,WVU,D1 Big 12 Conference,730218752,CAN,372601444,2020-02-18 13:00:00,2,2,0,1,1687152458,S. Gonzalez,R,FA,L,-0.232088382601,2.24898093457,15.9819468015,15.9213293242,6.28648002274,SL,IP_OUT,-2.10224353565,5.61869722601,87.1837525063,2117.50932225,224.829726537,-0.15
417,2020,5327,WVU,D1 Big 12 Conference,730218752,CAN,372601444,2020-02-18 13:00:00,2,2,1,1,1687152458,S. Gonzalez,R,CH,L,-0.0050312260186,2.10425787446,9.5475159653,22.7384889866,6.04431380259,F,IP_OUT,-2.32473737481,5.61806201786,81.9297927242,1929.24706706,247.139197198,-0.15
418,2020,5327,WVU,D1 Big 12 Conference,730218752,CAN,372601444,2020-02-18 13:00:00,2,0,0,2,1687152458,S. Gonzalez,R,CH,R,0.562828024496,1.495345521,12.4151912793,19.4483617599,6.16974466806,B,K,-2.41315609366,5.66110569487,81.3804690222,2009.79531335,237.364576745,0.13
419,2020,5327,WVU,D1 Big 12 Conference,730218752,CAN,372601444,2020-02-18 13:00:00,2,1,0,2,1687152458,S. Gonzalez,R,CH,R,0.0955798002151,3.41052634106,14.0508558471,16.3494155,6.70697708025,B,K,-2.28010329586,5.61232043171,81.6063420982,1932.97567734,229.246433078,0.13
420,2020,5327,WVU,D1 Big 12 Conference,730218752,CAN,372601444,2020-02-18 13:00:00,2,2,0,2,1687152458,S. Gonzalez,R,FA,R,-0.893928854508,2.87639683148,17.6962282869,11.7950596332,6.2700014352,SS,K,-2.20264408059,5.5787485173,87.7530939799,2176.60791164,213.634427039,-0.15
421,2020,5327,WVU,D1 Big 12 Conference,730218752,CAN,372601444,2020-02-18 13:00:00,2,2,1,2,1687152458,S. Gonzalez,R,CH,R,1.35144685101,1.91051371953,12.4660002351,19.7382632209,6.34237423201,B,K,-2.10950465374,5.64909015026,81.6743009981,1985.5455071,237.644345077,0.13
422,2020,5327,WVU,D1 Big 12 Conference,730218752,CAN,372601444,2020-02-18 13:00:00,2,3,1,2,1687152458,S. Gonzalez,R,FA,R,-0.361300288189,3.33671917801,20.1312317224,10.6586613515,6.44354549802,SS,K,-2.31320018396,5.58103395467,87.415788014,2164.58135851,207.859776897,-0.15
423,2020,5327,WVU,D1 Big 12 Conference,730218752,CAN,372601444,2020-02-18 13:00:00,2,3,2,2,1687152458,S. Gonzalez,R,FA,R,-0.951684549656,3.59652607143,17.6290567935,13.6410908987,6.34821221895,SS,K,-2.45020513078,5.51846334777,87.2326254554,2086.98732865,217.678720256,-0.15
424,2020,5327,WVU,D1 Big 12 Conference,730218752,CAN,372601444,2020-02-18 13:00:00,3,0,0,0,1687152458,S. Gonzalez,R,CH,L,-0.0447664062996,2.82560865158,9.79050424129,19.3031804296,5.95387177123,SL,K,-2.26961026028,5.51333853162,80.8244791909,1945.90547241,243.011016695,-0.15
425,2020,5327,WVU,D1 Big 12 Conference,730218752,CAN,372601444,2020-02-18 13:00:00,3,0,1,0,1687152458,S. Gonzalez,R,CH,L,0.357633262126,2.67919923303,4.62418481956,18.8926296218,6.04927340938,SL,K,-2.43915714457,5.44742792778,80.9486483922,1920.73943476,256.132092174,-0.15
426,2020,5327,WVU,D1 Big 12 Conference,730218752,CAN,372601444,2020-02-18 13:00:00,3,0,2,0,1687152458,S. Gonzalez,R,SL,L,2.17920702745,1.41916555696,4.44046670233,-15.5089319352,5.83815152548,SS,K,-2.15425038645,5.42661596503,79.3995217238,2734.17689372,106.120918793,-0.15
427,2020,5327,WVU,D1 Big 12 Conference,730218752,CAN,372601444,2020-02-18 13:00:00,3,0,0,1,1687152458,S. Gonzalez,R,CH,R,0.980325742699,0.797351351678,4.2198009177,22.1995059197,6.26626620069,B,IP_OUT,-2.36920787263,5.44949292143,81.3488672538,1970.43822671,259.139444821,0.13
428,2020,5327,WVU,D1 Big 12 Conference,730218752,CAN,372601444,2020-02-18 13:00:00,3,1,0,1,1687152458,S. Gonzalez,R,CH,R,-0.0664854484011,3.2677901678,5.48242732184,22.329028789,6.23076033596,SL,IP_OUT,-2.09730423933,5.60974741994,80.2319277654,1892.43403795,256.107293007,-0.15
429,2020,5327,WVU,D1 Big 12 Conference,730218752,CAN,372601444,2020-02-18 13:00:00,3,1,1,1,1687152458,S. Gonzalez,R,SL,R,0.0142849335836,2.31822624361,4.96880175931,-16.2139186784,5.53630908721,SL,IP_OUT,-2.32531845205,5.59473775589,78.7149706059,2748.07339772,107.177166787,-0.15
430,2020,5327,WVU,D1 Big 12 Conference,730218752,CAN,372601444,2020-02-18 13:00:00,3,0,0,2,1687152458,S. Gonzalez,R,CH,R,0.0969147059868,2.281344602,5.10590413084,23.8842874076,6.07613468429,SL,ROE,-2.42873051328,5.5317181765,81.9153420096,2039.65251689,257.843438058,-0.15
431,2020,5327,WVU,D1 Big 12 Conference,730218752,CAN,372601444,2020-02-18 13:00:00,3,0,1,2,1687152458,S. Gonzalez,R,SL,R,0.833647838271,1.80878044434,-4.94137348345,-17.2784754986,5.62407686586,B,ROE,-2.30726716325,5.51302420146,78.714993394,2820.49923292,74.1730955046,0.13
432,2020,5327,WVU,D1 Big 12 Conference,730218752,CAN,372601444,2020-02-18 13:00:00,3,1,1,2,1687152458,S. Gonzalez,R,SL,R,1.02870689915,3.24385305586,-1.92532757015,-15.3532573887,5.71729643815,B,ROE,-2.43952285299,5.46317351574,78.0572113,2722.37980138,83.0137692116,0.13
433,2020,5327,WVU,D1 Big 12 Conference,730218752,CAN,372601444,2020-02-18 13:00:00,3,2,1,2,1687152458,S. Gonzalez,R,CH,R,0.4162092899,2.42664876778,14.4890822211,20.7987943221,6.42700444051,IP,ROE,-2.33841988054,5.40363617325,80.3743859254,1898.34028195,235.06360229,0.0
434,2020,5327,WVU,D1 Big 12 Conference,730218752,CAN,372601444,2020-02-18 13:00:00,4,0,0,0,1687152458,S. Gonzalez,R,CH,L,0.619064841429,2.01950000969,8.05745816914,21.9736563922,6.16106630773,F,IP_OUT,-2.39882585647,5.55359519636,80.583022316,1960.02515396,249.769716995,-0.15
435,2020,5327,WVU,D1 Big 12 Conference,730218752,CAN,372601444,2020-02-18 13:00:00,4,0,1,0,1687152458,S. Gonzalez,R,CH,L,0.275820411656,1.36260747739,12.3050167303,20.1608726707,6.19216593807,SS,IP_OUT,-2.36823625452,5.73693164986,80.187633852,1997.89133047,238.517181024,-0.15
436,2020,5327,WVU,D1 Big 12 Conference,730218752,CAN,372601444,2020-02-18 13:00:00,4,0,2,0,1687152458,S. Gonzalez,R,SL,L,-0.657820433769,3.01901705705,2.97344272066,-12.4684235488,5.60060122316,B,IP_OUT,-2.65538632922,5.6227094586,77.0729260349,2836.72357133,103.609304329,0.13
437,2020,5327,WVU,D1 Big 12 Conference,730218752,CAN,372601444,2020-02-18 13:00:00,4,0,0,1,1687152458,S. Gonzalez,R,SL,R,0.838364927587,3.47231186846,-0.321945642711,-13.9340596402,5.82525161668,B,K,-2.43750619688,5.67269780908,77.0545544482,2786.93888236,88.860804656,0.13
438,2020,5327,WVU,D1 Big 12 Conference,730218752,CAN,372601444,2020-02-18 13:00:00,4,1,0,1,1687152458,S. Gonzalez,R,CH,R,2.21814083026,0.571524150126,-3.16568092838,19.7784462639,6.18959823312,B,K,-2.39635141316,5.53838690991,80.554580943,2031.5823001,278.978147212,0.13
439,2020,5327,WVU,D1 Big 12 Conference,730218752,CAN,372601444,2020-02-18 13:00:00,4,2,0,1,1687152458,S. Gonzalez,R,FA,R,-0.410380053149,2.03250243867,18.6975683981,12.689225005,6.18780584959,F,K,-2.43521872452,5.75774812783,85.8626735599,2107.23960414,214.112357012,-0.15
440,2020,5327,WVU,D1 Big 12 Conference,730218752,CAN,372601444,2020-02-18 13:00:00,4,2,1,1,1687152458,S. Gonzalez,R,FA,R,0.292946715568,3.67641357508,20.9787525997,11.6122731469,6.77374277942,SS,K,-2.26442505665,5.60979367922,87.3362312124,2255.70255717,208.926835189,-0.15
441,2020,5327,WVU,D1 Big 12 Conference,730218752,CAN,372601444,2020-02-18 13:00:00,4,2,2,1,1687152458,S. Gonzalez,R,FA,R,-0.831857589211,3.11753935659,14.8862559615,15.5123872853,6.60684062687,SS,K,-2.11559590313,5.62721745657,88.340999552,2229.60697655,226.116880261,-0.15
442,2020,5327,WVU,D1 Big 12 Conference,730218752,CAN,372601444,2020-02-18 13:00:00,4,0,0,2,1687152458,S. Gonzalez,R,FA,L,0.335223145427,2.53381781995,20.9880784752,11.0058960522,6.73731535684,SL,IP_OUT,-2.08510473667,5.57203438725,87.0468259679,2304.39750049,207.634110434,-0.15
443,2020,5327,WVU,D1 Big 12 Conference,730218752,CAN,372601444,2020-02-18 13:00:00,4,0,1,2,1687152458,S. Gonzalez,R,CH,L,-1.80917721856,2.94412304727,15.5058336985,17.7940086031,6.32912891519,B,IP_OUT,-2.15396766422,5.64480512184,80.3429684461,1971.0126454,228.857085908,0.13
444,2020,5327,WVU,D1 Big 12 Conference,730218752,CAN,372601444,2020-02-18 13:00:00,5,0,0,0,1311345408,C. Lyles,R,FA,R,-0.313944554434,1.24005953303,15.5971505917,15.5858901333,6.90921715504,B,S,-2.29872574705,5.71189099837,90.5435730521,1892.96022812,224.922524437,0.13
445,2020,5327,WVU,D1 Big 12 Conference,730218752,CAN,372601444,2020-02-18 13:00:00,5,1,0,0,1311345408,C. Lyles,R,FA,R,-0.581722666027,1.20463074966,13.2481834053,15.7258950514,7.04333275376,B,S,-2.07765241029,5.61860523147,90.1363437215,1835.33922596,229.82170101,0.13
446,2020,5327,WVU,D1 Big 12 Conference,730218752,CAN,372601444,2020-02-18 13:00:00,5,2,0,0,1311345408,C. Lyles,R,FA,R,0.734225481514,3.13737307131,15.3990581419,12.8787868065,6.91347528575,SL,S,-2.06378314666,5.5751870502,91.2711418175,1869.84254707,219.851677823,-0.15
447,2020,5327,WVU,D1 Big 12 Conference,730218752,CAN,372601444,2020-02-18 13:00:00,5,2,1,0,1311345408,C. Lyles,R,FA,R,-0.00670949894452,2.16376917316,22.7797910726,12.0755895301,6.88983867423,IP,S,-2.48140004786,5.85028782733,87.6544424213,1786.11899211,207.893647837,1.0
448,2020,5327,WVU,D1 Big 12 Conference,730218752,CAN,372601444,2020-02-18 13:00:00,5,0,0,0,1311345408,C. Lyles,R,FA,L,0.95802708557,-0.394648645897,16.5838901013,12.1833137325,6.98047885566,B,T,-2.36402173501,5.56379291462,88.8483681646,1841.70832979,216.249755182,0.13
449,2020,5327,WVU,D1 Big 12 Conference,730218752,CAN,372601444,2020-02-18 13:00:00,5,1,0,0,1311345408,C. Lyles,R,FA,L,-0.72521465039,2.40722901877,13.7918586778,13.2596245768,6.86077713027,IP,T,-2.33973919087,5.51136762351,89.0850922561,1917.12162319,223.807117831,1.54
450,2020,5327,WVU,D1 Big 12 Conference,730218752,CAN,372601444,2020-02-18 13:00:00,5,0,0,0,1311345408,C. Lyles,R,FA,R,0.983485469703,1.92159410258,16.2494113705,16.1549227256,7.00565837428,SL,BB,-1.93787815524,5.72778487962,91.2754210053,1832.33572594,224.779447949,-0.15
451,2020,5327,WVU,D1 Big 12 Conference,730218752,CAN,372601444,2020-02-18 13:00:00,5,0,1,0,1311345408,C. Lyles,R,FA,R,1.08174284224,0.190340655018,17.9318479316,11.4650063504,7.06863162542,B,BB,-2.04695380328,5.57637944775,91.3141700124,1906.08233273,212.549610708,0.13
452,2020,5327,WVU,D1 Big 12 Conference,730218752,CAN,372601444,2020-02-18 13:00:00,5,1,1,0,1311345408,C. Lyles,R,FA,R,-0.870284227992,3.58953626256,16.4998107258,11.7706409018,6.90279455019,B,BB,-2.56440448713,5.617925344,88.5780656895,1718.47629124,215.449807278,0.13
453,2020,5327,WVU,D1 Big 12 Conference,730218752,CAN,372601444,2020-02-18 13:00:00,5,2,1,0,1311345408,C. Lyles,R,FA,R,1.26221162193,3.56277661553,16.6902698919,13.9192785125,7.12121995995,B,BB,-1.98907364385,5.59542597231,88.8382138438,1696.46689494,219.77305174,0.13
454,2020,5327,WVU,D1 Big 12 Conference,730218752,CAN,372601444,2020-02-18 13:00:00,5,3,1,0,1311345408,C. Lyles,R,FA,R,1.00471160661,3.96302988754,18.9740914186,11.4121689837,6.99585006696,B,BB,-2.1921105627,5.59826388011,89.317546549,1816.87753184,210.982705882,0.8
455,2020,5327,WVU,D1 Big 12 Conference,730218752,CAN,372601444,2020-02-18 13:00:00,5,0,0,0,1609030449,T. Wynia,R,FS,L,-1.91875086848,1.97205815128,8.4634737361,3.51221438968,5.13436901487,B,BB,-1.12403165366,6.47633817441,79.0758899934,684.868141792,202.433035385,0.13
456,2020,5327,WVU,D1 Big 12 Conference,730218752,CAN,372601444,2020-02-18 13:00:00,5,2,0,0,1609030449,T. Wynia,R,FA,L,-0.769832246278,2.48059982353,22.6354173909,8.43481239648,5.32197180654,SL,BB,-1.07770489383,6.54459500296,86.6285823064,2024.44358136,200.407048765,-0.15
457,2020,5327,WVU,D1 Big 12 Conference,730218752,CAN,372601444,2020-02-18 13:00:00,5,3,1,0,1609030449,T. Wynia,R,FA,L,-1.06377989155,3.77817845083,25.9626941923,5.27562192898,5.18584190307,B,BB,-0.98725420931,6.67979158023,86.8054761576,1994.04789539,191.47046032,0.8
458,2020,5327,WVU,D1 Big 12 Conference,730218752,CAN,372601444,2020-02-18 13:00:00,5,0,0,0,1609030449,T. Wynia,R,FS,R,0.527001970377,1.19069441592,4.55273533716,1.41556355422,5.78232951725,B,BB,-1.43068666576,6.36008504847,78.3039322802,2015.35463724,197.116830313,0.13
459,2020,5327,WVU,D1 Big 12 Conference,730218752,CAN,372601444,2020-02-18 13:00:00,5,1,0,0,1609030449,T. Wynia,R,FA,R,0.484209696536,2.76738352664,21.9761913319,1.93657727132,5.37205820607,SL,BB,-0.983901077207,6.51264145556,86.1552429033,1938.60885899,185.02768026,-0.15
460,2020,5327,WVU,D1 Big 12 Conference,730218752,CAN,372601444,2020-02-18 13:00:00,5,1,1,0,1609030449,T. Wynia,R,CU,R,-0.227727308217,-0.197305941554,-8.63080774353,7.1106399788,5.16734954645,B,BB,-1.25501881474,6.4769386377,71.6795057136,2042.62107498,320.342021884,0.13
461,2020,5327,WVU,D1 Big 12 Conference,730218752,CAN,372601444,2020-02-18 13:00:00,5,2,1,0,1609030449,T. Wynia,R,FS,R,1.62805323785,1.6602549954,8.04673489244,2.12916392239,5.15842759638,B,BB,-1.20202788323,6.53844640878,78.2972191862,1970.73418753,194.742448102,0.13
462,2020,5327,WVU,D1 Big 12 Conference,730218752,CAN,372601444,2020-02-18 13:00:00,5,3,1,0,1609030449,T. Wynia,R,FA,R,0.27231366189,1.60133988253,23.1785287705,6.74779128907,5.3503498032,SL,BB,-1.0678520402,6.43494220207,86.6841506677,1863.85540164,196.207480344,-0.15
463,2020,5327,WVU,D1 Big 12 Conference,730218752,CAN,372601444,2020-02-18 13:00:00,5,3,2,0,1609030449,T. Wynia,R,FA,R,0.868074814812,-0.0483402121781,22.8760609958,5.04758169912,5.55325670807,B,BB,-0.994211371061,6.39185036948,86.1881353911,1778.87807103,192.423681112,0.8
464,2020,5327,WVU,D1 Big 12 Conference,730218752,CAN,372601444,2020-02-18 13:00:00,5,0,0,0,1609030449,T. Wynia,R,FA,R,0.460744418429,3.24087170671,20.4682838085,4.32112459155,5.45206696236,SL,K,-1.0849473162,6.4307465308,86.9671828808,1952.94400435,191.900695571,-0.15
465,2020,5327,WVU,D1 Big 12 Conference,730218752,CAN,372601444,2020-02-18 13:00:00,5,0,1,0,1609030449,T. Wynia,R,FA,R,0.669463873911,1.10706646127,25.2710976505,3.8337670224,5.30486349289,B,K,-0.96726989213,6.52401948225,87.0024179568,1904.69821499,188.614183123,0.13
466,2020,5327,WVU,D1 Big 12 Conference,730218752,CAN,372601444,2020-02-18 13:00:00,5,1,1,0,1609030449,T. Wynia,R,FS,R,-0.0798381554728,3.49121471652,15.6273291906,0.828073098414,5.14509687097,SL,K,-1.04970223598,6.5872711656,80.4922733888,1036.07844606,183.0251525,-0.15
467,2020,5327,WVU,D1 Big 12 Conference,730218752,CAN,372601444,2020-02-18 13:00:00,5,1,2,0,1609030449,T. Wynia,R,CU,R,0.78327901482,2.52234477018,-10.0081053167,0.41425048966,4.84933271098,SL,K,-0.907767236925,6.40440501805,74.1950561404,2181.74265574,357.617872548,-0.15
468,2020,5327,WVU,D1 Big 12 Conference,730218752,CAN,372601444,2020-02-18 13:00:00,5,0,0,1,1609030449,T. Wynia,R,FS,L,-0.845940099146,3.60041251586,12.4192862348,-0.329323042983,5.06192784618,B,S,-1.03420374167,6.49906734476,80.8683683861,798.686620934,178.486134811,0.13
469,2020,5327,WVU,D1 Big 12 Conference,730218752,CAN,372601444,2020-02-18 13:00:00,5,1,0,1,1609030449,T. Wynia,R,FA,L,-0.286900459782,2.70712227233,24.3009054301,6.94178477553,5.30575166606,F,S,-1.03082904274,6.5418951322,86.774365464,1940.41435903,195.920111744,-0.15
470,2020,5327,WVU,D1 Big 12 Conference,730218752,CAN,372601444,2020-02-18 13:00:00,5,1,1,1,1609030449,T. Wynia,R,FS,L,-1.17159658303,2.65379001384,10.2531639609,8.48232483871,5.00848953336,SL,S,-1.0644156414,6.52941453605,80.7583100667,1467.05012374,219.485397775,-0.15
471,2020,5327,WVU,D1 Big 12 Conference,730218752,CAN,372601444,2020-02-18 13:00:00,5,1,2,1,1609030449,T. Wynia,R,FS,L,-0.852210106615,2.59104888581,10.2044991323,4.03955141111,4.99114688669,IP,S,-1.01396274581,6.42657543423,80.5510928022,1361.14756014,201.515728334,1.0
472,2020,5327,WVU,D1 Big 12 Conference,730218752,CAN,372601444,2020-02-18 13:00:00,5,0,0,1,1609030449,T. Wynia,R,FA,R,0.692225703292,0.651646902755,24.0299965473,3.22893348228,5.37620547085,B,K,-1.00000536665,6.49416309411,87.1222665687,2018.21767247,187.641696166,0.13
473,2020,5327,WVU,D1 Big 12 Conference,730218752,CAN,372601444,2020-02-18 13:00:00,5,1,0,1,1609030449,T. Wynia,R,FS,R,0.793202460188,2.39904489399,4.59388668894,2.40483863189,5.36821615417,SL,K,-1.25229599546,6.30511725103,79.1714293093,2176.26164964,207.414087076,-0.15
474,2020,5327,WVU,D1 Big 12 Conference,730218752,CAN,372601444,2020-02-18 13:00:00,5,1,1,1,1609030449,T. Wynia,R,FA,R,1.18820121363,2.66737826374,25.9145062912,4.73873084002,5.33312503618,SL,K,-0.843330672113,6.53765351863,86.8917956049,1931.79615405,190.348550521,-0.15
475,2020,5327,WVU,D1 Big 12 Conference,730218752,CAN,372601444,2020-02-18 13:00:00,5,1,2,1,1609030449,T. Wynia,R,CU,R,0.556328568771,2.03509151942,-8.25556228921,5.72611454453,4.95979260689,SL,K,-1.00731904809,6.4554070042,73.9673110422,2193.62154894,325.090975147,-0.15
476,2020,5327,WVU,D1 Big 12 Conference,730218752,CAN,372601444,2020-02-18 13:00:00,5,0,0,2,1609030449,T. Wynia,R,FS,L,-0.171095853192,3.40706814594,12.2745314845,3.91917450907,5.19673386027,B,IP_OUT,-1.06413527902,6.5556732358,80.1271187557,1337.15321146,197.650779382,0.13
477,2020,5327,WVU,D1 Big 12 Conference,730218752,CAN,372601444,2020-02-18 13:00:00,5,2,0,2,1609030449,T. Wynia,R,FA,L,1.07734941857,2.11028516241,23.9879176506,7.06876186402,5.47444826207,SL,IP_OUT,-0.986266769094,6.51406060426,87.7617232634,1867.28658964,196.396520688,-0.15
478,2020,5327,WVU,D1 Big 12 Conference,730218752,CAN,372601444,2020-02-18 13:00:00,6,0,0,0,1058444075,J. Watters,R,FA,R,0.771356021395,0.822017205482,17.5149795319,13.373696664,6.03433647801,B,BB,-2.03085112699,5.99831928548,91.0912354313,2184.03341961,217.314046434,0.13
479,2020,5327,WVU,D1 Big 12 Conference,730218752,CAN,372601444,2020-02-18 13:00:00,6,1,0,0,1058444075,J. Watters,R,FA,R,0.334156689455,2.74281264798,15.2359210249,13.9194380361,6.16014392042,F,BB,-2.05099957149,6.03454376351,91.2544774706,2264.09928748,222.356363681,-0.15
480,2020,5327,WVU,D1 Big 12 Conference,730218752,CAN,372601444,2020-02-18 13:00:00,6,1,1,0,1058444075,J. Watters,R,FA,R,0.930322148361,1.40476342519,18.4485326642,14.5655387961,5.91808833226,B,BB,-2.05556717174,6.10832888079,90.3574441464,2293.14091156,218.2429689,0.13
481,2020,5327,WVU,D1 Big 12 Conference,730218752,CAN,372601444,2020-02-18 13:00:00,6,2,1,0,1058444075,J. Watters,R,FA,R,2.08427795523,1.23192290758,17.7731580035,8.50046082011,6.07273374959,B,BB,-1.90977804885,6.0230722969,91.2867352232,2422.56616931,205.521159011,0.13
482,2020,5327,WVU,D1 Big 12 Conference,730218752,CAN,372601444,2020-02-18 13:00:00,6,3,1,0,1058444075,J. Watters,R,FA,R,0.220990496655,4.06622168621,14.7117304841,11.165653033,6.27194760803,B,BB,-1.97405593432,5.97526750865,91.4908465142,2168.24253448,217.139103417,0.8
483,2020,5327,WVU,D1 Big 12 Conference,730218752,CAN,372601444,2020-02-18 13:00:00,6,0,0,0,1058444075,J. Watters,R,FA,L,-2.54446605349,2.49698573397,16.4572699941,12.3266753005,5.97438191833,B,BB,-2.21465043358,5.98623871839,90.5299225882,2102.0964584,216.780070091,0.13
484,2020,5327,WVU,D1 Big 12 Conference,730218752,CAN,372601444,2020-02-18 13:00:00,6,1,0,0,1058444075,J. Watters,R,FA,L,1.34653736833,3.19203268768,18.8672779943,9.58173839377,6.15060272413,B,BB,-1.89531365373,6.05671790906,91.1690617627,2331.19500668,206.884998056,0.13
485,2020,5327,WVU,D1 Big 12 Conference,730218752,CAN,372601444,2020-02-18 13:00:00,6,2,0,0,1058444075,J. Watters,R,CU,L,-0.772516173335,2.02618237656,-1.35444260189,-1.61659698139,5.88666085844,B,BB,-2.06356592682,5.94554112778,79.8564143523,1958.79114582,50.9195048696,0.13
486,2020,5327,WVU,D1 Big 12 Conference,730218752,CAN,372601444,2020-02-18 13:00:00,6,3,0,0,1058444075,J. Watters,R,FA,L,0.339423870671,3.31802827472,19.1543083139,5.86755801536,6.07042387161,SL,BB,-2.08199839971,6.00490613254,91.0226686241,2287.9151393,197.004984268,-0.15
487,2020,5327,WVU,D1 Big 12 Conference,730218752,CAN,372601444,2020-02-18 13:00:00,6,3,1,0,1058444075,J. Watters,R,FA,L,-0.824966345842,3.05869436157,21.4052767002,10.5025242712,6.1063775198,F,BB,-2.02264953464,6.03047326739,91.4609505307,2261.45320315,206.101618128,-0.15
488,2020,5327,WVU,D1 Big 12 Conference,730218752,CAN,372601444,2020-02-18 13:00:00,6,3,2,0,1058444075,J. Watters,R,FA,L,-0.756627676515,3.70187465369,18.1763869756,7.33264115382,6.07301520067,B,BB,-1.98465227972,6.08172347195,91.0480742219,2215.53105875,201.935226271,0.8
489,2020,5327,WVU,D1 Big 12 Conference,730218752,CAN,372601444,2020-02-18 13:00:00,6,0,0,0,1058444075,J. Watters,R,FA,R,1.22770111846,2.96971954783,23.3180085995,6.66687877941,6.12509471757,SL,S,-1.84736992172,6.27630691366,90.8440032647,2230.82321864,195.935086143,-0.15
490,2020,5327,WVU,D1 Big 12 Conference,730218752,CAN,372601444,2020-02-18 13:00:00,6,0,1,0,1058444075,J. Watters,R,CU,R,0.568756763701,1.62042976976,-0.340444918252,-2.17000377327,5.79754353594,IP,S,-2.01662578374,5.99147582171,80.0766137388,1989.58958073,82.1617865606,1.0
491,2020,5327,WVU,D1 Big 12 Conference,730218752,CAN,372601444,2020-02-18 13:00:00,6,0,0,0,1058444075,J. Watters,R,CU,L,-1.03649872008,3.22843699225,-1.97952247944,0.0481963070066,5.79181107415,B,S,-2.04529066948,5.97762807253,81.8710709456,1959.21941193,358.576939728,0.13
492,2020,5327,WVU,D1 Big 12 Conference,730218752,CAN,372601444,2020-02-18 13:00:00,6,1,0,0,1058444075,J. Watters,R,FA,L,-1.1493727199,2.52621337497,16.0159459237,7.46322522927,5.93554344329,SL,S,-2.02869174318,5.94511970912,90.4136091204,2210.8154603,204.940991799,-0.15
493,2020,5327,WVU,D1 Big 12 Conference,730218752,CAN,372601444,2020-02-18 13:00:00,6,1,1,0,1058444075,J. Watters,R,CU,L,-0.388098970573,0.663935350854,-3.66367981795,-2.01805330341,5.82938051919,B,S,-1.93210534248,5.77657641763,80.8179443403,2170.75215947,29.1184906244,0.13
494,2020,5327,WVU,D1 Big 12 Conference,730218752,CAN,372601444,2020-02-18 13:00:00,6,2,1,0,1058444075,J. Watters,R,FA,L,0.469688524152,2.36394300286,16.3421251261,8.22578353192,6.00311378559,IP,S,-2.23076211826,5.91619359567,89.8228794467,2273.30539508,206.67253491,1.0
495,2020,5327,WVU,D1 Big 12 Conference,730218752,CAN,372601444,2020-02-18 13:00:00,6,0,0,0,1058444075,J. Watters,R,CU,R,0.753187290964,1.58632844618,-3.49948768233,-0.731991588258,5.73898937465,SS,K,-2.07749779494,5.94182682142,81.0874364902,2141.29437059,11.9485026216,-0.15
496,2020,5327,WVU,D1 Big 12 Conference,730218752,CAN,372601444,2020-02-18 13:00:00,6,0,1,0,1058444075,J. Watters,R,CU,R,0.104738921238,1.97152401553,-3.75884862213,-3.6743142934,5.79360278515,SL,K,-1.98356583408,6.01339922968,81.4492984439,2114.82546818,44.6542966068,-0.15
497,2020,5327,WVU,D1 Big 12 Conference,730218752,CAN,372601444,2020-02-18 13:00:00,6,0,2,0,1058444075,J. Watters,R,FA,R,1.32639448277,2.51140407439,18.1886996288,8.91147462322,5.88555567925,SL,K,-1.91199498074,6.05649657786,91.6795856155,2203.32936245,206.063198133,-0.15
498,2020,5327,WVU,D1 Big 12 Conference,730218752,CAN,372601444,2020-02-18 13:00:00,6,0,0,1,1058444075,J. Watters,R,FA,R,0.734286874067,2.44920473684,21.7687379463,9.61941618117,6.13464836344,SL,K,-1.86087076076,6.18472783138,90.6886092708,2167.56938545,203.809159369,-0.15
499,2020,5327,WVU,D1 Big 12 Conference,730218752,CAN,372601444,2020-02-18 13:00:00,6,0,1,2,1058444075,J. Watters,R,CU,R,0.37144242578,0.467267085548,-5.59903749045,-3.58110870871,5.59508271272,SS,K,-2.10310223388,5.91905742489,81.5878337559,2077.61176636,32.7899367501,-0.15
500,2020,5327,WVU,D1 Big 12 Conference,730218752,CAN,372601444,2020-02-18 13:00:00,6,0,2,2,1058444075,J. Watters,R,CU,R,-1.35175413828,4.10619861697,-1.70598195114,-1.38281555657,5.77705755689,B,K,-2.11216496065,6.02633363782,83.1152860377,2141.38285518,39.6636615487,0.13
501,2020,5327,WVU,D1 Big 12 Conference,730218752,CAN,372601444,2020-02-18 13:00:00,6,1,2,2,1058444075,J. Watters,R,CU,R,0.181126796254,0.363193183579,-3.56969103362,4.70314286355,6.08159654323,SS,K,-1.99102516615,5.86964634077,82.6177707863,2157.96802937,306.901468008,-0.15
502,2020,5327,WVU,D1 Big 12 Conference,730218752,CAN,372601444,2020-02-18 13:00:00,7,0,0,0,1058444075,J. Watters,R,FA,L,-0.115261203822,3.00116887933,16.3368507302,8.34947314386,5.92432973114,F,HBP,-1.92127230554,6.05147364807,88.4857045497,2193.88770952,207.023689422,-0.15
503,2020,5327,WVU,D1 Big 12 Conference,730218752,CAN,372601444,2020-02-18 13:00:00,7,0,1,0,1058444075,J. Watters,R,CH,L,2.07204006307,1.1274632732,4.08040093165,1.96308450803,6.40066169984,HBP,HBP,-1.96579604979,6.13658798655,80.2025383581,1838.13556193,205.472928646,0.8
504,2020,5327,WVU,D1 Big 12 Conference,730218752,CAN,372601444,2020-02-18 13:00:00,7,0,0,0,1058444075,J. Watters,R,FA,R,-1.04680990494,4.2318364537,17.0870919238,8.21931624065,6.15465935363,B,K,-1.96414027446,6.07162091452,89.0913007971,2215.70067002,205.645919806,0.13
505,2020,5327,WVU,D1 Big 12 Conference,730218752,CAN,372601444,2020-02-18 13:00:00,7,1,0,0,1058444075,J. Watters,R,FA,R,0.872717666657,2.69938675453,21.8871150156,8.09715556587,6.0363094215,SS,K,-1.82992108489,6.28797483077,87.8114169839,2193.6847426,200.273151373,-0.15
506,2020,5327,WVU,D1 Big 12 Conference,730218752,CAN,372601444,2020-02-18 13:00:00,7,1,1,0,1058444075,J. Watters,R,FA,R,0.406760135521,3.6484151475,18.0195773313,8.77838511168,6.13600267263,SS,K,-1.94724087899,6.13447050545,89.5485536049,2242.72738045,205.932866765,-0.15
507,2020,5327,WVU,D1 Big 12 Conference,730218752,CAN,372601444,2020-02-18 13:00:00,7,1,2,0,1058444075,J. Watters,R,CU,R,0.804913775047,-0.608347097457,-1.00868500383,1.62471318712,5.98277560445,B,K,-1.83918961242,5.96998783541,80.1611122703,1955.48562952,300.776942216,0.13
508,2020,5327,WVU,D1 Big 12 Conference,730218752,CAN,372601444,2020-02-18 13:00:00,7,2,2,0,1058444075,J. Watters,R,FA,R,1.32078272416,3.15438150584,23.2034060207,7.62718362898,6.15704168023,SL,K,-1.82777359528,6.21681525918,89.6099288001,2167.9796838,198.172400923,-0.15
509,2020,5327,WVU,D1 Big 12 Conference,730218752,CAN,372601444,2020-02-18 13:00:00,7,0,0,1,1058444075,J. Watters,R,FA,L,-0.0380632996624,3.16010400205,22.4918047185,6.03660867754,6.02731071117,F,FC,-1.99167924914,6.21915031628,90.0350785133,2236.89604098,195.003141746,-0.15
510,2020,5327,WVU,D1 Big 12 Conference,730218752,CAN,372601444,2020-02-18 13:00:00,7,0,1,1,1058444075,J. Watters,R,CU,L,-0.503530860075,1.88423903601,-4.03334174608,-3.60273010509,5.55131696115,SL,FC,-1.91427587041,5.9879631842,79.3995469956,1957.54286349,42.0752200704,-0.15
511,2020,5327,WVU,D1 Big 12 Conference,730218752,CAN,372601444,2020-02-18 13:00:00,7,0,2,1,1058444075,J. Watters,R,CU,L,-0.160429270568,2.14093474665,-1.44763481189,-1.47337641548,6.04405616068,IP,FC,-1.9133662431,5.94537792983,80.4211414076,2009.35971559,46.3168598811,-0.21
512,2020,5327,WVU,D1 Big 12 Conference,730218752,CAN,372601444,2020-02-18 13:00:00,7,0,0,2,1058444075,J. Watters,R,CU,R,1.08724965133,1.20735896008,0.0633848924514,-3.87271486432,5.72935137819,B,S,-2.00953031079,6.11454880114,79.6088682548,2140.28754592,91.5642547726,0.13
513,2020,5327,WVU,D1 Big 12 Conference,730218752,CAN,372601444,2020-02-18 13:00:00,7,1,0,2,1058444075,J. Watters,R,FA,R,0.468831758238,2.92869052963,13.3565475541,10.2216109942,5.98779046408,SL,S,-1.88842314454,5.95114824879,89.4661646307,2257.15954813,217.359129805,-0.15
514,2020,5327,WVU,D1 Big 12 Conference,730218752,CAN,372601444,2020-02-18 13:00:00,7,1,1,2,1058444075,J. Watters,R,FA,R,0.317592577395,3.14258286216,20.4422152631,9.08062280933,6.25053896072,IP,S,-1.93532901847,6.1274773232,89.6271956884,2216.01545422,203.917603677,1.0
515,2020,5327,WVU,D1 Big 12 Conference,730218752,CAN,372601444,2020-02-18 13:00:00,7,0,0,2,1058444075,J. Watters,R,CU,L,0.0796494423856,1.5536781871,-5.36747930986,-5.30468703191,5.76037226556,B,BB,-2.08911464858,6.08487042174,77.5269794712,2059.00566539,44.8991113005,0.13
516,2020,5327,WVU,D1 Big 12 Conference,730218752,CAN,372601444,2020-02-18 13:00:00,7,1,0,2,1058444075,J. Watters,R,FA,L,-0.518771162214,1.97501780055,16.9983222385,9.76957262774,6.09898569933,F,BB,-1.96111016664,5.91815498559,88.0568834587,2081.56444251,209.838607411,-0.15
517,2020,5327,WVU,D1 Big 12 Conference,730218752,CAN,372601444,2020-02-18 13:00:00,7,1,1,2,1058444075,J. Watters,R,FA,L,-2.38360648234,3.93298188434,20.5367170653,11.4683005186,5.96073029723,B,BB,-2.14545746564,6.05728139666,89.720665156,2217.45943991,209.141619936,0.13
518,2020,5327,WVU,D1 Big 12 Conference,730218752,CAN,372601444,2020-02-18 13:00:00,7,2,1,2,1058444075,J. Watters,R,FA,L,-1.28880069427,4.67459031098,18.7365010585,6.71347641406,5.94964588222,B,BB,-1.95769827111,6.10575215677,88.3115443966,2309.13259983,199.680647642,0.13
519,2020,5327,WVU,D1 Big 12 Conference,730218752,CAN,372601444,2020-02-18 13:00:00,7,3,1,2,1058444075,J. Watters,R,FA,L,-0.608094600688,2.26939368378,20.384319125,9.2958226207,5.75507258691,SL,BB,-2.01573049827,6.02240234125,89.2137247429,2201.50977354,204.479034601,-0.15
520,2020,5327,WVU,D1 Big 12 Conference,730218752,CAN,372601444,2020-02-18 13:00:00,7,3,2,2,1058444075,J. Watters,R,FA,L,0.201396013593,3.01675341764,21.4757327891,11.8430318707,6.02324895156,F,BB,-1.97215329344,6.17811791972,90.3326353451,2217.82082043,208.838805851,0.0
521,2020,5327,WVU,D1 Big 12 Conference,730218752,CAN,372601444,2020-02-18 13:00:00,7,3,2,2,1058444075,J. Watters,R,FA,L,-1.66547790672,1.68039746872,19.1123654549,8.91778015135,5.86568341795,B,BB,-1.97690745414,5.96705754487,89.6652196721,2135.66694809,204.975665628,0.8
522,2020,5327,WVU,D1 Big 12 Conference,730218752,CAN,372601444,2020-02-18 13:00:00,7,0,0,2,1058444075,J. Watters,R,FA,R,-0.720593463803,4.06584494561,16.3882076155,4.54510413061,6.06540984026,B,FC,-1.88683800975,5.96507591827,88.7945807188,2142.11648707,195.47094819,0.13
523,2020,5327,WVU,D1 Big 12 Conference,730218752,CAN,372601444,2020-02-18 13:00:00,7,1,0,2,1058444075,J. Watters,R,CU,R,0.785404787396,-0.306029309645,-0.655547275521,-3.65501464512,5.76595574884,SS,FC,-1.93594390194,5.95671446464,78.0080738924,2066.41746149,80.505185001,-0.15
524,2020,5327,WVU,D1 Big 12 Conference,730218752,CAN,372601444,2020-02-18 13:00:00,7,1,1,2,1058444075,J. Watters,R,FA,R,-0.203074537287,1.63181123035,19.7051942521,9.38612806557,5.94564558008,B,FC,-1.98310351979,5.97083653117,87.8616536413,1995.8265148,205.431331055,0.13
525,2020,5327,WVU,D1 Big 12 Conference,730218752,CAN,372601444,2020-02-18 13:00:00,7,2,1,2,1058444075,J. Watters,R,FA,R,1.66752787523,2.35585514852,19.8152836384,7.61012921032,6.23908367975,B,FC,-1.60031011757,6.15833430718,88.3497592942,2013.57647126,200.97743438,0.13
526,2020,5327,WVU,D1 Big 12 Conference,730218752,CAN,372601444,2020-02-18 13:00:00,7,3,1,2,1058444075,J. Watters,R,FA,R,-0.314899731694,1.19576918379,17.5077761374,6.41110575345,5.85436303359,IP,FC,-1.95410301313,5.97855586452,86.7172913202,1873.77231859,200.075294821,-0.21
527,2020,5327,WVU,D1 Big 12 Conference,730218752,CAN,372601444,2020-02-18 13:00:00,8,0,0,0,1079603529,M. Jeffrey,R,FA,L,-1.03848616117,2.75207436606,22.2756608397,7.52917257152,6.18166490663,SL,BB,-1.40202198184,6.16029944756,94.5758555584,1952.94683454,198.652619279,-0.15
528,2020,5327,WVU,D1 Big 12 Conference,730218752,CAN,372601444,2020-02-18 13:00:00,8,0,1,0,1079603529,M. Jeffrey,R,FA,L,-0.651496493178,3.06421226766,17.9087013431,9.57984087756,6.20744491679,SL,BB,-1.48843787052,6.19095343033,94.9997795119,1940.81264092,208.105327525,-0.15
529,2020,5327,WVU,D1 Big 12 Conference,730218752,CAN,372601444,2020-02-18 13:00:00,8,0,2,0,1079603529,M. Jeffrey,R,FC,L,-1.2961775197,4.41091737061,4.6156546089,-3.86430076786,6.34245862985,B,BB,-1.32579336496,6.03111156371,83.134957497,2293.00942085,140.290308112,0.13
530,2020,5327,WVU,D1 Big 12 Conference,730218752,CAN,372601444,2020-02-18 13:00:00,8,1,2,0,1079603529,M. Jeffrey,R,FC,L,-0.414482033623,2.16554223267,13.9059962989,-4.48150285527,6.26146694117,F,BB,-1.90927790019,5.72637333052,87.0989541414,2296.27257168,162.178158128,0.0
531,2020,5327,WVU,D1 Big 12 Conference,730218752,CAN,372601444,2020-02-18 13:00:00,8,1,2,0,1079603529,M. Jeffrey,R,FA,L,-2.30944170921,3.15863367854,17.3072260415,7.23452685425,6.27214441144,B,BB,-1.45628664501,5.88925453018,94.8905984922,1973.56901435,202.651198517,0.13
532,2020,5327,WVU,D1 Big 12 Conference,730218752,CAN,372601444,2020-02-18 13:00:00,8,2,2,0,1079603529,M. Jeffrey,R,FA,L,-0.537396843738,-1.02819873202,22.2138389503,10.4632327076,6.1231088637,B,BB,-1.30092564097,5.95848257129,89.6604238861,1968.10927609,205.188817048,0.13
533,2020,5327,WVU,D1 Big 12 Conference,730218752,CAN,372601444,2020-02-18 13:00:00,8,3,2,0,1079603529,M. Jeffrey,R,FA,L,-2.47987462461,3.21950448033,18.2305620034,8.81208487818,6.32951124523,B,BB,-1.24707840574,5.94347288053,93.5644580544,2000.57690554,205.761266656,0.8
534,2020,5327,WVU,D1 Big 12 Conference,730218752,CAN,372601444,2020-02-18 13:00:00,8,0,0,0,1079603529,M. Jeffrey,R,FC,L,-0.136912259007,2.07078932318,9.52583100464,-6.73091726115,6.36615981485,SS,K,-1.9034374413,5.48046689109,86.7740996461,2336.9699859,144.853071136,-0.15
535,2020,5327,WVU,D1 Big 12 Conference,730218752,CAN,372601444,2020-02-18 13:00:00,8,0,1,0,1079603529,M. Jeffrey,R,FC,L,-0.716425189924,2.11296853874,9.79445729261,-4.29525352755,6.34087840848,SL,K,-1.99514532451,5.44418655028,86.8062355135,2272.11029837,156.394119019,-0.15
536,2020,5327,WVU,D1 Big 12 Conference,730218752,CAN,372601444,2020-02-18 13:00:00,8,0,2,0,1079603529,M. Jeffrey,R,FA,L,-1.46451292276,2.98694209076,17.2194254916,4.93232359398,6.31772075935,SL,K,-1.56991760763,5.82784997572,94.527771798,2003.69857248,195.958412267,-0.15
537,2020,5327,WVU,D1 Big 12 Conference,730218752,CAN,372601444,2020-02-18 13:00:00,8,0,0,1,1079603529,M. Jeffrey,R,FA,L,-1.12563486109,2.26160503464,19.2597948393,5.19904158175,6.2368791234,SL,K,-1.33247103266,5.94901857799,93.2319852979,1996.41574674,195.084084909,-0.15
538,2020,5327,WVU,D1 Big 12 Conference,730218752,CAN,372601444,2020-02-18 13:00:00,8,0,1,1,1079603529,M. Jeffrey,R,FA,L,-0.996868296241,2.58541342471,19.9990684074,7.23358716357,6.30581088401,F,K,-1.38886557912,6.07385147087,93.6887907646,1975.50923932,199.857656359,-0.15
539,2020,5327,WVU,D1 Big 12 Conference,730218752,CAN,372601444,2020-02-18 13:00:00,8,0,2,1,1079603529,M. Jeffrey,R,FC,L,-0.0368642651443,3.49935675214,7.94137901618,-3.42306704547,6.54239197634,F,K,-1.78488599473,5.43967574703,85.2986737907,2300.32666113,156.774471888,0.0
540,2020,5327,WVU,D1 Big 12 Conference,730218752,CAN,372601444,2020-02-18 13:00:00,8,0,2,1,1079603529,M. Jeffrey,R,FA,L,-1.77818839368,3.46879081113,21.361390241,7.11177520066,6.32871823486,B,K,-1.40487763741,6.02371707978,94.1252879504,2007.75563002,198.390578923,0.13
541,2020,5327,WVU,D1 Big 12 Conference,730218752,CAN,372601444,2020-02-18 13:00:00,8,0,0,2,1079603529,M. Jeffrey,R,FC,L,1.64439448509,0.629239456611,12.7149151054,-8.39629445256,6.66700020638,B,S,-1.85811269721,5.38384526701,86.5445843662,2391.00857372,146.631914692,0.13
542,2020,5327,WVU,D1 Big 12 Conference,730218752,CAN,372601444,2020-02-18 13:00:00,8,1,0,2,1079603529,M. Jeffrey,R,FA,L,0.189976247948,1.96535232773,19.5367360825,7.40403000628,6.45426017493,IP,S,-1.53192829591,5.8744502295,93.8996584362,1955.71889565,200.727344093,1.0
543,2020,5327,WVU,D1 Big 12 Conference,730218752,CAN,372601444,2020-02-18 13:00:00,8,0,0,2,1079603529,M. Jeffrey,R,FA,R,-0.165287058566,4.85215459689,17.6072063598,8.2778006813,6.37739650908,B,K,-1.47535707703,6.03366540991,93.2981664069,2030.79814112,205.143055911,0.13
544,2020,5327,WVU,D1 Big 12 Conference,730218752,CAN,372601444,2020-02-18 13:00:00,8,1,0,2,1079603529,M. Jeffrey,R,FA,R,-0.206714877545,3.22062661412,22.8908352118,8.1437067001,6.27928665241,SS,K,-1.23878665166,6.0938036874,92.1718800255,2023.12403668,199.559632559,-0.15
545,2020,5327,WVU,D1 Big 12 Conference,730218752,CAN,372601444,2020-02-18 13:00:00,8,1,1,2,1079603529,M. Jeffrey,R,FA,R,0.553920064218,2.90329391884,25.0856702536,5.01007069637,6.2903512542,SS,K,-1.27265412576,6.19896365453,92.1976979907,1987.24594053,191.281062827,-0.15
546,2020,5327,WVU,D1 Big 12 Conference,730218752,CAN,372601444,2020-02-18 13:00:00,8,1,2,2,1079603529,M. Jeffrey,R,FA,R,0.035098658171,3.37195095357,19.884898046,7.72373393791,6.26481086586,SS,K,-1.26355499503,5.88306907061,92.8448117172,1977.78641817,201.198082314,-0.15
547,2020,5327,WVU,D1 Big 12 Conference,730218752,CAN,372601444,2020-02-18 13:00:00,9,0,0,0,1269170944,N. Short,R,SL,R,0.809884934839,1.20765463801,11.1561574765,-6.63608034103,6.3813592983,B,K,-2.8138456816,5.25902594126,78.3297190782,2262.33744119,149.348579128,0.13
548,2020,5327,WVU,D1 Big 12 Conference,730218752,CAN,372601444,2020-02-18 13:00:00,9,1,0,0,1269170944,N. Short,R,FA,R,0.576659214017,1.80349741092,16.0251474641,5.71788105006,7.16876885075,SL,K,-2.72332294016,5.28774281197,88.0191104301,2060.08653465,199.600376827,-0.15
549,2020,5327,WVU,D1 Big 12 Conference,730218752,CAN,372601444,2020-02-18 13:00:00,9,1,1,0,1269170944,N. Short,R,SL,R,1.44483769603,1.07178234448,11.265029652,-5.49248009967,6.47318671066,SS,K,-2.70833291339,5.3065154782,78.0653407,2249.27788783,154.091164938,-0.15
550,2020,5327,WVU,D1 Big 12 Conference,730218752,CAN,372601444,2020-02-18 13:00:00,9,1,2,0,1269170944,N. Short,R,SL,R,0.306410497747,1.98091192063,10.5016395239,-3.17393652822,6.37020216344,SS,K,-2.75088476494,5.30760165665,78.7702657357,2197.42316572,163.245493062,-0.15
551,2020,5327,WVU,D1 Big 12 Conference,730218752,CAN,372601444,2020-02-18 13:00:00,9,0,0,1,1269170944,N. Short,R,FA,R,0.127578579863,1.07666137667,18.7964887893,6.78137457629,7.04907189989,B,IP_OUT,-2.64126049351,5.33104077307,88.9537399556,2118.09082486,199.807526718,0.13
552,2020,5327,WVU,D1 Big 12 Conference,730218752,CAN,372601444,2020-02-18 13:00:00,9,1,0,1,1269170944,N. Short,R,FA,R,-1.68616730656,3.33825129994,17.42982175,5.266018343,6.85067700943,B,IP_OUT,-2.63271758801,5.41571661044,86.6069521084,1957.16750511,196.780603944,0.13
553,2020,5327,WVU,D1 Big 12 Conference,730218752,CAN,372601444,2020-02-18 13:00:00,9,2,0,1,1269170944,N. Short,R,FA,R,-0.514513486928,1.66387162252,19.0549676174,6.05353149062,6.89204019506,SL,IP_OUT,-2.64022548434,5.54701853164,87.7424256719,1995.23674937,197.596093421,-0.15
554,2020,5327,WVU,D1 Big 12 Conference,730218752,CAN,372601444,2020-02-18 13:00:00,9,2,1,1,1269170944,N. Short,R,SL,R,-0.178179319641,2.68037269648,12.1169804693,-5.96967783485,6.15594385837,F,IP_OUT,-2.60442908511,5.35894874162,79.2197358622,2249.14087283,153.849187287,-0.15
555,2020,5327,WVU,D1 Big 12 Conference,730218752,CAN,372601444,2020-02-18 13:00:00,9,0,1,2,1269170944,N. Short,R,FA,L,-0.803511843273,1.92798613623,19.3761412513,4.08126339419,7.05260793158,SL,S,-2.7162411896,5.39442890797,88.206791657,2228.86095274,191.875430638,-0.15
556,2020,5327,WVU,D1 Big 12 Conference,730218752,CAN,372601444,2020-02-18 13:00:00,9,0,2,2,1269170944,N. Short,R,SL,L,-1.20256191929,1.20347426879,4.59408416241,-6.24718983316,6.26752901097,B,S,-2.90250279833,5.3208930614,79.0838371652,2358.3187297,126.574707814,0.13
557,2020,5327,WVU,D1 Big 12 Conference,730218752,CAN,372601444,2020-02-18 13:00:00,9,1,2,2,1269170944,N. Short,R,FA,L,-0.479790675911,3.41767327148,21.3867050456,3.48521412731,7.04626061476,IP,S,-2.49642548509,5.45590020638,86.8967241066,2208.74183879,189.241573093,1.0
558,2020,5327,WVU,D1 Big 12 Conference,730218752,CAN,372601444,2020-02-18 13:00:00,9,0,0,2,1269170944,N. Short,R,FA,R,-0.178376178852,2.15329844553,16.3340714872,4.29692227989,7.25626172768,F,D,-2.55692174823,5.39480671297,86.8033506452,2152.54808308,194.710145472,-0.15
559,2020,5327,WVU,D1 Big 12 Conference,730218752,CAN,372601444,2020-02-18 13:00:00,9,0,1,2,1269170944,N. Short,R,FA,R,-0.57408434753,2.24840817212,16.0476940865,4.56926105103,7.10595198029,IP,D,-2.67558426441,5.46781838082,85.9182157173,2020.65305228,195.861166617,1.26
560,2020,5327,WVU,D1 Big 12 Conference,730218752,CAN,372601444,2020-02-18 13:00:00,9,0,0,2,1269170944,N. Short,R,SL,L,-0.467297566112,2.17266746639,6.53570201289,-2.34369969078,6.31314470509,SL,IP_OUT,-2.71682359946,5.33864643779,78.3824140247,2297.6247014,160.390726695,-0.15
561,2020,5327,WVU,D1 Big 12 Conference,730218752,CAN,372601444,2020-02-18 13:00:00,9,0,1,2,1269170944,N. Short,R,FA,L,1.30277135211,0.953433154574,17.9717578181,2.09652433219,7.26494592573,B,IP_OUT,-2.64631797362,5.3526291065,86.6473694294,2120.67941994,186.641557484,0.13
562,2020,5327,WVU,D1 Big 12 Conference,730218752,CAN,372601444,2020-02-18 13:00:00,9,1,1,2,1269170944,N. Short,R,FA,L,-0.568043851769,1.2589980715,15.6696425642,2.45618119797,7.0867527689,B,IP_OUT,-2.7801013668,5.29967090238,85.8472524614,1979.2532846,188.889378412,0.13
563,2020,5327,WVU,D1 Big 12 Conference,730218752,CAN,372601444,2020-02-18 13:00:00,9,2,1,2,1269170944,N. Short,R,SL,L,-0.484561175117,2.28993793204,9.03472579293,-2.26261011998,6.44995496318,F,IP_OUT,-2.79930101058,5.29619771585,77.8477135936,2319.97018036,166.004189654,-0.15
564,2020,730156288,LIB,D1 Atlantic Sun Conference,730374656,MRST,429450444,2020-03-01 13:00:00,1,0,0,0,1140058851,J. Adametz III,L,FA,R,1.48356834984,2.23730335543,14.1392241536,-17.7739599659,5.57844182477,F,IP_OUT,1.48346764911,6.54300000871,89.1296255633,1776.00276223,128.568782611,-0.15
565,2020,730156288,LIB,D1 Atlantic Sun Conference,730374656,MRST,429450444,2020-03-01 13:00:00,1,0,1,0,1140058851,J. Adametz III,L,FA,R,-0.160863606656,0.74372869565,12.2163200326,-13.1103650705,5.76677313696,B,IP_OUT,1.18551251253,6.42516650621,90.6915342686,1957.2773304,133.053236131,0.13
566,2020,730156288,LIB,D1 Atlantic Sun Conference,730374656,MRST,429450444,2020-03-01 13:00:00,1,0,0,1,1140058851,J. Adametz III,L,FA,L,0.222025178788,1.92349652084,14.6777487675,-12.181826329,5.60792464162,SL,K,1.22568734058,6.36543573028,91.0662912852,1973.58097979,140.370401921,-0.15
567,2020,730156288,LIB,D1 Atlantic Sun Conference,730374656,MRST,429450444,2020-03-01 13:00:00,1,0,1,1,1140058851,J. Adametz III,L,FA,L,0.242126718479,2.02861989806,16.6722612506,-13.8632083183,5.59831556244,F,K,1.09416778893,6.4951744917,90.799907591,2080.98219303,140.310398652,-0.15
568,2020,730156288,LIB,D1 Atlantic Sun Conference,730374656,MRST,429450444,2020-03-01 13:00:00,1,0,2,1,1140058851,J. Adametz III,L,SL,L,0.0766022157562,1.8048730755,1.4862466595,-1.79633365584,5.51327729609,SS,K,1.24896830165,6.18446524372,81.017749556,2205.66622473,130.371488246,-0.15
569,2020,730156288,LIB,D1 Atlantic Sun Conference,730374656,MRST,429450444,2020-03-01 13:00:00,1,0,0,2,1140058851,J. Adametz III,L,FA,L,0.724800330555,2.4500826967,14.5351255177,-14.1174725173,5.68243783353,F,IP_OUT,1.24291909636,6.33865007912,91.4104376088,2008.13168343,135.898459812,-0.15
570,2020,730156288,LIB,D1 Atlantic Sun Conference,730374656,MRST,429450444,2020-03-01 13:00:00,1,0,1,2,1140058851,J. Adametz III,L,SL,L,-0.441261015598,-0.660826983458,3.24810194543,-5.95323674108,5.31608004372,B,IP_OUT,1.35498864998,6.41228430417,79.6335932755,2257.08639639,118.934945834,0.13
571,2020,730156288,LIB,D1 Atlantic Sun Conference,730374656,MRST,429450444,2020-03-01 13:00:00,1,1,1,2,1140058851,J. Adametz III,L,FA,L,-0.550620902179,1.10504934834,14.8767647062,-13.7943638435,5.76986935412,B,IP_OUT,0.996076595746,6.40849441988,91.6851468603,2197.74672827,137.223021968,0.13
572,2020,730156288,LIB,D1 Atlantic Sun Conference,730374656,MRST,429450444,2020-03-01 13:00:00,2,0,0,0,1140058851,J. Adametz III,L,FA,L,0.582030300506,1.69482771995,16.8441154704,-15.0863127561,5.59724727062,SS,IP_OUT,1.1076448686,6.62029255448,90.0699842756,2037.56764092,138.206925311,-0.15
573,2020,730156288,LIB,D1 Atlantic Sun Conference,730374656,MRST,429450444,2020-03-01 13:00:00,2,0,1,0,1140058851,J. Adametz III,L,FA,L,0.341155921453,1.10533265807,18.0500750916,-17.4406896385,5.45762038097,B,IP_OUT,1.16556369452,6.62696077097,89.679090965,1996.79252295,136.036935241,0.13
574,2020,730156288,LIB,D1 Atlantic Sun Conference,730374656,MRST,429450444,2020-03-01 13:00:00,2,1,1,0,1140058851,J. Adametz III,L,FA,L,0.649696258738,1.54253388175,16.3063665757,-16.6356675145,5.50124721167,F,IP_OUT,1.07541398422,6.63152555181,89.2724547702,1968.90781855,134.48654461,-0.15
575,2020,730156288,LIB,D1 Atlantic Sun Conference,730374656,MRST,429450444,2020-03-01 13:00:00,2,0,0,1,1140058851,J. Adametz III,L,FA,R,1.17570665073,2.44363254168,16.7531841984,-12.9286470341,5.72151597077,B,IP_OUT,1.20820799142,6.56435744882,89.4495085842,1979.08107465,142.397510104,0.13
576,2020,730156288,LIB,D1 Atlantic Sun Conference,730374656,MRST,429450444,2020-03-01 13:00:00,2,0,0,2,1140058851,J. Adametz III,L,FA,L,0.409783295738,1.03935618203,17.0902880978,-13.1611477393,5.74947402908,B,IP_OUT,1.09694950321,6.623819425,88.965052238,1971.21969934,142.45481765,0.13
577,2020,730156288,LIB,D1 Atlantic Sun Conference,730374656,MRST,429450444,2020-03-01 13:00:00,3,0,0,1,1140058851,J. Adametz III,L,FA,R,0.530956625423,1.87748860265,18.3223670369,-13.7756432406,5.63443731647,SL,S,1.33672564442,6.45694071379,88.9174049445,2091.54612653,143.113460886,-0.15
578,2020,730156288,LIB,D1 Atlantic Sun Conference,730374656,MRST,429450444,2020-03-01 13:00:00,3,0,1,1,1140058851,J. Adametz III,L,SL,R,-0.331069744202,0.44889365468,4.10635452073,-3.27929882629,5.34467734306,SS,S,1.44444342748,6.35399350409,78.2123373729,2017.63327906,141.691756293,-0.15
579,2020,730156288,LIB,D1 Atlantic Sun Conference,730374656,MRST,429450444,2020-03-01 13:00:00,3,0,2,1,1140058851,J. Adametz III,L,SL,R,-0.505593628095,0.582176882281,-3.81691393467,-3.12705019791,5.23268496392,B,S,1.33265445779,6.18447470227,79.1649362402,2136.95589117,39.6451122547,0.13
580,2020,730156288,LIB,D1 Atlantic Sun Conference,730374656,MRST,429450444,2020-03-01 13:00:00,3,1,2,1,1140058851,J. Adametz III,L,FA,R,0.653914844776,1.61990157585,17.3060913786,-10.4599836314,5.66996659383,IP,S,1.36761082045,6.46573271953,89.5264801236,2198.60544896,148.899503776,1.0
581,2020,730156288,LIB,D1 Atlantic Sun Conference,730374656,MRST,429450444,2020-03-01 13:00:00,3,0,0,1,1140058851,J. Adametz III,L,FA,L,0.161230210672,2.77518761394,28.6582708674,-11.2916038365,5.78683933836,F,K,1.13711621643,6.81402761727,89.6847625737,2067.25703309,158.518083183,-0.15
582,2020,730156288,LIB,D1 Atlantic Sun Conference,730374656,MRST,429450444,2020-03-01 13:00:00,3,0,1,1,1140058851,J. Adametz III,L,SL,L,-1.26079663592,-0.416702620247,4.38151030291,-3.48007407705,5.40740296874,B,K,1.37908559445,6.44804440249,78.6644733907,2136.25447547,141.819386315,0.13
583,2020,730156288,LIB,D1 Atlantic Sun Conference,730374656,MRST,429450444,2020-03-01 13:00:00,3,1,1,1,1140058851,J. Adametz III,L,SL,L,-0.188125854641,0.850960928122,0.920845584493,0.393705956592,5.40402693376,SS,K,1.27647860631,6.33758345886,77.9125587152,2039.39142213,202.20007692,-0.15
584,2020,730156288,LIB,D1 Atlantic Sun Conference,730374656,MRST,429450444,2020-03-01 13:00:00,3,1,2,1,1140058851,J. Adametz III,L,SL,L,-0.461576799228,0.943505410085,-3.73956392747,-0.138787033428,5.31699898615,SS,K,1.39595627436,6.13413601562,77.6487754573,2220.68346053,2.15084922079,-0.15
585,2020,730156288,LIB,D1 Atlantic Sun Conference,730374656,MRST,429450444,2020-03-01 13:00:00,3,0,0,2,1140058851,J. Adametz III,L,CH,R,-0.3770545953,0.313206158269,16.6542646512,-16.3832140255,5.88136092224,B,IP_OUT,1.30713959098,6.49587775246,82.4595886046,1741.27535463,135.53830842,0.13
586,2020,730156288,LIB,D1 Atlantic Sun Conference,730374656,MRST,429450444,2020-03-01 13:00:00,3,1,0,2,1140058851,J. Adametz III,L,FA,R,-0.0291268599206,1.90861027239,23.8320725524,-11.5741816006,5.76808713871,F,IP_OUT,1.22348626778,6.64715647377,89.7605222881,2123.66880756,154.127594118,-0.15
587,2020,730156288,LIB,D1 Atlantic Sun Conference,730374656,MRST,429450444,2020-03-01 13:00:00,3,1,1,2,1140058851,J. Adametz III,L,FA,R,-0.00173033965127,1.34536473055,18.5023928657,-14.3121529609,5.72575273774,SL,IP_OUT,1.23464147257,6.51502845506,89.738046061,2181.77664333,142.326735357,-0.15
588,2020,730156288,LIB,D1 Atlantic Sun Conference,730374656,MRST,429450444,2020-03-01 13:00:00,3,1,2,2,1140058851,J. Adametz III,L,SL,R,0.742468635534,0.356718995673,-2.54537099257,-3.75735843271,5.18811844838,B,IP_OUT,1.38325629787,6.25956331733,79.02776778,2002.03707338,56.3501614608,0.13
589,2020,730156288,LIB,D1 Atlantic Sun Conference,730374656,MRST,429450444,2020-03-01 13:00:00,3,2,2,2,1140058851,J. Adametz III,L,CH,R,0.0182338245495,1.05022672271,18.0803418346,-14.5478341788,5.77964330859,F,IP_OUT,1.26881523833,6.65365538056,84.1438857216,2015.07555473,141.236955841,0.0
590,2020,730156288,LIB,D1 Atlantic Sun Conference,730374656,MRST,429450444,2020-03-01 13:00:00,4,0,0,0,1140058851,J. Adametz III,L,SL,L,1.13296420979,2.59906231992,-1.1635423745,-2.80313293228,5.08409601312,B,S,1.28547486942,6.52656843633,76.1296573137,2079.17509564,68.2716810691,0.13
591,2020,730156288,LIB,D1 Atlantic Sun Conference,730374656,MRST,429450444,2020-03-01 13:00:00,4,1,0,0,1140058851,J. Adametz III,L,FA,L,0.20358899496,2.24554716873,17.2037681844,-12.4395030306,5.53342016471,IP,S,0.998261415654,6.57960695554,87.0300892498,2120.84507628,144.186492316,1.0
592,2020,730156288,LIB,D1 Atlantic Sun Conference,730374656,MRST,429450444,2020-03-01 13:00:00,4,0,0,0,1140058851,J. Adametz III,L,FA,L,0.00327288943045,3.07977112864,11.8011435136,-14.8746769932,5.75851075512,SL,K,1.19853760564,6.31045893642,88.9019463267,2111.54496809,128.507026096,-0.15
593,2020,730156288,LIB,D1 Atlantic Sun Conference,730374656,MRST,429450444,2020-03-01 13:00:00,4,0,1,0,1140058851,J. Adametz III,L,FA,L,0.604874065276,1.30128745623,16.7751016409,-14.8022022917,5.55597709458,F,K,1.10714001867,6.69520467504,86.9602261391,1979.50416018,138.635283036,-0.15
594,2020,730156288,LIB,D1 Atlantic Sun Conference,730374656,MRST,429450444,2020-03-01 13:00:00,4,0,2,0,1140058851,J. Adametz III,L,FA,L,-0.708204307327,1.34244321245,16.2159419804,-14.4920167389,5.9343990689,F,K,1.30087162313,6.67285941097,88.4689094739,2040.73171283,138.272684059,0.0
595,2020,730156288,LIB,D1 Atlantic Sun Conference,730374656,MRST,429450444,2020-03-01 13:00:00,4,0,2,0,1140058851,J. Adametz III,L,SL,L,-0.890689476698,0.403014383564,7.33272114154,-1.21085780599,5.49904166499,B,K,1.0280880019,6.65806446956,78.6176940765,2258.95382215,170.677861356,0.13
596,2020,730156288,LIB,D1 Atlantic Sun Conference,730374656,MRST,429450444,2020-03-01 13:00:00,4,1,2,0,1140058851,J. Adametz III,L,SL,L,1.33513074108,1.76857669272,-0.0265559526823,-1.2679228039,5.50681855776,SL,K,1.27761731307,6.46976331877,78.4298685905,2171.28717462,90.7681732261,-0.15
597,2020,730156288,LIB,D1 Atlantic Sun Conference,730374656,MRST,429450444,2020-03-01 13:00:00,4,0,0,1,1140058851,J. Adametz III,L,FA,L,1.36793497997,2.29681156507,11.1055438588,-13.9682900541,5.69048547586,F,S,1.29854892648,6.50923542754,88.3169563513,2069.62687246,128.57154591,-0.15
598,2020,730156288,LIB,D1 Atlantic Sun Conference,730374656,MRST,429450444,2020-03-01 13:00:00,4,0,1,2,1140058851,J. Adametz III,L,FA,L,0.43524008982,4.39078315402,15.4307694628,-13.7880593536,5.88268827596,B,S,1.26932654545,6.67522159965,89.1489521643,2165.59813197,138.278594,0.13
599,2020,730156288,LIB,D1 Atlantic Sun Conference,730374656,MRST,429450444,2020-03-01 13:00:00,4,1,1,2,1140058851,J. Adametz III,L,SL,L,0.867360513601,3.66479644092,-0.622215399734,-2.00391587348,5.29389445984,B,S,1.11124648027,6.61275312724,75.1438099923,2140.67957231,73.9956515741,0.13
600,2020,730156288,LIB,D1 Atlantic Sun Conference,730374656,MRST,429450444,2020-03-01 13:00:00,4,2,1,2,1140058851,J. Adametz III,L,FA,L,-0.511727009617,0.0746464056579,16.6037465585,-15.8455701425,5.87176418929,B,S,0.865579803216,6.56826863214,89.121566057,2099.6329171,136.395914379,0.13
601,2020,730156288,LIB,D1 Atlantic Sun Conference,730374656,MRST,429450444,2020-03-01 13:00:00,4,3,1,2,1140058851,J. Adametz III,L,FA,L,0.759529900604,1.47154061216,15.7600035434,-12.0459016378,5.93125398972,SL,S,1.03479245716,6.47297943854,88.5728066084,2130.85827521,142.666809474,-0.15
602,2020,730156288,LIB,D1 Atlantic Sun Conference,730374656,MRST,429450444,2020-03-01 13:00:00,4,3,2,2,1140058851,J. Adametz III,L,FA,L,0.439936738898,1.76777386819,17.711943017,-11.8347758344,5.80769622451,IP,S,0.805414850716,6.46737916785,89.1279484194,2122.82006352,146.299636492,1.0
603,2020,730156288,LIB,D1 Atlantic Sun Conference,730374656,MRST,429450444,2020-03-01 13:00:00,4,0,0,2,1140058851,J. Adametz III,L,CH,R,-0.325389728922,2.07881364699,18.2462931947,-11.7405658548,6.07400922414,SS,K,1.2812430664,6.54065867738,82.8193678593,1907.85502685,147.295632203,-0.15
604,2020,730156288,LIB,D1 Atlantic Sun Conference,730374656,MRST,429450444,2020-03-01 13:00:00,4,0,1,2,1140058851,J. Adametz III,L,FA,R,0.173919447096,2.23548846386,18.520311751,-12.3878242712,5.77825018785,F,K,1.12937747815,6.63733170013,89.7501724774,2158.46200366,146.269392567,-0.15
605,2020,730156288,LIB,D1 Atlantic Sun Conference,730374656,MRST,429450444,2020-03-01 13:00:00,4,0,2,2,1140058851,J. Adametz III,L,SL,R,0.175265094339,0.655304399185,2.2697186508,-2.04676811022,5.19421965551,SL,K,1.26626817211,6.47013175399,78.7283065808,2069.69950397,138.501873857,-0.15
606,2020,730156288,LIB,D1 Atlantic Sun Conference,730374656,MRST,429450444,2020-03-01 13:00:00,5,0,0,0,1140058851,J. Adametz III,L,SL,L,1.08770001236,1.68403852454,1.40902367687,-1.63377284929,5.37478152625,B,IP_OUT,1.30202967222,6.41710759829,76.3369091801,2144.30544436,131.695363185,0.13
607,2020,730156288,LIB,D1 Atlantic Sun Conference,730374656,MRST,429450444,2020-03-01 13:00:00,5,1,0,0,1140058851,J. Adametz III,L,SL,L,0.450451630966,0.867547380374,0.189755157153,-3.64801195377,5.19631047662,SS,IP_OUT,1.36559366713,6.37962575917,76.9706204984,2133.32888039,93.7000729015,-0.15
608,2020,730156288,LIB,D1 Atlantic Sun Conference,730374656,MRST,429450444,2020-03-01 13:00:00,5,1,1,0,1140058851,J. Adametz III,L,FA,L,0.376146738829,-0.899469984602,19.244193874,-11.8012544387,5.84425096449,B,IP_OUT,0.972747556882,6.57919068793,88.9452357803,2133.03028546,148.526682868,0.13
609,2020,730156288,LIB,D1 Atlantic Sun Conference,730374656,MRST,429450444,2020-03-01 13:00:00,5,2,1,0,1140058851,J. Adametz III,L,FA,L,0.817605376021,1.29971616053,17.6550136603,-13.1962639914,5.90794013065,SS,IP_OUT,1.09376579555,6.49543160234,87.7897179553,2030.05701933,143.277092152,-0.15
610,2020,730156288,LIB,D1 Atlantic Sun Conference,730374656,MRST,429450444,2020-03-01 13:00:00,5,2,2,0,1140058851,J. Adametz III,L,FA,L,0.0404964522511,1.06074538168,20.6577187963,-9.83982835068,5.99717815282,B,IP_OUT,0.988807041412,6.42753508476,88.7466541182,2134.69775221,154.566754614,0.13
611,2020,730156288,LIB,D1 Atlantic Sun Conference,730374656,MRST,429450444,2020-03-01 13:00:00,5,0,0,1,1140058851,J. Adametz III,L,FA,L,0.143753946174,0.34370913437,18.4848793225,-13.8005540066,6.10023533091,B,S,0.920476225989,6.4903191832,89.7186168014,2120.17711892,143.303842799,0.13
612,2020,730156288,LIB,D1 Atlantic Sun Conference,730374656,MRST,429450444,2020-03-01 13:00:00,5,1,0,1,1140058851,J. Adametz III,L,SL,L,-0.353721395459,0.00872105194692,1.21494291319,-2.74749027368,5.42381710213,SS,S,1.00298855215,6.41229213512,78.8244407366,2299.70051153,114.606718063,-0.15
613,2020,730156288,LIB,D1 Atlantic Sun Conference,730374656,MRST,429450444,2020-03-01 13:00:00,5,1,1,1,1140058851,J. Adametz III,L,FA,L,0.40316196878,-0.41444625266,18.1027691192,-13.9214346969,5.97013056472,B,S,0.840448343439,6.46856723466,88.77859842,2118.95828246,142.490660043,0.13
614,2020,730156288,LIB,D1 Atlantic Sun Conference,730374656,MRST,429450444,2020-03-01 13:00:00,5,2,1,1,1140058851,J. Adametz III,L,FA,L,0.179096417173,2.21797698637,20.699137831,-9.82858571754,5.69760841063,IP,S,0.965190073408,6.66236711115,88.6722164988,2118.43971105,154.636540427,1.0
615,2020,730156288,LIB,D1 Atlantic Sun Conference,730374656,MRST,429450444,2020-03-01 13:00:00,5,0,0,1,1140058851,J. Adametz III,L,FA,R,0.254334426379,1.83070968282,18.2835245203,-11.7234651299,5.6198612481,SL,S,1.26529899025,6.63899847181,89.2806534256,2111.82128812,147.379540488,-0.15
616,2020,730156288,LIB,D1 Atlantic Sun Conference,730374656,MRST,429450444,2020-03-01 13:00:00,5,0,1,1,1140058851,J. Adametz III,L,CH,R,0.588595837797,2.72870602131,19.8424039114,-15.5943454213,5.97681160393,IP,S,1.25720363588,6.67861471056,82.7397997095,1773.53504736,141.890079559,1.0
617,2020,730156288,LIB,D1 Atlantic Sun Conference,730374656,MRST,429450444,2020-03-01 13:00:00,5,0,0,1,1140058851,J. Adametz III,L,FA,L,-0.371218941949,3.12440354275,17.7680067649,-7.10964967468,5.88517113714,B,IP_OUT,1.01062103652,6.59821000354,88.4911804727,1936.49408974,158.229168457,0.13
618,2020,730156288,LIB,D1 Atlantic Sun Conference,730374656,MRST,429450444,2020-03-01 13:00:00,5,0,0,2,1140058851,J. Adametz III,L,FA,R,0.267940401494,2.15435212924,14.6211253354,-16.3742054956,5.66852659344,IP,FC,1.14243948685,6.44341927001,90.3739194211,2058.36743912,131.82690045,-0.21
619,2020,730156288,LIB,D1 Atlantic Sun Conference,730374656,MRST,429450444,2020-03-01 13:00:00,6,0,0,1,1140058851,J. Adametz III,L,FA,L,0.467422758257,0.8501988127,16.9995609667,-16.5445840666,5.78085331411,B,IP_OUT,1.18524323107,6.53167464352,89.089999383,2083.87315027,135.833601845,0.13
620,2020,730156288,LIB,D1 Atlantic Sun Conference,730374656,MRST,429450444,2020-03-01 13:00:00,7,0,0,0,1140058851,J. Adametz III,L,SL,R,0.592648217179,2.84820093972,1.4604076773,-2.04517387446,5.14879556844,SL,BB,1.45715568713,6.48255916977,76.7733263817,2014.10103065,126.381111013,-0.15
621,2020,730156288,LIB,D1 Atlantic Sun Conference,730374656,MRST,429450444,2020-03-01 13:00:00,7,0,1,0,1140058851,J. Adametz III,L,SL,R,1.42172472651,1.85320744727,2.80520406258,-3.01176550218,5.24040441512,B,BB,1.3399683126,6.52478730354,75.7810927884,1959.02142822,133.446587923,0.13
622,2020,730156288,LIB,D1 Atlantic Sun Conference,730374656,MRST,429450444,2020-03-01 13:00:00,7,1,1,0,1140058851,J. Adametz III,L,CH,R,-0.645642170116,4.01872369333,18.8159867301,-10.8181220296,5.85202502873,B,BB,1.20404480244,6.64444728996,80.9484187804,1641.28404978,150.15680844,0.13
623,2020,730156288,LIB,D1 Atlantic Sun Conference,730374656,MRST,429450444,2020-03-01 13:00:00,7,2,1,0,1140058851,J. Adametz III,L,FA,R,1.37609579961,3.5778469173,15.0655825915,-16.3263622585,5.54597391422,B,BB,1.33176867689,6.50597636172,87.2175204411,1968.05324866,132.76715917,0.13
624,2020,730156288,LIB,D1 Atlantic Sun Conference,730374656,MRST,429450444,2020-03-01 13:00:00,7,3,1,0,1140058851,J. Adametz III,L,FA,R,0.0940381516563,0.805794021065,16.5376397317,-17.7518392588,5.76481736868,B,BB,1.25604647535,6.45839299573,87.4737920947,1910.13502078,133.032537192,0.8
625,2020,730156288,LIB,D1 Atlantic Sun Conference,730374656,MRST,429450444,2020-03-01 13:00:00,7,0,0,0,1140058851,J. Adametz III,L,FA,L,0.398810779459,1.55912779414,18.545932383,-13.5362095711,5.70139603107,SL,K,1.23757421446,6.60668322255,88.2316062528,2007.956127,143.925829165,-0.15
626,2020,730156288,LIB,D1 Atlantic Sun Conference,730374656,MRST,429450444,2020-03-01 13:00:00,7,0,1,0,1140058851,J. Adametz III,L,FA,L,0.0863662371081,2.60791097819,22.7419993612,-15.4246203649,5.6349299488,SL,K,1.28754402754,6.89134763224,89.1654715505,1870.55399006,145.892608354,-0.15
627,2020,730156288,LIB,D1 Atlantic Sun Conference,730374656,MRST,429450444,2020-03-01 13:00:00,7,0,2,0,1140058851,J. Adametz III,L,SL,L,0.0282803486154,1.13596823355,10.3555747197,-2.57092654226,5.26417014471,SS,K,1.18246033915,6.83266971841,77.7198371303,2040.07483286,166.11525968,-0.15
628,2020,730156288,LIB,D1 Atlantic Sun Conference,730374656,MRST,429450444,2020-03-01 13:00:00,7,0,0,1,1140058851,J. Adametz III,L,FA,L,0.657919564616,1.01711238492,18.4652188019,-16.6906978357,5.67699652988,B,S,1.07821143611,6.63335861058,89.5131588919,2099.86510971,137.941096764,0.13
629,2020,730156288,LIB,D1 Atlantic Sun Conference,730374656,MRST,429450444,2020-03-01 13:00:00,7,1,0,1,1140058851,J. Adametz III,L,FA,L,-0.128985583304,1.57896722106,17.4754140394,-13.6849472885,5.65110180107,IP,S,0.93088941878,6.66675153457,87.525198111,1859.7642726,141.990941264,1.0
630,2020,730156288,LIB,D1 Atlantic Sun Conference,730374656,MRST,429450444,2020-03-01 13:00:00,7,0,0,1,1064574479,G. Price,R,FA,R,0.230184872512,1.79610815225,6.32724124912,11.4918783509,5.39515781599,SL,K,-0.538999142973,5.70749980986,88.4890030536,1897.31127277,241.03397468,-0.15
631,2020,730156288,LIB,D1 Atlantic Sun Conference,730374656,MRST,429450444,2020-03-01 13:00:00,7,0,1,1,1064574479,G. Price,R,FA,R,-0.78605410857,2.44663404859,12.2880866853,13.253776662,5.46628060426,F,K,-0.598075365784,5.92085496992,89.2233609947,1926.21975289,227.087492933,-0.15
632,2020,730156288,LIB,D1 Atlantic Sun Conference,730374656,MRST,429450444,2020-03-01 13:00:00,7,0,2,1,1064574479,G. Price,R,CH,R,-0.425442070667,2.46120486487,16.9513190855,4.59791297287,5.78609112253,F,K,-0.572871360344,5.94398144303,80.2611158349,1736.41741452,195.140663565,0.0
633,2020,730156288,LIB,D1 Atlantic Sun Conference,730374656,MRST,429450444,2020-03-01 13:00:00,7,0,2,1,1064574479,G. Price,R,CH,R,-0.471882470769,0.793931331257,4.16885833556,12.4657372708,5.61420767966,SS,K,-0.481820751745,5.8014147861,78.1314684541,1783.80619207,251.329250764,-0.15
634,2020,730156288,LIB,D1 Atlantic Sun Conference,730374656,MRST,429450444,2020-03-01 13:00:00,7,0,0,2,1064574479,G. Price,R,FA,L,0.117632528117,0.966486727014,8.47842732797,15.0238161795,5.60624480825,B,IP_OUT,-0.883220467432,5.72298973175,89.3755148328,2000.49701434,240.464835296,0.13
635,2020,730156288,LIB,D1 Atlantic Sun Conference,730374656,MRST,429450444,2020-03-01 13:00:00,7,1,0,2,1064574479,G. Price,R,CH,L,-0.528733713003,1.13645122136,8.53024085887,8.90033434528,5.71506806677,SS,IP_OUT,-0.924105369412,5.54316695479,80.916934262,1893.37077418,226.08091792,-0.15
636,2020,730156288,LIB,D1 Atlantic Sun Conference,730374656,MRST,429450444,2020-03-01 13:00:00,7,1,1,2,1064574479,G. Price,R,CH,L,-0.270290720992,1.28161059792,17.8780149597,16.1269544188,5.76981520214,SS,IP_OUT,-0.980214260869,5.88076854232,80.1777893525,1929.99788207,221.985632338,-0.15
637,2020,730156288,LIB,D1 Atlantic Sun Conference,730374656,MRST,429450444,2020-03-01 13:00:00,8,0,0,0,1064574479,G. Price,R,FA,R,-1.0813179993,2.99486558861,14.8706888992,13.9707539167,5.37622162134,B,K,-0.412085072147,6.01321121901,86.4632310971,1925.25146437,223.144086546,0.13
638,2020,730156288,LIB,D1 Atlantic Sun Conference,730374656,MRST,429450444,2020-03-01 13:00:00,8,1,0,0,1064574479,G. Price,R,CH,R,-0.37227227986,2.44573104231,19.8052397981,8.20798329502,5.58301548381,SL,K,-0.618528345383,6.21531581082,78.3781846831,1856.7331119,202.467004454,-0.15
639,2020,730156288,LIB,D1 Atlantic Sun Conference,730374656,MRST,429450444,2020-03-01 13:00:00,8,1,1,0,1064574479,G. Price,R,FA,R,-0.677950139946,2.66803234072,16.7026569539,14.2668698743,5.30861204223,F,K,-0.366165075079,6.13928657938,87.9881097024,2111.41292998,220.44424977,-0.15
640,2020,730156288,LIB,D1 Atlantic Sun Conference,730374656,MRST,429450444,2020-03-01 13:00:00,8,1,2,0,1064574479,G. Price,R,FA,R,0.147266800006,3.17832164727,12.4172530714,9.49000675735,5.50368324472,SS,K,-0.187381355177,6.05375319926,87.3009294444,1959.71064441,217.311336272,-0.15
641,2020,730156288,LIB,D1 Atlantic Sun Conference,730374656,MRST,429450444,2020-03-01 13:00:00,8,0,0,1,1064574479,G. Price,R,FA,L,-0.605405772088,2.34126777736,15.0361823449,12.1856350801,5.43564316711,F,IP_OUT,-0.836965924611,5.93168140996,88.4154341461,2056.12594363,218.958197356,-0.15
642,2020,730156288,LIB,D1 Atlantic Sun Conference,730374656,MRST,429450444,2020-03-01 13:00:00,8,0,1,1,1064574479,G. Price,R,CH,L,-0.220194156046,1.29646984028,11.0551943577,12.7532639766,5.67053347674,SS,IP_OUT,-0.813791440046,5.6027719228,80.5953082626,2048.13465071,228.974370951,-0.15
643,2020,730156288,LIB,D1 Atlantic Sun Conference,730374656,MRST,429450444,2020-03-01 13:00:00,8,0,0,2,1064574479,G. Price,R,FA,L,0.961650940342,1.01984574834,16.516588346,12.1357023477,5.44191257283,B,BB,-0.731289745178,5.83069591383,88.671341993,2225.06955265,216.249983039,0.13
644,2020,730156288,LIB,D1 Atlantic Sun Conference,730374656,MRST,429450444,2020-03-01 13:00:00,8,1,0,2,1064574479,G. Price,R,CH,L,-1.10916416683,3.09950090927,17.1026831542,12.6779002312,5.57773378134,B,BB,-1.01247253516,5.7638681086,79.780198566,2063.31896653,216.48129978,0.13
645,2020,730156288,LIB,D1 Atlantic Sun Conference,730374656,MRST,429450444,2020-03-01 13:00:00,8,2,0,2,1064574479,G. Price,R,CH,L,-0.269927523153,0.897710918118,11.8224253285,12.3928394129,5.69239382237,B,BB,-0.686698507933,5.70020815753,79.8469603595,2006.33373418,226.24840511,0.13
646,2020,730156288,LIB,D1 Atlantic Sun Conference,730374656,MRST,429450444,2020-03-01 13:00:00,8,3,0,2,1064574479,G. Price,R,FA,L,-0.88738054814,2.0313535071,15.3419747278,10.0716011942,5.52454454955,B,BB,-0.672770122421,6.01582059604,88.647803866,2045.20293272,213.225491287,0.8
647,2020,730156288,LIB,D1 Atlantic Sun Conference,730374656,MRST,429450444,2020-03-01 13:00:00,8,0,0,2,1064574479,G. Price,R,FA,L,0.142331126584,0.544671239846,11.2972313287,13.651018058,5.77059495211,B,K,-0.786484538567,5.79829992287,89.1011123633,2056.99846513,230.305589892,0.13
648,2020,730156288,LIB,D1 Atlantic Sun Conference,730374656,MRST,429450444,2020-03-01 13:00:00,8,1,0,2,1064574479,G. Price,R,FA,L,1.53303113288,1.39174899764,18.727094829,11.3096899511,5.41328191355,B,K,-0.68434845819,5.90618039549,88.42511236,2085.33298895,211.081374661,0.13
649,2020,730156288,LIB,D1 Atlantic Sun Conference,730374656,MRST,429450444,2020-03-01 13:00:00,8,2,0,2,1064574479,G. Price,R,FA,L,1.09126658656,0.903753440958,12.707128988,15.9644483219,5.49973347565,B,K,-0.91193264999,5.78959163512,88.8578462149,2041.97767944,231.406739934,0.13
650,2020,730156288,LIB,D1 Atlantic Sun Conference,730374656,MRST,429450444,2020-03-01 13:00:00,8,3,0,2,1064574479,G. Price,R,FA,L,-0.077449854765,1.44244096051,13.444424238,14.2167816167,5.52344912556,SL,K,-0.630785839664,5.82904585329,88.7857051906,1970.51785077,226.526968694,-0.15
651,2020,730156288,LIB,D1 Atlantic Sun Conference,730374656,MRST,429450444,2020-03-01 13:00:00,8,3,1,2,1064574479,G. Price,R,FA,L,0.538259139724,2.00192029155,24.1271557098,9.55719350195,5.34104749816,F,K,-0.517839160341,6.21183021688,89.1186331561,2007.40507966,201.5816181,-0.15
652,2020,730156288,LIB,D1 Atlantic Sun Conference,730374656,MRST,429450444,2020-03-01 13:00:00,8,3,2,2,1064574479,G. Price,R,FA,L,-0.867702144841,1.98940853941,25.7722234176,16.2888319889,5.36395779087,F,K,-0.70984031329,6.26129504274,90.6468667181,2058.28274654,212.260625702,0.0
653,2020,730156288,LIB,D1 Atlantic Sun Conference,730374656,MRST,429450444,2020-03-01 13:00:00,8,3,2,2,1064574479,G. Price,R,CH,L,-0.363457224884,2.84137271046,14.6758616269,13.8981181927,5.73592982553,SS,K,-0.801440644852,5.82605588318,80.913114354,1939.73626387,223.359656675,-0.15
654,2020,730156288,LIB,D1 Atlantic Sun Conference,730374656,MRST,429450444,2020-03-01 13:00:00,9,0,0,0,1064574479,G. Price,R,FA,R,-0.0755820723883,2.03560083408,16.7302404976,13.0143214635,5.38906820498,IP,S,-0.415928268783,6.05299032596,87.3927874307,1951.9805383,217.820769208,1.0
655,2020,730156288,LIB,D1 Atlantic Sun Conference,730374656,MRST,429450444,2020-03-01 13:00:00,9,0,0,0,1064574479,G. Price,R,CH,L,0.11006205384,3.86845048905,15.9120763433,6.67066734347,5.54633158693,B,S,-0.873183313271,5.71619740492,79.8687146677,1887.95547306,202.69055885,0.13
656,2020,730156288,LIB,D1 Atlantic Sun Conference,730374656,MRST,429450444,2020-03-01 13:00:00,9,1,0,0,1064574479,G. Price,R,CH,L,0.355663242771,2.60644657085,17.5798203096,6.30885644239,5.51327312157,IP,S,-0.756906218492,5.68210579188,79.9715844746,1862.82231577,199.698168798,1.0
657,2020,730156288,LIB,D1 Atlantic Sun Conference,730374656,MRST,429450444,2020-03-01 13:00:00,9,0,0,0,1064574479,G. Price,R,CH,L,0.831634792516,1.6201973946,12.7743084148,7.35345610299,5.62889050328,SL,S,-1.02412789816,5.49829965103,79.5559086317,1863.59681649,209.844771314,-0.15
658,2020,730156288,LIB,D1 Atlantic Sun Conference,730374656,MRST,429450444,2020-03-01 13:00:00,9,0,1,0,1064574479,G. Price,R,SL,L,0.366395792116,2.11925094787,1.51797514351,-7.67208928054,4.82249711673,F,S,-0.85908805439,5.8274471857,80.5949655958,2174.92223764,101.495634114,-0.15
659,2020,730156288,LIB,D1 Atlantic Sun Conference,730374656,MRST,429450444,2020-03-01 13:00:00,9,0,2,0,1064574479,G. Price,R,CH,L,-0.671236927654,1.12279339901,16.4447385056,8.76985808487,5.89008526926,IP,S,-1.07568622249,5.62243562009,79.7994536119,1897.12339955,208.010143288,1.0
660,2020,730156288,LIB,D1 Atlantic Sun Conference,730374656,MRST,429450444,2020-03-01 13:00:00,9,0,0,0,1064574479,G. Price,R,FA,R,-0.970327733743,2.21364418817,12.2968943023,14.2072986627,5.56291805561,SS,K,-0.284931590875,5.99265522322,88.6253153491,1995.77472305,229.044204381,-0.15
661,2020,730156288,LIB,D1 Atlantic Sun Conference,730374656,MRST,429450444,2020-03-01 13:00:00,9,0,1,0,1064574479,G. Price,R,FA,R,0.194133928726,2.05623294346,7.70336099279,10.6609829353,5.48206645785,SL,K,-0.245945877373,5.72735715357,88.6899233214,1921.55355433,234.030894351,-0.15
662,2020,730156288,LIB,D1 Atlantic Sun Conference,730374656,MRST,429450444,2020-03-01 13:00:00,9,0,2,0,1064574479,G. Price,R,FA,R,-0.26373263467,0.86930298438,15.7252273861,13.7339643994,5.39553644485,B,K,-0.280601994234,6.01690576964,89.72373783,1951.12694247,221.07248344,0.13
663,2020,730156288,LIB,D1 Atlantic Sun Conference,730374656,MRST,429450444,2020-03-01 13:00:00,9,1,2,0,1064574479,G. Price,R,CH,R,-0.699884360869,1.80810454865,17.805948543,14.5385551365,5.77170494843,SS,K,-0.501559474844,5.96291167734,80.8802894366,1934.19725063,219.166238528,-0.15
664,2020,730156288,LIB,D1 Atlantic Sun Conference,730374656,MRST,429450444,2020-03-01 13:00:00,9,0,0,1,1064574479,G. Price,R,FA,R,-0.8045697636,1.53746378615,18.3214249717,12.7833478412,5.4956391923,F,S,-0.419591041366,6.05763608051,88.7856636484,2037.4537545,214.854591872,-0.15
665,2020,730156288,LIB,D1 Atlantic Sun Conference,730374656,MRST,429450444,2020-03-01 13:00:00,9,0,1,1,1064574479,G. Price,R,CH,R,-0.32964105635,1.32578863427,10.1444753765,12.4804879108,5.6920628515,SS,S,-0.541221821307,5.76170151875,79.1357098949,1838.98024974,230.77745278,-0.15
666,2020,730156288,LIB,D1 Atlantic Sun Conference,730374656,MRST,429450444,2020-03-01 13:00:00,9,0,2,1,1064574479,G. Price,R,CH,R,0.313916662783,0.798786718846,15.7192348428,7.25781019447,5.8181077868,B,S,-0.421345365151,5.74636891996,80.1452597403,1953.82633515,204.726788132,0.13
667,2020,730156288,LIB,D1 Atlantic Sun Conference,730374656,MRST,429450444,2020-03-01 13:00:00,9,1,2,1,1064574479,G. Price,R,FA,R,-0.163787726849,1.93363697364,20.9082827242,9.11732823504,5.48036707462,F,S,-0.165377934821,6.0444664453,89.6308657789,2030.16761257,203.527023504,0.0
668,2020,730156288,LIB,D1 Atlantic Sun Conference,730374656,MRST,429450444,2020-03-01 13:00:00,9,1,2,1,1064574479,G. Price,R,FA,R,-0.0556200562924,1.99291363825,22.9546246352,8.53296373261,5.41048051457,IP,S,-0.194178272895,6.10495629272,89.2135808216,2203.37595264,200.363964798,1.0
669,2020,730156288,LIB,D1 Atlantic Sun Conference,730374656,MRST,429450444,2020-03-01 13:00:00,9,0,0,1,1064574479,G. Price,R,CH,R,-0.512619139243,2.2227055456,13.2570867743,9.61229523706,5.78418114338,IP,S,-0.646995692248,5.70036154286,79.107014974,1907.6008724,215.856999231,1.0
670,2020,730156288,LIB,D1 Atlantic Sun Conference,730374656,MRST,429450444,2020-03-01 13:00:00,9,0,0,1,1064574479,G. Price,R,FA,L,-0.500247791475,1.84094630764,10.3079756337,14.0419051813,5.52591563146,IP,DP,-0.799778911501,5.77651711981,89.0712961648,2067.40774922,233.628678398,-0.21
671,2020,730156288,LIB,D1 Atlantic Sun Conference,730374656,MRST,469054832,2020-02-29 13:00:00,1,0,0,0,1117047948,N. Skirrow,R,FA,L,-0.877964904484,2.13855924498,11.0214090346,2.30965019611,5.92620347803,SL,IP_OUT,-1.57062861352,5.41413847235,90.4056112236,2200.20738656,191.802672505,-0.15
672,2020,730156288,LIB,D1 Atlantic Sun Conference,730374656,MRST,469054832,2020-02-29 13:00:00,1,0,1,0,1117047948,N. Skirrow,R,FA,L,0.78919383885,2.43181157941,17.9252031616,2.36175472694,5.81870543496,SL,IP_OUT,-1.47939120376,5.68976942197,90.7583018846,2289.46541783,187.492616554,-0.15
673,2020,730156288,LIB,D1 Atlantic Sun Conference,730374656,MRST,469054832,2020-02-29 13:00:00,1,0,2,0,1117047948,N. Skirrow,R,FA,L,-0.140813030413,3.33821564366,18.7428098023,5.61838401058,5.82603679613,F,IP_OUT,-1.60938321882,5.56802341893,90.6663742245,2264.94368303,196.659771471,0.0
674,2020,730156288,LIB,D1 Atlantic Sun Conference,730374656,MRST,469054832,2020-02-29 13:00:00,1,0,2,0,1117047948,N. Skirrow,R,CU,L,-3.27938732478,3.20739918803,-10.1081669692,-10.9439179201,5.15882610887,B,IP_OUT,-1.55207221764,5.77518596006,74.3390914368,2497.22991484,47.4119921182,0.13
675,2020,730156288,LIB,D1 Atlantic Sun Conference,730374656,MRST,469054832,2020-02-29 13:00:00,1,0,0,2,1117047948,N. Skirrow,R,FA,R,0.556909088529,1.77119256432,16.7569158286,0.301886721882,5.89675487342,F,IP_OUT,-1.43278903611,5.66071337261,89.3292101288,2256.01197295,181.030102138,-0.15
676,2020,730156288,LIB,D1 Atlantic Sun Conference,730374656,MRST,469054832,2020-02-29 13:00:00,1,0,1,2,1117047948,N. Skirrow,R,FA,R,0.229054916749,3.94352939147,18.8440928109,1.39547352912,5.8880087853,B,IP_OUT,-1.47236529909,5.75682795788,90.0650350957,2086.45431549,184.228046415,0.13
677,2020,730156288,LIB,D1 Atlantic Sun Conference,730374656,MRST,469054832,2020-02-29 13:00:00,1,1,1,2,1117047948,N. Skirrow,R,FA,R,0.147565325303,2.97696031953,17.0886041096,-1.50749249176,6.12771239113,SS,IP_OUT,-1.38816847357,5.82156063082,89.4580115354,2155.33704299,174.96804632,-0.15
678,2020,730156288,LIB,D1 Atlantic Sun Conference,730374656,MRST,469054832,2020-02-29 13:00:00,2,0,0,0,1117047948,N. Skirrow,R,FA,L,0.436338990051,1.33244448537,15.9387410697,-1.77062730359,5.94903523126,SL,IP_OUT,-1.49725692372,5.72777070728,87.5850384815,2098.53689622,173.674387611,-0.15
679,2020,730156288,LIB,D1 Atlantic Sun Conference,730374656,MRST,469054832,2020-02-29 13:00:00,2,0,1,0,1117047948,N. Skirrow,R,FA,L,0.707047594608,1.97860942003,9.28148788427,-1.04590197985,5.89068602352,SL,IP_OUT,-1.5465469061,5.47385166104,87.8959299065,2086.89492819,173.593688557,-0.15
680,2020,730156288,LIB,D1 Atlantic Sun Conference,730374656,MRST,469054832,2020-02-29 13:00:00,2,0,2,0,1117047948,N. Skirrow,R,FA,L,-0.565522365281,1.29154834207,7.26641315488,-3.95013240927,5.4630888567,B,IP_OUT,-1.80359715528,5.57414413729,88.0888461575,2195.2647907,151.583478418,0.13
681,2020,730156288,LIB,D1 Atlantic Sun Conference,730374656,MRST,469054832,2020-02-29 13:00:00,2,0,0,1,1117047948,N. Skirrow,R,FA,L,0.124070648162,1.87940356709,13.6211706922,2.38778011137,6.06959284007,SL,HBP,-1.51452736751,5.5570912263,89.1464586962,2176.00409174,189.919457642,-0.15
682,2020,730156288,LIB,D1 Atlantic Sun Conference,730374656,MRST,469054832,2020-02-29 13:00:00,2,0,1,1,1117047948,N. Skirrow,R,CU,L,0.974484178417,0.697968948546,-9.84740132118,-11.9006423721,5.19380752392,B,HBP,-1.68554404234,5.86162164808,75.4284333317,2596.73499208,50.530322956,0.13
683,2020,730156288,LIB,D1 Atlantic Sun Conference,730374656,MRST,469054832,2020-02-29 13:00:00,2,1,1,1,1117047948,N. Skirrow,R,CU,L,-0.47691735829,1.96806320221,-8.85520179966,-9.83732324293,5.40897385354,SL,HBP,-1.5101065616,5.86437115208,74.3104084789,2579.14729849,48.1645503838,-0.15
684,2020,730156288,LIB,D1 Atlantic Sun Conference,730374656,MRST,469054832,2020-02-29 13:00:00,2,1,2,1,1117047948,N. Skirrow,R,FA,L,1.09028229531,3.25121892322,19.8941509927,1.80396389522,5.65383522619,F,HBP,-1.61337467189,5.67935945169,89.4666029991,2247.31207363,185.172672499,0.0
685,2020,730156288,LIB,D1 Atlantic Sun Conference,730374656,MRST,469054832,2020-02-29 13:00:00,2,1,2,1,1117047948,N. Skirrow,R,FA,L,2.12050406318,0.466682127752,16.7437219451,-1.16950918473,5.99009533628,HBP,HBP,-1.40448882376,5.78575009181,91.6132783599,2278.70650738,176.011945155,0.8
686,2020,730156288,LIB,D1 Atlantic Sun Conference,730374656,MRST,469054832,2020-02-29 13:00:00,2,0,0,1,1117047948,N. Skirrow,R,FA,R,-0.25778696788,3.53114874545,14.9049439401,4.41143451842,5.99324263018,B,BB,-1.47841310957,5.77428258019,88.3709199204,2114.73654059,196.452394753,0.13
687,2020,730156288,LIB,D1 Atlantic Sun Conference,730374656,MRST,469054832,2020-02-29 13:00:00,2,1,0,1,1117047948,N. Skirrow,R,FA,R,-0.603078561211,3.61835886467,18.3071924475,5.90040440143,6.02603929812,B,BB,-1.53175351171,5.77548622528,88.1962469182,2089.67554645,197.833282462,0.13
688,2020,730156288,LIB,D1 Atlantic Sun Conference,730374656,MRST,469054832,2020-02-29 13:00:00,2,2,0,1,1117047948,N. Skirrow,R,FA,R,0.267130739702,3.22392298514,18.8090847023,1.18075125667,5.90980197002,SS,BB,-1.57403112891,5.75492871419,88.2432151878,2147.16058447,183.585648239,-0.15
689,2020,730156288,LIB,D1 Atlantic Sun Conference,730374656,MRST,469054832,2020-02-29 13:00:00,2,2,1,1,1117047948,N. Skirrow,R,FA,R,0.742718876184,2.28438641371,19.6210503459,0.873988463065,5.97544430244,SS,BB,-1.50995758939,5.83744692695,88.8610363169,2185.01904268,182.546148882,-0.15
690,2020,730156288,LIB,D1 Atlantic Sun Conference,730374656,MRST,469054832,2020-02-29 13:00:00,2,2,2,1,1117047948,N. Skirrow,R,FA,R,0.883771852087,3.33104138278,15.5748354161,0.345933364553,5.97703653962,B,BB,-1.51391496998,5.82355000099,88.7836204679,2220.15926687,181.269707786,0.13
691,2020,730156288,LIB,D1 Atlantic Sun Conference,730374656,MRST,469054832,2020-02-29 13:00:00,2,3,2,1,1117047948,N. Skirrow,R,FA,R,0.832991262271,3.6790199666,19.7556643951,-2.49259863545,5.79396641707,B,BB,-1.56270880659,5.86694913755,88.8801793452,2231.55034058,172.82089784,0.8
692,2020,730156288,LIB,D1 Atlantic Sun Conference,730374656,MRST,469054832,2020-02-29 13:00:00,2,0,0,1,1117047948,N. Skirrow,R,FA,R,0.566294184735,2.87517951035,13.131698487,-3.6233677088,5.50452408799,SL,BB,-1.86199125994,5.58605111068,87.1080186392,2230.85207867,164.61354591,-0.15
693,2020,730156288,LIB,D1 Atlantic Sun Conference,730374656,MRST,469054832,2020-02-29 13:00:00,2,0,1,1,1117047948,N. Skirrow,R,FA,R,0.292745659897,2.9588960482,13.6844609064,0.229793856593,6.04598560245,F,BB,-1.51949406124,5.51380645307,88.6445778187,2115.45904824,180.959719766,-0.15
694,2020,730156288,LIB,D1 Atlantic Sun Conference,730374656,MRST,469054832,2020-02-29 13:00:00,2,0,2,1,1117047948,N. Skirrow,R,FA,R,1.43886271942,1.12797217759,8.43201092128,-5.87072272245,5.70284428361,B,BB,-1.77843470209,5.62697127829,87.1531005305,2298.02673683,145.262691644,0.13
695,2020,730156288,LIB,D1 Atlantic Sun Conference,730374656,MRST,469054832,2020-02-29 13:00:00,2,1,2,1,1117047948,N. Skirrow,R,FA,R,0.115746121527,2.36101974442,19.6225638225,1.39579561469,6.09860390388,F,BB,-1.66726608039,5.80651183937,90.6953303965,2241.88629667,184.062192411,0.0
696,2020,730156288,LIB,D1 Atlantic Sun Conference,730374656,MRST,469054832,2020-02-29 13:00:00,2,1,2,1,1117047948,N. Skirrow,R,FA,R,0.228992171055,2.82701430108,15.882855599,0.137927986336,5.98939916398,F,BB,-1.55263586024,5.65212467286,89.4062882117,2119.43349215,180.496526659,0.0
697,2020,730156288,LIB,D1 Atlantic Sun Conference,730374656,MRST,469054832,2020-02-29 13:00:00,2,1,2,1,1117047948,N. Skirrow,R,FC,R,0.937634137588,4.39108884556,6.00730152754,-5.37084216803,5.44672460672,B,BB,-1.9465026567,5.68335047277,87.1692457254,2275.42147629,138.364364154,0.13
698,2020,730156288,LIB,D1 Atlantic Sun Conference,730374656,MRST,469054832,2020-02-29 13:00:00,2,2,2,1,1117047948,N. Skirrow,R,FA,R,1.22369687835,1.47751791322,13.9295440547,-6.16237416486,5.56745327218,F,BB,-1.85610031934,5.7102287429,87.8421225629,2308.95816941,156.187579739,0.0
699,2020,730156288,LIB,D1 Atlantic Sun Conference,730374656,MRST,469054832,2020-02-29 13:00:00,2,2,2,1,1117047948,N. Skirrow,R,FA,R,-0.187846550162,3.80942277701,14.9508638102,5.21058188089,6.17657544318,B,BB,-1.58159399722,5.85874406646,89.1573777505,2117.74728492,199.175305687,0.13
700,2020,730156288,LIB,D1 Atlantic Sun Conference,730374656,MRST,469054832,2020-02-29 13:00:00,2,3,2,1,1117047948,N. Skirrow,R,FA,R,-0.367746106552,4.27265186605,16.794548562,1.71376669861,5.91845145992,B,BB,-1.53554159149,5.83276709316,89.0636329436,2099.88735392,185.815055246,0.8
701,2020,730156288,LIB,D1 Atlantic Sun Conference,730374656,MRST,469054832,2020-02-29 13:00:00,2,0,0,1,1117047948,N. Skirrow,R,FA,L,-0.529702124259,3.0173274484,20.8028972792,0.826219113042,6.16206892895,B,BB,-1.59310663924,6.00083693292,91.5623325532,2303.01431388,182.271009018,0.13
702,2020,730156288,LIB,D1 Atlantic Sun Conference,730374656,MRST,469054832,2020-02-29 13:00:00,2,1,0,1,1117047948,N. Skirrow,R,FA,L,-0.439375465456,2.55724948329,20.3188185273,7.68437188134,5.89155295913,F,BB,-1.5966405492,5.97015988392,90.3863234461,2198.17513533,200.686197856,-0.15
703,2020,730156288,LIB,D1 Atlantic Sun Conference,730374656,MRST,469054832,2020-02-29 13:00:00,2,1,1,1,1117047948,N. Skirrow,R,FA,L,1.07479876771,1.86691022895,9.57393554588,-2.70340717089,5.81503331975,B,BB,-1.5640241984,5.54956309101,90.6177460869,2040.7846351,164.282043729,0.13
704,2020,730156288,LIB,D1 Atlantic Sun Conference,730374656,MRST,469054832,2020-02-29 13:00:00,2,2,1,1,1117047948,N. Skirrow,R,FC,L,0.228659580774,1.04289732603,10.3101713184,-6.86830902195,5.5387930532,B,BB,-1.71458365185,5.70818953379,87.2115478229,2353.00275108,146.418692368,0.13
705,2020,730156288,LIB,D1 Atlantic Sun Conference,730374656,MRST,469054832,2020-02-29 13:00:00,2,3,1,1,1117047948,N. Skirrow,R,FA,L,0.965237551132,2.01622561897,16.9729141948,3.79740432852,5.90592498845,B,BB,-1.57257896142,5.80268277174,89.7345732282,2165.05557184,192.588027748,0.8
706,2020,730156288,LIB,D1 Atlantic Sun Conference,730374656,MRST,469054832,2020-02-29 13:00:00,2,0,0,1,1117047948,N. Skirrow,R,CU,L,0.499115938139,0.561594215189,-7.598575415,-13.3381175115,5.10666420006,SL,FC,-1.66557952938,5.86461326769,75.1370698701,2576.22595956,60.4856456886,-0.15
707,2020,730156288,LIB,D1 Atlantic Sun Conference,730374656,MRST,469054832,2020-02-29 13:00:00,2,0,1,1,1117047948,N. Skirrow,R,FA,L,0.122548765795,2.60630166029,19.968332244,-2.06818233975,6.02711754182,IP,FC,-1.53629261719,6.13089708236,89.7779114813,2195.11806317,174.096388967,-0.21
708,2020,730156288,LIB,D1 Atlantic Sun Conference,730374656,MRST,469054832,2020-02-29 13:00:00,2,0,0,2,1117047948,N. Skirrow,R,CU,L,-0.124301023567,1.41523550666,-4.29614239668,-14.8913869712,4.93164886396,SL,K,-1.65331135627,5.77570234821,75.2225546025,2499.92906187,74.077381511,-0.15
709,2020,730156288,LIB,D1 Atlantic Sun Conference,730374656,MRST,469054832,2020-02-29 13:00:00,2,0,1,2,1117047948,N. Skirrow,R,FC,L,1.4634048848,0.319388303765,7.12252830348,-3.80746426995,5.58025229833,B,K,-1.78598231842,5.75110995221,86.9701078105,2155.82362616,151.989493355,0.13
710,2020,730156288,LIB,D1 Atlantic Sun Conference,730374656,MRST,469054832,2020-02-29 13:00:00,2,1,1,2,1117047948,N. Skirrow,R,FA,L,0.371212755882,1.72737900514,13.460434334,-4.23271732018,6.00124597388,SL,K,-1.56799628886,5.78498972688,88.944738241,2211.39499854,162.584143915,-0.15
711,2020,730156288,LIB,D1 Atlantic Sun Conference,730374656,MRST,469054832,2020-02-29 13:00:00,2,1,2,2,1117047948,N. Skirrow,R,CU,L,1.04210112197,1.10570818467,-12.9701139664,-12.3867036754,5.21271735155,SS,K,-1.63797531975,5.81523031144,75.3808855592,2639.97313903,43.7889913103,-0.15
712,2020,730156288,LIB,D1 Atlantic Sun Conference,730374656,MRST,469054832,2020-02-29 13:00:00,3,0,0,0,1117047948,N. Skirrow,R,CU,R,-0.432994692533,3.08506006346,-11.3046903915,-17.2437164017,5.06894502854,B,K,-1.52892332987,5.88649579113,70.5014871023,2454.30711587,56.8798552835,0.13
713,2020,730156288,LIB,D1 Atlantic Sun Conference,730374656,MRST,469054832,2020-02-29 13:00:00,3,1,0,0,1117047948,N. Skirrow,R,FA,R,0.524107074554,1.46038793538,9.78366897938,0.786416843298,5.71200609157,F,K,-1.57766712948,5.61438504778,87.959248208,2093.13775641,184.579654844,-0.15
714,2020,730156288,LIB,D1 Atlantic Sun Conference,730374656,MRST,469054832,2020-02-29 13:00:00,3,1,1,0,1117047948,N. Skirrow,R,FA,R,-0.562546936039,1.69243103978,14.242559508,5.33572564119,6.05941398475,SL,K,-1.51484157871,5.63028559765,87.4220055583,2147.87427647,200.492847994,-0.15
715,2020,730156288,LIB,D1 Atlantic Sun Conference,730374656,MRST,469054832,2020-02-29 13:00:00,3,1,2,0,1117047948,N. Skirrow,R,CU,R,0.912018658404,0.370663283082,-12.4466601383,-9.31879391516,5.14115323004,SS,K,-1.66541199559,5.69091185969,73.9099174797,2521.2491785,36.9315820354,-0.15
716,2020,730156288,LIB,D1 Atlantic Sun Conference,730374656,MRST,469054832,2020-02-29 13:00:00,3,0,0,1,1117047948,N. Skirrow,R,FC,L,-1.75816067304,2.48307368755,13.1158445178,4.36650481748,6.07121133103,B,IP_OUT,-1.64227390979,5.55612271172,87.4236719426,2121.16273665,198.36938224,0.13
717,2020,730156288,LIB,D1 Atlantic Sun Conference,730374656,MRST,469054832,2020-02-29 13:00:00,3,1,0,1,1117047948,N. Skirrow,R,FA,L,-0.160437018183,3.72731016885,13.3640466853,-1.62310819267,5.95340688397,B,IP_OUT,-1.57166147627,5.83589793335,88.2961948785,2173.57724952,173.092211699,0.13
718,2020,730156288,LIB,D1 Atlantic Sun Conference,730374656,MRST,469054832,2020-02-29 13:00:00,3,2,0,1,1117047948,N. Skirrow,R,FC,L,-1.07966170293,2.48711028543,12.2877194213,4.76092644133,5.99745584867,SL,IP_OUT,-1.68440086362,5.49101509077,87.3791486403,2209.0678886,201.125484782,-0.15
719,2020,730156288,LIB,D1 Atlantic Sun Conference,730374656,MRST,469054832,2020-02-29 13:00:00,3,2,1,1,1117047948,N. Skirrow,R,FC,L,-1.42913619289,3.87534029795,16.436616918,9.37621190495,5.73965838335,B,IP_OUT,-1.71895935699,5.73724173868,87.566667428,2169.40856308,209.65048767,0.13
720,2020,730156288,LIB,D1 Atlantic Sun Conference,730374656,MRST,469054832,2020-02-29 13:00:00,3,3,1,1,1117047948,N. Skirrow,R,FA,L,-0.782257828684,2.8546780335,15.6416587903,8.07261517125,5.86702339876,SS,IP_OUT,-1.79268922565,5.7658526184,88.376833737,2177.42531495,207.248328183,-0.15
721,2020,730156288,LIB,D1 Atlantic Sun Conference,730374656,MRST,469054832,2020-02-29 13:00:00,3,0,0,2,1117047948,N. Skirrow,R,FA,L,0.37101429798,3.02819359105,17.9082373458,5.13866838354,5.89339121589,F,K,-1.50481477921,5.67649693103,88.523339301,2194.84490921,195.982167879,-0.15
722,2020,730156288,LIB,D1 Atlantic Sun Conference,730374656,MRST,469054832,2020-02-29 13:00:00,3,0,1,2,1117047948,N. Skirrow,R,CU,L,1.16555942044,-0.455162565074,-8.42852409485,-15.7579221456,5.41740728028,B,K,-1.48740432422,5.83827517136,74.4450946668,2529.99805292,61.9963201583,0.13
723,2020,730156288,LIB,D1 Atlantic Sun Conference,730374656,MRST,469054832,2020-02-29 13:00:00,3,1,1,2,1117047948,N. Skirrow,R,FA,L,1.30440849582,1.44264265332,19.8165128271,-0.124405053919,5.91926251468,B,K,-1.56563957877,5.80659823493,89.4979445994,2252.09794989,179.640903783,0.13
724,2020,730156288,LIB,D1 Atlantic Sun Conference,730374656,MRST,469054832,2020-02-29 13:00:00,3,2,1,2,1117047948,N. Skirrow,R,FA,L,-0.273055758991,1.89090140166,14.5942847649,-3.17027590695,6.18965084494,SL,K,-1.66135050539,5.57795920589,88.1998287938,2109.36829576,167.771236709,-0.15
725,2020,730156288,LIB,D1 Atlantic Sun Conference,730374656,MRST,469054832,2020-02-29 13:00:00,3,2,2,2,1117047948,N. Skirrow,R,FA,L,0.402509933566,3.17302622783,13.800982482,-0.923417125669,6.01255557129,SS,K,-1.64663888128,5.8110901289,88.5944812596,2212.77437827,176.181196399,-0.15
726,2020,730156288,LIB,D1 Atlantic Sun Conference,730374656,MRST,469054832,2020-02-29 13:00:00,4,0,0,1,1117047948,N. Skirrow,R,FC,R,1.53053558202,0.605496823009,18.9526562061,1.98083441499,5.91524655227,B,BB,-1.4182040989,5.74352518759,86.7612685283,2125.44864897,185.955661449,0.13
727,2020,730156288,LIB,D1 Atlantic Sun Conference,730374656,MRST,469054832,2020-02-29 13:00:00,4,1,0,1,1117047948,N. Skirrow,R,CU,R,2.08885079947,0.954766883531,-9.87765625983,-15.1633658796,5.25623496792,B,BB,-1.62725590791,5.85060965356,73.8155184021,2536.07755315,57.0521121462,0.13
728,2020,730156288,LIB,D1 Atlantic Sun Conference,730374656,MRST,469054832,2020-02-29 13:00:00,4,2,0,1,1117047948,N. Skirrow,R,FA,R,-0.824064056809,0.656006102703,18.1119380752,8.88199855061,5.97157334109,B,BB,-1.77536396248,5.75930153019,88.3489841312,2181.40183641,206.080781905,0.13
729,2020,730156288,LIB,D1 Atlantic Sun Conference,730374656,MRST,469054832,2020-02-29 13:00:00,4,3,0,1,1117047948,N. Skirrow,R,FC,R,-0.458603619629,3.26600300635,22.5109239691,3.96614434543,6.07458784486,B,BB,-1.52209183588,5.79934554915,87.933114791,2211.311566,189.9774348,0.8
730,2020,730156288,LIB,D1 Atlantic Sun Conference,730374656,MRST,469054832,2020-02-29 13:00:00,4,0,0,1,1117047948,N. Skirrow,R,FC,L,-0.975723142922,3.54165555489,15.5269092249,3.7401257956,5.74178065339,B,DP,-1.68838586347,5.68748629805,87.024911747,2136.5384943,193.514366965,0.13
731,2020,730156288,LIB,D1 Atlantic Sun Conference,730374656,MRST,469054832,2020-02-29 13:00:00,4,1,0,1,1117047948,N. Skirrow,R,FA,L,-0.684200004374,1.00384183619,18.5113010509,3.05338427551,5.88882589112,B,DP,-1.57505791687,5.93043439786,87.8588858536,2056.82398867,189.349485504,0.13
732,2020,730156288,LIB,D1 Atlantic Sun Conference,730374656,MRST,469054832,2020-02-29 13:00:00,4,2,0,1,1117047948,N. Skirrow,R,FC,L,-0.195939407454,2.26854024583,19.2047839432,5.03913289066,5.9223826867,SL,DP,-1.68559235454,5.71461220422,87.2298090685,2129.61471672,194.677046267,-0.15
733,2020,730156288,LIB,D1 Atlantic Sun Conference,730374656,MRST,469054832,2020-02-29 13:00:00,4,2,1,1,1117047948,N. Skirrow,R,FC,L,-0.748175732924,1.81905271233,16.9744721091,6.46958038921,5.9877370898,IP,DP,-1.58948289788,5.79013632498,87.2316363097,2145.67668541,200.825291861,-0.21
734,2020,730156288,LIB,D1 Atlantic Sun Conference,730374656,MRST,469054832,2020-02-29 13:00:00,5,0,0,1,1117047948,N. Skirrow,R,FC,L,-0.807261187266,2.10804541256,13.9235455857,1.39023649951,5.81973003593,SL,K,-1.50373889586,5.70503409093,84.8759885989,2105.8403582,185.687345003,-0.15
735,2020,730156288,LIB,D1 Atlantic Sun Conference,730374656,MRST,469054832,2020-02-29 13:00:00,5,0,1,1,1117047948,N. Skirrow,R,CU,L,-1.43711579315,2.56744421824,-5.25607843286,-17.3629638532,5.00949587163,B,K,-1.74515317534,5.83285211761,71.2231250238,2486.55383017,73.320338645,0.13
736,2020,730156288,LIB,D1 Atlantic Sun Conference,730374656,MRST,469054832,2020-02-29 13:00:00,5,1,1,1,1117047948,N. Skirrow,R,CU,L,0.473497462318,-0.527236481257,-12.3175792095,-17.1811118829,5.29553553893,B,K,-1.7788587402,5.66085623068,73.9296427222,2578.8217032,54.4712520823,0.13
737,2020,730156288,LIB,D1 Atlantic Sun Conference,730374656,MRST,469054832,2020-02-29 13:00:00,5,2,1,1,1117047948,N. Skirrow,R,FC,L,-0.730999053773,2.74523391245,16.197890437,6.22640654875,6.02407905362,F,K,-1.73553505564,5.70060199633,87.7676450516,2176.81723241,200.987017604,-0.15
738,2020,730156288,LIB,D1 Atlantic Sun Conference,730374656,MRST,469054832,2020-02-29 13:00:00,5,2,2,1,1117047948,N. Skirrow,R,FA,L,-1.15345830931,3.06896851502,16.1277204749,2.00320892178,5.90978051258,SS,K,-1.6195189352,5.74741625941,88.823844158,2072.68747841,187.06613117,-0.15
739,2020,730156288,LIB,D1 Atlantic Sun Conference,730374656,MRST,469054832,2020-02-29 13:00:00,5,0,0,2,1117047948,N. Skirrow,R,FC,L,0.517694002342,0.61821386136,15.1109225407,-2.86476755015,5.95531048101,B,IP_OUT,-1.61062313322,5.76147215866,87.5560244113,2164.20351039,169.28859922,0.13
740,2020,730156288,LIB,D1 Atlantic Sun Conference,730374656,MRST,469054832,2020-02-29 13:00:00,5,1,0,2,1117047948,N. Skirrow,R,FC,L,-0.68767651518,1.19330451621,17.3341574973,-1.86231816306,5.96331671537,SL,IP_OUT,-1.56787213099,5.84362679797,86.4913280261,2118.33350338,173.880164153,-0.15
741,2020,730156288,LIB,D1 Atlantic Sun Conference,730374656,MRST,469054832,2020-02-29 13:00:00,5,1,1,2,1117047948,N. Skirrow,R,CU,L,-1.4003759132,0.921825456823,-12.235656821,-12.1772834154,5.07972539661,B,IP_OUT,-1.56675129874,5.82557998602,73.9281043753,2405.06072176,44.9807308442,0.13
742,2020,730156288,LIB,D1 Atlantic Sun Conference,730374656,MRST,469054832,2020-02-29 13:00:00,6,0,1,0,1117047948,N. Skirrow,R,CU,R,0.383312708682,1.05728470449,-11.8074897335,-12.0134464512,5.34929112212,SS,K,-1.27742686055,5.91524961745,72.8788127647,2495.28611913,45.618764778,-0.15
743,2020,730156288,LIB,D1 Atlantic Sun Conference,730374656,MRST,469054832,2020-02-29 13:00:00,6,0,2,0,1117047948,N. Skirrow,R,CU,R,-1.74618974525,1.51636982234,-10.7886876238,-12.7934386348,5.31998710849,B,K,-1.36995279672,5.92804406441,73.4509525396,2377.26584136,49.9895860842,0.13
744,2020,730156288,LIB,D1 Atlantic Sun Conference,730374656,MRST,469054832,2020-02-29 13:00:00,6,1,2,0,1117047948,N. Skirrow,R,CU,R,-0.527396116432,0.921357537446,-10.4343227178,-14.5525464425,5.28736079765,SS,K,-1.48275613151,5.83796684676,72.8648655018,2519.5949007,54.49029636,-0.15
745,2020,730156288,LIB,D1 Atlantic Sun Conference,730374656,MRST,469054832,2020-02-29 13:00:00,6,0,0,1,1117047948,N. Skirrow,R,FC,L,0.168337835947,-0.456575983549,16.4884648179,-1.3934354201,6.06503315405,B,BB,-1.54165845345,5.72883019733,87.6680999428,2109.73572655,175.179371133,0.13
746,2020,730156288,LIB,D1 Atlantic Sun Conference,730374656,MRST,469054832,2020-02-29 13:00:00,6,1,0,1,1117047948,N. Skirrow,R,FC,L,1.04604471382,1.68041624123,21.3215497254,-1.62812183975,5.71893478343,B,BB,-1.41296256338,6.05704084116,87.356984481,2247.11341675,175.640395766,0.13
747,2020,730156288,LIB,D1 Atlantic Sun Conference,730374656,MRST,469054832,2020-02-29 13:00:00,6,2,0,1,1117047948,N. Skirrow,R,FC,L,-0.206518168599,1.19925080457,19.5512044276,-0.0865154506957,6.052714298,SL,BB,-1.64613585735,5.73676628729,87.0188351602,2148.7622781,179.746916991,-0.15
748,2020,730156288,LIB,D1 Atlantic Sun Conference,730374656,MRST,469054832,2020-02-29 13:00:00,6,2,1,1,1117047948,N. Skirrow,R,FC,L,-1.72226495959,4.68021594392,16.249434197,4.59846981045,6.00281131404,B,BB,-1.7160261787,5.85416975054,87.0741381118,2069.20203977,195.76949204,0.13
749,2020,730156288,LIB,D1 Atlantic Sun Conference,730374656,MRST,469054832,2020-02-29 13:00:00,6,3,1,1,1117047948,N. Skirrow,R,FA,L,0.673762394528,0.118342895357,19.4872240942,-0.432129840578,6.00289162867,B,BB,-1.5946058055,5.69457655288,88.5041188593,2208.48099027,178.731877565,0.8
750,2020,730156288,LIB,D1 Atlantic Sun Conference,730374656,MRST,469054832,2020-02-29 13:00:00,6,0,0,1,1117047948,N. Skirrow,R,CU,L,-1.05830635424,2.38248814385,-7.07000001151,-15.13439042,5.15951458679,SL,BB,-1.57905230818,5.91866141139,72.4243841847,2529.58340221,65.1211762316,-0.15
751,2020,730156288,LIB,D1 Atlantic Sun Conference,730374656,MRST,469054832,2020-02-29 13:00:00,6,0,1,1,1117047948,N. Skirrow,R,FC,L,-0.820431606627,2.60200567856,24.0792182862,-3.13853370058,5.97343067334,SL,BB,-1.66147189342,6.1364074454,85.8757672884,2097.51803573,172.584622163,-0.15
752,2020,730156288,LIB,D1 Atlantic Sun Conference,730374656,MRST,469054832,2020-02-29 13:00:00,6,0,2,1,1117047948,N. Skirrow,R,CU,L,-2.31630695419,3.71536639022,-4.00651544867,-16.0866912358,5.2759283592,B,BB,-1.50785797569,5.81558795959,73.2418282764,2449.74217209,76.1838199618,0.13
753,2020,730156288,LIB,D1 Atlantic Sun Conference,730374656,MRST,469054832,2020-02-29 13:00:00,6,1,2,1,1117047948,N. Skirrow,R,CU,L,0.376012492677,0.301586610658,-12.3277448472,-8.16004087824,5.09063415183,B,BB,-1.55683401949,5.94829112501,75.1981050893,2594.25227923,33.6054674959,0.13
754,2020,730156288,LIB,D1 Atlantic Sun Conference,730374656,MRST,469054832,2020-02-29 13:00:00,6,2,2,1,1117047948,N. Skirrow,R,CU,L,-1.3916018781,2.68511391195,-10.9524494982,-13.5366678935,5.27805200945,B,BB,-1.46772407542,5.84919503609,73.4376265383,2487.8626566,51.1517664135,0.13
755,2020,730156288,LIB,D1 Atlantic Sun Conference,730374656,MRST,469054832,2020-02-29 13:00:00,6,3,2,1,1117047948,N. Skirrow,R,FA,L,-1.39094418772,4.06104034829,16.3059310489,-2.34868409258,5.90590376716,B,BB,-1.61767484818,5.79183375249,88.3118294469,2133.97878227,171.82020506,0.8
756,2020,730156288,LIB,D1 Atlantic Sun Conference,730374656,MRST,469054832,2020-02-29 13:00:00,6,0,0,1,1416750464,T. Britts,R,FA,R,0.960658994591,0.591356235814,15.9131221153,14.2681753604,5.52259219901,B,IP_OUT,-3.30931904739,4.76349766564,85.9346056314,1910.68136811,221.814413671,0.13
757,2020,730156288,LIB,D1 Atlantic Sun Conference,730374656,MRST,469054832,2020-02-29 13:00:00,6,1,0,1,1416750464,T. Britts,R,FA,R,-0.468740370019,2.55861568176,10.4060133951,13.9764752271,5.53287047268,F,IP_OUT,-3.24069433583,4.80370347796,85.6561539068,1821.82485927,233.233928198,-0.15
758,2020,730156288,LIB,D1 Atlantic Sun Conference,730374656,MRST,469054832,2020-02-29 13:00:00,6,1,1,1,1416750464,T. Britts,R,CH,R,1.57508861603,-0.38055199722,10.2006614042,-0.530067466829,5.82239226711,B,IP_OUT,-3.13935092497,4.97420549332,82.6432316072,2026.10865626,177.0364673,0.13
759,2020,730156288,LIB,D1 Atlantic Sun Conference,730374656,MRST,469054832,2020-02-29 13:00:00,6,2,1,1,1416750464,T. Britts,R,CH,R,0.0819558595398,2.28062118506,8.76342732609,-2.94460028757,5.91045930607,F,IP_OUT,-3.2760172287,4.99463600513,80.6986401703,1958.57389648,161.506431723,-0.15
760,2020,730156288,LIB,D1 Atlantic Sun Conference,730374656,MRST,469054832,2020-02-29 13:00:00,6,0,0,2,1416750464,T. Britts,R,FA,R,0.287226850754,2.43959079024,3.49132888741,13.3233198916,5.60722688523,SL,BB,-3.20505443786,5.00181328738,86.7576581002,1934.87634964,255.172820999,-0.15
761,2020,730156288,LIB,D1 Atlantic Sun Conference,730374656,MRST,469054832,2020-02-29 13:00:00,6,0,1,2,1416750464,T. Britts,R,CH,R,1.43060994054,1.13413498643,10.1165168084,-0.37094332393,5.71148913336,B,BB,-3.34620397537,4.93116983568,81.8740422548,1963.54316083,177.908283116,0.13
762,2020,730156288,LIB,D1 Atlantic Sun Conference,730374656,MRST,469054832,2020-02-29 13:00:00,6,1,1,2,1416750464,T. Britts,R,CH,R,0.367228602475,1.67541357063,7.65261639888,0.460419960588,5.71985376035,SS,BB,-3.20194572749,5.00815436533,81.2348048108,1988.88100472,183.425081276,-0.15
763,2020,730156288,LIB,D1 Atlantic Sun Conference,730374656,MRST,469054832,2020-02-29 13:00:00,6,1,2,2,1416750464,T. Britts,R,CH,R,1.21979471937,0.0989040968723,6.26493501303,1.31428587054,5.92603116211,B,BB,-3.22943747228,4.98390364534,82.9187708569,2001.22776639,191.777646314,0.13
764,2020,730156288,LIB,D1 Atlantic Sun Conference,730374656,MRST,469054832,2020-02-29 13:00:00,6,2,2,2,1416750464,T. Britts,R,CH,R,0.417086094647,1.06117017165,4.8829411498,-0.675343887185,5.75011818358,B,BB,-3.24778689364,4.95144475684,81.7114642921,2015.10565464,172.187997304,0.13
765,2020,730156288,LIB,D1 Atlantic Sun Conference,730374656,MRST,469054832,2020-02-29 13:00:00,6,3,2,2,1416750464,T. Britts,R,FA,R,-1.33614440483,1.46010138792,7.47631205285,13.9687213168,5.64332938341,B,BB,-3.43298631675,4.82988301527,88.3056852595,2072.61475826,241.733182967,0.8
766,2020,730156288,LIB,D1 Atlantic Sun Conference,730374656,MRST,469054832,2020-02-29 13:00:00,6,0,0,2,1416750464,T. Britts,R,FA,L,-0.251093098939,1.68612004586,5.61426644427,17.0909180385,5.56335396372,SS,ROE,-3.4370762058,4.94711776331,85.4043086427,1917.09934481,251.70304157,-0.15
767,2020,730156288,LIB,D1 Atlantic Sun Conference,730374656,MRST,469054832,2020-02-29 13:00:00,6,0,1,2,1416750464,T. Britts,R,FA,L,-0.217889279333,0.683164519152,5.24549077607,17.0016175863,5.54100412572,B,ROE,-3.44255451331,4.68709906915,85.9140044022,1929.90171176,252.741323425,0.13
768,2020,730156288,LIB,D1 Atlantic Sun Conference,730374656,MRST,469054832,2020-02-29 13:00:00,6,1,1,2,1416750464,T. Britts,R,FA,L,-0.0287086140012,2.28715307501,7.83093982527,18.6488066391,5.55552389249,IP,ROE,-3.31727035866,4.82673800433,88.5854634973,2036.44099434,247.132215665,0.0
769,2020,730156288,LIB,D1 Atlantic Sun Conference,730374656,MRST,469054832,2020-02-29 13:00:00,6,0,0,2,1416750464,T. Britts,R,FA,R,0.606494240647,2.15648130761,4.09854794742,20.1689453655,5.42692950107,F,IP_OUT,-3.28355473529,4.87401804895,87.9602572551,2026.57335546,258.417191231,-0.15
770,2020,730156288,LIB,D1 Atlantic Sun Conference,730374656,MRST,469054832,2020-02-29 13:00:00,6,0,1,2,1416750464,T. Britts,R,FA,R,0.532651155248,1.47668489959,9.54178509763,15.990344328,5.56298389737,SS,IP_OUT,-3.23348866248,4.97761830407,86.320855322,1952.71019539,239.078242805,-0.15
771,2020,730156288,LIB,D1 Atlantic Sun Conference,730374656,MRST,469054832,2020-02-29 13:00:00,7,0,0,0,1416750464,T. Britts,R,FA,L,-1.40684947872,2.46022451996,13.1172450293,10.5731248064,5.27435882756,F,IP_OUT,-3.48478625995,4.89619581773,86.1041855633,2050.35076188,218.791974185,-0.15
772,2020,730156288,LIB,D1 Atlantic Sun Conference,730374656,MRST,469054832,2020-02-29 13:00:00,7,0,0,1,1416750464,T. Britts,R,FA,L,-0.972727503006,3.48134201057,13.1629562601,10.8242153361,5.51733315293,B,BB,-3.55482343814,4.84866516261,87.3966912003,1934.6462137,219.356632337,0.13
773,2020,730156288,LIB,D1 Atlantic Sun Conference,730374656,MRST,469054832,2020-02-29 13:00:00,7,1,0,1,1416750464,T. Britts,R,FA,L,-1.07253209582,3.62440775219,9.8996055226,14.8701729089,5.41953441257,B,BB,-3.50080431411,4.75863165803,86.0199318365,1922.22219748,236.24907,0.13
774,2020,730156288,LIB,D1 Atlantic Sun Conference,730374656,MRST,469054832,2020-02-29 13:00:00,7,2,0,1,1416750464,T. Britts,R,FA,L,-1.14007784188,3.41080493033,12.4265886257,13.8715655252,5.43111841325,B,BB,-3.48477240305,4.87073962603,86.2203768037,1981.9025519,228.062430817,0.13
775,2020,730156288,LIB,D1 Atlantic Sun Conference,730374656,MRST,469054832,2020-02-29 13:00:00,7,3,0,1,1416750464,T. Britts,R,FA,L,-2.31499282285,3.41103047204,10.5173151774,12.5298998002,5.52753428778,B,BB,-3.60098573773,4.764621341,86.6112309777,1956.24994241,229.895332223,0.8
776,2020,730156288,LIB,D1 Atlantic Sun Conference,730374656,MRST,469054832,2020-02-29 13:00:00,7,0,0,1,1416750464,T. Britts,R,FA,R,-0.0175716432059,0.879774644738,7.96701887919,14.2893702846,5.60175096737,B,FC,-3.45757594133,4.84340199976,85.9100690192,2081.09521388,240.746628379,0.13
777,2020,730156288,LIB,D1 Atlantic Sun Conference,730374656,MRST,469054832,2020-02-29 13:00:00,7,1,0,1,1416750464,T. Britts,R,CH,R,0.792992662538,1.79223569604,9.13133318149,-2.46935872938,5.71530678812,IP,FC,-3.33973894348,4.9336376402,82.5505377767,2084.68579494,164.928722142,-0.21
778,2020,730156288,LIB,D1 Atlantic Sun Conference,730374656,MRST,469054832,2020-02-29 13:00:00,7,0,0,2,1416750464,T. Britts,R,FA,L,-0.053670927567,2.4500298659,11.008235892,12.9492448122,5.52986835062,SL,IP_OUT,-3.46917702797,4.87674083395,87.1050556317,2003.39966538,229.540415092,-0.15
779,2020,730156288,LIB,D1 Atlantic Sun Conference,730374656,MRST,469054832,2020-02-29 13:00:00,7,0,1,2,1416750464,T. Britts,R,CH,L,1.14772705531,0.604323126427,10.256567824,-0.0129662528025,5.7769687734,B,IP_OUT,-3.43668318917,4.82868112401,82.81520159,2183.55269831,179.927839364,0.13
780,2020,730156288,LIB,D1 Atlantic Sun Conference,730374656,MRST,469054832,2020-02-29 13:00:00,7,1,1,2,1416750464,T. Britts,R,CH,L,0.60774033084,-0.882789434563,9.24762149156,0.781063635058,5.74167142964,B,IP_OUT,-3.43177594995,4.83168446752,82.1561484169,2027.17421166,184.80766247,0.13
781,2020,730156288,LIB,D1 Atlantic Sun Conference,730374656,MRST,469054832,2020-02-29 13:00:00,8,0,0,0,1491601467,L. Riley,R,FA,L,-1.39691609692,0.72887116557,21.4899418224,-2.47233243846,5.01287658137,B,IP_OUT,-0.81224290737,6.05561417788,87.676245269,2255.31022671,173.447979264,0.13
782,2020,730156288,LIB,D1 Atlantic Sun Conference,730374656,MRST,469054832,2020-02-29 13:00:00,8,0,0,1,1491601467,L. Riley,R,FA,R,0.758374325346,1.91323875197,22.3392602081,2.79012261574,4.90918973639,SL,IP_OUT,-0.61907549396,6.1913759415,88.0761226458,2279.12961491,187.108012058,-0.15
783,2020,730156288,LIB,D1 Atlantic Sun Conference,730374656,MRST,469054832,2020-02-29 13:00:00,8,0,1,1,1491601467,L. Riley,R,FA,R,1.05734851906,1.32975068361,23.7077985,3.33469931082,4.94486005763,B,IP_OUT,-0.643141509762,6.22225010199,89.2263318479,2333.45609335,187.994891863,0.13
784,2020,730156288,LIB,D1 Atlantic Sun Conference,730374656,MRST,469054832,2020-02-29 13:00:00,8,0,0,2,1491601467,L. Riley,R,FA,R,0.181533460978,1.28421295904,24.8802987639,1.98981026584,4.80035601057,SL,K,-0.683603833575,6.2272429585,89.5026385038,2261.8065051,184.566137891,-0.15
785,2020,730156288,LIB,D1 Atlantic Sun Conference,730374656,MRST,469054832,2020-02-29 13:00:00,8,0,1,2,1491601467,L. Riley,R,FA,R,0.898036376011,1.67833499092,22.9268734957,2.41748391376,4.78130170123,SL,K,-0.514225268103,6.05676745772,90.2016051702,2347.31322322,186.010256306,-0.15
786,2020,730156288,LIB,D1 Atlantic Sun Conference,730374656,MRST,469054832,2020-02-29 13:00:00,8,0,2,2,1491601467,L. Riley,R,CH,R,1.20493589814,0.618999662439,5.41390530365,-6.55332912606,5.20996326082,SS,K,-0.697269005305,5.90245333988,83.6210330749,2314.97240115,129.761180297,-0.15
787,2020,730156288,LIB,D1 Atlantic Sun Conference,730374656,MRST,469054832,2020-02-29 13:00:00,9,1,0,0,1491601467,L. Riley,R,FA,L,0.0497263662989,1.39936064117,25.5184979383,5.05799863851,4.87737610939,SL,K,-0.555570327521,6.21232435235,88.0249264866,2233.46972979,191.196106556,-0.15
788,2020,730156288,LIB,D1 Atlantic Sun Conference,730374656,MRST,469054832,2020-02-29 13:00:00,9,1,1,0,1491601467,L. Riley,R,FA,L,-0.699538983506,2.2776239695,26.6603694809,4.67902974004,4.8505295821,F,K,-0.67282932884,6.22494570399,88.3797504406,2249.55712039,189.94145258,-0.15
789,2020,730156288,LIB,D1 Atlantic Sun Conference,730374656,MRST,469054832,2020-02-29 13:00:00,9,1,2,0,1491601467,L. Riley,R,SL,L,-0.992441563522,-0.66269411159,8.1753267586,-3.32623687081,5.21339073834,B,K,-0.859805560144,5.97641904668,81.2518434423,2090.26751851,157.959404023,0.13
790,2020,730156288,LIB,D1 Atlantic Sun Conference,730374656,MRST,469054832,2020-02-29 13:00:00,9,2,2,0,1491601467,L. Riley,R,FA,L,0.504837996737,1.40656858312,21.5758297137,5.70309375603,4.86297578596,SS,K,-0.542745652954,6.10724222237,89.0783923589,2350.98277379,194.783480963,-0.15
791,2020,730156288,LIB,D1 Atlantic Sun Conference,730374656,MRST,469054832,2020-02-29 13:00:00,9,0,0,1,1491601467,L. Riley,R,FA,R,0.761063445143,0.479411190872,23.4003376909,2.79790045678,4.98998138922,B,K,-0.532583460187,6.13907786561,88.8942809681,2247.33375188,186.808258781,0.13
792,2020,730156288,LIB,D1 Atlantic Sun Conference,730374656,MRST,469054832,2020-02-29 13:00:00,9,1,0,1,1491601467,L. Riley,R,FA,R,0.553856124254,1.8711079397,22.7694478715,3.9581524588,4.94903023866,SS,K,-0.576511074995,6.1815108301,88.388968948,2305.47676726,189.846637102,-0.15
793,2020,730156288,LIB,D1 Atlantic Sun Conference,730374656,MRST,469054832,2020-02-29 13:00:00,9,1,1,1,1491601467,L. Riley,R,FA,R,0.820596425597,1.69506526339,23.8353779763,7.20630581046,4.93522785942,SL,K,-0.573213953758,6.09010414829,89.2615869274,2276.05210356,196.798920803,-0.15
794,2020,730156288,LIB,D1 Atlantic Sun Conference,730374656,MRST,469054832,2020-02-29 13:00:00,9,1,2,1,1491601467,L. Riley,R,FA,R,0.287025704798,0.855329409477,26.2403205707,4.42863177786,4.9093713366,B,K,-0.526746300012,6.11296334697,89.4033041635,2272.55895913,189.567247497,0.13
795,2020,730156288,LIB,D1 Atlantic Sun Conference,730374656,MRST,469054832,2020-02-29 13:00:00,9,2,2,1,1491601467,L. Riley,R,FA,R,1.17928265441,2.45456760585,24.7873772691,1.47517525177,4.75157749466,SS,K,-0.630137472466,6.01580411506,89.1541062548,2342.60549089,183.401079072,-0.15
796,2020,730156288,LIB,D1 Atlantic Sun Conference,730374656,MRST,469054832,2020-02-29 13:00:00,9,0,0,2,1491601467,L. Riley,R,FA,L,-1.15480795441,2.30343845566,26.5597110202,5.52979185174,4.81731242564,SL,IP_OUT,-0.691649189017,6.30717644044,88.5551923149,2254.00497867,191.745988951,-0.15
797,2020,730156288,LIB,D1 Atlantic Sun Conference,730374656,MRST,469054832,2020-02-29 13:00:00,9,0,1,2,1491601467,L. Riley,R,CH,L,-0.774955549333,1.39226582047,0.988929074825,-4.51177593189,5.38787783812,F,IP_OUT,-0.97130566119,5.70221299403,82.3443096171,2127.32341806,102.832330087,-0.15
798,2020,730156288,LIB,D1 Atlantic Sun Conference,730374656,MRST,355127466,2020-02-28 13:00:00,1,0,0,0,1186832686,M. Meyer,L,FA,L,-0.246877224458,1.50179922534,11.3217048104,-14.2323053261,5.33756536626,SL,K,2.21240655994,5.7580914364,84.8446798567,1644.45751497,128.593420668,-0.15
799,2020,730156288,LIB,D1 Atlantic Sun Conference,730374656,MRST,355127466,2020-02-28 13:00:00,1,0,1,0,1186832686,M. Meyer,L,FA,L,0.0348707152295,1.69770315127,15.7276577492,-14.8029198485,5.45245350507,SS,K,2.2287279585,5.9727012578,85.8213635659,1751.58978431,136.80053072,-0.15
800,2020,730156288,LIB,D1 Atlantic Sun Conference,730374656,MRST,355127466,2020-02-28 13:00:00,1,0,2,0,1186832686,M. Meyer,L,FA,L,-2.71037264659,1.1826228938,17.3289641894,-7.71465245128,5.35300299567,B,K,2.04434253496,6.04919882779,86.8180475513,1764.11563362,156.046284079,0.13
801,2020,730156288,LIB,D1 Atlantic Sun Conference,730374656,MRST,355127466,2020-02-28 13:00:00,1,1,2,0,1186832686,M. Meyer,L,CH,L,0.108722580968,1.01613731118,5.37214711081,-20.5181378299,5.46041068225,SS,K,2.46428510772,5.46349741144,80.7938340944,1482.65612108,104.7786231,-0.15
802,2020,730156288,LIB,D1 Atlantic Sun Conference,730374656,MRST,355127466,2020-02-28 13:00:00,1,0,0,1,1186832686,M. Meyer,L,FA,R,0.643620568392,1.09567370767,15.9447397351,-12.5923641004,5.37539531794,B,IP_OUT,2.22661161794,5.96552610336,86.9678785346,1758.53961203,141.761885343,0.13
803,2020,730156288,LIB,D1 Atlantic Sun Conference,730374656,MRST,355127466,2020-02-28 13:00:00,1,1,0,1,1186832686,M. Meyer,L,CH,R,1.48835280586,2.60646748403,10.9834925296,-17.3097483881,5.31614500947,B,IP_OUT,2.43040916663,5.73347046382,79.9343436523,1439.1098341,122.494937828,0.13
804,2020,730156288,LIB,D1 Atlantic Sun Conference,730374656,MRST,355127466,2020-02-28 13:00:00,1,2,0,1,1186832686,M. Meyer,L,FA,R,-0.351665124264,1.6579068424,20.7465842047,-11.5789961532,5.45573133059,SL,IP_OUT,2.28530942943,5.95301328409,86.56448704,1773.93274854,150.875757393,-0.15
805,2020,730156288,LIB,D1 Atlantic Sun Conference,730374656,MRST,355127466,2020-02-28 13:00:00,1,0,0,2,1186832686,M. Meyer,L,FA,L,-0.163032708168,1.15351268213,13.3752687982,-17.3791477098,5.42389516197,SS,IP_OUT,2.1358713704,5.91570909791,87.0906999375,1684.33460163,127.655879501,-0.15
806,2020,730156288,LIB,D1 Atlantic Sun Conference,730374656,MRST,355127466,2020-02-28 13:00:00,1,0,1,2,1186832686,M. Meyer,L,SL,L,-0.119362197983,1.88985419069,-0.571689540687,-2.19794988379,5.07854874137,F,IP_OUT,2.34435515755,5.92741596087,76.6900009559,1962.23233236,76.5702418556,-0.15
807,2020,730156288,LIB,D1 Atlantic Sun Conference,730374656,MRST,355127466,2020-02-28 13:00:00,2,0,0,0,1186832686,M. Meyer,L,SL,L,-1.04052139698,-0.874507720901,-2.73545971298,-2.77458468452,5.0486827432,B,K,2.30702418584,5.96921178976,74.641644732,1917.96585148,45.9352523,0.13
808,2020,730156288,LIB,D1 Atlantic Sun Conference,730374656,MRST,355127466,2020-02-28 13:00:00,2,1,0,0,1186832686,M. Meyer,L,FA,L,-0.446140017254,1.89574995374,12.1108343471,-14.534177107,5.251365198,F,K,2.02032016958,6.08912958626,83.1927787878,1547.0852362,129.894761976,-0.15
809,2020,730156288,LIB,D1 Atlantic Sun Conference,730374656,MRST,355127466,2020-02-28 13:00:00,2,1,1,0,1186832686,M. Meyer,L,CH,L,0.420232477299,1.630137604,13.5583173559,-16.294736906,5.1991248699,SS,K,2.31204192611,5.92767998571,77.5638180195,1508.63701907,129.856329047,-0.15
810,2020,730156288,LIB,D1 Atlantic Sun Conference,730374656,MRST,355127466,2020-02-28 13:00:00,2,1,2,0,1186832686,M. Meyer,L,CH,L,-0.313303462452,1.73262685691,9.93412836591,-17.1799944769,5.30213984928,SS,K,2.42528615416,5.79732991969,78.1445959665,1462.93992953,120.149514771,-0.15
811,2020,730156288,LIB,D1 Atlantic Sun Conference,730374656,MRST,355127466,2020-02-28 13:00:00,2,0,0,1,1186832686,M. Meyer,L,FA,L,-0.590474309154,3.22112753312,17.6270105449,-10.695650014,5.32603750103,F,S,2.03631285613,6.03388950267,84.7885564139,1805.63477469,148.805869999,-0.15
812,2020,730156288,LIB,D1 Atlantic Sun Conference,730374656,MRST,355127466,2020-02-28 13:00:00,2,0,1,1,1186832686,M. Meyer,L,FA,L,0.33281626852,1.73814695774,13.6462025243,-15.6347409335,5.36412586379,IP,S,2.10997246103,6.0210294994,84.2673359383,1588.46315216,131.193524464,1.0
813,2020,730156288,LIB,D1 Atlantic Sun Conference,730374656,MRST,355127466,2020-02-28 13:00:00,2,0,0,1,1186832686,M. Meyer,L,SL,R,-0.201807431067,2.07208103627,-1.53614510642,-0.945912160888,5.19474825633,SL,K,2.49194595245,5.83811881822,75.1594609345,2054.70094991,32.4660266453,-0.15
814,2020,730156288,LIB,D1 Atlantic Sun Conference,730374656,MRST,355127466,2020-02-28 13:00:00,2,0,1,1,1186832686,M. Meyer,L,FA,R,0.532509282909,3.05055102357,21.3292407872,-13.0424417782,5.28729526673,SS,K,2.34973634752,5.95854015721,85.0667978443,1847.75826861,148.59979052,-0.15
815,2020,730156288,LIB,D1 Atlantic Sun Conference,730374656,MRST,355127466,2020-02-28 13:00:00,2,0,2,1,1186832686,M. Meyer,L,FA,R,0.828601935809,1.92495839107,13.5668640073,-18.1360750993,5.25567678609,F,K,2.36196439218,6.02338006481,84.2132814472,1781.32727575,126.876409197,0.0
816,2020,730156288,LIB,D1 Atlantic Sun Conference,730374656,MRST,355127466,2020-02-28 13:00:00,2,0,2,1,1186832686,M. Meyer,L,SL,R,-0.17906591745,0.130871347509,2.20377921873,-1.92524046161,5.42879127209,B,K,2.55372813529,5.96327990175,76.0165814135,2030.38147612,139.465559103,0.13
817,2020,730156288,LIB,D1 Atlantic Sun Conference,730374656,MRST,355127466,2020-02-28 13:00:00,2,1,2,1,1186832686,M. Meyer,L,SL,R,-0.213452647264,0.883583399419,0.138674085486,0.827026222233,5.17195118832,B,K,2.52420618589,5.71660918137,74.917244871,2072.46254503,257.220631131,0.13
818,2020,730156288,LIB,D1 Atlantic Sun Conference,730374656,MRST,355127466,2020-02-28 13:00:00,2,2,2,1,1186832686,M. Meyer,L,CH,R,-0.675270161441,0.0354340925417,14.38147411,-16.5858178227,5.46549864877,B,K,2.47326667985,5.75960475542,79.9443370129,1466.54436706,131.011416393,0.13
819,2020,730156288,LIB,D1 Atlantic Sun Conference,730374656,MRST,355127466,2020-02-28 13:00:00,2,3,2,1,1186832686,M. Meyer,L,CH,R,0.373711956693,1.58700432328,17.8516966168,-15.0937004505,5.49654903586,SS,K,2.43689421201,5.88519051683,78.8770135414,1625.85350088,139.853189261,-0.15
820,2020,730156288,LIB,D1 Atlantic Sun Conference,730374656,MRST,355127466,2020-02-28 13:00:00,2,0,0,2,1186832686,M. Meyer,L,FA,R,-1.03019428246,2.3013184054,27.9062007513,-16.093113767,5.39368351424,B,D,2.22812462132,6.32850522948,86.050257246,1852.73412369,150.061576264,0.13
821,2020,730156288,LIB,D1 Atlantic Sun Conference,730374656,MRST,355127466,2020-02-28 13:00:00,2,1,0,2,1186832686,M. Meyer,L,CH,R,-0.112329006394,0.528278138027,11.9867954625,-19.6837382539,5.38520049626,B,D,2.54746494787,5.81127553944,77.6416746918,1637.7487474,121.435828868,0.13
822,2020,730156288,LIB,D1 Atlantic Sun Conference,730374656,MRST,355127466,2020-02-28 13:00:00,2,2,0,2,1186832686,M. Meyer,L,CH,R,0.599111794437,0.30646649399,15.0654538641,-19.223568697,5.53355220636,SS,D,2.72797791978,6.11502403932,76.3973012226,1545.97371536,128.17086762,-0.15
823,2020,730156288,LIB,D1 Atlantic Sun Conference,730374656,MRST,355127466,2020-02-28 13:00:00,2,2,1,2,1186832686,M. Meyer,L,FA,R,0.0875595510061,2.52776738275,29.3224622923,-15.5168028693,5.29402063351,IP,D,2.30778488973,6.40906760827,85.1090492925,1806.22811595,152.143684235,1.26
824,2020,730156288,LIB,D1 Atlantic Sun Conference,730374656,MRST,355127466,2020-02-28 13:00:00,2,0,0,2,1186832686,M. Meyer,L,SL,L,-0.201377484599,2.02303685237,4.8956498428,-2.84806837956,5.46293551952,IP,S,2.45078110258,5.81270598376,76.526344087,2078.84109456,150.045041749,1.0
825,2020,730156288,LIB,D1 Atlantic Sun Conference,730374656,MRST,355127466,2020-02-28 13:00:00,2,0,0,2,1186832686,M. Meyer,L,FA,L,-0.471446301036,2.05456620795,16.2522843684,-18.0341748756,5.56049470871,F,K,2.22237402127,6.06938685953,83.8707419284,1727.11354253,132.092095382,-0.15
826,2020,730156288,LIB,D1 Atlantic Sun Conference,730374656,MRST,355127466,2020-02-28 13:00:00,2,0,1,2,1186832686,M. Meyer,L,FA,L,-0.72512875739,1.7031677653,20.7312183184,-16.8458117434,5.40108860271,SL,K,2.1960014128,6.14627190414,84.4220601714,1970.279423,140.955008492,-0.15
827,2020,730156288,LIB,D1 Atlantic Sun Conference,730374656,MRST,355127466,2020-02-28 13:00:00,2,0,2,2,1186832686,M. Meyer,L,SL,L,-0.916200551964,0.444824905317,-0.0168161885737,-0.964511019415,5.33414256661,SS,K,2.30534118155,5.91879106446,76.1141519455,2054.69275016,91.7996613261,-0.15
828,2020,730156288,LIB,D1 Atlantic Sun Conference,730374656,MRST,355127466,2020-02-28 13:00:00,3,0,0,0,1186832686,M. Meyer,L,CH,L,0.955523565629,2.30001675508,11.4429220969,-16.6328375069,5.26881127214,F,S,2.41435662249,5.9285788594,77.6911459876,1402.66397874,124.630393326,-0.15
829,2020,730156288,LIB,D1 Atlantic Sun Conference,730374656,MRST,355127466,2020-02-28 13:00:00,3,0,1,0,1186832686,M. Meyer,L,CH,L,0.354332261581,0.759774390769,15.3648030229,-17.2185877333,5.28959448966,B,S,2.477183332,5.92431480665,78.2831230041,1599.91799068,131.825486318,0.13
830,2020,730156288,LIB,D1 Atlantic Sun Conference,730374656,MRST,355127466,2020-02-28 13:00:00,3,1,1,0,1186832686,M. Meyer,L,CH,L,0.168582615301,2.49268223782,14.3957417512,-18.6833666907,5.40112024662,IP,S,2.51018148,5.91148540192,78.826206766,1574.10515644,127.697982181,1.0
831,2020,730156288,LIB,D1 Atlantic Sun Conference,730374656,MRST,355127466,2020-02-28 13:00:00,3,0,0,0,1186832686,M. Meyer,L,FA,R,0.394542942147,2.46466697766,10.5173458602,-18.3186293777,5.49082808069,F,SH,2.22005850555,5.89552453993,84.6610161265,1646.60723075,119.948801715,-0.15
832,2020,730156288,LIB,D1 Atlantic Sun Conference,730374656,MRST,355127466,2020-02-28 13:00:00,3,0,0,1,1186832686,M. Meyer,L,SL,L,-1.09947393677,0.216260267848,-0.0486031005761,2.46267914588,5.49980916109,B,IP_OUT,2.63863858283,5.74509010334,75.2978765514,2084.19042205,270.021314282,0.13
833,2020,730156288,LIB,D1 Atlantic Sun Conference,730374656,MRST,355127466,2020-02-28 13:00:00,3,1,0,1,1186832686,M. Meyer,L,CH,L,-0.601127257352,1.50111624954,11.8207768733,-18.8925215314,5.5536571567,SL,IP_OUT,2.57189972327,5.7168309239,78.9295881139,1557.71223576,122.127329856,-0.15
834,2020,730156288,LIB,D1 Atlantic Sun Conference,730374656,MRST,355127466,2020-02-28 13:00:00,3,0,0,2,1186832686,M. Meyer,L,CH,L,-0.235475574784,1.28964037046,11.9717325364,-20.2448919099,5.47017158637,F,K,2.45016708097,5.7640986879,78.2485634582,1607.48349717,120.688744022,-0.15
835,2020,730156288,LIB,D1 Atlantic Sun Conference,730374656,MRST,355127466,2020-02-28 13:00:00,3,0,1,2,1186832686,M. Meyer,L,CH,L,-0.569561377379,2.50803946312,10.1489789829,-15.8817727986,5.4163759101,SL,K,2.43187327187,5.83114170999,78.3464226196,1551.42515364,122.690402797,-0.15
836,2020,730156288,LIB,D1 Atlantic Sun Conference,730374656,MRST,355127466,2020-02-28 13:00:00,3,0,2,2,1186832686,M. Meyer,L,SL,L,-0.163207629527,2.64586276238,3.08907925915,1.37141293909,5.31459805459,SS,K,2.41146609482,5.76238887446,77.6128890615,2068.27697886,203.636196671,-0.15
837,2020,730156288,LIB,D1 Atlantic Sun Conference,730374656,MRST,355127466,2020-02-28 13:00:00,4,0,0,0,1186832686,M. Meyer,L,SL,L,-0.879289277636,-0.973317348682,3.72532620201,-2.18492659656,5.4130883319,B,K,2.143996296,5.96183953345,74.6712752558,1990.76843532,149.93903238,0.13
838,2020,730156288,LIB,D1 Atlantic Sun Conference,730374656,MRST,355127466,2020-02-28 13:00:00,4,1,0,0,1186832686,M. Meyer,L,CH,L,-0.51249964611,1.37089529177,12.9004306275,-16.3158925324,5.45544403132,F,K,2.30139710917,5.78619832155,78.150655791,1553.01980428,128.427470327,-0.15
839,2020,730156288,LIB,D1 Atlantic Sun Conference,730374656,MRST,355127466,2020-02-28 13:00:00,4,1,1,0,1186832686,M. Meyer,L,FA,L,-0.173586102004,3.11685739191,18.7788213653,-9.78787127015,5.43346890963,F,K,2.22574829554,6.05527312053,83.7093851684,1728.49365191,152.518985454,-0.15
840,2020,730156288,LIB,D1 Atlantic Sun Conference,730374656,MRST,355127466,2020-02-28 13:00:00,4,1,2,0,1186832686,M. Meyer,L,SL,L,-0.0430827307383,-0.0611159998571,2.56374017403,1.5571533563899998e-14,5.10839148065,B,K,2.29219324,6.08379520754,76.681876463,2159.41067682,180.0,0.13
841,2020,730156288,LIB,D1 Atlantic Sun Conference,730374656,MRST,355127466,2020-02-28 13:00:00,4,2,2,0,1186832686,M. Meyer,L,SL,L,-0.0196344146434,3.08222968135,2.54005277752,0.716879022649,5.13531933277,F,K,2.37290146215,5.83176039678,76.5161097773,2080.79466062,195.490423511,0.0
842,2020,730156288,LIB,D1 Atlantic Sun Conference,730374656,MRST,355127466,2020-02-28 13:00:00,4,2,2,0,1186832686,M. Meyer,L,CH,L,0.518818781542,1.84945124346,12.6957249476,-17.6573277073,5.44378540162,SS,K,2.35258347404,5.584098052,78.5793779383,1572.69712245,125.809608287,-0.15
843,2020,730156288,LIB,D1 Atlantic Sun Conference,730374656,MRST,355127466,2020-02-28 13:00:00,4,0,0,1,1186832686,M. Meyer,L,CH,R,0.657482113735,0.904848441938,10.1765429038,-16.8417552256,5.34987132978,B,S,2.37525222537,5.74380675897,78.9553399656,1472.24323191,121.249515658,0.13
844,2020,730156288,LIB,D1 Atlantic Sun Conference,730374656,MRST,355127466,2020-02-28 13:00:00,4,1,0,1,1186832686,M. Meyer,L,FA,R,-0.0147912069017,2.66923220095,18.7572332447,-12.7765314541,5.50849081841,F,S,2.18611068078,5.73729629719,85.929390893,1931.0673565,145.791013582,-0.15
845,2020,730156288,LIB,D1 Atlantic Sun Conference,730374656,MRST,355127466,2020-02-28 13:00:00,4,1,1,1,1186832686,M. Meyer,L,SL,R,0.30363182297,2.28537377981,0.955806574475,-4.59110038435,5.3234206786,IP,S,2.18246830204,5.85892141561,76.2850977059,2132.92460128,102.311664895,1.0
846,2020,730156288,LIB,D1 Atlantic Sun Conference,730374656,MRST,355127466,2020-02-28 13:00:00,4,0,0,1,1186832686,M. Meyer,L,CH,R,0.914114325077,1.44214915477,7.72466422598,-19.7999549459,5.41193998491,SL,BB,2.51769030378,5.55416130111,79.4235226492,1581.84377656,111.419250965,-0.15
847,2020,730156288,LIB,D1 Atlantic Sun Conference,730374656,MRST,355127466,2020-02-28 13:00:00,4,0,1,2,1186832686,M. Meyer,L,FA,R,0.732582768387,3.44876319388,17.5542353101,-10.5132875481,5.54855778275,B,BB,2.11050235571,5.87981976906,85.8179316585,1790.99077953,149.134790161,0.13
848,2020,730156288,LIB,D1 Atlantic Sun Conference,730374656,MRST,355127466,2020-02-28 13:00:00,4,1,1,2,1186832686,M. Meyer,L,FA,R,1.21607264667,1.38675542407,17.1134100816,-15.1169134996,5.60182090757,SL,BB,2.03992558095,5.94654524716,85.4415769481,1820.22478413,138.605182872,-0.15
849,2020,730156288,LIB,D1 Atlantic Sun Conference,730374656,MRST,355127466,2020-02-28 13:00:00,4,1,2,2,1186832686,M. Meyer,L,CH,R,-1.14840840111,1.8926113864,9.6184064246,-17.5098495216,5.69037802258,B,BB,2.2563971869,5.64529455764,79.7261235494,1602.87732304,118.88532073,0.13
850,2020,730156288,LIB,D1 Atlantic Sun Conference,730374656,MRST,355127466,2020-02-28 13:00:00,4,2,2,2,1186832686,M. Meyer,L,FA,R,-0.21524665698,3.38802202974,21.378166022,-12.1760153002,5.46477030666,F,BB,2.14940291521,5.82649891615,85.2665610794,1695.34147593,150.378707119,0.0
851,2020,730156288,LIB,D1 Atlantic Sun Conference,730374656,MRST,355127466,2020-02-28 13:00:00,4,2,2,2,1186832686,M. Meyer,L,CH,R,-0.0737404453054,0.303989507946,6.38759138264,-15.3574161841,5.47134057392,B,BB,2.2415230026,5.71905082213,79.6497317152,1588.06916502,112.719710243,0.13
852,2020,730156288,LIB,D1 Atlantic Sun Conference,730374656,MRST,355127466,2020-02-28 13:00:00,4,3,2,2,1186832686,M. Meyer,L,FA,R,-1.04689121487,2.9771624823,22.6383145171,-11.7835766643,5.66097114521,B,BB,2.04561778004,6.08052884583,86.2742755928,1894.78178826,152.539642875,0.8
853,2020,730156288,LIB,D1 Atlantic Sun Conference,730374656,MRST,355127466,2020-02-28 13:00:00,4,0,0,2,1186832686,M. Meyer,L,FA,L,0.101483641448,2.56122770692,17.2818350866,-11.3256154078,5.56088350252,F,K,2.31870812592,5.6040307254,84.9235956808,1827.22627138,146.817840805,-0.15
854,2020,730156288,LIB,D1 Atlantic Sun Conference,730374656,MRST,355127466,2020-02-28 13:00:00,4,0,1,2,1186832686,M. Meyer,L,FA,L,-0.710934213785,1.22114129462,18.795871618,-13.6621917988,5.54186534667,B,K,2.39764869068,5.63888060341,86.8767708359,1869.54789678,144.039167358,0.13
855,2020,730156288,LIB,D1 Atlantic Sun Conference,730374656,MRST,355127466,2020-02-28 13:00:00,4,1,1,2,1186832686,M. Meyer,L,CH,L,0.45441581814,2.17994749609,7.92632287382,-18.9190551109,5.54268777275,F,K,2.50957046062,5.66940601876,79.0685595333,1408.48054928,112.841705022,-0.15
856,2020,730156288,LIB,D1 Atlantic Sun Conference,730374656,MRST,355127466,2020-02-28 13:00:00,4,1,2,2,1186832686,M. Meyer,L,CH,L,0.685916365328,1.31057905415,9.31177005353,-18.101316287,5.4153296622,SS,K,2.61461171476,5.54722922737,79.1916417003,1491.89843983,117.329440293,-0.15
857,2020,730156288,LIB,D1 Atlantic Sun Conference,730374656,MRST,355127466,2020-02-28 13:00:00,5,0,0,0,1186832686,M. Meyer,L,SL,L,-0.186207809035,1.26013718318,-0.968224667771,-0.132307715171,5.01089086786,B,IP_OUT,2.17835326492,5.86945301813,75.0356481575,2000.34222377,8.18614153111,0.13
858,2020,730156288,LIB,D1 Atlantic Sun Conference,730374656,MRST,355127466,2020-02-28 13:00:00,5,0,0,1,1186832686,M. Meyer,L,FA,L,-0.764483747134,2.34397706678,16.5706169953,-9.26243558209,5.43413452358,F,IP_OUT,2.01664843787,5.86472459619,84.5230811858,1772.76934454,150.851440294,-0.15
859,2020,730156288,LIB,D1 Atlantic Sun Conference,730374656,MRST,355127466,2020-02-28 13:00:00,5,0,1,1,1186832686,M. Meyer,L,SL,L,0.68525722478,2.57906306981,0.82386882838,-0.946585682113,5.21439783112,SL,IP_OUT,2.14989984169,5.85912026978,75.301051462,2117.93732486,132.652717291,-0.15
860,2020,730156288,LIB,D1 Atlantic Sun Conference,730374656,MRST,355127466,2020-02-28 13:00:00,5,0,2,1,1186832686,M. Meyer,L,SL,L,-1.46133479294,0.619145181291,-1.54842851303,-2.35259498172,5.21598421049,B,IP_OUT,2.04105809987,5.68955657912,77.5908846181,2214.80537015,57.4242807698,0.13
861,2020,730156288,LIB,D1 Atlantic Sun Conference,730374656,MRST,355127466,2020-02-28 13:00:00,5,0,0,2,1186832686,M. Meyer,L,FA,R,1.12330518844,2.98005215749,13.0233873143,-16.6575977649,5.44333305795,SS,IP_OUT,2.21203131588,5.87468414391,85.4211600087,1623.39014495,128.09761361,-0.15
862,2020,730156288,LIB,D1 Atlantic Sun Conference,730374656,MRST,355127466,2020-02-28 13:00:00,5,0,1,2,1186832686,M. Meyer,L,FA,R,0.358650699571,2.79417082349,17.690803948,-10.6192579257,5.5410213193,SS,IP_OUT,2.17510671669,5.82880623735,85.6160796717,1737.53101336,149.07669935,-0.15
863,2020,730156288,LIB,D1 Atlantic Sun Conference,730374656,MRST,355127466,2020-02-28 13:00:00,6,0,0,0,1064574479,G. Price,R,FA,L,0.3048020338,0.44752248438,14.7533089576,12.4351360043,5.41912455932,B,BB,-0.758568884961,5.75994613964,88.9921653741,1992.23284023,220.061811318,0.13
864,2020,730156288,LIB,D1 Atlantic Sun Conference,730374656,MRST,355127466,2020-02-28 13:00:00,6,1,0,0,1064574479,G. Price,R,CH,L,-0.469521743369,0.751858769698,8.61059504289,12.6315476671,5.69736351147,B,BB,-0.746197689584,5.68399596972,79.7441615164,1989.30705498,235.589393551,0.13
865,2020,730156288,LIB,D1 Atlantic Sun Conference,730374656,MRST,355127466,2020-02-28 13:00:00,6,2,0,0,1064574479,G. Price,R,FA,L,-0.73840454309,2.19821649402,15.6093459505,15.9408974322,5.36242881682,F,BB,-0.601872982849,5.96900766888,89.1218556243,2096.33331258,225.539694467,-0.15
866,2020,730156288,LIB,D1 Atlantic Sun Conference,730374656,MRST,355127466,2020-02-28 13:00:00,6,2,1,0,1064574479,G. Price,R,FA,L,1.77542908285,1.59488544518,18.9980554785,14.2284067692,5.45202654913,B,BB,-0.581805184712,5.82777522829,89.3766004973,2025.92331945,216.782210788,0.13
867,2020,730156288,LIB,D1 Atlantic Sun Conference,730374656,MRST,355127466,2020-02-28 13:00:00,6,3,1,0,1064574479,G. Price,R,CH,L,0.862410698819,-0.847999244884,15.3749126094,10.0348580152,5.70052767703,B,BB,-0.771654195607,5.72002816986,80.268144584,1950.63176656,213.060930488,0.8
868,2020,730156288,LIB,D1 Atlantic Sun Conference,730374656,MRST,355127466,2020-02-28 13:00:00,6,0,0,0,1064574479,G. Price,R,FA,L,0.189792836623,1.73714392484,15.4952477741,10.3911399001,5.37709016624,SL,BB,-0.540951111684,5.86819458224,89.2587023296,2035.36778546,213.788567302,-0.15
869,2020,730156288,LIB,D1 Atlantic Sun Conference,730374656,MRST,355127466,2020-02-28 13:00:00,6,0,1,0,1064574479,G. Price,R,FA,L,1.24151280087,0.716224137488,14.1625874073,11.9002723123,5.6042903314,B,BB,-0.607012436725,5.82173284394,89.2478529201,2061.24613804,219.972318493,0.13
870,2020,730156288,LIB,D1 Atlantic Sun Conference,730374656,MRST,355127466,2020-02-28 13:00:00,6,1,1,0,1064574479,G. Price,R,SL,L,-0.27468369114,2.6998566333,-3.73741344377,-9.28782972614,4.80839063129,SL,BB,-0.830341516791,5.75399896657,78.0100092326,2379.19608559,68.3175817983,-0.15
871,2020,730156288,LIB,D1 Atlantic Sun Conference,730374656,MRST,355127466,2020-02-28 13:00:00,6,1,2,0,1064574479,G. Price,R,CH,L,0.670335125322,-0.211603472472,11.137188442,7.66853948576,5.7605400628,B,BB,-0.79177120866,5.61695988599,80.645587699,2006.70444787,214.451901474,0.13
872,2020,730156288,LIB,D1 Atlantic Sun Conference,730374656,MRST,355127466,2020-02-28 13:00:00,6,2,2,0,1064574479,G. Price,R,FA,L,-2.05906447636,3.47970738829,12.8559426879,16.0090071011,5.4034758615,B,BB,-0.707908925199,5.85501521183,89.3605490968,2035.97482065,231.16095911,0.13
873,2020,730156288,LIB,D1 Atlantic Sun Conference,730374656,MRST,355127466,2020-02-28 13:00:00,6,3,2,0,1064574479,G. Price,R,CH,L,1.57011916858,0.0105813529058,14.5179513925,11.0552723112,5.72416144716,B,BB,-0.609525557477,5.73967185644,81.4179018474,2062.28310663,217.212641137,0.8
874,2020,730156288,LIB,D1 Atlantic Sun Conference,730374656,MRST,355127466,2020-02-28 13:00:00,6,0,0,1,1064574479,G. Price,R,FA,R,-1.40831803748,1.49257987516,17.4369268236,13.2209578073,5.34239067538,B,K,-0.454809556974,6.04705309671,88.4212680134,1880.4381574,217.115732589,0.13
875,2020,730156288,LIB,D1 Atlantic Sun Conference,730374656,MRST,355127466,2020-02-28 13:00:00,6,1,0,1,1064574479,G. Price,R,FA,R,-0.317321430198,2.05162509581,10.3321699722,14.1177423644,5.41457174324,F,K,-0.318123148922,5.90433297514,87.5830863889,2033.85066968,233.708690325,-0.15
876,2020,730156288,LIB,D1 Atlantic Sun Conference,730374656,MRST,355127466,2020-02-28 13:00:00,6,1,1,1,1064574479,G. Price,R,CH,R,0.997468987623,1.30237960813,19.9708901751,10.8446103759,5.69878069362,SS,K,-0.479458781887,6.09846795764,79.3045952331,1938.29327994,208.45228109,-0.15
877,2020,730156288,LIB,D1 Atlantic Sun Conference,730374656,MRST,355127466,2020-02-28 13:00:00,6,1,2,1,1064574479,G. Price,R,CH,R,0.725881351488,0.251883898095,16.2990551807,11.7212913906,5.96770658666,B,K,-0.399385068111,5.88405223533,78.0939950789,1826.66136501,215.649508531,0.13
878,2020,730156288,LIB,D1 Atlantic Sun Conference,730374656,MRST,355127466,2020-02-28 13:00:00,6,2,2,1,1064574479,G. Price,R,CH,R,0.308568783018,1.05759514848,21.1695266797,8.357180433,5.78231308996,SS,K,-0.252795648454,6.02540004566,78.422476992,1897.86729133,201.503231992,-0.15
879,2020,730156288,LIB,D1 Atlantic Sun Conference,730374656,MRST,355127466,2020-02-28 13:00:00,6,0,0,2,1064574479,G. Price,R,FA,R,-0.402699891358,2.73503189919,17.4830936637,12.726741665,5.46019001221,F,IP_OUT,-0.187662753845,6.01492794039,88.6377773099,2093.96689958,215.99954272,-0.15
880,2020,730156288,LIB,D1 Atlantic Sun Conference,730374656,MRST,355127466,2020-02-28 13:00:00,6,0,1,2,1064574479,G. Price,R,CH,R,0.0312763024545,2.18423701691,14.9109808303,10.1201985126,5.76245904039,F,IP_OUT,-0.379723577374,5.84691325889,78.048799782,1850.7946668,214.087847102,-0.15
881,2020,730156288,LIB,D1 Atlantic Sun Conference,730374656,MRST,355127466,2020-02-28 13:00:00,7,0,0,1,1064574479,G. Price,R,FA,L,1.40446451028,1.83002235263,20.7433420612,10.3706255073,5.34886130208,B,BB,-0.568371522351,5.86799003972,88.3567632585,1870.95984797,206.524635534,0.13
882,2020,730156288,LIB,D1 Atlantic Sun Conference,730374656,MRST,355127466,2020-02-28 13:00:00,7,1,0,1,1064574479,G. Price,R,CH,L,-0.273293616645,1.45343780832,12.6156408902,13.0360246936,5.6416150219,SS,BB,-0.787607017588,5.70115807485,80.3742470327,1970.44195362,225.846062702,-0.15
883,2020,730156288,LIB,D1 Atlantic Sun Conference,730374656,MRST,355127466,2020-02-28 13:00:00,7,1,1,1,1064574479,G. Price,R,SL,L,-0.129116469486,0.509717975676,3.70500374091,-8.56399360985,4.90333661277,B,BB,-0.669525814382,6.0579096705,79.5309128464,2206.91324853,113.636510773,0.13
884,2020,730156288,LIB,D1 Atlantic Sun Conference,730374656,MRST,355127466,2020-02-28 13:00:00,7,2,1,1,1064574479,G. Price,R,SL,L,0.736847844639,1.96078848983,6.9120306567,-12.0323352958,4.79959638828,F,BB,-0.528646336536,5.91131739203,77.4841942815,2271.12029286,120.038804971,-0.15
885,2020,730156288,LIB,D1 Atlantic Sun Conference,730374656,MRST,355127466,2020-02-28 13:00:00,7,2,2,1,1064574479,G. Price,R,FA,L,1.29296253271,1.46257825444,15.9164894828,11.0115406639,5.35538882701,B,BB,-0.589602747777,5.75806988812,87.9737009485,1848.20146385,214.618021065,0.13
886,2020,730156288,LIB,D1 Atlantic Sun Conference,730374656,MRST,355127466,2020-02-28 13:00:00,7,3,2,1,1064574479,G. Price,R,CH,L,-1.81353928297,2.2094970207,17.1293349818,9.99678141267,5.60230901574,B,BB,-0.760873952457,5.74579062674,80.5935887591,1816.63815097,210.20808787,0.8
887,2020,730156288,LIB,D1 Atlantic Sun Conference,730374656,MRST,355127466,2020-02-28 13:00:00,7,0,0,1,1064574479,G. Price,R,FA,L,-0.652079696266,2.12561195163,14.526226949,13.2440444599,5.29821303242,F,K,-0.644946925951,5.91637206462,88.394795847,1938.951417,222.288957896,-0.15
888,2020,730156288,LIB,D1 Atlantic Sun Conference,730374656,MRST,355127466,2020-02-28 13:00:00,7,0,1,1,1064574479,G. Price,R,SL,L,0.231549511421,2.36187090079,-1.11887226876,-9.28813093742,4.8982471277,F,K,-0.622484280837,5.90752214327,78.7904125048,2136.94524732,83.3961751171,-0.15
889,2020,730156288,LIB,D1 Atlantic Sun Conference,730374656,MRST,355127466,2020-02-28 13:00:00,7,0,2,1,1064574479,G. Price,R,CH,L,-0.0805068340143,1.1539910475,16.1753902523,8.6631739129,5.61984408315,SS,K,-0.757453083062,5.73936648372,79.1035429289,1864.03471524,208.110204707,-0.15
890,2020,730156288,LIB,D1 Atlantic Sun Conference,730374656,MRST,355127466,2020-02-28 13:00:00,8,0,0,0,1135709752,M. Fluharty,L,FA,R,-0.231888255731,2.03559946159,13.5193589559,0.0339447237678,6.4716229817,SS,D,2.17272762074,5.39934833242,90.0844704595,2382.72538176,180.143523733,-0.15
891,2020,730156288,LIB,D1 Atlantic Sun Conference,730374656,MRST,355127466,2020-02-28 13:00:00,8,0,1,0,1135709752,M. Fluharty,L,FA,R,0.868934008101,1.29996939074,16.0007713012,-1.17505510625,6.49957172515,F,D,2.60085089819,5.45981237683,91.5864476907,2463.95729802,175.80784937,-0.15
892,2020,730156288,LIB,D1 Atlantic Sun Conference,730374656,MRST,355127466,2020-02-28 13:00:00,8,0,2,0,1135709752,M. Fluharty,L,FA,R,0.282413910685,1.81220821197,11.2017130862,1.77581194382,6.44873313671,F,D,2.31418234807,5.38839163933,91.068095446,2437.26016168,188.983604471,0.0
893,2020,730156288,LIB,D1 Atlantic Sun Conference,730374656,MRST,355127466,2020-02-28 13:00:00,8,0,2,0,1135709752,M. Fluharty,L,FA,R,0.740495827151,1.52824250513,17.3785050692,-1.67502986511,6.47614127188,IP,D,2.57745455867,5.59478623006,90.3364823355,2424.23538174,174.504459353,1.26
894,2020,730156288,LIB,D1 Atlantic Sun Conference,730374656,MRST,355127466,2020-02-28 13:00:00,8,0,0,0,1135709752,M. Fluharty,L,FA,L,-0.24318496559,0.854176273275,13.3637035782,-3.17450420576,6.36767136719,SS,IP_OUT,2.47995099584,5.51094875502,88.7185394675,2425.43155097,166.668794605,-0.15
895,2020,730156288,LIB,D1 Atlantic Sun Conference,730374656,MRST,355127466,2020-02-28 13:00:00,8,0,0,1,1135709752,M. Fluharty,L,FA,L,-0.353506376448,0.715314724216,14.7754493563,-2.51881767206,6.33654643037,B,SF,2.38017088413,5.50253523724,89.669806958,2415.95512933,170.346403466,0.13
896,2020,730156288,LIB,D1 Atlantic Sun Conference,730374656,MRST,355127466,2020-02-28 13:00:00,8,1,0,1,1135709752,M. Fluharty,L,FA,L,0.438244276374,0.871235298568,11.4845612841,2.57887612593,6.44799713011,B,SF,2.23462773216,5.49918867082,89.7469485269,2398.78968472,192.62205459,0.13
897,2020,730156288,LIB,D1 Atlantic Sun Conference,730374656,MRST,355127466,2020-02-28 13:00:00,8,0,0,2,1135709752,M. Fluharty,L,FA,L,0.4997289718,1.48027563795,8.00277786547,-3.76081491456,6.56575334902,SL,BB,2.18126602543,5.36022555826,90.5108885619,2382.78484558,154.915263323,-0.15
898,2020,730156288,LIB,D1 Atlantic Sun Conference,730374656,MRST,355127466,2020-02-28 13:00:00,8,0,1,2,1135709752,M. Fluharty,L,FA,L,0.968393519196,1.05426612326,14.7766992383,2.39596157201,6.51057669984,B,BB,1.70831244205,5.73865450638,88.6381378573,2366.753459,189.190152546,0.13
899,2020,730156288,LIB,D1 Atlantic Sun Conference,730374656,MRST,355127466,2020-02-28 13:00:00,8,1,1,2,1135709752,M. Fluharty,L,FA,L,-0.954676892063,0.958966890502,15.4514054234,1.9011740829,6.71777232066,B,BB,2.20512218679,5.34471205225,89.8050578877,2314.04439836,187.000381436,0.13
900,2020,730156288,LIB,D1 Atlantic Sun Conference,730374656,MRST,355127466,2020-02-28 13:00:00,8,2,1,2,1135709752,M. Fluharty,L,FA,L,-0.608837673782,0.73942294776,11.2715371464,-2.54876966146,6.48959894878,B,BB,2.00289511206,5.49166187666,89.6301016716,2405.39726458,167.293103698,0.13
901,2020,730156288,LIB,D1 Atlantic Sun Conference,730374656,MRST,355127466,2020-02-28 13:00:00,8,3,1,2,1135709752,M. Fluharty,L,FA,L,-0.0573398737134,0.958821275908,13.8436429073,0.222357371035,6.37343933127,B,BB,2.09156938033,5.51603912903,89.4996278533,2425.31179525,180.918058096,0.8
902,2020,730156288,LIB,D1 Atlantic Sun Conference,730374656,MRST,355127466,2020-02-28 13:00:00,8,0,0,2,1491601467,L. Riley,R,FA,R,0.510861051588,1.72198977009,9.15729002255,-0.470615034015,6.3739884531,SL,BB,2.42380313273,5.31577691516,89.4554508183,2433.55504885,177.068333242,-0.15
903,2020,730156288,LIB,D1 Atlantic Sun Conference,730374656,MRST,355127466,2020-02-28 13:00:00,8,0,1,2,1491601467,L. Riley,R,FA,R,1.23431162106,2.85894471126,12.1829927952,0.808457325024,6.36197228128,B,BB,2.77235189775,5.39528881399,88.3801497122,2396.89179735,183.786380797,0.13
904,2020,730156288,LIB,D1 Atlantic Sun Conference,730374656,MRST,355127466,2020-02-28 13:00:00,8,1,1,2,1491601467,L. Riley,R,FA,R,1.64073808204,3.16360608692,13.3910813223,0.269617955313,6.2827423508,B,BB,2.40271062452,5.47367633388,89.1475525192,2427.50214784,181.150642416,0.13
905,2020,730156288,LIB,D1 Atlantic Sun Conference,730374656,MRST,355127466,2020-02-28 13:00:00,8,2,1,2,1491601467,L. Riley,R,FA,R,-0.387691063272,2.37999251429,24.0630022543,4.70325770078,5.07038964619,SL,BB,-0.45326576676,6.16352795017,90.0008738317,2440.88272109,191.044129889,-0.15
906,2020,730156288,LIB,D1 Atlantic Sun Conference,730374656,MRST,355127466,2020-02-28 13:00:00,8,2,2,2,1491601467,L. Riley,R,SL,R,0.0991250260759,0.964552717801,-0.132971207853,-4.76788386463,5.17852914439,B,BB,-0.546471057241,5.79342530893,81.8418065359,2185.69253876,88.8816216633,0.13
907,2020,730156288,LIB,D1 Atlantic Sun Conference,730374656,MRST,355127466,2020-02-28 13:00:00,8,3,2,2,1491601467,L. Riley,R,SL,R,-0.106373793027,0.866320744633,0.747574639733,-6.07218186276,5.11894013324,B,BB,-0.615911400129,5.88952488962,80.7604422387,2226.38822732,97.4045926991,0.8
908,2020,730156288,LIB,D1 Atlantic Sun Conference,730374656,MRST,355127466,2020-02-28 13:00:00,8,0,0,2,1491601467,L. Riley,R,SL,R,-0.0583976453037,-0.37315201037,6.03919454616,0.554396206133,5.38075707865,B,IP_OUT,-0.478818442996,5.9989145785,80.4183482729,2093.76820756,185.209470564,0.13
909,2020,730156288,LIB,D1 Atlantic Sun Conference,730374656,MRST,355127466,2020-02-28 13:00:00,8,1,0,2,1491601467,L. Riley,R,FA,R,1.04808406696,1.18857279922,25.4877242643,5.09365388738,5.143732102,B,IP_OUT,-0.575932526426,6.1100133581,91.0021897018,2456.45733176,191.287208235,0.13
910,2020,730156288,LIB,D1 Atlantic Sun Conference,730374656,MRST,355127466,2020-02-28 13:00:00,8,2,0,2,1491601467,L. Riley,R,FA,R,1.12181225547,1.73898656351,24.4687130853,6.40417525738,5.11453851498,SL,IP_OUT,-0.397021988254,6.20469282611,89.8216445334,2376.25994299,194.64763592,-0.15
911,2020,730156288,LIB,D1 Atlantic Sun Conference,730374656,MRST,355127466,2020-02-28 13:00:00,8,2,1,2,1491601467,L. Riley,R,SL,R,1.26010432575,-0.288840232281,4.68829274701,-6.88323128035,5.26943161898,B,IP_OUT,-0.509046755155,6.00444759591,82.0822733002,2340.88322329,124.485297364,0.13
912,2020,730156288,LIB,D1 Atlantic Sun Conference,730374656,MRST,355127466,2020-02-28 13:00:00,9,0,0,0,1491601467,L. Riley,R,FA,L,0.831908530034,1.77798012059,23.723289225,0.892306722998,4.9962454824,SL,IP_OUT,-0.459703994809,6.20224117436,90.1596167031,2131.99180797,182.151012618,-0.15
913,2020,730156288,LIB,D1 Atlantic Sun Conference,730374656,MRST,355127466,2020-02-28 13:00:00,9,0,1,0,1491601467,L. Riley,R,FA,L,0.509400727197,2.42558594027,21.2174841386,7.32715555643,5.03384981463,SS,IP_OUT,-0.370884100325,6.19509958768,91.2101728483,2239.01193615,199.024209523,-0.15
914,2020,730156288,LIB,D1 Atlantic Sun Conference,730374656,MRST,355127466,2020-02-28 13:00:00,9,0,0,1,1491601467,L. Riley,R,FA,L,-0.290906439471,1.95791975852,23.6401130639,5.6520168806,5.01670176432,SL,K,-0.613278799179,6.21482436112,90.4092784914,2160.17271101,193.42790431,-0.15
915,2020,730156288,LIB,D1 Atlantic Sun Conference,730374656,MRST,355127466,2020-02-28 13:00:00,9,0,1,1,1491601467,L. Riley,R,FA,L,-0.0689665790985,2.36143200516,26.4439592755,9.16101730896,4.83670186971,SS,K,-0.705728646719,6.30934820798,90.774625092,2214.88190736,199.085302153,-0.15
916,2020,730156288,LIB,D1 Atlantic Sun Conference,730374656,MRST,355127466,2020-02-28 13:00:00,9,0,2,1,1491601467,L. Riley,R,FA,L,0.157885357534,1.95508921908,23.1663517906,4.82999026427,5.00475612685,SL,K,-0.626342623,6.18515140668,90.5435234034,2199.79434709,191.760561264,-0.15
917,2020,730156288,LIB,D1 Atlantic Sun Conference,730374656,MRST,355127466,2020-02-28 13:00:00,9,0,0,2,1491601467,L. Riley,R,FA,L,-0.517143654006,2.24757233812,21.3676341062,8.30803393418,4.93552589425,SS,K,-0.484277351825,6.18065374692,91.8274197761,2119.61501206,201.217217748,-0.15
918,2020,730156288,LIB,D1 Atlantic Sun Conference,730374656,MRST,355127466,2020-02-28 13:00:00,9,0,1,2,1491601467,L. Riley,R,FA,L,-0.886181745593,3.44313070063,22.4019749129,7.7179436712,4.73951345204,B,K,-0.638607174477,6.27966260432,91.507291715,2043.40845191,198.983789822,0.13
919,2020,730156288,LIB,D1 Atlantic Sun Conference,730374656,MRST,355127466,2020-02-28 13:00:00,9,1,1,2,1491601467,L. Riley,R,SL,L,0.126629023817,2.69518403359,8.27185243408,-5.10013335177,5.20366292148,F,K,-0.69858305531,6.01443937245,81.8115261728,2047.50941638,148.467042207,-0.15
920,2020,730156288,LIB,D1 Atlantic Sun Conference,730374656,MRST,355127466,2020-02-28 13:00:00,9,1,2,2,1491601467,L. Riley,R,FA,L,-0.551519906881,2.74895630172,29.0630616753,5.87431881333,4.6995483141,F,K,-0.771462740078,6.41795030704,91.3373112902,2319.75274953,191.413980307,0.0
921,2020,730156288,LIB,D1 Atlantic Sun Conference,730374656,MRST,355127466,2020-02-28 13:00:00,9,1,2,2,1491601467,L. Riley,R,FA,L,-0.728153541551,4.37384771635,23.7848986886,5.34405468886,4.81641225241,B,K,-0.654269455496,6.3070377109,90.7741764385,2295.1612787,192.645598078,0.13
922,2020,730156288,LIB,D1 Atlantic Sun Conference,730374656,MRST,355127466,2020-02-28 13:00:00,9,2,2,2,1491601467,L. Riley,R,FA,L,-0.114807945189,1.83083932401,23.5784565014,3.7362978524,5.09628211317,F,K,-0.673819645517,6.05264259676,90.0159858667,2285.34873918,188.991516439,0.0
923,2020,730156288,LIB,D1 Atlantic Sun Conference,730374656,MRST,355127466,2020-02-28 13:00:00,9,2,2,2,1491601467,L. Riley,R,SL,L,-1.37550101835,2.24370590565,3.75735301949,-4.65961102897,5.11845614853,B,K,-0.769795454669,5.87419910832,81.5684010922,2200.15995948,129.183359965,0.13
924,2020,730156288,LIB,D1 Atlantic Sun Conference,730374656,MRST,355127466,2020-02-28 13:00:00,9,3,2,2,1491601467,L. Riley,R,FA,L,0.234154218587,3.2594714208,32.7993708551,7.95027262968,5.12404646978,SS,K,-0.581093079873,6.46665331194,91.7347171125,2234.99886739,193.612067558,-0.15
925,2020,5326,PSU,D1 Big Ten Conference,4164,MONM,270650467,2020-02-16 13:00:00,1,0,0,0,1121732380,C. Larkin,R,FA,R,-0.493733710063,1.9004742415,15.2139972107,10.0471126045,5.9539812466,SL,K,-2.06785097414,5.67233255171,89.2119654706,2618.2144958,213.382759107,-0.15
926,2020,5326,PSU,D1 Big Ten Conference,4164,MONM,270650467,2020-02-16 13:00:00,1,0,1,0,1121732380,C. Larkin,R,FA,R,-0.55154634668,2.99958385572,12.746692051,10.9816225148,5.81808376379,SL,K,-2.04959896839,5.6828334252,90.2940153596,2474.84240396,220.67360793,-0.15
927,2020,5326,PSU,D1 Big Ten Conference,4164,MONM,270650467,2020-02-16 13:00:00,1,0,2,0,1121732380,C. Larkin,R,FA,R,1.0531923022,2.04083361763,16.1182385015,13.5483403594,5.8592265465,SL,K,-1.69487321431,5.8165432082,90.7757623679,2654.84498292,219.992463934,-0.15
928,2020,5326,PSU,D1 Big Ten Conference,4164,MONM,270650467,2020-02-16 13:00:00,1,0,0,1,1121732380,C. Larkin,R,FA,R,-3.247539007,4.07496557053,18.0531765834,12.4277899063,5.70205174053,B,BB,-2.27978699389,5.66149536086,91.5579201213,2366.52285673,214.496338102,0.13
929,2020,5326,PSU,D1 Big Ten Conference,4164,MONM,270650467,2020-02-16 13:00:00,1,1,0,1,1121732380,C. Larkin,R,FA,R,-1.29476969917,3.52259555645,17.975247567,12.7156421546,5.95277298636,F,BB,-2.09974273519,5.77351437903,90.398861072,2506.82490869,215.226865485,-0.15
930,2020,5326,PSU,D1 Big Ten Conference,4164,MONM,270650467,2020-02-16 13:00:00,1,1,1,1,1121732380,C. Larkin,R,SI,R,-1.45306822231,5.08793829481,2.55186250141,-12.0522508795,5.26266107994,B,BB,-2.00788166441,5.67851137454,76.317737199,2788.99955662,102.168933939,0.13
931,2020,5326,PSU,D1 Big Ten Conference,4164,MONM,270650467,2020-02-16 13:00:00,1,2,1,1,1121732380,C. Larkin,R,CH,R,-0.221572323212,1.0316810778,13.7194697912,19.2056518835,6.22814913266,B,BB,-1.93790000675,5.66792404862,83.0292730602,1744.79050706,234.384721759,0.13
932,2020,5326,PSU,D1 Big Ten Conference,4164,MONM,270650467,2020-02-16 13:00:00,1,3,1,1,1121732380,C. Larkin,R,FA,R,0.612786684385,3.29520064737,19.5864934546,11.4734032466,6.01794075594,B,BB,-1.94422586994,5.66306132203,89.1054389872,2462.39446724,210.318559583,0.8
933,2020,5326,PSU,D1 Big Ten Conference,4164,MONM,270650467,2020-02-16 13:00:00,1,0,0,1,1121732380,C. Larkin,R,FA,R,-0.566268174745,3.40344442658,18.2818444723,7.62814949448,6.246120205,F,IP_OUT,-1.99289857008,5.59165313885,89.8017761421,2399.95129885,202.612511116,-0.15
934,2020,5326,PSU,D1 Big Ten Conference,4164,MONM,270650467,2020-02-16 13:00:00,1,0,1,1,1121732380,C. Larkin,R,FA,R,-0.426604240592,3.02006808246,14.2336731962,13.163467101,6.12349704992,F,IP_OUT,-2.05035801009,5.54682034527,90.6439118075,2624.22929676,222.698652275,-0.15
935,2020,5326,PSU,D1 Big Ten Conference,4164,MONM,270650467,2020-02-16 13:00:00,1,0,2,1,1121732380,C. Larkin,R,FA,R,1.00188294095,2.91803270172,20.4618118503,13.3801406004,6.16588625219,B,IP_OUT,-1.87049991415,5.82810652726,91.0476752306,2506.78291794,213.140049695,0.13
936,2020,5326,PSU,D1 Big Ten Conference,4164,MONM,270650467,2020-02-16 13:00:00,1,0,0,2,1121732380,C. Larkin,R,FA,R,-0.211688259799,3.71157082566,14.7650108192,14.857515797,6.10672944596,B,IP_OUT,-1.95812573235,5.77187176621,90.8307048832,2518.88024212,225.11733344,0.13
937,2020,5326,PSU,D1 Big Ten Conference,4164,MONM,270650467,2020-02-16 13:00:00,2,0,0,0,1121732380,C. Larkin,R,FA,R,-1.52801801532,2.02186573255,14.709725613,13.0330150845,5.48428227669,B,D,-2.13495945073,5.69419137889,89.669842935,2539.38849415,221.47634867,0.13
938,2020,5326,PSU,D1 Big Ten Conference,4164,MONM,270650467,2020-02-16 13:00:00,2,1,0,0,1121732380,C. Larkin,R,FA,R,1.63467949604,2.61217380168,19.9072963352,13.4527673262,5.98835534252,B,D,-1.78268824289,5.78906187611,88.740695395,2588.00979912,214.004285347,0.13
939,2020,5326,PSU,D1 Big Ten Conference,4164,MONM,270650467,2020-02-16 13:00:00,2,2,0,0,1121732380,C. Larkin,R,FA,R,-0.500939129858,2.62754316412,18.1187149714,10.5700815841,6.09685343706,F,D,-1.94224053946,5.65737534463,88.4070644833,2487.04264485,210.211803405,-0.15
940,2020,5326,PSU,D1 Big Ten Conference,4164,MONM,270650467,2020-02-16 13:00:00,2,2,1,0,1121732380,C. Larkin,R,FA,R,-0.493039018539,2.50249136791,14.9602421342,9.1689899414,5.95017474118,F,D,-2.0173489006,5.60767808025,90.1890236147,2481.90597092,211.448300776,-0.15
941,2020,5326,PSU,D1 Big Ten Conference,4164,MONM,270650467,2020-02-16 13:00:00,2,2,2,0,1121732380,C. Larkin,R,FA,R,0.096608237766,2.31482142026,19.298674225,11.5529145527,6.04320110805,IP,D,-1.89228265561,5.80529886237,90.9804282728,2646.30249094,210.864456487,1.26
942,2020,5326,PSU,D1 Big Ten Conference,4164,MONM,270650467,2020-02-16 13:00:00,2,0,0,0,1121732380,C. Larkin,R,FA,R,0.206548694882,3.68422247216,15.58533328,14.4011188029,6.16566329352,B,K,-1.84359372166,5.65758197869,90.4854734131,2550.45329396,222.67996999,0.13
943,2020,5326,PSU,D1 Big Ten Conference,4164,MONM,270650467,2020-02-16 13:00:00,2,1,0,0,1121732380,C. Larkin,R,FA,R,-0.109649507003,3.69715573834,17.9533315989,11.6005087621,6.46200720559,SS,K,-2.01654440646,5.55825990645,90.6739880765,2507.58961594,212.822600024,-0.15
944,2020,5326,PSU,D1 Big Ten Conference,4164,MONM,270650467,2020-02-16 13:00:00,2,1,1,0,1121732380,C. Larkin,R,SL,R,-0.51285311206,2.86650572128,1.15493865743,-17.9179266698,5.458133129,F,K,-1.83868988368,5.54007064775,76.6422545728,2805.36084117,93.835395763,-0.15
945,2020,5326,PSU,D1 Big Ten Conference,4164,MONM,270650467,2020-02-16 13:00:00,2,1,2,0,1121732380,C. Larkin,R,FA,R,-1.03428345788,2.15559009776,16.1838367636,15.1152774587,6.02057456836,F,K,-1.9914333532,5.63451129109,92.0426671163,2532.97637461,222.98925779,0.0
946,2020,5326,PSU,D1 Big Ten Conference,4164,MONM,270650467,2020-02-16 13:00:00,2,1,2,0,1121732380,C. Larkin,R,SL,R,1.88775758192,3.0764760202,8.23677551029,-15.6855896596,5.66437117124,B,K,-1.8879599332,5.5244364792,77.8776447805,2895.2510655,117.832442284,0.13
947,2020,5326,PSU,D1 Big Ten Conference,4164,MONM,270650467,2020-02-16 13:00:00,2,2,2,0,1121732380,C. Larkin,R,FA,R,0.988808871327,2.4704588051,14.6955849403,8.3587933189,6.23002398343,F,K,-1.90342392062,5.56291647039,89.8740374251,2518.67896884,209.577279333,0.0
948,2020,5326,PSU,D1 Big Ten Conference,4164,MONM,270650467,2020-02-16 13:00:00,2,2,2,0,1121732380,C. Larkin,R,CH,R,-0.931524041151,1.7958671566,3.89750180309,19.5767478814,6.48498512594,SS,K,-1.8458206324,5.41234311813,81.669147804,1818.05743323,258.631052521,-0.15
949,2020,5326,PSU,D1 Big Ten Conference,4164,MONM,270650467,2020-02-16 13:00:00,2,0,0,1,1121732380,C. Larkin,R,FA,R,0.55355501381,2.49730766065,13.5634715423,15.5578271603,6.13448887642,SL,IP_OUT,-2.06377371273,5.51960699107,92.2965648229,2616.01784226,228.853321427,-0.15
950,2020,5326,PSU,D1 Big Ten Conference,4164,MONM,270650467,2020-02-16 13:00:00,2,0,1,1,1121732380,C. Larkin,R,FA,R,0.927237247522,2.90164520876,15.9095369814,10.9139834262,6.33052131097,F,IP_OUT,-1.93583515644,5.65655976255,92.0058743393,2576.33084199,214.398717664,-0.15
951,2020,5326,PSU,D1 Big Ten Conference,4164,MONM,270650467,2020-02-16 13:00:00,2,0,0,2,1121732380,C. Larkin,R,SL,R,-0.933536310026,4.56834768387,9.47037980513,-9.87395862445,5.65940411522,B,IP_OUT,-2.0724015964,5.56687275258,80.0287483677,2789.86003143,133.930803637,0.13
952,2020,5326,PSU,D1 Big Ten Conference,4164,MONM,270650467,2020-02-16 13:00:00,3,0,0,0,1121732380,C. Larkin,R,FA,R,-0.505059482975,3.67002790755,16.1563685058,17.9478288553,6.15773944863,F,HBP,-1.90508394454,5.68642401947,87.849071941,2558.96260495,227.946667684,-0.15
953,2020,5326,PSU,D1 Big Ten Conference,4164,MONM,270650467,2020-02-16 13:00:00,3,0,0,0,1121732380,C. Larkin,R,FA,R,-0.562409001599,2.43992325335,18.2722265796,15.3253521364,6.08259623629,F,IP_OUT,-2.12400020156,5.71869284264,89.0311469894,2566.13955307,219.93567543,-0.15
954,2020,5326,PSU,D1 Big Ten Conference,4164,MONM,270650467,2020-02-16 13:00:00,3,0,1,0,1121732380,C. Larkin,R,FA,R,-0.287516766915,3.50180342705,19.4864018368,10.3457196444,6.11685376311,SS,IP_OUT,-1.892954649,5.64607298279,91.1730250706,2514.41757604,207.926540768,-0.15
955,2020,5326,PSU,D1 Big Ten Conference,4164,MONM,270650467,2020-02-16 13:00:00,3,0,2,0,1121732380,C. Larkin,R,FA,R,0.71321856545,2.83594626599,24.9616737663,13.553373952,6.1956289532,F,IP_OUT,-1.81847874752,6.10946867538,91.5893308332,2556.9209255,208.470269239,0.0
956,2020,5326,PSU,D1 Big Ten Conference,4164,MONM,270650467,2020-02-16 13:00:00,3,0,2,0,1121732380,C. Larkin,R,CH,R,0.839245388033,1.94091476961,18.280270065,14.872938567,6.66762385067,B,IP_OUT,-1.75286225281,5.76705601101,83.3550981536,1976.81865231,219.074009087,0.13
957,2020,5326,PSU,D1 Big Ten Conference,4164,MONM,270650467,2020-02-16 13:00:00,3,0,0,1,1121732380,C. Larkin,R,FA,R,-1.38104071979,2.93834209835,15.6943123828,11.8466748257,6.31207419753,F,S,-1.85527031011,5.55007262902,89.7283200454,2484.64422231,216.989723885,-0.15
958,2020,5326,PSU,D1 Big Ten Conference,4164,MONM,270650467,2020-02-16 13:00:00,3,0,1,1,1121732380,C. Larkin,R,CH,R,-0.428125181302,2.97584941824,7.0771739488,18.8090229964,6.31970510111,SL,S,-1.95271274396,5.53925529928,82.0382996952,1790.52555902,249.275290442,-0.15
959,2020,5326,PSU,D1 Big Ten Conference,4164,MONM,270650467,2020-02-16 13:00:00,3,0,2,1,1121732380,C. Larkin,R,CH,R,-0.104029776319,2.58113286348,11.3795150623,19.751476876,6.15417877686,F,S,-1.95234013384,5.42198938509,81.0820171628,1887.676356,239.964621391,0.0
960,2020,5326,PSU,D1 Big Ten Conference,4164,MONM,270650467,2020-02-16 13:00:00,3,0,2,1,1121732380,C. Larkin,R,CH,R,0.8790916274,1.8714690847,5.85517331437,21.6757817085,6.3987333446,B,S,-1.9107326119,5.19737172997,82.9333716755,1852.42588655,254.78984518,0.13
961,2020,5326,PSU,D1 Big Ten Conference,4164,MONM,270650467,2020-02-16 13:00:00,3,1,2,1,1121732380,C. Larkin,R,FA,R,-0.538429104577,4.63881684942,15.2437306915,12.3522581691,6.09824415766,F,S,-2.00231506268,5.66226742686,91.1500006696,2631.96420844,218.960348369,0.0
962,2020,5326,PSU,D1 Big Ten Conference,4164,MONM,270650467,2020-02-16 13:00:00,3,1,2,1,1121732380,C. Larkin,R,FA,R,-1.72549364727,3.47208463917,15.601147986,15.3569108453,6.07004515405,IP,S,-1.99155565919,5.73993793936,89.6294972896,2464.10840079,224.487399667,1.0
963,2020,5326,PSU,D1 Big Ten Conference,4164,MONM,270650467,2020-02-16 13:00:00,3,0,0,1,1121732380,C. Larkin,R,SL,R,-0.179462812619,2.0273068757,7.14517602976,-5.74399751005,5.78840701074,SL,S,-1.81464750495,5.48851097937,79.9911052324,2698.30554617,141.366113012,-0.15
964,2020,5326,PSU,D1 Big Ten Conference,4164,MONM,270650467,2020-02-16 13:00:00,3,0,1,1,1121732380,C. Larkin,R,FA,R,-1.55687313443,3.47315920951,9.07663826231,14.7278918727,6.21843629719,B,S,-1.96404539604,5.50863831718,91.4033629743,2505.48579968,238.266836887,0.13
965,2020,5326,PSU,D1 Big Ten Conference,4164,MONM,270650467,2020-02-16 13:00:00,3,1,1,1,1121732380,C. Larkin,R,SL,R,0.229816697692,3.10392367913,6.73445582145,-13.6170383742,5.59908821386,SS,S,-1.9413448279,5.49633989241,78.7666450926,2812.30776204,116.462089212,-0.15
966,2020,5326,PSU,D1 Big Ten Conference,4164,MONM,270650467,2020-02-16 13:00:00,3,1,2,1,1121732380,C. Larkin,R,FA,R,-1.06481944529,3.07352303901,13.5970719478,14.1018584926,6.33805174661,F,S,-1.99274244302,5.48600864194,91.2195298927,2572.81965668,225.978621868,0.0
967,2020,5326,PSU,D1 Big Ten Conference,4164,MONM,270650467,2020-02-16 13:00:00,3,1,2,1,1121732380,C. Larkin,R,CH,R,0.522049358924,4.02999440727,11.3158688009,14.9816397366,6.51112864742,B,S,-1.93618376155,5.437672926,80.5014444726,1754.57776329,232.838290825,0.13
968,2020,5326,PSU,D1 Big Ten Conference,4164,MONM,270650467,2020-02-16 13:00:00,3,2,2,1,1121732380,C. Larkin,R,SL,R,0.274927474432,2.10122072806,8.75746937246,-13.3899501238,5.83900913579,F,S,-1.99322574864,5.33222779691,77.3598188527,2802.64790799,123.319185245,0.0
969,2020,5326,PSU,D1 Big Ten Conference,4164,MONM,270650467,2020-02-16 13:00:00,3,2,2,1,1121732380,C. Larkin,R,SL,R,1.47488775326,2.33890563543,3.92355840129,-18.184205977,5.46727011634,B,S,-1.80798798201,5.41734018928,77.7398307389,2899.61454021,102.312222533,0.13
970,2020,5326,PSU,D1 Big Ten Conference,4164,MONM,270650467,2020-02-16 13:00:00,3,3,2,1,1121732380,C. Larkin,R,FA,R,-1.08642961535,2.17727748759,17.1706595179,13.046122275,6.40178432412,IP,S,-1.95222070344,5.46639831788,90.6236274463,2598.89065685,217.176372977,1.0
971,2020,5326,PSU,D1 Big Ten Conference,4164,MONM,270650467,2020-02-16 13:00:00,3,0,0,2,1121732380,C. Larkin,R,SL,R,1.11445453587,2.13391145797,1.74067374955,-17.4573500618,5.40986007408,B,IP_OUT,-2.18314590204,5.40772539959,78.3772911956,2836.72757142,95.8389129766,0.13
972,2020,5326,PSU,D1 Big Ten Conference,4164,MONM,270650467,2020-02-16 13:00:00,3,1,0,2,1121732380,C. Larkin,R,CH,R,0.299097748965,3.20070043666,7.77066770857,17.8985322843,6.42223824612,SL,IP_OUT,-1.98435007867,5.41492259839,80.716244802,1683.51212906,246.423675265,-0.15
973,2020,5326,PSU,D1 Big Ten Conference,4164,MONM,270650467,2020-02-16 13:00:00,4,0,0,0,1121732380,C. Larkin,R,FA,R,0.442259607698,2.75380756741,20.7681105527,10.4132266181,6.06464999583,IP,S,-1.86180105653,5.84450898293,88.0265387572,2491.64972664,206.591548773,1.0
974,2020,5326,PSU,D1 Big Ten Conference,4164,MONM,270650467,2020-02-16 13:00:00,4,0,0,0,1121732380,C. Larkin,R,FA,R,0.422852760708,3.78922667112,20.8398067673,9.20122966227,6.13525973707,B,K,-2.06840328987,5.52537249284,88.692647259,2474.2576356,203.788256257,0.13
975,2020,5326,PSU,D1 Big Ten Conference,4164,MONM,270650467,2020-02-16 13:00:00,4,1,0,0,1121732380,C. Larkin,R,CH,R,0.617160594529,1.76477120814,8.78978207321,21.8615520896,6.14856902351,B,K,-1.85376506627,5.54959217526,80.6460541612,1672.55965679,248.004005251,0.13
976,2020,5326,PSU,D1 Big Ten Conference,4164,MONM,270650467,2020-02-16 13:00:00,4,2,0,0,1121732380,C. Larkin,R,FA,R,-0.40801234688,2.87622349468,16.2267142598,12.153225155,6.08717947876,F,K,-2.15168992435,5.52175108365,88.405060082,2504.01416696,216.77428981,-0.15
977,2020,5326,PSU,D1 Big Ten Conference,4164,MONM,270650467,2020-02-16 13:00:00,4,2,1,0,1121732380,C. Larkin,R,FA,R,-0.39346288774,3.15353323773,18.2430750547,8.58984523951,6.1073481758,F,K,-2.08181731899,5.4563469088,87.4261941049,2496.57424766,205.172192391,-0.15
978,2020,5326,PSU,D1 Big Ten Conference,4164,MONM,270650467,2020-02-16 13:00:00,4,2,2,0,1121732380,C. Larkin,R,FA,R,-0.413048987205,3.6951393242,16.6451539494,10.2793839907,6.00799640147,SS,K,-2.09389819408,5.55572400825,89.7809243185,2496.28055592,211.647571851,-0.15
979,2020,5326,PSU,D1 Big Ten Conference,4164,MONM,270650467,2020-02-16 13:00:00,4,0,0,1,1121732380,C. Larkin,R,FA,R,-0.658891110604,2.33856821065,18.5854761987,8.76998413683,6.18269362083,SL,K,-1.99193092786,5.40304106257,89.1694233213,2519.53345355,205.222342528,-0.15
980,2020,5326,PSU,D1 Big Ten Conference,4164,MONM,270650467,2020-02-16 13:00:00,4,0,1,2,1121732380,C. Larkin,R,SL,R,0.250022634942,3.89702370371,13.7957608175,-8.53570892637,5.704587139,B,K,-1.99256505407,5.50551181345,78.2944678626,2775.28264046,148.336031286,0.13
981,2020,5326,PSU,D1 Big Ten Conference,4164,MONM,270650467,2020-02-16 13:00:00,4,1,1,2,1121732380,C. Larkin,R,FA,R,-0.832814504459,4.74840802632,17.8764548339,8.29010517073,6.0920260029,B,K,-2.07332546921,5.47762386727,89.0626910264,2439.29262796,204.838692261,0.13
982,2020,5326,PSU,D1 Big Ten Conference,4164,MONM,270650467,2020-02-16 13:00:00,4,2,1,2,1121732380,C. Larkin,R,FA,R,-0.430895291576,1.93911378849,18.2473294546,4.88118389546,6.23151580579,SL,K,-1.86530475481,5.45919370221,88.2611070415,2509.20364342,194.949868586,-0.15
983,2020,5326,PSU,D1 Big Ten Conference,4164,MONM,270650467,2020-02-16 13:00:00,4,2,2,2,1121732380,C. Larkin,R,FA,R,-0.237157975101,2.18764060852,16.1057818599,7.36722093429,6.07167458083,F,K,-1.89283201454,5.45235394533,89.7416239092,2554.84207092,204.53674663,0.0
984,2020,5326,PSU,D1 Big Ten Conference,4164,MONM,270650467,2020-02-16 13:00:00,4,2,2,2,1121732380,C. Larkin,R,FA,R,-0.632770400418,3.72331053228,15.0209008246,11.1319934153,6.0601943567,SS,K,-2.06448627629,5.44664295653,90.6284065577,2533.25973898,216.483897284,-0.15
985,2020,5326,PSU,D1 Big Ten Conference,4164,MONM,270650467,2020-02-16 13:00:00,5,0,0,0,1121732380,C. Larkin,R,FA,R,-1.32917715037,4.34335691879,16.7843263468,9.62882121074,5.91652486546,B,K,-1.94913401152,5.67973032175,88.2619321413,2396.56971287,209.791962159,0.13
986,2020,5326,PSU,D1 Big Ten Conference,4164,MONM,270650467,2020-02-16 13:00:00,5,1,0,0,1121732380,C. Larkin,R,FA,R,0.0363317010101,3.33889196522,16.7129341258,8.96022635229,6.18113810134,SL,K,-1.83038405416,5.71798988042,87.0125010927,2441.12355038,208.147342654,-0.15
987,2020,5326,PSU,D1 Big Ten Conference,4164,MONM,270650467,2020-02-16 13:00:00,5,1,1,0,1121732380,C. Larkin,R,CH,R,-1.37490791548,2.14897689429,10.2406645997,17.8631614968,6.24392731247,B,K,-1.78816445391,5.50610972729,80.7699289105,1747.5125546,240.077728605,0.13
988,2020,5326,PSU,D1 Big Ten Conference,4164,MONM,270650467,2020-02-16 13:00:00,5,2,1,0,1121732380,C. Larkin,R,FA,R,-0.965662483732,3.34096742896,12.5554652216,8.29878704778,6.13411449445,SL,K,-1.94623051404,5.64631146103,86.7305725868,2484.93557964,213.390604401,-0.15
989,2020,5326,PSU,D1 Big Ten Conference,4164,MONM,270650467,2020-02-16 13:00:00,5,2,2,0,1121732380,C. Larkin,R,SL,R,1.75249001699,2.00823805163,3.37936289189,-17.3013656248,5.40153748431,B,K,-1.80699733518,5.48057843811,75.7125262325,2748.1904474,101.203855862,0.13
990,2020,5326,PSU,D1 Big Ten Conference,4164,MONM,270650467,2020-02-16 13:00:00,5,3,2,0,1121732380,C. Larkin,R,FA,R,-0.162831991706,1.89206614484,16.419060521,7.16108973522,6.19568108025,SL,K,-1.99515295324,5.43439006232,88.3753687322,2416.64370889,203.521500824,-0.15
991,2020,5326,PSU,D1 Big Ten Conference,4164,MONM,270650467,2020-02-16 13:00:00,5,0,0,2,1121732380,C. Larkin,R,FA,R,0.775192037522,3.22730794187,15.5697310118,7.87657670649,6.07829272503,SL,IP_OUT,-1.85059139973,5.64600379564,89.710300049,2496.76447704,206.786074767,-0.15
992,2020,5326,PSU,D1 Big Ten Conference,4164,MONM,270650467,2020-02-16 13:00:00,6,0,0,0,1121732380,C. Larkin,R,FA,R,0.20592169043,3.61932326417,23.8530369012,6.77280698944,6.03331355063,F,IP_OUT,-1.86537209639,5.71831869459,88.0597726297,2597.48608603,195.829649174,-0.15
993,2020,5326,PSU,D1 Big Ten Conference,4164,MONM,270650467,2020-02-16 13:00:00,6,0,1,0,1121732380,C. Larkin,R,SL,R,-1.15631391261,3.77107912017,-1.11365204392,-19.4468323387,5.28447887299,B,IP_OUT,-1.81477307222,5.67795606757,72.2170079858,2643.4434552,86.8760120232,0.13
994,2020,5326,PSU,D1 Big Ten Conference,4164,MONM,270650467,2020-02-16 13:00:00,6,0,0,1,1121732380,C. Larkin,R,FA,R,0.111150996321,1.99888904751,13.3152900821,10.6050038085,5.93284700724,SL,K,-1.86415340944,5.60012267401,87.5658645381,2514.12096995,218.463952386,-0.15
995,2020,5326,PSU,D1 Big Ten Conference,4164,MONM,270650467,2020-02-16 13:00:00,6,0,1,1,1121732380,C. Larkin,R,CH,R,0.800123643175,1.94189501944,15.2206017623,16.1947877217,6.51736996421,SL,K,-1.6958012657,5.67119817135,82.1885565825,1753.35312175,226.704297842,-0.15
996,2020,5326,PSU,D1 Big Ten Conference,4164,MONM,270650467,2020-02-16 13:00:00,6,0,2,1,1121732380,C. Larkin,R,FA,R,-0.900066195304,2.65541251341,22.5156503794,12.1170338649,5.96425597113,F,K,-1.8291241042,6.02876771733,90.4253600647,2465.34184972,208.252982514,0.0
997,2020,5326,PSU,D1 Big Ten Conference,4164,MONM,270650467,2020-02-16 13:00:00,6,0,2,1,1121732380,C. Larkin,R,FA,R,-0.410165853833,3.82572085663,20.6113994773,3.74013974815,5.95577132558,SS,K,-1.88072266311,5.62216530453,89.3136236437,2541.91085752,190.26864818,-0.15
998,2020,5326,PSU,D1 Big Ten Conference,4164,MONM,270650467,2020-02-16 13:00:00,6,0,0,2,1121732380,C. Larkin,R,FA,R,-1.51382317925,2.84446845392,21.4187188045,8.51310817219,5.89704920842,B,BB,-2.2262519384,5.72848510119,89.1959933267,2402.35856701,201.645240579,0.13
999,2020,5326,PSU,D1 Big Ten Conference,4164,MONM,270650467,2020-02-16 13:00:00,6,1,0,2,1121732380,C. Larkin,R,FA,R,0.0929134576083,3.93737167184,18.1145896485,6.43414582581,5.99281979484,F,BB,-2.00114730128,5.48571526688,89.0014438535,2519.15260258,199.521365253,-0.15
1000,2020,5326,PSU,D1 Big Ten Conference,4164,MONM,270650467,2020-02-16 13:00:00,6,1,1,2,1121732380,C. Larkin,R,CH,R,-2.14155239371,4.20849178972,3.12838487643,16.0211305014,6.18729671118,B,BB,-1.81657808551,5.5617704265,78.8749162688,1462.47616633,258.803712559,0.13
1001,2020,5326,PSU,D1 Big Ten Conference,4164,MONM,270650467,2020-02-16 13:00:00,6,2,1,2,1121732380,C. Larkin,R,FA,R,-0.423606407165,0.973674205067,15.267050398,17.6977499916,6.27495620339,B,BB,-1.85291853797,5.51195434441,88.7498970037,2522.9606513,229.155430296,0.13
1002,2020,5326,PSU,D1 Big Ten Conference,4164,MONM,270650467,2020-02-16 13:00:00,6,3,1,2,1121732380,C. Larkin,R,FA,R,0.69992004832,2.90001084802,16.5613829862,14.2074604416,6.2011342498,SL,BB,-1.81935374938,5.52527464661,89.2873562328,2665.43113099,220.569245284,-0.15
1003,2020,5326,PSU,D1 Big Ten Conference,4164,MONM,270650467,2020-02-16 13:00:00,6,3,2,2,1121732380,C. Larkin,R,FA,R,-0.607054498815,3.38704496228,17.0925314623,9.42996711219,6.31844480587,F,BB,-1.94770641085,5.54683812884,89.5425485899,2566.15591094,208.839411661,0.0
1004,2020,5326,PSU,D1 Big Ten Conference,4164,MONM,270650467,2020-02-16 13:00:00,6,3,2,2,1121732380,C. Larkin,R,FA,R,0.293439569899,1.39375794377,14.8611113639,5.60991454195,6.12770454833,B,BB,-1.79679582602,5.50015023149,90.1089275473,2520.09652182,200.639825643,0.8
1005,2020,5326,PSU,D1 Big Ten Conference,4164,MONM,270650467,2020-02-16 13:00:00,7,0,0,0,1849900277,S. Miller,R,FA,R,0.0198667746139,3.79015189883,19.2460718981,4.03105923325,5.48139789244,SS,K,-1.26760797336,6.42024640025,84.9938435726,1867.29319549,191.807265477,-0.15
1006,2020,5326,PSU,D1 Big Ten Conference,4164,MONM,270650467,2020-02-16 13:00:00,7,0,1,0,1849900277,S. Miller,R,SL,R,-0.969597191819,2.82894876939,-6.15675257772,-10.7599328352,5.33485554093,SL,K,-1.50003967695,5.93863311292,73.0281482203,1924.25492223,60.4261321442,-0.15
1007,2020,5326,PSU,D1 Big Ten Conference,4164,MONM,270650467,2020-02-16 13:00:00,7,0,2,0,1849900277,S. Miller,R,FA,R,1.20022314332,2.58015511972,21.1988657601,6.89630779219,5.55334262268,SS,K,-1.29502756531,6.3727978236,87.2702918956,1972.79253701,197.992265228,-0.15
1008,2020,5326,PSU,D1 Big Ten Conference,4164,MONM,270650467,2020-02-16 13:00:00,7,0,0,1,1849900277,S. Miller,R,FA,R,1.55406540203,1.96328417794,19.6207483964,8.24980893316,5.56858561378,B,S,-1.11944682397,6.40530619559,85.9187839395,1931.80137483,202.76694362,0.13
1009,2020,5326,PSU,D1 Big Ten Conference,4164,MONM,270650467,2020-02-16 13:00:00,7,1,0,1,1849900277,S. Miller,R,FA,R,1.35743747958,2.90041583187,21.145819149,6.88052356013,5.68677598362,B,S,-1.33801589262,6.35162455401,85.0948353861,1943.60763729,197.994630537,0.13
1010,2020,5326,PSU,D1 Big Ten Conference,4164,MONM,270650467,2020-02-16 13:00:00,7,2,0,1,1849900277,S. Miller,R,FA,R,-0.105481376591,3.77407903464,20.6480161387,5.50889457445,5.63433230762,IP,S,-1.30585814149,6.29675704532,85.665680979,1943.48709244,194.913393748,1.0
1011,2020,5326,PSU,D1 Big Ten Conference,4164,MONM,270650467,2020-02-16 13:00:00,7,0,0,1,1849900277,S. Miller,R,FA,R,1.55573759874,2.54131352228,20.2284863584,8.2011155312,5.79681764307,B,D,-1.26437699137,6.27896608543,87.3031890219,1983.67556796,202.034235051,0.13
1012,2020,5326,PSU,D1 Big Ten Conference,4164,MONM,270650467,2020-02-16 13:00:00,7,1,0,1,1849900277,S. Miller,R,FA,R,-0.341711897207,2.77927484888,13.5126833624,7.35962534189,5.73368050733,IP,D,-1.29372267158,6.01253960451,84.8188041486,1919.33238385,208.509286978,1.26
1013,2020,5326,PSU,D1 Big Ten Conference,4164,MONM,270650467,2020-02-16 13:00:00,7,0,0,1,1849900277,S. Miller,R,FA,R,0.481900022962,3.48849552177,19.494086185,8.08945575987,5.83700487161,F,IP_OUT,-1.2367209397,6.25396950875,86.2743029539,1935.53704853,202.499972745,-0.15
1014,2020,5326,PSU,D1 Big Ten Conference,4164,MONM,270650467,2020-02-16 13:00:00,7,0,1,1,1849900277,S. Miller,R,SL,R,-0.0218168743878,3.27569169217,-5.70550897914,-8.00291876261,5.47831000122,SL,IP_OUT,-1.30812216905,5.91658429682,73.7190583901,1897.34437201,54.752008241,-0.15
1015,2020,5326,PSU,D1 Big Ten Conference,4164,MONM,270650467,2020-02-16 13:00:00,7,0,2,1,1849900277,S. Miller,R,FA,R,0.81275434437,2.25566797814,17.7409522545,8.45424016164,6.14670026936,F,IP_OUT,-1.03462203749,6.18041783659,89.4532713757,2116.91327628,205.438479734,0.0
1016,2020,5326,PSU,D1 Big Ten Conference,4164,MONM,270650467,2020-02-16 13:00:00,7,0,0,2,1849900277,S. Miller,R,FA,R,0.720862083389,0.912118915216,7.37936856914,19.5048830187,6.21836439506,B,IP_OUT,-1.797037693,5.64213516641,82.0138393008,1708.52908358,249.176491952,0.13
1017,2020,5326,PSU,D1 Big Ten Conference,4164,MONM,270650467,2020-02-16 13:00:00,8,0,0,1,1192963328,B. Halladay,R,FA,R,0.176522291099,1.37840207941,20.0603064923,11.2301076211,6.25714061051,B,IP_OUT,-1.98703729655,5.59986549584,84.620833584,2112.99692184,209.196044394,0.13
1018,2020,5326,PSU,D1 Big Ten Conference,4164,MONM,270650467,2020-02-16 13:00:00,8,1,0,1,1192963328,B. Halladay,R,FA,R,0.736285243649,1.21612083673,22.2564896625,10.5617506921,6.15419414785,B,IP_OUT,-2.08172564272,5.61979579184,83.3935361662,2160.38386886,205.348345605,0.13
1019,2020,5326,PSU,D1 Big Ten Conference,4164,MONM,270650467,2020-02-16 13:00:00,8,2,0,1,1192963328,B. Halladay,R,FA,R,-0.920240076403,1.56306131699,19.2106694826,10.6948109935,6.32113655101,SL,IP_OUT,-2.11966514908,5.44534153652,81.8228579267,2135.99088446,209.05549876,-0.15
1020,2020,5326,PSU,D1 Big Ten Conference,4164,MONM,270650467,2020-02-16 13:00:00,8,0,0,2,1192963328,B. Halladay,R,FA,L,-0.193576113087,1.99298053928,16.9113333252,12.7698415158,6.23188719593,SL,ROE,-2.32407491146,5.35261494298,83.3533569374,2146.46757835,216.994472869,-0.15
1021,2020,5326,PSU,D1 Big Ten Conference,4164,MONM,270650467,2020-02-16 13:00:00,8,0,1,2,1192963328,B. Halladay,R,FS,L,-0.310623381336,3.2683334196,17.4419921793,9.5488317146,5.86774874569,F,ROE,-2.41049649757,5.31885162688,71.8324787119,1325.12313179,208.628068139,-0.15
1022,2020,5326,PSU,D1 Big Ten Conference,4164,MONM,270650467,2020-02-16 13:00:00,8,0,2,2,1192963328,B. Halladay,R,FA,L,-2.10196762563,3.40442912417,16.5648430725,7.4061545456,6.32384765406,B,ROE,-2.29466322918,5.52245634968,83.9302033067,1979.90113711,204.041871485,0.13
1023,2020,5326,PSU,D1 Big Ten Conference,4164,MONM,270650467,2020-02-16 13:00:00,8,1,2,2,1192963328,B. Halladay,R,FS,L,0.695764074726,1.62433494014,13.7802593903,7.91479503757,5.99404741806,B,ROE,-2.47270119412,5.24237895327,73.4522062722,1416.96367381,209.783974568,0.13
1024,2020,5326,PSU,D1 Big Ten Conference,4164,MONM,270650467,2020-02-16 13:00:00,8,2,2,2,1192963328,B. Halladay,R,FA,L,0.888648882061,1.38133975019,20.0534720991,5.46581177772,6.28813929275,B,ROE,-2.3987767995,5.46269558636,83.4182314444,2060.57866022,195.219052182,0.13
1025,2020,5326,PSU,D1 Big Ten Conference,4164,MONM,270650467,2020-02-16 13:00:00,8,3,2,2,1192963328,B. Halladay,R,FA,L,-0.976960849097,1.27578738433,13.8185885898,12.5788171893,6.1633948608,IP,ROE,-2.24157559691,5.29567769591,83.014880613,1996.84929872,222.232838813,0.0
1026,2020,5326,PSU,D1 Big Ten Conference,4164,MONM,270650467,2020-02-16 13:00:00,8,0,0,2,1192963328,B. Halladay,R,FA,R,0.820348189108,1.92310255083,20.29340222,10.8884524957,6.1978121599,SL,IP_OUT,-2.05430754051,5.47736738647,82.8879310869,1996.84378674,208.170776182,-0.15
1027,2020,5326,PSU,D1 Big Ten Conference,4164,MONM,270650467,2020-02-16 13:00:00,9,0,0,0,1192963328,B. Halladay,R,FA,R,-2.42420311167,3.5862229961,16.9250063704,14.1131294096,6.22272978681,HBP,HBP,-2.17103766761,5.4082651127,80.0355225402,1794.03987575,219.755777789,0.8
1028,2020,5326,PSU,D1 Big Ten Conference,4164,MONM,270650467,2020-02-16 13:00:00,9,0,0,0,1192963328,B. Halladay,R,FA,R,0.628906313918,3.06437419971,17.0363546643,16.7759626539,6.31224284702,SL,IP_OUT,-2.00279737927,5.54794039477,80.9577304477,2053.799427,224.491771626,-0.15
1029,2020,5326,PSU,D1 Big Ten Conference,4164,MONM,270650467,2020-02-16 13:00:00,9,0,0,1,1192963328,B. Halladay,R,FA,R,0.19283322543,1.85180027663,20.3805931187,14.5492176283,6.34426152961,SL,IP_OUT,-2.00703591538,5.55957812106,82.818586013,2094.38599095,215.471646134,-0.15
1030,2020,5326,PSU,D1 Big Ten Conference,4164,MONM,270650467,2020-02-16 13:00:00,9,0,1,1,1192963328,B. Halladay,R,SL,R,0.80580739397,1.65147632995,19.5352135297,8.34161190885,6.25906348787,B,IP_OUT,-2.22783297641,5.06592823327,65.8475694159,1250.6602289,203.058885069,0.13
1031,2020,5326,PSU,D1 Big Ten Conference,4164,MONM,270650467,2020-02-16 13:00:00,9,0,0,2,1192963328,B. Halladay,R,FA,R,0.629658597144,2.00044933367,19.4879736766,11.9976185456,6.2565035355,SL,S,-1.89518074572,5.51873250713,83.6460948442,2132.89517638,211.569117832,-0.15
1032,2020,5326,PSU,D1 Big Ten Conference,4164,MONM,270650467,2020-02-16 13:00:00,9,0,1,2,1192963328,B. Halladay,R,FA,R,-1.52090223437,3.05096520566,20.3221773,16.1997229127,6.23170462429,F,S,-2.19531944674,5.32406475136,83.6146531906,2119.6982684,218.508510123,-0.15
1033,2020,5326,PSU,D1 Big Ten Conference,4164,MONM,270650467,2020-02-16 13:00:00,9,1,2,2,1192963328,B. Halladay,R,SL,R,0.964196920244,1.12748768108,12.71129269,17.3785114458,6.23022058781,B,S,-2.088352422,5.08392527885,70.5658473008,1314.11874872,233.704365238,0.13
1034,2020,5326,PSU,D1 Big Ten Conference,4164,MONM,270650467,2020-02-16 13:00:00,9,2,2,2,1192963328,B. Halladay,R,FA,R,0.732953762465,3.00219333412,17.9328584276,11.6688423902,6.10817585379,IP,S,-1.90658406926,5.47424946104,84.5280683715,2162.55157577,212.998022472,1.0
1035,2020,5326,PSU,D1 Big Ten Conference,4164,MONM,270650467,2020-02-16 13:00:00,9,0,0,2,1192963328,B. Halladay,R,FA,L,1.1024413362,0.888793221937,15.0174562473,9.06093876418,6.54032047081,B,IP_OUT,-2.384750582,5.47415570363,83.423756326,2130.92103209,211.042446755,0.13
1036,2020,5326,PSU,D1 Big Ten Conference,4164,MONM,270650467,2020-02-16 13:00:00,9,1,0,2,1192963328,B. Halladay,R,FA,L,0.177902022462,0.968386302645,22.2069300246,7.07373782852,6.15885310521,B,IP_OUT,-2.3644860416,5.28977380347,82.188243479,2042.58664513,197.639560983,0.13
1037,2020,101,FSU,D1 Atlantic Coast Conference,730156544,NIAG,292046183,2020-02-16 13:00:00,1,0,0,0,1603464981,C. Grady,R,FA,R,0.209487413209,2.77301465962,19.3407367448,5.54126993244,6.02438529906,F,IP_OUT,-1.79020722559,5.41752992303,89.4147280905,2294.54479817,195.961753094,-0.15
1038,2020,101,FSU,D1 Atlantic Coast Conference,730156544,NIAG,292046183,2020-02-16 13:00:00,1,0,0,1,1603464981,C. Grady,R,CH,L,-1.11313126942,1.1107039505,4.82898319527,15.5767752963,5.97814619633,B,D,-2.21321843039,5.04602508216,81.865599945,1925.37140636,252.645482206,0.13
1039,2020,101,FSU,D1 Atlantic Coast Conference,730156544,NIAG,292046183,2020-02-16 13:00:00,1,1,0,1,1603464981,C. Grady,R,CH,L,-1.29495579842,2.99005877107,12.0244041677,12.5467958371,6.06937269448,B,D,-2.42100744194,5.09638382557,82.169725233,1962.37193646,226.126227985,0.13
1040,2020,101,FSU,D1 Atlantic Coast Conference,730156544,NIAG,292046183,2020-02-16 13:00:00,1,2,0,1,1603464981,C. Grady,R,FA,L,-0.437658044481,1.93397186132,17.0661247086,8.01373225115,5.89620595658,F,D,-1.88842349945,5.41851493055,89.9500234248,2243.85837245,205.111426316,-0.15
1041,2020,101,FSU,D1 Atlantic Coast Conference,730156544,NIAG,292046183,2020-02-16 13:00:00,1,2,1,1,1603464981,C. Grady,R,SL,L,-0.760734033689,2.33793189424,11.1137582586,1.41876804906,5.66437200865,SL,D,-2.45249732664,5.17029779713,84.0041579407,2324.02133828,187.250928123,-0.15
1042,2020,101,FSU,D1 Atlantic Coast Conference,730156544,NIAG,292046183,2020-02-16 13:00:00,1,2,2,1,1603464981,C. Grady,R,FA,L,0.702674757129,2.77709611442,17.4575605192,5.32499288594,6.04851762853,IP,D,-1.90552886534,5.43701979163,89.2654063507,2178.2387008,196.932962643,1.26
1043,2020,101,FSU,D1 Atlantic Coast Conference,730156544,NIAG,292046183,2020-02-16 13:00:00,1,0,0,1,1603464981,C. Grady,R,SL,R,0.612905352406,2.28628731147,12.244284346,-0.684883127987,5.80097211992,IP,ROE,-2.11942759206,5.44968879952,83.0295892642,2236.86303919,176.808318565,0.0
1044,2020,101,FSU,D1 Atlantic Coast Conference,730156544,NIAG,292046183,2020-02-16 13:00:00,1,0,0,1,1603464981,C. Grady,R,SL,R,-0.385208288084,3.34476627292,7.7877085291,-4.34542476032,5.95768501337,SL,DP,-2.12270295305,5.29228451782,82.435496575,2289.44552744,150.958536664,-0.15
1045,2020,101,FSU,D1 Atlantic Coast Conference,730156544,NIAG,292046183,2020-02-16 13:00:00,1,0,1,1,1603464981,C. Grady,R,FA,R,-2.00476401161,2.97224283805,13.5303909088,10.8190663789,6.04908114635,B,DP,-1.95597139873,5.41991398378,89.4516303741,2107.20938217,218.579132,0.13
1046,2020,101,FSU,D1 Atlantic Coast Conference,730156544,NIAG,292046183,2020-02-16 13:00:00,1,1,1,1,1603464981,C. Grady,R,SL,R,0.0425233965164,1.80475862353,11.893539941,5.55494821522,5.84076126261,F,DP,-2.1379994529,5.33643776729,83.2743148863,2284.12730715,204.96517811,-0.15
1047,2020,101,FSU,D1 Atlantic Coast Conference,730156544,NIAG,292046183,2020-02-16 13:00:00,1,1,2,1,1603464981,C. Grady,R,SL,R,1.48314458995,0.470933336075,8.30502308546,-4.88144127695,6.06126836111,B,DP,-2.06267709327,5.32442642311,82.8895972202,2321.32949941,149.668182635,0.13
1048,2020,101,FSU,D1 Atlantic Coast Conference,730156544,NIAG,292046183,2020-02-16 13:00:00,1,2,2,1,1603464981,C. Grady,R,CH,R,-0.635011163681,1.00174390127,11.0487427442,12.4838659989,6.25723724733,B,DP,-2.15018048913,5.00279759009,81.7779118251,1825.62102313,228.390668063,0.13
1049,2020,101,FSU,D1 Atlantic Coast Conference,730156544,NIAG,292046183,2020-02-16 13:00:00,1,3,2,1,1603464981,C. Grady,R,SL,R,0.877515624672,1.75132567202,6.83980586367,-2.58813608717,5.93903879006,F,DP,-1.9427657899,5.31291708343,83.0059700549,2436.00518928,159.377791887,0.0
1050,2020,101,FSU,D1 Atlantic Coast Conference,730156544,NIAG,292046183,2020-02-16 13:00:00,1,3,2,1,1603464981,C. Grady,R,FA,R,-0.416834496374,2.98831878005,16.2932484943,9.50311760191,6.23850408796,F,DP,-1.98848837531,5.44761462116,89.7176758025,2138.2200032,210.203978353,0.0
1051,2020,101,FSU,D1 Atlantic Coast Conference,730156544,NIAG,292046183,2020-02-16 13:00:00,1,3,2,1,1603464981,C. Grady,R,SL,R,0.639498653294,1.11196027092,7.52731283976,0.771215747116,6.04732213021,IP,DP,-2.24001109299,5.23420079616,83.2294841741,2269.61832753,185.820886954,-0.21
1052,2020,101,FSU,D1 Atlantic Coast Conference,730156544,NIAG,292046183,2020-02-16 13:00:00,2,0,0,0,1603464981,C. Grady,R,SL,R,-0.171750631417,3.15112347278,8.12097825452,-4.05958439289,5.72957611971,SL,K,-1.97205343182,5.43455822355,81.181640924,2172.87277078,153.552803537,-0.15
1053,2020,101,FSU,D1 Atlantic Coast Conference,730156544,NIAG,292046183,2020-02-16 13:00:00,2,0,1,0,1603464981,C. Grady,R,FA,R,0.925596300095,2.35480756964,18.5280209436,5.54392344791,6.13798630037,SL,K,-1.69661391499,5.40096625349,87.5992844352,2305.77094648,196.629288375,-0.15
1054,2020,101,FSU,D1 Atlantic Coast Conference,730156544,NIAG,292046183,2020-02-16 13:00:00,2,0,2,0,1603464981,C. Grady,R,FA,R,2.68734262411,2.05945887414,18.4722130804,5.70748963256,6.17101551933,B,K,-1.80986487227,5.39590743254,87.7070968019,2275.19004086,197.140216857,0.13
1055,2020,101,FSU,D1 Atlantic Coast Conference,730156544,NIAG,292046183,2020-02-16 13:00:00,2,1,2,0,1603464981,C. Grady,R,SL,R,1.74994365566,0.721559701475,10.758795258,-6.80940267604,5.86055214595,SS,K,-1.85778546948,5.43586014558,83.1005581235,2229.04583573,147.761717442,-0.15
1056,2020,101,FSU,D1 Atlantic Coast Conference,730156544,NIAG,292046183,2020-02-16 13:00:00,2,0,0,1,1603464981,C. Grady,R,CH,L,-0.800042568835,1.96127539999,9.6941573714,9.71725613726,6.10070043575,SL,IP_OUT,-2.06607974737,5.24484950682,81.745822226,1887.31918331,224.954286533,-0.15
1057,2020,101,FSU,D1 Atlantic Coast Conference,730156544,NIAG,292046183,2020-02-16 13:00:00,2,0,1,1,1603464981,C. Grady,R,FA,L,-2.05198533789,2.30872479657,13.0070026006,9.53849136507,5.99572216839,B,IP_OUT,-1.72986073232,5.43704453351,89.5153050815,2172.47944231,216.186120372,0.13
1058,2020,101,FSU,D1 Atlantic Coast Conference,730156544,NIAG,292046183,2020-02-16 13:00:00,2,1,1,1,1603464981,C. Grady,R,FA,L,1.14067719583,3.27873375993,16.79660957,4.46328695782,6.18898821281,B,IP_OUT,-1.68089797356,5.32864651264,88.1925053313,2152.87624326,194.85305592,0.13
1059,2020,101,FSU,D1 Atlantic Coast Conference,730156544,NIAG,292046183,2020-02-16 13:00:00,2,0,0,2,1603464981,C. Grady,R,CH,R,0.721543046115,1.77514625492,8.09092990554,12.8270115973,6.25733022263,SL,K,-2.05009421084,5.15087317048,80.3652791204,1916.60496402,237.630323821,-0.15
1060,2020,101,FSU,D1 Atlantic Coast Conference,730156544,NIAG,292046183,2020-02-16 13:00:00,2,0,1,2,1603464981,C. Grady,R,CH,R,-0.0606068185874,0.174325519321,5.32151375751,15.1552408362,6.06569164117,B,K,-2.209862076,5.14926542498,79.5116952816,1872.13675173,250.514514186,0.13
1061,2020,101,FSU,D1 Atlantic Coast Conference,730156544,NIAG,292046183,2020-02-16 13:00:00,2,1,1,2,1603464981,C. Grady,R,CH,R,0.398163696995,1.17686973534,11.4762162494,13.7374580646,5.8633511497,SS,K,-2.14026108123,5.39620952532,80.6726815509,1915.396053,230.02609206,-0.15
1062,2020,101,FSU,D1 Atlantic Coast Conference,730156544,NIAG,292046183,2020-02-16 13:00:00,2,1,2,2,1603464981,C. Grady,R,SL,R,0.440993052809,1.71545938658,6.91914868179,0.749625454047,5.80294022056,SS,K,-1.83609488879,5.38651164347,84.2500764183,2325.33493536,186.150945226,-0.15
1063,2020,101,FSU,D1 Atlantic Coast Conference,730156544,NIAG,292046183,2020-02-16 13:00:00,3,0,0,0,1603464981,C. Grady,R,FA,R,1.13735586213,2.14231565223,20.9330835648,8.9035167536,5.79355739017,SL,K,-1.94231882746,5.48102651292,87.488446647,2144.35784812,203.007610921,-0.15
1064,2020,101,FSU,D1 Atlantic Coast Conference,730156544,NIAG,292046183,2020-02-16 13:00:00,3,0,1,0,1603464981,C. Grady,R,FA,R,2.09170400615,-0.558286830336,16.2504657334,12.2683362499,5.83779453096,B,K,-1.89113988939,5.49700803569,88.036407238,2228.23876128,216.99330987,0.13
1065,2020,101,FSU,D1 Atlantic Coast Conference,730156544,NIAG,292046183,2020-02-16 13:00:00,3,1,1,0,1603464981,C. Grady,R,FA,R,-0.510814901896,2.17521587864,18.5374106957,8.0961458983,5.91651891744,F,K,-2.01076849846,5.54858604434,87.3802336698,2243.37443265,203.554365319,-0.15
1066,2020,101,FSU,D1 Atlantic Coast Conference,730156544,NIAG,292046183,2020-02-16 13:00:00,3,1,2,0,1603464981,C. Grady,R,SL,R,-0.174349439411,3.45095156141,12.7082960238,-6.59752369568,5.48821619203,F,K,-2.05516250284,5.56598673723,82.323786407,2290.09967014,152.637128423,0.0
1067,2020,101,FSU,D1 Atlantic Coast Conference,730156544,NIAG,292046183,2020-02-16 13:00:00,3,1,2,0,1603464981,C. Grady,R,CH,R,-0.103578075796,1.66030736602,9.56934086369,13.6141276703,6.12726131935,SS,K,-2.16758713852,5.21057240705,80.0034276518,1905.45242075,234.781226591,-0.15
1068,2020,101,FSU,D1 Atlantic Coast Conference,730156544,NIAG,292046183,2020-02-16 13:00:00,3,0,0,1,1603464981,C. Grady,R,CH,L,-1.35065404212,2.20224844788,7.47613954122,16.4309916988,6.04280939128,SS,K,-2.17260663729,5.29550236608,80.3703525859,1959.90848292,245.416427588,-0.15
1069,2020,101,FSU,D1 Atlantic Coast Conference,730156544,NIAG,292046183,2020-02-16 13:00:00,3,0,1,1,1603464981,C. Grady,R,SL,L,-1.78695537923,2.31385097651,7.32786118553,3.03043042441,5.54129527537,B,K,-2.35117573377,5.21828308914,83.1361605926,2300.4693534,202.36023857,0.13
1070,2020,101,FSU,D1 Atlantic Coast Conference,730156544,NIAG,292046183,2020-02-16 13:00:00,3,1,1,1,1603464981,C. Grady,R,SL,L,-0.019123774574,2.04094134958,6.29209239193,-0.735538704751,5.64838825752,SS,K,-2.20799315623,5.4158699832,82.6090022554,2346.22995623,173.373799094,-0.15
1071,2020,101,FSU,D1 Atlantic Coast Conference,730156544,NIAG,292046183,2020-02-16 13:00:00,3,1,2,1,1603464981,C. Grady,R,CH,L,-0.384490449744,0.68436276803,4.38682226038,15.2119362104,5.96589133446,SS,K,-2.08443693762,5.25394048803,80.0970856751,1864.19168201,253.769106625,-0.15
1072,2020,101,FSU,D1 Atlantic Coast Conference,730156544,NIAG,292046183,2020-02-16 13:00:00,3,0,0,2,1603464981,C. Grady,R,SL,R,0.723698052883,2.34223189573,9.82440083092,-8.52949067709,5.63871223701,SS,K,-2.01485600248,5.42931203974,82.4467550684,2174.02188531,139.15189981,-0.15
1073,2020,101,FSU,D1 Atlantic Coast Conference,730156544,NIAG,292046183,2020-02-16 13:00:00,3,0,1,2,1603464981,C. Grady,R,CH,R,0.604309724872,1.12809492363,7.13227637226,11.497115784,5.85383174849,SS,K,-2.08748037452,5.23860011223,79.7958642386,1805.26935362,238.037361322,-0.15
1074,2020,101,FSU,D1 Atlantic Coast Conference,730156544,NIAG,292046183,2020-02-16 13:00:00,3,0,2,2,1603464981,C. Grady,R,SL,R,0.597812092437,2.45306305456,8.21073440781,-7.65131302471,5.53691185812,SS,K,-1.96806203734,5.50798574995,81.4430412764,2271.2898216,137.163147062,-0.15
1075,2020,101,FSU,D1 Atlantic Coast Conference,730156544,NIAG,292046183,2020-02-16 13:00:00,4,0,0,1,1603464981,C. Grady,R,FA,R,-0.105886495793,2.50512650756,17.2983998606,7.18556846392,6.05821584869,SL,IP_OUT,-1.85382257468,5.5664078418,85.5364840648,2065.09439149,202.515660046,-0.15
1076,2020,101,FSU,D1 Atlantic Coast Conference,730156544,NIAG,292046183,2020-02-16 13:00:00,4,0,1,1,1603464981,C. Grady,R,SL,R,1.53958592797,0.778462910208,14.5576596314,-3.43931546668,5.92265160174,B,IP_OUT,-2.03265494377,5.47308806006,80.63233732,2174.78575847,166.743114147,0.13
1077,2020,101,FSU,D1 Atlantic Coast Conference,730156544,NIAG,292046183,2020-02-16 13:00:00,4,1,1,1,1603464981,C. Grady,R,CH,R,0.602368974095,2.18609431197,9.58657265381,-5.43532245326,5.50985480009,B,IP_OUT,-2.27834306401,5.40279639959,79.7477725372,2202.42936703,150.556629677,0.13
1078,2020,101,FSU,D1 Atlantic Coast Conference,730156544,NIAG,292046183,2020-02-16 13:00:00,4,2,1,1,1603464981,C. Grady,R,SL,R,1.3339343204,-0.41598283497,5.82066249882,0.294294157778,5.86388255154,B,IP_OUT,-2.05982171509,5.4710304385,81.9960322998,2344.76054621,182.875046184,0.13
1079,2020,101,FSU,D1 Atlantic Coast Conference,730156544,NIAG,292046183,2020-02-16 13:00:00,4,3,1,1,1603464981,C. Grady,R,FA,R,-0.0248116736496,2.42166898325,18.6235343046,5.17224704188,6.15096554982,F,IP_OUT,-1.68588779235,5.55884577938,86.7894155743,2207.36792182,195.493886509,-0.15
1080,2020,101,FSU,D1 Atlantic Coast Conference,730156544,NIAG,292046183,2020-02-16 13:00:00,4,0,0,2,1603464981,C. Grady,R,CH,R,-0.281451975367,1.73512365855,9.12430214492,14.3132600276,5.93125495463,F,IP_OUT,-2.14152422305,5.27085234893,77.8629114518,1782.57010572,237.361272606,-0.15
1081,2020,101,FSU,D1 Atlantic Coast Conference,730156544,NIAG,292046183,2020-02-16 13:00:00,4,0,1,2,1603464981,C. Grady,R,FA,R,0.111833539585,2.50286358039,14.6302449334,4.63757530322,5.94592649153,F,IP_OUT,-1.84778139092,5.3804528725,85.191564576,2118.02998927,197.54732952,-0.15
1082,2020,101,FSU,D1 Atlantic Coast Conference,730156544,NIAG,292046183,2020-02-16 13:00:00,4,0,2,2,1603464981,C. Grady,R,SL,R,-0.0305603669236,1.46426198924,10.5388972224,-1.1755508004,5.68532099914,F,IP_OUT,-2.03796055409,5.4210803793,81.8620185299,2144.74826316,173.658842399,0.0
1083,2020,101,FSU,D1 Atlantic Coast Conference,730156544,NIAG,292046183,2020-02-16 13:00:00,4,0,2,2,1603464981,C. Grady,R,CH,R,-0.796622142647,1.94768211935,7.58203960047,10.0343142342,5.88485319993,F,IP_OUT,-2.33273386921,5.18680264757,77.3556072144,1737.94274013,232.766070696,0.0
1084,2020,101,FSU,D1 Atlantic Coast Conference,730156544,NIAG,292046183,2020-02-16 13:00:00,4,0,2,2,1603464981,C. Grady,R,FA,R,2.43041523007,1.78476662814,18.398987339,6.65986199624,5.9647741947,B,IP_OUT,-1.93365129859,5.37712720635,87.2160029693,2182.92853735,199.864090613,0.13
1085,2020,101,FSU,D1 Atlantic Coast Conference,730156544,NIAG,292046183,2020-02-16 13:00:00,5,0,0,0,1603464981,C. Grady,R,FA,R,-0.014067236227,2.86111872946,20.5066520186,7.24018213982,5.80999173033,F,K,-1.68745356371,5.69603859866,86.1976013034,2188.33928821,199.415160844,-0.15
1086,2020,101,FSU,D1 Atlantic Coast Conference,730156544,NIAG,292046183,2020-02-16 13:00:00,5,0,1,0,1603464981,C. Grady,R,SL,R,0.87086251375,0.435821743523,9.02161295541,3.22014616793,5.87814790643,B,K,-1.99739375984,5.42298299885,81.5289342432,2282.82710367,199.563537614,0.13
1087,2020,101,FSU,D1 Atlantic Coast Conference,730156544,NIAG,292046183,2020-02-16 13:00:00,5,1,1,0,1603464981,C. Grady,R,CH,R,0.0916899488718,2.80346497203,16.6770583232,5.7187508071,6.06094936389,F,K,-2.15366561321,5.40693827996,78.6736918428,1769.12513429,198.882367223,-0.15
1088,2020,101,FSU,D1 Atlantic Coast Conference,730156544,NIAG,292046183,2020-02-16 13:00:00,5,1,2,0,1603464981,C. Grady,R,SL,R,-0.0980299116207,1.7759449056,6.18506623922,-2.61524950748,5.82574732289,SL,K,-2.34901996005,5.25754474702,81.8730369333,2181.75902082,157.211740475,-0.15
1089,2020,101,FSU,D1 Atlantic Coast Conference,730156544,NIAG,292046183,2020-02-16 13:00:00,5,0,0,1,1603464981,C. Grady,R,SL,L,0.683089866141,2.01822992549,6.30402001487,-4.5787252953,5.82339927457,SL,K,-2.15874550235,5.35489437289,81.1327766361,2262.37606878,144.181243363,-0.15
1090,2020,101,FSU,D1 Atlantic Coast Conference,730156544,NIAG,292046183,2020-02-16 13:00:00,5,0,1,1,1603464981,C. Grady,R,CH,L,-0.299820805973,-0.126718425876,5.05271236626,19.0519209632,5.8505745539,B,K,-2.32109014866,5.13761596247,80.5904762565,1861.38916478,255.032106214,0.13
1091,2020,101,FSU,D1 Atlantic Coast Conference,730156544,NIAG,292046183,2020-02-16 13:00:00,5,1,1,1,1603464981,C. Grady,R,CH,L,0.453495688947,2.25532177003,9.66033409922,13.3056067471,6.01148979977,SS,K,-2.31331188698,5.12553361593,79.3537339619,1813.52329932,233.902092948,-0.15
1092,2020,101,FSU,D1 Atlantic Coast Conference,730156544,NIAG,292046183,2020-02-16 13:00:00,5,1,2,1,1603464981,C. Grady,R,CH,L,-0.340134669578,2.28828442129,8.79757282854,12.3050575685,5.68970064792,SS,K,-2.29438878786,5.17583536906,79.8381932228,1755.13822929,234.308437175,-0.15
1093,2020,101,FSU,D1 Atlantic Coast Conference,730156544,NIAG,292046183,2020-02-16 13:00:00,5,0,0,2,1603464981,C. Grady,R,SL,R,0.12329135838,2.15420985911,4.63935055849,-1.54005378211,5.82199361032,SS,S,-2.19790240599,5.27967101533,81.1916576393,2131.11114734,161.780813359,-0.15
1094,2020,101,FSU,D1 Atlantic Coast Conference,730156544,NIAG,292046183,2020-02-16 13:00:00,5,0,1,2,1603464981,C. Grady,R,FA,R,0.497356276776,2.37654366082,14.3012323023,7.81007041917,5.79996354608,IP,S,-1.83982616281,5.35380673883,88.3124520376,2163.28793286,208.582919639,1.0
1095,2020,101,FSU,D1 Atlantic Coast Conference,730156544,NIAG,292046183,2020-02-16 13:00:00,5,0,0,2,1603464981,C. Grady,R,SL,R,0.242513356647,2.52534022513,17.2711331804,1.28162956336,5.84979246452,IP,ROE,-2.15358151918,5.44602440169,81.4856122254,2177.90843113,184.234277872,0.0
1096,2020,101,FSU,D1 Atlantic Coast Conference,730156544,NIAG,292046183,2020-02-16 13:00:00,5,0,0,2,1603464981,C. Grady,R,CH,L,0.555662741529,1.26435409983,5.87328940391,10.7790835896,5.97330144276,B,FC,-2.27196945091,5.36255692316,79.9488891706,1772.83317386,241.246524342,0.13
1097,2020,101,FSU,D1 Atlantic Coast Conference,730156544,NIAG,292046183,2020-02-16 13:00:00,5,1,0,2,1603464981,C. Grady,R,CH,L,0.200444810811,1.34823040328,6.48814378194,12.7054437223,6.21612331091,SS,FC,-2.25918221272,5.14966044216,80.1180264806,1749.59448495,242.803962038,-0.15
1098,2020,101,FSU,D1 Atlantic Coast Conference,730156544,NIAG,292046183,2020-02-16 13:00:00,5,1,1,2,1603464981,C. Grady,R,CH,L,-0.549498780812,2.12075687014,7.4613917552,13.8805763063,6.03847467364,IP,FC,-2.38722673593,5.16934773569,80.5263500508,1748.62938772,241.611112788,-0.21
1099,2020,101,FSU,D1 Atlantic Coast Conference,730156544,NIAG,292046183,2020-02-16 13:00:00,6,0,1,0,1434793889,C. Haney,R,FA,R,1.85457449882,3.40308122022,6.9011430866,16.9453770609,6.81184081125,B,K,-2.44431963516,4.13092183596,83.8183453331,2082.16175915,247.734990821,0.13
1100,2020,101,FSU,D1 Atlantic Coast Conference,730156544,NIAG,292046183,2020-02-16 13:00:00,6,1,2,0,1434793889,C. Haney,R,SL,R,0.277964326885,2.10775225354,2.07522932013,-9.08732347953,6.54780469733,SS,K,-2.59087838102,4.09007399948,73.4097320108,2197.73221555,103.144238562,-0.15
1101,2020,101,FSU,D1 Atlantic Coast Conference,730156544,NIAG,292046183,2020-02-16 13:00:00,6,0,0,1,1434793889,C. Haney,R,FA,L,0.940577695517,2.1775945144,4.99110464258,13.6824711045,6.87394516714,B,K,-2.74808355112,4.08359114908,84.4693488571,1888.96240207,249.827731387,0.13
1102,2020,101,FSU,D1 Atlantic Coast Conference,730156544,NIAG,292046183,2020-02-16 13:00:00,6,1,1,1,1434793889,C. Haney,R,FA,L,0.457838394717,1.22586013678,1.02416909516,15.5069390136,6.79770605227,SS,K,-2.69354147309,4.09920405576,83.0904268138,1978.33795791,266.084572601,-0.15
1103,2020,101,FSU,D1 Atlantic Coast Conference,730156544,NIAG,292046183,2020-02-16 13:00:00,6,1,2,1,1434793889,C. Haney,R,SL,L,0.0183619727419,0.639571307562,-0.964545547858,-6.27694842477,6.58327285149,SS,K,-2.63082753306,3.93135362079,75.1039185661,2239.00997768,81.672526921,-0.15
1104,2020,101,FSU,D1 Atlantic Coast Conference,730156544,NIAG,292046183,2020-02-16 13:00:00,6,1,0,2,1434793889,C. Haney,R,SL,R,0.391302837541,2.22675229388,3.96070465019,-6.7055706513,6.46400237897,SL,K,-2.66930372079,4.01048197613,72.8218672916,2246.81356928,120.870629217,-0.15
1105,2020,101,FSU,D1 Atlantic Coast Conference,730156544,NIAG,292046183,2020-02-16 13:00:00,6,1,1,2,1434793889,C. Haney,R,CH,R,2.88867430341,0.746937143829,-1.48560798612,17.737418183,7.16559170043,B,K,-2.61618287229,3.94136245214,83.0563129239,2189.78967279,274.669972615,0.13
1106,2020,101,FSU,D1 Atlantic Coast Conference,730156544,NIAG,292046183,2020-02-16 13:00:00,6,2,1,2,1434793889,C. Haney,R,SL,R,-0.618879867447,2.44282248755,0.780097360089,-8.86107349979,6.53249020539,SL,K,-2.68500899415,4.00451768788,73.0402178512,2249.19697614,95.3373938652,-0.15
1107,2020,101,FSU,D1 Atlantic Coast Conference,730156544,NIAG,292046183,2020-02-16 13:00:00,6,2,2,2,1434793889,C. Haney,R,SL,R,1.06556234811,2.21770848096,0.862714592421,-6.79359223307,6.73135593254,SL,K,-2.68227685175,4.07416004843,73.7263630082,2287.00142709,97.625783377,-0.15
1108,2020,101,FSU,D1 Atlantic Coast Conference,730156544,NIAG,292046183,2020-02-16 13:00:00,7,0,0,0,1629119588,B. Hubbart,L,FA,R,-0.0445901469046,2.49311243431,24.8911455702,-17.9105383923,5.10313019763,F,K,3.0352128279,6.0004491099,86.5994411896,2206.87255606,144.302782608,-0.15
1109,2020,101,FSU,D1 Atlantic Coast Conference,730156544,NIAG,292046183,2020-02-16 13:00:00,7,0,1,0,1629119588,B. Hubbart,L,FA,R,-0.0691343599243,2.18038692851,19.5157994399,-14.1873020165,5.18508385354,F,K,3.00893095982,5.87505769364,90.3990395627,2330.89302845,144.03074735,-0.15
1110,2020,101,FSU,D1 Atlantic Coast Conference,730156544,NIAG,292046183,2020-02-16 13:00:00,7,0,2,0,1629119588,B. Hubbart,L,CU,R,0.661893611751,4.03621916094,-11.3411017715,13.1687989284,4.42958206292,B,K,3.15992278165,5.71949019518,73.7454613847,2452.63971022,310.606441932,0.13
1111,2020,101,FSU,D1 Atlantic Coast Conference,730156544,NIAG,292046183,2020-02-16 13:00:00,7,1,2,0,1629119588,B. Hubbart,L,CU,R,-1.63253053903,1.2512182728,-12.3929665937,10.7502861659,4.35291999139,B,K,3.24454871718,5.58155606005,76.4988011276,2516.64012512,318.949482818,0.13
1112,2020,101,FSU,D1 Atlantic Coast Conference,730156544,NIAG,292046183,2020-02-16 13:00:00,7,2,2,0,1629119588,B. Hubbart,L,FA,R,0.468034336621,3.73908403531,19.8066836589,-11.6723278836,5.29964090652,SS,K,3.12945647684,5.80299739069,90.1579190003,2270.75989472,149.530540095,-0.15
1113,2020,101,FSU,D1 Atlantic Coast Conference,730156544,NIAG,292046183,2020-02-16 13:00:00,7,0,0,1,1629119588,B. Hubbart,L,FA,R,-1.22584713765,3.30703575748,21.4532318195,-13.754415102,5.29471837888,B,K,3.05974412615,5.7270967234,88.6369572792,2134.40170869,147.376603913,0.13
1114,2020,101,FSU,D1 Atlantic Coast Conference,730156544,NIAG,292046183,2020-02-16 13:00:00,7,1,0,1,1629119588,B. Hubbart,L,FA,R,-0.110918964843,2.48332380379,17.7820763962,-15.5052649126,5.25150502137,SL,K,2.98176242292,5.73093045733,90.2721494318,2279.31569163,138.965655419,-0.15
1115,2020,101,FSU,D1 Atlantic Coast Conference,730156544,NIAG,292046183,2020-02-16 13:00:00,7,1,1,1,1629119588,B. Hubbart,L,CH,R,-0.839227302762,0.796900470302,15.7035343988,-18.3738444995,5.40320313832,B,K,3.37239886293,5.47980197523,79.114265847,2216.00980936,130.597573178,0.13
1116,2020,101,FSU,D1 Atlantic Coast Conference,730156544,NIAG,292046183,2020-02-16 13:00:00,7,2,1,1,1629119588,B. Hubbart,L,FA,R,-0.0744959388807,3.84901771307,19.8979813374,-14.5606312563,5.2234035531,SS,K,2.99190582108,5.79713157998,90.6600532244,2317.22511823,143.849925549,-0.15
1117,2020,101,FSU,D1 Atlantic Coast Conference,730156544,NIAG,292046183,2020-02-16 13:00:00,7,2,2,1,1629119588,B. Hubbart,L,FA,R,-2.29766690551,2.03198008138,18.8035282506,-15.6565489908,5.57245171912,B,K,2.91530668223,5.7048585595,90.2514920157,2356.8887905,140.267434152,0.13
1118,2020,101,FSU,D1 Atlantic Coast Conference,730156544,NIAG,292046183,2020-02-16 13:00:00,7,3,2,1,1629119588,B. Hubbart,L,FA,R,0.125671702699,2.37211026055,16.4562377342,-20.0947080142,5.34138976591,F,K,3.14212475594,5.66887583031,89.3127730442,2180.11902544,129.372890981,0.0
1119,2020,101,FSU,D1 Atlantic Coast Conference,730156544,NIAG,292046183,2020-02-16 13:00:00,7,3,2,1,1629119588,B. Hubbart,L,CH,R,0.34319516584,2.3658408683,11.0781291719,-26.1248505934,5.39649378873,F,K,3.35748253749,5.43111367871,80.0279673111,2095.05201348,113.056939743,0.0
1120,2020,101,FSU,D1 Atlantic Coast Conference,730156544,NIAG,292046183,2020-02-16 13:00:00,7,3,2,1,1629119588,B. Hubbart,L,FA,R,0.721500288082,2.75998642122,17.1623499555,-17.0472697629,5.38936332713,SS,K,3.15663715132,5.53362224032,89.6869292861,2154.06629654,135.248432347,-0.15
1121,2020,101,FSU,D1 Atlantic Coast Conference,730156544,NIAG,292046183,2020-02-16 13:00:00,7,0,0,2,1629119588,B. Hubbart,L,FA,L,0.413051893762,3.35159634105,11.2551692465,-17.6784172368,5.2704239348,F,IP_OUT,3.04034828673,5.5347640355,87.3810337819,2130.44559108,122.564673055,-0.15
1122,2020,101,FSU,D1 Atlantic Coast Conference,730156544,NIAG,292046183,2020-02-16 13:00:00,8,0,0,0,1547503942,T. Ahearn,R,FA,R,-0.450637075018,2.75602719285,15.935674752,9.86453865079,5.57414274601,F,IP_OUT,-1.45823925878,6.00671919398,89.2530313965,2045.8096988,211.704848036,-0.15
1123,2020,101,FSU,D1 Atlantic Coast Conference,730156544,NIAG,292046183,2020-02-16 13:00:00,8,0,0,1,1547503942,T. Ahearn,R,FA,R,0.188671367085,3.69571071987,19.9415602499,1.78414561274,5.48510125161,B,ROE,-1.64760428901,5.84483451808,88.9522249533,2183.62906246,185.104031116,0.13
1124,2020,101,FSU,D1 Atlantic Coast Conference,730156544,NIAG,292046183,2020-02-16 13:00:00,8,1,0,1,1547503942,T. Ahearn,R,FA,R,-0.251241327631,2.78827875211,23.674678733,4.6623581857,5.49223257723,IP,ROE,-1.63705905496,5.93416240222,88.8628024723,2144.76700392,191.125465479,0.0
1125,2020,101,FSU,D1 Atlantic Coast Conference,730156544,NIAG,292046183,2020-02-16 13:00:00,8,0,1,1,1547503942,T. Ahearn,R,FA,L,1.27926955363,2.86180140049,16.9364753814,8.26560802874,5.53270244905,B,IP_OUT,-1.24297605002,5.89471355708,89.5889797797,2140.86360643,205.969834395,0.13
1126,2020,101,FSU,D1 Atlantic Coast Conference,730156544,NIAG,292046183,2020-02-16 13:00:00,8,0,1,2,1547503942,T. Ahearn,R,CH,R,-0.277603732166,2.20631118536,16.3046951682,5.90868459086,5.98421175956,F,K,-1.81624998436,5.54059978334,81.8222040231,1772.31068139,199.876398029,-0.15
1127,2020,101,FSU,D1 Atlantic Coast Conference,730156544,NIAG,292046183,2020-02-16 13:00:00,8,0,2,2,1547503942,T. Ahearn,R,SL,R,1.60956558875,1.09176540012,8.77898381914,-14.8695119675,5.15682530915,B,K,-1.93091259479,5.50917860441,79.9573166828,2271.06927664,120.678171371,0.13
1128,2020,101,FSU,D1 Atlantic Coast Conference,730156544,NIAG,292046183,2020-02-16 13:00:00,8,1,2,2,1547503942,T. Ahearn,R,FA,R,-0.520881041054,1.93018322096,16.0747532789,12.4057817877,5.60168969671,SS,K,-1.28634713522,5.90952525865,90.1036081269,2171.75850212,217.602964363,-0.15
1129,2020,101,FSU,D1 Atlantic Coast Conference,730156544,NIAG,292046183,2020-02-16 13:00:00,9,0,0,0,1067894112,D. Hare,R,FA,L,-1.25326349838,3.06811760582,16.5468894744,5.3485263337,5.81638538063,SL,IP_OUT,-0.94853563657,6.07580067631,91.2270149,1628.87190658,197.880651481,-0.15
1130,2020,101,FSU,D1 Atlantic Coast Conference,730156544,NIAG,292046183,2020-02-16 13:00:00,9,0,1,0,1067894112,D. Hare,R,FA,L,-1.24589035167,3.116847806,16.9502564159,8.57758403158,5.92080119713,B,IP_OUT,-1.05757930287,5.84032140201,92.1755754477,1892.45042563,206.799413764,0.13
1131,2020,101,FSU,D1 Atlantic Coast Conference,730156544,NIAG,292046183,2020-02-16 13:00:00,9,1,1,0,1067894112,D. Hare,R,FA,L,-1.47188863667,2.54071197404,17.9850712673,8.08399022937,5.94917746678,B,IP_OUT,-0.848292320826,5.98164673766,92.51760481,1863.83842281,204.166579335,0.13
1132,2020,101,FSU,D1 Atlantic Coast Conference,730156544,NIAG,292046183,2020-02-16 13:00:00,9,2,1,0,1067894112,D. Hare,R,FA,L,-0.8749865593,4.01056303566,14.6013482985,7.77374600949,6.50327107219,B,IP_OUT,-0.951820806705,6.03886421433,90.8691390825,1859.01868351,207.980442631,0.13
1133,2020,101,FSU,D1 Atlantic Coast Conference,730156544,NIAG,292046183,2020-02-16 13:00:00,9,3,1,0,1067894112,D. Hare,R,FA,L,0.55584863879,2.33621999934,14.2265868751,7.50686125723,6.16533677225,F,IP_OUT,-0.785367152253,5.92468526074,91.1924460382,1961.41172878,207.767178451,-0.15
1134,2020,101,FSU,D1 Atlantic Coast Conference,730156544,NIAG,292046183,2020-02-16 13:00:00,9,0,0,1,1067894112,D. Hare,R,SL,R,0.475988991287,1.71635060004,-1.84696489827,-13.5692834897,5.5348379438,SL,K,-0.962289812826,5.94138462158,78.1624926583,1772.99172877,82.4280312322,-0.15
1135,2020,101,FSU,D1 Atlantic Coast Conference,730156544,NIAG,292046183,2020-02-16 13:00:00,9,0,1,1,1067894112,D. Hare,R,SL,R,0.103325828774,2.29810597449,2.95347734824,-16.3734836188,5.36174452661,F,K,-0.986123071721,5.94198035515,76.133492869,1649.12477229,100.380727458,-0.15
1136,2020,101,FSU,D1 Atlantic Coast Conference,730156544,NIAG,292046183,2020-02-16 13:00:00,9,0,2,1,1067894112,D. Hare,R,FS,R,-0.345931637691,3.06170566296,13.9366060219,6.79508896868,5.70210553573,SS,K,-0.788022734808,6.09627859426,82.8026533811,1183.45141277,205.92982146,-0.15
1137,2020,101,FSU,D1 Atlantic Coast Conference,730156544,NIAG,292046183,2020-02-16 13:00:00,9,0,0,2,1067894112,D. Hare,R,FS,R,-0.657911000966,4.26392184251,10.113988505,-1.05424358298,5.81755853976,B,D,-0.895029565963,6.03783612611,81.8809368963,993.940726212,174.072065762,0.13
1138,2020,101,FSU,D1 Atlantic Coast Conference,730156544,NIAG,292046183,2020-02-16 13:00:00,9,1,0,2,1067894112,D. Hare,R,FA,R,-0.506352057325,3.1214355621,14.2352983742,6.60782177095,6.045551702,IP,D,-0.828956237776,5.98245089997,91.3693138391,1948.65714089,204.851930145,1.26
1139,2020,101,FSU,D1 Atlantic Coast Conference,730156544,NIAG,292046183,2020-02-16 13:00:00,9,0,0,2,1067894112,D. Hare,R,SL,R,0.296016527695,4.22868277966,1.41211664114,-16.1494157673,5.49337132047,B,S,-0.942639247653,6.03101204809,73.8558556771,1665.62438334,95.1693697046,0.13
1140,2020,101,FSU,D1 Atlantic Coast Conference,730156544,NIAG,292046183,2020-02-16 13:00:00,9,1,0,2,1067894112,D. Hare,R,SL,R,0.571051911236,2.28380551346,-0.304689028001,-13.0862515337,5.40698318965,SL,S,-1.04380883523,5.86043804214,73.9899464967,1593.78787256,88.8768473062,-0.15
1141,2020,101,FSU,D1 Atlantic Coast Conference,730156544,NIAG,292046183,2020-02-16 13:00:00,9,1,1,2,1067894112,D. Hare,R,FS,R,-0.921343818869,3.69001333525,8.20360943148,3.56005615359,5.7939283906,F,S,-0.78314428287,6.03775409596,80.6700889722,1142.77413625,203.356642815,-0.15
1142,2020,101,FSU,D1 Atlantic Coast Conference,730156544,NIAG,292046183,2020-02-16 13:00:00,9,1,2,2,1067894112,D. Hare,R,FS,R,0.681081688765,0.509411906272,7.49921599573,6.18533892478,5.65831346464,F,S,-0.890613331936,6.12137554594,83.8427355403,1150.86679346,219.375275678,0.0
1143,2020,101,FSU,D1 Atlantic Coast Conference,730156544,NIAG,292046183,2020-02-16 13:00:00,9,1,2,2,1067894112,D. Hare,R,FS,R,0.63025999745,1.24978354834,1.88195015745,9.73717733529,5.67927126216,F,S,-1.04020790094,6.08331317558,82.9591059622,1223.12912883,258.843170591,0.0
1144,2020,101,FSU,D1 Atlantic Coast Conference,730156544,NIAG,292046183,2020-02-16 13:00:00,9,1,2,2,1067894112,D. Hare,R,FA,R,0.144811894615,1.55880385162,16.576717839,9.02100341897,5.80821086267,IP,S,-0.69648585551,6.07087662794,92.7556383809,1880.65994455,208.510278262,1.0
1145,2020,101,FSU,D1 Atlantic Coast Conference,730156544,NIAG,292046183,2020-02-16 13:00:00,9,0,0,2,1067894112,D. Hare,R,FA,L,2.33943030373,1.74891991532,11.4909008454,2.92089121123,6.17868416779,B,BB,-0.903892595233,5.93749243167,91.2310140109,1918.93387791,194.225046516,0.13
1146,2020,101,FSU,D1 Atlantic Coast Conference,730156544,NIAG,292046183,2020-02-16 13:00:00,9,1,0,2,1067894112,D. Hare,R,FS,L,-0.411401991223,1.77764258339,6.16662180826,4.14307658944,5.79025980217,SL,BB,-1.03310117373,6.10349776705,81.3754506995,1183.66155461,213.723769625,-0.15
1147,2020,101,FSU,D1 Atlantic Coast Conference,730156544,NIAG,292046183,2020-02-16 13:00:00,9,1,1,2,1067894112,D. Hare,R,FA,L,-1.19241517466,2.59684879585,11.8446266938,6.58306696366,5.81186387605,SL,BB,-0.807660722737,5.8735373971,91.2434716379,1863.00146817,208.99965137,-0.15
1148,2020,101,FSU,D1 Atlantic Coast Conference,730156544,NIAG,292046183,2020-02-16 13:00:00,9,1,2,2,1067894112,D. Hare,R,SL,L,-0.785527173032,3.39192964412,19.5207671939,-1.10152489481,5.71660098248,B,BB,-1.07044895587,5.98919190855,83.8914517223,1121.14215735,176.77655781,0.13
1149,2020,101,FSU,D1 Atlantic Coast Conference,730156544,NIAG,292046183,2020-02-16 13:00:00,9,2,2,2,1067894112,D. Hare,R,FS,L,0.650518449221,0.760198567654,17.0334026205,-1.08139705448,5.60562699614,B,BB,-0.999200829035,5.91323410172,84.7499493249,1075.58263849,176.375213493,0.13
1150,2020,101,FSU,D1 Atlantic Coast Conference,730156544,NIAG,292046183,2020-02-16 13:00:00,9,3,2,2,1067894112,D. Hare,R,FA,L,1.5539767243,1.1119576684,14.7681568448,6.27600201609,6.00726932701,B,BB,-0.723299559546,5.90110592113,91.8112273649,2019.35268869,202.980835128,0.8
1151,2020,101,FSU,D1 Atlantic Coast Conference,730156544,NIAG,292046183,2020-02-16 13:00:00,9,0,0,2,1067894112,D. Hare,R,SL,R,-0.584168017554,1.97139107354,-0.500233627967,-8.03279483303,5.34420035075,SL,K,-0.987448142981,5.87209378882,76.0488558613,1740.2314318,86.7624513916,-0.15
1152,2020,101,FSU,D1 Atlantic Coast Conference,730156544,NIAG,292046183,2020-02-16 13:00:00,9,0,1,2,1067894112,D. Hare,R,SL,R,0.333874254183,1.00385016538,-0.204549343155,-9.96243827375,5.56239160986,SS,K,-0.959871915784,6.02214990067,74.6072885707,1601.1260473,89.0964723277,-0.15
1153,2020,101,FSU,D1 Atlantic Coast Conference,730156544,NIAG,292046183,2020-02-16 13:00:00,9,0,2,2,1067894112,D. Hare,R,FS,R,0.065710225923,1.17952023073,14.013378653,-2.08811363918,5.64350837731,SS,K,-1.05126688331,6.02791731859,82.9357596654,1240.26611111,171.547856367,-0.15
1154,2020,101,FSU,D1 Atlantic Coast Conference,730156544,NIAG,277801073,2020-02-15 13:00:00,1,0,0,0,1601252062,S. Drohan,L,FA,R,1.32098161005,1.54946978157,20.1023175209,-15.0727934031,5.83543309488,SL,BB,1.57575915173,5.60721815072,92.9646235909,2237.67796625,143.179224148,-0.15
1155,2020,101,FSU,D1 Atlantic Coast Conference,730156544,NIAG,277801073,2020-02-15 13:00:00,1,0,1,0,1601252062,S. Drohan,L,FA,R,-0.238611190431,1.02469965858,19.6954467086,-12.9801726797,5.69015839235,B,BB,1.45003022359,5.59946184764,93.1732818462,2278.23726984,146.654388078,0.13
1156,2020,101,FSU,D1 Atlantic Coast Conference,730156544,NIAG,277801073,2020-02-15 13:00:00,1,1,1,0,1601252062,S. Drohan,L,CH,R,0.0193700214472,0.208196455874,17.8858829833,-16.3087463971,5.31840922874,B,BB,1.51468378491,5.60725887565,85.0431954507,2212.51576985,137.700447723,0.13
1157,2020,101,FSU,D1 Atlantic Coast Conference,730156544,NIAG,277801073,2020-02-15 13:00:00,1,2,1,0,1601252062,S. Drohan,L,FA,R,-1.33822314088,2.40760218873,20.7456731995,-11.9541279853,5.80900571014,B,BB,1.45320978838,5.60132749433,93.6311274973,2374.3422978,150.084746185,0.13
1158,2020,101,FSU,D1 Atlantic Coast Conference,730156544,NIAG,277801073,2020-02-15 13:00:00,1,3,1,0,1601252062,S. Drohan,L,FA,R,-0.762948288211,0.984383312994,19.1875898542,-11.6274559201,5.77751312946,B,BB,1.45725013899,5.62419861088,92.3464419116,2316.26154535,148.825722784,0.8
1159,2020,101,FSU,D1 Atlantic Coast Conference,730156544,NIAG,277801073,2020-02-15 13:00:00,1,0,0,0,1601252062,S. Drohan,L,CH,L,1.20609761528,1.90719106565,15.1523590991,-16.2731443723,5.52545529881,SL,K,1.10278565254,5.53514305024,82.403776661,2134.46757789,133.031684747,-0.15
1160,2020,101,FSU,D1 Atlantic Coast Conference,730156544,NIAG,277801073,2020-02-15 13:00:00,1,0,1,0,1601252062,S. Drohan,L,FA,L,-1.08029174751,1.69436322125,20.3759934103,-15.12809841,5.95475655569,SL,K,1.12538500058,5.57115930444,93.7217950947,2322.40658866,143.44864504,-0.15
1161,2020,101,FSU,D1 Atlantic Coast Conference,730156544,NIAG,277801073,2020-02-15 13:00:00,1,0,2,0,1601252062,S. Drohan,L,CU,L,-1.17586907312,-0.515268837311,-11.9031426556,12.1980508959,5.32240056608,B,K,1.37219010035,5.41049071233,79.8977932994,2700.83701001,314.196436701,0.13
1162,2020,101,FSU,D1 Atlantic Coast Conference,730156544,NIAG,277801073,2020-02-15 13:00:00,1,1,2,0,1601252062,S. Drohan,L,CU,L,-1.2413718379,0.684732331978,-7.37172800524,9.37211810665,5.70049116039,SS,K,1.23783790714,5.64174010982,79.0303854875,2660.23835671,308.025145343,-0.15
1163,2020,101,FSU,D1 Atlantic Coast Conference,730156544,NIAG,277801073,2020-02-15 13:00:00,1,0,0,1,1601252062,S. Drohan,L,FA,R,-0.328866084302,2.99883309682,20.6163947729,-11.1151687837,5.78180701743,SL,BB,1.32797029792,5.44854011139,92.6242201686,2366.94981306,151.704926994,-0.15
1164,2020,101,FSU,D1 Atlantic Coast Conference,730156544,NIAG,277801073,2020-02-15 13:00:00,1,0,1,1,1601252062,S. Drohan,L,FA,R,0.0205000945912,1.47426080507,13.7383500624,-17.4544728359,5.77665253223,SL,BB,1.12537916721,5.60027586551,93.5101329672,2391.28557856,128.267118371,-0.15
1165,2020,101,FSU,D1 Atlantic Coast Conference,730156544,NIAG,277801073,2020-02-15 13:00:00,1,0,2,1,1601252062,S. Drohan,L,CU,R,-0.521290571639,-1.62124349566,-16.8594923906,8.47500724447,5.54776664679,B,BB,1.35286861121,5.44208873332,80.6077070044,2788.82486446,333.255141456,0.13
1166,2020,101,FSU,D1 Atlantic Coast Conference,730156544,NIAG,277801073,2020-02-15 13:00:00,1,1,2,1,1601252062,S. Drohan,L,FA,R,0.691360961337,3.86673249176,12.2130351697,-15.1967352402,6.00670824623,B,BB,1.27964663823,5.65227780555,93.2425701639,2381.09352595,128.856633399,0.13
1167,2020,101,FSU,D1 Atlantic Coast Conference,730156544,NIAG,277801073,2020-02-15 13:00:00,1,2,2,1,1601252062,S. Drohan,L,CU,R,-1.17320400471,-0.28041356039,-12.9933431759,13.1976131617,5.59100892763,B,BB,1.41013693392,5.57453292657,79.9589512537,2860.31589791,314.460338425,0.13
1168,2020,101,FSU,D1 Atlantic Coast Conference,730156544,NIAG,277801073,2020-02-15 13:00:00,1,3,2,1,1601252062,S. Drohan,L,FA,R,-1.58002638339,0.248150262918,21.4350236912,-8.5502910321,5.9723854686,B,BB,1.12790400311,5.66124959133,93.2593901506,2404.49480328,158.281100736,0.8
1169,2020,101,FSU,D1 Atlantic Coast Conference,730156544,NIAG,277801073,2020-02-15 13:00:00,1,0,0,1,1601252062,S. Drohan,L,CU,R,1.22715103407,1.36519753959,-13.8677334152,3.89586388972,5.29419381161,B,K,1.46901840176,5.68280429827,78.1387398808,2748.01611869,344.260482527,0.13
1170,2020,101,FSU,D1 Atlantic Coast Conference,730156544,NIAG,277801073,2020-02-15 13:00:00,1,1,0,1,1601252062,S. Drohan,L,CH,R,1.37436552643,3.81230219229,11.6756833064,-15.0626996484,5.91448853523,B,K,1.26622713185,5.65952442503,82.4971507722,1979.68950311,127.872320316,0.13
1171,2020,101,FSU,D1 Atlantic Coast Conference,730156544,NIAG,277801073,2020-02-15 13:00:00,1,2,0,1,1601252062,S. Drohan,L,FA,R,-1.20229334498,1.79586125348,18.4204601361,-14.8074948414,5.93077942486,SL,K,1.00218763914,5.74264613833,91.4662630863,2446.31764351,141.253505747,-0.15
1172,2020,101,FSU,D1 Atlantic Coast Conference,730156544,NIAG,277801073,2020-02-15 13:00:00,1,2,1,1,1601252062,S. Drohan,L,FA,R,-0.999042073922,1.75489360217,16.3048410279,-13.2395077966,5.99429463561,F,K,1.26868934409,5.74648054537,92.7533577555,2419.82005306,140.976237661,-0.15
1173,2020,101,FSU,D1 Atlantic Coast Conference,730156544,NIAG,277801073,2020-02-15 13:00:00,1,2,2,1,1601252062,S. Drohan,L,CU,R,0.635232796005,1.26140931792,-13.2534619664,5.60431071323,5.25289147758,SS,K,1.47303388589,5.63037524052,78.6741632336,2676.77117108,337.011100559,-0.15
1174,2020,101,FSU,D1 Atlantic Coast Conference,730156544,NIAG,277801073,2020-02-15 13:00:00,1,0,0,2,1601252062,S. Drohan,L,FA,R,0.155942362449,4.14384970197,16.9651647295,-14.2132462344,5.86755792177,B,FC,1.26148473209,5.75712884599,91.8023079864,2282.25825612,140.095994222,0.13
1175,2020,101,FSU,D1 Atlantic Coast Conference,730156544,NIAG,277801073,2020-02-15 13:00:00,1,1,0,2,1601252062,S. Drohan,L,CU,R,0.838684854857,2.44076019912,14.2359954507,-16.9526749087,5.68197509827,IP,FC,1.26416138248,5.6009386386,83.1656563733,2018.34117218,130.097662944,-0.21
1176,2020,101,FSU,D1 Atlantic Coast Conference,730156544,NIAG,277801073,2020-02-15 13:00:00,2,0,0,0,1601252062,S. Drohan,L,FA,L,-0.261869292619,1.34192863503,18.7565724901,-12.3728941845,6.05700772751,IP,S,1.37735506641,5.7230296508,91.2000299594,2299.98727564,146.6339365,1.0
1177,2020,101,FSU,D1 Atlantic Coast Conference,730156544,NIAG,277801073,2020-02-15 13:00:00,2,0,0,0,1601252062,S. Drohan,L,FA,R,-0.093189606772,3.05280741659,16.9649710276,-12.9459237068,5.70106878993,SS,K,1.26031277792,5.60684509059,91.7408663504,2305.23329627,142.704959953,-0.15
1178,2020,101,FSU,D1 Atlantic Coast Conference,730156544,NIAG,277801073,2020-02-15 13:00:00,2,0,1,0,1601252062,S. Drohan,L,FA,R,-0.911753806132,2.00160671237,19.6283119607,-13.443630946,5.98429549462,SL,K,1.15126836562,5.62183200804,93.2312842154,2374.85606812,145.634040197,-0.15
1179,2020,101,FSU,D1 Atlantic Coast Conference,730156544,NIAG,277801073,2020-02-15 13:00:00,2,0,2,0,1601252062,S. Drohan,L,CU,R,1.03920768154,1.95459478935,-7.85371494485,7.0147916881,5.02435397483,SS,K,1.32517326841,5.56896685705,81.254670805,2950.8527536,318.080220376,-0.15
1180,2020,101,FSU,D1 Atlantic Coast Conference,730156544,NIAG,277801073,2020-02-15 13:00:00,2,0,0,1,1601252062,S. Drohan,L,FA,L,-0.442115377555,0.693239223827,20.2988736241,-16.7158254035,5.9758460979,B,IP_OUT,0.943182326441,5.59417440645,92.0669023783,2418.36315385,140.572535852,0.13
1181,2020,101,FSU,D1 Atlantic Coast Conference,730156544,NIAG,277801073,2020-02-15 13:00:00,2,1,0,1,1601252062,S. Drohan,L,FA,L,-0.22979973656,2.75591404833,21.1593353793,-14.3347110785,5.88261457798,SL,IP_OUT,1.12275195318,5.62391531225,92.5978724911,2442.62728073,145.923038153,-0.15
1182,2020,101,FSU,D1 Atlantic Coast Conference,730156544,NIAG,277801073,2020-02-15 13:00:00,2,1,1,1,1601252062,S. Drohan,L,CH,L,-0.549371735983,1.30572055538,15.0651783846,-13.9597004473,5.63647187838,B,IP_OUT,0.985056436304,5.71488491339,83.3471241888,1980.02005571,137.254864109,0.13
1183,2020,101,FSU,D1 Atlantic Coast Conference,730156544,NIAG,277801073,2020-02-15 13:00:00,2,2,1,1,1601252062,S. Drohan,L,FA,L,-0.837065089923,2.28954624573,18.4549314462,-13.6699197971,6.0108460103,SL,IP_OUT,1.1161849644,5.51518636911,92.0242307709,2359.06703286,143.518702345,-0.15
1184,2020,101,FSU,D1 Atlantic Coast Conference,730156544,NIAG,277801073,2020-02-15 13:00:00,2,2,2,1,1601252062,S. Drohan,L,CU,L,0.317651825743,0.146534061219,-11.9426211075,10.1328598683,5.43317057647,B,IP_OUT,1.31173836366,5.51715515993,80.6292371087,2871.74649165,319.588409381,0.13
1185,2020,101,FSU,D1 Atlantic Coast Conference,730156544,NIAG,277801073,2020-02-15 13:00:00,2,0,0,2,1601252062,S. Drohan,L,FA,R,0.338809052253,4.1920493201,20.1649915533,-13.4798854494,5.80060830441,B,IP_OUT,1.27535188266,5.54985543709,92.5071230316,2396.47171724,146.279250334,0.13
1186,2020,101,FSU,D1 Atlantic Coast Conference,730156544,NIAG,277801073,2020-02-15 13:00:00,2,1,0,2,1601252062,S. Drohan,L,CH,R,1.46029342898,1.62108018621,12.9101509347,-20.3254103425,5.69704919235,SS,IP_OUT,1.16600741218,5.43837583367,82.8368770802,1951.96724728,122.501170896,-0.15
1187,2020,101,FSU,D1 Atlantic Coast Conference,730156544,NIAG,277801073,2020-02-15 13:00:00,2,1,1,2,1601252062,S. Drohan,L,FA,R,-0.526596212327,2.32078824371,21.1202355988,-10.9331761665,5.78454936252,SS,IP_OUT,1.08411248833,5.60750752111,93.0451346918,2381.28379027,152.665315331,-0.15
1188,2020,101,FSU,D1 Atlantic Coast Conference,730156544,NIAG,277801073,2020-02-15 13:00:00,2,1,2,2,1601252062,S. Drohan,L,CU,R,1.12701131177,0.813372961985,-3.13102259704,14.6547452637,5.34395831529,B,IP_OUT,1.46811961083,5.55543160362,80.7832737285,2903.57309743,281.905347703,0.13
1189,2020,101,FSU,D1 Atlantic Coast Conference,730156544,NIAG,277801073,2020-02-15 13:00:00,2,2,2,2,1601252062,S. Drohan,L,FA,R,0.341318418856,0.285733049628,18.8747014708,-16.2750530417,5.95865573526,B,IP_OUT,1.13965911306,5.59070760138,92.1966330365,2428.35995435,139.277050277,0.13
1190,2020,101,FSU,D1 Atlantic Coast Conference,730156544,NIAG,277801073,2020-02-15 13:00:00,2,3,2,2,1601252062,S. Drohan,L,FA,R,-0.942549079486,1.30130661659,20.8419359891,-10.0927692219,6.18136501503,F,IP_OUT,1.31725096121,5.54732969172,91.7651801012,2409.66910396,154.195401077,0.0
1191,2020,101,FSU,D1 Atlantic Coast Conference,730156544,NIAG,277801073,2020-02-15 13:00:00,3,0,0,0,1601252062,S. Drohan,L,FA,R,1.20829681687,1.54948427613,15.2943072154,-14.6417272104,6.00108280069,B,BB,1.5206695434,5.61836492736,89.624225233,2071.32826301,136.31016492,0.13
1192,2020,101,FSU,D1 Atlantic Coast Conference,730156544,NIAG,277801073,2020-02-15 13:00:00,3,1,0,0,1601252062,S. Drohan,L,FA,R,0.407976141271,0.565526735302,19.222573379,-14.1337952061,5.89970498105,B,BB,1.51553114402,5.64719386266,91.041055883,2224.85568671,143.719413597,0.13
1193,2020,101,FSU,D1 Atlantic Coast Conference,730156544,NIAG,277801073,2020-02-15 13:00:00,3,2,0,0,1601252062,S. Drohan,L,CH,R,-0.850345946423,-2.17136147209,12.3804708903,-18.7467484304,5.64691642641,B,BB,1.38627562988,5.62816844957,82.8798761041,1883.34073305,123.524081477,0.13
1194,2020,101,FSU,D1 Atlantic Coast Conference,730156544,NIAG,277801073,2020-02-15 13:00:00,3,3,0,0,1601252062,S. Drohan,L,FA,R,0.677710908679,3.00993912099,13.5711247858,-14.2973066296,5.71318284101,SL,BB,1.45520849172,5.73527384398,90.7957128958,2292.25972353,133.575344137,-0.15
1195,2020,101,FSU,D1 Atlantic Coast Conference,730156544,NIAG,277801073,2020-02-15 13:00:00,3,3,1,0,1601252062,S. Drohan,L,FA,R,1.35591862725,4.31283785206,15.2617493055,-14.8250097821,5.65011469321,B,BB,1.2951511213,5.84455570593,91.7176585683,2135.40432623,135.890785026,0.8
1196,2020,101,FSU,D1 Atlantic Coast Conference,730156544,NIAG,277801073,2020-02-15 13:00:00,3,0,0,0,1601252062,S. Drohan,L,CH,L,0.75207445849,1.44769922738,17.687113611,-16.112239844,5.50867185093,SS,D,1.08521904527,5.96162693305,81.3348842047,1896.74333435,137.733036062,-0.15
1197,2020,101,FSU,D1 Atlantic Coast Conference,730156544,NIAG,277801073,2020-02-15 13:00:00,3,0,1,0,1601252062,S. Drohan,L,FA,L,-0.194284931955,3.01018875686,14.2637524212,-15.2245208894,5.96379441415,B,D,0.809347965559,5.65205010885,91.297120235,2213.88301954,133.196812401,0.13
1198,2020,101,FSU,D1 Atlantic Coast Conference,730156544,NIAG,277801073,2020-02-15 13:00:00,3,1,1,0,1601252062,S. Drohan,L,FA,L,-0.503561826586,3.14815909509,15.8258127454,-12.2716690364,5.93269003177,B,D,1.0116578188,5.59371696784,91.033295959,2143.50296807,142.264891176,0.13
1199,2020,101,FSU,D1 Atlantic Coast Conference,730156544,NIAG,277801073,2020-02-15 13:00:00,3,2,1,0,1601252062,S. Drohan,L,CH,L,0.349841415817,2.19893148501,13.1966755393,-14.4533847637,5.8059484766,IP,D,1.12961881215,5.53885475837,80.8910730433,1772.43250622,132.485407495,1.26
1200,2020,101,FSU,D1 Atlantic Coast Conference,730156544,NIAG,277801073,2020-02-15 13:00:00,3,0,0,0,1601252062,S. Drohan,L,CU,R,0.612421731872,1.11961962406,-8.51004050513,12.3770892529,5.25044369638,B,ROE,1.52673349503,5.68076699267,75.3264142249,2522.60599506,304.360695494,0.13
1201,2020,101,FSU,D1 Atlantic Coast Conference,730156544,NIAG,277801073,2020-02-15 13:00:00,3,1,0,0,1601252062,S. Drohan,L,FA,R,-0.718770489913,1.96908018643,16.8591718248,-12.9937653185,5.89765986552,SL,ROE,1.30210570661,5.74916604809,91.2544887119,2200.82906202,142.429733141,-0.15
1202,2020,101,FSU,D1 Atlantic Coast Conference,730156544,NIAG,277801073,2020-02-15 13:00:00,3,1,1,0,1601252062,S. Drohan,L,CU,R,0.143392160904,0.872408453508,-12.7009603819,16.5249278103,5.35318421779,B,ROE,1.33329734274,5.73620446656,76.5010257658,2698.79485307,307.444388306,0.13
1203,2020,101,FSU,D1 Atlantic Coast Conference,730156544,NIAG,277801073,2020-02-15 13:00:00,3,2,1,0,1601252062,S. Drohan,L,FA,R,1.14409066603,2.97317824669,14.3683900134,-16.5312587438,5.96112243229,SS,ROE,1.28335835151,5.64736817071,90.4351846404,2194.14265128,131.059142584,-0.15
1204,2020,101,FSU,D1 Atlantic Coast Conference,730156544,NIAG,277801073,2020-02-15 13:00:00,3,2,2,0,1601252062,S. Drohan,L,FA,R,-0.170182865417,1.71614583623,17.1690704242,-15.8490664829,5.90627075701,IP,ROE,1.21025669815,5.73581635297,92.9639801291,2473.63832015,137.340078555,0.0
1205,2020,101,FSU,D1 Atlantic Coast Conference,730156544,NIAG,277801073,2020-02-15 13:00:00,3,0,0,0,1601252062,S. Drohan,L,CH,R,1.88849490155,0.944403901915,5.00248042833,-19.0315710804,5.65269225552,B,IP_OUT,1.13257278939,5.50183107755,80.4552951094,1521.04035378,104.842045018,0.13
1206,2020,101,FSU,D1 Atlantic Coast Conference,730156544,NIAG,277801073,2020-02-15 13:00:00,3,1,0,0,1601252062,S. Drohan,L,FA,R,0.489764672801,3.08613874483,15.7827540992,-16.0806132016,5.9052313608,F,IP_OUT,1.0914575729,5.6418466593,90.3110849774,2245.94682898,134.522817497,-0.15
1207,2020,101,FSU,D1 Atlantic Coast Conference,730156544,NIAG,277801073,2020-02-15 13:00:00,3,0,0,1,1601252062,S. Drohan,L,CH,R,1.62706788647,1.22559518251,8.93752652933,-18.858944688,5.51719338878,B,K,1.26166073841,5.48950758952,79.7330130999,1875.69275401,115.460661052,0.13
1208,2020,101,FSU,D1 Atlantic Coast Conference,730156544,NIAG,277801073,2020-02-15 13:00:00,3,1,0,1,1601252062,S. Drohan,L,CH,R,1.66163716257,2.78219634435,11.2504952187,-17.0435067763,5.5245254248,B,K,1.39535069305,5.65489494334,79.7498950148,1630.28042837,123.526913566,0.13
1209,2020,101,FSU,D1 Atlantic Coast Conference,730156544,NIAG,277801073,2020-02-15 13:00:00,3,2,0,1,1601252062,S. Drohan,L,FA,R,0.322035520938,2.40149335959,16.9339894867,-17.1382474638,5.80960543796,SS,K,1.09253119128,5.59123104699,90.2135280728,2217.6060769,134.711779497,-0.15
1210,2020,101,FSU,D1 Atlantic Coast Conference,730156544,NIAG,277801073,2020-02-15 13:00:00,3,2,1,1,1601252062,S. Drohan,L,FA,R,1.20789750258,2.30177489564,17.3972405937,-18.8177365823,5.77574980989,SS,K,1.12577789788,5.67889257936,91.4484074976,2278.09011143,132.805974591,-0.15
1211,2020,101,FSU,D1 Atlantic Coast Conference,730156544,NIAG,277801073,2020-02-15 13:00:00,3,2,2,1,1601252062,S. Drohan,L,FA,R,0.564292626294,2.55941595612,19.0680964013,-18.1975005966,6.03291124724,SS,K,1.10250478059,5.62916305972,92.0884959165,2314.23625317,136.384838166,-0.15
1212,2020,101,FSU,D1 Atlantic Coast Conference,730156544,NIAG,277801073,2020-02-15 13:00:00,3,0,0,2,1601252062,S. Drohan,L,CH,L,0.771930538896,0.550602109579,14.3686069907,-15.9143211972,5.94517547052,B,K,1.04718577381,5.61273176008,81.0210536066,1804.7026537,132.157346271,0.13
1213,2020,101,FSU,D1 Atlantic Coast Conference,730156544,NIAG,277801073,2020-02-15 13:00:00,3,1,0,2,1601252062,S. Drohan,L,FA,L,-1.24720411624,2.66565929591,19.415226672,-11.8612154141,6.0478723999,SL,K,0.871001939569,5.587121874,90.2552573908,2231.33184432,148.620648166,-0.15
1214,2020,101,FSU,D1 Atlantic Coast Conference,730156544,NIAG,277801073,2020-02-15 13:00:00,3,1,1,2,1601252062,S. Drohan,L,FA,L,-0.592690228067,0.361314321996,15.7102293665,-15.9903871159,5.95180161514,B,K,1.00192342879,5.7441679536,91.3650545628,2254.16175248,134.551659516,0.13
1215,2020,101,FSU,D1 Atlantic Coast Conference,730156544,NIAG,277801073,2020-02-15 13:00:00,3,2,1,2,1601252062,S. Drohan,L,FA,L,1.13176311653,1.93478363599,15.181947543,-17.193927127,5.97801554385,SS,K,1.15273550355,5.65208844055,89.9380633748,2261.73120398,131.504871391,-0.15
1216,2020,101,FSU,D1 Atlantic Coast Conference,730156544,NIAG,277801073,2020-02-15 13:00:00,3,2,2,2,1601252062,S. Drohan,L,FA,L,0.501006746838,2.02281712093,14.2589691269,-10.0505187467,5.8104512489,F,K,1.04684899588,5.67102286858,91.9696746828,2364.92512114,144.880665627,0.0
1217,2020,101,FSU,D1 Atlantic Coast Conference,730156544,NIAG,277801073,2020-02-15 13:00:00,3,2,2,2,1601252062,S. Drohan,L,CU,L,0.431214264506,1.45531354126,-12.1725787568,6.01662593334,5.62081641624,SS,K,1.28530273034,5.53355687058,78.718224929,2641.019586,333.618614101,-0.15
1218,2020,101,FSU,D1 Atlantic Coast Conference,730156544,NIAG,277801073,2020-02-15 13:00:00,4,0,0,0,1601252062,S. Drohan,L,CH,R,-0.701173965161,0.0940398023196,16.5885884528,-11.2707765204,6.05544947033,B,IP_OUT,1.41552847504,5.64266401986,78.3842336799,1498.05068331,145.874384014,0.13
1219,2020,101,FSU,D1 Atlantic Coast Conference,730156544,NIAG,277801073,2020-02-15 13:00:00,4,1,0,0,1601252062,S. Drohan,L,FA,R,0.299477336335,1.16480229178,23.6619597805,-10.1635495012,5.96892379018,F,IP_OUT,1.41552220571,5.69063088897,88.5611301496,2196.84950802,156.784663805,-0.15
1220,2020,101,FSU,D1 Atlantic Coast Conference,730156544,NIAG,277801073,2020-02-15 13:00:00,4,0,0,1,1601252062,S. Drohan,L,FA,L,-0.190151368614,4.27928143844,17.0699934014,-11.2181433426,5.84537278309,B,IP_OUT,1.3010985636,5.638842372,90.5441362075,2183.0313347,146.736974681,0.13
1221,2020,101,FSU,D1 Atlantic Coast Conference,730156544,NIAG,277801073,2020-02-15 13:00:00,4,1,0,1,1601252062,S. Drohan,L,FA,L,0.993535107828,3.41751913417,19.1984620717,-16.0830686301,5.80005770809,SS,IP_OUT,1.32522871772,5.79248715224,90.3818305616,2123.61705083,140.093406264,-0.15
1222,2020,101,FSU,D1 Atlantic Coast Conference,730156544,NIAG,277801073,2020-02-15 13:00:00,4,1,1,1,1601252062,S. Drohan,L,CU,L,0.846755868343,0.899448136061,-11.6814562312,4.21740795611,4.91191511218,B,IP_OUT,1.55298129792,5.71114626542,77.3110204119,2512.28632581,340.07655773,0.13
1223,2020,101,FSU,D1 Atlantic Coast Conference,730156544,NIAG,277801073,2020-02-15 13:00:00,4,2,1,1,1601252062,S. Drohan,L,FA,L,0.537303560673,1.16862613784,13.4118530084,-15.7638059794,5.83590544491,B,IP_OUT,1.22681716426,5.71686365066,88.7993583729,2101.80530116,130.461254574,0.13
1224,2020,101,FSU,D1 Atlantic Coast Conference,730156544,NIAG,277801073,2020-02-15 13:00:00,4,0,0,2,1601252062,S. Drohan,L,CH,R,1.45897726543,2.94793822069,12.9197104319,-13.840295215,5.64916816748,SL,S,1.34242276086,5.66529031244,80.01919989,1500.03084381,133.119823654,-0.15
1225,2020,101,FSU,D1 Atlantic Coast Conference,730156544,NIAG,277801073,2020-02-15 13:00:00,4,0,1,2,1601252062,S. Drohan,L,CU,R,2.08807752534,1.4080027261,-13.2574466676,8.01476363693,5.03780398267,B,S,1.58293206063,5.61754518054,76.4195997658,2538.08484211,328.756222414,0.13
1226,2020,101,FSU,D1 Atlantic Coast Conference,730156544,NIAG,277801073,2020-02-15 13:00:00,4,1,1,2,1601252062,S. Drohan,L,FA,R,-0.127782301508,1.0159146441,13.9133729741,-13.2854576913,5.92500593229,SS,S,1.38726700921,5.70155388107,90.0794041457,2156.73942616,136.388550813,-0.15
1227,2020,101,FSU,D1 Atlantic Coast Conference,730156544,NIAG,277801073,2020-02-15 13:00:00,4,1,2,2,1601252062,S. Drohan,L,FA,R,0.26228343875,1.88784075809,17.6452039815,-12.2279177864,5.92941975747,IP,S,1.36013810635,5.63935048543,91.6884376028,2346.08383975,145.32563642,1.0
1228,2020,101,FSU,D1 Atlantic Coast Conference,730156544,NIAG,277801073,2020-02-15 13:00:00,4,0,0,2,1757730283,D. Kirkland,R,FA,R,0.280395210348,1.41292315268,16.3655985215,8.28548329242,6.00260545888,IP,FC,-1.22733515984,5.36734709954,89.6956403799,2335.7499093,206.805869351,-0.21
1229,2020,101,FSU,D1 Atlantic Coast Conference,730156544,NIAG,277801073,2020-02-15 13:00:00,5,0,0,0,1863013768,D. Simmons,R,FA,L,-0.954285717461,3.07026880618,14.3251921552,2.88710876747,6.42551039869,B,BB,-0.0679780220397,6.10564004891,90.4113200535,1887.81491359,191.370799108,0.13
1230,2020,101,FSU,D1 Atlantic Coast Conference,730156544,NIAG,277801073,2020-02-15 13:00:00,5,1,0,0,1863013768,D. Simmons,R,FA,L,-1.3284978912,3.52049089654,12.9651339013,3.79003152553,6.20439816975,B,BB,0.0700591122171,5.99322956778,89.7562952873,1889.99422013,196.256916723,0.13
1231,2020,101,FSU,D1 Atlantic Coast Conference,730156544,NIAG,277801073,2020-02-15 13:00:00,5,2,0,0,1863013768,D. Simmons,R,FA,L,-1.89772758817,3.16410394288,13.3061320879,5.29038286011,6.35126344045,B,BB,-0.0167885539407,5.85011237894,89.3185291954,1940.30249069,201.634860824,0.13
1232,2020,101,FSU,D1 Atlantic Coast Conference,730156544,NIAG,277801073,2020-02-15 13:00:00,5,3,0,0,1863013768,D. Simmons,R,FA,L,0.35954191164,1.18167020523,15.4253469479,1.44797278381,6.55619691043,B,BB,0.0656510663705,5.9042808162,89.8598743135,2003.40667543,185.351770399,0.8
1233,2020,101,FSU,D1 Atlantic Coast Conference,730156544,NIAG,277801073,2020-02-15 13:00:00,5,0,0,0,1863013768,D. Simmons,R,SL,R,0.403033571928,3.18069269214,5.73857803905,-7.45188727975,6.1778335803,SL,IP_OUT,-0.105558183984,5.89869748398,80.5628060127,2212.11830217,127.790201095,-0.15
1234,2020,101,FSU,D1 Atlantic Coast Conference,730156544,NIAG,277801073,2020-02-15 13:00:00,5,0,0,1,1863013768,D. Simmons,R,FA,R,0.419409765438,2.5512555573,12.7602995006,2.62439735617,6.39794517402,IP,HR,0.279910878375,5.96536930125,89.5998876737,1809.08668044,191.594047731,1.76
1235,2020,101,FSU,D1 Atlantic Coast Conference,730156544,NIAG,277801073,2020-02-15 13:00:00,5,0,0,1,1863013768,D. Simmons,R,CU,R,-0.50544197058,2.55336146831,1.22505180866,-7.39431029212,6.21567674527,SS,K,-0.367132841925,5.87236475189,77.9178290282,2125.60555221,99.7247349832,-0.15
1236,2020,101,FSU,D1 Atlantic Coast Conference,730156544,NIAG,277801073,2020-02-15 13:00:00,5,0,1,1,1863013768,D. Simmons,R,CU,R,-0.945768073915,2.545984383,-1.12248551503,-5.36488076699,6.23525304749,B,K,-0.463012169466,5.71002679323,78.3441827503,2154.59232566,78.6137210233,0.13
1237,2020,101,FSU,D1 Atlantic Coast Conference,730156544,NIAG,277801073,2020-02-15 13:00:00,5,1,1,1,1863013768,D. Simmons,R,CH,R,0.138630720143,1.84426089045,3.24942429857,-7.9845127002,6.23909792785,SS,K,-0.0244436117729,5.83626151509,80.7574083427,1095.24511505,112.387323042,-0.15
1238,2020,101,FSU,D1 Atlantic Coast Conference,730156544,NIAG,277801073,2020-02-15 13:00:00,5,1,2,1,1863013768,D. Simmons,R,SL,R,0.125075358395,3.99056393976,-0.219938082054,-5.93099191194,6.13075124559,B,K,-0.173255402951,5.93443083773,79.9897004294,2192.48835769,88.2661611104,0.13
1239,2020,101,FSU,D1 Atlantic Coast Conference,730156544,NIAG,277801073,2020-02-15 13:00:00,5,2,2,1,1863013768,D. Simmons,R,FA,R,0.355257359219,0.04316956989,12.2333262233,4.58360504123,6.67294696494,B,K,0.0967590777347,5.8191725692,89.1056374222,1875.48755613,200.490923738,0.13
1240,2020,101,FSU,D1 Atlantic Coast Conference,730156544,NIAG,277801073,2020-02-15 13:00:00,5,0,0,2,1863013768,D. Simmons,R,CH,L,0.345558513457,2.11838103275,3.91146064274,5.91419519261,7.1769780935,SS,K,-0.41586647114,5.54638791277,80.3589587076,1556.32417542,236.264433513,-0.15
1241,2020,101,FSU,D1 Atlantic Coast Conference,730156544,NIAG,277801073,2020-02-15 13:00:00,5,0,1,2,1863013768,D. Simmons,R,CH,L,1.13387330541,0.145247445765,6.99924374051,6.61870244673,7.10255326554,B,K,-0.417826391164,5.49712866652,81.4616879551,1560.47378528,223.246452404,0.13
1242,2020,101,FSU,D1 Atlantic Coast Conference,730156544,NIAG,277801073,2020-02-15 13:00:00,5,1,2,2,1863013768,D. Simmons,R,SL,L,0.281641480354,2.73405594673,1.68251768259,-8.27937764571,6.22933696328,F,K,-0.426182664813,5.71871547704,82.3841186551,2294.22806637,101.740321317,0.0
1243,2020,101,FSU,D1 Atlantic Coast Conference,730156544,NIAG,277801073,2020-02-15 13:00:00,5,1,2,2,1863013768,D. Simmons,R,FA,L,1.19053087459,3.64449430959,15.4502810302,0.97702972234,6.56442207908,B,K,0.336703784131,6.0843355823,89.5493168187,1963.34984894,183.61105024,0.13
1244,2020,101,FSU,D1 Atlantic Coast Conference,730156544,NIAG,277801073,2020-02-15 13:00:00,5,2,2,2,1863013768,D. Simmons,R,CH,L,-0.825531908659,3.70378163519,6.31099667556,3.33771694482,6.92090468413,B,K,-0.290995213308,5.66537795505,81.2011986563,1623.35670149,207.732169087,0.13
1245,2020,101,FSU,D1 Atlantic Coast Conference,730156544,NIAG,277801073,2020-02-15 13:00:00,6,0,0,1,1621342277,P. Messick,L,FA,L,-0.200327755621,3.92849503543,9.27692862052,-8.01810746503,6.40381915094,B,K,1.53894343587,5.31627306484,92.7873988504,2051.54863645,139.253205659,0.13
1246,2020,101,FSU,D1 Atlantic Coast Conference,730156544,NIAG,277801073,2020-02-15 13:00:00,6,1,0,1,1621342277,P. Messick,L,FA,L,0.752368448264,3.19839928793,10.3750926766,-9.18171647746,6.16598366143,F,K,1.60960846344,5.23759739074,92.1472371513,1956.36877795,138.57469245,-0.15
1247,2020,101,FSU,D1 Atlantic Coast Conference,730156544,NIAG,277801073,2020-02-15 13:00:00,6,1,1,1,1621342277,P. Messick,L,SL,L,0.0166043676269,1.56933768265,2.11081502336,6.53487865931,5.76343582731,SS,K,1.87471278646,4.90180629752,77.0062826171,1957.8802564,251.74604483,-0.15
1248,2020,101,FSU,D1 Atlantic Coast Conference,730156544,NIAG,277801073,2020-02-15 13:00:00,6,1,2,1,1621342277,P. Messick,L,SL,L,0.801204669256,2.41457642238,0.879882262555,7.24273291559,5.72019988483,SL,K,1.70807973004,5.03415450525,78.5752092307,1993.99959533,262.740540264,-0.15
1249,2020,101,FSU,D1 Atlantic Coast Conference,730156544,NIAG,277801073,2020-02-15 13:00:00,6,0,0,2,1621342277,P. Messick,L,FA,R,0.867105627635,3.65114104787,12.7155681987,-10.5449382583,6.15786470978,B,IP_OUT,1.6421969976,5.25642948803,93.4114810547,1986.48466575,140.396592085,0.13
1250,2020,101,FSU,D1 Atlantic Coast Conference,730156544,NIAG,277801073,2020-02-15 13:00:00,6,1,0,2,1621342277,P. Messick,L,CH,R,-0.171924168553,2.57216023749,0.965968588997,-13.1649848077,6.11347543165,SL,IP_OUT,2.11667820162,4.71166727845,78.2943560245,1400.11621245,94.3825736792,-0.15
1251,2020,101,FSU,D1 Atlantic Coast Conference,730156544,NIAG,277801073,2020-02-15 13:00:00,7,0,0,1,1496387385,J. Anderson,R,FA,L,-0.780028689536,2.62553264011,17.671769355,11.6512240866,5.7245635232,F,K,-0.436268792696,6.29750112372,91.4080330731,2039.97180127,213.35050976,-0.15
1252,2020,101,FSU,D1 Atlantic Coast Conference,730156544,NIAG,277801073,2020-02-15 13:00:00,7,0,1,1,1496387385,J. Anderson,R,CU,L,0.634247453351,0.972436625312,3.06909039429,-3.88824046682,5.27571363519,SS,K,-0.371565512129,6.1543481999,83.7693277918,2180.39785638,128.628954957,-0.15
1253,2020,101,FSU,D1 Atlantic Coast Conference,730156544,NIAG,277801073,2020-02-15 13:00:00,7,0,0,2,1496387385,J. Anderson,R,FA,R,2.17640969149,2.64386580671,23.1248832858,0.785361381791,5.60164880901,B,K,-0.161458147521,6.32080722423,91.8797371049,2192.67471432,181.942485321,0.13
1254,2020,101,FSU,D1 Atlantic Coast Conference,730156544,NIAG,277801073,2020-02-15 13:00:00,7,1,0,2,1496387385,J. Anderson,R,FA,R,0.603154537048,2.25534970655,15.8623945785,4.88979547679,5.71213679503,F,K,-0.148762752639,6.35725445669,90.040768959,2181.45095048,197.09979717,-0.15
1255,2020,101,FSU,D1 Atlantic Coast Conference,730156544,NIAG,277801073,2020-02-15 13:00:00,7,1,1,2,1496387385,J. Anderson,R,CU,R,-0.0485641997795,2.36312901465,1.61300832489,-7.39331693419,5.08486188343,SL,K,-0.528476217327,6.26052792611,81.7207777443,2214.5549982,102.609255068,-0.15
1256,2020,101,FSU,D1 Atlantic Coast Conference,730156544,NIAG,277801073,2020-02-15 13:00:00,7,1,2,2,1496387385,J. Anderson,R,CU,R,0.657796624415,1.85278420761,1.76234851275,-1.54323865153,5.28668971095,F,K,-0.382721857088,6.18963381684,82.189768935,2090.9220264,139.43004754,0.0
1257,2020,101,FSU,D1 Atlantic Coast Conference,730156544,NIAG,277801073,2020-02-15 13:00:00,7,1,2,2,1496387385,J. Anderson,R,CH,R,-1.71549676416,3.76903715666,5.75696515373,14.8343922307,5.54722959899,B,K,-1.23797735789,5.75842486883,81.4044237538,1589.46395404,248.656506138,0.13
1258,2020,101,FSU,D1 Atlantic Coast Conference,730156544,NIAG,277801073,2020-02-15 13:00:00,7,2,2,2,1496387385,J. Anderson,R,CU,R,0.191989839943,0.933095668546,6.07315541627,-4.79932943615,5.03551057661,SS,K,-0.491557217632,6.43074735122,81.5438689388,2032.86810424,141.87111685,-0.15
1259,2020,101,FSU,D1 Atlantic Coast Conference,730156544,NIAG,277801073,2020-02-15 13:00:00,8,0,0,0,1180853504,B. Walker,R,FA,R,0.102237636519,3.07795111378,9.91847281644,2.54900416789,5.87237303011,SL,K,-0.798486282532,5.94370292854,91.2260678187,1854.88799997,194.36925823,-0.15
1260,2020,101,FSU,D1 Atlantic Coast Conference,730156544,NIAG,277801073,2020-02-15 13:00:00,8,0,1,0,1180853504,B. Walker,R,CU,R,0.175847334891,2.21546832769,-1.49647883985,-12.5220632351,5.19456233098,SL,K,-1.01918913205,5.85337297923,75.9629034021,2271.37207781,83.3960666044,-0.15
1261,2020,101,FSU,D1 Atlantic Coast Conference,730156544,NIAG,277801073,2020-02-15 13:00:00,8,0,2,0,1180853504,B. Walker,R,CU,R,1.08348235279,1.18711055459,-8.62575978804,-9.14960669551,5.14411527039,SS,K,-0.831085961893,5.84945839156,78.2869807398,2484.40986592,46.835333273,-0.15
1262,2020,101,FSU,D1 Atlantic Coast Conference,730156544,NIAG,277801073,2020-02-15 13:00:00,8,0,0,1,1180853504,B. Walker,R,FA,R,0.0324226279052,1.5797021639,18.342466309,1.80104787601,5.69383984437,B,IP_OUT,-0.732797735427,5.98143448955,91.4579483567,1984.6725709,185.598302652,0.13
1263,2020,101,FSU,D1 Atlantic Coast Conference,730156544,NIAG,277801073,2020-02-15 13:00:00,8,1,0,1,1180853504,B. Walker,R,FA,R,0.583967382497,0.9934783536,12.8343520975,0.0180028213613,5.856715251,B,IP_OUT,-0.739050287376,5.87830389677,90.2280971578,1901.55288794,180.080166836,0.13
1264,2020,101,FSU,D1 Atlantic Coast Conference,730156544,NIAG,277801073,2020-02-15 13:00:00,8,2,0,1,1180853504,B. Walker,R,CH,R,-0.856391867738,3.19138071472,9.52650664308,11.6399965334,5.74336747416,F,IP_OUT,-1.10074710437,5.69502177541,81.9354156161,1652.68250957,230.586359985,-0.15
1265,2020,101,FSU,D1 Atlantic Coast Conference,730156544,NIAG,277801073,2020-02-15 13:00:00,8,2,1,1,1180853504,B. Walker,R,CU,R,0.211942391655,2.70556080863,-6.64886935219,-8.3666869883,5.21684392141,SL,IP_OUT,-0.953601509294,5.84554009039,76.4376846332,2346.7113672,51.7223410786,-0.15
1266,2020,101,FSU,D1 Atlantic Coast Conference,730156544,NIAG,277801073,2020-02-15 13:00:00,8,0,0,2,1180853504,B. Walker,R,FA,L,-0.390952703398,2.52829570797,15.2781120423,5.05467117356,5.75641835992,IP,S,-0.726211094199,5.95467526306,91.4312695746,1816.79383395,198.271131929,1.0
1267,2020,101,FSU,D1 Atlantic Coast Conference,730156544,NIAG,277801073,2020-02-15 13:00:00,8,0,0,2,1180853504,B. Walker,R,CU,R,1.21041866702,1.51653743984,-10.1754963362,-8.99456070393,5.28942037494,B,IP_OUT,-1.10388671629,5.84632767817,74.1575836308,2519.42765215,41.6123544963,0.13
1268,2020,101,FSU,D1 Atlantic Coast Conference,730156544,NIAG,277801073,2020-02-15 13:00:00,8,1,0,2,1180853504,B. Walker,R,FA,R,0.816664160459,0.796892836087,14.3296586711,0.29580093535,5.74465190805,B,IP_OUT,-1.23413468316,5.7928039562,91.4973963971,2002.60270213,181.179962823,0.13
1269,2020,101,FSU,D1 Atlantic Coast Conference,730156544,NIAG,277801073,2020-02-15 13:00:00,8,2,0,2,1180853504,B. Walker,R,FA,R,0.64722385884,1.85993258462,12.1891994026,5.16167614718,5.88783602463,SL,IP_OUT,-0.96330674657,5.89805989854,90.9646726493,1914.09435491,202.897173903,-0.15
1270,2020,101,FSU,D1 Atlantic Coast Conference,730156544,NIAG,277801073,2020-02-15 13:00:00,8,2,1,2,1180853504,B. Walker,R,FA,R,1.71232336021,0.84619667751,13.0642381744,-2.72281568019,5.77103910655,B,IP_OUT,-0.709352187051,5.99041329363,91.801902862,1985.66218072,168.25452448,0.13
1271,2020,101,FSU,D1 Atlantic Coast Conference,730156544,NIAG,277801073,2020-02-15 13:00:00,9,0,0,0,1673203348,C. Kwiatkowski,L,FA,L,-0.249955818036,2.93824247643,13.3681093339,-8.67732404711,6.10607727343,SL,IP_OUT,1.37456470723,5.4043879562,87.4708544479,2210.26254945,147.07824809,-0.15
1272,2020,101,FSU,D1 Atlantic Coast Conference,730156544,NIAG,277801073,2020-02-15 13:00:00,9,0,1,0,1673203348,C. Kwiatkowski,L,FA,L,-0.67512027692,1.63425351412,14.7773691082,-5.51579540458,6.01720866564,SL,IP_OUT,1.4910347496,5.30907814133,87.382921064,2170.9931036,159.574556158,-0.15
1273,2020,101,FSU,D1 Atlantic Coast Conference,730156544,NIAG,277801073,2020-02-15 13:00:00,9,0,0,1,1673203348,C. Kwiatkowski,L,CH,R,1.23788961806,2.38051488189,5.66496846743,-17.3016513873,6.03054242629,B,K,1.70338167712,5.09988111253,78.3440512889,1599.13912686,108.256583925,0.13
1274,2020,101,FSU,D1 Atlantic Coast Conference,730156544,NIAG,277801073,2020-02-15 13:00:00,9,1,0,1,1673203348,C. Kwiatkowski,L,CH,R,0.242934953288,0.214099396965,7.42005344024,-19.9443081959,6.20863254208,SS,K,1.61329911341,5.166187138,80.304464512,1672.57196617,110.509037038,-0.15
1275,2020,101,FSU,D1 Atlantic Coast Conference,730156544,NIAG,277801073,2020-02-15 13:00:00,9,1,1,1,1673203348,C. Kwiatkowski,L,CH,R,0.552406274242,1.86999476072,8.55619739145,-15.0832852909,5.87794958385,SS,K,1.72743451613,5.10835179796,79.5347658904,1725.16248584,119.683374005,-0.15
1276,2020,101,FSU,D1 Atlantic Coast Conference,730156544,NIAG,277801073,2020-02-15 13:00:00,9,1,2,1,1673203348,C. Kwiatkowski,L,FA,R,-0.55798111004,2.23920448791,14.2680656808,-9.59464443755,6.17113799878,SS,K,1.42644091232,5.35862652173,88.8843268326,2221.60115073,146.14202626,-0.15
1277,2020,101,FSU,D1 Atlantic Coast Conference,730156544,NIAG,277801073,2020-02-15 13:00:00,9,0,0,2,1673203348,C. Kwiatkowski,L,CH,R,2.08486926555,3.45226402529,5.40411356299,-17.2473883177,5.96843669262,B,IP_OUT,1.73019664973,5.1468427376,79.0631358462,1635.83361623,107.523733588,0.13
1278,2020,101,FSU,D1 Atlantic Coast Conference,730156544,NIAG,277801073,2020-02-15 13:00:00,9,1,0,2,1673203348,C. Kwiatkowski,L,CH,R,0.0802168581457,0.652249113741,7.83389943912,-18.3087323113,5.88376429039,B,IP_OUT,1.55591248,5.15616511267,80.282401188,1766.21394866,113.272936679,0.13
1279,2020,101,FSU,D1 Atlantic Coast Conference,730156544,NIAG,277801073,2020-02-15 13:00:00,9,2,0,2,1673203348,C. Kwiatkowski,L,CH,R,1.46679270542,2.745308448,12.1133331047,-16.0421080588,5.98402689826,F,IP_OUT,1.60767363987,5.18361076704,79.2747727387,1677.15027218,127.150287597,-0.15
1280,2020,101,FSU,D1 Atlantic Coast Conference,730156544,NIAG,184588502,2020-02-14 13:00:00,1,0,0,0,1213441309,C. Van Eyk,R,FA,R,-0.399693283652,3.51865548697,21.6183266468,5.64759252654,5.89357942549,F,K,-2.72505478139,5.67894559949,93.6147821305,1972.77896257,194.621330678,-0.15
1281,2020,101,FSU,D1 Atlantic Coast Conference,730156544,NIAG,184588502,2020-02-14 13:00:00,1,0,1,0,1213441309,C. Van Eyk,R,SL,R,1.55358217165,2.21822468063,1.18277327896,-5.74071066147,5.15726749084,B,K,-2.83453181544,5.59090467517,83.9970007311,2234.47368471,102.009703772,0.13
1282,2020,101,FSU,D1 Atlantic Coast Conference,730156544,NIAG,184588502,2020-02-14 13:00:00,1,1,1,0,1213441309,C. Van Eyk,R,FA,R,0.219091348976,2.56399841506,15.1218274384,4.10730378219,5.8794627203,F,K,-2.48794462789,5.67804443844,93.6986986969,2278.50988252,195.16713746,-0.15
1283,2020,101,FSU,D1 Atlantic Coast Conference,730156544,NIAG,184588502,2020-02-14 13:00:00,1,1,2,0,1213441309,C. Van Eyk,R,SL,R,0.422365130499,1.38105521029,-3.4120497101,-5.451560905,5.40571935098,SS,K,-3.05617628748,5.35971532766,83.7546628028,2167.92000684,58.2443219191,-0.15
1284,2020,101,FSU,D1 Atlantic Coast Conference,730156544,NIAG,184588502,2020-02-14 13:00:00,1,0,0,1,1213441309,C. Van Eyk,R,FA,L,0.406188952223,1.8353908417,19.1792654669,4.27549362487,6.06752912067,F,K,-2.80553221388,5.58688286937,95.2354615135,2224.26152533,192.548866812,-0.15
1285,2020,101,FSU,D1 Atlantic Coast Conference,730156544,NIAG,184588502,2020-02-14 13:00:00,1,0,1,1,1213441309,C. Van Eyk,R,FA,L,-0.401680785301,3.76900900543,17.6813672194,6.49526905844,6.08257472068,SS,K,-2.74424809774,5.73173280227,93.6588558165,2256.09587856,200.139442945,-0.15
1286,2020,101,FSU,D1 Atlantic Coast Conference,730156544,NIAG,184588502,2020-02-14 13:00:00,1,0,2,1,1213441309,C. Van Eyk,R,FA,L,-0.142642183498,3.51548251846,16.3536547671,4.31731894577,5.98837206862,F,K,-3.04515572375,5.38138893579,93.8341104784,2181.61106626,194.762732896,0.0
1287,2020,101,FSU,D1 Atlantic Coast Conference,730156544,NIAG,184588502,2020-02-14 13:00:00,1,0,2,1,1213441309,C. Van Eyk,R,CU,L,-0.522434869883,2.92280974957,-14.3831089363,-14.2633033773,5.28429229234,SL,K,-3.01607322552,5.6261478391,81.3406944829,2317.9815329,44.8420626886,-0.15
1288,2020,101,FSU,D1 Atlantic Coast Conference,730156544,NIAG,184588502,2020-02-14 13:00:00,1,0,0,2,1213441309,C. Van Eyk,R,FA,R,0.104514729934,4.05372513645,18.9981613397,3.68358069093,5.93977192161,B,K,-2.57359439575,5.97204608275,96.1931899448,2170.36756919,190.957199178,0.13
1289,2020,101,FSU,D1 Atlantic Coast Conference,730156544,NIAG,184588502,2020-02-14 13:00:00,1,1,0,2,1213441309,C. Van Eyk,R,FA,R,-0.276486436739,2.141280608,16.5089797606,8.24121714815,6.01675893132,F,K,-2.3666191167,5.82094881055,94.5720897106,2226.47694815,206.487956284,-0.15
1290,2020,101,FSU,D1 Atlantic Coast Conference,730156544,NIAG,184588502,2020-02-14 13:00:00,1,1,1,2,1213441309,C. Van Eyk,R,FA,R,-0.167630217032,2.4797443916,16.4837246805,6.77152019012,6.05734141287,F,K,-2.52039833387,5.8809859818,96.3840167487,2261.88148594,202.298911313,-0.15
1291,2020,101,FSU,D1 Atlantic Coast Conference,730156544,NIAG,184588502,2020-02-14 13:00:00,1,1,2,2,1213441309,C. Van Eyk,R,SL,R,0.963990930851,0.833699559493,-0.224341867814,-4.60507122163,5.2269926935,SS,K,-2.80876975665,5.53488900973,84.7914736642,2206.05811132,87.6686952372,-0.15
1292,2020,101,FSU,D1 Atlantic Coast Conference,730156544,NIAG,184588502,2020-02-14 13:00:00,2,0,0,0,1213441309,C. Van Eyk,R,SL,R,1.38126499232,1.09212700171,1.03837741102,-2.96651633694,5.16551959613,B,IP_OUT,-2.93541210946,5.55211347815,83.5167284784,2239.09670105,109.961496841,0.13
1293,2020,101,FSU,D1 Atlantic Coast Conference,730156544,NIAG,184588502,2020-02-14 13:00:00,2,1,0,0,1213441309,C. Van Eyk,R,SL,R,1.41715064734,0.898964112566,0.186389035985,-2.67980116232,5.23728828387,SS,IP_OUT,-2.93310347722,5.56118119031,83.0174909201,2182.56540319,94.8180215825,-0.15
1294,2020,101,FSU,D1 Atlantic Coast Conference,730156544,NIAG,184588502,2020-02-14 13:00:00,2,0,0,1,1213441309,C. Van Eyk,R,FA,R,-0.145264963002,3.11843247235,17.8869910999,6.80623714806,5.95599436876,F,ROE,-2.68287475715,5.84291951382,94.7949942761,2336.45180498,200.801568683,-0.15
1295,2020,101,FSU,D1 Atlantic Coast Conference,730156544,NIAG,184588502,2020-02-14 13:00:00,2,0,1,1,1213441309,C. Van Eyk,R,FA,R,-0.0182977766474,3.35311894011,23.4048663436,1.49838501742,5.97732733075,IP,ROE,-2.25468061077,6.09501958714,94.651738205,2085.04008925,183.658542102,0.0
1296,2020,101,FSU,D1 Atlantic Coast Conference,730156544,NIAG,184588502,2020-02-14 13:00:00,2,0,0,1,1213441309,C. Van Eyk,R,CH,L,-1.24546079441,2.1001099736,-3.08738023619,-4.01257910169,5.19370580442,B,K,-3.12102938086,5.49997225626,82.5321590869,2065.23517535,52.7853816334,0.13
1297,2020,101,FSU,D1 Atlantic Coast Conference,730156544,NIAG,184588502,2020-02-14 13:00:00,2,1,0,1,1213441309,C. Van Eyk,R,CU,L,-0.668712593255,1.03055674145,-3.73726773718,-3.37077694489,5.10122968485,SS,K,-3.05130371118,5.37215857365,82.9524262458,2137.3144782,42.347049927,-0.15
1298,2020,101,FSU,D1 Atlantic Coast Conference,730156544,NIAG,184588502,2020-02-14 13:00:00,2,1,1,1,1213441309,C. Van Eyk,R,CU,L,-1.82335875329,3.08994942285,-15.4502440059,-14.1492199924,5.29293212005,B,K,-2.94928978137,5.59283829115,80.8686898485,2346.53437314,42.5598131936,0.13
1299,2020,101,FSU,D1 Atlantic Coast Conference,730156544,NIAG,184588502,2020-02-14 13:00:00,2,2,1,1,1213441309,C. Van Eyk,R,CH,L,0.698264142978,1.34632625113,2.25845882542,-1.99583583491,5.16137086132,SL,K,-2.96992970852,5.70166614227,82.0253132167,1909.48934689,139.040313281,-0.15
1300,2020,101,FSU,D1 Atlantic Coast Conference,730156544,NIAG,184588502,2020-02-14 13:00:00,2,2,2,1,1213441309,C. Van Eyk,R,FA,L,-0.0462338834161,1.23016791667,16.3177466384,6.87061537678,6.19607044671,B,K,-2.47366087004,5.58813830722,95.6782430672,2267.25364992,202.798055048,0.13
1301,2020,101,FSU,D1 Atlantic Coast Conference,730156544,NIAG,184588502,2020-02-14 13:00:00,2,3,2,1,1213441309,C. Van Eyk,R,SL,L,-0.523525662631,0.484747332557,-4.85747214272,-1.8795660449,5.38522370332,SS,K,-2.88952550174,5.51076320122,83.8112537697,2138.81503453,21.3070439664,-0.15
1302,2020,101,FSU,D1 Atlantic Coast Conference,730156544,NIAG,184588502,2020-02-14 13:00:00,3,0,0,0,1213441309,C. Van Eyk,R,FA,R,-0.135273364537,2.72903429611,16.940832828,0.814276399674,5.9313345005,SS,K,-2.61371261779,5.70840722812,93.4563626946,2035.43441147,182.747037499,-0.15
1303,2020,101,FSU,D1 Atlantic Coast Conference,730156544,NIAG,184588502,2020-02-14 13:00:00,3,0,1,0,1213441309,C. Van Eyk,R,FA,R,0.752529939386,1.60039131815,16.5717087614,8.0349856948,6.09573405552,SL,K,-2.24773395071,5.62135674724,91.6416491534,1981.44823458,205.825061223,-0.15
1304,2020,101,FSU,D1 Atlantic Coast Conference,730156544,NIAG,184588502,2020-02-14 13:00:00,3,0,2,0,1213441309,C. Van Eyk,R,FA,R,0.183578840251,3.46299001531,15.4730433268,2.53696404261,6.09778374813,SS,K,-2.37808074208,5.88595164826,93.7057085705,2309.80434793,189.293965577,-0.15
1305,2020,101,FSU,D1 Atlantic Coast Conference,730156544,NIAG,184588502,2020-02-14 13:00:00,3,0,0,1,1213441309,C. Van Eyk,R,FA,L,-0.245138366206,3.57503608552,13.7171050072,4.85941190141,6.03333023835,SS,IP_OUT,-2.6767946211,5.60168416293,93.5723911582,2245.67897703,199.468289625,-0.15
1306,2020,101,FSU,D1 Atlantic Coast Conference,730156544,NIAG,184588502,2020-02-14 13:00:00,3,0,1,1,1213441309,C. Van Eyk,R,FA,L,0.246273378441,3.19323637206,15.4691852542,2.0123074643,6.06217144518,F,IP_OUT,-2.55836224575,5.73375901442,93.9513689617,2085.51755343,187.397827579,-0.15
1307,2020,101,FSU,D1 Atlantic Coast Conference,730156544,NIAG,184588502,2020-02-14 13:00:00,3,0,2,1,1213441309,C. Van Eyk,R,SL,L,-0.862035989763,4.45162054848,-12.1531747287,-17.4879858849,5.33984964912,B,IP_OUT,-3.08564647621,5.81626625147,80.8370198677,2263.52710447,55.2944243626,0.13
1308,2020,101,FSU,D1 Atlantic Coast Conference,730156544,NIAG,184588502,2020-02-14 13:00:00,3,1,2,1,1213441309,C. Van Eyk,R,CH,L,-1.58487305428,2.09556982824,-5.48362130845,-2.74783077975,5.00924947129,B,IP_OUT,-2.90726148764,5.54037578822,83.5319649112,1959.76846668,26.7770271342,0.13
1309,2020,101,FSU,D1 Atlantic Coast Conference,730156544,NIAG,184588502,2020-02-14 13:00:00,3,2,2,1,1213441309,C. Van Eyk,R,FA,L,0.193524845214,3.63854959006,16.0118082376,5.57605861151,6.07294586906,F,IP_OUT,-2.5620528553,5.83332844917,93.8773148342,2146.14414951,199.167860521,0.0
1310,2020,101,FSU,D1 Atlantic Coast Conference,730156544,NIAG,184588502,2020-02-14 13:00:00,3,0,0,2,1213441309,C. Van Eyk,R,SL,R,0.130995364633,0.958881876058,9.78726624018,19.1789075351,5.89729698906,B,S,-2.47877078652,5.79847679635,85.1175341391,2049.6288261,242.877972234,0.13
1311,2020,101,FSU,D1 Atlantic Coast Conference,730156544,NIAG,184588502,2020-02-14 13:00:00,3,1,0,2,1213441309,C. Van Eyk,R,FA,R,1.04312109601,2.19205234945,17.1501846705,5.04774970453,6.01881036825,SL,S,-2.38979946869,5.79672496348,94.9070699547,2252.38570688,196.374275629,-0.15
1312,2020,101,FSU,D1 Atlantic Coast Conference,730156544,NIAG,184588502,2020-02-14 13:00:00,3,1,1,2,1213441309,C. Van Eyk,R,SL,R,0.444010521669,1.88744838335,-1.51424235994,-0.928680433674,5.18931864414,IP,S,-2.90897842543,5.55348298373,84.68695505,2110.46895625,32.16457488,1.0
1313,2020,101,FSU,D1 Atlantic Coast Conference,730156544,NIAG,184588502,2020-02-14 13:00:00,4,0,0,0,1213441309,C. Van Eyk,R,CH,L,0.77228916394,-0.614995314323,9.46935178382,19.637589206,5.82046897772,B,S,-2.99326553751,5.69019750441,81.4833409721,2101.46140689,244.161287632,0.13
1314,2020,101,FSU,D1 Atlantic Coast Conference,730156544,NIAG,184588502,2020-02-14 13:00:00,4,1,0,0,1213441309,C. Van Eyk,R,FA,L,-0.138551784234,2.74055238352,17.1359973808,7.01471198392,5.87478756824,IP,S,-2.66657466205,5.75249744952,92.4141763012,2234.56384465,202.225774638,1.0
1315,2020,101,FSU,D1 Atlantic Coast Conference,730156544,NIAG,184588502,2020-02-14 13:00:00,4,0,0,0,1213441309,C. Van Eyk,R,FA,R,0.502628629956,2.44696529589,17.1014879736,3.05193571443,5.99557419178,SL,K,-2.52571297924,5.83535239411,93.9321803974,2331.03653414,190.101424982,-0.15
1316,2020,101,FSU,D1 Atlantic Coast Conference,730156544,NIAG,184588502,2020-02-14 13:00:00,4,0,1,0,1213441309,C. Van Eyk,R,SL,R,1.82169739865,1.15548882515,-0.147066282715,-1.36951141492,4.91719273097,B,K,-2.9211488308,5.66688981537,83.107740689,2356.20519745,85.528156517,0.13
1317,2020,101,FSU,D1 Atlantic Coast Conference,730156544,NIAG,184588502,2020-02-14 13:00:00,4,1,1,0,1213441309,C. Van Eyk,R,SL,R,1.74922935884,2.32666265333,3.30819754623,-4.6292339226,5.31766766226,B,K,-3.01943345674,5.49416302579,85.0825819506,2311.58370947,125.856153918,0.13
1318,2020,101,FSU,D1 Atlantic Coast Conference,730156544,NIAG,184588502,2020-02-14 13:00:00,4,3,1,0,1213441309,C. Van Eyk,R,FA,R,0.94891460922,2.5433840208,19.1032664109,3.0342301143,6.01431145484,SL,K,-2.82086975394,5.6727520172,91.9869863748,2258.87581306,189.010750057,-0.15
1319,2020,101,FSU,D1 Atlantic Coast Conference,730156544,NIAG,184588502,2020-02-14 13:00:00,4,3,2,0,1213441309,C. Van Eyk,R,FA,R,-1.47531256599,2.96360861898,17.5170980315,12.0144788274,5.95723703587,SS,K,-2.50632049215,6.07539963784,94.1023403815,2360.53525889,214.399810436,-0.15
1320,2020,101,FSU,D1 Atlantic Coast Conference,730156544,NIAG,184588502,2020-02-14 13:00:00,4,0,0,1,1213441309,C. Van Eyk,R,FA,R,-1.00863246925,2.86912202647,21.3652329229,4.1557625993,6.17457126717,SL,K,-2.71619174324,5.68940952429,92.9461516879,2330.0525628,190.992045441,-0.15
1321,2020,101,FSU,D1 Atlantic Coast Conference,730156544,NIAG,184588502,2020-02-14 13:00:00,4,0,1,1,1213441309,C. Van Eyk,R,CU,R,-0.562886220946,2.67638372373,-19.0505427352,-5.50231157126,5.44264718248,SS,K,-2.72741568544,5.65813224847,80.1773842005,2373.39723451,16.1442560591,-0.15
1322,2020,101,FSU,D1 Atlantic Coast Conference,730156544,NIAG,184588502,2020-02-14 13:00:00,4,0,2,1,1213441309,C. Van Eyk,R,SL,R,1.19715368512,0.74742577258,-1.52656549063,-0.897740863156,5.04418556907,B,K,-2.99352767708,5.4700819441,84.8144889168,2270.73522475,31.0899012099,0.13
1323,2020,101,FSU,D1 Atlantic Coast Conference,730156544,NIAG,184588502,2020-02-14 13:00:00,4,1,2,1,1213441309,C. Van Eyk,R,CU,R,0.662444781728,0.646853449362,-19.2684065754,-6.5839893186,5.47732422925,B,K,-2.74150335173,5.68825387858,81.4321186283,2347.98302898,18.9026518632,0.13
1324,2020,101,FSU,D1 Atlantic Coast Conference,730156544,NIAG,184588502,2020-02-14 13:00:00,4,2,2,1,1213441309,C. Van Eyk,R,CH,R,-0.0317861406782,3.73105057549,11.59848863,19.1649948881,6.01532578104,B,K,-2.69351816467,5.76754225996,82.6329722898,2071.93935415,238.733501459,0.13
1325,2020,101,FSU,D1 Atlantic Coast Conference,730156544,NIAG,184588502,2020-02-14 13:00:00,4,3,2,1,1213441309,C. Van Eyk,R,SL,R,1.10342967322,1.4798681516,-0.903073347543,-5.30403957031,5.35624098229,SL,K,-2.91287584693,5.40082357386,83.1900864299,2257.40183857,80.7437531228,-0.15
1326,2020,101,FSU,D1 Atlantic Coast Conference,730156544,NIAG,184588502,2020-02-14 13:00:00,5,0,0,0,1213441309,C. Van Eyk,R,CH,R,-0.415218392789,2.2584354368,15.4151510018,15.4133231089,5.70996963538,SS,IP_OUT,-2.81503252361,5.68852853644,82.2332368671,2131.9093445,224.922562822,-0.15
1327,2020,101,FSU,D1 Atlantic Coast Conference,730156544,NIAG,184588502,2020-02-14 13:00:00,5,0,1,0,1213441309,C. Van Eyk,R,FA,R,0.724918995572,2.42756309481,20.6757722567,5.56892705916,6.19403790809,SS,IP_OUT,-2.35170836082,5.94128026887,95.0450667004,2344.89347695,195.054266942,-0.15
1328,2020,101,FSU,D1 Atlantic Coast Conference,730156544,NIAG,184588502,2020-02-14 13:00:00,5,0,0,1,1213441309,C. Van Eyk,R,FA,L,-0.0910489613005,1.93596993693,16.4510666354,8.19637376037,6.08295130895,SL,IP_OUT,-2.79180156787,5.71841389449,94.2627347222,2282.72211491,206.442454209,-0.15
1329,2020,101,FSU,D1 Atlantic Coast Conference,730156544,NIAG,184588502,2020-02-14 13:00:00,5,0,1,1,1213441309,C. Van Eyk,R,FA,L,0.506453463562,2.10919635573,19.048625024,7.09652302335,6.19170766824,SL,IP_OUT,-2.2384375394,5.57456205914,92.852890739,2235.2646156,200.402652016,-0.15
1330,2020,101,FSU,D1 Atlantic Coast Conference,730156544,NIAG,184588502,2020-02-14 13:00:00,5,0,2,1,1213441309,C. Van Eyk,R,FA,L,-2.81527064561,3.36751829553,14.9491784565,9.92497217508,6.02866483535,B,IP_OUT,-2.9981080887,5.64367629356,94.8379987311,2248.3408758,213.528880417,0.13
1331,2020,101,FSU,D1 Atlantic Coast Conference,730156544,NIAG,184588502,2020-02-14 13:00:00,5,0,0,2,1213441309,C. Van Eyk,R,FA,R,-0.618832711376,2.67072040363,17.6897634219,11.4966404692,6.1656282029,F,BB,-2.50953478878,5.88232312263,96.3894782217,2367.37102443,212.978128447,-0.15
1332,2020,101,FSU,D1 Atlantic Coast Conference,730156544,NIAG,184588502,2020-02-14 13:00:00,5,0,1,2,1213441309,C. Van Eyk,R,FA,R,2.00158620702,1.35350551032,18.4602231901,5.53572703651,6.20009271475,B,BB,-2.35810904166,5.80645979395,95.1547025704,2196.01554045,196.667937188,0.13
1333,2020,101,FSU,D1 Atlantic Coast Conference,730156544,NIAG,184588502,2020-02-14 13:00:00,5,1,1,2,1213441309,C. Van Eyk,R,SL,R,-0.0106669271529,1.67615810704,-0.848604665541,-4.1498099264,4.84091472191,SS,BB,-2.98798596984,5.60599434231,84.077002757,2423.64232147,78.9543182424,-0.15
1334,2020,101,FSU,D1 Atlantic Coast Conference,730156544,NIAG,184588502,2020-02-14 13:00:00,5,1,2,2,1213441309,C. Van Eyk,R,CU,R,0.322234705956,3.19348731083,-1.37719223032,-6.73468670089,5.25473622479,B,BB,-2.87827383458,5.39472329782,82.4066996077,2182.26329514,78.7660752005,0.13
1335,2020,101,FSU,D1 Atlantic Coast Conference,730156544,NIAG,184588502,2020-02-14 13:00:00,5,2,2,2,1213441309,C. Van Eyk,R,SL,R,-1.02792322092,2.48462005684,-2.20687621753,-3.00373670184,4.90150328133,B,BB,-3.10172967861,5.56337420351,83.6157161739,2171.00189188,54.1821410115,0.13
1336,2020,101,FSU,D1 Atlantic Coast Conference,730156544,NIAG,184588502,2020-02-14 13:00:00,5,3,2,2,1213441309,C. Van Eyk,R,FA,R,-1.62748366711,3.50871358554,12.8195712201,5.20733679509,6.33395565646,B,BB,-2.73713920517,5.54729877007,94.1810744604,2228.5946044,202.062019054,0.8
1337,2020,101,FSU,D1 Atlantic Coast Conference,730156544,NIAG,184588502,2020-02-14 13:00:00,5,0,0,2,1213441309,C. Van Eyk,R,FA,R,-0.0418911584968,3.31605736548,15.4410308506,8.98441482054,6.11225058464,SS,K,-2.69584470327,5.65299131835,93.3842594522,2264.26897948,210.144973343,-0.15
1338,2020,101,FSU,D1 Atlantic Coast Conference,730156544,NIAG,184588502,2020-02-14 13:00:00,5,0,1,2,1213441309,C. Van Eyk,R,FA,R,-0.773083784283,2.35301426695,19.2001996785,7.49375108423,6.16246107373,SS,K,-2.79667839062,5.54696690498,93.613174949,2171.12502706,201.290502465,-0.15
1339,2020,101,FSU,D1 Atlantic Coast Conference,730156544,NIAG,184588502,2020-02-14 13:00:00,5,0,2,2,1213441309,C. Van Eyk,R,FA,R,-0.416311786441,3.34989378311,15.6417825287,9.02389768209,5.96361591083,F,K,-2.88649717944,5.59865170424,92.8399194736,2251.77697633,209.932897345,0.0
1340,2020,101,FSU,D1 Atlantic Coast Conference,730156544,NIAG,184588502,2020-02-14 13:00:00,5,0,2,2,1213441309,C. Van Eyk,R,CU,R,-0.621249368053,3.02145067626,-13.3076290959,-16.4737019013,5.24430518998,SL,K,-2.86368504492,5.631481366,81.3111221659,2445.09624481,51.1549390375,-0.15
1341,2020,101,FSU,D1 Atlantic Coast Conference,730156544,NIAG,184588502,2020-02-14 13:00:00,6,0,0,0,1588767774,A. Velez,L,FA,L,-1.21332252353,3.05420095858,18.3777888805,-6.3662961929,4.73962602039,B,K,1.49707578174,6.48704759732,90.5258473791,1770.76869548,160.925819756,0.13
1342,2020,101,FSU,D1 Atlantic Coast Conference,730156544,NIAG,184588502,2020-02-14 13:00:00,6,1,0,0,1588767774,A. Velez,L,FA,L,-0.423716787721,2.88453689839,17.2607517848,-9.59236765012,4.50986517808,SL,K,1.67141766609,6.49656006093,89.988884837,1858.38977407,150.985701708,-0.15
1343,2020,101,FSU,D1 Atlantic Coast Conference,730156544,NIAG,184588502,2020-02-14 13:00:00,6,1,1,0,1588767774,A. Velez,L,SL,L,-1.10533179874,0.8841826991,8.85445991038,2.84718409725,4.67285745112,SS,K,2.1350583165,6.22379052656,83.2680188849,1973.20617346,197.751007065,-0.15
1344,2020,101,FSU,D1 Atlantic Coast Conference,730156544,NIAG,184588502,2020-02-14 13:00:00,6,1,2,0,1588767774,A. Velez,L,SL,L,-0.0510544834164,0.364069867487,-0.0436467606164,0.624155074952,4.90265403513,SS,K,2.1750030379,6.0503349101,81.6100756376,1950.58110253,270.255501976,-0.15
1345,2020,101,FSU,D1 Atlantic Coast Conference,730156544,NIAG,184588502,2020-02-14 13:00:00,6,0,0,1,1588767774,A. Velez,L,CH,R,-0.00671039178107,1.17737539343,1.12789935733,-16.806530295,4.9338788992,SS,K,2.4353433522,5.87662748784,78.6380229182,1400.22145658,93.9894796405,-0.15
1346,2020,101,FSU,D1 Atlantic Coast Conference,730156544,NIAG,184588502,2020-02-14 13:00:00,6,0,1,1,1588767774,A. Velez,L,CH,R,1.66592754521,2.45078558376,3.33779862033,-17.6797972292,5.06339741863,SS,K,2.63077471841,5.90225366699,77.762628686,1319.73075316,100.832124538,-0.15
1347,2020,101,FSU,D1 Atlantic Coast Conference,730156544,NIAG,184588502,2020-02-14 13:00:00,6,0,2,1,1588767774,A. Velez,L,CH,R,0.91691950755,0.360925559,-1.2205160298,-20.6763150869,4.87059673835,SS,K,2.604361451,5.77609321073,78.3181980685,1347.27470029,86.7451361514,-0.15
1348,2020,101,FSU,D1 Atlantic Coast Conference,730156544,NIAG,184588502,2020-02-14 13:00:00,6,0,0,2,1588767774,A. Velez,L,FA,L,-1.78704014516,1.61430629996,21.1924936311,-10.9421962033,4.91287142837,B,K,1.55288592553,6.43018484157,90.7354672779,1927.29961454,152.728431435,0.13
1349,2020,101,FSU,D1 Atlantic Coast Conference,730156544,NIAG,184588502,2020-02-14 13:00:00,6,1,0,2,1588767774,A. Velez,L,CH,L,-1.24625063469,3.16218605633,16.0474241794,-10.9187378909,5.00402531916,B,K,2.32110001831,5.86563276206,76.8282858651,1297.29967587,145.844749106,0.13
1350,2020,101,FSU,D1 Atlantic Coast Conference,730156544,NIAG,184588502,2020-02-14 13:00:00,6,2,0,2,1588767774,A. Velez,L,CH,L,1.18357703558,3.0730201354,18.512839053,-12.6303561207,4.81643487214,SL,K,2.66252287727,5.87202764017,77.6096545262,1313.41138369,145.761616364,-0.15
1351,2020,101,FSU,D1 Atlantic Coast Conference,730156544,NIAG,184588502,2020-02-14 13:00:00,6,2,1,2,1588767774,A. Velez,L,FA,L,-0.169278749604,2.48300974179,20.2388948228,-11.8493130841,4.7738213204,F,K,1.65322311638,6.38439242982,89.9752901092,1950.67368833,149.694329944,-0.15
1352,2020,101,FSU,D1 Atlantic Coast Conference,730156544,NIAG,184588502,2020-02-14 13:00:00,6,2,2,2,1588767774,A. Velez,L,SL,L,-0.675859269319,0.262202135619,5.94282209833,-1.86388675776,5.01845298473,SS,K,2.27012035418,6.06343177761,83.0381218053,1907.80502473,162.694434974,-0.15
1353,2020,101,FSU,D1 Atlantic Coast Conference,730156544,NIAG,184588502,2020-02-14 13:00:00,7,0,0,0,1588767774,A. Velez,L,CH,R,0.557758486538,1.85948494536,3.96398100836,-18.2522238697,5.02922585246,F,K,2.54114144628,5.84699776046,76.636317698,1405.84117092,102.390295373,-0.15
1354,2020,101,FSU,D1 Atlantic Coast Conference,730156544,NIAG,184588502,2020-02-14 13:00:00,7,0,1,0,1588767774,A. Velez,L,FA,R,-0.201445916919,4.3902440885,22.4192157283,-9.80477808175,4.36257126428,B,K,1.72947431163,6.5002114844,87.8998371518,1979.63290239,156.41277441,0.13
1355,2020,101,FSU,D1 Atlantic Coast Conference,730156544,NIAG,184588502,2020-02-14 13:00:00,7,1,1,0,1588767774,A. Velez,L,CH,R,0.643669811396,1.94426184208,11.4617074373,-20.543267215,4.96415062086,SL,K,2.46994547644,6.0630686551,74.9845399602,1249.41771152,119.262126179,-0.15
1356,2020,101,FSU,D1 Atlantic Coast Conference,730156544,NIAG,184588502,2020-02-14 13:00:00,7,1,2,0,1588767774,A. Velez,L,SL,R,-0.622814414326,1.38063508399,6.17864108652,2.96509004976,4.82958030103,F,K,2.25797178574,6.17159610241,80.3800471756,1847.59621109,205.481191288,0.0
1357,2020,101,FSU,D1 Atlantic Coast Conference,730156544,NIAG,184588502,2020-02-14 13:00:00,7,1,2,0,1588767774,A. Velez,L,FA,R,-0.523268676979,1.76434544056,20.8159679329,-7.86036095461,4.58924991962,SS,K,1.57545476033,6.38220782199,89.2956430911,1941.53552399,159.344238713,-0.15
1358,2020,101,FSU,D1 Atlantic Coast Conference,730156544,NIAG,184588502,2020-02-14 13:00:00,7,0,0,1,1588767774,A. Velez,L,SL,R,-1.76072345294,-0.36525651274,2.1135748661,3.35931448463,4.79349693851,B,K,2.25857130645,6.1109547313,80.8304434122,1996.90442514,237.312351505,0.13
1359,2020,101,FSU,D1 Atlantic Coast Conference,730156544,NIAG,184588502,2020-02-14 13:00:00,7,1,0,1,1588767774,A. Velez,L,CH,R,0.849906709774,3.18190029796,6.05843050965,-15.9767597015,5.2705083296,SS,K,2.4961395355,5.86731466546,77.7521574977,1284.84035679,110.90553323,-0.15
1360,2020,101,FSU,D1 Atlantic Coast Conference,730156544,NIAG,184588502,2020-02-14 13:00:00,7,1,1,1,1588767774,A. Velez,L,SL,R,-0.536200221598,1.67686878256,4.84727564732,-0.134085734408,4.8584135399,SS,K,2.29433824102,6.20401965021,82.7180490744,1905.35746678,178.428402972,-0.15
1361,2020,101,FSU,D1 Atlantic Coast Conference,730156544,NIAG,184588502,2020-02-14 13:00:00,7,1,2,1,1588767774,A. Velez,L,FA,R,-0.4032255197,3.97575870391,19.8013579766,-10.8988288252,4.65533256594,B,K,1.59441281196,6.45354040531,90.2480981215,1962.26039454,151.212187389,0.13
1362,2020,101,FSU,D1 Atlantic Coast Conference,730156544,NIAG,184588502,2020-02-14 13:00:00,7,2,2,1,1588767774,A. Velez,L,FA,R,-0.398691747771,3.59594053246,19.3557867252,-7.5490345695,4.61245027093,SS,K,1.48400644485,6.40301728467,88.7770100642,1873.88638104,158.728216277,-0.15
1363,2020,101,FSU,D1 Atlantic Coast Conference,730156544,NIAG,184588502,2020-02-14 13:00:00,8,0,0,0,1434793889,C. Haney,R,FA,L,-0.88085138855,2.8933389568,-1.3003133364,17.5139122287,6.59021657225,SL,IP_OUT,-2.72518234723,3.94899440749,84.9560139933,1987.86978182,274.129669072,-0.15
1364,2020,101,FSU,D1 Atlantic Coast Conference,730156544,NIAG,184588502,2020-02-14 13:00:00,8,0,0,1,1434793889,C. Haney,R,SL,R,-0.351104264167,2.04174778771,3.40177863812,-11.5655028314,6.41617856127,SL,K,-2.82925750503,3.87429172134,75.2782588254,2350.46567904,106.596630645,-0.15
1365,2020,101,FSU,D1 Atlantic Coast Conference,730156544,NIAG,184588502,2020-02-14 13:00:00,8,0,1,1,1434793889,C. Haney,R,SL,R,0.963564011591,1.61308070468,1.25216006371,-9.97830258371,6.38144527254,SS,K,-2.77525210281,3.88710203886,76.2709341738,2363.82968999,97.4047798249,-0.15
1366,2020,101,FSU,D1 Atlantic Coast Conference,730156544,NIAG,184588502,2020-02-14 13:00:00,9,0,0,0,1629119588,B. Hubbart,L,FA,L,0.231863881416,2.63048502224,20.9052935023,-16.0520040855,5.30262692293,SS,BB,2.87158356486,5.7284085242,89.4467417408,2262.34705313,142.526253088,-0.15
1367,2020,101,FSU,D1 Atlantic Coast Conference,730156544,NIAG,184588502,2020-02-14 13:00:00,9,0,1,0,1629119588,B. Hubbart,L,FA,L,-0.881296821922,2.93282129452,23.5007151532,-11.3484681796,5.29241221116,B,BB,2.87257201459,5.68453093663,91.5786178932,2304.81487339,154.255173092,0.13
1368,2020,101,FSU,D1 Atlantic Coast Conference,730156544,NIAG,184588502,2020-02-14 13:00:00,9,1,1,0,1629119588,B. Hubbart,L,FA,L,-0.0754098818558,3.98323343685,19.1340240762,-11.0212578712,5.38694461357,B,BB,2.96774025007,5.5935967594,91.1877204422,2279.19856776,150.099961433,0.13
1369,2020,101,FSU,D1 Atlantic Coast Conference,730156544,NIAG,184588502,2020-02-14 13:00:00,9,2,1,0,1629119588,B. Hubbart,L,FA,L,-1.10305186533,3.16029554824,23.1815283652,-12.6729046166,5.26234599394,B,BB,2.92793028057,5.6212408258,89.9974280589,2349.58032193,151.370458648,0.13
1370,2020,101,FSU,D1 Atlantic Coast Conference,730156544,NIAG,184588502,2020-02-14 13:00:00,9,3,1,0,1629119588,B. Hubbart,L,FA,L,1.13395128291,3.39560163022,21.3065645576,-14.0872343143,5.32238771677,B,BB,2.95049212798,5.66877755372,90.0106339001,2303.39484524,146.569831824,0.8
1371,2020,101,FSU,D1 Atlantic Coast Conference,730156544,NIAG,184588502,2020-02-14 13:00:00,9,0,0,0,1629119588,B. Hubbart,L,FA,R,0.0931994754403,3.3893811282,21.9159719345,-15.0265332643,5.18034738051,F,S,2.94378460294,5.70379203331,89.9922886189,2342.82758567,145.60479411,-0.15
1372,2020,101,FSU,D1 Atlantic Coast Conference,730156544,NIAG,184588502,2020-02-14 13:00:00,9,0,1,0,1629119588,B. Hubbart,L,CU,R,0.136184720754,5.56883045429,-6.94931838147,13.533498373,4.46327888821,B,S,3.22842215646,5.59335207151,73.942968022,2543.97781453,297.006949599,0.13
1373,2020,101,FSU,D1 Atlantic Coast Conference,730156544,NIAG,184588502,2020-02-14 13:00:00,9,1,1,0,1629119588,B. Hubbart,L,FA,R,-1.41418969356,3.16942724346,25.2591053855,-10.4229612805,5.45480705728,F,S,2.7196361563,5.8279213784,90.6049480001,2395.78148469,157.603300387,-0.15
1374,2020,101,FSU,D1 Atlantic Coast Conference,730156544,NIAG,184588502,2020-02-14 13:00:00,9,1,2,0,1629119588,B. Hubbart,L,CU,R,3.13071455005,5.56531115065,-11.1937800859,16.26272858,3.83970030751,B,S,3.11546730127,5.68787813503,73.4636678264,2575.77534412,304.412148963,0.13
1375,2020,101,FSU,D1 Atlantic Coast Conference,730156544,NIAG,184588502,2020-02-14 13:00:00,9,2,2,0,1629119588,B. Hubbart,L,CH,R,0.838384857348,3.14956680243,7.63999337239,-22.5464220865,5.66802269341,IP,S,3.14037787603,5.2685536246,79.4753399749,2067.05638246,108.814810373,1.0
1376,2020,101,FSU,D1 Atlantic Coast Conference,730156544,NIAG,184588502,2020-02-14 13:00:00,9,0,0,1,1904780862,J. Scolaro,L,SL,R,0.989690114034,3.77941511213,-3.55014426026,12.8975648569,5.18113421716,B,BB,2.28819888226,5.41942284859,76.6259526386,2162.19671127,285.200719747,0.13
1377,2020,101,FSU,D1 Atlantic Coast Conference,730156544,NIAG,184588502,2020-02-14 13:00:00,9,1,0,1,1904780862,J. Scolaro,L,CU,R,0.486491608933,0.405393227627,-19.1264552579,9.21587967785,4.85224474548,B,BB,1.83878629546,5.59165890874,72.0206656296,2488.12861774,334.210430674,0.13
1378,2020,101,FSU,D1 Atlantic Coast Conference,730156544,NIAG,184588502,2020-02-14 13:00:00,9,2,0,1,1904780862,J. Scolaro,L,SL,R,1.63384098661,0.823495881471,-10.3715285023,11.9208229585,5.09915973794,B,BB,2.54709034711,5.42276676821,74.985442027,2152.09267794,310.891981555,0.13
1379,2020,101,FSU,D1 Atlantic Coast Conference,730156544,NIAG,184588502,2020-02-14 13:00:00,9,3,0,1,1904780862,J. Scolaro,L,SL,R,0.242025479521,1.76117921826,-9.76610943318,11.8801913984,5.23240431837,SL,BB,2.41461160054,5.42091480896,75.8451187056,2089.08743525,309.286808638,-0.15
1380,2020,101,FSU,D1 Atlantic Coast Conference,730156544,NIAG,184588502,2020-02-14 13:00:00,9,3,1,1,1904780862,J. Scolaro,L,CU,R,-1.00246469013,2.80707915932,-17.4420459746,13.5251619864,4.87648766101,B,BB,1.91611078848,5.5655845326,72.2713199869,2381.74670471,322.123870704,0.8
1381,2020,101,FSU,D1 Atlantic Coast Conference,730156544,NIAG,184588502,2020-02-14 13:00:00,9,0,0,1,1547503942,T. Ahearn,R,FA,R,2.00304579738,1.19070893737,21.4860171548,7.15419784482,5.68368378755,B,BB,-1.41635241338,5.97598662416,92.4691331087,2190.93666499,198.391397116,0.13
1382,2020,101,FSU,D1 Atlantic Coast Conference,730156544,NIAG,184588502,2020-02-14 13:00:00,9,2,0,1,1547503942,T. Ahearn,R,FA,R,0.569137354648,2.56349559838,21.6796090138,6.0928347994,5.44421661204,SS,BB,-1.38047050857,5.92243413064,91.9407132963,2229.49084043,195.675763115,-0.15
1383,2020,101,FSU,D1 Atlantic Coast Conference,730156544,NIAG,184588502,2020-02-14 13:00:00,9,2,1,1,1547503942,T. Ahearn,R,FA,R,0.240154835038,1.25118196457,16.9180762814,12.1738643415,5.52237932756,B,BB,-1.39398679757,5.9333812266,91.4603236342,2155.08274132,215.686708515,0.13
1384,2020,101,FSU,D1 Atlantic Coast Conference,730156544,NIAG,184588502,2020-02-14 13:00:00,9,3,1,1,1547503942,T. Ahearn,R,FA,R,0.785136480119,1.95734874353,11.102649249,12.9589339487,5.65996816774,SL,BB,-1.42821967737,5.76134090409,92.4430277604,2153.78570209,229.332475293,-0.15
1385,2020,101,FSU,D1 Atlantic Coast Conference,730156544,NIAG,184588502,2020-02-14 13:00:00,9,0,0,1,1547503942,T. Ahearn,R,FA,R,-0.249470953187,2.35995467383,14.155304579,15.5371514398,5.61104005971,F,IP_OUT,-1.20998924999,5.92391309685,91.6743333893,2184.5397495,227.600697347,-0.15
1386,2020,101,FSU,D1 Atlantic Coast Conference,730156544,NIAG,184588502,2020-02-14 13:00:00,9,0,1,1,1547503942,T. Ahearn,R,FA,R,0.307925074631,2.09301717883,12.2307120347,8.05278314974,5.45727892542,F,IP_OUT,-1.39095545082,5.95196909,91.6224895697,2151.87700815,213.292050035,-0.15
1387,2020,101,FSU,D1 Atlantic Coast Conference,730156544,NIAG,184588502,2020-02-14 13:00:00,9,0,2,1,1547503942,T. Ahearn,R,SL,R,0.669943867257,0.752330305146,5.64434021586,-15.5907623523,5.13254546959,B,IP_OUT,-1.871087666,5.60127645188,82.4066903728,2289.66281275,110.030547754,0.13
1388,2020,101,FSU,D1 Atlantic Coast Conference,730156544,NIAG,184588502,2020-02-14 13:00:00,9,0,0,2,1547503942,T. Ahearn,R,FA,L,0.0201511281764,1.69215636836,18.9353898307,4.41568265609,5.47344191602,SL,BB,-1.63601793489,5.83308720937,91.9762709389,2173.762468,193.105570733,-0.15
1389,2020,101,FSU,D1 Atlantic Coast Conference,730156544,NIAG,184588502,2020-02-14 13:00:00,9,0,1,2,1547503942,T. Ahearn,R,FA,L,-1.30836341149,1.28891991697,13.109017593,10.6325122601,5.56587776034,B,BB,-1.37534618725,5.92011962349,91.7056196366,2174.67708649,218.977717869,0.13
1390,2020,101,FSU,D1 Atlantic Coast Conference,730156544,NIAG,184588502,2020-02-14 13:00:00,9,2,1,2,1547503942,T. Ahearn,R,FA,L,1.20169235667,1.46730308673,18.89445315,2.14074109149,5.60783113116,B,BB,-1.53897289308,5.77982492164,92.259774348,2278.18748858,186.453479897,0.13
1391,2020,101,FSU,D1 Atlantic Coast Conference,730156544,NIAG,184588502,2020-02-14 13:00:00,9,3,1,2,1547503942,T. Ahearn,R,FA,L,2.38676198948,-0.00959765367407,18.3152970263,7.5375368501,5.60163125936,B,BB,-1.5847738547,5.77153883512,91.4381887675,2170.87100049,202.334008127,0.8
1392,2020,101,FSU,D1 Atlantic Coast Conference,730156544,NIAG,184588502,2020-02-14 13:00:00,9,0,0,2,1067894112,D. Hare,R,FA,R,2.8001006272,2.94271642003,12.3454858649,7.37979983156,6.1723777612,B,S,-0.910956481632,5.8959004933,93.6713223817,1705.30493555,210.809084491,0.13
1393,2020,101,FSU,D1 Atlantic Coast Conference,730156544,NIAG,184588502,2020-02-14 13:00:00,9,1,0,2,1067894112,D. Hare,R,FA,R,0.831961663778,2.21629455807,12.9838640349,7.16087493228,6.01367285936,IP,S,-0.870831530205,5.91706858367,91.4670603888,2083.0446081,208.819104675,1.0
1394,2020,101,FSU,D1 Atlantic Coast Conference,730156544,NIAG,184588502,2020-02-14 13:00:00,9,0,0,2,1067894112,D. Hare,R,FA,R,-0.00683624605123,2.31252513234,13.6029708954,6.19577147236,5.96216784646,F,K,-0.731502504737,5.94288339136,93.3818123466,2153.94363793,204.44027139,-0.15
1395,2020,101,FSU,D1 Atlantic Coast Conference,730156544,NIAG,184588502,2020-02-14 13:00:00,9,0,1,2,1067894112,D. Hare,R,FS,R,1.11989761151,1.81297726721,5.35740642304,-1.49358152436,5.63662508324,F,K,-0.804031059831,6.02467493666,82.5273077563,932.627791406,164.530292652,-0.15
1396,2020,101,FSU,D1 Atlantic Coast Conference,730156544,NIAG,184588502,2020-02-14 13:00:00,9,0,2,2,1067894112,D. Hare,R,FS,R,1.28952446823,2.36338700481,4.91260867949,1.19442467835,5.53645164102,SS,K,-0.845005956361,5.96779513942,83.7898260023,1028.67080098,193.563621709,-0.15
1397,2020,5080,MSST,D1 Southeastern Conference,730386688,QUIN,286878556,2020-03-08 13:00:00,1,0,0,0,1575829140,E. Cerantola,R,FA,L,0.0599736898476,1.90478199469,17.1038154231,15.4064950669,6.26223235929,SL,IP_OUT,-1.817045416,6.25841720109,94.2545890039,2153.78143731,221.962886107,-0.15
1398,2020,5080,MSST,D1 Southeastern Conference,730386688,QUIN,286878556,2020-03-08 13:00:00,1,0,1,0,1575829140,E. Cerantola,R,FA,L,-0.217740438625,0.843675129773,17.9613780234,17.7747895069,6.03376346362,B,IP_OUT,-1.89474375174,6.30906941528,93.7044950883,2236.00816787,224.652924532,0.13
1399,2020,5080,MSST,D1 Southeastern Conference,730386688,QUIN,286878556,2020-03-08 13:00:00,1,1,1,0,1575829140,E. Cerantola,R,CH,L,-0.744249500927,2.3042146343,11.0522236766,21.4102421435,6.39053122217,SS,IP_OUT,-1.93582611799,6.22899575877,84.5167116238,2050.35192112,242.619406503,-0.15
1400,2020,5080,MSST,D1 Southeastern Conference,730386688,QUIN,286878556,2020-03-08 13:00:00,1,1,2,0,1575829140,E. Cerantola,R,FA,L,0.334412188838,1.51872792005,20.6135362948,14.7872660062,6.02983737852,B,IP_OUT,-1.88995414983,6.27096338478,94.698987214,2278.02423254,215.61501479,0.13
1401,2020,5080,MSST,D1 Southeastern Conference,730386688,QUIN,286878556,2020-03-08 13:00:00,1,0,0,2,1575829140,E. Cerantola,R,FA,L,0.0183948495066,1.2617925976,17.6134841264,19.0360807731,6.12991451496,B,K,-1.96806499506,6.23396084329,95.2598941998,2240.23335009,227.17577652,0.13
1402,2020,5080,MSST,D1 Southeastern Conference,730386688,QUIN,286878556,2020-03-08 13:00:00,1,1,0,2,1575829140,E. Cerantola,R,FA,L,-0.669081580794,1.80999451131,16.1672708416,18.6383555287,6.27812840618,SS,K,-1.83149135818,6.19196623665,94.3852996794,2249.92512619,229.009507743,-0.15
1403,2020,5080,MSST,D1 Southeastern Conference,730386688,QUIN,286878556,2020-03-08 13:00:00,1,1,1,2,1575829140,E. Cerantola,R,FA,L,0.546473365971,2.11095761576,17.4485689041,17.1161331199,6.04208170177,SL,K,-1.88317672437,6.26087094317,94.404960499,2255.17065105,224.400190312,-0.15
1404,2020,5080,MSST,D1 Southeastern Conference,730386688,QUIN,286878556,2020-03-08 13:00:00,1,1,2,2,1575829140,E. Cerantola,R,FA,L,-0.842807294605,1.25011813918,15.7095407886,20.1361466163,6.12993886513,SS,K,-1.95393864702,6.1546554831,95.6329286037,2282.23365797,231.988777404,-0.15
1405,2020,5080,MSST,D1 Southeastern Conference,730386688,QUIN,286878556,2020-03-08 13:00:00,2,0,0,0,1575829140,E. Cerantola,R,FA,L,-1.52216415041,4.73917485235,13.6572599719,16.5051887682,5.9964040728,B,K,-1.96582624082,6.22585783584,92.1354751339,2011.69004843,230.330415751,0.13
1406,2020,5080,MSST,D1 Southeastern Conference,730386688,QUIN,286878556,2020-03-08 13:00:00,2,1,0,0,1575829140,E. Cerantola,R,FA,L,-0.0878066613987,2.83589448024,16.3350367837,15.9385462051,6.14338433126,F,K,-1.9392835981,6.26023574637,91.9237850098,2146.05719318,224.242121678,-0.15
1407,2020,5080,MSST,D1 Southeastern Conference,730386688,QUIN,286878556,2020-03-08 13:00:00,2,1,1,0,1575829140,E. Cerantola,R,FA,L,-1.05999500644,3.03495451632,12.382230111,17.7748683361,6.08153844462,SL,K,-1.94348421196,6.24128139261,93.6653608445,2274.92175561,235.073084612,-0.15
1408,2020,5080,MSST,D1 Southeastern Conference,730386688,QUIN,286878556,2020-03-08 13:00:00,2,1,2,0,1575829140,E. Cerantola,R,CU,L,1.1020344402,-1.49255730559,-13.7231578809,0.899300408009,6.34148971141,SS,K,-1.85964773756,6.29908347802,79.0694567673,2657.10867573,356.239245391,-0.15
1409,2020,5080,MSST,D1 Southeastern Conference,730386688,QUIN,286878556,2020-03-08 13:00:00,2,0,0,0,1575829140,E. Cerantola,R,FA,R,-0.242301966602,1.70417841269,16.7269228355,16.6030053325,6.24150300945,F,DP,-1.82610376414,6.29872514447,90.3292514189,2153.07343622,224.73217486,-0.15
1410,2020,5080,MSST,D1 Southeastern Conference,730386688,QUIN,286878556,2020-03-08 13:00:00,2,0,1,0,1575829140,E. Cerantola,R,CU,R,-0.00733846346612,0.891125099991,-10.8362944511,-4.49297211561,6.08501426771,B,DP,-1.66918511801,6.40090931134,76.549673258,2541.27244786,22.6040621006,0.13
1411,2020,5080,MSST,D1 Southeastern Conference,730386688,QUIN,286878556,2020-03-08 13:00:00,2,1,1,0,1575829140,E. Cerantola,R,FA,R,-0.738618224611,3.13223384308,14.8901071516,17.2707319762,6.22608870627,F,DP,-1.82417408842,6.26262637769,93.160463641,2181.47706064,229.176520498,-0.15
1412,2020,5080,MSST,D1 Southeastern Conference,730386688,QUIN,286878556,2020-03-08 13:00:00,2,1,2,0,1575829140,E. Cerantola,R,CU,R,-0.254757961778,2.15602090934,-11.2692124391,-3.41228050251,6.14232428298,IP,DP,-1.83961673183,6.31307553512,79.9883577525,2690.31097226,16.9033575988,-0.21
1413,2020,5080,MSST,D1 Southeastern Conference,730386688,QUIN,286878556,2020-03-08 13:00:00,2,0,0,2,1575829140,E. Cerantola,R,FA,L,-0.223972553486,1.91796678835,15.659055021,15.2081201376,6.15242168551,F,D,-1.86199702225,6.22128677789,95.1241062066,2145.45610275,224.110766321,-0.15
1414,2020,5080,MSST,D1 Southeastern Conference,730386688,QUIN,286878556,2020-03-08 13:00:00,2,0,1,2,1575829140,E. Cerantola,R,FA,L,-0.923122241067,3.18415366827,16.3951660209,18.782595934,6.06745604181,SS,D,-1.88082059934,6.28733445511,93.7259308607,2090.59723558,228.830546335,-0.15
1415,2020,5080,MSST,D1 Southeastern Conference,730386688,QUIN,286878556,2020-03-08 13:00:00,2,0,2,2,1575829140,E. Cerantola,R,FA,L,-1.25633664274,3.26526962578,13.3149790551,19.8559239577,6.05824134827,IP,D,-1.87322875898,6.27156785705,92.950565239,2090.28574415,236.094668638,1.26
1416,2020,5080,MSST,D1 Southeastern Conference,730386688,QUIN,286878556,2020-03-08 13:00:00,3,0,0,0,1575829140,E. Cerantola,R,FA,L,-0.0854763908333,0.684223293685,10.9886527963,17.0118460256,6.14993283669,B,HBP,-1.91838549411,6.26120458185,92.1916146353,2213.84493929,237.066665785,0.13
1417,2020,5080,MSST,D1 Southeastern Conference,730386688,QUIN,286878556,2020-03-08 13:00:00,3,1,0,0,1575829140,E. Cerantola,R,FA,L,-0.630213473675,3.95994595745,11.04039159,17.6276605841,6.20623396746,B,HBP,-1.82962100595,6.17722226196,91.4162052817,2169.56346244,237.867812533,0.13
1418,2020,5080,MSST,D1 Southeastern Conference,730386688,QUIN,286878556,2020-03-08 13:00:00,3,2,0,0,1575829140,E. Cerantola,R,FA,L,1.84638119378,3.24761414283,14.8441476823,12.1407752887,6.37962800113,HBP,HBP,-1.76965392182,6.20391856562,92.0647046144,2190.16190559,219.220607302,0.8
1419,2020,5080,MSST,D1 Southeastern Conference,730386688,QUIN,286878556,2020-03-08 13:00:00,3,0,0,1,1575829140,E. Cerantola,R,FA,L,-0.313716222721,1.40412679226,15.221186063,16.2661839261,6.28368500346,F,S,-1.91480937097,6.22310603289,91.7931248016,2083.82856645,226.84306307,-0.15
1420,2020,5080,MSST,D1 Southeastern Conference,730386688,QUIN,286878556,2020-03-08 13:00:00,3,0,1,1,1575829140,E. Cerantola,R,FA,L,-0.900387109591,0.529085317563,12.849770014,16.640234884,6.18529193472,B,S,-1.80213759424,6.25719204633,91.4805206363,2230.62467954,232.256636817,0.13
1421,2020,5080,MSST,D1 Southeastern Conference,730386688,QUIN,286878556,2020-03-08 13:00:00,3,1,1,1,1575829140,E. Cerantola,R,FA,L,-0.244622262015,1.31407951229,12.0196747622,18.2345102703,6.14819576028,IP,S,-1.89649005155,6.24466656606,92.2099712928,2131.12539627,236.541128335,1.0
1422,2020,5080,MSST,D1 Southeastern Conference,730386688,QUIN,286878556,2020-03-08 13:00:00,3,0,0,1,1575829140,E. Cerantola,R,CU,R,-0.907673744597,2.33840458499,-10.7043010348,-3.01862979139,6.09382141871,SL,K,-1.75094047774,6.29709136412,78.7296652967,2575.91596092,15.8074059197,-0.15
1423,2020,5080,MSST,D1 Southeastern Conference,730386688,QUIN,286878556,2020-03-08 13:00:00,3,0,1,1,1575829140,E. Cerantola,R,CU,R,0.0822567677927,1.09861855878,-12.152364902,-2.61438955326,5.97617426269,SS,K,-1.85245656118,6.35227960269,79.7978005555,2693.93093738,12.1816493127,-0.15
1424,2020,5080,MSST,D1 Southeastern Conference,730386688,QUIN,286878556,2020-03-08 13:00:00,3,0,2,1,1575829140,E. Cerantola,R,FA,R,-1.18564773968,3.77831505183,14.1785868066,16.7222520341,6.24649112738,SS,K,-1.61668175771,6.26352276241,94.61736794,2180.21586762,229.647685144,-0.15
1425,2020,5080,MSST,D1 Southeastern Conference,730386688,QUIN,286878556,2020-03-08 13:00:00,3,0,0,2,1575829140,E. Cerantola,R,FA,L,-1.1726565634,1.39728147276,12.2121190376,18.4906465943,6.23810978027,F,K,-1.84630157284,6.30295632188,91.8831642252,2270.35371639,236.489841889,-0.15
1426,2020,5080,MSST,D1 Southeastern Conference,730386688,QUIN,286878556,2020-03-08 13:00:00,3,0,1,2,1575829140,E. Cerantola,R,CU,L,0.0298569059916,-0.16848578939,-12.6179828936,-2.6311681826,6.15837832567,SS,K,-1.86259919254,6.24217010188,80.3144334728,2716.67658715,11.8159319244,-0.15
1427,2020,5080,MSST,D1 Southeastern Conference,730386688,QUIN,286878556,2020-03-08 13:00:00,3,0,2,2,1575829140,E. Cerantola,R,FA,L,-2.159466469,2.68545310069,11.901135576,17.8355493011,6.1186951446,B,K,-1.94190432643,6.2465909589,94.7397801497,2198.80497783,236.220666636,0.13
1428,2020,5080,MSST,D1 Southeastern Conference,730386688,QUIN,286878556,2020-03-08 13:00:00,3,1,2,2,1575829140,E. Cerantola,R,FA,L,-0.35189074903,-0.0689921220857,13.9100219126,13.0068505535,6.23193591812,B,K,-1.9471203937,6.2623581616,92.7391759786,2285.62448053,223.015096728,0.13
1429,2020,5080,MSST,D1 Southeastern Conference,730386688,QUIN,286878556,2020-03-08 13:00:00,3,2,2,2,1575829140,E. Cerantola,R,CU,L,0.208082764039,1.21856552613,-14.1394976031,-1.83889182738,6.13563647683,SS,K,-1.80251490029,6.29314362783,82.1571274915,2867.81684487,7.43023119212,-0.15
1430,2020,5080,MSST,D1 Southeastern Conference,730386688,QUIN,286878556,2020-03-08 13:00:00,4,0,0,0,1575829140,E. Cerantola,R,FA,L,0.0495815969228,2.5636890801,13.232636106,18.8188801405,6.30669867801,F,D,-1.71591693124,6.34443062537,92.1775475718,2144.16773731,234.825487708,-0.15
1431,2020,5080,MSST,D1 Southeastern Conference,730386688,QUIN,286878556,2020-03-08 13:00:00,4,0,1,0,1575829140,E. Cerantola,R,CU,L,-1.20544115838,0.803439213255,-16.7357611878,-3.3129417022,5.63567214517,B,D,-1.97965257631,6.41603328223,77.0660280726,2765.31408242,11.2265299077,0.13
1432,2020,5080,MSST,D1 Southeastern Conference,730386688,QUIN,286878556,2020-03-08 13:00:00,4,1,1,0,1575829140,E. Cerantola,R,FA,L,0.267385839702,1.50163418939,13.3435437856,18.8022856492,6.32795589771,IP,D,-1.90772598247,6.29806829376,92.4732077345,2133.8231427,234.576310752,1.26
1433,2020,5080,MSST,D1 Southeastern Conference,730386688,QUIN,286878556,2020-03-08 13:00:00,4,0,0,0,1575829140,E. Cerantola,R,FA,R,-0.568960560818,1.76931227187,12.706647177,18.7520098906,6.21481389319,F,BB,-1.80720067703,6.25883179295,92.3589619844,2172.62591187,235.814043226,-0.15
1434,2020,5080,MSST,D1 Southeastern Conference,730386688,QUIN,286878556,2020-03-08 13:00:00,4,0,1,0,1575829140,E. Cerantola,R,CU,R,2.27784347997,-1.81925845094,-13.8170393851,-3.87227765141,6.47580562859,B,BB,-1.81851363158,6.46949385672,77.2192351949,2601.49148317,15.7030740388,0.13
1435,2020,5080,MSST,D1 Southeastern Conference,730386688,QUIN,286878556,2020-03-08 13:00:00,4,1,1,0,1575829140,E. Cerantola,R,FA,R,-0.349194347566,4.36959247935,16.8490642632,14.2108474903,6.18860573685,B,BB,-1.80903514713,6.27965025208,92.518314855,2126.43578192,220.093585809,0.13
1436,2020,5080,MSST,D1 Southeastern Conference,730386688,QUIN,286878556,2020-03-08 13:00:00,4,2,1,0,1575829140,E. Cerantola,R,CU,R,-0.487519472672,4.42977136845,-6.65815813997,-11.7822798662,5.69383226303,B,BB,-1.74024751919,6.42671675875,78.3635361399,2626.90501199,60.6895030769,0.13
1437,2020,5080,MSST,D1 Southeastern Conference,730386688,QUIN,286878556,2020-03-08 13:00:00,4,3,1,0,1575829140,E. Cerantola,R,FA,R,0.504484753879,0.52530881846,14.2562894558,18.5495559929,6.63407514174,B,BB,-1.73276589238,6.21081721919,93.1196652758,2234.31691132,232.397426484,0.8
1438,2020,5080,MSST,D1 Southeastern Conference,730386688,QUIN,286878556,2020-03-08 13:00:00,4,0,0,0,1575829140,E. Cerantola,R,CH,L,-1.11159044628,1.91330978592,2.4186042942,19.5633530639,6.55163350032,SL,D,-1.84620181009,6.2793103423,81.5815178512,1836.91366552,262.839771631,-0.15
1439,2020,5080,MSST,D1 Southeastern Conference,730386688,QUIN,286878556,2020-03-08 13:00:00,4,0,1,0,1575829140,E. Cerantola,R,FA,L,0.772480217181,0.612474903733,11.7532102009,19.3250305458,6.32439356327,B,D,-1.68068647608,6.36176650343,92.318125627,2231.05703592,238.625714552,0.13
1440,2020,5080,MSST,D1 Southeastern Conference,730386688,QUIN,286878556,2020-03-08 13:00:00,4,1,1,0,1575829140,E. Cerantola,R,CH,L,-2.54982860451,4.73646962005,7.02189344743,15.5887360981,6.58305247964,B,D,-1.86314656159,6.41236123026,81.579962667,2049.59114824,245.632219118,0.13
1441,2020,5080,MSST,D1 Southeastern Conference,730386688,QUIN,286878556,2020-03-08 13:00:00,4,2,1,0,1575829140,E. Cerantola,R,CH,L,-2.14824028045,4.06711285445,9.42470945521,20.4304086698,6.35808979973,B,D,-1.98638593288,6.23944969322,82.2944867833,1850.29790755,245.147156621,0.13
1442,2020,5080,MSST,D1 Southeastern Conference,730386688,QUIN,286878556,2020-03-08 13:00:00,4,3,1,0,1575829140,E. Cerantola,R,FA,L,-1.03719724043,0.292734425106,10.7777224791,19.0263028576,6.43487860394,SS,D,-1.83018897713,6.28493509403,92.3988287577,2191.87554172,240.400248105,-0.15
1443,2020,5080,MSST,D1 Southeastern Conference,730386688,QUIN,286878556,2020-03-08 13:00:00,4,3,2,0,1575829140,E. Cerantola,R,CH,L,-0.370150661714,2.34330649811,10.7942143796,14.1945635489,6.60678219624,IP,D,-1.76269517443,6.21959790051,83.3415977541,1988.75964622,232.655041576,1.26
1444,2020,5080,MSST,D1 Southeastern Conference,730386688,QUIN,286878556,2020-03-08 13:00:00,4,0,0,0,1908448747,D. Dunlavey,R,FA,R,0.314869743432,0.171187432982,14.9724174583,16.8748181761,6.58343339738,B,SH,-1.81907905434,6.15552772502,91.2799376156,2163.65075991,228.359842723,0.13
1445,2020,5080,MSST,D1 Southeastern Conference,730386688,QUIN,286878556,2020-03-08 13:00:00,4,0,0,1,1908448747,D. Dunlavey,R,CH,L,-1.51090374076,2.57212712199,9.92666030225,19.2122467944,5.93089814323,F,IP_OUT,-2.015639755,5.34139439783,81.209293051,2033.83059802,242.580304984,-0.15
1446,2020,5080,MSST,D1 Southeastern Conference,730386688,QUIN,286878556,2020-03-08 13:00:00,4,0,0,2,1908448747,D. Dunlavey,R,FA,L,-0.648134807319,1.87510654389,23.9623301194,8.72987921353,5.39551515982,SL,IP_OUT,-1.27125746251,5.88061361857,89.5541405596,2205.11966641,199.991711365,-0.15
1447,2020,5080,MSST,D1 Southeastern Conference,730386688,QUIN,286878556,2020-03-08 13:00:00,4,0,1,2,1908448747,D. Dunlavey,R,FA,L,-0.766716030948,0.197692137071,20.176249826,7.76477290912,5.55108100081,B,IP_OUT,-1.28669387134,5.79448230481,90.3404876034,2105.65808677,201.017914782,0.13
1448,2020,5080,MSST,D1 Southeastern Conference,730386688,QUIN,286878556,2020-03-08 13:00:00,4,1,1,2,1908448747,D. Dunlavey,R,CH,L,-0.701086111242,3.89685909648,10.6349504139,12.9209602537,5.95702520429,B,IP_OUT,-1.95692426535,5.44653344539,81.9181778496,1994.53816851,230.440109405,0.13
1449,2020,5080,MSST,D1 Southeastern Conference,730386688,QUIN,286878556,2020-03-08 13:00:00,4,2,1,2,1908448747,D. Dunlavey,R,FA,L,-1.586420199,1.65589239988,20.6649238121,7.88894359787,5.64719656853,B,IP_OUT,-1.33994880834,5.75812368157,88.8506930979,2169.07475509,200.863607443,0.13
1450,2020,5080,MSST,D1 Southeastern Conference,730386688,QUIN,286878556,2020-03-08 13:00:00,4,3,1,2,1908448747,D. Dunlavey,R,FA,L,-0.45670076434,1.52401999771,21.4233021585,5.92422186733,5.36198188666,SL,IP_OUT,-1.38562140077,5.83421944364,89.6386790377,2163.98801188,195.434826882,-0.15
1451,2020,5080,MSST,D1 Southeastern Conference,730386688,QUIN,286878556,2020-03-08 13:00:00,4,3,2,2,1908448747,D. Dunlavey,R,CH,L,0.873768137795,1.86155082437,6.43210652134,15.1563175439,6.01683477939,F,IP_OUT,-1.95609496532,5.2992708557,80.3225568253,1988.39551194,246.875166422,0.0
1452,2020,5080,MSST,D1 Southeastern Conference,730386688,QUIN,286878556,2020-03-08 13:00:00,5,0,0,0,1908448747,D. Dunlavey,R,FA,L,-1.13173479565,3.0598400688,21.2623264791,7.80957792685,5.4203112209,SL,K,-1.25715205489,5.91227408288,88.257516011,2125.49206071,200.137459056,-0.15
1453,2020,5080,MSST,D1 Southeastern Conference,730386688,QUIN,286878556,2020-03-08 13:00:00,5,0,1,0,1908448747,D. Dunlavey,R,FA,L,0.179938688697,1.8311086416,23.4702845301,4.82670287991,5.41319035178,F,K,-1.1020304251,5.92943743906,88.6206294775,2153.33553707,191.604222636,-0.15
1454,2020,5080,MSST,D1 Southeastern Conference,730386688,QUIN,286878556,2020-03-08 13:00:00,5,0,2,0,1908448747,D. Dunlavey,R,SL,L,0.0539608367764,2.31049042212,12.6030927715,-5.9980769046,5.17542089031,SS,K,-1.75308858945,5.61034539329,80.428119139,2337.31976483,154.622990044,-0.15
1455,2020,5080,MSST,D1 Southeastern Conference,730386688,QUIN,286878556,2020-03-08 13:00:00,5,0,0,1,1908448747,D. Dunlavey,R,CU,R,0.875663577753,1.64571952049,1.81500223174,-4.3068410277,5.26934569932,SL,IP_OUT,-1.57956036585,5.54603294902,80.0439131229,2374.46655794,113.3284598,-0.15
1456,2020,5080,MSST,D1 Southeastern Conference,730386688,QUIN,286878556,2020-03-08 13:00:00,5,0,0,2,1908448747,D. Dunlavey,R,FA,L,-1.1535721601,2.05713032659,21.0414570711,7.6997986341,5.39125264924,SL,IP_OUT,-1.23429836473,5.91883402754,89.6220338862,2182.33543111,200.070025141,-0.15
1457,2020,5080,MSST,D1 Southeastern Conference,730386688,QUIN,286878556,2020-03-08 13:00:00,5,0,1,2,1908448747,D. Dunlavey,R,FA,L,-0.128660949266,0.182001410451,19.2722169038,5.90212604522,5.37462307748,B,IP_OUT,-1.17014301774,5.82756501292,90.3069519692,2133.63103125,196.999861348,0.13
1458,2020,5080,MSST,D1 Southeastern Conference,730386688,QUIN,286878556,2020-03-08 13:00:00,6,0,0,0,1908448747,D. Dunlavey,R,SL,L,0.600093738006,1.3971350776,8.2001746893,17.5425839515,5.44658108685,SL,K,-1.77613946838,5.42195448878,80.874198618,1737.7045609,244.837444583,-0.15
1459,2020,5080,MSST,D1 Southeastern Conference,730386688,QUIN,286878556,2020-03-08 13:00:00,6,0,1,0,1908448747,D. Dunlavey,R,SL,L,-1.02409420072,1.01462680521,6.72829618402,18.2821916858,5.54013096403,B,K,-2.0322765239,5.18279554181,81.0610920035,1832.99452758,249.683515297,0.13
1460,2020,5080,MSST,D1 Southeastern Conference,730386688,QUIN,286878556,2020-03-08 13:00:00,6,1,1,0,1908448747,D. Dunlavey,R,SL,L,-1.14573813925,2.04130591438,7.27326564353,18.7217940551,5.89052357283,SL,K,-1.84397141669,5.31611777966,81.0590523321,1890.35546981,248.662929061,-0.15
1461,2020,5080,MSST,D1 Southeastern Conference,730386688,QUIN,286878556,2020-03-08 13:00:00,6,1,2,0,1908448747,D. Dunlavey,R,FA,L,-1.23963981549,2.83326075842,18.2907747298,7.25098452876,5.318988211,SL,K,-1.24247074911,5.85489072216,90.6535268573,2100.66833918,201.589754881,-0.15
1462,2020,5080,MSST,D1 Southeastern Conference,730386688,QUIN,286878556,2020-03-08 13:00:00,6,1,0,1,1908448747,D. Dunlavey,R,SL,R,0.447522575368,1.25595058178,9.31703693985,-1.30797220071,5.39767264687,SS,IP_OUT,-1.69473594324,5.56521309753,81.2587493004,2395.39584981,172.042739623,-0.15
1463,2020,5080,MSST,D1 Southeastern Conference,730386688,QUIN,286878556,2020-03-08 13:00:00,6,1,1,1,1908448747,D. Dunlavey,R,SL,R,0.787137762351,0.416015727943,7.79537138404,-4.89312548997,5.31116470033,B,IP_OUT,-1.57624919965,5.6112673356,80.7819442135,2399.65386875,148.018675683,0.13
1464,2020,5080,MSST,D1 Southeastern Conference,730386688,QUIN,286878556,2020-03-08 13:00:00,6,0,0,2,1908448747,D. Dunlavey,R,FA,L,0.893866011603,1.58604395287,20.4015270261,6.42116285355,5.32610825396,SL,K,-1.29614254857,5.88310564728,90.2832190959,2168.95624918,197.444138249,-0.15
1465,2020,5080,MSST,D1 Southeastern Conference,730386688,QUIN,286878556,2020-03-08 13:00:00,6,0,1,2,1908448747,D. Dunlavey,R,FA,L,-0.600166685619,3.13788867404,21.0147049777,9.43138434421,5.25222850287,F,K,-1.21070163382,5.83139281499,89.9524314662,2183.75434492,204.136213303,-0.15
1466,2020,5080,MSST,D1 Southeastern Conference,730386688,QUIN,286878556,2020-03-08 13:00:00,6,0,2,2,1908448747,D. Dunlavey,R,CU,L,0.0523763303478,2.84118121494,-9.50588599856,-6.70687336714,4.64954985385,SL,K,-1.37296528765,5.92383618967,76.0861278437,2382.75485311,35.3435251936,-0.15
1467,2020,5080,MSST,D1 Southeastern Conference,730386688,QUIN,286878556,2020-03-08 13:00:00,7,0,0,1,1480422007,C. Patrick,R,FA,L,0.415065936932,0.976475701277,0.4834653179,13.7663876245,5.52730198274,B,IP_OUT,-2.54061291563,4.36520138528,87.506548316,2129.034872,267.843169017,0.13
1468,2020,5080,MSST,D1 Southeastern Conference,730386688,QUIN,286878556,2020-03-08 13:00:00,7,1,0,1,1480422007,C. Patrick,R,FA,L,-0.469538172884,1.98543403286,4.74443346755,17.2641478234,5.33309073763,F,IP_OUT,-2.60755065938,4.27911537572,86.5127694146,2148.50643178,254.522759097,-0.15
1469,2020,5080,MSST,D1 Southeastern Conference,730386688,QUIN,286878556,2020-03-08 13:00:00,7,1,1,1,1480422007,C. Patrick,R,CH,L,-2.15757888398,1.54014768248,-6.96542239511,18.0321152065,5.5024330643,B,IP_OUT,-2.5945378412,4.12800248563,80.1954914226,1784.63092565,291.006139572,0.13
1470,2020,5080,MSST,D1 Southeastern Conference,730386688,QUIN,286878556,2020-03-08 13:00:00,7,2,1,1,1480422007,C. Patrick,R,CH,L,-0.733540698035,1.22017391024,-7.12294999756,15.2456326753,5.64896062197,SS,IP_OUT,-2.65215578095,4.2057143849,80.6553533277,1967.75059978,294.916323492,-0.15
1471,2020,5080,MSST,D1 Southeastern Conference,730386688,QUIN,286878556,2020-03-08 13:00:00,7,0,0,2,1480422007,C. Patrick,R,FA,L,1.15214319148,2.33346317994,1.74386051258,10.9261858888,5.57328863276,B,S,-2.57502163879,4.13649137801,86.7201599576,2106.81405077,260.750089165,0.13
1472,2020,5080,MSST,D1 Southeastern Conference,730386688,QUIN,286878556,2020-03-08 13:00:00,7,1,0,2,1480422007,C. Patrick,R,FA,L,-1.82259838753,1.4482828172,-2.39710343928,12.6524145116,5.61716519111,B,S,-2.67113220056,4.11945472151,85.7346507275,2101.83337994,280.569218229,0.13
1473,2020,5080,MSST,D1 Southeastern Conference,730386688,QUIN,286878556,2020-03-08 13:00:00,7,2,0,2,1480422007,C. Patrick,R,FA,L,0.989185935821,2.91552897348,6.15848008056,7.05575036005,5.51890153518,IP,S,-2.46807909516,4.32198199095,87.2222473837,1956.31977239,228.720814105,1.0
1474,2020,5080,MSST,D1 Southeastern Conference,730386688,QUIN,286878556,2020-03-08 13:00:00,7,0,0,2,1480422007,C. Patrick,R,CH,L,-1.80808754261,1.34878056599,-9.06251832846,11.6256512486,5.52491785375,B,BB,-2.42264077973,4.27490367055,78.5918075085,1763.55837895,307.806806492,0.13
1475,2020,5080,MSST,D1 Southeastern Conference,730386688,QUIN,286878556,2020-03-08 13:00:00,7,1,0,2,1480422007,C. Patrick,R,FA,L,-1.83906792901,1.98900587131,3.73262914056,17.4554171301,5.08088782027,B,BB,-2.34894841203,4.38048986522,86.8404395193,2017.42114312,257.81675858,0.13
1476,2020,5080,MSST,D1 Southeastern Conference,730386688,QUIN,286878556,2020-03-08 13:00:00,7,2,0,2,1480422007,C. Patrick,R,FA,L,0.389916262676,0.511512383233,0.999456689174,15.736666252,5.29494676335,B,BB,-2.30333145664,4.27102655147,87.6484758274,2025.43839345,266.238759657,0.13
1477,2020,5080,MSST,D1 Southeastern Conference,730386688,QUIN,286878556,2020-03-08 13:00:00,7,3,0,2,1480422007,C. Patrick,R,FA,L,1.12112050592,1.42474992971,2.04194333076,15.6671489702,5.53171152998,B,BB,-2.37581047742,4.36156174291,86.7109421343,2035.01647954,262.446889147,0.8
1478,2020,5080,MSST,D1 Southeastern Conference,730386688,QUIN,286878556,2020-03-08 13:00:00,7,0,0,2,1480422007,C. Patrick,R,CH,R,-0.986011393372,1.37972444759,-4.74351282054,12.8697342918,5.77363072798,F,S,-2.55276195124,4.19143628493,80.5421505791,1928.26093572,290.075548179,-0.15
1479,2020,5080,MSST,D1 Southeastern Conference,730386688,QUIN,286878556,2020-03-08 13:00:00,7,0,1,2,1480422007,C. Patrick,R,FA,R,0.169301163147,1.84775332595,4.44207059576,17.3377311469,5.55842120652,IP,S,-2.55724358907,4.27461629639,87.4444383346,2153.71906516,255.520305574,1.0
1480,2020,5080,MSST,D1 Southeastern Conference,730386688,QUIN,286878556,2020-03-08 13:00:00,8,0,0,0,1005677515,J. Forrester,R,FA,L,0.102913926887,3.02669718857,14.3940928129,11.2808473807,5.69949209565,SL,K,-0.951326238693,5.77511684215,87.9152509561,1858.19033062,218.020329682,-0.15
1481,2020,5080,MSST,D1 Southeastern Conference,730386688,QUIN,286878556,2020-03-08 13:00:00,8,0,1,0,1005677515,J. Forrester,R,FA,L,-0.626948371541,3.74324929374,17.1650044021,6.49537217112,5.60450982107,B,K,-0.693005287354,5.77331073318,90.1154316774,2035.86834589,200.691157792,0.13
1482,2020,5080,MSST,D1 Southeastern Conference,730386688,QUIN,286878556,2020-03-08 13:00:00,8,1,1,0,1005677515,J. Forrester,R,FA,L,0.713051317155,0.869243220494,13.4872872105,10.5898212911,5.63647271433,F,K,-0.847156279465,5.72240501376,89.5393291145,1831.94545332,218.070269709,-0.15
1483,2020,5080,MSST,D1 Southeastern Conference,730386688,QUIN,286878556,2020-03-08 13:00:00,8,1,2,0,1005677515,J. Forrester,R,SL,L,-0.646015900282,-0.114047271368,-0.959127744322,-4.99504226423,5.03091101824,SS,K,-1.53169098232,5.67596794,77.4280026161,2196.80398266,79.6411400275,-0.15
1484,2020,5080,MSST,D1 Southeastern Conference,730386688,QUIN,286878556,2020-03-08 13:00:00,8,0,0,1,1005677515,J. Forrester,R,SL,R,-0.222487658202,0.501846957179,6.2613463155,-3.00742266645,5.06577987691,B,IP_OUT,-1.47185495019,5.69387222976,78.2407923712,2243.64465467,154.500788647,0.13
1485,2020,5080,MSST,D1 Southeastern Conference,730386688,QUIN,286878556,2020-03-08 13:00:00,8,1,0,1,1005677515,J. Forrester,R,FA,R,-0.0244475671677,3.57258802196,15.9107594055,11.9327570811,5.68412110361,B,IP_OUT,-0.901980811388,5.82280625619,88.7958856775,2003.6543815,216.811487016,0.13
1486,2020,5080,MSST,D1 Southeastern Conference,730386688,QUIN,286878556,2020-03-08 13:00:00,8,2,0,1,1005677515,J. Forrester,R,FA,R,0.459905369498,1.78589056206,15.2728464562,13.5773380809,5.53978806357,SL,IP_OUT,-0.886970049848,5.79763391169,88.5402300146,2052.73526927,221.573304394,-0.15
1487,2020,5080,MSST,D1 Southeastern Conference,730386688,QUIN,286878556,2020-03-08 13:00:00,8,2,1,1,1005677515,J. Forrester,R,FA,R,0.935225691864,3.50097888301,15.2559059871,11.2371910398,5.74749380406,B,IP_OUT,-0.836667187911,5.7382962237,88.7812581351,2059.75715047,216.314643535,0.13
1488,2020,5080,MSST,D1 Southeastern Conference,730386688,QUIN,286878556,2020-03-08 13:00:00,9,0,0,0,1165109071,S. Price,R,SL,R,1.04668342001,1.46617020802,-1.09416789226,-4.19650530571,5.69151272473,SL,IP_OUT,-2.28673727034,5.74291730193,81.3649344486,2472.87578477,75.9047079622,-0.15
1489,2020,5080,MSST,D1 Southeastern Conference,730386688,QUIN,286878556,2020-03-08 13:00:00,9,0,1,0,1165109071,S. Price,R,SL,R,0.638239327484,1.15202299959,-0.775123888236,-3.27585052926,5.66086510149,B,IP_OUT,-2.16643463453,5.65962260839,81.9263932768,2439.09346302,77.34076158,0.13
1490,2020,5080,MSST,D1 Southeastern Conference,730386688,QUIN,286878556,2020-03-08 13:00:00,9,1,2,0,1165109071,S. Price,R,FA,R,2.28012415217,2.16541032046,18.6091939539,3.25914092949,5.81758560644,B,IP_OUT,-1.65538812493,6.11176045815,89.5784261557,2504.7970397,189.916702884,0.13
1491,2020,5080,MSST,D1 Southeastern Conference,730386688,QUIN,286878556,2020-03-08 13:00:00,9,2,2,0,1165109071,S. Price,R,SL,R,1.23303884602,1.16319654038,-1.87729651417,-5.08937966473,5.8050331437,B,IP_OUT,-1.91570490047,5.64440397159,80.8760920554,2408.21091573,70.1503403754,0.13
1492,2020,5080,MSST,D1 Southeastern Conference,730386688,QUIN,286878556,2020-03-08 13:00:00,9,0,0,1,1165109071,S. Price,R,FA,L,-0.887388309428,3.51649639042,13.3730483477,13.4684840042,6.11971936666,SS,K,-2.02272455541,5.79401657449,88.5541230383,2446.68351583,225.132908207,-0.15
1493,2020,5080,MSST,D1 Southeastern Conference,730386688,QUIN,286878556,2020-03-08 13:00:00,9,0,1,1,1165109071,S. Price,R,FA,L,-0.515743856888,1.58034255205,10.6950558298,13.3913701296,6.0867604263,F,K,-1.83631930089,5.69323220951,88.5782598466,2292.75860004,231.300801463,-0.15
1494,2020,5080,MSST,D1 Southeastern Conference,730386688,QUIN,286878556,2020-03-08 13:00:00,9,0,2,1,1165109071,S. Price,R,SL,L,1.32179087969,0.712504074145,2.0386039437,-1.02012863532,5.81072451663,B,K,-2.05246051212,5.66614044239,81.5467888791,2530.29599725,153.851056389,0.13
1495,2020,5080,MSST,D1 Southeastern Conference,730386688,QUIN,286878556,2020-03-08 13:00:00,9,0,0,2,1165109071,S. Price,R,FA,L,-0.420385956781,2.52620411736,16.1263209476,12.63466226,6.2166969572,F,IP_OUT,-2.19006370348,5.59998733959,88.349138914,2420.36308932,218.020863796,-0.15
1496,2020,5080,MSST,D1 Southeastern Conference,730386688,QUIN,286878556,2020-03-08 13:00:00,9,0,1,2,1165109071,S. Price,R,SL,L,-1.03136723118,0.744927910881,9.01201679563,14.3223223014,6.21610959435,B,IP_OUT,-2.10092914598,5.48954080731,80.5345723641,1867.20057796,237.70516753,0.13
1497,2020,5080,MSST,D1 Southeastern Conference,730386688,QUIN,138714945,2020-03-07 13:00:00,1,0,0,1,1664906254,W. Bednar,R,FA,R,2.02556656368,3.15730017373,15.3353042152,11.1684572878,6.19543175037,B,BB,-1.33826795482,5.35882324055,93.325313505,2205.4851928,216.012218689,0.13
1498,2020,5080,MSST,D1 Southeastern Conference,730386688,QUIN,138714945,2020-03-07 13:00:00,1,1,0,1,1664906254,W. Bednar,R,FA,R,0.458197816446,2.52746234385,14.8080210842,14.1141737169,6.0351588398,SL,BB,-1.42137149098,5.32334876773,93.3970880895,2257.42228495,223.567790063,-0.15
1499,2020,5080,MSST,D1 Southeastern Conference,730386688,QUIN,138714945,2020-03-07 13:00:00,1,1,1,1,1664906254,W. Bednar,R,FA,R,1.04682099565,2.52821901812,15.0529368609,14.1405489562,6.10688664796,F,BB,-1.30206023289,5.34671312416,93.012058354,2346.56202612,223.152368555,-0.15
1500,2020,5080,MSST,D1 Southeastern Conference,730386688,QUIN,138714945,2020-03-07 13:00:00,1,1,2,1,1664906254,W. Bednar,R,FA,R,2.21678910851,1.89739807786,16.0060499391,11.3689446204,6.24338688252,B,BB,-1.1663790821,5.37650706936,95.2138398441,2382.06613461,215.337459238,0.13
1501,2020,5080,MSST,D1 Southeastern Conference,730386688,QUIN,138714945,2020-03-07 13:00:00,1,2,2,1,1664906254,W. Bednar,R,FA,R,1.93451104106,2.01952133132,14.8081560783,15.2926396017,6.05399537243,B,BB,-1.32645956969,5.47972488178,94.5383224318,2318.99274427,225.865416504,0.13
1502,2020,5080,MSST,D1 Southeastern Conference,730386688,QUIN,138714945,2020-03-07 13:00:00,1,3,2,1,1664906254,W. Bednar,R,FA,R,1.68216243817,1.44307049889,17.7431453547,11.021203862,6.12773407363,B,BB,-1.23732992788,5.54242324661,94.6991592174,2348.16633819,211.804425006,0.8
1503,2020,5080,MSST,D1 Southeastern Conference,730386688,QUIN,138714945,2020-03-07 13:00:00,1,0,0,1,1664906254,W. Bednar,R,FA,L,0.62238979056,1.69808440393,17.119169094,15.2376364211,5.98042782733,SS,K,-1.30221375895,5.67865737225,91.8208595109,2190.43190054,221.620266107,-0.15
1504,2020,5080,MSST,D1 Southeastern Conference,730386688,QUIN,138714945,2020-03-07 13:00:00,1,0,1,1,1664906254,W. Bednar,R,FA,L,-0.184435903781,1.9958143224,19.8802315804,12.2701500051,6.02988682546,SS,K,-1.28784357567,5.62211533548,91.5672996489,2247.11166201,211.642714421,-0.15
1505,2020,5080,MSST,D1 Southeastern Conference,730386688,QUIN,138714945,2020-03-07 13:00:00,1,0,2,1,1664906254,W. Bednar,R,FA,L,0.0703137564343,2.75146168152,16.5999601419,13.5617511549,6.07730062916,F,K,-1.182636187,5.47206152909,93.4401297625,2190.79924519,219.197412878,0.0
1506,2020,5080,MSST,D1 Southeastern Conference,730386688,QUIN,138714945,2020-03-07 13:00:00,1,0,2,1,1664906254,W. Bednar,R,CU,L,-2.60618507071,3.81434750339,-12.5249672712,-16.3120235191,6.04084647656,B,K,-1.51336822345,5.26805841338,71.7082220659,2270.75307253,52.5949932832,0.13
1507,2020,5080,MSST,D1 Southeastern Conference,730386688,QUIN,138714945,2020-03-07 13:00:00,1,1,2,1,1664906254,W. Bednar,R,FA,L,-0.687141933351,2.55556168736,17.9186765003,12.00958127,6.09124391192,F,K,-1.22894948715,5.5145876484,93.3765567765,2208.08547175,213.786997946,0.0
1508,2020,5080,MSST,D1 Southeastern Conference,730386688,QUIN,138714945,2020-03-07 13:00:00,1,1,2,1,1664906254,W. Bednar,R,FA,L,-1.07811261084,1.9445077227,15.2859603898,15.525457232,6.064524387,SS,K,-1.33431683149,5.64860624076,93.5791090369,2113.26287354,225.390008182,-0.15
1509,2020,5080,MSST,D1 Southeastern Conference,730386688,QUIN,138714945,2020-03-07 13:00:00,1,0,1,2,1664906254,W. Bednar,R,SL,R,0.0526345744407,0.782475931183,3.89738993772,-10.7162520305,5.83963446607,SS,K,-1.66075260888,5.25453018825,81.7944601722,2645.70139045,110.170114273,-0.15
1510,2020,5080,MSST,D1 Southeastern Conference,730386688,QUIN,138714945,2020-03-07 13:00:00,1,0,2,2,1664906254,W. Bednar,R,FA,R,1.32083566948,2.72580203654,16.3744194811,12.4360683241,6.04519790261,SL,K,-1.23324597082,5.59811636253,96.0816791189,2352.9129869,217.168308827,-0.15
1511,2020,5080,MSST,D1 Southeastern Conference,730386688,QUIN,138714945,2020-03-07 13:00:00,2,0,0,0,1664906254,W. Bednar,R,FA,R,0.338156309899,2.05980473444,15.9927851621,13.3469302131,5.98360461742,F,K,-1.18118496325,5.71035894652,92.1520296614,2314.76596033,219.79265451,-0.15
1512,2020,5080,MSST,D1 Southeastern Conference,730386688,QUIN,138714945,2020-03-07 13:00:00,2,0,1,0,1664906254,W. Bednar,R,SL,R,1.20161687216,2.20068086672,3.74242868897,-10.3953839061,5.73099316548,SL,K,-1.48003046581,5.35966296143,79.5640201173,2687.78691776,110.003385298,-0.15
1513,2020,5080,MSST,D1 Southeastern Conference,730386688,QUIN,138714945,2020-03-07 13:00:00,2,0,2,0,1664906254,W. Bednar,R,SL,R,1.52358494903,0.761438944709,4.6013330195,-10.33014243,5.87551232964,SS,K,-1.29637031805,5.3846071204,82.6892178711,2549.75341164,114.188804661,-0.15
1514,2020,5080,MSST,D1 Southeastern Conference,730386688,QUIN,138714945,2020-03-07 13:00:00,2,0,0,1,1664906254,W. Bednar,R,FA,L,-0.980777050231,2.44051710393,14.8955918335,12.7616229429,6.06594971634,F,IP_OUT,-1.34348296674,5.6748279829,94.0368841182,2255.65957695,220.531752272,-0.15
1515,2020,5080,MSST,D1 Southeastern Conference,730386688,QUIN,138714945,2020-03-07 13:00:00,2,0,1,1,1664906254,W. Bednar,R,FA,L,1.51797079508,1.41445089716,13.660376892,14.0951256387,6.26892958764,B,IP_OUT,-1.19327379217,5.41372179036,92.5153381142,2255.29117017,225.833590428,0.13
1516,2020,5080,MSST,D1 Southeastern Conference,730386688,QUIN,138714945,2020-03-07 13:00:00,2,1,1,1,1664906254,W. Bednar,R,FA,L,0.639666502198,1.78625589606,16.6519775247,13.3387780516,6.0634470021,SL,IP_OUT,-1.32509932753,5.5400906391,93.419054533,2391.80124196,218.645501948,-0.15
1517,2020,5080,MSST,D1 Southeastern Conference,730386688,QUIN,138714945,2020-03-07 13:00:00,2,1,2,1,1664906254,W. Bednar,R,FA,L,0.212719366224,3.21880885909,17.6918796413,12.8936914267,5.97377763764,F,IP_OUT,-1.14168057543,5.62099651799,95.8792236483,2300.76760876,216.04026562,0.0
1518,2020,5080,MSST,D1 Southeastern Conference,730386688,QUIN,138714945,2020-03-07 13:00:00,2,0,0,2,1664906254,W. Bednar,R,CH,L,-0.747001765531,3.6772828097,13.3921124461,12.9200409701,6.26835283619,B,K,-1.34411531896,5.47305495843,83.7989512299,1974.29784527,223.892985912,0.13
1519,2020,5080,MSST,D1 Southeastern Conference,730386688,QUIN,138714945,2020-03-07 13:00:00,2,1,0,2,1664906254,W. Bednar,R,FA,L,-0.542094436087,3.43900839548,18.5607953263,11.0506841331,6.12777202575,B,K,-1.21392308006,5.59041245605,92.636480799,2134.77896635,210.727363449,0.13
1520,2020,5080,MSST,D1 Southeastern Conference,730386688,QUIN,138714945,2020-03-07 13:00:00,2,2,0,2,1664906254,W. Bednar,R,FA,L,0.0711453886877,3.13961294623,17.5814006921,9.76657684734,6.17892614583,SS,K,-1.09876238911,5.59148054532,92.7107657235,2176.29547609,209.010619576,-0.15
1521,2020,5080,MSST,D1 Southeastern Conference,730386688,QUIN,138714945,2020-03-07 13:00:00,2,2,1,2,1664906254,W. Bednar,R,FA,L,0.239386793443,3.96438879503,16.5243470343,12.9371265814,6.06522850232,B,K,-1.11483223786,5.66702755888,93.692465596,2122.81282828,218.007810975,0.13
1522,2020,5080,MSST,D1 Southeastern Conference,730386688,QUIN,138714945,2020-03-07 13:00:00,2,3,1,2,1664906254,W. Bednar,R,FA,L,0.27671969625,2.14208613942,12.6372986894,14.5818128368,6.23460063513,SS,K,-1.12654405911,5.5496533287,92.7329666743,2174.1012038,229.018448305,-0.15
1523,2020,5080,MSST,D1 Southeastern Conference,730386688,QUIN,138714945,2020-03-07 13:00:00,2,3,2,2,1664906254,W. Bednar,R,FA,L,-0.26747652591,1.81415658705,13.1160605654,13.9992822882,6.08159724587,SS,K,-1.02271225728,5.6701186163,93.5006665542,2142.4834452,226.800690953,-0.15
1524,2020,5080,MSST,D1 Southeastern Conference,730386688,QUIN,138714945,2020-03-07 13:00:00,3,0,0,0,1664906254,W. Bednar,R,FA,L,0.991099800748,1.64557385417,19.234308427,12.8741066774,5.99285834374,B,IP_OUT,-1.08519243774,5.79483323397,91.3124391196,2154.35564476,213.752306808,0.13
1525,2020,5080,MSST,D1 Southeastern Conference,730386688,QUIN,138714945,2020-03-07 13:00:00,3,1,0,0,1664906254,W. Bednar,R,FA,L,0.250500800489,1.21038816494,17.1354985689,12.7644610282,6.18012854834,B,IP_OUT,-1.23028395265,5.57372284102,91.7696595119,2259.60968457,216.633549793,0.13
1526,2020,5080,MSST,D1 Southeastern Conference,730386688,QUIN,138714945,2020-03-07 13:00:00,3,2,0,0,1664906254,W. Bednar,R,FA,L,0.8378223469,2.34513742911,18.4622090557,10.6624929491,6.06004204892,SL,IP_OUT,-1.18343872132,5.65682766652,91.8761132805,2289.52113094,209.96625281,-0.15
1527,2020,5080,MSST,D1 Southeastern Conference,730386688,QUIN,138714945,2020-03-07 13:00:00,3,2,1,0,1664906254,W. Bednar,R,FA,L,-0.469718613726,2.00297111078,13.7174205366,13.7801525376,5.9315899382,F,IP_OUT,-1.14713429996,5.75877603857,92.9043222851,2233.12941668,225.067062955,-0.15
1528,2020,5080,MSST,D1 Southeastern Conference,730386688,QUIN,138714945,2020-03-07 13:00:00,3,0,0,1,1664906254,W. Bednar,R,FA,L,1.05465738371,1.75754737037,16.1621051485,11.4204269636,6.10161677805,SL,K,-1.04365326475,5.61355562311,91.3055379991,2194.60903548,215.193379313,-0.15
1529,2020,5080,MSST,D1 Southeastern Conference,730386688,QUIN,138714945,2020-03-07 13:00:00,3,0,1,1,1664906254,W. Bednar,R,FA,L,0.0764835671298,3.24771052994,16.1535362433,14.3038389453,6.08964200033,SS,K,-1.32184690237,5.73698231751,92.7837650746,2282.64068432,221.470962597,-0.15
1530,2020,5080,MSST,D1 Southeastern Conference,730386688,QUIN,138714945,2020-03-07 13:00:00,3,0,2,1,1664906254,W. Bednar,R,FA,L,-0.485381059189,3.14190247011,15.4427161708,10.8361512324,6.04576701545,F,K,-1.05741810336,5.60468002408,93.9840386012,2255.98042006,215.005264604,0.0
1531,2020,5080,MSST,D1 Southeastern Conference,730386688,QUIN,138714945,2020-03-07 13:00:00,3,0,2,1,1664906254,W. Bednar,R,FA,L,0.781216072042,1.73322985654,17.0714334667,15.7863929161,6.1191879469,SS,K,-1.06885293928,5.77810197015,92.0817462452,2199.65914265,222.708354893,-0.15
1532,2020,5080,MSST,D1 Southeastern Conference,730386688,QUIN,138714945,2020-03-07 13:00:00,3,0,0,2,1664906254,W. Bednar,R,FA,L,0.350082990579,0.977337247252,17.2121357367,13.6003989393,6.28223604271,B,K,-1.12067866669,5.74990918347,92.9876144777,2172.27987852,218.26576592,0.13
1533,2020,5080,MSST,D1 Southeastern Conference,730386688,QUIN,138714945,2020-03-07 13:00:00,3,1,0,2,1664906254,W. Bednar,R,CH,L,0.286016621228,3.0473502275,13.9742390606,15.7258845155,6.18518406946,F,K,-1.25309588977,5.41201066915,82.401898283,2062.07748985,228.297171524,-0.15
1534,2020,5080,MSST,D1 Southeastern Conference,730386688,QUIN,138714945,2020-03-07 13:00:00,3,1,1,2,1664906254,W. Bednar,R,FA,L,-0.748962614733,1.76125094028,17.4929123996,12.4775273971,5.91616394332,SL,K,-1.22585193182,5.67410745323,93.2400284145,2267.5942021,215.453232478,-0.15
1535,2020,5080,MSST,D1 Southeastern Conference,730386688,QUIN,138714945,2020-03-07 13:00:00,3,1,2,2,1664906254,W. Bednar,R,SL,L,0.973152790193,1.03578324248,5.42070600277,-11.2949733877,5.97834841953,SS,K,-1.27016980306,5.33747438988,82.4789573799,2703.27850613,115.794672416,-0.15
1536,2020,5080,MSST,D1 Southeastern Conference,730386688,QUIN,138714945,2020-03-07 13:00:00,4,0,0,0,1664906254,W. Bednar,R,FA,R,0.575679974426,1.98080407868,13.9349522374,15.3928385485,6.20197808061,F,K,-1.39990737877,5.56742455409,90.7937442875,2120.79112589,227.781833769,-0.15
1537,2020,5080,MSST,D1 Southeastern Conference,730386688,QUIN,138714945,2020-03-07 13:00:00,4,0,1,0,1664906254,W. Bednar,R,SL,R,0.663025969635,2.30299111172,10.2267782586,-5.32105396876,5.87926513742,F,K,-1.4746765478,5.27723528719,80.2493280631,2548.51135239,152.605130133,-0.15
1538,2020,5080,MSST,D1 Southeastern Conference,730386688,QUIN,138714945,2020-03-07 13:00:00,4,0,2,0,1664906254,W. Bednar,R,SL,R,-0.780996410719,2.41261433912,6.24085229241,-6.21651860983,6.07934701248,SL,K,-1.56184434826,5.29477694822,83.0112526007,2623.38712317,135.283108938,-0.15
1539,2020,5080,MSST,D1 Southeastern Conference,730386688,QUIN,138714945,2020-03-07 13:00:00,4,0,0,1,1664906254,W. Bednar,R,FA,L,1.01161558348,2.30024180521,16.1259079708,11.863557392,6.23493224307,B,IP_OUT,-1.21130605347,5.66391262504,93.2724993726,2185.51671393,216.290938952,0.13
1540,2020,5080,MSST,D1 Southeastern Conference,730386688,QUIN,138714945,2020-03-07 13:00:00,4,0,0,2,1664906254,W. Bednar,R,FA,R,0.274112895141,1.83577792289,15.0700166826,12.8233282613,6.1529554019,F,IP_OUT,-1.32604698683,5.57055875886,94.125607038,2286.19821108,220.340281983,-0.15
1541,2020,5080,MSST,D1 Southeastern Conference,730386688,QUIN,138714945,2020-03-07 13:00:00,5,0,1,0,1664906254,W. Bednar,R,SL,R,1.014004541,1.94750956274,1.11628806796,-14.1025354021,5.70863362555,SL,K,-1.33331835506,5.48658366045,79.8265963052,2539.01941127,94.6927138297,-0.15
1542,2020,5080,MSST,D1 Southeastern Conference,730386688,QUIN,138714945,2020-03-07 13:00:00,5,0,2,0,1664906254,W. Bednar,R,FA,R,2.71340426734,2.22859009912,16.5675303076,10.1321981482,6.14611481534,B,K,-1.15787642481,5.54789562836,93.5767374038,2384.99201121,211.403026509,0.13
1543,2020,5080,MSST,D1 Southeastern Conference,730386688,QUIN,138714945,2020-03-07 13:00:00,5,1,2,0,1664906254,W. Bednar,R,FA,R,0.346593698506,2.24274731285,13.3020542867,11.3750518268,6.09568234725,F,K,-1.35681904566,5.43390873857,92.3577761072,2316.25323693,220.470517422,0.0
1544,2020,5080,MSST,D1 Southeastern Conference,730386688,QUIN,138714945,2020-03-07 13:00:00,5,1,2,0,1664906254,W. Bednar,R,FA,R,1.36119952224,3.01632828917,15.7674264432,10.2297230029,6.21768499742,SS,K,-1.31252267511,5.56084118823,93.4176594529,2218.20435632,212.925962805,-0.15
1545,2020,5080,MSST,D1 Southeastern Conference,730386688,QUIN,138714945,2020-03-07 13:00:00,5,0,0,1,1664906254,W. Bednar,R,FA,L,0.469814022609,2.55985010065,14.6461053264,16.0313634875,6.23380344845,SS,D,-1.28953096109,5.53911084081,91.1536112687,2223.82821107,227.524663748,-0.15
1546,2020,5080,MSST,D1 Southeastern Conference,730386688,QUIN,138714945,2020-03-07 13:00:00,5,0,1,1,1664906254,W. Bednar,R,CH,L,-0.314806795,2.94016388488,10.8473260284,13.364700443,6.30687090364,IP,D,-1.48930739385,5.23600103346,83.245310161,1992.42616155,230.840072135,1.26
1547,2020,5080,MSST,D1 Southeastern Conference,730386688,QUIN,138714945,2020-03-07 13:00:00,5,0,0,1,1664906254,W. Bednar,R,FA,L,1.03580993792,3.14582977089,13.6077633925,12.7443423485,6.08357071146,B,IP_OUT,-1.2410285712,5.68851067232,92.2961251465,2179.08068989,223.059570742,0.13
1548,2020,5080,MSST,D1 Southeastern Conference,730386688,QUIN,138714945,2020-03-07 13:00:00,5,0,0,2,1664906254,W. Bednar,R,SL,L,-1.93046535481,2.95921247649,3.96058388048,-6.60445005339,5.92230982173,B,BB,-1.71569888483,5.43845827324,78.9682545506,2483.98020632,121.217001895,0.13
1549,2020,5080,MSST,D1 Southeastern Conference,730386688,QUIN,138714945,2020-03-07 13:00:00,5,1,0,2,1664906254,W. Bednar,R,FA,L,0.191733514345,3.36016163781,16.1164667707,13.1264743635,6.17622379493,B,BB,-1.21167111166,5.78694427451,91.9436306398,2242.37432891,219.108830062,0.13
1550,2020,5080,MSST,D1 Southeastern Conference,730386688,QUIN,138714945,2020-03-07 13:00:00,5,2,0,2,1664906254,W. Bednar,R,FA,L,-1.57039256274,2.54959989708,14.5228915596,14.8156468773,6.03025387808,B,BB,-1.30879726901,5.52718243755,91.7538130113,2179.41663175,225.510962066,0.13
1551,2020,5080,MSST,D1 Southeastern Conference,730386688,QUIN,138714945,2020-03-07 13:00:00,5,3,0,2,1664906254,W. Bednar,R,FA,L,-0.0802132962392,1.98902715498,16.5675018607,11.5764670813,6.19150298671,SL,BB,-1.06472768118,5.76138484691,92.1758329632,2186.467273,214.894230199,-0.15
1552,2020,5080,MSST,D1 Southeastern Conference,730386688,QUIN,138714945,2020-03-07 13:00:00,5,3,1,2,1664906254,W. Bednar,R,FA,L,1.25070955117,1.94992536467,16.2419295187,11.8960838,6.25604301856,B,BB,-1.00886840263,5.73013889603,91.1574646316,2224.07486094,216.167911017,0.8
1553,2020,5080,MSST,D1 Southeastern Conference,730386688,QUIN,138714945,2020-03-07 13:00:00,5,0,0,2,1664906254,W. Bednar,R,FA,L,1.14520928117,2.27556890554,16.1394749397,12.8477906474,6.27820215945,SL,IP_OUT,-1.22456953831,5.60731743961,91.3104880505,2133.09065558,218.467721497,-0.15
1554,2020,5080,MSST,D1 Southeastern Conference,730386688,QUIN,138714945,2020-03-07 13:00:00,5,0,1,2,1664906254,W. Bednar,R,FA,L,0.0327654554958,1.42547989459,18.6911918654,11.92017829,6.35409690075,F,IP_OUT,-1.11022541844,5.57900295004,92.4493199537,2156.26551567,212.485438814,-0.15
1555,2020,5080,MSST,D1 Southeastern Conference,730386688,QUIN,138714945,2020-03-07 13:00:00,6,0,0,0,1664906254,W. Bednar,R,FA,L,-0.863831466184,1.47973063281,15.6682149164,14.827177076,5.94014465821,B,IP_OUT,-1.19668190955,5.65624974031,89.6626206831,2210.15861965,223.360710381,0.13
1556,2020,5080,MSST,D1 Southeastern Conference,730386688,QUIN,138714945,2020-03-07 13:00:00,6,1,0,0,1664906254,W. Bednar,R,FA,L,1.23149861832,1.63046759088,16.4718926392,12.3575691369,6.2117362455,F,IP_OUT,-1.11752872189,5.68701582353,89.9269235732,2257.31621712,216.82411838,-0.15
1557,2020,5080,MSST,D1 Southeastern Conference,730386688,QUIN,138714945,2020-03-07 13:00:00,6,1,1,0,1664906254,W. Bednar,R,FA,L,-0.669671958688,1.70375168517,15.4947222563,12.0532545717,6.0658998385,SL,IP_OUT,-1.17198250094,5.61033402549,91.1928639514,2182.81657123,217.823095296,-0.15
1558,2020,5080,MSST,D1 Southeastern Conference,730386688,QUIN,138714945,2020-03-07 13:00:00,6,1,0,1,1664906254,W. Bednar,R,FA,R,0.353523841983,2.48722185549,15.8905910654,13.7772186844,6.32702155767,IP,D,-1.35184602871,5.49468741894,91.292190616,2302.47936304,220.870221323,1.26
1559,2020,5080,MSST,D1 Southeastern Conference,730386688,QUIN,138714945,2020-03-07 13:00:00,6,0,0,1,1838584994,J. Shemper,L,SL,L,-0.771615677555,2.91584327897,0.318130580481,3.93480517411,5.60384242153,SL,S,2.43694957026,5.44820392142,72.7797869795,2331.21351239,264.654210579,-0.15
1560,2020,5080,MSST,D1 Southeastern Conference,730386688,QUIN,138714945,2020-03-07 13:00:00,6,0,1,1,1838584994,J. Shemper,L,FA,L,-1.59095080729,1.71156350078,18.9851079949,-10.710641984,5.67102727109,B,S,1.95475185266,5.94884314395,87.8698132832,2306.58458503,150.614557971,0.13
1561,2020,5080,MSST,D1 Southeastern Conference,730386688,QUIN,138714945,2020-03-07 13:00:00,6,1,1,1,1838584994,J. Shemper,L,FA,L,-0.604074457071,0.925810053434,17.1785167259,-11.4413398362,5.69977175199,B,S,1.9939112057,5.87402496212,87.3672333031,2282.65322009,146.388877348,0.13
1562,2020,5080,MSST,D1 Southeastern Conference,730386688,QUIN,138714945,2020-03-07 13:00:00,6,2,1,1,1838584994,J. Shemper,L,CU,L,-1.59946645976,0.198454213933,-8.42424657781,6.17893975275,5.49607321414,B,S,2.18347564273,5.46636960148,74.9655025484,2450.01271489,323.586894969,0.13
1563,2020,5080,MSST,D1 Southeastern Conference,730386688,QUIN,138714945,2020-03-07 13:00:00,6,3,1,1,1838584994,J. Shemper,L,FA,L,-0.317473088832,2.15117139651,9.97947024355,-11.8598470742,5.59757999633,IP,S,2.01920411296,5.81955778373,87.2244442371,2251.40181175,130.177129271,1.0
1564,2020,5080,MSST,D1 Southeastern Conference,730386688,QUIN,138714945,2020-03-07 13:00:00,6,0,2,1,1602784094,R. Self,R,FA,R,2.27228791581,3.50773076068,10.0346029872,-3.81116309347,5.29850447785,B,SF,-0.447324817531,6.5111640527,88.2915328256,2173.92800171,159.26780644,0.13
1565,2020,5080,MSST,D1 Southeastern Conference,730386688,QUIN,138714945,2020-03-07 13:00:00,6,1,2,1,1602784094,R. Self,R,SL,R,1.31339662789,-0.712408766821,4.96774142701,-11.387489494,5.26386388251,B,SF,-1.19496300012,5.86600145439,79.2044079725,2384.19627412,113.751804967,0.13
1566,2020,5080,MSST,D1 Southeastern Conference,730386688,QUIN,138714945,2020-03-07 13:00:00,6,2,2,1,1602784094,R. Self,R,SL,R,2.01480108134,2.39600609995,5.11244106259,1.27993872078,5.24832517795,B,SF,-0.649007443216,6.37237359267,86.727837188,2276.23466852,193.961771888,0.13
1567,2020,5080,MSST,D1 Southeastern Conference,730386688,QUIN,138714945,2020-03-07 13:00:00,6,0,0,2,1602784094,R. Self,R,SL,R,0.347297750708,0.838678778846,-0.116818691902,-6.175640109,5.16078936837,B,ROE,-1.13875322431,6.02459016437,82.0621028882,2425.7062661,89.2844409507,0.13
1568,2020,5080,MSST,D1 Southeastern Conference,730386688,QUIN,138714945,2020-03-07 13:00:00,6,1,0,2,1602784094,R. Self,R,FA,R,0.607209039379,2.36757872318,9.40660267561,-1.12482634584,5.33661645271,IP,ROE,-0.680022446488,6.38924307198,87.5872819124,2288.41111417,173.205809615,0.0
1569,2020,5080,MSST,D1 Southeastern Conference,730386688,QUIN,138714945,2020-03-07 13:00:00,6,0,0,2,1602784094,R. Self,R,FA,L,-0.1854842857,2.36909478261,10.988652337,-4.10066005607,5.16081069828,SL,HBP,-1.00519280077,6.5738214194,85.9494158803,2255.90002552,159.597749102,-0.15
1570,2020,5080,MSST,D1 Southeastern Conference,730386688,QUIN,138714945,2020-03-07 13:00:00,6,0,1,2,1602784094,R. Self,R,FA,L,-0.791241931522,1.71964274302,8.91332906629,-5.86755982456,5.2429202507,B,HBP,-1.05006384024,6.45538551835,85.1639248678,2234.15920569,146.751783855,0.13
1571,2020,5080,MSST,D1 Southeastern Conference,730386688,QUIN,138714945,2020-03-07 13:00:00,6,1,1,2,1602784094,R. Self,R,FA,L,1.71468443335,0.392551678423,8.79003087451,-4.66897030384,5.5562691411,B,HBP,-1.23647957818,6.13251730693,85.2908334742,2230.9483804,152.122123208,0.13
1572,2020,5080,MSST,D1 Southeastern Conference,730386688,QUIN,138714945,2020-03-07 13:00:00,6,2,1,2,1602784094,R. Self,R,FA,L,0.909043286879,2.13665804166,8.0313125878,2.65030835504,5.20226247588,SS,HBP,-0.868419248447,6.49112978054,85.6940389447,2335.06796736,198.186186543,-0.15
1573,2020,5080,MSST,D1 Southeastern Conference,730386688,QUIN,138714945,2020-03-07 13:00:00,6,2,2,2,1602784094,R. Self,R,FA,L,2.38281110839,1.02174640132,4.21363723415,-6.21786904395,5.4170885434,HBP,HBP,-0.774803414776,6.4730058779,84.7386659525,2316.80389107,124.356164996,0.8
1574,2020,5080,MSST,D1 Southeastern Conference,730386688,QUIN,138714945,2020-03-07 13:00:00,6,0,0,2,1602784094,R. Self,R,FA,L,-3.07042414724,3.40062727359,8.74692573277,-2.04535282231,5.48269153832,B,S,-1.17806284321,6.40120638395,87.9053822105,2230.29649975,166.888041607,0.13
1575,2020,5080,MSST,D1 Southeastern Conference,730386688,QUIN,138714945,2020-03-07 13:00:00,6,1,0,2,1602784094,R. Self,R,FA,L,-0.0195333037827,2.44109808914,6.81028414384,-2.35005050545,5.39089260902,F,S,-1.18309607205,6.08629847409,86.5938185305,2241.46418913,161.052798718,-0.15
1576,2020,5080,MSST,D1 Southeastern Conference,730386688,QUIN,138714945,2020-03-07 13:00:00,6,1,1,2,1602784094,R. Self,R,FA,L,1.06636248128,1.31034562725,10.1680248253,-1.8244487799,5.5153906336,B,S,-0.94509305292,6.36770451685,87.2791682026,2206.71193371,169.861377153,0.13
1577,2020,5080,MSST,D1 Southeastern Conference,730386688,QUIN,138714945,2020-03-07 13:00:00,6,2,1,2,1602784094,R. Self,R,FA,L,0.560035758667,1.96034337307,5.77086846827,-2.70297463589,5.4512313346,F,S,-1.0081515673,6.29802071237,86.2360801201,2127.73592724,155.036595506,-0.15
1578,2020,5080,MSST,D1 Southeastern Conference,730386688,QUIN,138714945,2020-03-07 13:00:00,6,2,2,2,1602784094,R. Self,R,FA,L,-1.43507799635,1.35957218912,4.96190070796,1.04808408502,5.33143332416,B,S,-1.20072399124,6.08182616937,86.1076972278,2194.28547324,191.844194109,0.13
1579,2020,5080,MSST,D1 Southeastern Conference,730386688,QUIN,138714945,2020-03-07 13:00:00,6,3,2,2,1602784094,R. Self,R,FA,L,-0.275605015627,1.78056142011,8.93658283327,-1.70838817146,5.33390190374,F,S,-1.18537899592,6.13697875106,86.6548770047,2177.0767038,169.2190874,0.0
1580,2020,5080,MSST,D1 Southeastern Conference,730386688,QUIN,138714945,2020-03-07 13:00:00,6,3,2,2,1602784094,R. Self,R,SL,L,-0.30339870092,1.51053139263,-1.47814525583,-6.79012111617,5.2451198461,IP,S,-1.37701814722,5.97096901682,79.6200412666,2297.00255308,78.0578792428,1.0
1581,2020,5080,MSST,D1 Southeastern Conference,730386688,QUIN,138714945,2020-03-07 13:00:00,6,0,0,2,1602784094,R. Self,R,FA,L,-1.01874567734,2.11928005887,4.98453653619,-0.201909985323,5.49136453859,SL,K,-0.891865963676,6.27285048241,87.9532098914,2222.15244081,177.696030011,-0.15
1582,2020,5080,MSST,D1 Southeastern Conference,730386688,QUIN,138714945,2020-03-07 13:00:00,6,0,1,2,1602784094,R. Self,R,FA,L,0.542826140229,1.52725595613,6.1231134263,2.22856585313,5.28986884761,SS,K,-0.751661879581,6.39907228895,87.6766343791,2241.59134687,199.895954698,-0.15
1583,2020,5080,MSST,D1 Southeastern Conference,730386688,QUIN,138714945,2020-03-07 13:00:00,6,0,2,2,1602784094,R. Self,R,FA,L,-0.17879970881,1.27471529709,7.98106007651,-0.319789323765,5.38970070507,SS,K,-0.840284191735,6.35450855224,87.5255234844,2295.64706857,177.715348384,-0.15
1584,2020,5080,MSST,D1 Southeastern Conference,730386688,QUIN,138714945,2020-03-07 13:00:00,7,0,0,0,1020907408,L. Sims,R,FA,L,0.854851359919,0.766718511533,14.1529484129,4.13635633211,6.11431805586,B,IP_OUT,-2.72378032782,5.17020164964,92.5792460251,2049.79077978,196.258388171,0.13
1585,2020,5080,MSST,D1 Southeastern Conference,730386688,QUIN,138714945,2020-03-07 13:00:00,7,0,0,1,1020907408,L. Sims,R,FA,L,-0.934236482306,2.65338654376,13.3000552284,5.02078052508,5.98486181463,SL,K,-2.74541595021,5.28368709893,92.0607737019,1924.25109755,200.637933499,-0.15
1586,2020,5080,MSST,D1 Southeastern Conference,730386688,QUIN,138714945,2020-03-07 13:00:00,7,0,1,1,1020907408,L. Sims,R,FA,L,-0.177792471127,4.00875478642,14.5329867181,5.97325315755,5.9336609426,B,K,-2.65387820372,5.20262391632,92.4237993771,1983.06378651,202.301037385,0.13
1587,2020,5080,MSST,D1 Southeastern Conference,730386688,QUIN,138714945,2020-03-07 13:00:00,7,1,1,1,1020907408,L. Sims,R,FA,L,0.872527675619,1.74264995842,14.9963250827,4.06057463369,6.03951323523,F,K,-2.67726125253,5.1325799638,92.4128551133,1993.89328827,195.121400664,-0.15
1588,2020,5080,MSST,D1 Southeastern Conference,730386688,QUIN,138714945,2020-03-07 13:00:00,7,1,2,1,1020907408,L. Sims,R,FA,L,-0.0513602555772,2.29785029069,12.4669919752,5.68581040448,6.05001635443,SS,K,-2.71760373612,5.24410043816,92.6617857991,2003.74816123,204.463813338,-0.15
1589,2020,5080,MSST,D1 Southeastern Conference,730386688,QUIN,138714945,2020-03-07 13:00:00,7,0,0,2,1020907408,L. Sims,R,FA,R,-1.04776241122,2.83424260875,11.9291060531,2.10040686645,6.17876243033,F,K,-2.62272643647,5.23214607184,92.0370553108,2118.81259897,189.960859292,-0.15
1590,2020,5080,MSST,D1 Southeastern Conference,730386688,QUIN,138714945,2020-03-07 13:00:00,7,1,1,2,1020907408,L. Sims,R,SL,R,0.136345477725,-0.281768207237,0.718852460266,-5.96051480145,5.96660226335,B,K,-2.67797216113,4.99251095254,85.0482135601,2288.6774984,97.2229507864,0.13
1591,2020,5080,MSST,D1 Southeastern Conference,730386688,QUIN,138714945,2020-03-07 13:00:00,7,2,1,2,1020907408,L. Sims,R,FA,R,0.182659413755,1.9292249487,14.1238950997,7.25493617139,6.3658363898,SL,K,-2.72830853957,5.1457891533,91.7063816236,2012.70363789,207.137077054,-0.15
1592,2020,5080,MSST,D1 Southeastern Conference,730386688,QUIN,138714945,2020-03-07 13:00:00,7,2,2,2,1020907408,L. Sims,R,FA,R,0.550258752858,2.81182483318,13.8730313156,5.82020580002,6.23132789958,SS,K,-2.43969543193,5.25910133278,93.0739738854,2060.81801806,202.715451447,-0.15
1593,2020,5080,MSST,D1 Southeastern Conference,730386688,QUIN,138714945,2020-03-07 13:00:00,8,0,0,0,1020907408,L. Sims,R,FA,L,1.22103928966,1.32552640298,11.4688842708,5.20947115441,5.92030505618,B,BB,-2.60679967441,5.21008366718,92.0475603007,2004.40521848,204.370785249,0.13
1594,2020,5080,MSST,D1 Southeastern Conference,730386688,QUIN,138714945,2020-03-07 13:00:00,8,1,0,0,1020907408,L. Sims,R,FA,L,-0.128432456783,1.91776467799,7.78858265041,6.50864524801,6.02573421529,F,BB,-2.6319555071,5.16220574601,90.6080354044,1870.16016209,219.769507446,-0.15
1595,2020,5080,MSST,D1 Southeastern Conference,730386688,QUIN,138714945,2020-03-07 13:00:00,8,1,1,0,1020907408,L. Sims,R,FA,L,0.785270290189,0.681495957112,13.0866550948,4.89492209772,6.31755332412,B,BB,-2.45119127879,5.16357281453,91.4299091016,2030.8588412,200.463610211,0.13
1596,2020,5080,MSST,D1 Southeastern Conference,730386688,QUIN,138714945,2020-03-07 13:00:00,8,2,1,0,1020907408,L. Sims,R,FA,L,1.66033358642,1.44135917594,12.9309207674,3.21372555397,6.18544359078,B,BB,-2.46646420099,5.16107289224,91.7900351529,2013.18316414,193.925122455,0.13
1597,2020,5080,MSST,D1 Southeastern Conference,730386688,QUIN,138714945,2020-03-07 13:00:00,8,3,1,0,1020907408,L. Sims,R,FA,L,0.20111066444,1.55238790615,11.7322521861,1.07337223762,6.35151244091,SL,BB,-2.57557469744,5.0137667699,91.3306675601,1962.12099195,185.2137028,-0.15
1598,2020,5080,MSST,D1 Southeastern Conference,730386688,QUIN,138714945,2020-03-07 13:00:00,8,3,2,0,1020907408,L. Sims,R,FA,L,-0.609701977929,1.72374270684,10.9991571166,1.28403625544,6.23009502746,F,BB,-2.70285378809,4.99758193394,90.7826789711,1711.69835708,186.639732335,0.0
1599,2020,5080,MSST,D1 Southeastern Conference,730386688,QUIN,138714945,2020-03-07 13:00:00,8,3,2,0,1020907408,L. Sims,R,FA,L,-1.5437461269,3.9445276902,14.1733711558,4.40915420278,5.96469118364,B,BB,-2.65093336545,5.08693425405,90.6067615417,1963.52663274,197.243898211,0.8
1600,2020,5080,MSST,D1 Southeastern Conference,730386688,QUIN,138714945,2020-03-07 13:00:00,8,0,0,0,1020907408,L. Sims,R,FA,R,1.72724396553,2.55829611878,14.6357516294,3.13670146141,6.02207889956,B,SH,-2.35001799215,5.19609332931,90.1305619033,2163.62689953,192.070873473,0.13
1601,2020,5080,MSST,D1 Southeastern Conference,730386688,QUIN,138714945,2020-03-07 13:00:00,8,1,0,0,1020907408,L. Sims,R,FA,R,1.09657357106,2.63016027796,14.3084077707,6.33657447154,6.15720908577,SL,SH,-2.59624940867,5.28126127951,90.1070304187,2034.31801724,203.839291971,-0.15
1602,2020,5080,MSST,D1 Southeastern Conference,730386688,QUIN,138714945,2020-03-07 13:00:00,8,1,1,0,1020907408,L. Sims,R,FA,R,1.87455552644,1.06375208642,13.1430734527,5.27059674257,6.21523905409,B,SH,-2.50436090982,5.25542062069,91.1316151158,2213.43536397,201.804916214,0.13
1603,2020,5080,MSST,D1 Southeastern Conference,730386688,QUIN,138714945,2020-03-07 13:00:00,8,0,0,1,1020907408,L. Sims,R,SL,R,0.431089621504,0.445207334144,7.02511384046,-6.92709240675,5.8130326957,B,K,-2.57428978079,4.99752182654,83.9719154878,2413.31735784,135.553239249,0.13
1604,2020,5080,MSST,D1 Southeastern Conference,730386688,QUIN,138714945,2020-03-07 13:00:00,8,1,0,1,1020907408,L. Sims,R,SL,R,-0.241966338248,2.31368839095,10.2882199286,-12.7084497235,5.69908306129,SL,K,-2.75290872687,5.1317191914,83.4056170605,2513.41187908,129.095270568,-0.15
1605,2020,5080,MSST,D1 Southeastern Conference,730386688,QUIN,138714945,2020-03-07 13:00:00,8,1,1,1,1020907408,L. Sims,R,FA,R,-0.223510640438,2.34505572141,12.012397121,4.41093659226,6.30037725917,SS,K,-2.30648742862,5.24527358204,92.1682034093,1906.39198432,200.116637379,-0.15
1606,2020,5080,MSST,D1 Southeastern Conference,730386688,QUIN,138714945,2020-03-07 13:00:00,8,1,2,1,1020907408,L. Sims,R,FA,R,0.564296484625,1.73014333802,12.4397859146,5.31099400315,6.41069850257,SL,K,-2.3254830342,5.28516826556,92.792742816,2038.6183817,203.070190655,-0.15
1607,2020,5080,MSST,D1 Southeastern Conference,730386688,QUIN,138714945,2020-03-07 13:00:00,8,0,0,2,1020907408,L. Sims,R,FA,L,-0.875035258365,2.42579170062,12.3830334345,5.5288061263,6.07205443116,SL,K,-2.32344848759,5.23929006739,92.8361836093,1979.92696767,204.008359451,-0.15
1608,2020,5080,MSST,D1 Southeastern Conference,730386688,QUIN,138714945,2020-03-07 13:00:00,8,0,1,2,1020907408,L. Sims,R,FA,L,-0.0195452769668,3.13339946402,14.1691427672,4.24226935066,6.27496389451,SS,K,-2.45476228468,5.25740196835,93.4379161047,1948.19193589,196.635087659,-0.15
1609,2020,5080,MSST,D1 Southeastern Conference,730386688,QUIN,138714945,2020-03-07 13:00:00,8,0,2,2,1020907408,L. Sims,R,FA,L,-0.0587743060348,1.27199759342,15.9897860166,4.07577701927,6.05062703748,B,K,-2.30957708688,5.24852125648,94.1635221205,2088.96249874,194.274953655,0.13
1610,2020,5080,MSST,D1 Southeastern Conference,730386688,QUIN,138714945,2020-03-07 13:00:00,8,1,2,2,1020907408,L. Sims,R,FA,L,0.330280722862,3.18435442097,11.6765844498,4.04581806768,6.28759323418,SS,K,-2.41359743074,5.21794599369,92.8736986396,1907.60044988,199.065483899,-0.15
1611,2020,5080,MSST,D1 Southeastern Conference,730386688,QUIN,138714945,2020-03-07 13:00:00,9,0,0,0,1020907408,L. Sims,R,FA,L,-0.74553626326,3.16769532869,8.72079683437,3.25961597522,6.214600891,B,ROE,-2.42027328321,5.33645552943,89.8973566132,1725.60934932,200.425867753,0.13
1612,2020,5080,MSST,D1 Southeastern Conference,730386688,QUIN,138714945,2020-03-07 13:00:00,9,1,0,0,1020907408,L. Sims,R,FA,L,-0.0665216921653,3.1970198217,9.07814053697,4.37006523313,6.05491817125,SL,ROE,-2.46404126732,5.26475413555,89.8626797676,1625.6581455,205.62602746,-0.15
1613,2020,5080,MSST,D1 Southeastern Conference,730386688,QUIN,138714945,2020-03-07 13:00:00,9,1,1,0,1020907408,L. Sims,R,FA,L,0.571431290664,1.25612512325,15.1049104329,7.20828495866,5.99324966048,SL,ROE,-2.64617169292,5.17380470019,91.1311917059,2084.04994531,205.464818077,-0.15
1614,2020,5080,MSST,D1 Southeastern Conference,730386688,QUIN,138714945,2020-03-07 13:00:00,9,1,2,0,1020907408,L. Sims,R,FA,L,0.496292313836,2.99321002041,12.2287624686,0.460812230603,5.96122289574,IP,ROE,-2.4496717806,5.21302214937,91.1505926213,1741.23317811,182.1524956,0.0
1615,2020,5080,MSST,D1 Southeastern Conference,730386688,QUIN,138714945,2020-03-07 13:00:00,9,0,0,0,1020907408,L. Sims,R,FA,L,0.429827430468,3.54231620967,14.2250564548,-1.32048487096,6.1531222024,F,K,-2.51793033523,5.50150366459,89.3510202622,1796.26941646,174.708569538,-0.15
1616,2020,5080,MSST,D1 Southeastern Conference,730386688,QUIN,138714945,2020-03-07 13:00:00,9,0,1,0,1020907408,L. Sims,R,FA,L,-0.723063398371,3.21783159792,15.9944433091,7.39229422634,5.92147666038,B,K,-2.61841194525,5.47992248283,90.351105998,2124.49707156,204.761531898,0.13
1617,2020,5080,MSST,D1 Southeastern Conference,730386688,QUIN,138714945,2020-03-07 13:00:00,9,1,1,0,1020907408,L. Sims,R,FA,L,-0.0142406257303,1.870149307,16.7272035618,5.71541518647,6.08455398807,SS,K,-2.6114568522,5.28813884221,90.2981498069,2191.15944581,198.831036638,-0.15
1618,2020,5080,MSST,D1 Southeastern Conference,730386688,QUIN,138714945,2020-03-07 13:00:00,9,1,2,0,1020907408,L. Sims,R,FA,L,-0.753541992819,1.37094599959,17.9077808069,4.21210774302,5.94898677022,SL,K,-2.67726376736,5.31757609387,90.204642161,1923.01883949,193.213105262,-0.15
1619,2020,5080,MSST,D1 Southeastern Conference,730386688,QUIN,138714945,2020-03-07 13:00:00,9,0,0,1,1020907408,L. Sims,R,FA,L,-0.293459985375,1.3421071021,15.7381063941,5.13997734568,6.27977416983,SL,FC,-2.38046775402,5.38234086717,91.1721945932,2162.73409972,198.053547939,-0.15
1620,2020,5080,MSST,D1 Southeastern Conference,730386688,QUIN,138714945,2020-03-07 13:00:00,9,0,1,1,1020907408,L. Sims,R,FA,L,0.176276666091,1.30238693505,12.3535323086,3.08267709217,6.15646056154,IP,FC,-2.29552527781,5.36766871452,89.9892886268,1994.37287136,193.976508755,-0.21
1621,2020,5080,MSST,D1 Southeastern Conference,730386688,QUIN,138714945,2020-03-07 13:00:00,9,0,0,2,1020907408,L. Sims,R,FA,L,1.75232650124,2.1120244685,16.3954132989,4.29045194646,6.367007542,B,IP_OUT,-2.42885922501,5.33450239079,91.1617808165,2141.98257615,194.638052929,0.13
1622,2020,5080,MSST,D1 Southeastern Conference,730386688,QUIN,138714945,2020-03-07 13:00:00,9,1,0,2,1020907408,L. Sims,R,FA,L,-0.456215052324,1.83541343811,14.1096693797,5.51328815058,6.16626132548,F,IP_OUT,-2.51796156265,5.26257961496,89.8067835217,1991.17108917,201.298519605,-0.15
1623,2020,5080,MSST,D1 Southeastern Conference,730386688,QUIN,138714945,2020-03-07 13:00:00,9,1,1,2,1020907408,L. Sims,R,FA,L,-0.00627668309459,2.95067076716,15.2990780578,6.58619673119,6.12151186863,SS,IP_OUT,-2.54554262215,5.34675309348,90.5454215533,2148.77091383,203.248565989,-0.15
1624,2020,5080,MSST,D1 Southeastern Conference,730386688,QUIN,226925414,2020-03-06 13:00:00,1,0,0,0,1138816211,C. MacLeod,L,FA,R,0.665306259984,4.04994514422,22.7428751436,-8.12996885217,6.09059963412,B,K,0.967880379023,6.04097525373,90.4761891273,2281.77087843,160.355270421,0.13
1625,2020,5080,MSST,D1 Southeastern Conference,730386688,QUIN,226925414,2020-03-06 13:00:00,1,1,0,0,1138816211,C. MacLeod,L,FA,R,-0.68322225055,0.372040833847,26.9921102623,-6.9918942776,6.29217382523,B,K,1.00861426465,5.98342057552,90.5639816797,2314.4824445,165.494486909,0.13
1626,2020,5080,MSST,D1 Southeastern Conference,730386688,QUIN,226925414,2020-03-06 13:00:00,1,2,0,0,1138816211,C. MacLeod,L,FA,R,1.53666080434,2.46140921009,14.563369318,-11.4710004855,6.2583578053,B,K,0.835100833349,5.96770735187,88.1155649059,2185.52579113,141.837761163,0.13
1627,2020,5080,MSST,D1 Southeastern Conference,730386688,QUIN,226925414,2020-03-06 13:00:00,1,3,0,0,1138816211,C. MacLeod,L,FA,R,-0.442941660549,2.46339638407,20.8386483451,-7.79474847433,6.19245900275,SL,K,0.711462571159,6.10558956674,88.7118222272,2298.49620432,159.521080476,-0.15
1628,2020,5080,MSST,D1 Southeastern Conference,730386688,QUIN,226925414,2020-03-06 13:00:00,1,3,1,0,1138816211,C. MacLeod,L,FA,R,-0.184177529817,2.66145262292,18.9213327051,-8.0177305321,6.20103000456,SS,K,0.873367907341,5.95227223551,89.6469077816,2170.38471846,157.070662303,-0.15
1629,2020,5080,MSST,D1 Southeastern Conference,730386688,QUIN,226925414,2020-03-06 13:00:00,1,3,2,0,1138816211,C. MacLeod,L,FA,R,-0.540333700068,1.38644641843,19.7713259294,-7.84262893082,6.21783897643,SL,K,0.68462228496,5.97587509624,91.4319870975,2242.12475373,158.394577122,-0.15
1630,2020,5080,MSST,D1 Southeastern Conference,730386688,QUIN,226925414,2020-03-06 13:00:00,1,0,0,1,1138816211,C. MacLeod,L,FA,L,-0.22950892854,1.04548097443,19.1893367644,-10.0869494947,6.03724847064,SL,K,0.857542935303,5.98211371111,91.2598366146,2321.04277386,152.309842821,-0.15
1631,2020,5080,MSST,D1 Southeastern Conference,730386688,QUIN,226925414,2020-03-06 13:00:00,1,0,1,1,1138816211,C. MacLeod,L,FA,L,-0.803706734043,2.75294341474,18.0033041189,-6.94414511271,6.1873345612,SL,K,0.938596218828,5.94108976756,92.205222775,2396.25763755,158.939874545,-0.15
1632,2020,5080,MSST,D1 Southeastern Conference,730386688,QUIN,226925414,2020-03-06 13:00:00,1,0,2,1,1138816211,C. MacLeod,L,CU,L,-1.45276951082,-0.382107142555,-12.7849887543,3.40560954857,5.93643491741,B,K,0.94969178537,5.94709345779,77.7860450199,1989.76140131,345.034861504,0.13
1633,2020,5080,MSST,D1 Southeastern Conference,730386688,QUIN,226925414,2020-03-06 13:00:00,1,1,2,1,1138816211,C. MacLeod,L,CU,L,-0.280516755587,1.51161609121,-12.4001768895,0.383711911391,5.95910952007,F,K,0.8214288899,6.04499583014,76.4309506543,1947.02112913,358.221221324,0.0
1634,2020,5080,MSST,D1 Southeastern Conference,730386688,QUIN,226925414,2020-03-06 13:00:00,1,1,2,1,1138816211,C. MacLeod,L,FA,L,0.0437980700621,3.11524088182,21.0967589516,-8.13066813075,6.18939931804,SS,K,0.954380590095,5.94771080188,92.2285746078,2324.39026842,158.951130048,-0.15
1635,2020,5080,MSST,D1 Southeastern Conference,730386688,QUIN,226925414,2020-03-06 13:00:00,1,0,0,2,1138816211,C. MacLeod,L,CH,R,0.527207263482,1.15273936197,8.73773704199,-10.8296142017,6.31383686711,F,K,0.901651824616,5.99191616496,83.0897146745,1451.25005982,129.016403346,-0.15
1636,2020,5080,MSST,D1 Southeastern Conference,730386688,QUIN,226925414,2020-03-06 13:00:00,1,0,1,2,1138816211,C. MacLeod,L,FA,R,0.217154406447,3.12165660182,20.7878199564,-7.37491386764,6.22897393266,SS,K,0.672743738131,5.99527367646,90.7183829067,2357.07806739,160.494160457,-0.15
1637,2020,5080,MSST,D1 Southeastern Conference,730386688,QUIN,226925414,2020-03-06 13:00:00,1,0,2,2,1138816211,C. MacLeod,L,CU,R,0.308816908039,2.19880941251,-6.80277294534,-1.48583112016,5.91305417136,SL,K,0.834888407578,6.05063217556,78.3474349238,1663.38473567,12.3950762041,-0.15
1638,2020,5080,MSST,D1 Southeastern Conference,730386688,QUIN,226925414,2020-03-06 13:00:00,2,0,0,0,1138816211,C. MacLeod,L,FA,R,0.497140178416,2.63167408994,18.8850483328,-8.48280844962,6.10150658786,F,IP_OUT,1.08725880555,6.05097581296,88.4357312271,2413.47218694,155.849241508,-0.15
1639,2020,5080,MSST,D1 Southeastern Conference,730386688,QUIN,226925414,2020-03-06 13:00:00,2,0,0,1,1138816211,C. MacLeod,L,FA,L,0.203292248404,1.78878956793,20.2035659568,-7.2800877552,6.21843000816,F,K,0.944683376008,5.95221553623,89.6184740336,2275.07464688,160.213167152,-0.15
1640,2020,5080,MSST,D1 Southeastern Conference,730386688,QUIN,226925414,2020-03-06 13:00:00,2,0,1,1,1138816211,C. MacLeod,L,CU,L,-0.623496182497,1.65743397464,-12.2857506637,8.13393501163,5.8178015007,SL,K,1.03698430692,5.96192609891,76.5399586655,1889.42369715,326.395327855,-0.15
1641,2020,5080,MSST,D1 Southeastern Conference,730386688,QUIN,226925414,2020-03-06 13:00:00,2,0,2,1,1138816211,C. MacLeod,L,CU,L,-0.728656085121,1.06355646118,-13.4944336587,8.48918950479,5.95898860043,SS,K,0.827723763178,6.10758180797,76.9670772593,1694.83739934,327.73939615,-0.15
1642,2020,5080,MSST,D1 Southeastern Conference,730386688,QUIN,226925414,2020-03-06 13:00:00,2,0,0,2,1138816211,C. MacLeod,L,CH,R,1.23104253732,0.235379345921,12.4361927883,-12.2982425973,6.51395940989,B,IP_OUT,0.93487020647,5.9582459457,82.0531856831,1548.68799605,135.408127203,0.13
1643,2020,5080,MSST,D1 Southeastern Conference,730386688,QUIN,226925414,2020-03-06 13:00:00,2,1,0,2,1138816211,C. MacLeod,L,FA,R,0.797075847004,2.35528687196,21.9549833474,-8.40032988984,6.26075651071,SS,IP_OUT,0.861984759812,6.00180893409,88.6185739008,2305.23340323,159.091663608,-0.15
1644,2020,5080,MSST,D1 Southeastern Conference,730386688,QUIN,226925414,2020-03-06 13:00:00,3,0,0,0,1138816211,C. MacLeod,L,FA,L,-0.804740132453,2.34677644574,19.3927703856,-6.9746644366,6.34382682777,SL,K,0.895330236745,6.0032259502,87.4874751676,2147.95496585,160.250064643,-0.15
1645,2020,5080,MSST,D1 Southeastern Conference,730386688,QUIN,226925414,2020-03-06 13:00:00,3,0,1,0,1138816211,C. MacLeod,L,FA,L,0.549171036177,2.38676036582,18.491051757,-9.96713433882,6.22669249279,F,K,1.09346142748,5.9072042798,89.014775524,2237.57552178,151.715858569,-0.15
1646,2020,5080,MSST,D1 Southeastern Conference,730386688,QUIN,226925414,2020-03-06 13:00:00,3,0,2,0,1138816211,C. MacLeod,L,CU,L,-0.178708586623,1.02203875169,-4.60778128463,5.39629801447,6.08043366676,SS,K,0.906843734341,6.06491545385,78.1505420209,1963.22604882,310.235235674,-0.15
1647,2020,5080,MSST,D1 Southeastern Conference,730386688,QUIN,226925414,2020-03-06 13:00:00,3,0,0,1,1138816211,C. MacLeod,L,FA,R,0.328159936794,2.92514256284,22.3305614174,-10.963785908,6.0594018666,B,IP_OUT,0.88410932631,6.05038441611,90.1990607932,2482.70696053,153.882604331,0.13
1648,2020,5080,MSST,D1 Southeastern Conference,730386688,QUIN,226925414,2020-03-06 13:00:00,3,1,0,1,1138816211,C. MacLeod,L,FA,R,1.16752941953,1.76822684151,17.9495786008,-9.56146090777,6.23414280111,SL,IP_OUT,0.952308446506,5.90769795864,88.7076677785,2410.51976045,151.99945196,-0.15
1649,2020,5080,MSST,D1 Southeastern Conference,730386688,QUIN,226925414,2020-03-06 13:00:00,3,0,0,2,1138816211,C. MacLeod,L,FA,L,-1.02612525282,1.90952989344,18.1008979537,-11.5242143356,6.29598059133,SL,S,0.903405552226,5.93042182368,89.9842145859,2411.1238233,147.561678973,-0.15
1650,2020,5080,MSST,D1 Southeastern Conference,730386688,QUIN,226925414,2020-03-06 13:00:00,3,0,1,2,1138816211,C. MacLeod,L,CU,L,-0.1485780579,1.39034267255,-9.02664836228,1.78804733405,5.67712668262,B,S,0.886051723703,6.11343432978,76.4504112571,1909.86616662,348.74120054,0.13
1651,2020,5080,MSST,D1 Southeastern Conference,730386688,QUIN,226925414,2020-03-06 13:00:00,3,1,1,2,1138816211,C. MacLeod,L,FA,L,1.27297746237,4.60745619989,20.3662983515,-6.63496875252,6.15519416032,B,S,0.991776419637,6.02242537563,89.7821614964,2277.23253644,161.981627531,0.13
1652,2020,5080,MSST,D1 Southeastern Conference,730386688,QUIN,226925414,2020-03-06 13:00:00,3,2,1,2,1138816211,C. MacLeod,L,FA,L,0.918484423071,1.60004431134,20.6836080233,-9.44557020786,6.32429586026,SL,S,1.00169417032,5.95729589333,88.3839251938,2414.10781806,155.489649648,-0.15
1653,2020,5080,MSST,D1 Southeastern Conference,730386688,QUIN,226925414,2020-03-06 13:00:00,3,2,2,2,1138816211,C. MacLeod,L,CU,L,-0.624788814769,2.19481994277,-11.5402693699,5.49410217985,6.04640090664,IP,S,0.885973782912,5.95217973979,79.5457492561,2207.50140897,334.462335881,1.0
1654,2020,5080,MSST,D1 Southeastern Conference,730386688,QUIN,226925414,2020-03-06 13:00:00,3,0,0,2,1138816211,C. MacLeod,L,CU,R,0.00277021448287,2.05918576475,-14.2620034873,3.00940120792,5.46167979434,SL,IP_OUT,0.993737107359,6.20106736695,75.3781418536,1952.22650555,348.046802118,-0.15
1655,2020,5080,MSST,D1 Southeastern Conference,730386688,QUIN,226925414,2020-03-06 13:00:00,3,0,1,2,1138816211,C. MacLeod,L,FA,R,-0.446333107895,2.41635819884,18.140967,-11.9953326056,6.0373240803,F,IP_OUT,0.987694223609,6.07809406892,90.5047485456,2458.9591085,146.57225412,-0.15
1656,2020,5080,MSST,D1 Southeastern Conference,730386688,QUIN,226925414,2020-03-06 13:00:00,3,0,2,2,1138816211,C. MacLeod,L,FA,R,-0.306011498296,4.77788322758,17.8950416171,-5.95278048723,6.01439734511,B,IP_OUT,0.806820180618,6.06562290538,90.3378362952,2279.89470532,161.630956318,0.13
1657,2020,5080,MSST,D1 Southeastern Conference,730386688,QUIN,226925414,2020-03-06 13:00:00,4,0,0,0,1138816211,C. MacLeod,L,FA,L,-0.0338297720085,4.68268008908,14.3521324831,-8.19858453668,6.12925059534,B,S,0.977640488977,6.13192541748,87.7243277495,2223.95463693,150.320706598,0.13
1658,2020,5080,MSST,D1 Southeastern Conference,730386688,QUIN,226925414,2020-03-06 13:00:00,4,1,0,0,1138816211,C. MacLeod,L,FA,L,-1.10281785806,2.4215283503,18.8600801289,-7.35298505456,6.17848928156,SL,S,1.04705738102,5.98590422819,87.3403633425,2172.61754364,158.735573786,-0.15
1659,2020,5080,MSST,D1 Southeastern Conference,730386688,QUIN,226925414,2020-03-06 13:00:00,4,1,1,0,1138816211,C. MacLeod,L,FA,L,0.615670953695,1.35918896012,19.2107609602,-8.05228253293,6.28090227727,F,S,0.997322961646,5.85663511877,87.8887060144,2095.31226064,157.294502541,-0.15
1660,2020,5080,MSST,D1 Southeastern Conference,730386688,QUIN,226925414,2020-03-06 13:00:00,4,1,2,0,1138816211,C. MacLeod,L,FA,L,0.710390408152,2.0226718045,20.3043034764,-11.3032817861,6.27386336715,IP,S,0.956647856607,5.99461129884,90.4268624725,2341.37822681,150.933273681,1.0
1661,2020,5080,MSST,D1 Southeastern Conference,730386688,QUIN,226925414,2020-03-06 13:00:00,4,0,0,0,1138816211,C. MacLeod,L,CH,R,-0.842917172375,3.26527728921,17.4508014854,-5.64814110738,6.19178399995,B,BB,0.926974319706,6.09602115616,81.1027744038,1277.21019103,162.102841867,0.13
1662,2020,5080,MSST,D1 Southeastern Conference,730386688,QUIN,226925414,2020-03-06 13:00:00,4,1,0,0,1138816211,C. MacLeod,L,CH,R,1.27790711808,1.18122775944,9.51910325375,-12.8216418718,6.36894873471,B,BB,0.995291603993,6.13384412089,79.9279681613,1407.30312992,126.705746731,0.13
1663,2020,5080,MSST,D1 Southeastern Conference,730386688,QUIN,226925414,2020-03-06 13:00:00,4,2,0,0,1138816211,C. MacLeod,L,FA,R,-0.450512317574,3.22083324528,20.4754125072,-6.62243291892,6.02592621174,B,BB,0.999082392136,6.08644836662,87.9588140042,2156.9217839,162.104538806,0.13
1664,2020,5080,MSST,D1 Southeastern Conference,730386688,QUIN,226925414,2020-03-06 13:00:00,4,3,0,0,1138816211,C. MacLeod,L,FA,R,0.413812757582,2.61254994655,20.4949419115,-11.5286690898,6.18985779006,SL,BB,0.787950444816,6.14358710236,85.9387842272,2144.90691318,150.683452829,-0.15
1665,2020,5080,MSST,D1 Southeastern Conference,730386688,QUIN,226925414,2020-03-06 13:00:00,4,3,1,0,1138816211,C. MacLeod,L,FA,R,-0.164940170509,2.56888111212,25.6777732377,-5.59114406888,6.10991773243,SS,BB,0.925668401168,6.12458325678,87.3835100973,2141.74666855,167.731826456,-0.15
1666,2020,5080,MSST,D1 Southeastern Conference,730386688,QUIN,226925414,2020-03-06 13:00:00,4,3,2,0,1138816211,C. MacLeod,L,FA,R,-0.699454198634,0.933979325977,21.7378469317,-10.32746512,6.24292780011,B,BB,0.878170468939,6.08371904521,89.7078727855,2228.12218959,154.620714389,0.8
1667,2020,5080,MSST,D1 Southeastern Conference,730386688,QUIN,226925414,2020-03-06 13:00:00,4,0,0,0,1138816211,C. MacLeod,L,FA,R,0.696356339759,3.36230470838,19.4369547548,-10.7932567966,6.20274983571,SS,K,0.74538493532,6.10746367918,88.363774694,2309.02706852,150.997849064,-0.15
1668,2020,5080,MSST,D1 Southeastern Conference,730386688,QUIN,226925414,2020-03-06 13:00:00,4,0,1,0,1138816211,C. MacLeod,L,FA,R,0.279224512157,2.73151862551,22.1271301843,-5.93216944753,6.26132118681,SS,K,1.08785980719,5.90622047527,89.4099899471,2179.38863248,165.01312207,-0.15
1669,2020,5080,MSST,D1 Southeastern Conference,730386688,QUIN,226925414,2020-03-06 13:00:00,4,0,2,0,1138816211,C. MacLeod,L,FA,R,1.1988775546,1.33237557967,20.7717891036,-9.80215799109,6.15035589433,SL,K,1.14208782215,5.88588403951,89.3833754639,2143.24448788,154.771814097,-0.15
1670,2020,5080,MSST,D1 Southeastern Conference,730386688,QUIN,226925414,2020-03-06 13:00:00,4,0,0,1,1138816211,C. MacLeod,L,CU,L,-0.528372541023,2.11919591338,-7.20531230458,6.59202854216,5.66904706993,SL,K,1.05586799953,6.15243450245,75.8603063712,1850.87026841,317.363792826,-0.15
1671,2020,5080,MSST,D1 Southeastern Conference,730386688,QUIN,226925414,2020-03-06 13:00:00,4,0,1,1,1138816211,C. MacLeod,L,CU,L,1.17331233515,1.5160061117,-7.25733291315,2.95787990137,5.72271806775,F,K,0.954453492247,6.14667765164,77.0106213321,1922.16151242,337.702536086,-0.15
1672,2020,5080,MSST,D1 Southeastern Conference,730386688,QUIN,226925414,2020-03-06 13:00:00,4,0,2,1,1138816211,C. MacLeod,L,FA,L,0.0460457899664,4.33850259047,18.8507283408,-8.32479562156,6.02524763546,B,K,0.895877011029,6.10480062687,89.4135119523,2165.76397981,156.209717971,0.13
1673,2020,5080,MSST,D1 Southeastern Conference,730386688,QUIN,226925414,2020-03-06 13:00:00,4,1,2,1,1138816211,C. MacLeod,L,CU,L,-0.163289847123,1.89811389656,-8.12663852003,6.33040343251,5.90417321133,F,K,1.08000980979,6.08025405012,76.623595248,1931.44295522,321.928419165,0.0
1674,2020,5080,MSST,D1 Southeastern Conference,730386688,QUIN,226925414,2020-03-06 13:00:00,4,1,2,1,1138816211,C. MacLeod,L,FA,L,0.390065851417,2.93505947609,18.8786315783,-7.20035252076,5.93393962285,SS,K,1.06576598585,6.10243159106,89.3692682884,2198.79598368,159.156203442,-0.15
1675,2020,5080,MSST,D1 Southeastern Conference,730386688,QUIN,226925414,2020-03-06 13:00:00,4,0,0,2,1138816211,C. MacLeod,L,FA,R,-0.959782164638,3.33230262558,17.6591024031,-6.8754417458,6.12510716269,B,IP_OUT,0.946725284626,6.08575741385,89.4883659776,2213.14911999,158.762583651,0.13
1676,2020,5080,MSST,D1 Southeastern Conference,730386688,QUIN,226925414,2020-03-06 13:00:00,4,1,0,2,1138816211,C. MacLeod,L,CH,R,1.11682297192,2.9146884963,8.26932200211,-8.8919739041,6.29464322411,SL,IP_OUT,1.18888742122,6.03801291256,80.8494527845,1241.15924143,133.056406016,-0.15
1677,2020,5080,MSST,D1 Southeastern Conference,730386688,QUIN,226925414,2020-03-06 13:00:00,4,1,1,2,1138816211,C. MacLeod,L,CH,R,1.49641259773,2.37550772176,4.4564781969,-14.5264402331,6.52062727027,B,IP_OUT,1.16973314506,6.05768669041,80.8400631989,1336.67152126,107.194741627,0.13
1678,2020,5080,MSST,D1 Southeastern Conference,730386688,QUIN,226925414,2020-03-06 13:00:00,5,0,0,0,1138816211,C. MacLeod,L,FA,L,0.228520694362,3.24854860956,18.5924461555,-10.2467383377,6.14486093743,SS,K,1.2246307415,5.95597355681,88.2794061955,2251.21293203,151.183089785,-0.15
1679,2020,5080,MSST,D1 Southeastern Conference,730386688,QUIN,226925414,2020-03-06 13:00:00,5,0,1,0,1138816211,C. MacLeod,L,CU,L,0.152876051149,1.7223592181,-9.94787508344,2.26259889265,5.46720086681,SL,K,1.07251659323,6.09377255911,75.9792817067,1969.78341155,347.128510711,-0.15
1680,2020,5080,MSST,D1 Southeastern Conference,730386688,QUIN,226925414,2020-03-06 13:00:00,5,0,2,0,1138816211,C. MacLeod,L,FA,L,-0.439536750259,1.27038610406,17.4093962082,-11.2953257464,6.11704558434,B,K,0.77871573166,6.0158490059,88.829465267,2287.56133085,147.074034902,0.13
1681,2020,5080,MSST,D1 Southeastern Conference,730386688,QUIN,226925414,2020-03-06 13:00:00,5,1,2,0,1138816211,C. MacLeod,L,FA,L,-0.925503331769,2.57531490453,20.732257658,-9.39835366874,6.32519544938,SL,K,0.890071632904,5.91679040111,89.3652621037,2201.31235427,155.647847304,-0.15
1682,2020,5080,MSST,D1 Southeastern Conference,730386688,QUIN,226925414,2020-03-06 13:00:00,5,0,0,2,1138816211,C. MacLeod,L,FA,L,0.194074004139,1.83423280958,23.8000024675,-6.53870480242,6.31123696158,SL,K,1.00031011915,5.92192945533,88.9758237616,2415.09894107,164.658063684,-0.15
1683,2020,5080,MSST,D1 Southeastern Conference,730386688,QUIN,226925414,2020-03-06 13:00:00,5,0,1,2,1138816211,C. MacLeod,L,FA,L,-0.183599874387,3.17836905073,17.5182463341,-8.53887758425,6.17411696019,SS,K,1.01411584242,5.94798579374,89.7583062527,2415.11879364,154.055623631,-0.15
1684,2020,5080,MSST,D1 Southeastern Conference,730386688,QUIN,226925414,2020-03-06 13:00:00,5,0,2,2,1138816211,C. MacLeod,L,FA,L,-0.563984109043,3.55880688789,23.2379131939,-8.54123449007,6.11039970344,B,K,1.03454052896,6.06474027931,89.7902611087,2413.98093566,159.844740672,0.13
1685,2020,5080,MSST,D1 Southeastern Conference,730386688,QUIN,226925414,2020-03-06 13:00:00,5,1,2,2,1138816211,C. MacLeod,L,FA,L,-1.13431860657,2.80347760099,20.0063901926,-5.43056649759,6.29384545719,SL,K,0.835395760128,6.00796547958,89.3517959225,2428.87464184,164.83697396,-0.15
1686,2020,5080,MSST,D1 Southeastern Conference,730386688,QUIN,226925414,2020-03-06 13:00:00,6,0,0,0,1138816211,C. MacLeod,L,FA,R,1.14738759164,1.87168777858,21.3281555041,-11.5377216219,6.04736550423,F,K,1.12880651317,6.01811718092,86.2012330653,2244.19281639,151.627899258,-0.15
1687,2020,5080,MSST,D1 Southeastern Conference,730386688,QUIN,226925414,2020-03-06 13:00:00,6,0,1,0,1138816211,C. MacLeod,L,CH,R,1.08491747129,2.20043461621,10.9737192099,-11.9923594833,6.24266796286,F,K,1.1356460424,6.08218720395,79.8257425232,1277.51312376,132.565869847,-0.15
1688,2020,5080,MSST,D1 Southeastern Conference,730386688,QUIN,226925414,2020-03-06 13:00:00,6,0,2,0,1138816211,C. MacLeod,L,FA,R,0.77205394632,3.28397715798,18.4202447484,-11.7073485692,6.2727176997,SS,K,1.00740737713,5.96383228481,89.0286823986,2223.08514698,147.606738014,-0.15
1689,2020,5080,MSST,D1 Southeastern Conference,730386688,QUIN,226925414,2020-03-06 13:00:00,6,0,0,1,1138816211,C. MacLeod,L,CU,L,1.10771343412,3.91943595678,-6.12876931244,0.35712635118,5.49436118671,B,K,0.927918420803,6.10405037446,75.9904039547,1864.95231316,356.640021139,0.13
1690,2020,5080,MSST,D1 Southeastern Conference,730386688,QUIN,226925414,2020-03-06 13:00:00,6,1,0,1,1138816211,C. MacLeod,L,FA,L,0.153291977905,4.93708592797,19.3474891087,-8.27634854711,6.04948116197,B,K,1.12939151266,5.97109957319,88.1065072426,2278.29625624,156.875755469,0.13
1691,2020,5080,MSST,D1 Southeastern Conference,730386688,QUIN,226925414,2020-03-06 13:00:00,6,2,0,1,1138816211,C. MacLeod,L,FA,L,0.396382262342,2.60832104729,19.1448061382,-8.73410755563,6.17774436424,F,K,0.878755025632,6.13986352914,86.2808662487,2158.5977413,155.516312346,-0.15
1692,2020,5080,MSST,D1 Southeastern Conference,730386688,QUIN,226925414,2020-03-06 13:00:00,6,2,1,1,1138816211,C. MacLeod,L,FA,L,-0.0375558569331,1.60218802233,21.7296967339,-8.96224177751,6.22454165901,SL,K,0.95522700595,5.88872411983,88.7379266165,2192.01467854,157.617554793,-0.15
1693,2020,5080,MSST,D1 Southeastern Conference,730386688,QUIN,226925414,2020-03-06 13:00:00,6,2,2,1,1138816211,C. MacLeod,L,FA,L,-0.550159676106,3.46093900122,21.6856360724,-6.88567777844,6.28573166915,SS,K,0.89502887014,5.95881139634,90.0758910619,2323.10371092,162.40863948,-0.15
1694,2020,5080,MSST,D1 Southeastern Conference,730386688,QUIN,226925414,2020-03-06 13:00:00,6,0,0,2,1138816211,C. MacLeod,L,CH,R,0.0646430015632,0.476478110088,10.658989851,-9.79091440754,6.28125005259,B,K,0.969973674427,6.14153934945,79.8883161256,1478.43663145,137.539218024,0.13
1695,2020,5080,MSST,D1 Southeastern Conference,730386688,QUIN,226925414,2020-03-06 13:00:00,6,1,0,2,1138816211,C. MacLeod,L,FA,R,-0.132186221144,2.19579954577,17.4924545751,-10.2442511574,6.28568555758,SL,K,0.975689522847,6.00575177009,88.4091688117,2279.11535039,149.692299521,-0.15
1696,2020,5080,MSST,D1 Southeastern Conference,730386688,QUIN,226925414,2020-03-06 13:00:00,6,1,1,2,1138816211,C. MacLeod,L,CU,R,0.847287161107,1.05686583145,-9.37568014381,2.39110506493,5.74582096849,B,K,0.905599621576,6.09529791962,76.3878060228,2015.25583985,345.625850636,0.13
1697,2020,5080,MSST,D1 Southeastern Conference,730386688,QUIN,226925414,2020-03-06 13:00:00,6,2,1,2,1138816211,C. MacLeod,L,FA,R,0.993547190936,2.47109677232,22.4538085155,-11.6459684081,6.21722315202,F,K,1.03656864339,5.99131454553,89.5771032032,2331.49845004,152.619679302,-0.15
1698,2020,5080,MSST,D1 Southeastern Conference,730386688,QUIN,226925414,2020-03-06 13:00:00,6,2,2,2,1138816211,C. MacLeod,L,CU,R,0.428000232191,3.11122126293,-11.2543174393,1.0151892772,5.77877087082,B,K,0.824047506801,6.10044633211,78.0552120412,1951.11341298,354.825968273,0.13
1699,2020,5080,MSST,D1 Southeastern Conference,730386688,QUIN,226925414,2020-03-06 13:00:00,6,3,2,2,1138816211,C. MacLeod,L,FA,R,0.639255960293,2.70593948657,20.8321865709,-12.2556696821,6.29302752461,SS,K,0.996727123865,6.00738776457,90.3991626684,2268.26792271,149.569526974,-0.15
1700,2020,5080,MSST,D1 Southeastern Conference,730386688,QUIN,226925414,2020-03-06 13:00:00,7,0,0,0,1058411593,C. Koestler,R,FA,R,0.431434132423,1.69088483613,6.02889375032,15.4185614159,5.68143568953,F,IP_OUT,-1.57239332028,5.1074625281,88.7676536198,1628.72044138,248.535234499,-0.15
1701,2020,5080,MSST,D1 Southeastern Conference,730386688,QUIN,226925414,2020-03-06 13:00:00,7,0,1,0,1058411593,C. Koestler,R,CH,R,0.46784680816,1.98702788604,0.941643084985,14.0161525607,5.53312718831,F,IP_OUT,-1.72333218808,4.96732288324,77.749317518,1452.43389798,265.978323694,-0.15
1702,2020,5080,MSST,D1 Southeastern Conference,730386688,QUIN,226925414,2020-03-06 13:00:00,7,0,2,0,1058411593,C. Koestler,R,SL,R,1.86749327553,-0.0896536481764,-4.08113701665,7.76481372388,6.25850867234,B,IP_OUT,-1.7117719733,4.89225984775,83.1143806357,1844.10437183,297.504783973,0.13
1703,2020,5080,MSST,D1 Southeastern Conference,730386688,QUIN,226925414,2020-03-06 13:00:00,7,1,2,0,1058411593,C. Koestler,R,FA,R,1.31250314489,0.457783681263,13.8566744252,16.8913327415,5.69903297794,B,IP_OUT,-1.7289748532,5.26012484057,89.5381712591,1865.47577756,230.569471371,0.13
1704,2020,5080,MSST,D1 Southeastern Conference,730386688,QUIN,226925414,2020-03-06 13:00:00,7,0,0,1,1058411593,C. Koestler,R,FA,L,0.171298692264,1.24934531165,10.5351872376,22.4613822429,5.54693291235,SL,IP_OUT,-1.7999207939,5.11233887288,89.7453665781,1667.80966344,244.80217651,-0.15
1705,2020,5080,MSST,D1 Southeastern Conference,730386688,QUIN,226925414,2020-03-06 13:00:00,7,0,1,1,1058411593,C. Koestler,R,CH,L,-0.086189647316,0.432442323873,5.9355685644,22.6723696387,5.48159086121,F,IP_OUT,-2.23289503795,4.91285594267,78.6177025172,1580.1420905,255.226518099,-0.15
1706,2020,5080,MSST,D1 Southeastern Conference,730386688,QUIN,226925414,2020-03-06 13:00:00,7,0,0,2,1058411593,C. Koestler,R,CH,R,-0.232228839739,1.98180806186,6.43507209357,17.1103276347,5.45518553595,F,IP_OUT,-1.9964856491,4.97120791938,78.3078110531,1486.68219652,249.26088083,-0.15
1707,2020,5080,MSST,D1 Southeastern Conference,730386688,QUIN,226925414,2020-03-06 13:00:00,7,0,1,2,1058411593,C. Koestler,R,SL,R,0.626065688952,0.226380757834,-2.576593877,7.87925543501,6.18236440159,B,IP_OUT,-1.81264434767,5.02468484128,84.0706599147,1763.79724968,287.860157858,0.13
1708,2020,5080,MSST,D1 Southeastern Conference,730386688,QUIN,226925414,2020-03-06 13:00:00,8,0,0,0,1058411593,C. Koestler,R,FA,L,-0.449092982227,1.56325015618,5.33320562621,16.5504435706,5.62865062429,SL,HR,-2.06404574224,5.28159837717,86.4673271035,1681.24120616,252.027710388,-0.15
1709,2020,5080,MSST,D1 Southeastern Conference,730386688,QUIN,226925414,2020-03-06 13:00:00,8,0,1,0,1058411593,C. Koestler,R,SL,L,-0.681287347802,2.20913825818,4.59364756586,15.643951782,5.17954876644,SS,HR,-1.95886241171,5.15668310627,75.0176657155,1615.18097662,253.474372196,-0.15
1710,2020,5080,MSST,D1 Southeastern Conference,730386688,QUIN,226925414,2020-03-06 13:00:00,8,0,2,0,1058411593,C. Koestler,R,CH,L,0.726730623046,1.7925826508,13.6092250011,13.5567704572,5.41564940943,IP,HR,-2.4280224154,4.91542654384,76.0610199197,1583.50164163,224.791498812,1.76
1711,2020,5080,MSST,D1 Southeastern Conference,730386688,QUIN,226925414,2020-03-06 13:00:00,8,0,0,0,1058411593,C. Koestler,R,FA,R,1.03876530103,2.78562622757,17.082646959,13.9121287111,5.55054899284,SL,IP_OUT,-1.64053581707,5.15033436893,88.0038207724,1658.95676842,219.102676417,-0.15
1712,2020,5080,MSST,D1 Southeastern Conference,730386688,QUIN,226925414,2020-03-06 13:00:00,8,0,1,0,1058411593,C. Koestler,R,FA,R,0.0709983523278,1.73250990867,7.82432518066,20.7574544592,5.59396076186,F,IP_OUT,-1.56823451939,5.29154823283,89.3187203704,1658.09582264,249.265268355,-0.15
1713,2020,5080,MSST,D1 Southeastern Conference,730386688,QUIN,226925414,2020-03-06 13:00:00,8,0,2,0,1058411593,C. Koestler,R,SL,R,-0.297974236852,1.18131571131,-2.42594224696,6.16515733962,6.03466271345,B,IP_OUT,-1.82304603929,5.16856986434,82.8257147865,1698.41678235,291.168058079,0.13
1714,2020,5080,MSST,D1 Southeastern Conference,730386688,QUIN,226925414,2020-03-06 13:00:00,8,0,0,1,1058411593,C. Koestler,R,CH,L,0.748206229383,1.03945778217,4.62936464351,13.48278961,5.59679145647,B,IP_OUT,-2.0751589365,5.01140483285,76.5713994534,1451.2778315,250.877327955,0.13
1715,2020,5080,MSST,D1 Southeastern Conference,730386688,QUIN,226925414,2020-03-06 13:00:00,8,1,0,1,1058411593,C. Koestler,R,FA,L,-0.00293858821267,2.17487345309,4.97701008011,17.7507646714,5.79831997013,F,IP_OUT,-1.92624939429,5.08998436929,88.619603525,1811.73554734,254.236992358,-0.15
1716,2020,5080,MSST,D1 Southeastern Conference,730386688,QUIN,226925414,2020-03-06 13:00:00,8,1,1,1,1058411593,C. Koestler,R,FA,L,2.60095880249,0.710428848287,15.4525241644,16.2223272117,6.21724761712,B,IP_OUT,-1.22684136067,5.31146274991,88.7091009733,1934.37066494,226.330946675,0.13
1717,2020,5080,MSST,D1 Southeastern Conference,730386688,QUIN,226925414,2020-03-06 13:00:00,8,0,0,2,1058411593,C. Koestler,R,FA,R,1.5091384643,2.61277392426,10.7431574064,15.1097055457,5.73820617351,B,K,-1.61634489187,5.16660663893,88.4813107917,1845.81182466,234.501925375,0.13
1718,2020,5080,MSST,D1 Southeastern Conference,730386688,QUIN,226925414,2020-03-06 13:00:00,8,1,0,2,1058411593,C. Koestler,R,FA,R,0.799933449708,1.60698080959,17.8233899396,14.4277645982,6.01375669878,F,K,-1.34180564121,5.44629624708,87.822968739,1994.07704487,218.936261115,-0.15
1719,2020,5080,MSST,D1 Southeastern Conference,730386688,QUIN,226925414,2020-03-06 13:00:00,8,1,1,2,1058411593,C. Koestler,R,SL,R,0.613485937286,3.40980574871,6.02100025434,14.3764235679,6.16110628385,B,K,-1.55472387339,5.17492439715,82.9750833444,1966.85461448,247.147292079,0.13
1720,2020,5080,MSST,D1 Southeastern Conference,730386688,QUIN,226925414,2020-03-06 13:00:00,8,2,1,2,1058411593,C. Koestler,R,CH,R,0.61825203379,0.993596514191,7.544758695,17.6561532243,5.41273526159,B,K,-1.69934790406,5.1703368038,75.7072430472,1666.33733322,246.734376242,0.13
1721,2020,5080,MSST,D1 Southeastern Conference,730386688,QUIN,226925414,2020-03-06 13:00:00,8,3,1,2,1058411593,C. Koestler,R,FA,R,0.624070246687,2.71785453066,17.0515503273,14.3765621486,5.99954299305,F,K,-1.26016679733,5.46154146943,89.5578431112,2054.83846169,220.081104517,-0.15
1722,2020,5080,MSST,D1 Southeastern Conference,730386688,QUIN,226925414,2020-03-06 13:00:00,8,3,2,2,1058411593,C. Koestler,R,CH,R,1.04804797468,2.02730229219,11.0688145629,16.2802166825,5.44117631123,SS,K,-1.89384298806,5.16789769164,77.0821093854,1933.22646545,235.679641903,-0.15
1723,2020,5080,MSST,D1 Southeastern Conference,730386688,QUIN,226925414,2020-03-06 13:00:00,9,0,0,0,1165109071,S. Price,R,FA,L,-1.10760065845,2.15731086371,11.2214560173,16.2994332747,6.20677781311,B,IP_OUT,-1.82007998414,5.23813865226,88.3192922265,2425.10482362,235.374497974,0.13
1724,2020,100,GT,D1 Atlantic Coast Conference,730149888,SPC,176460715,2020-02-14 13:00:00,1,0,0,0,1967072186,Z. Maxwell,R,FA,L,0.32374417546,0.108219802065,21.5629991318,11.4457638878,5.59013770403,SL,IP_OUT,-1.75782543619,6.28884525806,93.4029216929,2227.16457329,207.925533442,-0.15
1725,2020,100,GT,D1 Atlantic Coast Conference,730149888,SPC,176460715,2020-02-14 13:00:00,1,0,0,1,1967072186,Z. Maxwell,R,FA,R,0.807651971173,1.82327456897,18.3993068182,12.5591008791,5.36223066149,SL,K,-1.64348817254,6.29699413049,91.7654570929,2346.06444675,214.270231304,-0.15
1726,2020,100,GT,D1 Atlantic Coast Conference,730149888,SPC,176460715,2020-02-14 13:00:00,1,0,1,1,1967072186,Z. Maxwell,R,FA,R,3.22997434537,2.13164788053,23.1766967508,0.515168184918,5.20123266099,B,K,-1.24186161935,6.33325921819,93.8319313556,2321.13257894,181.27164635,0.13
1727,2020,100,GT,D1 Atlantic Coast Conference,730149888,SPC,176460715,2020-02-14 13:00:00,1,1,1,1,1967072186,Z. Maxwell,R,FA,R,1.56797730807,2.87387196148,17.4666348847,2.45736718663,5.28691603828,B,K,-1.43487444323,6.23262291458,91.9341890815,2168.16895825,187.993898863,0.13
1728,2020,100,GT,D1 Atlantic Coast Conference,730149888,SPC,176460715,2020-02-14 13:00:00,1,2,1,1,1967072186,Z. Maxwell,R,FA,R,-0.141107973711,3.49956043781,25.1960723514,5.9982631531,5.48635974762,B,K,-1.7407248845,6.49610371845,91.8498227963,2109.77806692,193.374293944,0.13
1729,2020,100,GT,D1 Atlantic Coast Conference,730149888,SPC,176460715,2020-02-14 13:00:00,1,3,1,1,1967072186,Z. Maxwell,R,FA,R,1.43551683796,1.94304113773,19.7278524411,3.83429637829,5.47947440868,SL,K,-1.53284005012,6.2314733347,92.9810806724,2112.06322219,190.982062869,-0.15
1730,2020,100,GT,D1 Atlantic Coast Conference,730149888,SPC,176460715,2020-02-14 13:00:00,1,3,2,1,1967072186,Z. Maxwell,R,FA,R,0.293656000748,2.93620330756,19.1433196963,4.26804365433,5.40383724786,SS,K,-1.35945737747,6.23762806256,93.443418177,2145.79776999,192.549206475,-0.15
1731,2020,100,GT,D1 Atlantic Coast Conference,730149888,SPC,176460715,2020-02-14 13:00:00,1,0,0,2,1967072186,Z. Maxwell,R,FA,R,0.549395289407,3.27898820442,21.5695016051,8.47561164885,5.30111993443,F,S,-1.28006654064,6.52670845483,92.9157022261,2084.39140517,201.423719926,-0.15
1732,2020,100,GT,D1 Atlantic Coast Conference,730149888,SPC,176460715,2020-02-14 13:00:00,1,0,1,2,1967072186,Z. Maxwell,R,SL,R,3.11487850246,-1.27490968532,-1.29918947854,-7.06894036323,5.36445659101,B,S,-1.47673939391,6.13911600912,83.3550603715,2511.86504877,79.8919640026,0.13
1733,2020,100,GT,D1 Atlantic Coast Conference,730149888,SPC,176460715,2020-02-14 13:00:00,1,1,1,2,1967072186,Z. Maxwell,R,FA,R,0.0448419015614,1.63879969568,21.7860990868,11.1890537387,5.29618435522,IP,S,-1.51892247086,6.36922751867,92.7561741833,2378.73058982,207.150706303,1.0
1734,2020,100,GT,D1 Atlantic Coast Conference,730149888,SPC,176460715,2020-02-14 13:00:00,1,0,0,2,1967072186,Z. Maxwell,R,FA,R,2.39879941327,1.76767010964,26.4216480835,3.8142638025,5.6048509222,B,BB,-1.05605505555,6.31892363175,91.5969547009,2122.42474808,188.204664765,0.13
1735,2020,100,GT,D1 Atlantic Coast Conference,730149888,SPC,176460715,2020-02-14 13:00:00,1,1,0,2,1967072186,Z. Maxwell,R,FA,R,-0.392048376191,3.17437111912,20.9740882519,5.85287635061,5.3742490871,B,BB,-1.28077789622,6.33169975848,91.436974286,2224.10906016,195.56890764,0.13
1736,2020,100,GT,D1 Atlantic Coast Conference,730149888,SPC,176460715,2020-02-14 13:00:00,1,2,0,2,1967072186,Z. Maxwell,R,FA,R,1.01238292454,1.5910238,23.0640139699,11.3515679058,5.66800217441,SL,BB,-1.31277947799,6.27336010909,91.8684455919,2205.92669159,206.174347761,-0.15
1737,2020,100,GT,D1 Atlantic Coast Conference,730149888,SPC,176460715,2020-02-14 13:00:00,1,2,1,2,1967072186,Z. Maxwell,R,CU,R,1.15520679754,4.63786106492,-3.50462475328,-15.9706894396,4.9791370322,B,BB,-1.45035557557,6.03263169373,79.8321567437,2542.53859917,77.7677145459,0.13
1738,2020,100,GT,D1 Atlantic Coast Conference,730149888,SPC,176460715,2020-02-14 13:00:00,1,3,1,2,1967072186,Z. Maxwell,R,FA,R,-0.36155588814,1.15870991097,20.9241562872,10.0085954837,5.48050828398,B,BB,-1.68090859995,6.17529386483,90.9367539701,2157.39398415,205.528612913,0.8
1739,2020,100,GT,D1 Atlantic Coast Conference,730149888,SPC,176460715,2020-02-14 13:00:00,1,0,0,2,1967072186,Z. Maxwell,R,CU,R,1.18542642126,1.77333300093,0.186237625342,-4.40746223844,5.43971833649,SL,BB,-1.6092348959,6.02604646216,80.281892267,2343.99465768,92.9576409036,-0.15
1740,2020,100,GT,D1 Atlantic Coast Conference,730149888,SPC,176460715,2020-02-14 13:00:00,1,0,1,2,1967072186,Z. Maxwell,R,CU,R,1.27525103017,2.17077026866,-0.596466905017,-4.15146987109,5.52233811291,SL,BB,-1.56309436449,5.93376045351,80.583379309,2252.63737915,82.3762879299,-0.15
1741,2020,100,GT,D1 Atlantic Coast Conference,730149888,SPC,176460715,2020-02-14 13:00:00,1,0,2,2,1967072186,Z. Maxwell,R,FA,R,1.29277328419,0.810192920789,21.1016102075,10.8603471509,5.43602528992,B,BB,-1.12954729631,6.20684634897,92.8460254069,2218.74015924,207.198977711,0.13
1742,2020,100,GT,D1 Atlantic Coast Conference,730149888,SPC,176460715,2020-02-14 13:00:00,1,1,2,2,1967072186,Z. Maxwell,R,CU,R,1.20465994097,0.837438345904,4.86008388395,-7.17125846668,5.41498748529,B,BB,-1.62794057331,5.91574577974,81.5538821897,2364.79357318,124.345696329,0.13
1743,2020,100,GT,D1 Atlantic Coast Conference,730149888,SPC,176460715,2020-02-14 13:00:00,1,2,2,2,1967072186,Z. Maxwell,R,CU,R,1.95224937378,1.52628284446,1.12576787542,-10.5816614355,5.29489117502,B,BB,-1.48983646085,5.99740509175,80.7696581413,2474.10010768,96.2912538287,0.13
1744,2020,100,GT,D1 Atlantic Coast Conference,730149888,SPC,176460715,2020-02-14 13:00:00,1,3,2,2,1967072186,Z. Maxwell,R,FA,R,2.2503416704,0.372461426684,20.9596836409,10.2843389689,5.55562507234,B,BB,-1.14397513052,6.24079128359,93.1287947812,2259.88848722,206.102181005,0.8
1745,2020,100,GT,D1 Atlantic Coast Conference,730149888,SPC,176460715,2020-02-14 13:00:00,1,0,0,2,1967072186,Z. Maxwell,R,FA,L,0.399477100181,1.27218379877,23.4477104159,9.49774264874,5.51897562478,B,IP_OUT,-1.63300147857,6.38457049007,91.5682209353,2184.96423884,202.023443305,0.13
1746,2020,100,GT,D1 Atlantic Coast Conference,730149888,SPC,176460715,2020-02-14 13:00:00,1,1,0,2,1967072186,Z. Maxwell,R,FA,L,0.223921339992,0.967202350742,24.6390491614,10.7727368332,5.62574462035,B,IP_OUT,-1.42275985845,6.16736020101,92.2356167478,2212.41894724,203.58884561,0.13
1747,2020,100,GT,D1 Atlantic Coast Conference,730149888,SPC,176460715,2020-02-14 13:00:00,1,2,0,2,1967072186,Z. Maxwell,R,FA,L,1.06920885277,2.42669106153,19.7235578732,8.14794439368,5.4881935828,SL,IP_OUT,-1.38149436654,6.04981619368,91.4601887299,2270.08271073,202.412747993,-0.15
1748,2020,100,GT,D1 Atlantic Coast Conference,730149888,SPC,176460715,2020-02-14 13:00:00,1,2,1,2,1967072186,Z. Maxwell,R,FA,L,1.89335078757,2.79080446715,23.0261697646,8.52975451146,5.56485495481,B,IP_OUT,-1.1990419559,6.07355038984,92.353298775,2227.35727088,200.300768555,0.13
1749,2020,100,GT,D1 Atlantic Coast Conference,730149888,SPC,176460715,2020-02-14 13:00:00,2,0,0,0,1967072186,Z. Maxwell,R,FA,R,0.245169997823,3.40797547575,25.6794641525,12.0684568504,5.414113321,B,IP_OUT,-1.49102947197,6.50832390342,90.0054666867,2299.63716364,205.143064822,0.13
1750,2020,100,GT,D1 Atlantic Coast Conference,730149888,SPC,176460715,2020-02-14 13:00:00,2,0,0,1,1967072186,Z. Maxwell,R,FA,R,0.118197418949,2.59183007408,25.3473571803,7.99284642136,5.32055500216,SS,IP_OUT,-1.54290149265,6.52715293549,89.7700513105,2276.94557897,197.479757681,-0.15
1751,2020,100,GT,D1 Atlantic Coast Conference,730149888,SPC,176460715,2020-02-14 13:00:00,2,0,0,2,1967072186,Z. Maxwell,R,FA,R,-0.688487364007,5.14621665786,18.0100982071,9.02706612299,5.23673770411,SL,K,-1.62470608061,6.38261648893,90.2076779824,2261.35774045,206.578694452,-0.15
1752,2020,100,GT,D1 Atlantic Coast Conference,730149888,SPC,176460715,2020-02-14 13:00:00,2,0,1,2,1967072186,Z. Maxwell,R,FA,R,1.22472927871,2.73657685645,25.7677087084,8.88450515132,5.47096664837,B,K,-1.49369233737,6.40596048947,90.2985213748,2141.68653741,199.00108187,0.13
1753,2020,100,GT,D1 Atlantic Coast Conference,730149888,SPC,176460715,2020-02-14 13:00:00,2,1,1,2,1967072186,Z. Maxwell,R,FA,R,-0.289096080835,3.00212845571,19.683707656,10.8425340286,5.4229492383,B,K,-1.41517153739,6.20908049635,88.3612650031,2113.92576154,208.805259794,0.13
1754,2020,100,GT,D1 Atlantic Coast Conference,730149888,SPC,176460715,2020-02-14 13:00:00,2,2,1,2,1967072186,Z. Maxwell,R,FA,R,-0.86398571456,2.84192214956,17.7312907741,9.9756533984,5.32900763258,SS,K,-1.47434534617,6.24499967286,89.5959486398,2116.45944597,209.31640149,-0.15
1755,2020,100,GT,D1 Atlantic Coast Conference,730149888,SPC,176460715,2020-02-14 13:00:00,2,2,2,2,1967072186,Z. Maxwell,R,FA,R,1.16621219581,2.51184615767,19.6560795665,9.89084811659,5.3712516534,SL,K,-1.35088801734,6.33044737254,91.4413755467,2222.37158358,206.673757595,-0.15
1756,2020,100,GT,D1 Atlantic Coast Conference,730149888,SPC,176460715,2020-02-14 13:00:00,3,0,0,0,1967072186,Z. Maxwell,R,FA,L,-1.71621211065,4.769571244,16.6485550688,11.706968561,5.44411263982,B,IP_OUT,-1.87812691014,6.16608460581,89.9983536573,2261.74197612,215.060302554,0.13
1757,2020,100,GT,D1 Atlantic Coast Conference,730149888,SPC,176460715,2020-02-14 13:00:00,3,1,0,0,1967072186,Z. Maxwell,R,FA,L,-1.83857913962,4.19490360678,15.2592720835,13.591769001,5.35235523628,B,IP_OUT,-1.75752835767,6.23780089144,89.7941160017,2190.77602391,221.629826986,0.13
1758,2020,100,GT,D1 Atlantic Coast Conference,730149888,SPC,176460715,2020-02-14 13:00:00,3,0,0,1,1967072186,Z. Maxwell,R,FA,R,-1.98551918284,3.71057023414,17.0429837964,11.3100429747,5.56771800176,HBP,HBP,-1.54027791309,6.20803066227,86.8993766158,2170.00297777,213.514258114,0.8
1759,2020,100,GT,D1 Atlantic Coast Conference,730149888,SPC,176460715,2020-02-14 13:00:00,3,0,0,1,1967072186,Z. Maxwell,R,FA,R,1.94255100798,2.18928806641,26.4397981644,14.116637184,5.32471888649,B,IP_OUT,-1.30127925921,6.41072208324,90.7013072199,2342.18296615,208.068652277,0.13
1760,2020,100,GT,D1 Atlantic Coast Conference,730149888,SPC,176460715,2020-02-14 13:00:00,3,0,0,2,1967072186,Z. Maxwell,R,FA,R,-2.13959079326,2.5743076265,18.578253124,15.6770545045,5.44662557236,B,K,-1.4162323849,5.96660831627,90.6044110006,2134.15815165,220.109530672,0.13
1761,2020,100,GT,D1 Atlantic Coast Conference,730149888,SPC,176460715,2020-02-14 13:00:00,3,1,0,2,1967072186,Z. Maxwell,R,FA,R,-0.714910808073,2.54871279578,16.8694640944,11.3793262414,5.47668331669,F,K,-1.37354870272,5.95912129077,91.090973419,2268.9290211,213.951268051,-0.15
1762,2020,100,GT,D1 Atlantic Coast Conference,730149888,SPC,176460715,2020-02-14 13:00:00,3,1,1,2,1967072186,Z. Maxwell,R,SL,R,1.56914758137,2.56429012981,-2.85004674711,-15.0359294604,5.10283379296,SL,K,-1.49667629428,5.95009828627,79.7891381602,2560.31416034,79.4261096711,-0.15
1763,2020,100,GT,D1 Atlantic Coast Conference,730149888,SPC,176460715,2020-02-14 13:00:00,3,1,2,2,1967072186,Z. Maxwell,R,SL,R,-0.0457001128088,3.15911107921,-4.23315207077,-4.79553560154,5.37915624869,SL,K,-1.44215930588,5.81672577342,80.8632646393,2440.3918943,48.8393015673,-0.15
1764,2020,100,GT,D1 Atlantic Coast Conference,730149888,SPC,176460715,2020-02-14 13:00:00,4,0,0,0,1967072186,Z. Maxwell,R,FA,R,-0.088478172829,0.968547814367,18.1703324397,12.8518005841,5.46389022302,B,BB,-1.38108703201,6.13334936544,90.862624558,2298.86352738,215.222774076,0.13
1765,2020,100,GT,D1 Atlantic Coast Conference,730149888,SPC,176460715,2020-02-14 13:00:00,4,1,0,0,1967072186,Z. Maxwell,R,FA,R,1.39938096466,0.906856658935,22.3287056432,10.4210085529,5.71953010325,B,BB,-1.40681802816,5.99253622546,90.0893143627,2202.82293191,204.986321232,0.13
1766,2020,100,GT,D1 Atlantic Coast Conference,730149888,SPC,176460715,2020-02-14 13:00:00,4,2,0,0,1967072186,Z. Maxwell,R,FA,R,1.37642155587,2.44351662959,21.3619056572,6.98139507147,5.54412849933,SL,BB,-1.34670956667,6.12511602942,91.1634494545,2183.60316577,198.07278771,-0.15
1767,2020,100,GT,D1 Atlantic Coast Conference,730149888,SPC,176460715,2020-02-14 13:00:00,4,2,1,0,1967072186,Z. Maxwell,R,FA,R,0.401767132047,1.57839873585,17.3941418105,8.57018244522,5.68283036881,F,BB,-1.39467130009,6.06867976736,90.4877572133,2224.78715075,206.187571529,-0.15
1768,2020,100,GT,D1 Atlantic Coast Conference,730149888,SPC,176460715,2020-02-14 13:00:00,4,2,2,0,1967072186,Z. Maxwell,R,FA,R,2.53775186576,1.21869081361,25.2000854433,4.08988563196,5.5323339304,B,BB,-1.2823475846,6.10439540003,92.856488109,2310.97169741,189.207165692,0.13
1769,2020,100,GT,D1 Atlantic Coast Conference,730149888,SPC,176460715,2020-02-14 13:00:00,4,3,2,0,1967072186,Z. Maxwell,R,FA,R,0.869086955474,2.28739104199,20.0073757843,12.9531286606,5.40669661737,F,BB,-1.27573339569,6.01204013496,92.0977153132,2310.24332981,212.877551693,0.0
1770,2020,100,GT,D1 Atlantic Coast Conference,730149888,SPC,176460715,2020-02-14 13:00:00,4,3,2,0,1967072186,Z. Maxwell,R,FA,R,-0.154981300122,3.53437392978,13.3601726133,4.99580809161,5.41847808374,B,BB,-1.28555657793,5.94659280809,92.7322723596,2339.80714539,200.459080705,0.8
1771,2020,100,GT,D1 Atlantic Coast Conference,730149888,SPC,176460715,2020-02-14 13:00:00,4,0,0,0,1967072186,Z. Maxwell,R,FA,L,-0.982341371938,3.61882666591,23.6317309464,8.61304037316,5.42999050152,B,BB,-1.42891326083,6.16725892652,91.0950398814,2269.85352497,199.999504616,0.13
1772,2020,100,GT,D1 Atlantic Coast Conference,730149888,SPC,176460715,2020-02-14 13:00:00,4,1,0,0,1967072186,Z. Maxwell,R,FA,L,0.165152197431,4.36046588664,19.2568293988,8.96473185995,5.32022484652,B,BB,-1.52012127558,5.84992290465,89.899867862,2271.92185235,204.925065433,0.13
1773,2020,100,GT,D1 Atlantic Coast Conference,730149888,SPC,176460715,2020-02-14 13:00:00,4,2,0,0,1967072186,Z. Maxwell,R,FA,L,0.0363607395768,4.0328276765,15.6471793674,10.3359994981,5.48021594358,B,BB,-1.60367792972,5.80648563525,90.974258888,2271.2144235,213.392694172,0.13
1774,2020,100,GT,D1 Atlantic Coast Conference,730149888,SPC,176460715,2020-02-14 13:00:00,4,3,0,0,1967072186,Z. Maxwell,R,FA,L,0.492010221981,1.89552224039,20.0039090428,10.096308622,5.48980007216,SL,BB,-1.35015865867,5.95193150891,89.8350059247,2182.80644909,206.742247552,-0.15
1775,2020,100,GT,D1 Atlantic Coast Conference,730149888,SPC,176460715,2020-02-14 13:00:00,4,3,1,0,1967072186,Z. Maxwell,R,FA,L,-0.737670702587,3.93203678822,21.166878292,9.30099420269,5.41758055274,B,BB,-1.42420090015,5.76064298367,90.6988845408,2196.73755603,203.688605725,0.8
1776,2020,100,GT,D1 Atlantic Coast Conference,730149888,SPC,176460715,2020-02-14 13:00:00,4,0,0,0,1967072186,Z. Maxwell,R,SL,R,0.737624388169,3.35129638472,-4.02456513479,-7.11758290768,5.2656286083,B,FC,-1.78011367217,5.57419557036,79.6630975048,2389.21143809,60.7719210971,0.13
1777,2020,100,GT,D1 Atlantic Coast Conference,730149888,SPC,176460715,2020-02-14 13:00:00,4,1,0,0,1967072186,Z. Maxwell,R,FA,R,-0.15801837647,2.44054526954,11.1835423877,9.79826205113,5.69131284222,IP,FC,-1.64045776233,5.6917632221,88.8430298247,2182.02607018,221.137962689,-0.21
1778,2020,100,GT,D1 Atlantic Coast Conference,730149888,SPC,176460715,2020-02-14 13:00:00,4,0,0,1,1967072186,Z. Maxwell,R,SL,R,0.325955131169,2.56477219909,-1.71919698223,-6.09154066731,5.23696422152,SL,K,-1.76943934854,5.59585115694,78.696223699,2345.29791269,74.6235609347,-0.15
1779,2020,100,GT,D1 Atlantic Coast Conference,730149888,SPC,176460715,2020-02-14 13:00:00,4,0,1,1,1967072186,Z. Maxwell,R,SL,R,2.05718027782,-0.492629600498,-0.855394507847,-12.1109340107,5.53747414119,B,K,-1.55722006001,5.72137797711,80.1467357231,2326.60955274,86.161564521,0.13
1780,2020,100,GT,D1 Atlantic Coast Conference,730149888,SPC,176460715,2020-02-14 13:00:00,4,1,1,1,1967072186,Z. Maxwell,R,FA,R,0.672507666518,3.20953023192,27.0388483419,5.02275793858,5.40459471242,B,K,-1.54828108429,6.10260826553,92.0568903207,2260.3881146,190.511171056,0.13
1781,2020,100,GT,D1 Atlantic Coast Conference,730149888,SPC,176460715,2020-02-14 13:00:00,4,2,1,1,1967072186,Z. Maxwell,R,FA,R,-0.210904327694,2.42178869944,17.0692056158,9.09157201899,5.59051956621,SL,K,-1.57483720857,5.76482546148,90.3173953924,2256.43621434,207.995408423,-0.15
1782,2020,100,GT,D1 Atlantic Coast Conference,730149888,SPC,176460715,2020-02-14 13:00:00,4,2,2,1,1967072186,Z. Maxwell,R,SL,R,-0.51193792976,2.35881809309,-0.412079663826,-6.20921240086,5.36633741461,SL,K,-1.63376735254,5.69367263824,80.2414453244,2394.24992988,86.5847796144,-0.15
1783,2020,100,GT,D1 Atlantic Coast Conference,730149888,SPC,176460715,2020-02-14 13:00:00,4,0,0,2,1967072186,Z. Maxwell,R,FA,R,0.531739501306,2.71901178976,20.9979551891,3.75993727375,5.43048327226,SL,K,-1.3091988563,6.08773265568,90.6984883914,2183.63047715,190.136349566,-0.15
1784,2020,100,GT,D1 Atlantic Coast Conference,730149888,SPC,176460715,2020-02-14 13:00:00,4,0,1,2,1967072186,Z. Maxwell,R,FA,R,-0.238898951988,0.902644334161,20.053789394,8.36336199341,5.6100029055,B,K,-1.50608582839,5.87369805518,92.4706459178,2306.86461145,202.606328589,0.13
1785,2020,100,GT,D1 Atlantic Coast Conference,730149888,SPC,176460715,2020-02-14 13:00:00,4,1,1,2,1967072186,Z. Maxwell,R,FA,R,0.141637889723,2.668128421,15.4817960333,11.7927913631,5.53947102755,SS,K,-1.15449128831,5.88435910814,90.2945070555,2251.13742606,217.238379302,-0.15
1786,2020,100,GT,D1 Atlantic Coast Conference,730149888,SPC,176460715,2020-02-14 13:00:00,4,1,2,2,1967072186,Z. Maxwell,R,FA,R,0.795850239492,0.673523571724,19.6614963363,8.63937800277,5.50968003062,B,K,-1.30289345205,6.02477416788,91.7929143607,2230.49617484,203.686186523,0.13
1787,2020,100,GT,D1 Atlantic Coast Conference,730149888,SPC,176460715,2020-02-14 13:00:00,4,2,2,2,1967072186,Z. Maxwell,R,FA,R,2.47212003733,2.70612451696,28.630688155,1.40676971089,5.39825501997,B,K,-1.28961420394,6.1498701186,93.9315075131,2355.71571063,182.809940141,0.13
1788,2020,100,GT,D1 Atlantic Coast Conference,730149888,SPC,176460715,2020-02-14 13:00:00,4,3,2,2,1967072186,Z. Maxwell,R,FA,R,0.512748507643,2.27262366272,18.350363377,9.68542844656,5.43672008805,F,K,-1.13934916874,5.87583736157,91.9062795472,2278.12669202,207.783609932,0.0
1789,2020,100,GT,D1 Atlantic Coast Conference,730149888,SPC,176460715,2020-02-14 13:00:00,4,3,2,2,1967072186,Z. Maxwell,R,FA,R,-0.225868970718,2.34448092087,23.68999981,9.78031807337,5.38248260439,F,K,-1.10787490123,6.06611860822,92.6448822776,2237.24983474,202.40615691,0.0
1790,2020,100,GT,D1 Atlantic Coast Conference,730149888,SPC,176460715,2020-02-14 13:00:00,4,3,2,2,1967072186,Z. Maxwell,R,FA,R,1.16241580929,1.65571651976,18.9254476159,15.9340939879,5.68638114234,SL,K,-1.23906523154,5.88764432959,93.0100112525,2300.78412613,220.048980198,-0.15
1791,2020,100,GT,D1 Atlantic Coast Conference,730149888,SPC,176460715,2020-02-14 13:00:00,5,0,0,0,1488610600,D. Smith,L,FA,L,-0.2521002355,1.91514736012,11.1503043061,-15.2438851204,5.2452599773,F,K,1.77301602244,5.65354608429,88.1960198242,2089.23948217,126.267973727,-0.15
1792,2020,100,GT,D1 Atlantic Coast Conference,730149888,SPC,176460715,2020-02-14 13:00:00,5,0,1,0,1488610600,D. Smith,L,FA,L,0.971861599122,3.19824247238,19.1724659988,-15.1417471142,5.22148946869,F,K,1.60941997799,6.0469556795,88.7665022694,2006.85971793,141.749254979,-0.15
1793,2020,100,GT,D1 Atlantic Coast Conference,730149888,SPC,176460715,2020-02-14 13:00:00,5,0,2,0,1488610600,D. Smith,L,FA,L,-1.43126625705,1.81187564204,20.8902083188,-11.1287032711,5.20069275517,B,K,1.49523513687,6.06394775014,88.6510916018,1995.03403707,151.994092238,0.13
1794,2020,100,GT,D1 Atlantic Coast Conference,730149888,SPC,176460715,2020-02-14 13:00:00,5,1,2,0,1488610600,D. Smith,L,CH,L,0.0787324058847,2.69640462167,1.80855004094,-18.2249461172,5.05155399678,SL,K,1.81889180746,5.60469950323,80.7412930476,1657.92603539,95.7943124357,-0.15
1795,2020,100,GT,D1 Atlantic Coast Conference,730149888,SPC,176460715,2020-02-14 13:00:00,5,0,0,1,1488610600,D. Smith,L,FA,R,0.413088442594,3.39334191744,21.4789246657,-12.4731142177,5.13877092958,B,K,1.73618834703,5.95860376566,88.642854871,1964.0720582,149.895176022,0.13
1796,2020,100,GT,D1 Atlantic Coast Conference,730149888,SPC,176460715,2020-02-14 13:00:00,5,1,0,1,1488610600,D. Smith,L,FA,R,0.981227014467,3.44197335498,16.0983978558,-8.48645527818,5.22280133775,B,K,1.84381006029,5.77816359378,87.4923333117,1852.93681518,152.254495413,0.13
1797,2020,100,GT,D1 Atlantic Coast Conference,730149888,SPC,176460715,2020-02-14 13:00:00,5,2,0,1,1488610600,D. Smith,L,FA,R,0.91715411093,2.57937777104,19.0660823181,-10.0464946524,5.25790440443,SL,K,1.83487444787,6.07535448264,86.8181938906,1819.56101517,152.25790235,-0.15
1798,2020,100,GT,D1 Atlantic Coast Conference,730149888,SPC,176460715,2020-02-14 13:00:00,5,2,1,1,1488610600,D. Smith,L,FA,R,0.287201983289,1.86879768298,13.3418984411,-9.15916978783,5.30706898701,F,K,1.96923396874,5.68448885546,86.5646792664,1902.07339645,145.601810469,-0.15
1799,2020,100,GT,D1 Atlantic Coast Conference,730149888,SPC,176460715,2020-02-14 13:00:00,5,2,2,1,1488610600,D. Smith,L,CH,R,-0.196410364982,1.75653827675,10.5006894817,-18.058022432,5.15556340919,SS,K,2.22036555783,5.68876219419,79.8569567964,1796.43109747,120.278186653,-0.15
1800,2020,100,GT,D1 Atlantic Coast Conference,730149888,SPC,176460715,2020-02-14 13:00:00,5,0,0,2,1488610600,D. Smith,L,CH,R,-1.42420836586,0.555761866019,7.03732574866,-15.9688750218,5.27765296299,SS,IP_OUT,2.33210793253,5.38210953938,78.2647941981,1711.50847119,113.913879497,-0.15
1801,2020,100,GT,D1 Atlantic Coast Conference,730149888,SPC,176460715,2020-02-14 13:00:00,5,0,1,2,1488610600,D. Smith,L,CH,R,-1.37459297533,1.0778963863,11.9509124477,-18.6028949901,5.20112316581,B,IP_OUT,2.15506010351,5.65553718052,78.3661235618,1640.02282617,122.813874556,0.13
1802,2020,100,GT,D1 Atlantic Coast Conference,730149888,SPC,176460715,2020-02-14 13:00:00,6,0,0,0,1488610600,D. Smith,L,FA,R,-1.03575303594,1.4760973283,23.0705258788,-7.7708116303,5.05083545751,SL,K,1.90424145458,5.87051606376,85.8264273417,1915.91705521,161.412660765,-0.15
1803,2020,100,GT,D1 Atlantic Coast Conference,730149888,SPC,176460715,2020-02-14 13:00:00,6,0,1,0,1488610600,D. Smith,L,CH,R,1.54554024968,4.55890057625,5.38878885068,-7.50117039237,5.67489546607,B,K,1.84938783165,5.89452531239,84.016851034,1723.536281,125.879985191,0.13
1804,2020,100,GT,D1 Atlantic Coast Conference,730149888,SPC,176460715,2020-02-14 13:00:00,6,1,1,0,1488610600,D. Smith,L,FA,R,0.73488455362,2.53485953748,15.283525672,-14.7808677895,5.41611092523,B,K,1.71405631685,5.9264641055,84.7511320032,1846.23821326,136.027135492,0.13
1805,2020,100,GT,D1 Atlantic Coast Conference,730149888,SPC,176460715,2020-02-14 13:00:00,6,2,1,0,1488610600,D. Smith,L,CH,R,0.171479623081,2.52483599182,6.21684613044,-8.30955357108,5.347284076,SL,K,2.25167261878,5.48530273073,78.0600732943,1669.0792239,126.997552392,-0.15
1806,2020,100,GT,D1 Atlantic Coast Conference,730149888,SPC,176460715,2020-02-14 13:00:00,6,2,2,0,1488610600,D. Smith,L,CH,R,0.898303647584,1.02381516711,12.7988699234,-19.5086767028,5.04986779997,SS,K,2.24348609924,5.7219877251,78.7292507845,1703.36369441,123.356599789,-0.15
1807,2020,100,GT,D1 Atlantic Coast Conference,730149888,SPC,176460715,2020-02-14 13:00:00,6,0,0,1,1488610600,D. Smith,L,FA,R,0.84976715948,2.54769157879,15.4232704619,-17.7442902059,5.26718639146,B,S,1.82066830314,5.97131008439,86.1731793413,1832.92909513,131.063962463,0.13
1808,2020,100,GT,D1 Atlantic Coast Conference,730149888,SPC,176460715,2020-02-14 13:00:00,6,1,0,1,1488610600,D. Smith,L,CH,R,-0.380275874127,1.42186972415,7.4922754695,-23.4478687687,5.25753243917,SL,S,2.28886514384,5.49234141656,78.6073522432,1556.42677488,107.816941215,-0.15
1809,2020,100,GT,D1 Atlantic Coast Conference,730149888,SPC,176460715,2020-02-14 13:00:00,6,1,1,1,1488610600,D. Smith,L,CH,R,-0.739601913091,1.45444805598,6.62646427479,-16.5700188894,5.09907619914,F,S,2.14335257503,5.49333224578,77.9756231862,1672.56432885,111.929849916,-0.15
1810,2020,100,GT,D1 Atlantic Coast Conference,730149888,SPC,176460715,2020-02-14 13:00:00,6,1,2,1,1488610600,D. Smith,L,CH,R,1.29166856087,2.45340037212,1.85868548583,-17.3957880614,5.1834125,F,S,2.40412825836,5.48836943325,77.5318835707,1582.31382807,96.244133237,0.0
1811,2020,100,GT,D1 Atlantic Coast Conference,730149888,SPC,176460715,2020-02-14 13:00:00,6,1,2,1,1488610600,D. Smith,L,FA,R,0.345279426012,1.97394080437,11.6474904732,-12.6490952913,5.33121956242,IP,S,1.85260443008,5.71549135352,85.7489435907,1893.8825059,132.728340958,1.0
1812,2020,100,GT,D1 Atlantic Coast Conference,730149888,SPC,176460715,2020-02-14 13:00:00,6,0,0,1,1488610600,D. Smith,L,FA,L,-1.31907112952,2.7933881242,20.3626832562,-14.9650800524,5.43267984368,SL,DP,1.66381374246,6.00235204016,85.3697101558,1970.72664481,143.736151908,-0.15
1813,2020,100,GT,D1 Atlantic Coast Conference,730149888,SPC,176460715,2020-02-14 13:00:00,6,0,1,1,1488610600,D. Smith,L,FA,L,-0.405085999823,2.32233060398,18.9187806362,-12.2208188363,5.25987857354,SS,DP,1.68963414585,6.10396809598,86.0207685573,1913.12009299,147.189518459,-0.15
1814,2020,100,GT,D1 Atlantic Coast Conference,730149888,SPC,176460715,2020-02-14 13:00:00,6,0,2,1,1488610600,D. Smith,L,CH,L,-0.499473005494,4.52189318473,1.22636485012,-2.12962986257,5.43438977318,B,DP,1.98253279154,5.51099962572,77.9671538064,1684.89422527,120.813394065,0.13
1815,2020,100,GT,D1 Atlantic Coast Conference,730149888,SPC,176460715,2020-02-14 13:00:00,6,1,2,1,1488610600,D. Smith,L,FA,L,-0.449362555412,2.23779725838,15.1252243866,-12.5382593071,5.32918290159,IP,DP,1.7519823478,5.91907791224,85.5531497304,1958.12971713,140.410964448,-0.21
1816,2020,100,GT,D1 Atlantic Coast Conference,730149888,SPC,176460715,2020-02-14 13:00:00,7,0,0,0,1755159735,B. Westbrooks,R,FA,R,0.547952725284,0.00299513025081,21.5488577894,0.867295345484,5.53970650116,B,K,-0.369670263779,5.82726175351,89.0723096489,2127.22494637,182.301211038,0.13
1817,2020,100,GT,D1 Atlantic Coast Conference,730149888,SPC,176460715,2020-02-14 13:00:00,7,1,0,0,1755159735,B. Westbrooks,R,FA,R,1.06583752607,2.70215238866,18.1039278829,4.21441335148,6.07322962547,SL,K,-0.531111953464,5.74000306789,87.8278695237,2341.27922087,193.081095099,-0.15
1818,2020,100,GT,D1 Atlantic Coast Conference,730149888,SPC,176460715,2020-02-14 13:00:00,7,1,1,0,1755159735,B. Westbrooks,R,FA,R,0.71204433347,3.59471645755,19.3474476737,2.55496556746,5.78359637497,SL,K,-0.410321061466,5.90528488065,88.723310379,2364.87551256,187.51000955,-0.15
1819,2020,100,GT,D1 Atlantic Coast Conference,730149888,SPC,176460715,2020-02-14 13:00:00,7,1,2,0,1755159735,B. Westbrooks,R,FA,R,0.408974022406,2.93596131183,21.0523024289,3.73556995528,5.97105951982,SL,K,-0.407738867094,5.92508298993,88.5552065894,2305.36765142,190.046377144,-0.15
1820,2020,100,GT,D1 Atlantic Coast Conference,730149888,SPC,176460715,2020-02-14 13:00:00,7,0,0,1,1755159735,B. Westbrooks,R,FA,R,-0.359983507894,2.8340473867,20.518655554,7.56346285069,5.68182551688,SL,K,-0.317238020532,5.99906864626,87.8404917983,2239.59763412,200.203514537,-0.15
1821,2020,100,GT,D1 Atlantic Coast Conference,730149888,SPC,176460715,2020-02-14 13:00:00,7,0,1,1,1755159735,B. Westbrooks,R,FA,R,-0.419562983798,2.22486173951,18.5474918195,3.45082864495,5.44484979336,F,K,-0.639094044532,5.66255276046,82.4223500871,1364.08666442,190.518180402,-0.15
1822,2020,100,GT,D1 Atlantic Coast Conference,730149888,SPC,176460715,2020-02-14 13:00:00,7,1,2,1,1755159735,B. Westbrooks,R,FA,R,1.28065583283,3.42841521331,16.0577529817,-1.05979503773,5.99569864358,B,K,-0.551218154149,5.74306195089,87.7867854799,2291.48961838,176.231828916,0.13
1823,2020,100,GT,D1 Atlantic Coast Conference,730149888,SPC,176460715,2020-02-14 13:00:00,7,2,2,1,1755159735,B. Westbrooks,R,FA,R,0.933378669747,3.19673660464,20.6006290941,0.454364606145,5.68066845161,F,K,-0.181791669888,5.91483743933,87.3135077381,2288.95187426,181.261367373,0.0
1824,2020,100,GT,D1 Atlantic Coast Conference,730149888,SPC,176460715,2020-02-14 13:00:00,7,2,2,1,1755159735,B. Westbrooks,R,SL,R,0.645616518568,1.61425531258,3.20317636344,-7.96153536994,5.1332256135,SS,K,-0.493319000303,5.53377309246,75.073523907,2264.13436254,112.215252182,-0.15
1825,2020,100,GT,D1 Atlantic Coast Conference,730149888,SPC,176460715,2020-02-14 13:00:00,7,0,0,2,1755159735,B. Westbrooks,R,FA,R,0.821115006574,1.93151412649,21.9948756619,0.502830748868,5.75271198668,SL,K,-0.374511773774,5.91496271408,89.6094680563,2333.35682479,181.307671789,-0.15
1826,2020,100,GT,D1 Atlantic Coast Conference,730149888,SPC,176460715,2020-02-14 13:00:00,7,0,1,2,1755159735,B. Westbrooks,R,FA,R,2.55711680506,3.2093625779,20.8882788114,-1.72871049545,5.8244923469,B,K,-0.266133673367,5.99461527001,87.9812188051,2403.57681478,175.276604871,0.13
1827,2020,100,GT,D1 Atlantic Coast Conference,730149888,SPC,176460715,2020-02-14 13:00:00,7,1,1,2,1755159735,B. Westbrooks,R,FA,R,0.839742940655,2.71223833458,27.9093404674,0.948191318714,5.85776777211,SS,K,-0.208588606067,6.1352490557,88.1624713886,2392.72634645,181.943459889,-0.15
1828,2020,100,GT,D1 Atlantic Coast Conference,730149888,SPC,176460715,2020-02-14 13:00:00,7,1,2,2,1755159735,B. Westbrooks,R,FA,R,0.839369882646,3.79282330985,16.5439020847,2.23049357773,5.83617902419,SS,K,-0.133699757006,5.89852402233,87.9023085592,2284.30558021,187.662929433,-0.15
1829,2020,100,GT,D1 Atlantic Coast Conference,730149888,SPC,176460715,2020-02-14 13:00:00,8,0,0,0,1755159735,B. Westbrooks,R,FA,L,1.13165348748,2.35604420404,16.41519948,1.30047860469,5.67649398764,F,IP_OUT,-0.611124754135,5.95433652706,86.895627117,2333.01114076,184.520200087,-0.15
1830,2020,100,GT,D1 Atlantic Coast Conference,730149888,SPC,176460715,2020-02-14 13:00:00,8,0,1,0,1755159735,B. Westbrooks,R,SL,L,-0.821941038178,2.62646389816,2.19736687406,-10.6621401161,5.0925045594,SL,IP_OUT,-0.93724152178,5.43678257179,74.5820134822,2171.31469594,101.895536704,-0.15
1831,2020,100,GT,D1 Atlantic Coast Conference,730149888,SPC,176460715,2020-02-14 13:00:00,8,0,0,1,1755159735,B. Westbrooks,R,FA,R,0.460184536826,2.8219501865,23.6998504175,-1.50811823616,5.90561010766,SS,K,-0.627586980848,5.77437180212,87.0713835141,2318.10368641,176.364278763,-0.15
1832,2020,100,GT,D1 Atlantic Coast Conference,730149888,SPC,176460715,2020-02-14 13:00:00,8,0,1,1,1755159735,B. Westbrooks,R,SL,R,-1.54011839999,2.43215665835,1.05905681814,-9.98551790768,4.8510461807,B,K,-0.756730356465,5.50652381286,73.5029858073,2227.57226009,96.3387825327,0.13
1833,2020,100,GT,D1 Atlantic Coast Conference,730149888,SPC,176460715,2020-02-14 13:00:00,8,1,1,1,1755159735,B. Westbrooks,R,FA,R,2.69578151883,3.6856601623,19.5288839402,-6.13685151234,5.89719911913,B,K,-0.338308305065,5.87170449626,87.8611456508,2307.63692983,162.583188096,0.13
1834,2020,100,GT,D1 Atlantic Coast Conference,730149888,SPC,176460715,2020-02-14 13:00:00,8,2,1,1,1755159735,B. Westbrooks,R,FA,R,1.68516327313,3.40522251696,25.0010833994,-6.99813690371,5.8009757809,SL,K,-0.392335742367,5.87954002417,89.0391936909,2368.15727065,164.382302207,-0.15
1835,2020,100,GT,D1 Atlantic Coast Conference,730149888,SPC,176460715,2020-02-14 13:00:00,8,2,2,1,1755159735,B. Westbrooks,R,FA,R,0.283743886186,3.37641116521,21.458728255,-0.796296696531,5.77672913245,SS,K,-0.450518133281,5.88263317494,87.5000980138,2253.20980983,177.878250968,-0.15
1836,2020,100,GT,D1 Atlantic Coast Conference,730149888,SPC,176460715,2020-02-14 13:00:00,8,0,0,2,1755159735,B. Westbrooks,R,SL,R,-1.0434659094,4.09015064842,-1.25781819094,-8.37024147801,5.17611225927,B,IP_OUT,-0.688487811259,5.46129502151,74.0696901713,2140.47855608,81.7800429177,0.13
1837,2020,100,GT,D1 Atlantic Coast Conference,730149888,SPC,176460715,2020-02-14 13:00:00,8,1,0,2,1755159735,B. Westbrooks,R,SL,R,0.887649571438,1.41065222572,4.8070913968,-8.25159664008,5.28729351464,SL,IP_OUT,-0.805521490195,5.53900089289,75.8993183887,2229.41842948,120.466713727,-0.15
1838,2020,100,GT,D1 Atlantic Coast Conference,730149888,SPC,176460715,2020-02-14 13:00:00,8,1,1,2,1755159735,B. Westbrooks,R,FA,R,2.09694083856,2.14743720928,23.7788933733,-2.56184378946,5.91640796475,B,IP_OUT,-0.233662635674,5.85197468855,88.1090649854,2359.67863973,173.859590076,0.13
1839,2020,100,GT,D1 Atlantic Coast Conference,730149888,SPC,176460715,2020-02-14 13:00:00,8,2,1,2,1755159735,B. Westbrooks,R,FA,R,0.47878962627,3.31287791673,19.0174835878,-4.13290820442,5.86180003578,SL,IP_OUT,-0.458307858834,5.87707007197,87.7970862983,2337.68843474,167.760315952,-0.15
1840,2020,100,GT,D1 Atlantic Coast Conference,730149888,SPC,176460715,2020-02-14 13:00:00,9,0,0,0,1335275008,B. King,R,SI,R,-1.06951098612,3.22644214014,8.18770598037,17.1682239379,5.77634900533,B,S,-2.83743278761,5.28731641192,86.9288955521,2022.14290563,244.40768489,0.13
1841,2020,100,GT,D1 Atlantic Coast Conference,730149888,SPC,176460715,2020-02-14 13:00:00,9,1,0,0,1335275008,B. King,R,FA,R,-0.444557866428,2.84311875118,10.8984806101,16.8783636178,5.68871559691,B,S,-2.8311017641,5.33011861093,86.5681854432,2067.12454046,237.063628067,0.13
1842,2020,100,GT,D1 Atlantic Coast Conference,730149888,SPC,176460715,2020-02-14 13:00:00,9,2,0,0,1335275008,B. King,R,SI,R,0.469621459718,1.54197671892,4.51256118433,15.0466375129,5.59595926362,IP,S,-2.8108259829,5.26477154526,87.0720281463,2110.77607098,253.182673656,1.0
1843,2020,100,GT,D1 Atlantic Coast Conference,730149888,SPC,176460715,2020-02-14 13:00:00,9,0,0,0,1335275008,B. King,R,SI,R,0.364798647298,2.62789617783,7.60389049429,10.9674268791,5.47494112916,SL,IP_OUT,-2.67901093606,5.51697554472,84.9875923352,1889.10387285,235.134009224,-0.15
1844,2020,100,GT,D1 Atlantic Coast Conference,730149888,SPC,176460715,2020-02-14 13:00:00,9,0,0,1,1335275008,B. King,R,SI,L,0.0452331040145,0.877871758591,10.1294962144,13.9476576998,5.40466008197,B,BB,-2.68503681083,5.64488542185,86.9044066317,1982.05264516,233.915101364,0.13
1845,2020,100,GT,D1 Atlantic Coast Conference,730149888,SPC,176460715,2020-02-14 13:00:00,9,1,0,1,1335275008,B. King,R,SI,L,-0.859779550155,2.50988885975,8.68133267376,8.75395946416,5.60273878678,SL,BB,-2.8649572796,5.54253840339,85.266732008,2002.16566807,225.119532384,-0.15
1846,2020,100,GT,D1 Atlantic Coast Conference,730149888,SPC,176460715,2020-02-14 13:00:00,9,1,1,1,1335275008,B. King,R,SI,L,-0.154581122293,0.0204963471831,10.278041332,9.89775812419,5.44073957101,B,BB,-2.72149476175,5.56522958592,86.1449319333,2072.19442882,223.819686494,0.13
1847,2020,100,GT,D1 Atlantic Coast Conference,730149888,SPC,176460715,2020-02-14 13:00:00,9,2,1,1,1335275008,B. King,R,SI,L,-1.30812331962,3.45814765952,6.11273544526,13.4084181593,5.67996892609,B,BB,-2.73691913813,5.4793772996,86.2400380552,2148.36867248,245.366841625,0.13
1848,2020,100,GT,D1 Atlantic Coast Conference,730149888,SPC,176460715,2020-02-14 13:00:00,9,3,1,1,1335275008,B. King,R,SI,L,1.43962124093,0.604741503436,10.1913984756,11.6455872692,5.40059478011,B,BB,-2.66811792369,5.38710631886,86.6863733186,2052.61324075,228.710359841,0.8
1849,2020,100,GT,D1 Atlantic Coast Conference,730149888,SPC,176460715,2020-02-14 13:00:00,9,0,0,1,1335275008,B. King,R,SL,R,-1.06046449117,4.19941279537,1.43865243198,-3.16491303465,5.22141544921,B,DP,-3.03724973605,5.4116113738,77.4591973612,2244.92106463,115.113694836,0.13
1850,2020,100,GT,D1 Atlantic Coast Conference,730149888,SPC,176460715,2020-02-14 13:00:00,9,1,0,1,1335275008,B. King,R,SI,R,0.440603305138,2.06053131678,17.2266522984,7.91034029699,5.45133580221,SL,DP,-2.7298650462,5.43685920561,85.6720051837,2047.59156351,204.618157923,-0.15
1851,2020,100,GT,D1 Atlantic Coast Conference,730149888,SPC,176460715,2020-02-14 13:00:00,9,1,1,1,1335275008,B. King,R,SI,R,-1.49085286662,2.85156510616,7.13446435515,14.2108482076,5.68726448786,B,DP,-2.67416388837,5.50128729636,86.4879841106,2046.71293978,243.227309853,0.13
1852,2020,730240256,APP,D1 Sun Belt Conference,730382592,SIE,298586544,2020-03-11 13:00:00,1,0,0,0,1971603568,S. Roberts,R,FA,R,-1.73725326165,4.47027956146,16.995626997,12.8123787394,5.71999644835,B,BB,-0.549034742858,6.42753230084,86.0928865876,2046.69134066,216.954002811,0.13
1853,2020,730240256,APP,D1 Sun Belt Conference,730382592,SIE,298586544,2020-03-11 13:00:00,1,1,0,0,1971603568,S. Roberts,R,FA,R,-0.636472310954,4.64137680946,17.2099425978,14.3567067992,5.91083109268,B,BB,-0.708674853452,6.2997809812,87.4667282708,1993.31032212,219.779090452,0.13
1854,2020,730240256,APP,D1 Sun Belt Conference,730382592,SIE,298586544,2020-03-11 13:00:00,1,2,0,0,1971603568,S. Roberts,R,FA,R,-1.41779711327,4.20690107509,21.2334257469,9.24467991886,5.95543402226,B,BB,-0.947822564473,6.38740416411,87.7614918016,2051.2624365,203.493987196,0.13
1855,2020,730240256,APP,D1 Sun Belt Conference,730382592,SIE,298586544,2020-03-11 13:00:00,1,3,0,0,1971603568,S. Roberts,R,FA,R,-0.283315085866,2.61678297317,13.0075484269,10.7573996652,6.05344267871,SL,BB,-0.733595616982,6.22073008579,86.7193657689,2019.86722642,219.517324485,-0.15
1856,2020,730240256,APP,D1 Sun Belt Conference,730382592,SIE,298586544,2020-03-11 13:00:00,1,3,1,0,1971603568,S. Roberts,R,FA,R,-0.886560170593,4.12377923773,16.3208221831,16.2535583567,5.82545763382,B,BB,-0.704125593801,6.35822156492,86.6065366975,2074.76923792,224.820218818,0.8
1857,2020,730240256,APP,D1 Sun Belt Conference,730382592,SIE,298586544,2020-03-11 13:00:00,1,0,0,0,1971603568,S. Roberts,R,FA,L,-1.14807234618,4.00633106703,16.6053187378,13.0142307883,5.84603192356,B,IP_OUT,-0.974063518127,6.28805900755,85.5633354068,2075.14648415,218.027056848,0.13
1858,2020,730240256,APP,D1 Sun Belt Conference,730382592,SIE,298586544,2020-03-11 13:00:00,1,1,0,0,1971603568,S. Roberts,R,FA,L,-1.49421364444,4.42666306686,14.9225199426,14.2035323766,6.02067480434,B,IP_OUT,-1.00399580391,6.33405761184,85.1820693692,2093.14766507,223.517291719,0.13
1859,2020,730240256,APP,D1 Sun Belt Conference,730382592,SIE,298586544,2020-03-11 13:00:00,1,2,0,0,1971603568,S. Roberts,R,FA,L,-1.25367355167,2.33411583888,14.116430363,13.2067857491,6.08695046185,SL,IP_OUT,-0.961012495879,6.18514995736,84.6550405672,2008.00994475,223.020820579,-0.15
1860,2020,730240256,APP,D1 Sun Belt Conference,730382592,SIE,298586544,2020-03-11 13:00:00,1,2,1,0,1971603568,S. Roberts,R,FA,L,-0.906829114992,4.42932201122,14.7367843345,14.462755463,6.14905024431,B,IP_OUT,-1.23405508889,6.09715939283,84.4497242719,1984.87238763,224.392292982,0.13
1861,2020,730240256,APP,D1 Sun Belt Conference,730382592,SIE,298586544,2020-03-11 13:00:00,1,0,0,1,1971603568,S. Roberts,R,FA,R,-0.667349794256,4.43328288624,15.348986232,12.8799136173,5.87001578457,B,D,-0.928711800634,6.36986119059,85.08477352,1955.18859676,219.934807925,0.13
1862,2020,730240256,APP,D1 Sun Belt Conference,730382592,SIE,298586544,2020-03-11 13:00:00,1,1,0,1,1971603568,S. Roberts,R,FA,R,0.126905370181,4.06562868117,22.1355249379,10.7858731658,5.95832318036,F,D,-0.942389230662,6.45900262252,86.4226903774,2006.63299891,205.94232493,-0.15
1863,2020,730240256,APP,D1 Sun Belt Conference,730382592,SIE,298586544,2020-03-11 13:00:00,1,1,1,1,1971603568,S. Roberts,R,CU,R,-0.438346729968,6.46348573669,-3.82934033809,-1.70388168814,5.8713068307,B,D,-1.00359014846,6.19434261822,75.9690642159,2215.47006549,24.2399213824,0.13
1864,2020,730240256,APP,D1 Sun Belt Conference,730382592,SIE,298586544,2020-03-11 13:00:00,1,2,1,1,1971603568,S. Roberts,R,FA,R,-1.60634742239,3.31733430645,11.9945730341,10.9605895069,6.02296907437,B,D,-1.15934974508,6.38981852636,85.6116300708,1917.41869241,222.337272514,0.13
1865,2020,730240256,APP,D1 Sun Belt Conference,730382592,SIE,298586544,2020-03-11 13:00:00,1,3,1,1,1971603568,S. Roberts,R,FA,R,0.369835507489,3.0778135506,16.7662193649,10.6116825984,6.22606471754,F,D,-1.00834565532,6.12879796737,85.0595278983,1886.29568978,212.276022262,-0.15
1866,2020,730240256,APP,D1 Sun Belt Conference,730382592,SIE,298586544,2020-03-11 13:00:00,1,3,2,1,1971603568,S. Roberts,R,FA,R,0.182224753952,2.70273008735,14.3630343455,11.3771535654,6.32265098947,IP,D,-0.965562250434,6.09957108475,86.3071504793,1963.87007934,218.316782755,1.26
1867,2020,730240256,APP,D1 Sun Belt Conference,730382592,SIE,298586544,2020-03-11 13:00:00,1,0,0,1,1971603568,S. Roberts,R,CU,R,-1.16056191084,4.91293714494,-7.35126915757,-5.32609142974,5.91354381148,B,IP_OUT,-1.2353228657,6.11975111261,75.3822868042,2388.00401977,36.0960971897,0.13
1868,2020,730240256,APP,D1 Sun Belt Conference,730382592,SIE,298586544,2020-03-11 13:00:00,1,1,0,1,1971603568,S. Roberts,R,CU,R,-0.0340901022612,4.47142495095,-4.99912280601,-3.23630650099,5.67594950519,B,IP_OUT,-1.02285335173,6.19534511373,76.6138655332,2453.12037705,33.1540099569,0.13
1869,2020,730240256,APP,D1 Sun Belt Conference,730382592,SIE,298586544,2020-03-11 13:00:00,1,2,0,1,1971603568,S. Roberts,R,FA,R,0.724351168247,4.46017473668,13.1338065626,10.0070404034,6.19521192046,B,IP_OUT,-0.852233442534,6.31815880341,86.6124948491,1982.00968492,217.232824842,0.13
1870,2020,730240256,APP,D1 Sun Belt Conference,730382592,SIE,298586544,2020-03-11 13:00:00,1,3,0,1,1971603568,S. Roberts,R,FA,R,0.118744422742,3.20242896189,16.9606436682,5.08758178509,6.19232055414,F,IP_OUT,-0.935270586069,6.27411474416,85.372083264,1924.72903926,196.664609278,-0.15
1871,2020,730240256,APP,D1 Sun Belt Conference,730382592,SIE,298586544,2020-03-11 13:00:00,1,3,1,1,1971603568,S. Roberts,R,FA,R,0.216803534467,3.87420215767,20.3765979657,9.81598260544,5.86569020381,SS,IP_OUT,-0.860163629333,6.46554407752,86.1457565949,1947.44795852,205.682806856,-0.15
1872,2020,730240256,APP,D1 Sun Belt Conference,730382592,SIE,298586544,2020-03-11 13:00:00,1,0,0,2,1971603568,S. Roberts,R,FA,R,0.343037843101,2.06455659587,13.8310122691,12.9459621613,6.191521702,B,BB,-1.08264814143,6.18078454474,85.8572286553,2001.41194543,223.03467205,0.13
1873,2020,730240256,APP,D1 Sun Belt Conference,730382592,SIE,298586544,2020-03-11 13:00:00,1,1,0,2,1971603568,S. Roberts,R,FA,R,-0.607007713718,3.98885968828,15.007365046,11.1577163694,6.03057526563,B,BB,-1.08868367042,6.1244074378,85.4459390434,1857.31585967,216.565601187,0.13
1874,2020,730240256,APP,D1 Sun Belt Conference,730382592,SIE,298586544,2020-03-11 13:00:00,1,2,0,2,1971603568,S. Roberts,R,FA,R,0.0705082101902,4.05218043943,13.7010524547,11.6666161466,6.12457233996,B,BB,-1.13683696522,6.04938705652,84.134479057,1872.57429926,220.340490698,0.13
1875,2020,730240256,APP,D1 Sun Belt Conference,730382592,SIE,298586544,2020-03-11 13:00:00,1,3,0,2,1971603568,S. Roberts,R,FA,R,1.38353051836,2.46490539004,13.0563917627,14.4080855312,6.21150034595,B,BB,-1.02972596202,5.95742566591,85.5609243014,1934.10197496,227.741460011,0.8
1876,2020,730240256,APP,D1 Sun Belt Conference,730382592,SIE,298586544,2020-03-11 13:00:00,1,0,0,2,1971603568,S. Roberts,R,CU,R,-2.48903587048,5.19789106452,-2.0068572969,-6.61358780278,5.91455155026,B,S,-1.25468283376,5.9676130167,74.7693679068,2177.80977872,73.4914157101,0.13
1877,2020,730240256,APP,D1 Sun Belt Conference,730382592,SIE,298586544,2020-03-11 13:00:00,1,1,0,2,1971603568,S. Roberts,R,FA,R,-1.014017754,4.17944123791,21.0025712541,10.3805771707,6.01176543879,F,S,-0.895560000326,6.46017061647,87.9125274576,1991.43449997,206.26475684,-0.15
1878,2020,730240256,APP,D1 Sun Belt Conference,730382592,SIE,298586544,2020-03-11 13:00:00,1,1,1,2,1971603568,S. Roberts,R,FA,R,-0.681933990163,1.89566231146,17.0187385664,11.0231599692,6.04336674619,B,S,-0.872076100632,6.38247777473,87.1936732382,1956.68919643,212.878403899,0.13
1879,2020,730240256,APP,D1 Sun Belt Conference,730382592,SIE,298586544,2020-03-11 13:00:00,1,2,1,2,1971603568,S. Roberts,R,FA,R,-0.50676699123,3.14605912449,14.1602497148,12.955626465,6.08496996997,F,S,-1.07398656979,6.20808157106,86.562941481,1834.76421066,222.38624309,-0.15
1880,2020,730240256,APP,D1 Sun Belt Conference,730382592,SIE,298586544,2020-03-11 13:00:00,1,2,2,2,1971603568,S. Roberts,R,CU,R,-0.503727487572,5.87099882095,-1.5053333351,-3.04504449291,5.64715419004,B,S,-0.911852724275,6.21837455932,75.6433236016,2339.06411318,64.392908731,0.13
1881,2020,730240256,APP,D1 Sun Belt Conference,730382592,SIE,298586544,2020-03-11 13:00:00,1,3,2,2,1971603568,S. Roberts,R,FA,R,-0.475038099032,3.19710379715,16.6528154649,15.5154476869,6.12380493638,IP,S,-0.952764985557,6.29038749066,87.4515117598,1976.47959477,222.91688497,1.0
1882,2020,730240256,APP,D1 Sun Belt Conference,730382592,SIE,298586544,2020-03-11 13:00:00,1,0,0,2,1971603568,S. Roberts,R,FA,L,-1.31103376665,4.77034439019,14.1788501319,12.8607764087,6.00267854491,B,S,-1.03406461097,6.24472871994,86.0466667989,1916.67646062,222.138387634,0.13
1883,2020,730240256,APP,D1 Sun Belt Conference,730382592,SIE,298586544,2020-03-11 13:00:00,1,1,0,2,1971603568,S. Roberts,R,FA,L,0.0499734097311,3.13031476573,15.1546055915,11.0685430484,6.16036627267,IP,S,-1.07504616747,6.11401782735,86.1325892379,1896.21177236,216.080636303,1.0
1884,2020,730240256,APP,D1 Sun Belt Conference,730382592,SIE,298586544,2020-03-11 13:00:00,1,0,0,2,1971603568,S. Roberts,R,FA,R,-0.728996108404,3.36744347471,18.3467283608,11.2851716458,6.05259886457,F,IP_OUT,-0.97219222418,6.26662958825,87.069354488,1977.41564224,211.547782086,-0.15
1885,2020,730240256,APP,D1 Sun Belt Conference,730382592,SIE,298586544,2020-03-11 13:00:00,1,0,1,2,1971603568,S. Roberts,R,CU,R,-0.436024883613,4.65541229531,-3.25209140338,-3.51870313669,5.69855177277,B,IP_OUT,-0.94472626926,6.04574018043,75.6790696518,2394.71927072,47.6606964032,0.13
1886,2020,730240256,APP,D1 Sun Belt Conference,730382592,SIE,298586544,2020-03-11 13:00:00,1,1,1,2,1971603568,S. Roberts,R,CU,R,-0.0120615483801,4.20810832426,-2.58632836269,-1.12090968755,5.75285685452,SL,IP_OUT,-1.1478048497,5.98930871031,76.8064165476,2274.91100271,23.7942570448,-0.15
1887,2020,730240256,APP,D1 Sun Belt Conference,730382592,SIE,298586544,2020-03-11 13:00:00,2,0,0,0,1971603568,S. Roberts,R,FA,L,0.400785872335,3.61642066982,22.9553499567,5.42430483391,5.81802899017,F,IP_OUT,-0.713251962072,6.55251739625,86.5602582964,1932.57323713,193.275343425,-0.15
1888,2020,730240256,APP,D1 Sun Belt Conference,730382592,SIE,298586544,2020-03-11 13:00:00,2,0,0,1,1971603568,S. Roberts,R,FA,R,0.202373817787,2.58288237496,15.2016423199,6.23718671941,5.75351163863,F,K,-0.583350302624,6.34790012454,87.3283560343,2007.710552,202.262915882,-0.15
1889,2020,730240256,APP,D1 Sun Belt Conference,730382592,SIE,298586544,2020-03-11 13:00:00,2,0,1,1,1971603568,S. Roberts,R,CU,R,0.644140016901,1.70859297784,-5.55309792849,-3.92911435496,5.59621388763,B,K,-0.927724583096,5.99057829408,77.5052479503,2373.59405558,35.4945128201,0.13
1890,2020,730240256,APP,D1 Sun Belt Conference,730382592,SIE,298586544,2020-03-11 13:00:00,2,1,1,1,1971603568,S. Roberts,R,FA,R,-0.238641642148,3.76705800089,15.1829061896,6.84116199001,6.02352169022,SL,K,-0.603888698639,6.36354051663,87.0700497623,2040.95540964,204.20738613,-0.15
1891,2020,730240256,APP,D1 Sun Belt Conference,730382592,SIE,298586544,2020-03-11 13:00:00,2,1,2,1,1971603568,S. Roberts,R,CU,R,-0.618938542814,4.46037422421,-4.10412111609,-6.5109885451,5.80650095171,B,K,-0.819355584344,5.98755490303,77.0623631811,2438.30085596,58.0550862441,0.13
1892,2020,730240256,APP,D1 Sun Belt Conference,730382592,SIE,298586544,2020-03-11 13:00:00,2,2,2,1,1971603568,S. Roberts,R,FA,R,0.31006430811,3.0577953174,18.2010708744,8.40133989724,6.09698914705,F,K,-0.508904265664,6.3255121776,88.4452075711,1992.2184449,204.737687022,0.0
1893,2020,730240256,APP,D1 Sun Belt Conference,730382592,SIE,298586544,2020-03-11 13:00:00,2,2,2,1,1971603568,S. Roberts,R,FA,R,-0.662839380656,3.63466152706,19.2344007323,9.11149675341,5.84750972111,SL,K,-0.488507692301,6.4690969472,87.8907068999,1911.2436975,205.308388395,-0.15
1894,2020,730240256,APP,D1 Sun Belt Conference,730382592,SIE,298586544,2020-03-11 13:00:00,2,0,0,2,1971603568,S. Roberts,R,FA,L,-1.57706688907,3.69870392886,12.4768487213,11.4537407117,6.0675057573,B,IP_OUT,-0.644210673104,6.34673593295,87.1734351517,1998.08443459,222.474568877,0.13
1895,2020,730240256,APP,D1 Sun Belt Conference,730382592,SIE,298586544,2020-03-11 13:00:00,3,0,0,0,1971603568,S. Roberts,R,FA,R,0.37404502368,2.18868934926,17.1474424596,7.52413840192,5.78079274293,F,D,-0.359514008959,6.42913639277,86.6745908323,1848.67558628,203.648700463,-0.15
1896,2020,730240256,APP,D1 Sun Belt Conference,730382592,SIE,298586544,2020-03-11 13:00:00,3,0,1,0,1971603568,S. Roberts,R,CU,R,0.236654119806,0.508664401743,-9.80160251139,1.38845887427,5.42330913855,B,D,-0.827164037868,6.10365215581,77.4741192904,2496.56003113,351.90122672,0.13
1897,2020,730240256,APP,D1 Sun Belt Conference,730382592,SIE,298586544,2020-03-11 13:00:00,3,1,1,0,1971603568,S. Roberts,R,CU,R,0.198899240787,4.32015057771,-4.75486624156,-5.46697038179,5.5810354445,B,D,-0.756305799031,6.17483532949,75.5679466734,2464.15466071,49.2603206935,0.13
1898,2020,730240256,APP,D1 Sun Belt Conference,730382592,SIE,298586544,2020-03-11 13:00:00,3,2,1,0,1971603568,S. Roberts,R,FA,R,0.396514448881,3.03549897461,16.291968131,6.74109190909,6.1185919142,IP,D,-0.487652368155,6.38336890977,88.0640488213,1884.30347767,202.437120179,1.26
1899,2020,730240256,APP,D1 Sun Belt Conference,730382592,SIE,298586544,2020-03-11 13:00:00,3,0,0,1,1971603568,S. Roberts,R,FA,R,-0.0901425891187,1.9121130623,15.5425351977,9.99024524208,6.3226190531,B,IP_OUT,-0.827227078778,6.34852454173,85.6061214562,1965.45987398,212.672941414,0.13
1900,2020,730240256,APP,D1 Sun Belt Conference,730382592,SIE,298586544,2020-03-11 13:00:00,3,0,0,2,1971603568,S. Roberts,R,FA,R,0.240896890266,2.87615798728,15.0880796764,13.6580287772,6.06556418889,F,D,-0.892805054508,6.26874193296,86.0207848111,2082.06188262,222.085923706,-0.15
1901,2020,730240256,APP,D1 Sun Belt Conference,730382592,SIE,298586544,2020-03-11 13:00:00,3,0,1,2,1971603568,S. Roberts,R,CU,R,-1.04197122897,3.96854140401,-5.37267661948,-5.67979732124,5.70289418829,B,D,-1.13778928052,5.9525955839,75.3560559498,2455.97475749,46.8371809638,0.13
1902,2020,730240256,APP,D1 Sun Belt Conference,730382592,SIE,298586544,2020-03-11 13:00:00,3,1,1,2,1971603568,S. Roberts,R,CU,R,-0.396314781314,1.60726996113,-7.64118200109,-4.34500157811,5.55715651159,B,D,-1.22554093996,5.96899964951,74.9173003603,2520.57332611,29.775355993,0.13
1903,2020,730240256,APP,D1 Sun Belt Conference,730382592,SIE,298586544,2020-03-11 13:00:00,3,2,1,2,1971603568,S. Roberts,R,FA,R,0.633210591243,5.10606908162,18.0787624004,7.56388342286,6.18675056076,B,D,-0.964686021634,6.19309764645,87.2923692422,2015.74879275,202.665567075,0.13
1904,2020,730240256,APP,D1 Sun Belt Conference,730382592,SIE,298586544,2020-03-11 13:00:00,3,3,1,2,1971603568,S. Roberts,R,FA,R,-0.430210067886,4.20238672971,24.281962797,4.93078064466,5.98406886194,F,D,-0.750858955753,6.45863186044,85.671077287,1932.85331948,191.462224613,-0.15
1905,2020,730240256,APP,D1 Sun Belt Conference,730382592,SIE,298586544,2020-03-11 13:00:00,3,3,2,2,1971603568,S. Roberts,R,FA,R,-0.884099912197,3.4863498554,15.5471842963,9.53460655171,6.14347339007,F,D,-0.778057466283,6.16698366945,86.8756128678,1992.08692752,211.462244512,0.0
1906,2020,730240256,APP,D1 Sun Belt Conference,730382592,SIE,298586544,2020-03-11 13:00:00,3,3,2,2,1971603568,S. Roberts,R,FA,R,-0.798471845211,4.40545546097,19.8195556773,11.1634358035,5.89982008987,F,D,-0.755983411435,6.36176361345,87.0210449983,2018.0664835,209.347276476,0.0
1907,2020,730240256,APP,D1 Sun Belt Conference,730382592,SIE,298586544,2020-03-11 13:00:00,3,3,2,2,1971603568,S. Roberts,R,FA,R,-0.555419169047,3.64045588105,15.8892596031,10.2113072515,6.20863206956,IP,D,-0.816406819943,6.26978650353,87.5692362461,2036.64007173,212.672390957,1.26
1908,2020,730240256,APP,D1 Sun Belt Conference,730382592,SIE,298586544,2020-03-11 13:00:00,4,0,0,0,1971603568,S. Roberts,R,FA,R,-0.0371259431864,2.30724862755,13.3174506036,14.7483171091,5.68013261445,SL,S,-0.440008354085,6.38419657977,86.0838519413,1855.75940751,227.841942964,-0.15
1909,2020,730240256,APP,D1 Sun Belt Conference,730382592,SIE,298586544,2020-03-11 13:00:00,4,0,1,0,1971603568,S. Roberts,R,FA,R,0.854621123268,2.45113674274,12.4081167465,12.91858649,5.72598081959,SL,S,-0.568048096345,6.39312580162,87.1568819095,1773.33313745,226.07403917,-0.15
1910,2020,730240256,APP,D1 Sun Belt Conference,730382592,SIE,298586544,2020-03-11 13:00:00,4,0,2,0,1971603568,S. Roberts,R,CU,R,1.01208999585,3.10574677203,-6.99514674126,-6.44721614332,5.81345549754,IP,S,-0.739430130782,6.18428884869,77.281343932,2563.34689209,42.8473542564,1.0
1911,2020,730240256,APP,D1 Sun Belt Conference,730382592,SIE,298586544,2020-03-11 13:00:00,4,0,0,0,1971603568,S. Roberts,R,FA,L,-1.14023006667,3.77782194833,13.1066506454,11.6493971481,6.05496063961,B,S,-1.04698500643,6.13151079159,85.788932709,1889.17523948,221.554681684,0.13
1912,2020,730240256,APP,D1 Sun Belt Conference,730382592,SIE,298586544,2020-03-11 13:00:00,4,1,0,0,1971603568,S. Roberts,R,FA,L,-0.122525944427,4.08080369026,14.9081529914,12.9977578753,5.91286864199,IP,S,-1.0010278165,6.29756169549,86.0484813689,1874.08100515,221.015926011,1.0
1913,2020,730240256,APP,D1 Sun Belt Conference,730382592,SIE,298586544,2020-03-11 13:00:00,4,0,0,2,1971603568,S. Roberts,R,CU,R,-0.494154884606,3.18784505259,-5.29786800305,-6.80056526463,5.67237013283,SL,HBP,-1.25041840303,5.93201935951,76.2583845928,2461.46898859,52.3157314364,-0.15
1914,2020,730240256,APP,D1 Sun Belt Conference,730382592,SIE,298586544,2020-03-11 13:00:00,4,0,1,2,1971603568,S. Roberts,R,FA,R,-1.80101495726,4.61674128541,12.265853064,9.50034584237,6.03194595203,HBP,HBP,-0.892715923215,6.27077521608,87.4655819052,1818.5481586,217.682685245,0.8
1915,2020,730240256,APP,D1 Sun Belt Conference,730382592,SIE,298586544,2020-03-11 13:00:00,4,0,0,2,1971603568,S. Roberts,R,CU,R,0.639865021289,3.71383415827,-5.00344890914,-6.40469801497,5.77571127332,SL,HBP,-1.19068689352,5.8991986996,74.7960936592,2371.30095171,52.2631212379,-0.15
1916,2020,730240256,APP,D1 Sun Belt Conference,730382592,SIE,298586544,2020-03-11 13:00:00,4,0,1,2,1971603568,S. Roberts,R,FA,R,0.986826901555,4.93726803517,15.406019583,8.79210246828,6.20598764722,B,HBP,-0.953417411721,6.15648769623,85.8465159834,1942.23260977,209.656624472,0.13
1917,2020,730240256,APP,D1 Sun Belt Conference,730382592,SIE,298586544,2020-03-11 13:00:00,4,1,1,2,1971603568,S. Roberts,R,FA,R,0.76158293564,2.79142523004,13.0723941638,13.735398832,6.31216745952,F,HBP,-1.02060727553,6.05629257313,86.2406276863,1875.25985403,226.33945153,-0.15
1918,2020,730240256,APP,D1 Sun Belt Conference,730382592,SIE,298586544,2020-03-11 13:00:00,4,1,2,2,1971603568,S. Roberts,R,CU,R,-1.39240001505,4.25022499186,-8.75585237076,-4.74464448056,5.78156861705,HBP,HBP,-1.11287505903,5.98965066585,76.4822412452,2539.65404246,28.5773994275,0.8
1919,2020,730240256,APP,D1 Sun Belt Conference,730382592,SIE,298586544,2020-03-11 13:00:00,4,0,0,2,1982841872,A. Papp,R,FS,R,-0.055665589076,4.21043369742,4.78734416873,6.84343114167,6.83846078766,B,FC,-1.86448742936,6.3049966002,76.1702555025,1253.42899009,234.784173597,0.13
1920,2020,730240256,APP,D1 Sun Belt Conference,730382592,SIE,298586544,2020-03-11 13:00:00,4,1,0,2,1982841872,A. Papp,R,FA,R,-0.0837186128608,2.80436153651,14.8877075575,8.96087502319,7.18396860627,F,FC,-1.80564373595,6.3082742801,84.2060139849,1930.36701029,210.984707802,-0.15
1921,2020,730240256,APP,D1 Sun Belt Conference,730382592,SIE,298586544,2020-03-11 13:00:00,4,1,1,2,1982841872,A. Papp,R,FS,R,-0.363601298314,3.26530334788,3.76301929894,6.73057857415,6.81690391624,F,FC,-1.82989095231,6.33631695242,75.6482785512,1402.07506358,240.508741848,-0.15
1922,2020,730240256,APP,D1 Sun Belt Conference,730382592,SIE,298586544,2020-03-11 13:00:00,4,1,2,2,1982841872,A. Papp,R,FS,R,0.198499070781,3.57747875508,4.76436926473,4.23311075118,6.73805915835,IP,FC,-1.71742802134,6.33242148637,76.1276550225,1140.53866676,221.361143008,-0.21
1923,2020,730240256,APP,D1 Sun Belt Conference,730382592,SIE,298586544,2020-03-11 13:00:00,5,0,0,2,1982841872,A. Papp,R,FA,R,0.165392826855,3.29488038853,11.159486537,8.65490045755,7.39708868671,SL,S,-1.59123147267,6.26867195466,84.3018700503,1867.12780294,217.711262569,-0.15
1924,2020,730240256,APP,D1 Sun Belt Conference,730382592,SIE,298586544,2020-03-11 13:00:00,5,0,1,2,1982841872,A. Papp,R,FS,R,-0.451275687635,1.99780329439,9.4062397246,5.26791637154,6.74026754059,B,S,-1.81464235773,6.39401983811,77.2733856246,1355.42095828,209.142012199,0.13
1925,2020,730240256,APP,D1 Sun Belt Conference,730382592,SIE,298586544,2020-03-11 13:00:00,5,1,1,2,1982841872,A. Papp,R,FS,R,0.104529715063,2.6785224815,10.1900321022,4.59925542383,6.97754773728,F,S,-1.96660589742,6.33898920049,76.850564429,1276.69316602,204.203470095,-0.15
1926,2020,730240256,APP,D1 Sun Belt Conference,730382592,SIE,298586544,2020-03-11 13:00:00,5,1,2,2,1982841872,A. Papp,R,FA,R,0.870794860266,2.83329913013,15.7258440634,10.1646690639,7.10921629109,F,S,-1.64117273708,6.3187443426,86.595206765,1946.33647537,212.822225347,0.0
1927,2020,730240256,APP,D1 Sun Belt Conference,730382592,SIE,298586544,2020-03-11 13:00:00,5,1,2,2,1982841872,A. Papp,R,SL,R,0.465575831615,3.33963492435,2.30481125717,-0.451362338876,7.05483796341,IP,S,-1.8498974567,6.32833127707,75.7049438542,1801.62224539,169.121876333,1.0
1928,2020,730240256,APP,D1 Sun Belt Conference,730382592,SIE,298586544,2020-03-11 13:00:00,6,0,0,0,1982841872,A. Papp,R,FA,R,0.636673672742,1.58504509354,16.5817050616,5.47528806733,7.24364737203,B,K,-1.60756366,6.22231292561,84.7482482255,1992.41753814,198.2372956,0.13
1929,2020,730240256,APP,D1 Sun Belt Conference,730382592,SIE,298586544,2020-03-11 13:00:00,6,1,0,0,1982841872,A. Papp,R,FS,R,-0.0151793671674,2.78712213855,9.81682253772,4.65730640297,6.97529378959,SS,K,-1.73190538764,6.33035415005,76.9139805717,1288.24900426,205.283439837,-0.15
1930,2020,730240256,APP,D1 Sun Belt Conference,730382592,SIE,298586544,2020-03-11 13:00:00,6,1,1,0,1982841872,A. Papp,R,FA,R,-0.342530652478,2.88226196974,13.9865239029,7.33623121486,7.21659026554,F,K,-1.58551631995,6.25614861694,84.2897997546,1898.54110907,207.618873784,-0.15
1931,2020,730240256,APP,D1 Sun Belt Conference,730382592,SIE,298586544,2020-03-11 13:00:00,6,1,2,0,1982841872,A. Papp,R,FS,R,-0.588274763455,1.66359993463,7.77924773643,8.55458983991,6.79803396451,SS,K,-1.68215378463,6.26117823226,78.4806968002,1347.79224234,227.567333434,-0.15
1932,2020,730240256,APP,D1 Sun Belt Conference,730382592,SIE,298586544,2020-03-11 13:00:00,6,0,0,1,1982841872,A. Papp,R,FS,L,-0.709610197639,2.22468092864,2.5419333729,4.97119474716,6.68437117586,SS,S,-1.75333343497,6.31403785909,77.1365607154,1336.09879461,242.535338054,-0.15
1933,2020,730240256,APP,D1 Sun Belt Conference,730382592,SIE,298586544,2020-03-11 13:00:00,6,0,1,1,1982841872,A. Papp,R,FS,L,-1.03547422351,1.37593017703,6.43293395248,4.90488658492,6.69904803123,B,S,-1.90896619298,6.44356460981,77.0412418841,1410.2013642,217.143708741,0.13
1934,2020,730240256,APP,D1 Sun Belt Conference,730382592,SIE,298586544,2020-03-11 13:00:00,6,1,1,1,1982841872,A. Papp,R,FA,L,-0.640956807652,3.15391761869,16.0578507784,5.45455756024,7.12029074202,F,S,-1.60893755102,6.31338682661,84.7438951027,1916.11465674,198.724090038,-0.15
1935,2020,730240256,APP,D1 Sun Belt Conference,730382592,SIE,298586544,2020-03-11 13:00:00,6,1,2,1,1982841872,A. Papp,R,FS,L,-0.769878972451,3.81645590661,8.76798715018,-0.256685667056,6.85087766905,IP,S,-1.81453791134,6.32861343819,78.0677370854,1202.02199081,178.330940123,1.0
1936,2020,730240256,APP,D1 Sun Belt Conference,730382592,SIE,298586544,2020-03-11 13:00:00,6,0,0,1,1982841872,A. Papp,R,SL,R,1.44682817502,1.63241550586,2.0051487262,-5.5926398269,7.17317831514,B,IP_OUT,-1.87350964529,6.17166050554,75.7291085992,1786.36319875,110.123728217,0.13
1937,2020,730240256,APP,D1 Sun Belt Conference,730382592,SIE,298586544,2020-03-11 13:00:00,6,0,0,2,1982841872,A. Papp,R,FA,R,0.178466743687,3.10508308162,15.975944785,8.37780116572,7.19719461521,SL,K,-1.69699260056,6.44894167678,83.7602938518,1829.90851369,207.620044533,-0.15
1938,2020,730240256,APP,D1 Sun Belt Conference,730382592,SIE,298586544,2020-03-11 13:00:00,6,0,1,2,1982841872,A. Papp,R,SL,R,0.628458869554,2.00084305104,4.52564275213,-4.59822663727,7.30381185081,SS,K,-1.90965619652,6.14958237831,75.8372215794,1727.3903717,134.816954891,-0.15
1939,2020,730240256,APP,D1 Sun Belt Conference,730382592,SIE,298586544,2020-03-11 13:00:00,6,0,2,2,1982841872,A. Papp,R,FS,R,-6.1903554328e-05,2.66984096618,14.0123739297,0.921454521922,6.81771815342,SS,K,-1.86344906307,6.5333418103,76.6812220712,1224.39843999,183.750795911,-0.15
1940,2020,730240256,APP,D1 Sun Belt Conference,730382592,SIE,298586544,2020-03-11 13:00:00,7,0,0,0,1982841872,A. Papp,R,FA,R,0.161030342573,3.48547420377,18.5747052368,10.5587745544,6.98951515104,F,IP_OUT,-1.56574528349,6.47048636892,84.9556892434,1848.45236623,209.569707071,-0.15
1941,2020,730240256,APP,D1 Sun Belt Conference,730382592,SIE,298586544,2020-03-11 13:00:00,7,0,1,0,1982841872,A. Papp,R,FS,R,0.473361125632,4.12532279443,10.438013433,-3.08281985834,7.1408466176,B,IP_OUT,-1.94695445399,6.33964471929,76.0412824317,1734.27059923,163.610915272,0.13
1942,2020,730240256,APP,D1 Sun Belt Conference,730382592,SIE,298586544,2020-03-11 13:00:00,7,1,1,0,1982841872,A. Papp,R,FA,R,0.214224855659,1.53668018403,14.9098414434,15.0828216988,7.37891118914,B,IP_OUT,-1.66385451758,6.39042926169,85.2787384655,2080.76053716,225.264612849,0.13
1943,2020,730240256,APP,D1 Sun Belt Conference,730382592,SIE,298586544,2020-03-11 13:00:00,7,2,1,0,1982841872,A. Papp,R,FS,R,-1.70294576836,2.79876473337,3.58775316897,11.3608971315,6.73361008551,B,IP_OUT,-1.90733797694,6.38450385645,76.9740717735,1331.85250042,252.27812457,0.13
1944,2020,730240256,APP,D1 Sun Belt Conference,730382592,SIE,298586544,2020-03-11 13:00:00,7,3,1,0,1982841872,A. Papp,R,FA,R,0.155446858195,2.38385284693,15.0267377672,14.1867961545,7.43779703337,SS,IP_OUT,-1.70959566672,6.28629062838,83.3355161984,2040.96760262,223.28525762,-0.15
1945,2020,730240256,APP,D1 Sun Belt Conference,730382592,SIE,298586544,2020-03-11 13:00:00,7,0,0,1,1039342718,P. Cole,R,FA,R,-0.0156582374451,4.21178524049,19.8429919829,-1.54250346854,6.9796495423,F,IP_OUT,-0.936525499562,6.58356557388,88.9266645264,2129.7205457,175.562086915,-0.15
1946,2020,730240256,APP,D1 Sun Belt Conference,730382592,SIE,298586544,2020-03-11 13:00:00,7,0,0,2,1039342718,P. Cole,R,FA,L,-0.654161354902,3.96815947917,17.4213756184,3.61795668636,6.91594740201,B,S,-1.29284564184,6.49898343084,89.0262696731,2167.41729058,191.711117548,0.13
1947,2020,730240256,APP,D1 Sun Belt Conference,730382592,SIE,298586544,2020-03-11 13:00:00,7,1,0,2,1039342718,P. Cole,R,FA,L,-0.667093890447,2.47502288025,21.9938383408,3.03799614572,6.92106997382,SL,S,-1.04464179105,6.58529038391,88.3573648004,2190.31670955,187.852949067,-0.15
1948,2020,730240256,APP,D1 Sun Belt Conference,730382592,SIE,298586544,2020-03-11 13:00:00,7,1,1,2,1039342718,P. Cole,R,FA,L,-1.97455001021,3.13019787232,19.1750488379,4.74487561489,6.84290215772,B,S,-0.97764128549,6.57450336777,88.8238014229,2173.34133736,193.876316969,0.13
1949,2020,730240256,APP,D1 Sun Belt Conference,730382592,SIE,298586544,2020-03-11 13:00:00,7,2,1,2,1039342718,P. Cole,R,FA,L,-1.09046680964,2.56389350538,21.7431852779,-0.716567394738,6.81510201363,F,S,-1.02192230607,6.57753454926,88.82462912,2161.29239808,178.115242539,-0.15
1950,2020,730240256,APP,D1 Sun Belt Conference,730382592,SIE,298586544,2020-03-11 13:00:00,7,2,2,2,1039342718,P. Cole,R,CU,L,-0.248664873956,2.59198109264,-7.06260534234,-5.13315223896,6.18455693023,IP,S,-1.31337452616,6.46332611693,74.0619968169,2379.54528138,36.1938091166,1.0
1951,2020,730240256,APP,D1 Sun Belt Conference,730382592,SIE,298586544,2020-03-11 13:00:00,7,0,0,2,1039342718,P. Cole,R,FA,R,0.776541238965,1.11179693468,20.0961700338,-1.79501058429,6.9970406865,B,D,-0.886141215293,6.39387217148,89.8017242529,2280.45241862,174.903741868,0.13
1952,2020,730240256,APP,D1 Sun Belt Conference,730382592,SIE,298586544,2020-03-11 13:00:00,7,1,0,2,1039342718,P. Cole,R,FA,R,0.0605665440181,3.76450300039,19.7684341301,3.76694803562,7.11574769346,F,D,-1.06463571676,6.58248174239,88.2947982186,2233.4625156,190.771451489,-0.15
1953,2020,730240256,APP,D1 Sun Belt Conference,730382592,SIE,298586544,2020-03-11 13:00:00,7,1,1,2,1039342718,P. Cole,R,FA,R,0.0134517552519,3.11408819849,20.321820171,1.56804257102,7.18933590946,IP,D,-0.848629056743,6.56216194493,89.4581144157,2217.23443579,184.405482362,1.26
1954,2020,730240256,APP,D1 Sun Belt Conference,730382592,SIE,298586544,2020-03-11 13:00:00,7,0,0,2,1039342718,P. Cole,R,FA,L,-0.4193597222,2.31995609205,19.9174960978,1.26044995828,6.837690554,SL,IP_OUT,-0.863247854384,6.58376865307,89.4456580447,2220.94161925,183.615255178,-0.15
1955,2020,730240256,APP,D1 Sun Belt Conference,730382592,SIE,298586544,2020-03-11 13:00:00,8,0,0,0,1039342718,P. Cole,R,FA,R,-0.711702642983,2.11798818606,18.166725089,-2.69976235669,6.60194028556,B,S,-0.921839830225,6.59110753342,88.101899784,2073.9311708,171.562335275,0.13
1956,2020,730240256,APP,D1 Sun Belt Conference,730382592,SIE,298586544,2020-03-11 13:00:00,8,1,0,0,1039342718,P. Cole,R,FA,R,0.627740388864,1.94438837169,20.1043639789,-2.07729817384,6.63999087587,B,S,-1.08102840718,6.57750355734,87.741766633,2057.69478749,174.110484863,0.13
1957,2020,730240256,APP,D1 Sun Belt Conference,730382592,SIE,298586544,2020-03-11 13:00:00,8,2,0,0,1039342718,P. Cole,R,FA,R,0.0160644710714,2.57287030214,20.1069492441,1.50434392447,6.79511981011,IP,S,-1.06982287348,6.6155523859,86.6905409218,2090.49848021,184.271519148,1.0
1958,2020,730240256,APP,D1 Sun Belt Conference,730382592,SIE,298586544,2020-03-11 13:00:00,8,0,0,0,1039342718,P. Cole,R,FA,L,-0.135486463614,2.91330096374,19.0738882063,-1.20380872662,6.59639711535,F,S,-0.912941371359,6.58258523921,88.2505304904,2115.2125124,176.394919977,-0.15
1959,2020,730240256,APP,D1 Sun Belt Conference,730382592,SIE,298586544,2020-03-11 13:00:00,8,0,1,0,1039342718,P. Cole,R,CU,L,-1.51759527832,3.43069473127,-9.84277546162,-1.57525780079,6.40944089185,B,S,-1.39913786571,6.41857699776,73.2818046364,2333.14213373,9.13689459015,0.13
1960,2020,730240256,APP,D1 Sun Belt Conference,730382592,SIE,298586544,2020-03-11 13:00:00,8,1,1,0,1039342718,P. Cole,R,FA,L,-1.18012334191,3.06712036896,19.8876304249,2.27458291049,6.86690635642,F,S,-0.901172478067,6.50744966134,87.6219997355,2163.80803635,186.513875273,-0.15
1961,2020,730240256,APP,D1 Sun Belt Conference,730382592,SIE,298586544,2020-03-11 13:00:00,8,1,2,0,1039342718,P. Cole,R,FA,L,-0.68248867429,3.28633925049,21.5680025424,-0.268365800643,6.92780805819,IP,S,-1.15512844604,6.42713413343,88.4409671607,2064.58326575,179.288193269,1.0
1962,2020,730240256,APP,D1 Sun Belt Conference,730382592,SIE,298586544,2020-03-11 13:00:00,8,0,0,0,1032629484,M. Helms,R,SL,R,-1.72224953534,3.30293944989,2.15584493976,-4.02441743806,7.16868737821,B,BB,-1.34829257901,5.90364789549,76.5880448841,2085.64868435,118.645913359,0.13
1963,2020,730240256,APP,D1 Sun Belt Conference,730382592,SIE,298586544,2020-03-11 13:00:00,8,1,0,0,1032629484,M. Helms,R,SL,R,-0.311267207882,4.71483986138,4.55107142071,-5.79156749522,6.8330890142,B,BB,-1.33364372313,5.99179095936,77.2072186136,2230.5690724,128.418846951,0.13
1964,2020,730240256,APP,D1 Sun Belt Conference,730382592,SIE,298586544,2020-03-11 13:00:00,8,2,0,0,1032629484,M. Helms,R,FA,R,-1.54995332723,3.91918220206,18.0531406351,6.05422626408,7.69959858,B,BB,-1.22107531114,6.12365060935,85.1219020628,2073.05975295,198.506592098,0.13
1965,2020,730240256,APP,D1 Sun Belt Conference,730382592,SIE,298586544,2020-03-11 13:00:00,8,3,0,0,1032629484,M. Helms,R,FA,R,2.41678907443,1.48401622977,13.3084353551,0.485640669266,7.69438168465,B,BB,-1.00836587209,6.04095143177,86.7739412958,2092.10711333,182.084803274,0.8
1966,2020,730240256,APP,D1 Sun Belt Conference,730382592,SIE,298586544,2020-03-11 13:00:00,8,0,0,0,1032629484,M. Helms,R,FA,R,0.678178677397,2.93696058584,13.1473166991,7.64929690847,7.75042991591,SL,D,-1.03530779646,5.95336691519,86.4955931005,1906.22460527,210.129596468,-0.15
1967,2020,730240256,APP,D1 Sun Belt Conference,730382592,SIE,298586544,2020-03-11 13:00:00,8,1,1,0,1032629484,M. Helms,R,FA,R,1.38350870694,3.21732773566,14.4413809539,7.238901965,7.59652088155,SL,D,-1.00783258523,6.07158180653,86.9611982508,2132.89431606,206.57122006,-0.15
1968,2020,730240256,APP,D1 Sun Belt Conference,730382592,SIE,298586544,2020-03-11 13:00:00,8,1,2,0,1032629484,M. Helms,R,SL,R,-0.513082300239,3.7020854722,0.0537019470974,-5.87658360007,7.25507483806,IP,D,-1.25437524679,5.97316090821,77.7772697429,2241.56367869,90.922587007,1.26
1969,2020,730240256,APP,D1 Sun Belt Conference,730382592,SIE,298586544,2020-03-11 13:00:00,8,0,0,0,1122568214,J. Hartman,R,FA,R,0.0958771584876,1.41356634595,15.1260586885,10.3494174559,7.04132744964,B,BB,-1.98512509513,6.17304917653,96.3058469634,2555.33350494,214.333057845,0.13
1970,2020,730240256,APP,D1 Sun Belt Conference,730382592,SIE,298586544,2020-03-11 13:00:00,8,1,0,0,1122568214,J. Hartman,R,FA,R,0.0101198502584,3.64079408133,18.1543034853,9.02061243016,6.90313672717,SS,BB,-1.85039848638,6.23017237122,96.0646994608,2535.53046126,206.387384369,-0.15
1971,2020,730240256,APP,D1 Sun Belt Conference,730382592,SIE,298586544,2020-03-11 13:00:00,8,1,1,0,1122568214,J. Hartman,R,FA,R,0.523669606968,2.31196900222,16.8381329181,6.49669220758,6.95088883405,F,BB,-1.86249598275,6.25684984829,96.2348534633,2618.65228451,201.066959626,-0.15
1972,2020,730240256,APP,D1 Sun Belt Conference,730382592,SIE,298586544,2020-03-11 13:00:00,8,1,2,0,1122568214,J. Hartman,R,FC,R,1.92166668,1.95443796677,2.1676270362,-1.40267549106,6.56806053394,B,BB,-2.12579891847,6.03634064537,89.5132680398,2656.87083124,147.481760865,0.13
1973,2020,730240256,APP,D1 Sun Belt Conference,730382592,SIE,298586544,2020-03-11 13:00:00,8,2,2,0,1122568214,J. Hartman,R,FA,R,0.760634820562,0.993684786633,16.6930112236,5.73465900959,6.8759014681,B,BB,-1.80820465892,6.2955636411,95.471786248,2516.67725004,198.929819521,0.13
1974,2020,730240256,APP,D1 Sun Belt Conference,730382592,SIE,298586544,2020-03-11 13:00:00,8,3,2,0,1122568214,J. Hartman,R,FA,R,0.341680636295,1.3981754872,16.4483747631,8.31610876329,7.35482543351,B,BB,-1.90102338013,6.15897692976,95.4977384886,2646.01754421,206.782523135,0.8
1975,2020,730240256,APP,D1 Sun Belt Conference,730382592,SIE,298586544,2020-03-11 13:00:00,8,0,0,0,1122568214,J. Hartman,R,FA,R,1.00082473901,1.09147667259,16.1194746177,8.58046928383,7.26210053031,B,FC,-1.99895313049,6.11749743364,95.0686385877,2591.43268469,207.985973502,0.13
1976,2020,730240256,APP,D1 Sun Belt Conference,730382592,SIE,298586544,2020-03-11 13:00:00,8,1,0,0,1122568214,J. Hartman,R,FA,R,0.783856999415,3.36106692045,16.9349198381,7.92277288577,7.04251724681,SS,FC,-1.82648241749,6.2232467195,95.6702005482,2577.23050669,205.036293512,-0.15
1977,2020,730240256,APP,D1 Sun Belt Conference,730382592,SIE,298586544,2020-03-11 13:00:00,8,1,1,0,1122568214,J. Hartman,R,CU,R,0.526483636885,2.82331345893,-7.1286003444,-4.182239143,5.86214098358,IP,FC,-2.00071396907,6.33146163352,79.5670880435,2468.66040117,30.5467890002,-0.21
1978,2020,730240256,APP,D1 Sun Belt Conference,730382592,SIE,298586544,2020-03-11 13:00:00,8,0,0,1,1122568214,J. Hartman,R,FA,L,0.595197118017,2.29439471644,17.1746853239,6.43245399815,7.30766002553,IP,S,-2.09710119099,6.16879277797,95.8137297861,2641.50956634,200.50286796,1.0
1979,2020,730240256,APP,D1 Sun Belt Conference,730382592,SIE,298586544,2020-03-11 13:00:00,8,0,0,1,1122568214,J. Hartman,R,FA,R,0.532814926075,1.43653524234,15.4957991837,7.11317785254,7.00718671136,B,BB,-1.93705442576,6.24621561666,95.3768825886,2364.77039761,204.61837028,0.13
1980,2020,730240256,APP,D1 Sun Belt Conference,730382592,SIE,298586544,2020-03-11 13:00:00,8,1,0,1,1122568214,J. Hartman,R,FA,R,-0.173574947253,2.83506189459,18.602497145,6.12598734314,6.94007507702,F,BB,-1.81640690705,6.23922618329,95.2242316905,2635.1044408,198.201627509,-0.15
1981,2020,730240256,APP,D1 Sun Belt Conference,730382592,SIE,298586544,2020-03-11 13:00:00,8,1,1,1,1122568214,J. Hartman,R,FC,R,2.17791705037,2.58744151546,5.99217697826,-8.42040721811,6.57779882758,B,BB,-2.19389097839,6.20486997253,89.0475313326,2522.75427679,125.582010883,0.13
1982,2020,730240256,APP,D1 Sun Belt Conference,730382592,SIE,298586544,2020-03-11 13:00:00,8,2,1,1,1122568214,J. Hartman,R,FA,R,0.814033797825,1.2484452002,18.2468218797,11.4244194951,7.02379101748,B,BB,-1.87406322324,6.25975409385,94.4874262811,2416.11905898,212.010315855,0.13
1983,2020,730240256,APP,D1 Sun Belt Conference,730382592,SIE,298586544,2020-03-11 13:00:00,8,3,1,1,1122568214,J. Hartman,R,FA,R,0.260277275347,2.85646270593,15.0724559397,6.79147882815,7.32409750462,F,BB,-1.86888111803,6.16666489648,94.9378982455,2433.66886592,204.216409033,-0.15
1984,2020,730240256,APP,D1 Sun Belt Conference,730382592,SIE,298586544,2020-03-11 13:00:00,8,3,2,1,1122568214,J. Hartman,R,FA,R,1.47918021011,2.41900929064,16.2933611815,6.15117520939,7.52429233949,B,BB,-1.90444778497,6.11299154219,95.6699674074,2530.69686767,200.651462623,0.8
1985,2020,730240256,APP,D1 Sun Belt Conference,730382592,SIE,298586544,2020-03-11 13:00:00,8,0,0,1,1122568214,J. Hartman,R,FA,L,0.23883409429,2.72549864193,15.5520216694,7.0528931892,7.2622871128,F,K,-1.87571124752,6.18090556569,95.8438009594,2378.24899482,204.356591463,-0.15
1986,2020,730240256,APP,D1 Sun Belt Conference,730382592,SIE,298586544,2020-03-11 13:00:00,8,0,1,1,1122568214,J. Hartman,R,FA,L,0.0701369804323,3.84586078744,16.2475479862,2.60982303111,7.10424418088,F,K,-1.90463291223,6.19151192849,95.17894968,2445.2550754,189.110087262,-0.15
1987,2020,730240256,APP,D1 Sun Belt Conference,730382592,SIE,298586544,2020-03-11 13:00:00,8,0,2,1,1122568214,J. Hartman,R,FA,L,0.405238495826,2.31975953279,16.9668294807,10.2541443515,6.78389448855,SL,K,-1.97180152553,6.24734833853,95.2617763762,2449.36865116,211.105467245,-0.15
1988,2020,730240256,APP,D1 Sun Belt Conference,730382592,SIE,298586544,2020-03-11 13:00:00,9,0,0,0,1122568214,J. Hartman,R,FA,L,0.502420175007,3.13990349912,17.078274103,3.29678480622,7.17611431921,IP,S,-2.01101596147,6.2703070024,93.6764393609,2501.72589529,190.90821962,1.0
1989,2020,730240256,APP,D1 Sun Belt Conference,730382592,SIE,298586544,2020-03-11 13:00:00,9,0,0,0,1122568214,J. Hartman,R,CU,R,-1.65654784494,7.12059143151,-12.1408414503,-6.48729403416,6.1152826572,B,BB,-1.97743835273,6.31765882037,79.0334895508,2544.19992997,28.2007481115,0.13
1990,2020,730240256,APP,D1 Sun Belt Conference,730382592,SIE,298586544,2020-03-11 13:00:00,9,1,0,0,1122568214,J. Hartman,R,FA,R,1.30839570229,3.83073709682,17.0143432594,4.81884606251,6.95163846246,B,BB,-1.88654923934,6.11968748497,94.2689425823,2532.03633131,195.788067978,0.13
1991,2020,730240256,APP,D1 Sun Belt Conference,730382592,SIE,298586544,2020-03-11 13:00:00,9,2,0,0,1122568214,J. Hartman,R,FA,R,0.0367109256626,4.22632300054,18.4385589428,4.03500879643,7.18887141359,B,BB,-1.93114937269,6.28982337575,93.3313467116,2412.69994481,192.324935128,0.13
1992,2020,730240256,APP,D1 Sun Belt Conference,730382592,SIE,298586544,2020-03-11 13:00:00,9,3,0,0,1122568214,J. Hartman,R,FA,R,1.86976076179,1.04727007296,18.3585682656,2.67486328421,7.34592577999,B,BB,-1.86549282475,6.13288759946,94.6273765536,2460.45768146,188.277220543,0.8
1993,2020,730240256,APP,D1 Sun Belt Conference,730382592,SIE,298586544,2020-03-11 13:00:00,9,0,0,0,1122568214,J. Hartman,R,CU,R,-0.767029172513,5.62350710504,-8.3886742214,-1.40117671027,6.51478030063,B,SH,-2.12518041927,6.36509931205,77.5285947337,2553.63687483,9.53023794971,0.13
1994,2020,730240256,APP,D1 Sun Belt Conference,730382592,SIE,298586544,2020-03-11 13:00:00,9,1,0,0,1122568214,J. Hartman,R,FA,R,0.606209483733,2.63168589442,17.5569848697,6.46470145116,7.16837559591,F,SH,-1.99706747359,6.28005270689,93.6473416694,2410.30158872,200.184051591,-0.15
1995,2020,730240256,APP,D1 Sun Belt Conference,730382592,SIE,298586544,2020-03-11 13:00:00,9,0,0,1,1122568214,J. Hartman,R,CU,R,-0.823225817878,4.72124952233,-9.18673856304,-6.05160643718,6.53466714523,B,K,-1.94545551718,6.30371145047,78.8353872296,2488.41090499,33.4944876136,0.13
1996,2020,730240256,APP,D1 Sun Belt Conference,730382592,SIE,298586544,2020-03-11 13:00:00,9,1,0,1,1122568214,J. Hartman,R,CU,R,0.0730092214182,4.43123004371,-10.7874135624,-8.14863804195,6.1238640538,B,K,-1.83767554878,6.34081355682,77.2382221222,2461.1570884,37.1789889473,0.13
1997,2020,730240256,APP,D1 Sun Belt Conference,730382592,SIE,298586544,2020-03-11 13:00:00,9,2,0,1,1122568214,J. Hartman,R,FA,R,0.325726625995,3.17384850715,17.9919245182,6.25571251493,7.06784893637,F,K,-2.0527787028,6.24850365753,94.5635489884,2510.20959815,199.14440623,-0.15
1998,2020,730240256,APP,D1 Sun Belt Conference,730382592,SIE,298586544,2020-03-11 13:00:00,9,2,1,1,1122568214,J. Hartman,R,FA,R,0.50389356218,3.31991586247,17.5602609151,9.06441182195,7.24065918899,F,K,-1.82625895006,6.14561629893,94.8673865524,2483.41056114,207.265613863,-0.15
1999,2020,730240256,APP,D1 Sun Belt Conference,730382592,SIE,298586544,2020-03-11 13:00:00,9,2,2,1,1122568214,J. Hartman,R,FC,R,1.25931122962,3.72558794564,9.06109505172,-1.21183315851,6.61356674596,SS,K,-2.21745527791,6.14114021884,87.705009974,2694.46056086,172.409586142,-0.15
2000,2020,730240256,APP,D1 Sun Belt Conference,730382592,SIE,298586544,2020-03-11 13:00:00,9,0,0,2,1122568214,J. Hartman,R,FC,R,-0.416949783638,3.02356127867,5.25452752319,-5.01944552248,6.63952923635,SL,K,-2.25344950194,6.15041405937,86.5168616003,2530.88624468,136.496217403,-0.15
2001,2020,730240256,APP,D1 Sun Belt Conference,730382592,SIE,298586544,2020-03-11 13:00:00,9,0,1,2,1122568214,J. Hartman,R,CU,R,-0.567996658523,4.60782691265,-6.61958933585,-8.5584770303,6.11728968194,B,K,-1.99993203592,6.20900281739,79.4174748839,2598.12412978,52.4558264618,0.13
2002,2020,730240256,APP,D1 Sun Belt Conference,730382592,SIE,298586544,2020-03-11 13:00:00,9,1,1,2,1122568214,J. Hartman,R,FC,R,-0.660049497176,3.91506149603,2.48910068183,-1.95519709508,6.58223371126,SL,K,-2.18628405923,6.05580614434,85.9476831034,2665.25169462,142.239294973,-0.15
2003,2020,730240256,APP,D1 Sun Belt Conference,730382592,SIE,298586544,2020-03-11 13:00:00,9,1,2,2,1122568214,J. Hartman,R,FA,R,0.56961534395,4.30252842414,17.9405716866,7.12328917843,7.32168330181,B,K,-1.87912310653,6.1467189948,94.4965219818,2588.25709226,201.624886961,0.13
2004,2020,730240256,APP,D1 Sun Belt Conference,730382592,SIE,298586544,2020-03-11 13:00:00,9,2,2,2,1122568214,J. Hartman,R,FA,R,1.27305829903,2.00084983007,17.6175647777,6.91792098523,7.07366230998,B,K,-1.7087459536,6.22346849226,94.4472491367,2623.36262196,201.407177566,0.13
2005,2020,730240256,APP,D1 Sun Belt Conference,730382592,SIE,298586544,2020-03-11 13:00:00,9,3,2,2,1122568214,J. Hartman,R,FA,R,0.00848223880791,3.58125727654,11.6009390776,2.02618952128,6.57554604817,SS,K,-2.16711838565,6.12313896424,87.9568690121,2631.14553991,189.880194861,-0.15
2006,2020,730240256,APP,D1 Sun Belt Conference,730382592,SIE,300961842,2020-03-10 13:00:00,1,0,0,0,1104769124,C. Roberts,R,FA,R,-1.01702021243,3.77319479287,1.95920631568,9.33092182847,6.6620265376,B,IP_OUT,-2.3039084728,4.60193239967,82.9632972805,2033.9629724,257.928461176,0.13
2007,2020,730240256,APP,D1 Sun Belt Conference,730382592,SIE,300961842,2020-03-10 13:00:00,1,1,0,0,1104769124,C. Roberts,R,FA,R,0.130793590298,3.23503170713,1.29899088285,12.7536362454,6.74475696914,SL,IP_OUT,-2.2568207224,4.59628679515,81.8760099055,2023.51088916,264.018973602,-0.15
2008,2020,730240256,APP,D1 Sun Belt Conference,730382592,SIE,300961842,2020-03-10 13:00:00,1,0,0,1,1104769124,C. Roberts,R,FA,L,-0.30080685577,2.19305851879,2.61061287392,12.9867707559,6.5094961964,SL,IP_OUT,-2.34753203467,4.49094439537,82.4752074355,2148.31246325,258.476203314,-0.15
2009,2020,730240256,APP,D1 Sun Belt Conference,730382592,SIE,300961842,2020-03-10 13:00:00,1,0,1,1,1104769124,C. Roberts,R,CH,L,-1.63302612243,3.10914007653,6.2864492309,16.9991027087,6.79457110902,B,IP_OUT,-2.30791494887,4.42699795576,76.8465909011,1944.46177946,249.578863247,0.13
2010,2020,730240256,APP,D1 Sun Belt Conference,730382592,SIE,300961842,2020-03-10 13:00:00,1,1,1,1,1104769124,C. Roberts,R,FA,L,-1.30265907002,2.96511072586,1.92372776887,10.9434373375,6.53703777028,SL,IP_OUT,-2.31262879935,4.50397937612,82.0250777977,2098.99555864,259.839538549,-0.15
2011,2020,730240256,APP,D1 Sun Belt Conference,730382592,SIE,300961842,2020-03-10 13:00:00,1,1,2,1,1104769124,C. Roberts,R,SL,L,-0.322317399606,3.27703813764,0.880858519998,-10.8417208972,6.13178384564,F,IP_OUT,-2.16662184284,4.87707241023,73.5840174922,2385.87037459,94.8975969421,0.0
2012,2020,730240256,APP,D1 Sun Belt Conference,730382592,SIE,300961842,2020-03-10 13:00:00,2,0,0,0,1104769124,C. Roberts,R,FA,R,0.192590649928,3.63714323657,4.68247437305,11.1600100522,6.73386037256,F,IP_OUT,-2.26608865785,4.8927638668,82.0298444733,1992.12073362,247.075599325,-0.15
2013,2020,730240256,APP,D1 Sun Belt Conference,730382592,SIE,300961842,2020-03-10 13:00:00,2,0,0,1,1104769124,C. Roberts,R,SL,R,0.124542089185,2.68854452637,-2.51484704752,-7.15323870021,6.13714402959,SL,IP_OUT,-2.08694077205,5.04706993175,74.1114834137,2169.89013081,70.9657716409,-0.15
2014,2020,730240256,APP,D1 Sun Belt Conference,730382592,SIE,300961842,2020-03-10 13:00:00,2,0,1,1,1104769124,C. Roberts,R,SL,R,-0.041366221625,2.6106061238,-5.48678294225,-7.66471378872,6.06666865727,SL,IP_OUT,-2.09997094025,4.78830007626,73.2571385548,2292.37074529,54.6423497897,-0.15
2015,2020,730240256,APP,D1 Sun Belt Conference,730382592,SIE,300961842,2020-03-10 13:00:00,2,0,2,1,1104769124,C. Roberts,R,SL,R,0.53394821137,1.83395475694,-1.23676100645,-8.37465564187,6.08215273169,F,IP_OUT,-1.89861291615,5.01507471069,73.0798657416,2135.97267348,81.9232907195,0.0
2016,2020,730240256,APP,D1 Sun Belt Conference,730382592,SIE,300961842,2020-03-10 13:00:00,2,0,2,1,1104769124,C. Roberts,R,SL,R,0.306553765939,1.3987744537,-0.955065766348,-9.93599745807,6.48449243793,B,IP_OUT,-2.08384640099,4.71402670063,73.8374259783,2272.52206153,84.7771896744,0.13
2017,2020,730240256,APP,D1 Sun Belt Conference,730382592,SIE,300961842,2020-03-10 13:00:00,2,1,2,1,1104769124,C. Roberts,R,SL,R,-0.226338177086,2.64527435472,-2.53581892805,-7.93511698367,6.48082202228,F,IP_OUT,-1.8730716231,4.97255644504,72.6920225469,2058.87550591,72.5968663279,0.0
2018,2020,730240256,APP,D1 Sun Belt Conference,730382592,SIE,300961842,2020-03-10 13:00:00,2,1,2,1,1104769124,C. Roberts,R,FA,R,-0.140462897769,4.03305747216,2.30919533533,6.62850178393,6.85609131901,B,IP_OUT,-2.00880440764,4.7085405269,82.7361057071,2123.72390361,250.510662147,0.13
2019,2020,730240256,APP,D1 Sun Belt Conference,730382592,SIE,300961842,2020-03-10 13:00:00,2,0,0,2,1104769124,C. Roberts,R,FA,L,0.103119493161,2.97724856722,2.05306024861,8.37596853136,6.9542642914,IP,S,-2.12718757457,4.77548148711,81.6433360465,2073.48481789,255.985172267,1.0
2020,2020,730240256,APP,D1 Sun Belt Conference,730382592,SIE,300961842,2020-03-10 13:00:00,2,0,0,2,1104769124,C. Roberts,R,FA,L,-0.0618028740824,2.14535710387,-2.74187920132,11.4614813698,6.78209316745,SS,K,-2.29181743093,4.25346270692,80.2649284415,2064.74669012,283.269293432,-0.15
2021,2020,730240256,APP,D1 Sun Belt Conference,730382592,SIE,300961842,2020-03-10 13:00:00,2,0,1,2,1104769124,C. Roberts,R,CH,L,-1.7614991177,2.31061349383,3.52765127095,15.6478519494,6.8897360274,B,K,-2.20060435622,4.42494826781,77.1701841933,1829.60826264,257.148016168,0.13
2022,2020,730240256,APP,D1 Sun Belt Conference,730382592,SIE,300961842,2020-03-10 13:00:00,2,1,1,2,1104769124,C. Roberts,R,CH,L,-0.597137001592,2.31504354273,5.40503620029,15.3630857253,6.84770489814,F,K,-2.20830010613,4.43469462503,76.4539355031,1902.21948994,250.472992533,-0.15
2023,2020,730240256,APP,D1 Sun Belt Conference,730382592,SIE,300961842,2020-03-10 13:00:00,2,1,2,2,1104769124,C. Roberts,R,FA,L,-0.595527906515,3.06141664522,3.86311822924,9.21858131346,6.80638428628,SS,K,-2.31871152511,4.27095379615,80.8694079197,2021.99361287,247.05934753,-0.15
2024,2020,730240256,APP,D1 Sun Belt Conference,730382592,SIE,300961842,2020-03-10 13:00:00,3,0,0,0,1104769124,C. Roberts,R,FA,R,0.169161575592,2.97224194999,3.07617486749,8.51132010513,6.64879413681,SL,IP_OUT,-2.07983545286,4.6803396802,81.2206830554,1860.56386172,249.905075281,-0.15
2025,2020,730240256,APP,D1 Sun Belt Conference,730382592,SIE,300961842,2020-03-10 13:00:00,3,0,1,0,1104769124,C. Roberts,R,FA,R,1.94116294303,2.17257535432,4.30674044638,7.31505130187,6.94092617022,B,IP_OUT,-2.03042418069,4.54778799763,82.788449692,1984.63634118,239.300883325,0.13
2026,2020,730240256,APP,D1 Sun Belt Conference,730382592,SIE,300961842,2020-03-10 13:00:00,3,1,1,0,1104769124,C. Roberts,R,FA,R,1.74515971527,2.33578760814,8.07188178003,5.87214960036,6.78811433021,B,IP_OUT,-2.03747902066,4.74610919753,81.5209852424,2141.33058685,215.908372819,0.13
2027,2020,730240256,APP,D1 Sun Belt Conference,730382592,SIE,300961842,2020-03-10 13:00:00,3,0,0,2,1104769124,C. Roberts,R,FA,R,1.62649680181,1.65617609833,7.23653767693,11.5034371468,6.58145396703,B,IP_OUT,-2.08638553524,4.76508859706,83.0656771362,2010.07897156,237.695422641,0.13
2028,2020,730240256,APP,D1 Sun Belt Conference,730382592,SIE,300961842,2020-03-10 13:00:00,3,1,0,2,1104769124,C. Roberts,R,FA,R,1.43064889363,2.49363993142,6.67935873099,10.5118246706,6.80790850839,B,IP_OUT,-2.09859365669,4.70221820772,81.6456675471,2049.98270327,237.421251695,0.13
2029,2020,730240256,APP,D1 Sun Belt Conference,730382592,SIE,300961842,2020-03-10 13:00:00,4,0,0,0,1104769124,C. Roberts,R,SL,L,0.911175437006,2.63950829924,0.124498534611,-9.6454678202,6.07219292703,SL,HBP,-2.13932739163,5.01291444041,72.4500000655,2347.31829559,91.0351429449,-0.15
2030,2020,730240256,APP,D1 Sun Belt Conference,730382592,SIE,300961842,2020-03-10 13:00:00,4,0,1,0,1104769124,C. Roberts,R,FA,L,-0.903372802189,2.91750627716,1.35726917452,7.7687381586,6.53969012052,SL,HBP,-2.1236953159,4.63294663604,81.448454239,2054.00426727,259.816929252,-0.15
2031,2020,730240256,APP,D1 Sun Belt Conference,730382592,SIE,300961842,2020-03-10 13:00:00,4,0,2,0,1104769124,C. Roberts,R,CH,L,-0.74027677061,2.20779396963,11.3882202783,13.5342105488,6.87654564673,F,HBP,-2.21627007068,4.74884105721,76.9442021885,1965.95854839,229.814589729,0.0
2032,2020,730240256,APP,D1 Sun Belt Conference,730382592,SIE,300961842,2020-03-10 13:00:00,4,0,2,0,1104769124,C. Roberts,R,CH,L,2.32478629202,0.818275264276,9.08708463379,16.5422920695,6.68281529856,HBP,HBP,-2.07378531816,4.67913762218,77.3861052927,2026.38473278,241.104014771,0.8
2033,2020,730240256,APP,D1 Sun Belt Conference,730382592,SIE,300961842,2020-03-10 13:00:00,4,0,0,0,1104769124,C. Roberts,R,FA,R,-1.79007628865,2.71556978443,3.94439347837,14.2013827095,6.94176136257,B,S,-2.3383207888,4.46800168763,81.0537120914,2100.3582197,254.335984149,0.13
2034,2020,730240256,APP,D1 Sun Belt Conference,730382592,SIE,300961842,2020-03-10 13:00:00,4,1,0,0,1104769124,C. Roberts,R,SL,R,0.0183251552916,3.42423519602,0.0765888273711,-8.98404859503,6.30558556665,F,S,-2.11071613127,4.75433351567,71.5129683538,2290.59499983,90.807953575,-0.15
2035,2020,730240256,APP,D1 Sun Belt Conference,730382592,SIE,300961842,2020-03-10 13:00:00,4,1,1,0,1104769124,C. Roberts,R,FA,R,0.344669398566,2.52009622316,1.41236806925,13.0385971892,6.88018515262,IP,S,-2.03376833502,4.41072279816,80.6623588348,2089.27723308,263.650835753,1.0
2036,2020,730240256,APP,D1 Sun Belt Conference,730382592,SIE,300961842,2020-03-10 13:00:00,4,0,0,0,1104769124,C. Roberts,R,SL,R,1.3388890673,1.4724283742,-1.02867110209,-11.5914589931,6.06619385055,B,DP,-2.12585337089,4.87701394558,73.0377973499,2335.48229004,85.1672525079,0.13
2037,2020,730240256,APP,D1 Sun Belt Conference,730382592,SIE,300961842,2020-03-10 13:00:00,4,1,0,0,1104769124,C. Roberts,R,FA,R,0.652214101791,2.07571048885,4.11958994008,14.3312025269,6.67162934614,B,DP,-2.01773598242,4.51230687008,81.4985827198,2080.88144806,253.821885676,0.13
2038,2020,730240256,APP,D1 Sun Belt Conference,730382592,SIE,300961842,2020-03-10 13:00:00,4,2,0,0,1104769124,C. Roberts,R,FA,R,0.135953004947,2.70032753983,6.54857805838,14.7090064775,7.02025703938,IP,DP,-2.12528119837,4.60182368769,80.9904336128,2059.51852285,245.877040718,-0.21
2039,2020,730240256,APP,D1 Sun Belt Conference,730382592,SIE,300961842,2020-03-10 13:00:00,5,0,0,0,1104769124,C. Roberts,R,FA,L,-0.590994016343,3.06755357068,8.45035735232,13.5519586022,6.80500090427,SL,IP_OUT,-2.2967502372,4.6280398962,81.5465159129,2052.04614296,237.939886903,-0.15
2040,2020,730240256,APP,D1 Sun Belt Conference,730382592,SIE,300961842,2020-03-10 13:00:00,5,0,1,0,1104769124,C. Roberts,R,CH,L,-0.0313642950916,1.83591620589,4.54260369428,18.9839337978,6.72083988459,B,IP_OUT,-2.27718189074,4.49867929513,77.2651994124,1989.78704571,256.42036301,0.13
2041,2020,730240256,APP,D1 Sun Belt Conference,730382592,SIE,300961842,2020-03-10 13:00:00,5,1,1,0,1104769124,C. Roberts,R,SL,L,-0.763171989002,2.52531488083,-0.717041946347,-9.92416710103,6.03793990609,F,IP_OUT,-2.06938967192,4.86742771803,72.7596050811,2404.0054838,86.1496858617,-0.15
2042,2020,730240256,APP,D1 Sun Belt Conference,730382592,SIE,300961842,2020-03-10 13:00:00,5,1,2,0,1104769124,C. Roberts,R,FA,L,-2.09490969813,3.89638007135,2.96864800013,7.53352628602,6.79866541515,B,IP_OUT,-2.08902020062,4.67959387394,81.8281083635,2071.88050264,248.249027846,0.13
2043,2020,730240256,APP,D1 Sun Belt Conference,730382592,SIE,300961842,2020-03-10 13:00:00,5,0,0,1,1104769124,C. Roberts,R,FA,L,-0.352403564317,2.84030655181,5.16159922746,4.7606623943,6.7733932332,F,IP_OUT,-2.28450763475,4.6723791996,81.6683745028,2099.28690452,222.478885387,-0.15
2044,2020,730240256,APP,D1 Sun Belt Conference,730382592,SIE,300961842,2020-03-10 13:00:00,5,0,1,1,1104769124,C. Roberts,R,SL,L,0.206037714912,1.46148108367,-0.465034537813,-8.57961962824,6.40666421671,B,IP_OUT,-2.13502831209,4.75530145548,73.5153693918,2324.25959499,87.2102836066,0.13
2045,2020,730240256,APP,D1 Sun Belt Conference,730382592,SIE,300961842,2020-03-10 13:00:00,5,1,1,1,1104769124,C. Roberts,R,SL,L,0.533100098921,2.1458503113,-6.79981193873,-6.75539000145,6.37531398847,SL,IP_OUT,-2.1541954144,4.92121854409,73.5860630358,2288.58688905,45.0130527448,-0.15
2046,2020,730240256,APP,D1 Sun Belt Conference,730382592,SIE,300961842,2020-03-10 13:00:00,6,0,0,0,1104769124,C. Roberts,R,FA,L,-1.1897771791,2.78981460243,4.84498416913,8.971626251,6.58405015518,SL,BB,-2.22863189327,4.63184220982,81.1293954278,2057.92295069,241.439996426,-0.15
2047,2020,730240256,APP,D1 Sun Belt Conference,730382592,SIE,300961842,2020-03-10 13:00:00,6,0,1,0,1104769124,C. Roberts,R,FA,L,-0.426154996177,2.31992592372,0.269122276896,10.9875231137,6.72270021167,SS,BB,-2.0498532289,4.8608462299,81.6755985166,2176.13087643,268.402456891,-0.15
2048,2020,730240256,APP,D1 Sun Belt Conference,730382592,SIE,300961842,2020-03-10 13:00:00,6,0,2,0,1104769124,C. Roberts,R,CH,L,-0.0259947745689,2.41619534132,6.94745444884,16.8059496106,6.55683562473,F,BB,-2.15063148468,4.81176132424,78.2059202946,2073.75640706,247.419156342,0.0
2049,2020,730240256,APP,D1 Sun Belt Conference,730382592,SIE,300961842,2020-03-10 13:00:00,6,0,2,0,1104769124,C. Roberts,R,FA,L,-2.52390350868,1.74579285275,1.04788213788,10.8479391641,6.64025805775,B,BB,-2.2420905246,4.39161928666,82.8243578902,2020.12996958,264.290701597,0.13
2050,2020,730240256,APP,D1 Sun Belt Conference,730382592,SIE,300961842,2020-03-10 13:00:00,6,1,2,0,1104769124,C. Roberts,R,SL,L,0.127369834275,0.195862443429,-11.6317102283,-7.60135498287,6.32179468596,B,BB,-2.08781996251,4.79128864684,73.8749715827,2458.91227521,33.2712353872,0.13
2051,2020,730240256,APP,D1 Sun Belt Conference,730382592,SIE,300961842,2020-03-10 13:00:00,6,2,2,0,1104769124,C. Roberts,R,FA,L,-1.06556449889,2.02194056917,1.74967825876,14.6066377502,6.8027626349,B,BB,-2.31599426243,4.54300027757,81.8436077264,2032.30256393,263.023099699,0.13
2052,2020,730240256,APP,D1 Sun Belt Conference,730382592,SIE,300961842,2020-03-10 13:00:00,6,3,2,0,1104769124,C. Roberts,R,FA,L,-1.48172035851,3.64868634593,5.819543888,10.6959847169,6.86624066207,B,BB,-2.18178661535,4.54767487027,80.9742864087,2089.31367341,241.292265713,0.8
2053,2020,730240256,APP,D1 Sun Belt Conference,730382592,SIE,300961842,2020-03-10 13:00:00,6,0,0,0,1104769124,C. Roberts,R,FA,R,-0.363161489519,2.76113406491,7.79338099363,13.8142439105,7.06236438343,SL,S,-2.17430308077,4.61175458219,80.9658569083,2060.77680727,240.451392393,-0.15
2054,2020,730240256,APP,D1 Sun Belt Conference,730382592,SIE,300961842,2020-03-10 13:00:00,6,0,1,0,1104769124,C. Roberts,R,SL,R,0.925580416263,1.76830700214,0.121586890172,-9.37333422412,6.25367562056,B,S,-2.1030076671,4.8845033247,75.0353038617,2503.35659642,91.0214554593,0.13
2055,2020,730240256,APP,D1 Sun Belt Conference,730382592,SIE,300961842,2020-03-10 13:00:00,6,1,1,0,1104769124,C. Roberts,R,SL,R,-0.382739180109,2.44308322579,-4.17955826437,-6.37600843692,6.12616932361,IP,S,-2.23705212625,4.8996440194,73.7144907716,2340.48016903,57.0533762817,1.0
2056,2020,730240256,APP,D1 Sun Belt Conference,730382592,SIE,300961842,2020-03-10 13:00:00,6,0,0,1,1104769124,C. Roberts,R,FA,L,-2.10681713532,4.24026418816,3.47588547533,4.98410732724,6.7831202769,B,HBP,-2.23712701529,4.60623939048,79.9307530654,1975.2793291,234.803978133,0.13
2057,2020,730240256,APP,D1 Sun Belt Conference,730382592,SIE,300961842,2020-03-10 13:00:00,6,1,0,1,1104769124,C. Roberts,R,FA,L,0.528971649834,2.65759268333,3.41482801137,9.01656713613,6.85468132376,F,HBP,-2.18321760412,4.52343862485,80.0839026255,1915.19840065,249.038888149,-0.15
2058,2020,730240256,APP,D1 Sun Belt Conference,730382592,SIE,300961842,2020-03-10 13:00:00,6,1,1,1,1104769124,C. Roberts,R,SL,L,0.1205144588,1.49263506349,-6.03577352921,-8.56853735562,6.04916826851,SS,HBP,-2.13212949268,4.85732999342,75.1083549597,2460.72450639,55.044630085,-0.15
2059,2020,730240256,APP,D1 Sun Belt Conference,730382592,SIE,300961842,2020-03-10 13:00:00,6,1,2,1,1104769124,C. Roberts,R,FA,L,-3.65822049779,4.72122238541,8.4904153333,8.19888668051,6.65166788003,B,HBP,-2.31539498834,4.4755768519,79.7162607138,2120.61685818,223.866431426,0.13
2060,2020,730240256,APP,D1 Sun Belt Conference,730382592,SIE,300961842,2020-03-10 13:00:00,6,2,2,1,1104769124,C. Roberts,R,SL,L,2.00539016095,0.82911571759,-2.58541296822,-6.36861089495,6.3476120748,HBP,HBP,-2.12591951337,4.8124976246,73.5775313376,2365.28534902,68.2712652957,0.8
2061,2020,730240256,APP,D1 Sun Belt Conference,730382592,SIE,300961842,2020-03-10 13:00:00,6,0,0,1,1104769124,C. Roberts,R,SL,R,2.07430057023,1.45856534341,-0.235304889252,-10.3007694306,6.20430744978,B,HBP,-2.10542835774,4.8725461024,73.4224798107,2340.36206515,88.9578098804,0.13
2062,2020,730240256,APP,D1 Sun Belt Conference,730382592,SIE,300961842,2020-03-10 13:00:00,6,1,0,1,1104769124,C. Roberts,R,SL,R,1.36430260966,2.35186596728,-6.45586636216,-7.98476341509,6.13477758918,B,HBP,-2.18037103427,4.82505734482,73.5836662811,2527.52201975,51.2517604377,0.13
2063,2020,730240256,APP,D1 Sun Belt Conference,730382592,SIE,300961842,2020-03-10 13:00:00,6,2,0,1,1104769124,C. Roberts,R,FA,R,-0.793017779534,2.58431359525,1.16520194215,10.5911890641,6.88141960901,F,HBP,-2.16147417137,4.62138062845,80.5961756732,2131.31175245,263.516534332,-0.15
2064,2020,730240256,APP,D1 Sun Belt Conference,730382592,SIE,300961842,2020-03-10 13:00:00,6,2,1,1,1104769124,C. Roberts,R,FA,R,-1.82064652769,4.48410893088,4.86423829085,8.23187553691,6.85239353223,HBP,HBP,-2.22679676943,4.56443028453,80.6559065504,2009.87068063,239.224820299,0.8
2065,2020,730240256,APP,D1 Sun Belt Conference,730382592,SIE,300961842,2020-03-10 13:00:00,6,0,0,1,1104769124,C. Roberts,R,FA,R,1.13489984721,1.59333912101,2.64164833079,10.136481257,6.90472521857,B,S,-2.14472161013,4.34968527246,81.880525836,2026.60453567,255.197605595,0.13
2066,2020,730240256,APP,D1 Sun Belt Conference,730382592,SIE,300961842,2020-03-10 13:00:00,6,1,0,1,1104769124,C. Roberts,R,FA,R,-0.0661515833358,2.50752334946,7.06143449861,11.6847919433,6.88065368122,IP,S,-2.21718581002,4.43403098179,81.9721696591,2079.95883313,238.72157513,1.0
2067,2020,730240256,APP,D1 Sun Belt Conference,730382592,SIE,300961842,2020-03-10 13:00:00,6,0,0,1,1103315474,A. Primm,R,SL,R,1.15802155979,1.21368058109,0.410855081016,-9.12959939769,6.58370632279,SS,D,-1.95482242146,5.95974970194,73.7311551817,1984.62451112,92.8670641859,-0.15
2068,2020,730240256,APP,D1 Sun Belt Conference,730382592,SIE,300961842,2020-03-10 13:00:00,6,0,1,1,1103315474,A. Primm,R,FA,R,0.37702069772,3.37137951002,16.4659244215,6.23987555426,6.59937218137,IP,D,-1.83797208035,6.29390667241,86.8527223805,2176.57460097,200.715697227,1.26
2069,2020,730240256,APP,D1 Sun Belt Conference,730382592,SIE,300961842,2020-03-10 13:00:00,6,0,0,2,1103315474,A. Primm,R,FA,L,-0.72043531571,2.3179219345,15.747198645,7.62721140685,6.68475153425,SL,IP_OUT,-2.20211910092,6.16350108423,85.6393126652,2141.18659487,205.794364469,-0.15
2070,2020,730240256,APP,D1 Sun Belt Conference,730382592,SIE,300961842,2020-03-10 13:00:00,7,0,0,0,1224290048,C. Smith,R,FA,R,0.635310609798,3.23256469413,16.5660396303,12.3603147839,6.17319603845,SL,IP_OUT,-0.965846722228,6.20168571815,89.8777178908,2322.08025164,216.674307219,-0.15
2071,2020,730240256,APP,D1 Sun Belt Conference,730382592,SIE,300961842,2020-03-10 13:00:00,7,0,1,0,1224290048,C. Smith,R,SL,R,1.13610952466,2.05029779381,-4.59984933071,-8.17955462514,6.29530300812,B,IP_OUT,-1.23852642311,5.97648681532,75.3248304873,2317.54240366,60.890195906,0.13
2072,2020,730240256,APP,D1 Sun Belt Conference,730382592,SIE,300961842,2020-03-10 13:00:00,7,0,0,1,1224290048,C. Smith,R,FA,L,-0.468686085062,3.02799670131,20.0608554357,10.0701354651,6.25725238598,F,K,-1.05226853663,6.16921527845,90.7263329092,2412.76540932,206.619585915,-0.15
2073,2020,730240256,APP,D1 Sun Belt Conference,730382592,SIE,300961842,2020-03-10 13:00:00,7,0,1,1,1224290048,C. Smith,R,FA,L,-1.32277655738,3.30293934697,8.41093866611,11.1153997743,6.35021549666,B,K,-1.17109686716,5.94064000635,89.8327215468,2186.44464102,232.780415008,0.13
2074,2020,730240256,APP,D1 Sun Belt Conference,730382592,SIE,300961842,2020-03-10 13:00:00,7,1,1,1,1224290048,C. Smith,R,FS,L,-0.180832407062,3.13296742745,6.43544957607,10.769280261,6.11207988887,SL,K,-1.23185523958,5.83765605075,78.1815234408,1765.03320861,238.972009984,-0.15
2075,2020,730240256,APP,D1 Sun Belt Conference,730382592,SIE,300961842,2020-03-10 13:00:00,7,1,2,1,1224290048,C. Smith,R,FA,L,-4.27836170103,6.19394565724,16.0141961033,6.51459363942,6.03653934553,B,K,-0.891220475238,6.20864464027,90.5297951504,2341.53734367,202.096820258,0.13
2076,2020,730240256,APP,D1 Sun Belt Conference,730382592,SIE,300961842,2020-03-10 13:00:00,7,2,2,1,1224290048,C. Smith,R,FA,L,-0.800914206278,2.3459828353,11.5481751925,12.5324378208,6.15556749456,F,K,-1.11680670786,6.02439065835,89.7621949406,2037.64256031,227.261345316,0.0
2077,2020,730240256,APP,D1 Sun Belt Conference,730382592,SIE,300961842,2020-03-10 13:00:00,7,2,2,1,1224290048,C. Smith,R,SL,L,0.103290352846,1.58952887412,-1.7550186542,-3.29189944305,6.4078870715,SS,K,-1.12708032934,5.94532427979,76.476719475,2267.23219456,62.5300097382,-0.15
2078,2020,730240256,APP,D1 Sun Belt Conference,730382592,SIE,300961842,2020-03-10 13:00:00,7,0,0,2,1224290048,C. Smith,R,FA,R,0.882066716114,0.08051319797,16.2453797458,5.28495944984,6.47037178009,B,BB,-0.796941557348,6.11365223767,89.2954885355,2311.83583031,197.987475679,0.13
2079,2020,730240256,APP,D1 Sun Belt Conference,730382592,SIE,300961842,2020-03-10 13:00:00,7,1,0,2,1224290048,C. Smith,R,FA,R,-0.195909458823,2.17650547524,10.2014387457,11.1291882952,6.44225698893,SS,BB,-0.951985240349,6.07694512167,87.8647225654,1974.21602758,227.397567087,-0.15
2080,2020,730240256,APP,D1 Sun Belt Conference,730382592,SIE,300961842,2020-03-10 13:00:00,7,1,1,2,1224290048,C. Smith,R,FA,R,0.123238647127,3.46754343867,14.5283052407,9.7305358144,6.54085530835,SS,BB,-0.999764301711,6.2762664983,89.4550969059,2151.67422408,213.75448873,-0.15
2081,2020,730240256,APP,D1 Sun Belt Conference,730382592,SIE,300961842,2020-03-10 13:00:00,7,1,2,2,1224290048,C. Smith,R,SL,R,2.3536502622,0.756553664192,-6.17087402891,-4.85151014742,6.19755887822,B,BB,-1.02094611992,5.97030872804,77.5244570495,2317.86296886,38.3709656348,0.13
2082,2020,730240256,APP,D1 Sun Belt Conference,730382592,SIE,300961842,2020-03-10 13:00:00,7,2,2,2,1224290048,C. Smith,R,FA,R,0.424951347145,2.63981424378,9.38597201773,9.9672701488,6.54078813649,F,BB,-0.804608873256,6.02660033514,87.7845354191,2059.20205231,226.619772195,0.0
2083,2020,730240256,APP,D1 Sun Belt Conference,730382592,SIE,300961842,2020-03-10 13:00:00,7,2,2,2,1224290048,C. Smith,R,SL,R,2.46087433043,1.00326502325,-0.308023224602,-4.53548410441,6.24209914469,B,BB,-0.9385118737,6.03191681143,76.7921073411,2272.42164659,86.6643169893,0.13
2084,2020,730240256,APP,D1 Sun Belt Conference,730382592,SIE,300961842,2020-03-10 13:00:00,7,3,2,2,1224290048,C. Smith,R,FA,R,1.93854243762,1.04750840033,16.5077576892,5.86854717033,6.6207375961,B,BB,-0.70538983027,6.10479992259,89.2230371926,2256.99207658,199.535357503,0.8
2085,2020,730240256,APP,D1 Sun Belt Conference,730382592,SIE,300961842,2020-03-10 13:00:00,7,0,0,2,1224290048,C. Smith,R,FS,L,1.66110183924,2.38274943002,4.02538214657,5.57343991434,6.23631324671,B,BB,-1.47309101884,5.85433759655,77.0923265956,1769.58271842,233.869181847,0.13
2086,2020,730240256,APP,D1 Sun Belt Conference,730382592,SIE,300961842,2020-03-10 13:00:00,7,1,0,2,1224290048,C. Smith,R,FA,L,0.44419957958,1.50883251818,13.9807102983,10.1404190911,6.38890967165,B,BB,-1.10897625355,6.16801528554,87.632061124,1985.70956962,215.889022788,0.13
2087,2020,730240256,APP,D1 Sun Belt Conference,730382592,SIE,300961842,2020-03-10 13:00:00,7,2,0,2,1224290048,C. Smith,R,FA,L,1.49921485402,2.62294023061,6.23075601825,8.92079916682,6.40628515569,B,BB,-1.15586185742,6.08510431658,87.3764078762,1909.78166215,234.923563997,0.13
2088,2020,730240256,APP,D1 Sun Belt Conference,730382592,SIE,300961842,2020-03-10 13:00:00,7,3,0,2,1224290048,C. Smith,R,FA,L,-2.90097507552,3.55166685179,15.9065543312,8.98921700427,6.11722743166,B,BB,-1.24634620137,6.17579881089,86.6049070094,2280.39491064,209.418580958,0.8
2089,2020,730240256,APP,D1 Sun Belt Conference,730382592,SIE,300961842,2020-03-10 13:00:00,7,0,0,2,1224290048,C. Smith,R,FA,R,3.19885574511,1.42964524705,13.9134086481,10.1537799565,6.53609820818,B,BB,-0.892149143469,6.15576269136,87.8123073294,2211.65824318,216.055605,0.13
2090,2020,730240256,APP,D1 Sun Belt Conference,730382592,SIE,300961842,2020-03-10 13:00:00,7,1,0,2,1224290048,C. Smith,R,SL,R,2.24606878862,3.92047125964,-3.46921435425,-4.77222959753,6.17171952402,B,BB,-1.16051111552,6.1694300779,75.3396726865,2200.07051198,54.3428190987,0.13
2091,2020,730240256,APP,D1 Sun Belt Conference,730382592,SIE,300961842,2020-03-10 13:00:00,7,2,0,2,1224290048,C. Smith,R,FA,R,0.60507449306,1.03103528304,15.1262352281,10.1584125865,6.51912382587,B,BB,-1.16192693935,6.17300319139,87.882321882,2241.35005621,213.826148894,0.13
2092,2020,730240256,APP,D1 Sun Belt Conference,730382592,SIE,300961842,2020-03-10 13:00:00,7,3,0,2,1224290048,C. Smith,R,FA,R,1.15015062731,3.54189746143,18.2055264415,7.40645108302,6.29711316203,SL,BB,-1.18874193582,6.21972836088,87.1900235877,2251.39310292,202.10028426,-0.15
2093,2020,730240256,APP,D1 Sun Belt Conference,730382592,SIE,300961842,2020-03-10 13:00:00,7,3,1,2,1224290048,C. Smith,R,FA,R,0.478645747985,1.00246360668,16.0140843202,6.56137975825,6.46991061875,B,BB,-1.08258891559,6.18114247323,86.4781959414,2290.99794644,202.237294023,0.8
2094,2020,730240256,APP,D1 Sun Belt Conference,730382592,SIE,300961842,2020-03-10 13:00:00,7,0,0,2,1024925709,N. Hall,R,SL,R,1.29615686734,1.05818195735,0.6177034364,-2.71842288665,5.71872410142,B,BB,-2.01224989491,5.83544938416,81.0286628562,2456.88350227,103.598451793,0.13
2095,2020,730240256,APP,D1 Sun Belt Conference,730382592,SIE,300961842,2020-03-10 13:00:00,7,1,0,2,1024925709,N. Hall,R,FA,R,1.04690127034,0.820242506885,12.8254691459,8.31638328439,6.3342487138,B,BB,-1.8748179109,5.8656629635,89.3848290019,2148.22818387,212.894845126,0.13
2096,2020,730240256,APP,D1 Sun Belt Conference,730382592,SIE,300961842,2020-03-10 13:00:00,7,2,0,2,1024925709,N. Hall,R,FA,R,0.666273921875,2.05579023542,14.3288658598,7.63072608843,6.47487966934,SL,BB,-1.8149192541,5.92825763274,88.7540963176,2177.32630163,207.983559964,-0.15
2097,2020,730240256,APP,D1 Sun Belt Conference,730382592,SIE,300961842,2020-03-10 13:00:00,7,2,1,2,1024925709,N. Hall,R,FA,R,0.35021624078,0.103031480814,14.1250539354,9.17763831031,6.28663812989,B,BB,-1.89388648578,5.90501543148,88.5631911057,2163.65230274,212.952012245,0.13
2098,2020,730240256,APP,D1 Sun Belt Conference,730382592,SIE,300961842,2020-03-10 13:00:00,7,3,1,2,1024925709,N. Hall,R,FA,R,1.18902109327,0.816547924206,16.2900178302,5.54151381242,6.54793450124,B,BB,-1.67764932576,5.95168108237,88.3685396884,2198.75561261,198.751898009,0.8
2099,2020,730240256,APP,D1 Sun Belt Conference,730382592,SIE,300961842,2020-03-10 13:00:00,7,0,0,2,1024925709,N. Hall,R,SL,R,0.0556361348157,3.05132251633,3.44255106246,-3.0798913284,5.92015637956,SS,IP_OUT,-1.98385290876,5.90652646767,80.8370167182,2477.6358834,138.507333659,-0.15
2100,2020,730240256,APP,D1 Sun Belt Conference,730382592,SIE,300961842,2020-03-10 13:00:00,8,0,0,0,1024925709,N. Hall,R,FA,L,-0.506291931147,2.92970749728,13.2564159489,5.86313442379,6.30672468016,SL,K,-1.95162976784,5.79499618229,88.6852299353,2169.91847888,203.807500184,-0.15
2101,2020,730240256,APP,D1 Sun Belt Conference,730382592,SIE,300961842,2020-03-10 13:00:00,8,0,1,0,1024925709,N. Hall,R,FA,L,0.374375626677,3.34754249574,18.3114164377,7.02436916186,6.34282458689,F,K,-1.90668130925,5.92108427427,89.4906757478,2126.32666204,200.953528828,-0.15
2102,2020,730240256,APP,D1 Sun Belt Conference,730382592,SIE,300961842,2020-03-10 13:00:00,8,0,2,0,1024925709,N. Hall,R,CH,L,-2.05233855041,1.72683876065,10.4489893386,15.2189567311,6.16588091964,B,K,-2.05814549921,5.79128334991,76.6793910203,2306.55160268,235.414089889,0.13
2103,2020,730240256,APP,D1 Sun Belt Conference,730382592,SIE,300961842,2020-03-10 13:00:00,8,1,2,0,1024925709,N. Hall,R,FA,L,0.254233173834,3.97147257078,18.0016710209,7.90135294908,6.15958186747,F,K,-1.94019015884,5.9541992621,89.7194137768,2153.06854092,203.660110997,0.0
2104,2020,730240256,APP,D1 Sun Belt Conference,730382592,SIE,300961842,2020-03-10 13:00:00,8,1,2,0,1024925709,N. Hall,R,FA,L,-1.0029507362,3.13541239257,14.7434945223,9.53687380456,6.12570683707,F,K,-1.79736653921,6.04862660055,88.2186839102,2076.65268353,212.838274928,0.0
2105,2020,730240256,APP,D1 Sun Belt Conference,730382592,SIE,300961842,2020-03-10 13:00:00,8,1,2,0,1024925709,N. Hall,R,SL,L,-0.856652375209,3.28168276007,1.57534109724,-5.50032774826,5.94410755879,F,K,-1.91301047113,5.84631138877,81.8016753727,2426.76345691,106.351536322,0.0
2106,2020,730240256,APP,D1 Sun Belt Conference,730382592,SIE,300961842,2020-03-10 13:00:00,8,1,2,0,1024925709,N. Hall,R,FA,L,-1.05755499165,2.31434250308,15.8832483262,7.53989570532,6.23475733969,SL,K,-1.735601845,5.97792411703,90.0355456985,2185.49378376,205.349688603,-0.15
2107,2020,730240256,APP,D1 Sun Belt Conference,730382592,SIE,300961842,2020-03-10 13:00:00,8,0,0,1,1024925709,N. Hall,R,FA,L,-0.712177598572,3.27005711844,15.4176358601,8.47678615565,6.1365988711,SL,K,-1.89850170026,5.90214857207,90.5121920583,2184.76320005,208.752838221,-0.15
2108,2020,730240256,APP,D1 Sun Belt Conference,730382592,SIE,300961842,2020-03-10 13:00:00,8,0,1,1,1024925709,N. Hall,R,CH,L,-1.38790439226,2.97497207189,8.0823005688,13.2000030315,6.13684199348,B,K,-2.11489545444,5.67855376055,77.3710713987,2239.22767344,238.384391571,0.13
2109,2020,730240256,APP,D1 Sun Belt Conference,730382592,SIE,300961842,2020-03-10 13:00:00,8,1,1,1,1024925709,N. Hall,R,FA,L,-1.15284117558,3.53245519051,15.2590785037,7.32456056203,6.10741512922,SL,K,-1.71729643845,5.97182574812,88.9988726112,2193.7506906,205.593657635,-0.15
2110,2020,730240256,APP,D1 Sun Belt Conference,730382592,SIE,300961842,2020-03-10 13:00:00,8,1,2,1,1024925709,N. Hall,R,SL,L,-1.4320660479,3.77867940559,0.444784522977,-4.55981552407,5.87408466774,B,K,-1.82951995961,5.90086004888,82.4391012809,2442.84726833,96.0460967668,0.13
2111,2020,730240256,APP,D1 Sun Belt Conference,730382592,SIE,300961842,2020-03-10 13:00:00,8,2,2,1,1024925709,N. Hall,R,FA,L,-0.302118560159,3.88572618656,16.0062524611,5.89305191884,6.20008496078,SS,K,-1.77442297372,5.98216809344,89.3191139267,2159.5934916,200.174966611,-0.15
2112,2020,730240256,APP,D1 Sun Belt Conference,730382592,SIE,300961842,2020-03-10 13:00:00,8,0,0,2,1024925709,N. Hall,R,FA,L,-0.798883529907,3.31190381892,16.3462868051,8.28812939395,6.17387507719,SL,IP_OUT,-1.78073726874,6.01711441539,89.6596373581,2161.99113474,206.841215584,-0.15
2113,2020,730240256,APP,D1 Sun Belt Conference,730382592,SIE,300961842,2020-03-10 13:00:00,8,0,1,2,1024925709,N. Hall,R,FA,L,-1.18084498341,4.08000506659,15.9068710245,7.04350174782,6.10067945309,B,IP_OUT,-1.85536640375,5.97338413197,89.8354803002,2159.34600251,203.840748321,0.13
2114,2020,730240256,APP,D1 Sun Belt Conference,730382592,SIE,300961842,2020-03-10 13:00:00,8,1,1,2,1024925709,N. Hall,R,FA,L,-1.19102891787,2.89407854078,16.7661790277,8.70063371727,6.18095086223,SL,IP_OUT,-1.92530454557,5.98414420581,89.1907491204,2096.02848323,207.381366982,-0.15
2115,2020,730240256,APP,D1 Sun Belt Conference,730382592,SIE,300961842,2020-03-10 13:00:00,8,1,2,2,1024925709,N. Hall,R,FA,L,1.3786946195,2.50522421258,15.6475689216,7.86257421026,6.23605272245,B,IP_OUT,-1.74307715717,5.96758111084,90.2199826323,2104.19038229,206.632093353,0.13
2116,2020,730240256,APP,D1 Sun Belt Conference,730382592,SIE,300961842,2020-03-10 13:00:00,9,0,0,0,1024925709,N. Hall,R,FA,L,-0.813308543991,1.59298917381,14.0549351753,8.00688908082,6.29862174908,B,IP_OUT,-1.86722510061,5.98050654328,89.3879382243,2051.09770874,209.613246963,0.13
2117,2020,730240256,APP,D1 Sun Belt Conference,730382592,SIE,300961842,2020-03-10 13:00:00,9,1,0,0,1024925709,N. Hall,R,FA,L,-0.0619479858785,1.82921657008,18.0230034902,9.6658792228,6.05657738748,B,IP_OUT,-2.04381331849,5.82395149934,89.464964604,2181.913373,208.161736746,0.13
2118,2020,730240256,APP,D1 Sun Belt Conference,730382592,SIE,300961842,2020-03-10 13:00:00,9,2,0,0,1024925709,N. Hall,R,FA,L,1.02186971639,2.97925440719,14.5920629695,8.97060536753,6.41633178976,SL,IP_OUT,-1.90191089998,5.83698061648,89.2288305827,2205.13361415,211.525104722,-0.15
2119,2020,730240256,APP,D1 Sun Belt Conference,730382592,SIE,300961842,2020-03-10 13:00:00,9,2,1,0,1024925709,N. Hall,R,FA,L,-0.382236263251,3.27945583518,17.7922383203,9.2544400374,6.23627740287,F,IP_OUT,-1.80346884525,5.9056473708,88.4278243691,2129.81233808,207.437022356,-0.15
2120,2020,730240256,APP,D1 Sun Belt Conference,730382592,SIE,300961842,2020-03-10 13:00:00,9,0,0,1,1024925709,N. Hall,R,FA,R,0.754920632413,2.86845114375,14.2805481305,9.4968444985,6.20926545308,SL,S,-1.81404111986,5.86200836124,89.5004001431,2084.49815852,213.564692752,-0.15
2121,2020,730240256,APP,D1 Sun Belt Conference,730382592,SIE,300961842,2020-03-10 13:00:00,9,0,1,1,1024925709,N. Hall,R,SL,R,-0.040759190708,5.01583638894,5.17219484026,-6.35402924958,5.62296300369,B,S,-1.86294508903,5.90315856244,79.0464079951,2376.13738886,129.375548071,0.13
2122,2020,730240256,APP,D1 Sun Belt Conference,730382592,SIE,300961842,2020-03-10 13:00:00,9,1,1,1,1024925709,N. Hall,R,FA,R,0.450930669494,3.08659643673,16.4020311894,7.77578811729,6.33637321926,IP,S,-1.76134175661,5.90621359351,88.5442490605,2167.14177632,205.320032326,1.0
2123,2020,730240256,APP,D1 Sun Belt Conference,730382592,SIE,300961842,2020-03-10 13:00:00,9,0,0,1,1024925709,N. Hall,R,FA,L,-0.0870688812352,4.10499479793,17.3547093396,8.15884251857,6.24210957751,SL,K,-2.01288330684,5.91625193359,88.3093530746,2235.55055397,205.137106154,-0.15
2124,2020,730240256,APP,D1 Sun Belt Conference,730382592,SIE,300961842,2020-03-10 13:00:00,9,0,1,1,1024925709,N. Hall,R,FA,L,-0.668809679174,3.2933442438,18.0589880035,6.37216749392,6.26697611359,SL,K,-1.84572671178,6.06750930221,88.2094354395,2195.41164284,199.402498009,-0.15
2125,2020,730240256,APP,D1 Sun Belt Conference,730382592,SIE,300961842,2020-03-10 13:00:00,9,0,2,1,1024925709,N. Hall,R,FA,L,-0.352857521707,2.95238210112,15.0250272167,9.21606038615,6.37899722848,F,K,-1.91691259517,5.96400633966,89.0513318613,2181.53355596,211.469044167,0.0
2126,2020,730240256,APP,D1 Sun Belt Conference,730382592,SIE,300961842,2020-03-10 13:00:00,9,0,2,1,1024925709,N. Hall,R,SL,L,-1.27607214052,3.10016067803,3.55212552838,-4.80179160527,6.03788162272,SS,K,-1.89416018518,5.88204017292,81.0495447961,2384.16746148,126.79446409,-0.15
2127,2020,730240256,APP,D1 Sun Belt Conference,730382592,SIE,300961842,2020-03-10 13:00:00,9,0,0,2,1024925709,N. Hall,R,FA,R,1.15094220884,2.17107878645,16.3437818658,10.3097469561,6.36928685156,SL,K,-1.73090444626,5.9251798811,89.1107682751,2188.62997033,212.192617548,-0.15
2128,2020,730240256,APP,D1 Sun Belt Conference,730382592,SIE,300961842,2020-03-10 13:00:00,9,0,1,2,1024925709,N. Hall,R,FA,R,0.743721671003,3.74791622263,14.6492686954,5.8170526629,6.6029487021,SS,K,-1.71510403945,5.94381817716,88.8038570658,2192.0415408,201.614495935,-0.15
