,year,pitchingTeamId,pitchingTeam,conference,hittingTeamId,hittingTeam,gameId,gameDate,inning,balls,strikes,outs,pitcherId,Pitcher,pitcherHand,pitchType,batterHand,plateLocX,plateLocZ,inducedVertBreak,horzBreak,extension,pitchResult,atbatResult,relX,relZ,releaseVelocity,spinRate,spinDir,rv
0,2020,730157824,HCU,D1 Southland Conference,5091,CBU,300766445,2020-03-01 13:00:00,1,0,0,1,1563951611,A. Spinney,L,FA,L,0.210295073082,1.32284331205,20.6964449537,-10.0244871632,5.62369686861,B,IP_OUT,1.21156636905,5.45154646163,84.9788950141,1822.20068603,154.196508099,0.13
1,2020,730157824,HCU,D1 Southland Conference,5091,CBU,300766445,2020-03-01 13:00:00,1,1,0,1,1563951611,A. Spinney,L,FA,L,-0.585057629722,2.87306356253,22.4019330844,-8.61537988339,5.53561753741,SL,IP_OUT,1.39245976671,5.29798758798,84.6468588312,1895.27041322,158.996029364,-0.15
2,2020,730157824,HCU,D1 Southland Conference,5091,CBU,300766445,2020-03-01 13:00:00,1,1,1,1,1563951611,A. Spinney,L,FA,L,-1.05706370825,2.9594160731,18.3461843153,-7.40882583076,5.61774587504,SL,IP_OUT,1.39198961922,5.3462403679,84.9282084278,1821.11240968,158.04909329,-0.15
3,2020,730157824,HCU,D1 Southland Conference,5091,CBU,300766445,2020-03-01 13:00:00,1,0,0,2,1563951611,A. Spinney,L,FA,L,0.742563446828,2.76503691539,15.9106744089,-13.0242741487,5.56390265661,F,BB,1.46095718718,5.33600755407,84.6570464584,1721.57729326,140.762372684,-0.15
4,2020,730157824,HCU,D1 Southland Conference,5091,CBU,300766445,2020-03-01 13:00:00,1,0,1,2,1563951611,A. Spinney,L,FA,L,0.293892484324,3.35263078152,17.6658246747,-7.16870509679,5.66738478139,B,BB,1.47957750672,5.14945061996,84.9121912163,1789.06217929,157.954512886,0.13
5,2020,730157824,HCU,D1 Southland Conference,5091,CBU,300766445,2020-03-01 13:00:00,1,1,1,2,1563951611,A. Spinney,L,FA,L,1.17064395935,4.31967930468,19.4912606864,-8.23623964955,5.61221178446,B,BB,1.43024120973,5.31956113748,83.6547535462,1766.93085953,157.132981206,0.13
6,2020,730157824,HCU,D1 Southland Conference,5091,CBU,300766445,2020-03-01 13:00:00,1,2,1,2,1563951611,A. Spinney,L,FA,L,-1.53132278559,3.93982788541,15.1177384486,-4.01536805486,5.93402552408,B,BB,1.33095455922,5.25156605827,83.8014964982,1813.82713179,165.160234617,0.13
7,2020,730157824,HCU,D1 Southland Conference,5091,CBU,300766445,2020-03-01 13:00:00,1,3,1,2,1563951611,A. Spinney,L,FA,L,0.271478334024,3.24856458208,20.3380048177,-8.37737971124,5.6482897768,F,BB,1.46162654147,5.29149728562,84.1212457878,1821.90172453,157.649749505,-0.15
8,2020,730157824,HCU,D1 Southland Conference,5091,CBU,300766445,2020-03-01 13:00:00,1,3,2,2,1563951611,A. Spinney,L,FA,L,0.709962398999,2.4515400582,17.7657353679,-12.6827107189,5.57059101575,F,BB,1.48863525963,5.33563281684,83.9557299817,1816.0346053,144.535707203,0.0
9,2020,730157824,HCU,D1 Southland Conference,5091,CBU,300766445,2020-03-01 13:00:00,1,3,2,2,1563951611,A. Spinney,L,FA,L,1.39156874556,3.41234972611,16.0391571911,-11.6147558393,5.54311532676,B,BB,1.41636108528,5.25289714337,83.4143878243,1707.29453811,144.155613901,0.8
10,2020,730157824,HCU,D1 Southland Conference,5091,CBU,300766445,2020-03-01 13:00:00,1,0,0,2,1563951611,A. Spinney,L,FA,R,0.805869183651,3.45202125629,9.40578592836,-12.0703332075,5.65958449099,B,S,1.28584436981,5.29977050498,83.6502400824,1732.28734236,128.039957728,0.13
11,2020,730157824,HCU,D1 Southland Conference,5091,CBU,300766445,2020-03-01 13:00:00,1,1,0,2,1563951611,A. Spinney,L,CU,R,-0.263919457412,2.20252394533,13.2622295375,-6.85458839311,6.13226778382,SL,S,1.21065920108,5.10474515914,72.8134843444,1182.35567373,152.755168129,-0.15
12,2020,730157824,HCU,D1 Southland Conference,5091,CBU,300766445,2020-03-01 13:00:00,1,1,1,2,1563951611,A. Spinney,L,CH,R,1.07816466852,3.09720676616,8.50526694444,-10.3314661814,5.97170539772,IP,S,1.34065819923,5.0959089765,73.0940906496,1250.18056073,129.626364986,1.0
13,2020,730157824,HCU,D1 Southland Conference,5091,CBU,300766445,2020-03-01 13:00:00,1,0,0,2,1563951611,A. Spinney,L,CU,R,-0.0858413777928,3.41298976524,0.923915591091,6.14400655538,5.37670798928,SS,IP_OUT,1.5583830347,5.02929539983,71.1694786328,1718.9949601,260.96894991,-0.15
14,2020,730157824,HCU,D1 Southland Conference,5091,CBU,300766445,2020-03-01 13:00:00,2,0,0,0,1563951611,A. Spinney,L,FA,R,0.153417128874,0.792004359968,15.3318851215,-9.32494653795,5.65043698527,B,D,1.44816477115,5.34867059214,82.9836190336,1705.62471238,148.755362726,0.13
15,2020,730157824,HCU,D1 Southland Conference,5091,CBU,300766445,2020-03-01 13:00:00,2,1,0,0,1563951611,A. Spinney,L,FA,R,0.689101608381,4.64785040993,20.2054510236,-6.68312162641,5.56709450491,B,D,1.49569094309,5.29610805315,84.0741647913,1816.44512952,161.729858285,0.13
16,2020,730157824,HCU,D1 Southland Conference,5091,CBU,300766445,2020-03-01 13:00:00,2,2,0,0,1563951611,A. Spinney,L,FA,R,-0.450830850615,2.19801008227,18.4883651754,-6.45420283395,5.67466195238,SL,D,1.39765173453,5.25182606165,83.4444996658,1815.94010146,160.792699134,-0.15
17,2020,730157824,HCU,D1 Southland Conference,5091,CBU,300766445,2020-03-01 13:00:00,2,2,1,0,1563951611,A. Spinney,L,FA,R,-0.14211226505,1.69197373308,17.623496907,-6.57633049976,5.75378158432,IP,D,1.31473270202,5.1958870741,84.4057466526,1786.72693437,159.575991127,1.26
18,2020,730157824,HCU,D1 Southland Conference,5091,CBU,300766445,2020-03-01 13:00:00,2,0,0,0,1563951611,A. Spinney,L,FA,R,-0.391894429749,3.31209339645,15.5725225591,-7.97118193867,5.63542918052,IP,S,1.32953994073,5.29470687957,82.7513739086,1733.27359854,152.951625966,1.0
19,2020,730157824,HCU,D1 Southland Conference,5091,CBU,300766445,2020-03-01 13:00:00,2,0,0,0,1563951611,A. Spinney,L,CH,R,0.674286495754,4.05967831287,20.8799138689,-5.43426872116,6.19040754871,B,IP_OUT,1.22009688809,5.28272020387,74.2336622686,1133.01956935,165.443173726,0.13
20,2020,730157824,HCU,D1 Southland Conference,5091,CBU,300766445,2020-03-01 13:00:00,2,1,0,0,1563951611,A. Spinney,L,FA,R,0.844942927048,2.73494802798,14.3246194089,-13.9554626864,5.53590327921,F,IP_OUT,1.48250799212,5.24339851811,84.3386098617,1767.84331429,135.823152452,-0.15
21,2020,730157824,HCU,D1 Southland Conference,5091,CBU,300766445,2020-03-01 13:00:00,2,1,1,0,1563951611,A. Spinney,L,FA,R,1.51244362411,3.37456566986,15.8468989344,-10.1304264055,5.46693263771,B,IP_OUT,1.45012691185,5.26979224385,84.2223010604,1797.01665933,147.472241791,0.13
22,2020,730157824,HCU,D1 Southland Conference,5091,CBU,300766445,2020-03-01 13:00:00,2,2,1,0,1563951611,A. Spinney,L,CH,R,1.69467949507,3.41153268722,10.6344350018,-9.11108403934,6.21300254605,B,IP_OUT,1.33604922777,5.32480842153,71.1671322644,1122.81996981,139.547045824,0.13
23,2020,730157824,HCU,D1 Southland Conference,5091,CBU,300766445,2020-03-01 13:00:00,2,3,1,0,1563951611,A. Spinney,L,FA,R,0.810671911674,3.59670711624,24.1715019185,-10.8683877664,5.52832553157,F,IP_OUT,1.41721477704,5.36111983883,83.5206145743,1875.88962719,155.823534409,-0.15
24,2020,730157824,HCU,D1 Southland Conference,5091,CBU,300766445,2020-03-01 13:00:00,2,0,0,1,1563951611,A. Spinney,L,CU,R,-0.243887052516,3.90789043546,1.62797243084,7.43631687101,5.38871761677,B,SH,1.51793370227,4.98297781393,70.6451668662,1772.88363197,257.254375642,0.13
25,2020,730157824,HCU,D1 Southland Conference,5091,CBU,300766445,2020-03-01 13:00:00,2,0,0,2,1563951611,A. Spinney,L,CH,R,-0.277037825659,1.73004238,12.6910670726,-7.02230573359,6.17360999009,SS,HBP,1.26121798722,5.17157954668,74.7430525665,1160.16887002,151.131798536,-0.15
26,2020,730157824,HCU,D1 Southland Conference,5091,CBU,300766445,2020-03-01 13:00:00,2,0,1,2,1563951611,A. Spinney,L,FA,R,-0.79042026545,1.82232327972,19.1895804999,-7.3239801921,5.73018478051,B,HBP,1.3658136916,5.32990969652,84.8711976764,1845.77166886,159.146233937,0.13
27,2020,730157824,HCU,D1 Southland Conference,5091,CBU,300766445,2020-03-01 13:00:00,2,1,1,2,1563951611,A. Spinney,L,CU,R,0.14142390074,3.14069792408,9.32901092865,-11.750871597,5.86136234121,SL,HBP,1.32654616666,5.15719801095,73.4538794939,1406.33768563,128.591193872,-0.15
28,2020,730157824,HCU,D1 Southland Conference,5091,CBU,300766445,2020-03-01 13:00:00,2,1,2,2,1563951611,A. Spinney,L,FA,R,-2.16546741036,2.6778856667,17.052506919,-9.15303997593,5.89224995599,HBP,HBP,1.2792080291,5.19968304196,85.7003789471,1872.31136627,151.82544828,0.8
29,2020,730157824,HCU,D1 Southland Conference,5091,CBU,300766445,2020-03-01 13:00:00,2,0,0,2,1563951611,A. Spinney,L,FA,L,-1.34478210944,1.77396337421,17.7377874468,-5.42815199239,5.79767178408,B,BB,1.16318766226,5.26044134736,84.1525956041,1852.73925532,163.01794387,0.13
30,2020,730157824,HCU,D1 Southland Conference,5091,CBU,300766445,2020-03-01 13:00:00,2,1,0,2,1563951611,A. Spinney,L,CU,L,-1.44976979534,2.16298045134,0.979761865499,7.08726877663,5.35279238736,B,BB,1.52195346385,5.06651919662,71.3545928468,1829.19918083,261.713236234,0.13
31,2020,730157824,HCU,D1 Southland Conference,5091,CBU,300766445,2020-03-01 13:00:00,2,2,0,2,1563951611,A. Spinney,L,FA,L,0.134664556821,-0.188970453215,19.7536600103,-7.17874803425,5.767201611,B,BB,1.40103348706,5.21276945375,84.2130843364,1849.49398504,160.062809369,0.13
32,2020,730157824,HCU,D1 Southland Conference,5091,CBU,300766445,2020-03-01 13:00:00,2,3,0,2,1563951611,A. Spinney,L,FA,L,-0.21353084319,1.22442308757,14.4497117235,-14.6959672013,5.71179910844,B,BB,1.20534412444,5.27070108783,84.4770477211,1801.59526177,134.589638877,0.8
33,2020,730157824,HCU,D1 Southland Conference,5091,CBU,300766445,2020-03-01 13:00:00,2,0,0,2,1563951611,A. Spinney,L,FA,L,-0.315944329905,1.51975925408,16.8172778354,-8.72530284189,5.78204964725,B,IP_OUT,1.34734534521,5.02103648798,83.8563483154,1865.20765393,152.630542633,0.13
34,2020,730157824,HCU,D1 Southland Conference,5091,CBU,300766445,2020-03-01 13:00:00,2,1,0,2,1563951611,A. Spinney,L,FA,L,-0.631343473568,3.52360241739,20.6814902986,-7.83878720186,5.6036124708,B,IP_OUT,1.32348158179,5.16273308013,84.2946029852,1883.31105421,159.276556772,0.13
35,2020,730157824,HCU,D1 Southland Conference,5091,CBU,300766445,2020-03-01 13:00:00,2,2,0,2,1563951611,A. Spinney,L,FA,L,0.328479169498,0.468022254142,6.57621735005,-12.4456504929,5.71245192851,B,IP_OUT,1.38432239638,5.05114712474,84.082813824,1756.67402631,117.986491569,0.13
36,2020,730157824,HCU,D1 Southland Conference,5091,CBU,300766445,2020-03-01 13:00:00,2,3,0,2,1563951611,A. Spinney,L,FA,L,-1.107264767,2.67363267724,16.8406336583,-10.4753512713,5.7525594476,SL,IP_OUT,1.35117279652,5.15139004715,84.5540289937,1822.27158497,148.173353932,-0.15
37,2020,730157824,HCU,D1 Southland Conference,5091,CBU,300766445,2020-03-01 13:00:00,3,0,0,0,1563951611,A. Spinney,L,CH,R,2.2064351638,3.23813592967,16.6048934664,-7.93353539444,5.84736552298,B,BB,1.40743119329,5.26597676233,71.4632089049,1277.56901815,154.532179767,0.13
38,2020,730157824,HCU,D1 Southland Conference,5091,CBU,300766445,2020-03-01 13:00:00,3,1,0,0,1563951611,A. Spinney,L,FA,R,-0.663842009348,0.875441992424,22.4207456121,-5.45238066483,5.76322340677,B,BB,1.21209946938,5.29932824287,82.8103462699,1840.48266835,166.354528789,0.13
39,2020,730157824,HCU,D1 Southland Conference,5091,CBU,300766445,2020-03-01 13:00:00,3,2,0,0,1563951611,A. Spinney,L,FA,R,0.8970901536,4.73595396835,17.7713050803,-12.2628247694,5.64058753415,B,BB,1.50691539599,5.22437839631,80.5526247079,1835.73132874,145.455100787,0.13
40,2020,730157824,HCU,D1 Southland Conference,5091,CBU,300766445,2020-03-01 13:00:00,3,3,0,0,1563951611,A. Spinney,L,FA,R,-1.33224120221,0.777527710438,19.6498223186,-7.77876676798,5.82331131496,B,BB,1.06893417864,5.32017542004,81.2565072496,1815.68818698,158.44310143,0.8
41,2020,730157824,HCU,D1 Southland Conference,5091,CBU,300766445,2020-03-01 13:00:00,3,0,0,0,1563951611,A. Spinney,L,FA,R,0.862545721506,4.39882034024,18.2530190717,-9.22431268268,5.63893625999,B,BB,1.35290145389,5.23283742036,82.4394743087,1829.74864782,153.239210367,0.13
42,2020,730157824,HCU,D1 Southland Conference,5091,CBU,300766445,2020-03-01 13:00:00,3,1,0,0,1563951611,A. Spinney,L,FA,R,0.604388305242,2.36042795452,16.4371843934,-8.9360157038,5.58950512012,F,BB,1.32604330136,5.3322391216,81.6825283833,1754.92381318,151.527517293,-0.15
43,2020,730157824,HCU,D1 Southland Conference,5091,CBU,300766445,2020-03-01 13:00:00,3,1,1,0,1563951611,A. Spinney,L,CH,R,1.67455866282,1.85530165349,12.5863095132,-11.7286940781,6.08074244549,B,BB,1.29136265698,5.1889057593,72.1321150896,1124.31724923,137.134504432,0.13
44,2020,730157824,HCU,D1 Southland Conference,5091,CBU,300766445,2020-03-01 13:00:00,3,2,1,0,1563951611,A. Spinney,L,FA,R,0.616672906996,3.63133836175,21.1853981625,-8.32149113264,5.62983733774,B,BB,1.41805387327,5.28120720557,81.5260670796,1813.52070883,158.592359786,0.13
45,2020,730157824,HCU,D1 Southland Conference,5091,CBU,300766445,2020-03-01 13:00:00,3,3,1,0,1563951611,A. Spinney,L,FA,R,0.75702898067,3.67672751429,20.0563805267,-9.2950353026,5.75073898744,SS,BB,1.32973796094,5.26691045886,82.5220455118,1754.97026395,155.17718254,-0.15
46,2020,730157824,HCU,D1 Southland Conference,5091,CBU,300766445,2020-03-01 13:00:00,3,3,2,0,1563951611,A. Spinney,L,FA,R,0.459333874033,2.88955952559,21.9988306281,-9.63705622944,5.65516285913,F,BB,1.33097168265,5.2440213408,83.4857723066,1750.17744323,156.379818725,0.0
47,2020,730157824,HCU,D1 Southland Conference,5091,CBU,300766445,2020-03-01 13:00:00,3,3,2,0,1563951611,A. Spinney,L,FA,R,-0.334690894312,3.33097134383,22.0360077682,-2.37948436901,5.90167475651,F,BB,1.31390960861,5.31474079636,83.4472309207,1834.23127774,173.847494519,0.0
48,2020,730157824,HCU,D1 Southland Conference,5091,CBU,300766445,2020-03-01 13:00:00,3,3,2,0,1563951611,A. Spinney,L,CH,R,1.57397613808,1.47969478552,8.34523302189,-12.1097634754,6.35286685945,B,BB,1.34598968374,5.12958102432,72.0607992416,1113.16410995,124.733107263,0.8
49,2020,730157824,HCU,D1 Southland Conference,5091,CBU,300766445,2020-03-01 13:00:00,3,0,0,0,1563951611,A. Spinney,L,FA,R,-1.74430790367,1.8955053963,15.1775286186,-4.4547291848,5.86986497028,F,DP,1.24383712696,5.28069303576,81.5697771462,1770.35648634,163.683017705,-0.15
50,2020,730157824,HCU,D1 Southland Conference,5091,CBU,300766445,2020-03-01 13:00:00,3,0,1,0,1563951611,A. Spinney,L,CH,R,0.736713159261,2.33634468822,12.230491043,-10.6294196688,6.08947363294,F,DP,1.33736934944,5.17259173068,72.3952787904,1308.87344596,139.121882679,-0.15
51,2020,730157824,HCU,D1 Southland Conference,5091,CBU,300766445,2020-03-01 13:00:00,3,0,2,0,1563951611,A. Spinney,L,FA,R,1.00504921895,3.51015529819,18.1480955299,-9.28814851595,5.56706853702,B,DP,1.46924950385,5.23965624799,83.3217477749,1800.77270861,152.946535398,0.13
52,2020,730157824,HCU,D1 Southland Conference,5091,CBU,300766445,2020-03-01 13:00:00,3,1,2,0,1563951611,A. Spinney,L,CH,R,1.03584239968,2.12914325749,12.4578056721,-9.51963405526,6.10688105966,IP,DP,1.22820131577,5.1525035678,72.5425788254,1144.72909305,142.724840178,-0.21
53,2020,730157824,HCU,D1 Southland Conference,5091,CBU,300766445,2020-03-01 13:00:00,3,0,0,2,1563951611,A. Spinney,L,FA,R,1.43972855983,4.05844497876,17.4352153231,-10.2929012226,5.65798714136,B,IP_OUT,1.40808671326,5.20626308982,84.3304061592,1787.24695483,149.498633065,0.13
54,2020,730157824,HCU,D1 Southland Conference,5091,CBU,300766445,2020-03-01 13:00:00,4,0,0,0,1563951611,A. Spinney,L,FA,R,0.781671511442,2.39573462296,18.7302488781,-13.0229313522,5.56978915762,IP,D,1.28998565199,5.30269229921,81.9770804563,1750.47583824,145.247089071,1.26
55,2020,730157824,HCU,D1 Southland Conference,5091,CBU,300766445,2020-03-01 13:00:00,4,0,0,0,1563951611,A. Spinney,L,FA,R,-0.37695711254,0.946945716049,14.5300098636,-20.7515237693,5.6503716231,B,S,1.49251023132,5.22670831924,80.5491367893,1792.13632664,125.076408297,0.13
56,2020,730157824,HCU,D1 Southland Conference,5091,CBU,300766445,2020-03-01 13:00:00,4,1,0,0,1563951611,A. Spinney,L,FA,R,0.0703154638976,2.27693679144,17.6706038684,-17.806946952,5.68699655103,IP,S,1.27361817462,5.3026204366,82.4867859749,1791.02328113,134.844526273,1.0
57,2020,730157824,HCU,D1 Southland Conference,5091,CBU,300766445,2020-03-01 13:00:00,4,0,0,0,1449207471,J. Burch,R,FA,R,0.630880699586,1.56021881167,18.8874314046,15.50737248,5.56462881339,B,IP_OUT,-1.79632684,6.18368234804,86.8570668398,2185.64881439,219.33407767,0.13
58,2020,730157824,HCU,D1 Southland Conference,5091,CBU,300766445,2020-03-01 13:00:00,4,1,0,0,1449207471,J. Burch,R,FA,R,0.130459016116,3.78952774123,22.1711012563,16.9404675686,5.75525144283,B,IP_OUT,-1.83239532726,6.27053751279,87.2076440454,1919.54782233,217.339257375,0.13
59,2020,730157824,HCU,D1 Southland Conference,5091,CBU,300766445,2020-03-01 13:00:00,4,2,0,0,1449207471,J. Burch,R,FA,R,-1.017862353,2.8463458544,19.6530599578,13.4869022532,5.56912976145,SL,IP_OUT,-1.71236148954,6.18725538831,86.2076062558,2060.27180636,214.410135809,-0.15
60,2020,730157824,HCU,D1 Southland Conference,5091,CBU,300766445,2020-03-01 13:00:00,4,2,1,0,1449207471,J. Burch,R,FA,R,1.30405049228,2.00007870716,19.2781768229,15.7194809795,5.75092468478,B,IP_OUT,-1.66058641468,6.07902848493,86.9240903075,2080.0737374,219.141556435,0.13
61,2020,730157824,HCU,D1 Southland Conference,5091,CBU,300766445,2020-03-01 13:00:00,4,0,0,1,1449207471,J. Burch,R,FA,L,0.559611723783,3.1527418815,18.2660453488,16.266769841,5.78204908342,SL,S,-1.70159934632,6.06679916734,87.5638701682,1896.0733143,221.632320044,-0.15
62,2020,730157824,HCU,D1 Southland Conference,5091,CBU,300766445,2020-03-01 13:00:00,4,0,1,1,1449207471,J. Burch,R,CH,L,0.680509039236,3.27145051049,11.9570411445,16.5353503766,6.42409225613,IP,S,-1.98880135788,5.81440682933,77.9704537517,1578.02422832,234.02980505,1.0
63,2020,730157824,HCU,D1 Southland Conference,5091,CBU,300766445,2020-03-01 13:00:00,4,0,0,1,1449207471,J. Burch,R,FA,L,0.0309039650349,3.86428625252,22.6052498322,12.2398655022,5.81773375671,B,K,-1.95198428033,6.10216573722,86.1853798149,1816.08425186,208.395822446,0.13
64,2020,730157824,HCU,D1 Southland Conference,5091,CBU,300766445,2020-03-01 13:00:00,4,1,0,1,1449207471,J. Burch,R,FA,L,-0.57972849859,3.65118286942,17.3390303354,13.272596341,5.66095967286,SS,K,-1.97318468079,5.98386808431,86.7124521669,1893.59462428,217.376762965,-0.15
65,2020,730157824,HCU,D1 Southland Conference,5091,CBU,300766445,2020-03-01 13:00:00,4,1,1,1,1449207471,J. Burch,R,CH,L,1.36616969353,1.51751216011,12.042122959,19.6566817675,6.43479613635,B,K,-1.99519035158,5.44714859357,78.7893399893,1715.00963994,238.416797424,0.13
66,2020,730157824,HCU,D1 Southland Conference,5091,CBU,300766445,2020-03-01 13:00:00,4,2,1,1,1449207471,J. Burch,R,FA,L,-0.123122991388,3.19576803174,18.9894440855,18.8338833572,5.67280263723,SS,K,-1.91422458864,6.1129715549,87.5780300066,1956.1357703,224.712007726,-0.15
67,2020,730157824,HCU,D1 Southland Conference,5091,CBU,300766445,2020-03-01 13:00:00,4,2,2,1,1449207471,J. Burch,R,FA,L,0.207889874606,1.51725071046,17.905299391,14.5803184706,5.70062515881,SS,K,-1.88375594687,5.94208159819,88.698263505,1845.70593063,219.102961867,-0.15
68,2020,730157824,HCU,D1 Southland Conference,5091,CBU,300766445,2020-03-01 13:00:00,4,0,0,2,1449207471,J. Burch,R,SL,R,1.29560341646,3.52261536364,8.85197981984,-7.69368002895,5.37696947208,B,IP_OUT,-2.13413351302,5.69816939596,74.3738464955,1793.1931212,139.161091474,0.13
69,2020,730157824,HCU,D1 Southland Conference,5091,CBU,300766445,2020-03-01 13:00:00,4,1,0,2,1449207471,J. Burch,R,FA,R,-0.04162400944,1.63850542415,18.0405755755,16.7594969393,5.93851784706,SL,IP_OUT,-1.68742299146,6.13996902036,87.9264208235,1946.00317301,222.837721741,-0.15
70,2020,730157824,HCU,D1 Southland Conference,5091,CBU,300766445,2020-03-01 13:00:00,5,0,0,0,1449207471,J. Burch,R,FA,R,0.387561942777,1.95478742461,16.1175471256,14.3491656384,5.75317137388,IP,S,-1.80309889613,5.99737963674,86.4284467779,1795.09024029,221.615228581,1.0
71,2020,730157824,HCU,D1 Southland Conference,5091,CBU,300766445,2020-03-01 13:00:00,5,0,0,0,1449207471,J. Burch,R,FA,R,1.50607792817,1.72613660224,20.962032539,12.6256059023,5.82603548764,B,S,-1.58973592991,6.08854694987,86.2448333672,1861.32710167,211.017573227,0.13
72,2020,730157824,HCU,D1 Southland Conference,5091,CBU,300766445,2020-03-01 13:00:00,5,1,0,0,1449207471,J. Burch,R,FA,R,1.02310599894,3.45420883752,19.7061738284,10.7208806093,5.70776110564,IP,S,-1.72088687535,6.09109977459,85.305459573,2029.52356163,208.502359107,1.0
73,2020,730157824,HCU,D1 Southland Conference,5091,CBU,300766445,2020-03-01 13:00:00,5,0,0,0,1449207471,J. Burch,R,FA,R,-0.245194616276,3.83636410153,16.8568012566,15.3863768781,5.78380043221,B,S,-1.74772764878,6.19414218381,86.7035688753,1799.40822414,222.329325254,0.13
74,2020,730157824,HCU,D1 Southland Conference,5091,CBU,300766445,2020-03-01 13:00:00,5,1,0,0,1449207471,J. Burch,R,FA,R,0.0955139785957,3.01397200177,20.7851743295,17.4168720072,5.74717253325,SL,S,-2.06462828966,6.19851796393,87.5845566061,1807.85523277,219.914086866,-0.15
75,2020,730157824,HCU,D1 Southland Conference,5091,CBU,300766445,2020-03-01 13:00:00,5,1,1,0,1449207471,J. Burch,R,SL,R,2.54516577707,0.874691622896,1.39238445475,-6.55726394752,5.52301511983,B,S,-2.24415001277,5.88798738906,74.1563114252,1742.85917826,102.398803677,0.13
76,2020,730157824,HCU,D1 Southland Conference,5091,CBU,300766445,2020-03-01 13:00:00,5,2,1,0,1449207471,J. Burch,R,FA,R,-0.514267047046,3.21853513056,9.70239428935,18.4865442094,5.74867232843,B,S,-2.18085898263,6.08652394428,86.9194233577,1774.55164826,242.221755975,0.13
77,2020,730157824,HCU,D1 Southland Conference,5091,CBU,300766445,2020-03-01 13:00:00,5,3,1,0,1449207471,J. Burch,R,FA,R,-0.230096867684,2.12108170034,21.9028509532,18.6218961918,5.84297801589,IP,S,-1.60007862094,6.34060593621,88.5941530564,2124.54459946,220.327028198,1.0
78,2020,730157824,HCU,D1 Southland Conference,5091,CBU,300766445,2020-03-01 13:00:00,5,0,0,0,1449207471,J. Burch,R,FA,R,0.64472163455,2.93283996816,12.9434177065,17.2273745289,5.74600467117,SL,HBP,-1.87121636091,6.16748625836,87.5284813785,1795.51569942,233.007488608,-0.15
79,2020,730157824,HCU,D1 Southland Conference,5091,CBU,300766445,2020-03-01 13:00:00,5,0,1,0,1449207471,J. Burch,R,CH,R,-1.58021066797,6.04173125829,0.516889604725,-10.8103653032,5.3491862278,B,HBP,-2.44755864605,5.89538654139,73.041450455,1645.72410023,93.0068905307,0.13
80,2020,730157824,HCU,D1 Southland Conference,5091,CBU,300766445,2020-03-01 13:00:00,5,1,1,0,1449207471,J. Burch,R,FA,R,0.987137058429,2.48302529851,15.3233944801,17.8828872534,5.98448735038,SL,HBP,-2.04071549367,6.02720281081,87.0476022343,1878.18552168,229.34326084,-0.15
81,2020,730157824,HCU,D1 Southland Conference,5091,CBU,300766445,2020-03-01 13:00:00,5,1,2,0,1449207471,J. Burch,R,SL,R,1.61390102279,3.24715648527,2.33226068467,-4.52380618062,5.47222184829,B,HBP,-2.3418679387,5.86106121296,75.6424579398,1679.43908368,117.74461453,0.13
82,2020,730157824,HCU,D1 Southland Conference,5091,CBU,300766445,2020-03-01 13:00:00,5,2,2,0,1449207471,J. Burch,R,SL,R,-0.740614359763,3.7791467093,4.90609934326,-10.7250030436,5.3053977105,B,HBP,-2.56456490148,5.69637290256,74.9096216344,1749.38914409,114.796305054,0.13
83,2020,730157824,HCU,D1 Southland Conference,5091,CBU,300766445,2020-03-01 13:00:00,5,3,2,0,1449207471,J. Burch,R,FA,R,-1.35100193189,4.10723651068,19.678884196,16.5996278762,5.85506381798,HBP,HBP,-1.80609317488,6.2640282074,88.9092096589,1830.12075858,220.100249247,0.8
84,2020,730157824,HCU,D1 Southland Conference,5091,CBU,300766445,2020-03-01 13:00:00,5,0,0,0,1449207471,J. Burch,R,FA,L,0.205584561694,2.67868954588,16.2305330974,20.1931113643,5.85826474358,SL,IP_OUT,-1.80410060519,5.93343472644,86.6559269924,1902.98336139,231.147235394,-0.15
85,2020,730157824,HCU,D1 Southland Conference,5091,CBU,300766445,2020-03-01 13:00:00,5,0,0,1,1449207471,J. Burch,R,CU,R,0.794655058515,3.03403784956,0.640727479281,-6.74727769615,5.6618653421,SL,S,-1.75909145846,5.79804027407,74.4255897209,1738.15705364,95.8339482023,-0.15
86,2020,730157824,HCU,D1 Southland Conference,5091,CBU,300766445,2020-03-01 13:00:00,5,0,1,1,1449207471,J. Burch,R,SL,R,-0.997721285446,2.76439113371,-2.66573740959,-8.82257843171,5.54162528863,SS,S,-1.92506264062,5.80973028425,75.0332487813,1510.66499888,73.4727091742,-0.15
87,2020,730157824,HCU,D1 Southland Conference,5091,CBU,300766445,2020-03-01 13:00:00,5,0,2,1,1449207471,J. Burch,R,CH,R,0.480078999605,2.38679247903,8.71419502478,8.82798036681,6.33709718439,IP,S,-2.04952565669,5.62812855858,81.0217982209,1657.58099603,225.240023379,1.0
88,2020,730157824,HCU,D1 Southland Conference,5091,CBU,300766445,2020-03-01 13:00:00,5,0,0,1,1449207471,J. Burch,R,FA,L,0.677524845028,3.0538311293,15.07651285,17.1417104381,6.09717566824,SL,IP_OUT,-1.6426865999,6.24519190501,88.7627603008,1994.26348914,228.604547145,-0.15
89,2020,730157824,HCU,D1 Southland Conference,5091,CBU,300766445,2020-03-01 13:00:00,5,0,1,1,1449207471,J. Burch,R,CH,L,-1.05509366354,0.225001767587,2.74692263612,22.1255429967,6.3385413917,B,IP_OUT,-1.97946387094,5.63986532155,81.6974318845,1834.32039923,262.822282034,0.13
90,2020,730157824,HCU,D1 Southland Conference,5091,CBU,300766445,2020-03-01 13:00:00,5,0,0,2,1449207471,J. Burch,R,FA,L,-0.080820865225,4.03729126061,9.33113986588,21.4523741695,5.83976946083,B,K,-1.58046898088,6.0457529154,89.0191277418,1917.0854396,246.41701141,0.13
91,2020,730157824,HCU,D1 Southland Conference,5091,CBU,300766445,2020-03-01 13:00:00,5,1,0,2,1449207471,J. Burch,R,FA,L,0.0963271727742,3.18115522246,20.0799707821,15.4008277782,6.03350819448,SL,K,-1.47044790864,6.14413950902,87.8764792921,2006.58478415,217.439768826,-0.15
92,2020,730157824,HCU,D1 Southland Conference,5091,CBU,300766445,2020-03-01 13:00:00,5,1,1,2,1449207471,J. Burch,R,FA,L,-0.727665626346,4.50606440867,23.9632499053,10.5969026531,5.87493971263,B,K,-1.58547604795,6.2541312788,88.4715268873,2144.79681978,203.825424504,0.13
93,2020,730157824,HCU,D1 Southland Conference,5091,CBU,300766445,2020-03-01 13:00:00,5,2,1,2,1449207471,J. Burch,R,FA,L,-0.792100262145,3.60902126963,21.9321632175,17.1421744662,5.93531473914,SS,K,-1.76616384815,5.95998670861,87.8767792571,1888.58693899,217.96733621,-0.15
94,2020,730157824,HCU,D1 Southland Conference,5091,CBU,300766445,2020-03-01 13:00:00,5,2,2,2,1449207471,J. Burch,R,FA,L,-0.0739766873136,3.1785993222,17.1561537017,18.1437996897,5.98162899903,SS,K,-1.65404656329,5.98213408563,87.7734120008,1769.45805768,226.545169745,-0.15
95,2020,730157824,HCU,D1 Southland Conference,5091,CBU,300766445,2020-03-01 13:00:00,6,0,0,0,1449207471,J. Burch,R,FA,R,1.48086943605,1.54865377304,18.2357981656,17.316953855,6.08633655048,B,K,-1.49680170433,6.16261047843,86.1554491055,1934.95446601,223.463675623,0.13
96,2020,730157824,HCU,D1 Southland Conference,5091,CBU,300766445,2020-03-01 13:00:00,6,1,0,0,1449207471,J. Burch,R,FA,R,1.73259053156,1.35270510164,22.6866020814,13.5921521227,5.87909862623,B,K,-1.61846373306,6.24159998587,87.0242117374,1932.64178062,210.887348772,0.13
97,2020,730157824,HCU,D1 Southland Conference,5091,CBU,300766445,2020-03-01 13:00:00,6,2,0,0,1449207471,J. Burch,R,FA,R,0.201029882132,2.05751418508,27.078633977,20.0546318216,5.79112593088,SS,K,-1.93517293077,6.45564451046,86.1361323254,1890.9397568,216.487250023,-0.15
98,2020,730157824,HCU,D1 Southland Conference,5091,CBU,300766445,2020-03-01 13:00:00,6,2,1,0,1449207471,J. Burch,R,FA,R,0.300047083704,1.80770221441,25.4723881302,13.6881573507,5.87143541851,SL,K,-1.61780193891,6.34613793977,87.9125088403,2003.62301944,208.219655003,-0.15
99,2020,730157824,HCU,D1 Southland Conference,5091,CBU,300766445,2020-03-01 13:00:00,6,2,2,0,1449207471,J. Burch,R,CU,R,0.890395417944,0.720382336432,8.22202616818,-3.83643670827,5.40917472059,SS,K,-2.03760386249,5.99056685787,76.4610384893,1831.89327853,155.110008943,-0.15
100,2020,730157824,HCU,D1 Southland Conference,5091,CBU,300766445,2020-03-01 13:00:00,6,0,0,1,1449207471,J. Burch,R,FA,L,0.602166982134,2.15081882557,22.4321598908,15.1953448201,6.06704694236,SL,BB,-1.79692055987,6.47793648706,89.0196582515,1837.447614,214.073802688,-0.15
101,2020,730157824,HCU,D1 Southland Conference,5091,CBU,300766445,2020-03-01 13:00:00,6,0,1,1,1449207471,J. Burch,R,FA,L,-0.0627594556955,4.09480480017,25.2958307769,12.4053369048,5.83247109779,B,BB,-1.95791739239,6.39389488961,89.1198101759,2058.76047928,206.093518579,0.13
102,2020,730157824,HCU,D1 Southland Conference,5091,CBU,300766445,2020-03-01 13:00:00,6,1,1,1,1449207471,J. Burch,R,FA,L,0.253641198813,1.08712691857,13.1785140724,16.3146947375,5.81135538435,B,BB,-1.94385891449,5.9121365825,87.7885125927,1780.56423018,230.995933974,0.13
103,2020,730157824,HCU,D1 Southland Conference,5091,CBU,300766445,2020-03-01 13:00:00,6,2,1,1,1449207471,J. Burch,R,FA,L,-0.680147847317,2.81063436465,17.2468452146,11.752531176,5.76128768277,SL,BB,-1.86344405798,6.2248798037,89.3573962724,1898.15724136,214.220008972,-0.15
104,2020,730157824,HCU,D1 Southland Conference,5091,CBU,300766445,2020-03-01 13:00:00,6,2,2,1,1449207471,J. Burch,R,FA,L,1.08175377702,2.83225580906,23.8389285129,14.2722227541,6.07604965788,B,BB,-1.72528926617,6.51285689301,89.7862934339,2001.65049239,210.873587748,0.13
105,2020,730157824,HCU,D1 Southland Conference,5091,CBU,300766445,2020-03-01 13:00:00,6,3,2,1,1449207471,J. Burch,R,FA,L,-0.267347885612,4.33700435841,20.390377008,12.1919324841,5.85767929799,B,BB,-1.96739963975,6.05098214685,89.6642222019,1991.57326495,210.83505757,0.8
106,2020,730157824,HCU,D1 Southland Conference,5091,CBU,300766445,2020-03-01 13:00:00,6,0,0,1,1449207471,J. Burch,R,SL,R,-0.210677034741,2.03219046387,6.1425824263,-8.62004856745,5.51808221057,SL,IP_OUT,-1.99110780306,5.72415728173,75.6371815463,1806.29859295,125.680063134,-0.15
107,2020,730157824,HCU,D1 Southland Conference,5091,CBU,300766445,2020-03-01 13:00:00,6,0,0,2,1449207471,J. Burch,R,CU,R,0.484818046297,2.40357027953,0.0539689273411,-6.46763299272,5.15761485342,IP,D,-2.15967395692,5.76244819096,76.0372816948,1813.26950587,90.9042846141,1.26
108,2020,730157824,HCU,D1 Southland Conference,5091,CBU,300766445,2020-03-01 13:00:00,6,0,0,2,1449207471,J. Burch,R,FA,R,0.0895035675541,4.72718900554,17.7711483034,11.5875451544,6.36889515566,B,IP_OUT,-1.76600678666,6.2532746192,87.1227819568,1819.46034207,213.055272347,0.13
109,2020,730157824,HCU,D1 Southland Conference,5091,CBU,300766445,2020-03-01 13:00:00,6,1,0,2,1449207471,J. Burch,R,FA,R,0.0262473957761,4.41736069745,23.2430003235,11.3777057291,5.84626965537,B,IP_OUT,-1.77642427594,6.07985211182,84.8917522029,1849.28683648,206.046075765,0.13
110,2020,730157824,HCU,D1 Southland Conference,5091,CBU,300766445,2020-03-01 13:00:00,7,0,0,0,1449207471,J. Burch,R,FA,R,1.50245936329,1.13180892646,22.7080764319,8.77698417565,5.9023187118,B,K,-1.69949798436,6.22210618603,87.3111766549,2141.0351841,201.102314152,0.13
111,2020,730157824,HCU,D1 Southland Conference,5091,CBU,300766445,2020-03-01 13:00:00,7,1,0,0,1449207471,J. Burch,R,FA,R,1.15757177772,2.25298695153,22.0116333136,12.0672413739,6.06894982566,SL,K,-1.89567547775,5.96236198536,87.5201763865,1884.18434394,208.694411882,-0.15
112,2020,730157824,HCU,D1 Southland Conference,5091,CBU,300766445,2020-03-01 13:00:00,7,1,1,0,1449207471,J. Burch,R,FA,R,-0.214996483698,0.935861427235,15.7965425976,17.5637319971,5.93527212142,B,K,-1.6455299394,6.21822110122,86.6432289878,1972.73676976,227.967961215,0.13
113,2020,730157824,HCU,D1 Southland Conference,5091,CBU,300766445,2020-03-01 13:00:00,7,2,1,0,1449207471,J. Burch,R,FA,R,0.0611550725026,3.21953771617,23.0837000866,11.4274088496,6.06178242821,F,K,-1.80976133898,6.13974895469,86.2303205427,1849.8787078,206.30224309,-0.15
114,2020,730157824,HCU,D1 Southland Conference,5091,CBU,300766445,2020-03-01 13:00:00,7,2,2,0,1449207471,J. Burch,R,FA,R,0.866681494636,2.22771971346,12.1463638316,10.0381511284,5.96482334812,F,K,-1.67365482251,5.85822900523,88.0512019879,1801.73896076,219.492026118,0.0
115,2020,730157824,HCU,D1 Southland Conference,5091,CBU,300766445,2020-03-01 13:00:00,7,2,2,0,1449207471,J. Burch,R,CU,R,-0.638654051304,3.21735163384,1.51347162979,-14.6680701388,5.33202582483,SL,K,-1.97239382386,5.90348075334,73.512830567,1642.68073291,96.0873686811,-0.15
116,2020,730157824,HCU,D1 Southland Conference,5091,CBU,300766445,2020-03-01 13:00:00,7,0,0,1,1449207471,J. Burch,R,CU,R,-1.01958752935,1.45674986016,0.784474830313,-6.7241794234,5.38047528934,B,IP_OUT,-2.18571818894,5.97765305442,74.4535170813,1626.97846072,97.0650742102,0.13
117,2020,730157824,HCU,D1 Southland Conference,5091,CBU,300766445,2020-03-01 13:00:00,7,1,0,1,1449207471,J. Burch,R,FA,R,1.75354382329,2.63490485843,19.7139961208,6.10278610463,6.03131905649,B,IP_OUT,-1.58255089434,5.94733369967,88.051031339,1847.28084758,197.17258961,0.13
118,2020,730157824,HCU,D1 Southland Conference,5091,CBU,300766445,2020-03-01 13:00:00,7,2,0,1,1449207471,J. Burch,R,FA,R,1.09331794434,2.46984400036,19.8209960222,11.4382214185,6.01625559583,SL,IP_OUT,-1.6686740081,6.18264239996,88.7220870448,1993.54404914,209.946142729,-0.15
119,2020,730157824,HCU,D1 Southland Conference,5091,CBU,300766445,2020-03-01 13:00:00,7,2,1,1,1449207471,J. Burch,R,FA,R,0.206113884677,2.23683020824,26.0597541003,11.3107028495,5.93878426602,SL,IP_OUT,-1.54143807183,6.52733742855,88.9116410393,1883.82320511,203.435256476,-0.15
120,2020,730157824,HCU,D1 Southland Conference,5091,CBU,300766445,2020-03-01 13:00:00,7,2,2,1,1449207471,J. Burch,R,SL,R,1.73879772434,-0.229342841755,1.86813210254,-6.43558580157,5.54161155193,B,IP_OUT,-2.01642906899,5.93431970195,77.8284409123,1836.02714585,106.550395199,0.13
121,2020,730157824,HCU,D1 Southland Conference,5091,CBU,300766445,2020-03-01 13:00:00,7,0,0,2,1449207471,J. Burch,R,FA,L,0.174384355073,3.8696403755,16.6339362081,12.0103011118,5.83914058914,F,S,-1.71506334064,6.32580598147,89.0153405563,1893.28806106,215.776126065,-0.15
122,2020,730157824,HCU,D1 Southland Conference,5091,CBU,300766445,2020-03-01 13:00:00,7,0,1,2,1449207471,J. Burch,R,FA,L,-0.814260067228,2.3224557287,15.4542651224,16.1101849261,6.01199727997,IP,S,-1.67554860163,6.13931299845,90.287591975,1901.78966451,226.130060947,1.0
123,2020,730157824,HCU,D1 Southland Conference,5091,CBU,300766445,2020-03-01 13:00:00,7,0,0,2,1449207471,J. Burch,R,FA,L,-1.26007732438,3.22652852572,15.8698337127,16.0420342414,5.78455558945,SL,K,-1.51018724556,5.97288606338,86.8687139374,1716.72651523,225.245640993,-0.15
124,2020,730157824,HCU,D1 Southland Conference,5091,CBU,300766445,2020-03-01 13:00:00,7,0,1,2,1449207471,J. Burch,R,FA,L,-1.89391050774,2.1900939219,23.9819146919,15.6784624405,5.7818654394,B,K,-1.35590901108,6.58945174751,87.8099376241,1989.20366684,213.136941891,0.13
125,2020,730157824,HCU,D1 Southland Conference,5091,CBU,300766445,2020-03-01 13:00:00,7,1,1,2,1449207471,J. Burch,R,FA,L,0.50702967314,2.84030455278,11.5882417601,18.1417513242,5.61022967468,F,K,-2.06093797921,5.89247334436,86.0198152863,1727.73765406,237.349988321,-0.15
126,2020,730157824,HCU,D1 Southland Conference,5091,CBU,300766445,2020-03-01 13:00:00,7,1,2,2,1449207471,J. Burch,R,FA,L,-1.66548069997,3.0508222258,14.6095942773,15.3175765492,5.63766387897,B,K,-1.72251099882,6.08371629764,86.6543825807,1736.96229344,226.285684316,0.13
127,2020,730157824,HCU,D1 Southland Conference,5091,CBU,300766445,2020-03-01 13:00:00,7,2,2,2,1449207471,J. Burch,R,FA,L,-2.04941635394,2.70690426723,23.4380004047,16.6576723445,5.93196727218,B,K,-1.5542456441,6.14079728668,86.7170804115,1932.39839442,215.360983297,0.13
128,2020,730157824,HCU,D1 Southland Conference,5091,CBU,300766445,2020-03-01 13:00:00,7,3,2,2,1449207471,J. Burch,R,FA,L,0.213108907604,3.44826138958,14.4103808525,13.8240411816,5.82869666031,SS,K,-1.93518627708,6.11288650467,86.6060538978,1837.13651001,223.740443816,-0.15
129,2020,730157824,HCU,D1 Southland Conference,5091,CBU,300766445,2020-03-01 13:00:00,8,0,0,0,1449207471,J. Burch,R,FA,R,0.745729913277,2.11237312915,19.7463049473,13.3338203932,5.69097606476,SL,HBP,-1.96685937277,6.48280493658,85.9934491524,2006.53088572,213.980298878,-0.15
130,2020,730157824,HCU,D1 Southland Conference,5091,CBU,300766445,2020-03-01 13:00:00,8,0,1,0,1449207471,J. Burch,R,CU,R,-2.29906810964,4.25154539184,2.43907616679,-10.6287874497,5.35255020025,B,HBP,-2.42105024515,5.98417975825,73.5009594095,1778.00819983,103.183201566,0.13
131,2020,730157824,HCU,D1 Southland Conference,5091,CBU,300766445,2020-03-01 13:00:00,8,1,1,0,1449207471,J. Burch,R,FA,R,0.247903549993,3.45039265388,22.1680855156,13.0043960812,5.97514383333,F,HBP,-1.55626149405,6.29111278332,86.8993510082,1969.82639312,210.357322616,-0.15
132,2020,730157824,HCU,D1 Southland Conference,5091,CBU,300766445,2020-03-01 13:00:00,8,1,2,0,1449207471,J. Burch,R,CU,R,-1.93115287509,1.55331420273,0.364472793629,3.74406736494,5.75890636322,HBP,HBP,-1.75579881805,5.88085988834,74.9715528376,1810.31501964,263.718770959,0.8
133,2020,730157824,HCU,D1 Southland Conference,5091,CBU,300766445,2020-03-01 13:00:00,8,0,0,1,1449207471,J. Burch,R,FA,R,1.86537448022,2.08689802975,22.6874828621,14.1378832287,5.67170993736,B,BB,-1.52334814422,6.45473341837,85.6661769161,2083.38071484,211.888335281,0.13
134,2020,730157824,HCU,D1 Southland Conference,5091,CBU,300766445,2020-03-01 13:00:00,8,1,0,1,1449207471,J. Burch,R,FA,R,0.536215009879,3.48289665252,19.4929898019,12.1953683211,5.68712613009,F,BB,-1.64472179714,6.29827908549,84.780517083,1998.28252738,211.982437161,-0.15
135,2020,730157824,HCU,D1 Southland Conference,5091,CBU,300766445,2020-03-01 13:00:00,8,1,1,1,1449207471,J. Burch,R,CU,R,-2.62609623134,5.31094067224,6.90189161748,-10.4610917313,5.29709004095,B,BB,-2.01343416475,5.9819546829,73.4245103525,1703.82566331,123.608076513,0.13
136,2020,730157824,HCU,D1 Southland Conference,5091,CBU,300766445,2020-03-01 13:00:00,8,2,1,1,1449207471,J. Burch,R,FA,R,1.710502992,1.57063714566,23.9976639608,14.0237514911,5.86092248564,B,BB,-1.22166839614,6.48054623399,85.688001982,1904.26267209,210.263338293,0.13
137,2020,730157824,HCU,D1 Southland Conference,5091,CBU,300766445,2020-03-01 13:00:00,8,3,1,1,1449207471,J. Burch,R,FA,R,1.29966442204,3.50165869149,14.0745498061,15.3448250701,5.73626826917,B,BB,-1.70975433599,6.08578740211,85.5065427114,1867.85268834,227.398437212,0.8
138,2020,730157824,HCU,D1 Southland Conference,5091,CBU,300766445,2020-03-01 13:00:00,8,0,0,1,1449207471,J. Burch,R,FA,R,0.11514877511,3.03260117151,20.1144826274,11.3661426311,5.79471580534,IP,HR,-1.61949842951,6.19836287516,83.7216555227,1906.35686056,209.423219934,1.76
139,2020,730157824,HCU,D1 Southland Conference,5091,CBU,300766445,2020-03-01 13:00:00,8,0,0,1,1449207471,J. Burch,R,FA,R,0.883100152174,3.81862426545,21.1295975651,7.64530024937,5.55510730281,B,BB,-1.6110708375,6.25326308885,83.2654642186,1734.72052932,199.858205752,0.13
140,2020,730157824,HCU,D1 Southland Conference,5091,CBU,300766445,2020-03-01 13:00:00,8,1,0,1,1449207471,J. Burch,R,FA,R,-0.967994475114,4.33706695799,19.5177520983,9.30335801916,5.50308776832,B,BB,-1.54438678543,6.36309938533,83.6622776218,1838.56866449,205.442084334,0.13
141,2020,730157824,HCU,D1 Southland Conference,5091,CBU,300766445,2020-03-01 13:00:00,8,2,0,1,1449207471,J. Burch,R,FA,R,-0.952197030831,3.58338000595,15.1605158622,16.3325784619,5.6108003541,SS,BB,-1.8921412101,6.02128310773,82.9361415154,1861.55533742,227.059086456,-0.15
142,2020,730157824,HCU,D1 Southland Conference,5091,CBU,300766445,2020-03-01 13:00:00,8,2,1,1,1449207471,J. Burch,R,FA,R,0.757467577153,2.79579829145,23.3570050425,12.8107169671,5.77417181819,SS,BB,-1.45333048241,6.83004619328,86.6722672143,1756.36236365,208.707214822,-0.15
143,2020,730157824,HCU,D1 Southland Conference,5091,CBU,300766445,2020-03-01 13:00:00,8,2,2,1,1449207471,J. Burch,R,FA,R,1.20126385961,3.79298838311,14.6945019937,11.079348912,5.82299807788,B,BB,-1.65563955866,6.21571050912,85.9045474947,1752.12384605,216.948503048,0.13
144,2020,730157824,HCU,D1 Southland Conference,5091,CBU,300766445,2020-03-01 13:00:00,8,3,2,1,1449207471,J. Burch,R,FA,R,-0.84427270439,2.51274660255,22.5013323442,16.6780957643,5.40961036323,F,BB,-1.85046523424,6.6165152678,84.8850371391,1845.40191377,216.500701849,0.0
145,2020,730157824,HCU,D1 Southland Conference,5091,CBU,300766445,2020-03-01 13:00:00,8,3,2,1,1449207471,J. Burch,R,FA,R,0.0926088457573,4.16897199516,19.8746406464,13.2255303284,5.58543946227,B,BB,-1.71298123845,6.23020001787,86.4270375863,1913.10638044,213.593742786,0.8
146,2020,730157824,HCU,D1 Southland Conference,5091,CBU,300766445,2020-03-01 13:00:00,8,0,0,1,1259718569,K. Newcomb,R,FA,R,1.14503947583,2.38741498013,20.656646066,9.37686275588,6.18463930348,SL,IP_OUT,-0.866448119248,5.96701855649,82.1846440228,1992.8107427,204.374604798,-0.15
147,2020,730157824,HCU,D1 Southland Conference,5091,CBU,300766445,2020-03-01 13:00:00,8,0,1,1,1259718569,K. Newcomb,R,FA,R,1.67484499226,0.722398713977,18.9031432657,9.39248771778,6.70781237818,B,IP_OUT,-0.812676024978,5.92161662588,81.5551563435,1991.81015151,206.374828007,0.13
148,2020,730157824,HCU,D1 Southland Conference,5091,CBU,300766445,2020-03-01 13:00:00,8,0,0,2,1259718569,K. Newcomb,R,CU,R,0.681813104911,2.65855937301,4.56598081514,-11.14437536,5.39673500853,SL,S,-1.05286514284,5.87777648452,69.7748880552,2121.49182385,112.524666454,-0.15
149,2020,730157824,HCU,D1 Southland Conference,5091,CBU,300766445,2020-03-01 13:00:00,8,0,1,2,1259718569,K. Newcomb,R,CU,R,0.711997476016,-0.304420685356,6.87321183876,-6.81570425622,5.44852145203,B,S,-1.09641862869,5.99767748725,71.6068632889,2183.51429132,135.460994904,0.13
150,2020,730157824,HCU,D1 Southland Conference,5091,CBU,300766445,2020-03-01 13:00:00,8,1,1,2,1259718569,K. Newcomb,R,FA,R,0.695290082666,2.74088696517,18.8059352328,9.69183159518,6.46427580407,SS,S,-0.692951296125,6.03841548348,80.5320647195,2024.3629303,207.215248508,-0.15
151,2020,730157824,HCU,D1 Southland Conference,5091,CBU,300766445,2020-03-01 13:00:00,8,1,2,2,1259718569,K. Newcomb,R,CU,R,0.524866670273,1.37904686754,7.5134391303,-11.6464128001,5.37770457545,IP,S,-1.13673913522,5.9878092917,70.1167626838,2175.28236936,123.018200503,1.0
152,2020,730157824,HCU,D1 Southland Conference,5091,CBU,300766445,2020-03-01 13:00:00,8,0,0,2,1259718569,K. Newcomb,R,CH,L,0.290043344801,2.06357140229,21.1191215354,5.08270616458,6.57837542368,SS,S,-1.10348231496,5.86988997791,80.9123477514,1927.99704521,193.507562111,-0.15
153,2020,730157824,HCU,D1 Southland Conference,5091,CBU,300766445,2020-03-01 13:00:00,8,0,1,2,1259718569,K. Newcomb,R,FA,L,-0.352401696561,2.50163829429,17.2447328383,6.78901167019,6.46094721075,F,S,-1.21482532537,5.6204835675,82.4741107605,1941.24463893,201.445547129,-0.15
154,2020,730157824,HCU,D1 Southland Conference,5091,CBU,300766445,2020-03-01 13:00:00,8,0,2,2,1259718569,K. Newcomb,R,CU,L,-1.03558966715,0.49672363263,-3.34624807591,-11.5093240046,5.54492061235,B,S,-1.16237364691,5.89110641459,72.0419897675,2240.33562351,74.0260135906,0.13
155,2020,730157824,HCU,D1 Southland Conference,5091,CBU,300766445,2020-03-01 13:00:00,8,1,2,2,1259718569,K. Newcomb,R,CU,L,-0.0160174423748,1.49580093179,-2.9861014956,-9.82346621531,5.56141117738,F,S,-1.16248141257,5.86399399938,71.6363763301,2230.01449766,73.3676983683,0.0
156,2020,730157824,HCU,D1 Southland Conference,5091,CBU,300766445,2020-03-01 13:00:00,8,1,2,2,1259718569,K. Newcomb,R,FA,L,-0.812297232174,2.54128458972,20.2405663787,8.02789400836,6.54280758603,IP,S,-0.88488376461,6.0217067149,82.0104021488,2045.00164458,201.597252529,1.0
157,2020,730157824,HCU,D1 Southland Conference,5091,CBU,300766445,2020-03-01 13:00:00,8,0,0,2,1259718569,K. Newcomb,R,FA,L,-1.11507758926,3.02505820951,20.468023963,10.3889540269,6.29261230566,IP,S,-1.13696569587,5.80696559417,82.7995270878,1947.39400206,206.868489457,1.0
158,2020,730157824,HCU,D1 Southland Conference,5091,CBU,300766445,2020-03-01 13:00:00,8,0,0,2,1259718569,K. Newcomb,R,FA,R,1.54498141853,1.59341886941,23.6039571409,7.59827629605,6.29547218444,B,HR,-0.706410700729,5.98676994083,83.9192529441,2038.5199793,197.817711528,0.13
159,2020,730157824,HCU,D1 Southland Conference,5091,CBU,300766445,2020-03-01 13:00:00,8,1,0,2,1259718569,K. Newcomb,R,FA,R,-0.619940460575,4.78633768481,18.867198484,8.81864355521,6.40081138912,B,HR,-1.06499902469,6.05620256925,81.0912091105,2025.21569159,205.006092508,0.13
160,2020,730157824,HCU,D1 Southland Conference,5091,CBU,300766445,2020-03-01 13:00:00,8,2,0,2,1259718569,K. Newcomb,R,FA,R,-0.0361585636464,1.79004456386,23.5339549403,7.38306207686,5.99699304129,IP,HR,-0.837077842778,5.95218517404,81.4079980733,1955.026401,197.390145717,1.76
161,2020,730157824,HCU,D1 Southland Conference,5091,CBU,300766445,2020-03-01 13:00:00,8,0,0,2,1259718569,K. Newcomb,R,FA,L,0.876132567693,2.59574839684,19.9400502742,-1.04142536637,6.08750534435,F,IP_OUT,-0.73113415809,6.0050492844,83.7708987359,1862.48231217,177.015926312,-0.15
162,2020,730157824,HCU,D1 Southland Conference,5091,CBU,281435641,2020-02-29 13:00:00,1,0,0,0,1647451291,K. Gruller,R,FA,R,-0.0635058841728,2.91978488748,30.2447555503,6.56213543273,5.39176535307,F,IP_OUT,-0.420108164254,6.99058389339,89.4895453699,2220.35963502,192.228238306,-0.15
163,2020,730157824,HCU,D1 Southland Conference,5091,CBU,281435641,2020-02-29 13:00:00,1,0,1,0,1647451291,K. Gruller,R,FA,R,0.436363975663,2.2020240348,24.5191835137,2.65913689174,5.39973676561,SS,IP_OUT,-0.591618989393,6.69596314689,89.7636882125,2185.0020643,186.181190539,-0.15
164,2020,730157824,HCU,D1 Southland Conference,5091,CBU,281435641,2020-02-29 13:00:00,1,0,2,0,1647451291,K. Gruller,R,FA,R,-0.776186913474,1.70675786435,24.23435248,6.8318944647,5.43700995986,B,IP_OUT,-0.592568361637,6.69077159185,88.8663190837,2134.43137052,195.722497727,0.13
165,2020,730157824,HCU,D1 Southland Conference,5091,CBU,281435641,2020-02-29 13:00:00,1,1,2,0,1647451291,K. Gruller,R,CU,R,1.42762523571,1.58045346223,5.9055421127,-5.95547729926,5.12655892609,B,IP_OUT,-0.69872465731,6.82326208495,80.2547584272,2291.83206336,134.965615909,0.13
166,2020,730157824,HCU,D1 Southland Conference,5091,CBU,281435641,2020-02-29 13:00:00,1,2,2,0,1647451291,K. Gruller,R,FA,R,-0.0375669066664,0.790151714534,24.8022867142,5.66517838354,5.420579729,B,IP_OUT,-0.382630987665,6.73085157934,88.9530818667,2236.41048131,192.849180741,0.13
167,2020,730157824,HCU,D1 Southland Conference,5091,CBU,281435641,2020-02-29 13:00:00,1,3,2,0,1647451291,K. Gruller,R,FA,R,-0.39148906147,2.24136412822,23.4676359186,6.51892382373,5.40128160885,F,IP_OUT,-0.538261914237,6.75644020121,89.5865874229,2359.00353894,195.503116408,0.0
168,2020,730157824,HCU,D1 Southland Conference,5091,CBU,281435641,2020-02-29 13:00:00,1,0,0,1,1647451291,K. Gruller,R,FA,L,-0.755754025002,1.93577824314,26.2899052915,5.87425541364,5.27922370247,SL,K,-0.605370842337,6.77648597524,88.3483604821,2183.96172089,192.579287739,-0.15
169,2020,730157824,HCU,D1 Southland Conference,5091,CBU,281435641,2020-02-29 13:00:00,1,0,1,1,1647451291,K. Gruller,R,CH,L,-1.18871670594,3.32452793027,16.0566113728,10.9496962508,5.41286885341,B,K,-0.763960913597,6.59702394409,80.460308095,2362.51345889,214.223084134,0.13
170,2020,730157824,HCU,D1 Southland Conference,5091,CBU,281435641,2020-02-29 13:00:00,1,1,1,1,1647451291,K. Gruller,R,FA,L,-0.607231769196,1.14635090111,26.0764303337,7.89590858797,5.22318070611,B,K,-0.749539492614,6.84701499932,89.9088800722,2235.67854063,196.825713371,0.13
171,2020,730157824,HCU,D1 Southland Conference,5091,CBU,281435641,2020-02-29 13:00:00,1,2,1,1,1647451291,K. Gruller,R,FA,L,0.282426886818,1.33737407266,24.5564395136,5.21192999889,5.34306509649,F,K,-0.487543354905,6.65725883772,88.3104842394,2305.07132538,191.966385091,-0.15
172,2020,730157824,HCU,D1 Southland Conference,5091,CBU,281435641,2020-02-29 13:00:00,1,2,2,1,1647451291,K. Gruller,R,FA,L,-0.851247178448,1.75762642929,23.4237777752,10.4428777693,5.23765844028,F,K,-0.486139873878,6.7964837038,88.426379686,2059.07026938,203.996999583,0.0
173,2020,730157824,HCU,D1 Southland Conference,5091,CBU,281435641,2020-02-29 13:00:00,1,2,2,1,1647451291,K. Gruller,R,CH,L,-0.382424419458,2.01282335368,14.8402165318,13.3602175428,5.66855837742,SS,K,-0.740605090282,6.45613767865,78.7188700593,2176.79321469,221.912991199,-0.15
174,2020,730157824,HCU,D1 Southland Conference,5091,CBU,281435641,2020-02-29 13:00:00,1,0,0,2,1647451291,K. Gruller,R,FA,L,1.14196465895,1.41326704609,27.0454071523,0.0964711513943,5.4566074152,B,K,-0.716961798163,6.66066932048,89.9683866511,2316.1421741,180.20411826,0.13
175,2020,730157824,HCU,D1 Southland Conference,5091,CBU,281435641,2020-02-29 13:00:00,1,1,0,2,1647451291,K. Gruller,R,FA,L,-0.353738572154,2.14730118471,27.5047799006,6.47214805563,5.08431352694,F,K,-0.493275248424,6.88998667635,85.2115634739,2023.04071586,193.22373664,-0.15
176,2020,730157824,HCU,D1 Southland Conference,5091,CBU,281435641,2020-02-29 13:00:00,1,1,1,2,1647451291,K. Gruller,R,FA,L,-1.68277397568,2.55029748473,23.3973072077,0.0809185628271,5.29100660487,B,K,-0.637906028831,6.76899003771,88.9896418567,2235.10840928,180.197865694,0.13
177,2020,730157824,HCU,D1 Southland Conference,5091,CBU,281435641,2020-02-29 13:00:00,1,2,1,2,1647451291,K. Gruller,R,FA,L,0.0663806855883,0.8660740813,23.4099825864,2.59479790659,5.20755031937,F,K,-0.481014922563,6.85829751865,87.366679587,2135.81027271,186.315439225,-0.15
178,2020,730157824,HCU,D1 Southland Conference,5091,CBU,281435641,2020-02-29 13:00:00,1,2,2,2,1647451291,K. Gruller,R,CH,L,-0.404008915052,3.58433518804,16.4456167295,9.57650202118,5.61831302359,B,K,-0.612543270289,6.67881370662,79.027308819,2117.6558725,210.148755391,0.13
179,2020,730157824,HCU,D1 Southland Conference,5091,CBU,281435641,2020-02-29 13:00:00,1,3,2,2,1647451291,K. Gruller,R,FA,L,-0.395881547489,1.99124193538,25.3041576835,2.58987134519,5.30417978829,F,K,-0.526029024339,6.68948137336,87.8950390012,2084.24907973,185.83585241,0.0
180,2020,730157824,HCU,D1 Southland Conference,5091,CBU,281435641,2020-02-29 13:00:00,1,3,2,2,1647451291,K. Gruller,R,FA,L,-0.854626565346,2.44588226699,22.9925229993,2.14012453925,5.40045516763,SS,K,-0.546596622028,6.68265902792,87.9150417467,2204.47763133,185.309740654,-0.15
181,2020,730157824,HCU,D1 Southland Conference,5091,CBU,281435641,2020-02-29 13:00:00,2,0,0,0,1647451291,K. Gruller,R,FA,R,1.06150818528,3.65271804762,26.3830960741,1.24791724355,5.17144996363,B,IP_OUT,-0.402435622302,6.85875799462,87.2500491165,2099.76176733,182.704370353,0.13
182,2020,730157824,HCU,D1 Southland Conference,5091,CBU,281435641,2020-02-29 13:00:00,2,1,0,0,1647451291,K. Gruller,R,FA,R,-0.779912642932,2.10478278937,26.6954443968,4.43600047928,5.28636912789,SL,IP_OUT,-0.465477209232,6.82020129256,86.925032422,2248.52449347,189.422136658,-0.15
183,2020,730157824,HCU,D1 Southland Conference,5091,CBU,281435641,2020-02-29 13:00:00,2,1,1,0,1647451291,K. Gruller,R,FA,R,-0.559588552648,1.08722303711,25.5951636424,4.74711614102,5.0941221632,B,IP_OUT,-0.324549531547,6.93679190185,84.9248395759,2027.21324659,190.491968588,0.13
184,2020,730157824,HCU,D1 Southland Conference,5091,CBU,281435641,2020-02-29 13:00:00,2,2,1,0,1647451291,K. Gruller,R,FA,R,-0.200990238574,1.53453636864,23.4264079142,4.60123461894,5.21850190129,SL,IP_OUT,-0.549988881733,6.729123508,88.4113779234,2251.39558228,191.096012852,-0.15
185,2020,730157824,HCU,D1 Southland Conference,5091,CBU,281435641,2020-02-29 13:00:00,2,2,2,0,1647451291,K. Gruller,R,FA,R,0.118306454032,0.846408810266,21.5896758155,9.03569080622,5.29472474542,B,IP_OUT,-0.582843665042,6.76580833352,87.2848743027,2259.67956969,202.676547055,0.13
186,2020,730157824,HCU,D1 Southland Conference,5091,CBU,281435641,2020-02-29 13:00:00,2,0,0,1,1647451291,K. Gruller,R,CU,R,0.498892681662,1.98354700707,14.8093481871,-1.96668558451,4.97701037244,SL,K,-0.917704653121,6.90046468941,80.9205271954,2044.70603846,172.456419993,-0.15
187,2020,730157824,HCU,D1 Southland Conference,5091,CBU,281435641,2020-02-29 13:00:00,2,0,1,1,1647451291,K. Gruller,R,CU,R,1.08533680924,2.31636700767,9.18111574497,-5.8553285026,4.8756048249,B,K,-0.698082581346,6.88253165779,79.4137826671,2338.3722485,147.59478353,0.13
188,2020,730157824,HCU,D1 Southland Conference,5091,CBU,281435641,2020-02-29 13:00:00,2,1,1,1,1647451291,K. Gruller,R,CH,R,-0.55051883421,2.35023272187,8.89433101609,15.2292471191,5.34751791906,SS,K,-0.770354836217,6.56399548651,77.1443560077,2330.37489091,239.586159139,-0.15
189,2020,730157824,HCU,D1 Southland Conference,5091,CBU,281435641,2020-02-29 13:00:00,2,1,2,1,1647451291,K. Gruller,R,FA,R,-0.994664544486,2.8870832878,21.2948472527,5.47032196515,5.18812030465,SS,K,-0.693791050057,6.55231495071,87.0000997721,2157.59479301,194.383710165,-0.15
190,2020,730157824,HCU,D1 Southland Conference,5091,CBU,281435641,2020-02-29 13:00:00,2,0,0,2,1647451291,K. Gruller,R,FA,R,0.23515515698,3.06668585014,24.7204695308,7.95973159918,5.18400334949,F,D,-0.569016932209,6.93724272639,87.9123441436,2120.30175947,197.824049504,-0.15
191,2020,730157824,HCU,D1 Southland Conference,5091,CBU,281435641,2020-02-29 13:00:00,2,0,1,2,1647451291,K. Gruller,R,FA,R,-0.308171648987,3.52274697857,30.3245914181,4.43936331474,5.23812460916,F,D,-0.4285366875,6.94347843748,89.8068934953,2270.4939242,188.319565191,-0.15
192,2020,730157824,HCU,D1 Southland Conference,5091,CBU,281435641,2020-02-29 13:00:00,2,0,2,2,1647451291,K. Gruller,R,CU,R,0.273514941675,2.35658377836,6.60377066908,-4.58057693623,4.90473013275,IP,D,-0.696760702196,6.86466508042,79.137405702,2255.18991727,145.430391554,1.26
193,2020,730157824,HCU,D1 Southland Conference,5091,CBU,281435641,2020-02-29 13:00:00,2,0,0,2,1647451291,K. Gruller,R,CU,R,1.41256091233,3.84903148476,0.357368344387,-4.53983623053,4.67174773781,B,K,-1.18063635389,6.90596806651,77.375698852,2232.25324566,95.0778104792,0.13
194,2020,730157824,HCU,D1 Southland Conference,5091,CBU,281435641,2020-02-29 13:00:00,2,1,0,2,1647451291,K. Gruller,R,CH,R,0.641563858409,1.53032870721,22.0827884109,12.516385269,5.78789660349,SL,K,-0.6334985948,6.55923684498,78.3775386002,2320.7409601,209.496012463,-0.15
195,2020,730157824,HCU,D1 Southland Conference,5091,CBU,281435641,2020-02-29 13:00:00,2,1,1,2,1647451291,K. Gruller,R,FA,R,0.337755558727,1.40265134164,24.3100417949,-2.84180964766,5.19675610078,SL,K,-0.506675166134,6.89621666321,86.68548644,2178.1675574,173.342278081,-0.15
196,2020,730157824,HCU,D1 Southland Conference,5091,CBU,281435641,2020-02-29 13:00:00,2,1,2,2,1647451291,K. Gruller,R,CU,R,2.86621756577,0.64265675952,-15.0120888959,-8.51288519852,5.02541232324,B,K,-1.08844575906,6.82161118172,73.9331128944,2703.84529904,29.6393563973,0.13
197,2020,730157824,HCU,D1 Southland Conference,5091,CBU,281435641,2020-02-29 13:00:00,2,3,2,2,1647451291,K. Gruller,R,CH,R,0.239785286524,1.2418815197,14.1371772832,17.0674198683,5.78037320315,SS,K,-0.785485060584,6.64286015455,78.8707285493,2425.53042262,230.279992437,-0.15
198,2020,730157824,HCU,D1 Southland Conference,5091,CBU,281435641,2020-02-29 13:00:00,3,0,0,0,1647451291,K. Gruller,R,FA,R,0.216154475029,3.43792758478,22.0424320364,-6.15559532549,5.15192965526,B,BB,-0.477558080446,6.85218383985,86.5826938723,2168.31344264,164.421429772,0.13
199,2020,730157824,HCU,D1 Southland Conference,5091,CBU,281435641,2020-02-29 13:00:00,3,1,0,0,1647451291,K. Gruller,R,FA,R,1.58734962868,3.57986797342,23.719509809,0.996059453148,5.30690213867,B,BB,-0.496394563263,6.81509834658,87.3882625433,2158.59920419,182.40102487,0.13
200,2020,730157824,HCU,D1 Southland Conference,5091,CBU,281435641,2020-02-29 13:00:00,3,2,0,0,1647451291,K. Gruller,R,FA,R,-0.94501217755,3.20478985934,25.7207209506,2.54507765649,5.33564445984,B,BB,-0.568439757655,6.90405853585,86.9501253072,2068.8839916,185.643267675,0.13
201,2020,730157824,HCU,D1 Southland Conference,5091,CBU,281435641,2020-02-29 13:00:00,3,3,0,0,1647451291,K. Gruller,R,FA,R,0.546463445314,3.27431614511,25.7191667655,-6.53431018944,5.27350330434,B,BB,-0.664735817768,6.91361144958,88.8770545812,2255.98814019,165.763110628,0.8
202,2020,730157824,HCU,D1 Southland Conference,5091,CBU,281435641,2020-02-29 13:00:00,3,0,0,0,1647451291,K. Gruller,R,FA,R,0.119121114163,1.77448635466,22.2682207464,6.42966299871,5.44865676289,SL,SH,-0.678856017711,6.68573307898,87.8902519077,2185.33307133,196.081382126,-0.15
203,2020,730157824,HCU,D1 Southland Conference,5091,CBU,281435641,2020-02-29 13:00:00,3,0,0,1,1647451291,K. Gruller,R,CH,R,-0.679147388735,2.3070980194,19.8842339648,16.5224645981,5.44116874648,SL,HBP,-1.03417407669,6.83039427193,77.0646606334,2361.21646882,219.659765057,-0.15
204,2020,730157824,HCU,D1 Southland Conference,5091,CBU,281435641,2020-02-29 13:00:00,3,0,1,1,1647451291,K. Gruller,R,FA,R,-1.24737244471,4.10229796888,26.1248445567,3.31660336588,5.29709836622,HBP,HBP,-0.822084756523,6.85462030128,88.5078186036,2157.95824706,187.225652431,0.8
205,2020,730157824,HCU,D1 Southland Conference,5091,CBU,281435641,2020-02-29 13:00:00,3,0,0,1,1647451291,K. Gruller,R,CH,L,-0.31012695399,1.81996160047,13.834965864,14.0985132213,5.67785990089,SS,FC,-0.863592111116,6.46613451892,77.3709753692,2329.25240598,225.449371299,-0.15
206,2020,730157824,HCU,D1 Southland Conference,5091,CBU,281435641,2020-02-29 13:00:00,3,0,1,1,1647451291,K. Gruller,R,CU,L,-0.0179297709383,2.95366857643,10.2433214849,15.398391603,5.60036137215,IP,FC,-0.801419689849,6.55210739797,78.2912664209,2275.01298683,236.256075863,-0.21
207,2020,730157824,HCU,D1 Southland Conference,5091,CBU,281435641,2020-02-29 13:00:00,3,0,0,2,1647451291,K. Gruller,R,CH,L,-0.74956256657,3.32044570322,14.7183553036,14.8768504855,5.58641279185,SL,K,-0.662574798984,6.60616399702,78.7886754621,2231.73969095,225.22355365,-0.15
208,2020,730157824,HCU,D1 Southland Conference,5091,CBU,281435641,2020-02-29 13:00:00,3,0,1,2,1647451291,K. Gruller,R,CU,L,0.441450652548,2.16687692484,1.88013792509,-3.20481273157,4.99458461204,F,K,-0.844204453891,6.82625962887,79.7647695533,2228.80389482,120.969964344,-0.15
209,2020,730157824,HCU,D1 Southland Conference,5091,CBU,281435641,2020-02-29 13:00:00,3,0,2,2,1647451291,K. Gruller,R,CH,L,-0.155434944755,2.83239000114,16.7014196909,15.9766609756,5.73980477318,F,K,-0.8411857444,6.57085066506,80.540915259,2191.58066679,223.659553563,0.0
210,2020,730157824,HCU,D1 Southland Conference,5091,CBU,281435641,2020-02-29 13:00:00,3,0,2,2,1647451291,K. Gruller,R,FA,L,-0.959705483118,3.47115718866,23.6922849309,2.28611217033,5.29794845914,SS,K,-0.816657464636,6.73770022355,89.1773396481,2192.27607887,185.503710797,-0.15
211,2020,730157824,HCU,D1 Southland Conference,5091,CBU,281435641,2020-02-29 13:00:00,4,0,0,0,1647451291,K. Gruller,R,FA,R,1.0509076813,4.01313399043,22.8941818587,0.974956360735,5.29001421247,B,BB,-0.720580899378,6.72058238531,87.198837379,2242.64626798,182.4346827,0.13
212,2020,730157824,HCU,D1 Southland Conference,5091,CBU,281435641,2020-02-29 13:00:00,4,1,0,0,1647451291,K. Gruller,R,FA,R,-0.060869886985,3.25187649906,21.4930024702,10.8513513933,5.28297235849,F,BB,-0.705393233749,6.59721621721,86.8765548774,2185.35830093,206.749750886,-0.15
213,2020,730157824,HCU,D1 Southland Conference,5091,CBU,281435641,2020-02-29 13:00:00,4,2,1,0,1647451291,K. Gruller,R,FA,R,0.563681325105,4.33458646272,22.5667768212,6.24238655032,5.3320145659,B,BB,-0.66626446122,6.66079685043,88.053692951,2082.5332103,195.4395522,0.13
214,2020,730157824,HCU,D1 Southland Conference,5091,CBU,281435641,2020-02-29 13:00:00,4,3,1,0,1647451291,K. Gruller,R,FA,R,0.51401887592,3.2290109909,24.1486753504,2.08906724557,5.36180736593,SS,BB,-0.848909189411,6.82110666776,86.4409457884,2250.38935968,184.936897056,-0.15
215,2020,730157824,HCU,D1 Southland Conference,5091,CBU,281435641,2020-02-29 13:00:00,4,3,2,0,1647451291,K. Gruller,R,FA,R,-1.37573599268,3.55182217521,24.7584273714,5.95278419987,5.23299833969,B,BB,-0.584268570178,6.87399684689,86.0297857025,2050.22506457,193.499938554,0.8
216,2020,730157824,HCU,D1 Southland Conference,5091,CBU,281435641,2020-02-29 13:00:00,4,0,0,0,1647451291,K. Gruller,R,CU,R,-1.03745837628,2.51316650001,4.68679078448,-0.523692206526,4.85392448671,SL,ROE,-1.10756166704,6.8086933541,77.7492491389,2075.15783149,173.684723799,-0.15
217,2020,730157824,HCU,D1 Southland Conference,5091,CBU,281435641,2020-02-29 13:00:00,4,0,0,0,1647451291,K. Gruller,R,FA,R,-0.740069626228,2.33064264798,21.7226508367,7.93162854135,5.2497878543,SL,ROE,-0.948840116298,6.71465275337,85.9773427968,2145.95786001,200.027452331,-0.15
218,2020,730157824,HCU,D1 Southland Conference,5091,CBU,281435641,2020-02-29 13:00:00,4,0,1,0,1647451291,K. Gruller,R,FA,R,-1.38316959688,3.39289206198,25.3079220336,8.57295255011,5.20240704679,F,ROE,-0.844112124366,6.80635606453,85.357260932,2136.79922942,198.687622934,-0.15
219,2020,730157824,HCU,D1 Southland Conference,5091,CBU,281435641,2020-02-29 13:00:00,4,0,2,0,1647451291,K. Gruller,R,FA,R,-0.101581116521,4.10182948165,27.4214243493,3.63043496613,5.41361612387,F,ROE,-0.775855661309,6.8643730205,87.9565614865,2155.35380401,187.532222922,0.0
220,2020,730157824,HCU,D1 Southland Conference,5091,CBU,281435641,2020-02-29 13:00:00,4,0,2,0,1647451291,K. Gruller,R,FA,R,0.272309709385,3.00678311744,22.0702563714,2.52922665764,5.34143363243,IP,ROE,-0.758462440348,6.61151419044,87.7100648938,2127.79791515,186.527216213,0.0
221,2020,730157824,HCU,D1 Southland Conference,5091,CBU,281435641,2020-02-29 13:00:00,4,0,0,0,1647451291,K. Gruller,R,CH,L,-0.617196258706,3.55851052247,14.8450255112,11.8924307429,5.40090613514,B,S,-1.04099768122,6.58508731532,76.1363980873,2210.97994521,218.611344682,0.13
222,2020,730157824,HCU,D1 Southland Conference,5091,CBU,281435641,2020-02-29 13:00:00,4,1,0,0,1647451291,K. Gruller,R,FA,L,0.811828259239,3.62132516759,24.9341356798,1.883372048,5.27436446509,B,S,-0.656572746085,6.85624472206,87.5306528342,2109.98813112,184.313440539,0.13
223,2020,730157824,HCU,D1 Southland Conference,5091,CBU,281435641,2020-02-29 13:00:00,4,2,0,0,1647451291,K. Gruller,R,FA,L,0.113509205395,3.44464733598,21.2581419378,3.71724745994,5.12653046742,IP,S,-0.894204772653,6.85376394826,85.2312058666,2065.13762164,189.901531495,1.0
224,2020,730157824,HCU,D1 Southland Conference,5091,CBU,281435641,2020-02-29 13:00:00,4,0,0,0,1647451291,K. Gruller,R,FA,R,-1.38040676051,2.82219911212,25.100386105,2.47847752623,5.26585675027,B,S,-0.682160461875,7.00833546022,85.3375144251,2154.3058734,185.630969763,0.13
225,2020,730157824,HCU,D1 Southland Conference,5091,CBU,281435641,2020-02-29 13:00:00,4,1,1,0,1647451291,K. Gruller,R,CU,R,1.27757858902,2.19657325572,3.32676352687,-3.44048989002,4.95133903983,SL,S,-0.89366514267,6.7664576827,76.9948500302,2224.76665528,134.429329329,-0.15
226,2020,730157824,HCU,D1 Southland Conference,5091,CBU,281435641,2020-02-29 13:00:00,4,1,2,0,1647451291,K. Gruller,R,FA,R,0.274669400559,2.61894935014,20.166931948,3.06526266605,5.35105300494,F,S,-0.724270659015,6.64178319615,86.1032865574,2024.82247372,188.627129238,0.0
227,2020,730157824,HCU,D1 Southland Conference,5091,CBU,281435641,2020-02-29 13:00:00,4,1,2,0,1647451291,K. Gruller,R,FA,R,0.228208141458,2.8507916912,19.0928021876,8.43630104852,5.46888757691,IP,S,-0.644205776574,6.5752781723,87.2846259244,2108.0615589,203.799433541,1.0
228,2020,730157824,HCU,D1 Southland Conference,5091,CBU,281435641,2020-02-29 13:00:00,4,0,0,1,1647451291,K. Gruller,R,CU,R,0.0645246564834,2.19434281497,3.29306557626,-0.900658998771,4.84201058013,SL,BB,-0.865496142022,6.66042921223,78.4689318045,2129.45756592,164.900870303,-0.15
229,2020,730157824,HCU,D1 Southland Conference,5091,CBU,281435641,2020-02-29 13:00:00,4,0,1,1,1647451291,K. Gruller,R,CU,R,1.26835911965,-0.334311621005,-20.4615052129,-0.161739052186,4.7015235985,B,BB,-1.07740442898,6.7014151295,71.9633371275,2664.6214044,0.454104390982,0.13
230,2020,730157824,HCU,D1 Southland Conference,5091,CBU,281435641,2020-02-29 13:00:00,4,1,1,1,1647451291,K. Gruller,R,FA,R,-0.0787708374652,0.891496953702,23.0769411005,8.7426269697,5.49350677861,SS,BB,-0.799156666947,6.66753506771,88.0941367366,2248.9288553,200.720426317,-0.15
231,2020,730157824,HCU,D1 Southland Conference,5091,CBU,281435641,2020-02-29 13:00:00,4,1,2,1,1647451291,K. Gruller,R,CH,R,0.270470017637,0.354884142546,18.9955995722,19.2700948499,5.50449613886,B,BB,-0.921503360273,6.60428008936,78.45480536,2266.05275152,225.344945197,0.13
232,2020,730157824,HCU,D1 Southland Conference,5091,CBU,281435641,2020-02-29 13:00:00,4,2,2,1,1647451291,K. Gruller,R,CU,R,1.4923498509,0.837544347437,5.00083319986,0.268303467209,4.86071603797,B,BB,-0.94056691322,6.86973383882,79.0363187503,2125.31026723,183.04400025,0.13
233,2020,730157824,HCU,D1 Southland Conference,5091,CBU,281435641,2020-02-29 13:00:00,4,3,2,1,1647451291,K. Gruller,R,CH,R,1.66798500242,1.05806323108,16.0273187168,8.65061721297,5.59968276018,B,BB,-0.690962996179,6.52455789241,78.7153080581,2233.6582975,208.293256224,0.8
234,2020,730157824,HCU,D1 Southland Conference,5091,CBU,281435641,2020-02-29 13:00:00,4,0,0,1,1647451291,K. Gruller,R,CH,L,-1.41868581736,2.7099570844,13.637495399,17.1721961114,5.64940654013,SS,K,-1.17859323078,6.52619009304,78.5338882383,2307.23806704,231.455765854,-0.15
235,2020,730157824,HCU,D1 Southland Conference,5091,CBU,281435641,2020-02-29 13:00:00,4,0,1,1,1647451291,K. Gruller,R,FA,L,-0.230492748625,2.58427282471,24.2748939485,4.16454019682,5.26335554844,F,K,-0.90980567614,6.89711032638,87.645913565,2139.98866925,189.720762553,-0.15
236,2020,730157824,HCU,D1 Southland Conference,5091,CBU,281435641,2020-02-29 13:00:00,4,0,2,1,1647451291,K. Gruller,R,CH,L,-0.604579937031,1.36862074144,17.3558028297,16.2764861117,5.61654668283,SS,K,-0.990717079359,6.8207936264,79.1234066973,2258.28933531,223.091657998,-0.15
237,2020,730157824,HCU,D1 Southland Conference,5091,CBU,281435641,2020-02-29 13:00:00,4,0,1,2,1647451291,K. Gruller,R,FA,L,-1.04236300417,2.64945206154,28.3644278813,8.20560846589,5.36572539189,SS,IP_OUT,-1.02020024915,6.82650121897,89.0403143669,2145.40769063,196.116479503,-0.15
238,2020,730157824,HCU,D1 Southland Conference,5091,CBU,281435641,2020-02-29 13:00:00,5,0,0,0,1647451291,K. Gruller,R,FA,R,0.537679216401,2.87457196747,22.224630496,5.42957878613,5.50328768594,F,K,-0.554089331923,6.5540298699,87.6538476778,2160.20953552,193.708022737,-0.15
239,2020,730157824,HCU,D1 Southland Conference,5091,CBU,281435641,2020-02-29 13:00:00,5,0,1,0,1647451291,K. Gruller,R,CU,R,0.219040295999,3.10306786864,-2.50691111558,-0.615652545027,4.90466573798,F,K,-0.899346096135,6.76714666311,76.9059621984,2207.60743204,14.0445033859,-0.15
240,2020,730157824,HCU,D1 Southland Conference,5091,CBU,281435641,2020-02-29 13:00:00,5,0,2,0,1647451291,K. Gruller,R,FA,R,-0.299389327727,3.30520725744,22.4649275424,4.68547342021,5.30314123264,F,K,-0.57345446126,6.77088747694,88.780951556,2203.79960385,191.763895846,0.0
241,2020,730157824,HCU,D1 Southland Conference,5091,CBU,281435641,2020-02-29 13:00:00,5,0,2,0,1647451291,K. Gruller,R,CU,R,2.32890356588,2.12886558876,-18.6930407669,-7.60920454809,4.68829338997,B,K,-0.966968451231,6.63243633687,73.0854827734,2699.75189969,22.2059655877,0.13
242,2020,730157824,HCU,D1 Southland Conference,5091,CBU,281435641,2020-02-29 13:00:00,5,1,2,0,1647451291,K. Gruller,R,FA,R,-0.542465770258,2.16037675794,23.1899532766,4.53787778663,5.23431642512,F,K,-0.565642154634,6.70463412745,89.6086024771,2175.10598219,191.056136999,0.0
243,2020,730157824,HCU,D1 Southland Conference,5091,CBU,281435641,2020-02-29 13:00:00,5,1,2,0,1647451291,K. Gruller,R,CH,R,-0.0706880230009,1.74839044557,17.2060565584,11.8612262737,5.74716379562,SS,K,-0.750496394343,6.70026155888,79.1617347565,2134.25073891,214.515054144,-0.15
244,2020,730157824,HCU,D1 Southland Conference,5091,CBU,281435641,2020-02-29 13:00:00,5,0,0,1,1647451291,K. Gruller,R,FA,R,0.75837512277,3.996675474,17.9655427065,3.61042168359,5.40609937779,SS,K,-0.616629302624,6.54240321481,89.7693712563,2328.79124641,191.342522875,-0.15
245,2020,730157824,HCU,D1 Southland Conference,5091,CBU,281435641,2020-02-29 13:00:00,5,0,1,1,1647451291,K. Gruller,R,CU,R,-0.15620487417,0.660867431346,-3.92763757173,-0.206580032598,4.91797977811,F,K,-0.887776445663,6.74464107848,77.2244677761,2258.9411628,3.0466612438,-0.15
246,2020,730157824,HCU,D1 Southland Conference,5091,CBU,281435641,2020-02-29 13:00:00,5,0,2,1,1647451291,K. Gruller,R,FA,R,0.907364408321,2.43132221793,25.3489963024,3.63982472332,5.50362408614,SL,K,-0.46289792229,6.68985107348,90.2505014916,2290.51008625,188.160707835,-0.15
247,2020,730157824,HCU,D1 Southland Conference,5091,CBU,281435641,2020-02-29 13:00:00,5,0,0,2,1647451291,K. Gruller,R,CU,R,0.748215748054,2.73246228113,-3.84838903143,-3.12565321245,4.88709829758,SL,K,-0.860743910866,6.6040983987,79.338075828,2202.58415107,39.4039861977,-0.15
248,2020,730157824,HCU,D1 Southland Conference,5091,CBU,281435641,2020-02-29 13:00:00,5,0,1,2,1647451291,K. Gruller,R,CU,R,-0.183478318761,2.7374092885,-0.466479606761,-6.33294621122,4.92509152934,SL,K,-0.774793736191,6.64159935273,78.9415324314,2375.51867325,86.1826990829,-0.15
249,2020,730157824,HCU,D1 Southland Conference,5091,CBU,281435641,2020-02-29 13:00:00,5,0,2,2,1647451291,K. Gruller,R,CU,R,0.977439203043,0.824545257685,-4.19331454288,-1.47127646682,5.12689945291,SS,K,-0.549926624614,6.60673733668,81.0278835366,2301.10822274,19.5136791316,-0.15
250,2020,730157824,HCU,D1 Southland Conference,5091,CBU,281435641,2020-02-29 13:00:00,6,0,0,0,1647451291,K. Gruller,R,FA,L,1.3347505137,2.35618030486,17.5970915919,2.25540461326,5.52596978733,B,BB,-0.689986686742,6.52870096184,87.5335463453,2055.61713939,187.289367826,0.13
251,2020,730157824,HCU,D1 Southland Conference,5091,CBU,281435641,2020-02-29 13:00:00,6,1,0,0,1647451291,K. Gruller,R,FA,L,0.569595874141,2.59219806381,17.884897091,-11.2982211969,5.36494180649,F,BB,-0.447442541518,6.46132333812,85.5369094223,2034.2293987,147.772539932,-0.15
252,2020,730157824,HCU,D1 Southland Conference,5091,CBU,281435641,2020-02-29 13:00:00,6,1,1,0,1647451291,K. Gruller,R,CU,L,-1.4335481824,-0.273697220647,12.5048686265,22.7208599037,5.64386445376,B,BB,-0.892797661645,6.46608222645,79.0585277175,2405.39490814,241.089095443,0.13
253,2020,730157824,HCU,D1 Southland Conference,5091,CBU,281435641,2020-02-29 13:00:00,6,2,1,0,1647451291,K. Gruller,R,FA,L,-0.86360151975,3.1706422715,23.1881710299,6.99388992548,5.37459209061,B,BB,-0.699371049358,6.46482688078,88.7916613798,2233.7723631,196.760503719,0.13
254,2020,730157824,HCU,D1 Southland Conference,5091,CBU,281435641,2020-02-29 13:00:00,6,3,1,0,1647451291,K. Gruller,R,FA,L,-1.36577259276,1.4568710253,24.8595935958,6.35943904116,5.35941663839,B,BB,-0.704191918077,6.63092984875,89.0298848141,2228.09712321,194.330367567,0.8
255,2020,730157824,HCU,D1 Southland Conference,5091,CBU,281435641,2020-02-29 13:00:00,6,0,0,0,1647451291,K. Gruller,R,CU,R,-0.707603079636,2.93250439231,-1.55297640962,-9.21677221152,5.00917622105,F,IP_OUT,-1.0020820578,6.71242791694,78.4024487192,2261.22659142,80.7055521689,-0.15
256,2020,730157824,HCU,D1 Southland Conference,5091,CBU,281435641,2020-02-29 13:00:00,6,0,1,0,1647451291,K. Gruller,R,FA,R,0.157643755334,2.82818600389,20.0820756901,9.4246536791,5.53884643957,SS,IP_OUT,-0.716643634654,6.44574374384,87.2595309722,2186.37304863,205.101733347,-0.15
257,2020,730157824,HCU,D1 Southland Conference,5091,CBU,281435641,2020-02-29 13:00:00,6,0,2,0,1647451291,K. Gruller,R,FA,R,1.55052528484,3.2015141058,20.1620169264,-9.69229316385,5.47684798209,B,IP_OUT,-0.555175599471,6.54964003771,87.7726494924,2160.21750998,154.364379187,0.13
258,2020,730157824,HCU,D1 Southland Conference,5091,CBU,281435641,2020-02-29 13:00:00,6,0,0,1,1647451291,K. Gruller,R,FA,R,0.285632693457,1.11248245254,24.7113223284,5.4330935613,5.36563604109,B,IP_OUT,-0.524876649998,6.67519416366,88.7258777944,2223.64989315,192.383176105,0.13
259,2020,730157824,HCU,D1 Southland Conference,5091,CBU,281435641,2020-02-29 13:00:00,6,1,0,2,1647451291,K. Gruller,R,FA,R,-0.313022141413,3.6276346318,21.026029327,5.74733428225,5.37400267959,B,IP_OUT,-0.844445825978,6.54804726532,86.9400120431,2059.50637507,195.26332793,0.13
260,2020,730157824,HCU,D1 Southland Conference,5091,CBU,281435641,2020-02-29 13:00:00,6,2,0,2,1647451291,K. Gruller,R,FA,R,0.137743052735,1.14932370026,24.7687587439,6.17802323673,5.65321136336,B,IP_OUT,-0.379339271739,6.58062349779,90.0243039938,2287.62837024,193.98739712,0.13
261,2020,730157824,HCU,D1 Southland Conference,5091,CBU,281435641,2020-02-29 13:00:00,6,3,0,2,1647451291,K. Gruller,R,FA,R,-0.0641500707958,2.98576067866,22.83869796,7.83061795322,5.39763869164,SL,IP_OUT,-0.568237025539,6.57556504671,86.7155929703,2087.98860699,198.897446462,-0.15
262,2020,730157824,HCU,D1 Southland Conference,5091,CBU,281435641,2020-02-29 13:00:00,7,0,0,0,1154872255,A. Reitmeyer,R,FA,R,0.53160379463,1.26385940388,18.0075778419,-0.519420858712,6.61154679002,B,D,-1.86527008297,5.86828895216,90.8910093492,1754.81755194,178.350640207,0.13
263,2020,730157824,HCU,D1 Southland Conference,5091,CBU,281435641,2020-02-29 13:00:00,7,1,0,0,1154872255,A. Reitmeyer,R,FA,R,1.22608442206,2.85124577854,15.9328568464,-8.9869182948,6.67471223817,B,D,-1.72303441536,5.94865679661,91.7137003726,1817.38876931,150.621669124,0.13
264,2020,730157824,HCU,D1 Southland Conference,5091,CBU,281435641,2020-02-29 13:00:00,7,2,0,0,1154872255,A. Reitmeyer,R,FA,R,-0.58441628872,3.59400757299,22.636476932,0.499989624233,6.62620078226,B,D,-1.71028637798,6.05132361846,90.3832918833,1869.38539655,181.263573382,0.13
265,2020,730157824,HCU,D1 Southland Conference,5091,CBU,281435641,2020-02-29 13:00:00,7,3,0,0,1154872255,A. Reitmeyer,R,FA,R,0.308838386291,2.34105240479,22.943169117,-7.24206625503,6.59412702592,SL,D,-1.83146085271,6.17343436164,89.1661743215,1970.14558612,162.504904926,-0.15
266,2020,730157824,HCU,D1 Southland Conference,5091,CBU,281435641,2020-02-29 13:00:00,7,3,1,0,1154872255,A. Reitmeyer,R,FA,R,-0.0827448486547,3.10637696506,18.1055160801,-4.04881410792,6.62507483724,SL,D,-1.76246283944,5.92405147033,89.0891748136,1875.55815464,167.41658792,-0.15
267,2020,730157824,HCU,D1 Southland Conference,5091,CBU,281435641,2020-02-29 13:00:00,7,3,2,0,1154872255,A. Reitmeyer,R,FA,R,0.450997525519,1.83648442024,15.0889913993,-7.56807690536,6.69837993687,F,D,-1.84986585488,5.95325443769,89.76507558,1797.21751621,153.41159103,0.0
268,2020,730157824,HCU,D1 Southland Conference,5091,CBU,281435641,2020-02-29 13:00:00,7,3,2,0,1154872255,A. Reitmeyer,R,FA,R,-0.663783012556,2.40884573852,25.5621805981,-1.65756660456,6.63105702161,F,D,-1.56939299914,6.12504103574,90.364348057,1904.7771127,176.294447206,0.0
269,2020,730157824,HCU,D1 Southland Conference,5091,CBU,281435641,2020-02-29 13:00:00,7,3,2,0,1154872255,A. Reitmeyer,R,FA,R,0.305284226964,3.1863301938,21.2827246571,-1.00018340067,6.57798592844,F,D,-1.69091430339,6.16667037139,89.268569321,1603.6904148,177.313466337,0.0
270,2020,730157824,HCU,D1 Southland Conference,5091,CBU,281435641,2020-02-29 13:00:00,7,3,2,0,1154872255,A. Reitmeyer,R,FA,R,-0.225133400562,2.41351222964,16.0191775711,1.67424893876,6.56791534442,IP,D,-1.78052542201,6.0239350019,90.1629599369,1926.86776953,185.954857861,1.26
271,2020,730157824,HCU,D1 Southland Conference,5091,CBU,281435641,2020-02-29 13:00:00,7,0,0,0,1154872255,A. Reitmeyer,R,FA,L,-0.98951094281,2.8379930742,19.0295787492,-0.844301166986,6.59255715464,SL,S,-1.79480638088,5.86753704743,90.3954844339,1924.04112896,177.463814264,-0.15
272,2020,730157824,HCU,D1 Southland Conference,5091,CBU,281435641,2020-02-29 13:00:00,7,0,1,0,1154872255,A. Reitmeyer,R,FA,L,-0.402674305716,2.63962016638,18.9174242772,-1.24592965826,6.32489492145,IP,S,-1.72555938744,6.02661865188,90.6285283283,1936.1717452,176.238218266,1.0
273,2020,730157824,HCU,D1 Southland Conference,5091,CBU,281435641,2020-02-29 13:00:00,7,0,0,0,1154872255,A. Reitmeyer,R,FA,L,1.10248095404,3.49400918115,9.45410231694,-12.6145335137,6.32765730684,B,IP_OUT,-1.84302629589,6.05359046121,90.6058028904,2071.27330052,126.942803516,0.13
274,2020,730157824,HCU,D1 Southland Conference,5091,CBU,281435641,2020-02-29 13:00:00,7,1,0,0,1154872255,A. Reitmeyer,R,FA,L,-0.817369632358,1.87085323645,25.1973189131,0.52852336341,6.53820620007,SL,IP_OUT,-1.74346349954,6.16621576339,91.2185489424,1985.88861304,181.200128855,-0.15
275,2020,730157824,HCU,D1 Southland Conference,5091,CBU,281435641,2020-02-29 13:00:00,7,1,1,0,1154872255,A. Reitmeyer,R,FA,L,-1.73318043955,2.28260685109,17.1892802705,3.97609087392,6.57401513678,B,IP_OUT,-1.82314015298,6.0311094971,90.0863300951,1955.99253976,193.000763459,0.13
276,2020,730157824,HCU,D1 Southland Conference,5091,CBU,281435641,2020-02-29 13:00:00,7,2,1,0,1154872255,A. Reitmeyer,R,FA,L,0.550520625163,1.523987099,20.7731811198,-4.37840767259,6.4499985063,F,IP_OUT,-1.86872188773,6.11833149835,88.7971951553,2035.48799826,168.116448191,-0.15
277,2020,730157824,HCU,D1 Southland Conference,5091,CBU,281435641,2020-02-29 13:00:00,7,0,0,1,1154872255,A. Reitmeyer,R,FA,R,0.956026125181,3.04705042714,18.9634798476,-0.163579784022,6.54412954431,SL,SH,-1.69565916615,6.00082695824,91.1285183921,1902.94829774,179.506591467,-0.15
278,2020,730157824,HCU,D1 Southland Conference,5091,CBU,281435641,2020-02-29 13:00:00,7,0,0,1,1154872255,A. Reitmeyer,R,FA,R,-0.206259773767,3.60549973682,11.3957035561,-3.49495496718,6.31783622644,SS,IP_OUT,-1.77831979633,5.98094408624,90.381455666,2070.6238269,162.994349366,-0.15
279,2020,730157824,HCU,D1 Southland Conference,5091,CBU,281435641,2020-02-29 13:00:00,7,0,1,1,1154872255,A. Reitmeyer,R,FA,R,-0.792044997522,3.52201961573,19.4268254912,-4.38157668823,6.47469086245,B,IP_OUT,-1.81559153611,6.02974649764,89.2388017799,1985.99221481,167.310807999,0.13
280,2020,730157824,HCU,D1 Southland Conference,5091,CBU,281435641,2020-02-29 13:00:00,7,1,1,1,1154872255,A. Reitmeyer,R,CU,R,0.564044526915,2.84695057359,-3.06602934097,-7.56416019286,6.22729853715,SS,IP_OUT,-1.70197405747,5.95304173589,74.2245400414,2098.7624292,68.2468546095,-0.15
281,2020,730157824,HCU,D1 Southland Conference,5091,CBU,281435641,2020-02-29 13:00:00,7,1,2,1,1154872255,A. Reitmeyer,R,CU,R,-0.313032631913,3.74381610242,-4.42699349146,-10.0144251714,6.05349592678,B,IP_OUT,-1.94365389858,6.02371189019,73.656208664,2049.23606872,66.3847286844,0.13
282,2020,730157824,HCU,D1 Southland Conference,5091,CBU,281435641,2020-02-29 13:00:00,7,2,2,1,1154872255,A. Reitmeyer,R,FA,R,1.2041858622,2.02679528524,22.781506258,-6.31172220824,6.61593430667,F,IP_OUT,-1.63531310991,6.20986262152,90.8686931029,2040.88944086,164.534817442,0.0
283,2020,730157824,HCU,D1 Southland Conference,5091,CBU,281435641,2020-02-29 13:00:00,7,2,2,1,1154872255,A. Reitmeyer,R,FA,R,0.122778695058,4.54187515489,20.6845158646,-5.77389861087,6.52947989407,B,IP_OUT,-1.69548059301,6.0009627719,88.1405071851,1909.09757513,164.426948649,0.13
284,2020,730157824,HCU,D1 Southland Conference,5091,CBU,281435641,2020-02-29 13:00:00,7,3,2,1,1154872255,A. Reitmeyer,R,FA,R,-0.152577848095,3.59578768495,22.9990664278,-2.78075102438,6.57347451124,F,IP_OUT,-1.62409851954,6.06166684909,88.8761120721,1958.37444909,173.115578255,0.0
285,2020,730157824,HCU,D1 Southland Conference,5091,CBU,281435641,2020-02-29 13:00:00,7,0,0,2,1154872255,A. Reitmeyer,R,FA,L,-0.973062723159,3.43007323369,20.8680156719,-4.15862886218,6.40050859104,B,BB,-1.93106827897,6.02714388444,90.3607761354,1960.42458019,168.746449993,0.13
286,2020,730157824,HCU,D1 Southland Conference,5091,CBU,281435641,2020-02-29 13:00:00,7,1,0,2,1154872255,A. Reitmeyer,R,FA,L,-0.962673592996,3.47187024333,20.5528417979,-6.33629709412,6.55964467349,B,BB,-1.8656981522,5.97924746403,88.7626495662,1870.48654592,162.891570727,0.13
287,2020,730157824,HCU,D1 Southland Conference,5091,CBU,281435641,2020-02-29 13:00:00,7,2,0,2,1154872255,A. Reitmeyer,R,FA,L,-0.350642567673,1.07179155463,19.4715110332,-6.74361514696,6.69357905485,B,BB,-1.91895796494,5.91058479462,85.8621563968,1899.00330308,160.929259427,0.13
288,2020,730157824,HCU,D1 Southland Conference,5091,CBU,281435641,2020-02-29 13:00:00,7,3,0,2,1154872255,A. Reitmeyer,R,FA,L,-2.07579624186,2.70661154255,15.6765534413,3.45073368991,6.570751699,B,BB,-1.92196719689,6.00019492366,85.1965673944,1770.5592273,192.386839405,0.8
289,2020,730157824,HCU,D1 Southland Conference,5091,CBU,281435641,2020-02-29 13:00:00,7,0,0,2,1154872255,A. Reitmeyer,R,FA,L,-0.592289453457,2.96300773999,18.6278687603,-2.43113109916,6.72126674637,SL,IP_OUT,-1.73198226886,6.00688506804,87.5918709675,1765.78218173,172.577467462,-0.15
290,2020,730157824,HCU,D1 Southland Conference,5091,CBU,281435641,2020-02-29 13:00:00,8,0,0,0,1154872255,A. Reitmeyer,R,FA,R,0.81303728025,1.37158534405,18.1856798532,-8.8627097928,6.5185904945,B,S,-1.58220059278,6.0039668611,87.6065000139,1934.46828783,154.06001264,0.13
291,2020,730157824,HCU,D1 Southland Conference,5091,CBU,281435641,2020-02-29 13:00:00,8,1,0,0,1154872255,A. Reitmeyer,R,FA,R,-0.0205317436328,2.28180706473,21.1370961077,-1.07763513869,6.64263841457,SL,S,-1.82048321314,6.22585792714,86.1876999831,1798.27560747,177.086224709,-0.15
292,2020,730157824,HCU,D1 Southland Conference,5091,CBU,281435641,2020-02-29 13:00:00,8,1,1,0,1154872255,A. Reitmeyer,R,CH,R,-2.06695418579,2.52977239144,12.7471813729,14.3601447054,6.37343461346,B,S,-1.92828685085,5.83402546034,76.3568523505,1060.5033066,228.305928458,0.13
293,2020,730157824,HCU,D1 Southland Conference,5091,CBU,281435641,2020-02-29 13:00:00,8,2,1,0,1154872255,A. Reitmeyer,R,FA,R,-0.226862156659,2.51286105753,14.874971417,-3.62824303688,6.66963452759,IP,S,-1.67601131116,5.91151916671,86.2328694702,1880.43975956,166.322804478,1.0
294,2020,730157824,HCU,D1 Southland Conference,5091,CBU,281435641,2020-02-29 13:00:00,8,0,0,0,1154872255,A. Reitmeyer,R,FA,R,1.679725121,1.98146049309,22.0799048361,-7.07483509093,6.66304275054,B,K,-1.56463938333,6.00528883368,87.0088822463,1959.94540052,162.259510813,0.13
295,2020,730157824,HCU,D1 Southland Conference,5091,CBU,281435641,2020-02-29 13:00:00,8,1,0,0,1154872255,A. Reitmeyer,R,FA,R,1.23439116326,2.35940290801,20.1896141649,-3.97959805355,6.565105928,SS,K,-1.99346364689,5.8406786412,84.0800334845,1863.43459632,168.869015086,-0.15
296,2020,730157824,HCU,D1 Southland Conference,5091,CBU,281435641,2020-02-29 13:00:00,8,1,1,0,1154872255,A. Reitmeyer,R,FA,R,0.324767708162,4.05224823494,17.428331578,-0.0928328501954,6.51030121141,B,K,-1.92748817111,6.02692013392,87.1126687186,1851.08232699,179.69541398,0.13
297,2020,730157824,HCU,D1 Southland Conference,5091,CBU,281435641,2020-02-29 13:00:00,8,2,1,0,1154872255,A. Reitmeyer,R,FA,R,0.171451414809,1.60984659396,21.8383418322,-0.145831190535,6.6734309852,SL,K,-1.61507445286,6.0500673225,84.6269748108,1855.93046219,179.618030885,-0.15
298,2020,730157824,HCU,D1 Southland Conference,5091,CBU,281435641,2020-02-29 13:00:00,8,2,2,0,1154872255,A. Reitmeyer,R,FA,R,0.459822167097,3.95667969685,20.0313884712,-3.51079501439,6.43068699365,B,K,-1.7062035405,6.17240379426,85.2825308277,1842.97274537,170.076574517,0.13
299,2020,730157824,HCU,D1 Southland Conference,5091,CBU,281435641,2020-02-29 13:00:00,8,3,2,0,1154872255,A. Reitmeyer,R,FA,R,-1.27106413456,1.75522785764,17.3959032456,2.45470712231,6.67768432092,SL,K,-1.64582575529,5.85605186104,81.188475611,1752.02625433,188.014216419,-0.15
300,2020,730157824,HCU,D1 Southland Conference,5091,CBU,281435641,2020-02-29 13:00:00,8,0,0,1,1154872255,A. Reitmeyer,R,FA,R,1.20875299806,3.0572132741,15.2351762973,-9.22504275688,6.6204243026,B,D,-1.58042435508,5.9537648842,86.751631282,1982.76635202,148.861777245,0.13
301,2020,730157824,HCU,D1 Southland Conference,5091,CBU,281435641,2020-02-29 13:00:00,8,1,0,1,1154872255,A. Reitmeyer,R,FA,R,-0.714137635673,2.02092959742,17.5533138944,-3.29179963017,6.74253386685,SL,D,-1.67792929316,5.99196537693,83.4456331537,1794.4488604,169.400229535,-0.15
302,2020,730157824,HCU,D1 Southland Conference,5091,CBU,281435641,2020-02-29 13:00:00,8,1,1,1,1154872255,A. Reitmeyer,R,FA,R,-0.691277452665,2.0310402877,23.2491138297,-4.36846103972,6.54618270717,IP,D,-1.65439593966,6.21888194755,84.9300011818,1785.12791036,169.374342272,1.26
303,2020,730157824,HCU,D1 Southland Conference,5091,CBU,281435641,2020-02-29 13:00:00,8,0,0,1,1154872255,A. Reitmeyer,R,FA,L,-0.533339829316,2.80695680893,19.1258630906,-2.1250232007,6.60899470877,SL,HR,-1.59632604809,6.1709692302,85.7632559465,1948.97256809,173.671531567,-0.15
304,2020,730157824,HCU,D1 Southland Conference,5091,CBU,281435641,2020-02-29 13:00:00,8,0,1,1,1154872255,A. Reitmeyer,R,FA,L,-0.422616686373,2.01022372825,16.8301195431,-5.38605251204,6.49198016337,SL,HR,-1.72166470976,6.20863909596,85.7019011931,1890.466102,162.289038129,-0.15
305,2020,730157824,HCU,D1 Southland Conference,5091,CBU,281435641,2020-02-29 13:00:00,8,0,2,1,1154872255,A. Reitmeyer,R,CH,L,-2.6308505888,2.47937444894,13.4819153044,8.39688280416,6.91274221925,B,HR,-1.99361299043,5.81767149587,73.8953302818,1049.8520863,211.82654392,0.13
306,2020,730157824,HCU,D1 Southland Conference,5091,CBU,281435641,2020-02-29 13:00:00,8,1,2,1,1154872255,A. Reitmeyer,R,FA,L,-0.603756516196,3.17213685496,22.5312927538,-4.66436276235,6.36172034086,F,HR,-1.54958120222,6.14248431145,85.7100081546,1946.42719483,168.321994267,0.0
307,2020,730157824,HCU,D1 Southland Conference,5091,CBU,281435641,2020-02-29 13:00:00,8,1,2,1,1154872255,A. Reitmeyer,R,FA,L,0.157010588082,4.11957632174,17.7970321197,-2.04099754412,6.44477512669,F,HR,-1.62720310359,6.26781279007,85.7425572633,1825.82246994,173.470764825,0.0
308,2020,730157824,HCU,D1 Southland Conference,5091,CBU,281435641,2020-02-29 13:00:00,8,1,2,1,1154872255,A. Reitmeyer,R,CH,L,-1.51138923458,2.34471960226,17.8383540699,1.5481646402,7.37720450568,F,HR,-2.01757596671,5.74016380876,74.688805991,1042.33489314,184.947750004,0.0
309,2020,730157824,HCU,D1 Southland Conference,5091,CBU,281435641,2020-02-29 13:00:00,8,1,2,1,1154872255,A. Reitmeyer,R,FA,L,-0.845796903673,4.0818598209,19.4107435665,-3.91234339544,6.5791347317,F,HR,-1.76529147913,6.23898752119,86.2818733185,1759.64689554,168.624192239,0.0
310,2020,730157824,HCU,D1 Southland Conference,5091,CBU,281435641,2020-02-29 13:00:00,8,1,2,1,1154872255,A. Reitmeyer,R,CU,L,-0.018468079193,2.33966060482,-2.13854054901,-12.23546382,6.24336415791,IP,HR,-1.74324211959,5.8260167368,72.5201324096,2070.6541287,80.3112918227,1.76
311,2020,730157824,HCU,D1 Southland Conference,5091,CBU,281435641,2020-02-29 13:00:00,8,0,0,1,1154872255,A. Reitmeyer,R,FA,L,-1.49790367337,2.64407487782,20.7130391735,4.72725195563,6.57392379727,B,K,-1.7755737673,5.93190195312,86.6554648348,1852.50500457,192.835508061,0.13
312,2020,730157824,HCU,D1 Southland Conference,5091,CBU,281435641,2020-02-29 13:00:00,8,1,0,1,1154872255,A. Reitmeyer,R,FA,L,1.30590337994,2.55603333201,13.9273934422,-4.48564376774,6.62655309665,F,K,-1.83778231833,6.0741765774,83.3883543726,1899.61398997,162.192450715,-0.15
313,2020,730157824,HCU,D1 Southland Conference,5091,CBU,281435641,2020-02-29 13:00:00,8,1,1,1,1154872255,A. Reitmeyer,R,FA,L,-0.612432909606,2.94482019568,16.8116594517,-10.0544770053,6.56372482336,SS,K,-1.94971190404,5.96072834772,86.5740702201,1919.26008706,149.169754139,-0.15
314,2020,730157824,HCU,D1 Southland Conference,5091,CBU,281435641,2020-02-29 13:00:00,8,1,2,1,1154872255,A. Reitmeyer,R,FA,L,-1.59547062646,1.55967666352,23.4942862348,4.77977394521,6.49248448471,B,K,-1.83276961341,6.2723823115,86.9647884012,1915.19941817,191.483067694,0.13
315,2020,730157824,HCU,D1 Southland Conference,5091,CBU,281435641,2020-02-29 13:00:00,8,2,2,1,1154872255,A. Reitmeyer,R,FA,L,-0.85184887733,1.58365091467,19.8028566185,-5.74638247492,6.59434748484,SL,K,-1.7083168544,6.13755894408,87.9804387196,1947.43222219,163.844466768,-0.15
316,2020,730157824,HCU,D1 Southland Conference,5091,CBU,281435641,2020-02-29 13:00:00,8,0,0,2,1154872255,A. Reitmeyer,R,CU,R,-0.270929412887,0.96588342549,-6.59448734369,-8.03832324949,6.45044572824,B,S,-1.76263983477,5.9970268211,71.831007898,2084.20486141,50.8511227595,0.13
317,2020,730157824,HCU,D1 Southland Conference,5091,CBU,281435641,2020-02-29 13:00:00,8,1,0,2,1154872255,A. Reitmeyer,R,FA,R,-0.700611848652,3.42663973967,15.7015676918,2.22008908592,6.35703960154,B,S,-1.74566796631,6.12137521663,84.9803813362,1846.88939694,188.029620565,0.13
318,2020,730157824,HCU,D1 Southland Conference,5091,CBU,281435641,2020-02-29 13:00:00,8,2,0,2,1154872255,A. Reitmeyer,R,FA,R,-0.810272610776,2.71931622963,15.8648999316,-6.7414849739,6.56069137841,SL,S,-1.76927718053,6.10210842538,83.9204038786,1812.82217552,157.025983475,-0.15
319,2020,730157824,HCU,D1 Southland Conference,5091,CBU,281435641,2020-02-29 13:00:00,8,2,1,2,1154872255,A. Reitmeyer,R,FA,R,0.391118052783,3.08373659761,16.266607285,-5.90600407063,6.55260799285,IP,S,-1.79578308626,5.93947933232,85.4460618852,1877.84672039,160.085707418,1.0
320,2020,730157824,HCU,D1 Southland Conference,5091,CBU,281435641,2020-02-29 13:00:00,8,0,0,2,1449207471,J. Burch,R,FA,R,0.66415787285,2.47009400696,30.3681621367,11.4661387139,5.68855133448,F,K,-1.51093548096,6.63096549978,87.6721839087,2096.78655752,200.663096126,-0.15
321,2020,730157824,HCU,D1 Southland Conference,5091,CBU,281435641,2020-02-29 13:00:00,8,0,1,2,1449207471,J. Burch,R,FA,R,0.622939477221,2.27234195209,16.3152320075,13.8188186003,5.55836466516,SS,K,-1.29123732329,6.27611955342,88.0837882108,1861.86586395,220.20409495,-0.15
322,2020,730157824,HCU,D1 Southland Conference,5091,CBU,281435641,2020-02-29 13:00:00,8,0,2,2,1449207471,J. Burch,R,FA,R,1.93098803304,2.49643405519,17.6954110947,15.6019703929,5.55608239645,B,K,-1.5457013006,6.47976020225,89.9417937866,1839.29320007,221.349131998,0.13
323,2020,730157824,HCU,D1 Southland Conference,5091,CBU,281435641,2020-02-29 13:00:00,8,1,2,2,1449207471,J. Burch,R,FA,R,2.04770275644,1.18758994786,18.3782800148,15.1650707634,5.75452578129,B,K,-1.39200174681,6.39216171559,88.4414633567,1786.6715939,219.476038073,0.13
324,2020,730157824,HCU,D1 Southland Conference,5091,CBU,281435641,2020-02-29 13:00:00,8,2,2,2,1449207471,J. Burch,R,SL,R,1.04034863914,3.37859937858,2.23731455431,-8.33261961443,5.34718187623,B,K,-1.96995921225,5.96578960689,75.3831538013,1310.17004144,105.336824873,0.13
325,2020,730157824,HCU,D1 Southland Conference,5091,CBU,281435641,2020-02-29 13:00:00,8,3,2,2,1449207471,J. Burch,R,FA,R,0.329594996104,1.04576798956,6.37506952695,17.6422603535,5.50056677461,SS,K,-1.69721436613,6.1069869651,88.2639853087,1722.33055603,250.03300257,-0.15
326,2020,730157824,HCU,D1 Southland Conference,5091,CBU,174720069,2020-02-28 13:00:00,1,0,0,0,1539291064,S. Klimeck,L,CU,R,1.26772788835,3.23391662306,20.5613358721,-14.5726519582,5.30459965731,SS,S,3.35245241188,5.27245244928,76.7348254388,1873.01616029,144.733498537,-0.15
327,2020,730157824,HCU,D1 Southland Conference,5091,CBU,174720069,2020-02-28 13:00:00,1,0,1,0,1539291064,S. Klimeck,L,SL,R,0.492749648449,2.08842017847,-9.46588174569,8.93434440275,5.22062838398,IP,S,3.31132796149,5.47375156576,71.7451015282,1905.67904888,316.494819369,1.0
328,2020,730157824,HCU,D1 Southland Conference,5091,CBU,174720069,2020-02-28 13:00:00,1,0,0,0,1539291064,S. Klimeck,L,FA,R,0.623790881784,2.88124917697,12.5901091065,-19.0253490126,5.52964836728,SS,K,2.94011752305,5.55034109042,84.4432931927,1978.07263403,123.57342504,-0.15
329,2020,730157824,HCU,D1 Southland Conference,5091,CBU,174720069,2020-02-28 13:00:00,1,0,1,0,1539291064,S. Klimeck,L,FA,R,1.36104566195,2.58870099657,15.346092508,-18.7941154088,5.40104429398,SS,K,2.89693026823,5.3724743533,82.8683312511,1853.82810875,129.304230504,-0.15
330,2020,730157824,HCU,D1 Southland Conference,5091,CBU,174720069,2020-02-28 13:00:00,1,0,2,0,1539291064,S. Klimeck,L,CH,R,0.661345205197,2.27364247653,11.6894338445,-18.6301807038,5.50770377183,F,K,3.0899289339,5.15694458889,77.2333280883,1812.04773429,122.206090977,0.0
331,2020,730157824,HCU,D1 Southland Conference,5091,CBU,174720069,2020-02-28 13:00:00,1,0,2,0,1539291064,S. Klimeck,L,FA,R,-0.53061995157,1.95394956874,10.2317679907,-16.4193972895,5.57861249324,SL,K,2.63293979236,5.39100126323,85.788679272,1996.87702705,122.02009057,-0.15
332,2020,730157824,HCU,D1 Southland Conference,5091,CBU,174720069,2020-02-28 13:00:00,1,0,0,1,1539291064,S. Klimeck,L,FA,L,-0.350347561896,3.52153213011,11.0459568075,-15.3774407699,5.5703478018,B,BB,2.94019729694,5.26599885283,85.6444210935,1862.52540704,125.779542893,0.13
333,2020,730157824,HCU,D1 Southland Conference,5091,CBU,174720069,2020-02-28 13:00:00,1,1,0,1,1539291064,S. Klimeck,L,FA,L,0.485737047557,2.83080633611,15.2051207904,-11.4593456097,5.67844397162,SS,BB,2.84090481544,5.30982776009,82.5835653166,1911.33399576,143.066349054,-0.15
334,2020,730157824,HCU,D1 Southland Conference,5091,CBU,174720069,2020-02-28 13:00:00,1,1,1,1,1539291064,S. Klimeck,L,FA,L,-1.9253382042,1.39875604836,16.8171913723,-18.5879167542,5.60995506096,B,BB,2.73612238224,5.43508703386,84.7069892853,1886.27937105,132.200170839,0.13
335,2020,730157824,HCU,D1 Southland Conference,5091,CBU,174720069,2020-02-28 13:00:00,1,2,1,1,1539291064,S. Klimeck,L,FA,L,-1.39172230778,3.18279307327,13.8865013148,-13.1046925552,5.76361738733,B,BB,2.99402762515,5.30890983179,84.5718744813,1852.20245499,136.735731975,0.13
336,2020,730157824,HCU,D1 Southland Conference,5091,CBU,174720069,2020-02-28 13:00:00,1,3,1,1,1539291064,S. Klimeck,L,FA,L,0.488967307299,3.18652528934,13.5661705226,-18.5515655605,5.68579665023,SS,BB,2.98454889337,5.31419614725,83.4518735534,1951.03919661,126.25367461,-0.15
337,2020,730157824,HCU,D1 Southland Conference,5091,CBU,174720069,2020-02-28 13:00:00,1,3,2,1,1539291064,S. Klimeck,L,FA,L,-1.51452555823,-0.0384443526599,12.7612714174,-16.3498072967,5.67176448525,B,BB,2.73908382759,5.27837100164,85.4376937942,1939.78037786,128.051994964,0.8
338,2020,730157824,HCU,D1 Southland Conference,5091,CBU,174720069,2020-02-28 13:00:00,1,0,0,1,1539291064,S. Klimeck,L,FA,R,-0.691963251416,1.38287509569,15.1464693001,-12.7675022762,5.53025247765,B,S,2.80103776369,5.11995751306,83.5448418059,1916.44009255,139.94246026,0.13
339,2020,730157824,HCU,D1 Southland Conference,5091,CBU,174720069,2020-02-28 13:00:00,1,1,0,1,1539291064,S. Klimeck,L,FA,R,-0.483986768204,1.44383868377,13.1327704695,-14.7721323232,5.46744222786,B,S,3.12796402516,4.99760107801,84.0411178288,1868.73293527,131.719749789,0.13
340,2020,730157824,HCU,D1 Southland Conference,5091,CBU,174720069,2020-02-28 13:00:00,1,2,0,1,1539291064,S. Klimeck,L,FA,R,0.322876660139,2.56890378827,17.3297851078,-14.3235688064,5.51880184133,F,S,3.16533649128,5.03822439438,83.6859981481,1796.90604024,140.487337438,-0.15
341,2020,730157824,HCU,D1 Southland Conference,5091,CBU,174720069,2020-02-28 13:00:00,1,2,1,1,1539291064,S. Klimeck,L,FA,R,0.172531136684,1.67259978353,12.3464555036,-15.4348685734,5.39475686067,IP,S,3.04239915623,5.21026821449,83.7717257819,1854.86615843,128.743207981,1.0
342,2020,730157824,HCU,D1 Southland Conference,5091,CBU,174720069,2020-02-28 13:00:00,1,0,0,1,1539291064,S. Klimeck,L,FA,R,1.12379254329,2.57427770775,15.0470541898,-18.9463555496,5.39056173143,F,IP_OUT,3.08702741105,5.13534660549,83.787561092,1900.22303445,128.527779445,-0.15
343,2020,730157824,HCU,D1 Southland Conference,5091,CBU,174720069,2020-02-28 13:00:00,1,0,1,1,1539291064,S. Klimeck,L,CU,R,1.55471204611,2.81651921993,-12.5682722458,8.68894444038,5.10189092703,B,IP_OUT,3.13278687458,5.33627409537,70.087698945,1885.49137355,325.223519283,0.13
344,2020,730157824,HCU,D1 Southland Conference,5091,CBU,174720069,2020-02-28 13:00:00,1,1,1,1,1539291064,S. Klimeck,L,FA,R,1.59782517956,2.6398480698,9.11412956565,-18.8542573516,5.61772153055,F,IP_OUT,2.93423114549,5.26811463971,82.635852814,1982.14388018,115.894646518,-0.15
345,2020,730157824,HCU,D1 Southland Conference,5091,CBU,174720069,2020-02-28 13:00:00,1,0,0,2,1539291064,S. Klimeck,L,FA,L,0.212403343398,3.85479887302,14.3084196622,-17.123860527,5.58626801491,B,S,2.86965530417,5.32777508792,84.3533494336,1995.40957804,129.955463908,0.13
346,2020,730157824,HCU,D1 Southland Conference,5091,CBU,174720069,2020-02-28 13:00:00,1,1,0,2,1539291064,S. Klimeck,L,FA,L,0.763370073569,2.91235232291,16.0692997729,-15.4322899694,5.88259179209,F,S,3.0045273482,5.20501320053,82.1683403656,1838.84428626,136.227971175,-0.15
347,2020,730157824,HCU,D1 Southland Conference,5091,CBU,174720069,2020-02-28 13:00:00,1,1,1,2,1539291064,S. Klimeck,L,CU,L,-0.922652619858,1.39668747015,-5.84721457945,13.6883673537,5.23543633242,B,S,3.14893997834,4.95578155152,72.7243271161,1928.20594427,292.948378974,0.13
348,2020,730157824,HCU,D1 Southland Conference,5091,CBU,174720069,2020-02-28 13:00:00,1,2,1,2,1539291064,S. Klimeck,L,FA,L,0.013265330169,2.8983453914,11.6050257383,-15.8994415905,5.62218846406,SS,S,2.96145919782,5.10388084694,84.2846098962,1955.81228639,126.213581461,-0.15
349,2020,730157824,HCU,D1 Southland Conference,5091,CBU,174720069,2020-02-28 13:00:00,1,2,2,2,1539291064,S. Klimeck,L,CU,L,0.984088933539,1.71592791237,-7.67116930553,10.64257645,5.34350806823,B,S,3.02308146492,5.04343695728,72.9413446812,2008.20265263,305.603374716,0.13
350,2020,730157824,HCU,D1 Southland Conference,5091,CBU,174720069,2020-02-28 13:00:00,1,3,2,2,1539291064,S. Klimeck,L,FA,L,-0.0196118238386,2.18252056311,11.6692096712,-19.5849057027,5.52647566055,IP,S,2.79649390987,5.25059861643,85.6441571215,1971.56695293,120.866145881,1.0
351,2020,730157824,HCU,D1 Southland Conference,5091,CBU,174720069,2020-02-28 13:00:00,1,0,0,2,1539291064,S. Klimeck,L,FA,R,-0.511015273812,2.86023297483,15.2535343134,-13.8456676484,5.70113984963,SL,IP_OUT,2.87766303812,5.32488432973,85.0243646429,1986.35425206,137.838490735,-0.15
352,2020,730157824,HCU,D1 Southland Conference,5091,CBU,174720069,2020-02-28 13:00:00,1,0,1,2,1539291064,S. Klimeck,L,CH,R,1.40838707444,2.95645427077,10.0681273772,-12.1383589929,5.29359183135,SS,IP_OUT,3.10681454922,5.13955943122,77.2465555181,1798.3185265,129.800182886,-0.15
353,2020,730157824,HCU,D1 Southland Conference,5091,CBU,174720069,2020-02-28 13:00:00,1,0,2,2,1539291064,S. Klimeck,L,FA,R,-0.495263592898,3.73276379577,13.3862495954,-14.4167077893,5.86391622342,F,IP_OUT,3.00598156792,5.19305424945,86.1143554359,2049.19499032,132.953668708,0.0
354,2020,730157824,HCU,D1 Southland Conference,5091,CBU,174720069,2020-02-28 13:00:00,1,0,2,2,1539291064,S. Klimeck,L,CH,R,1.58573526519,1.40819222887,9.66617814364,-14.992677221,5.58728728426,B,IP_OUT,3.15886972763,5.0876153592,77.7656348624,1942.27463261,122.929400752,0.13
355,2020,730157824,HCU,D1 Southland Conference,5091,CBU,174720069,2020-02-28 13:00:00,2,0,0,0,1539291064,S. Klimeck,L,FA,R,0.882533063857,3.33371648095,10.6454770891,-16.1795850134,5.54848463123,B,K,3.02266515737,5.27126794806,82.7735600431,1954.45990706,123.440018033,0.13
356,2020,730157824,HCU,D1 Southland Conference,5091,CBU,174720069,2020-02-28 13:00:00,2,1,0,0,1539291064,S. Klimeck,L,FA,R,0.329752496513,3.32385803503,8.10560286906,-14.0749757268,5.86718324805,SL,K,2.96550163819,5.27766761677,82.5186487762,1777.55944001,120.056014478,-0.15
357,2020,730157824,HCU,D1 Southland Conference,5091,CBU,174720069,2020-02-28 13:00:00,2,1,1,0,1539291064,S. Klimeck,L,CU,R,0.610575081855,1.67206755584,10.3378763169,-12.1471856295,5.57801344527,SS,K,2.78789911873,5.27280577975,76.5721709615,1786.60470585,130.524793202,-0.15
358,2020,730157824,HCU,D1 Southland Conference,5091,CBU,174720069,2020-02-28 13:00:00,2,1,2,0,1539291064,S. Klimeck,L,CU,R,2.05632798607,4.59087379043,-11.5045209196,6.67051012065,5.02154905658,B,K,2.93930068016,5.3971542231,70.6660105906,1726.94854378,329.773946783,0.13
359,2020,730157824,HCU,D1 Southland Conference,5091,CBU,174720069,2020-02-28 13:00:00,2,2,2,0,1539291064,S. Klimeck,L,FA,R,-0.661322415897,2.97690961733,11.4665559296,-15.833821057,5.62141074339,B,K,2.71873837896,5.39788647589,84.227024609,1913.65833384,126.001378875,0.13
360,2020,730157824,HCU,D1 Southland Conference,5091,CBU,174720069,2020-02-28 13:00:00,2,3,2,0,1539291064,S. Klimeck,L,FA,R,0.904747184366,3.09356732695,7.62881137314,-18.2964246069,5.62795719561,SS,K,3.09480397153,5.16251985037,84.0785217763,2023.81758059,112.735348316,-0.15
361,2020,730157824,HCU,D1 Southland Conference,5091,CBU,174720069,2020-02-28 13:00:00,2,0,0,1,1539291064,S. Klimeck,L,FA,R,0.831921815057,2.39081581646,13.1024785065,-15.1603991126,5.64157915906,F,IP_OUT,2.78325415434,5.32474953157,84.2101594747,1922.55221491,130.91699857,-0.15
362,2020,730157824,HCU,D1 Southland Conference,5091,CBU,174720069,2020-02-28 13:00:00,2,0,0,2,1539291064,S. Klimeck,L,FA,R,1.04141118992,2.53487665122,14.4640211001,-13.8686976268,5.33252447712,IP,S,2.61314746778,5.47502683433,84.9819459716,1871.10134026,136.277552226,1.0
363,2020,730157824,HCU,D1 Southland Conference,5091,CBU,174720069,2020-02-28 13:00:00,2,0,0,2,1539291064,S. Klimeck,L,FA,R,-0.829656250851,2.07648599072,11.2280556886,-18.5325491367,5.817617722,B,K,2.86666853602,5.27845012071,84.3242884736,1883.13738198,121.294746462,0.13
364,2020,730157824,HCU,D1 Southland Conference,5091,CBU,174720069,2020-02-28 13:00:00,2,1,0,2,1539291064,S. Klimeck,L,FA,R,0.821803077442,2.60843731289,9.66186212919,-18.0490952179,5.54109608673,SS,K,3.04023344718,5.19200866698,83.6561389476,1859.7596248,118.25537247,-0.15
365,2020,730157824,HCU,D1 Southland Conference,5091,CBU,174720069,2020-02-28 13:00:00,2,1,1,2,1539291064,S. Klimeck,L,CH,R,1.11171004738,1.94772050029,7.32658603652,-15.9194056445,5.61104095361,F,K,3.05042755904,5.0622842811,77.8608558,1747.92320728,114.845165611,-0.15
366,2020,730157824,HCU,D1 Southland Conference,5091,CBU,174720069,2020-02-28 13:00:00,2,1,2,2,1539291064,S. Klimeck,L,FA,R,0.236738515809,2.41343979668,12.4835997456,-16.8690494127,5.57196523354,F,K,2.80710035667,5.27971255033,86.4850517903,2038.23384711,126.581236718,0.0
367,2020,730157824,HCU,D1 Southland Conference,5091,CBU,174720069,2020-02-28 13:00:00,2,1,2,2,1539291064,S. Klimeck,L,FA,R,-0.595997537128,2.59364329478,16.2805110653,-16.7043235916,5.90841851114,F,K,2.72859418567,5.26469935005,85.1819585454,1941.58934467,134.327789179,0.0
368,2020,730157824,HCU,D1 Southland Conference,5091,CBU,174720069,2020-02-28 13:00:00,2,1,2,2,1539291064,S. Klimeck,L,CU,R,0.352991794952,1.91157808893,-9.41456507222,10.6323381808,5.57234246396,F,K,2.92387941466,5.28221934687,71.9621464482,1939.82188059,311.365986424,0.0
369,2020,730157824,HCU,D1 Southland Conference,5091,CBU,174720069,2020-02-28 13:00:00,2,1,2,2,1539291064,S. Klimeck,L,CH,R,1.70592615909,2.48058326153,14.7694064634,-15.0263837454,5.69504354033,F,K,2.90723899726,5.05319601027,78.2430382982,1879.21247465,134.589977974,0.0
370,2020,730157824,HCU,D1 Southland Conference,5091,CBU,174720069,2020-02-28 13:00:00,2,1,2,2,1539291064,S. Klimeck,L,FA,R,0.634278238443,3.65431032167,13.7152621679,-13.6548962418,5.60071867086,SS,K,2.64700929633,5.31512601226,86.9457040268,2006.33837249,135.199644219,-0.15
371,2020,730157824,HCU,D1 Southland Conference,5091,CBU,174720069,2020-02-28 13:00:00,3,0,0,0,1539291064,S. Klimeck,L,FA,L,-1.2260666701,1.84590482495,14.412262593,-17.5753074337,5.88701257191,B,K,2.72403230857,5.31853120954,84.2396220273,2129.14860296,129.425796405,0.13
372,2020,730157824,HCU,D1 Southland Conference,5091,CBU,174720069,2020-02-28 13:00:00,3,1,0,0,1539291064,S. Klimeck,L,FA,L,-0.221366261555,3.96662918086,14.4909350861,-17.0243395966,5.61051964859,B,K,2.72566589126,5.33765703156,84.1566436115,2055.71831269,130.477791923,0.13
373,2020,730157824,HCU,D1 Southland Conference,5091,CBU,174720069,2020-02-28 13:00:00,3,2,0,0,1539291064,S. Klimeck,L,FA,L,-0.0624996466546,2.3809329743,17.067143773,-15.992486822,5.9281198041,F,K,2.7733996524,5.29862026587,83.2260966251,2068.50931137,136.92580401,-0.15
374,2020,730157824,HCU,D1 Southland Conference,5091,CBU,174720069,2020-02-28 13:00:00,3,2,1,0,1539291064,S. Klimeck,L,FA,L,1.05223638875,3.33498360962,12.0457069197,-18.3715615517,5.60144921436,F,K,3.01381339408,5.31054269528,83.5613342851,1971.17639007,123.334694476,-0.15
375,2020,730157824,HCU,D1 Southland Conference,5091,CBU,174720069,2020-02-28 13:00:00,3,2,2,0,1539291064,S. Klimeck,L,CU,L,-0.139665072921,0.811921855039,-11.6250821898,6.76533077201,5.56454446292,SS,K,2.93743148598,5.09702251229,73.5979827024,2006.86839879,329.694452374,-0.15
376,2020,730157824,HCU,D1 Southland Conference,5091,CBU,174720069,2020-02-28 13:00:00,3,0,0,1,1539291064,S. Klimeck,L,CH,R,0.268517316626,2.11987622907,16.2335005132,-16.5354984862,5.58620133616,SS,K,2.82755487722,5.25764960012,78.2961925631,1963.2662723,134.549753726,-0.15
377,2020,730157824,HCU,D1 Southland Conference,5091,CBU,174720069,2020-02-28 13:00:00,3,0,1,1,1539291064,S. Klimeck,L,CH,R,-0.216280878544,1.90843860885,11.1769877695,-14.1855441141,5.68086172351,SS,K,2.92831305804,5.17499714957,78.5867987177,1930.24941571,128.342816342,-0.15
378,2020,730157824,HCU,D1 Southland Conference,5091,CBU,174720069,2020-02-28 13:00:00,3,0,2,1,1539291064,S. Klimeck,L,FA,R,0.723492023815,0.141888705576,7.02669492432,-17.9959738354,5.52990258587,B,K,2.8789196595,5.23257522632,81.12560625,1987.93739716,111.442275578,0.13
379,2020,730157824,HCU,D1 Southland Conference,5091,CBU,174720069,2020-02-28 13:00:00,3,1,2,1,1539291064,S. Klimeck,L,CU,R,-0.284467455121,2.40115064868,-12.9616379174,3.40758179044,5.19650366654,F,K,2.84334996439,5.53052195457,73.1493126114,2095.80496724,345.214303264,0.0
380,2020,730157824,HCU,D1 Southland Conference,5091,CBU,174720069,2020-02-28 13:00:00,3,1,2,1,1539291064,S. Klimeck,L,CH,R,0.501716839342,2.12553987085,18.8585237449,-9.2611736621,5.65533470035,F,K,2.68266156463,5.32578178467,79.7814288729,1975.10896617,153.89516825,0.0
381,2020,730157824,HCU,D1 Southland Conference,5091,CBU,174720069,2020-02-28 13:00:00,3,1,2,1,1539291064,S. Klimeck,L,FA,R,0.224547691533,2.40995090555,14.7396037109,-15.5802299253,5.65361819492,SS,K,2.87391539836,5.25893412075,87.3955308442,2072.12627598,133.47920268,-0.15
382,2020,730157824,HCU,D1 Southland Conference,5091,CBU,174720069,2020-02-28 13:00:00,3,0,0,2,1539291064,S. Klimeck,L,CH,R,0.994214002855,3.0737198037,9.23313571062,-17.7678760442,5.6798854575,SL,IP_OUT,2.97915821024,5.27055060895,79.9162586933,1884.46855014,117.564264223,-0.15
383,2020,730157824,HCU,D1 Southland Conference,5091,CBU,174720069,2020-02-28 13:00:00,4,0,0,0,1539291064,S. Klimeck,L,FA,L,0.554483412319,3.00768979432,8.08096614062,-21.7900623923,5.59362144238,IP,S,2.76453049519,5.39338471181,84.2904222771,2009.59313837,110.434620438,1.0
384,2020,730157824,HCU,D1 Southland Conference,5091,CBU,174720069,2020-02-28 13:00:00,4,0,0,0,1539291064,S. Klimeck,L,FA,R,0.221208260545,4.06667797705,20.5063064376,-9.32159901456,5.43020270095,B,BB,3.20459075588,5.17330780126,86.0304206927,2052.03240365,155.592955564,0.13
385,2020,730157824,HCU,D1 Southland Conference,5091,CBU,174720069,2020-02-28 13:00:00,4,1,0,0,1539291064,S. Klimeck,L,FA,R,1.54701744798,2.01801665414,3.20429947423,-21.7435462059,5.61440727217,B,BB,3.02181238558,5.0548122558,83.1626860553,1921.80913419,98.4829874634,0.13
386,2020,730157824,HCU,D1 Southland Conference,5091,CBU,174720069,2020-02-28 13:00:00,4,2,0,0,1539291064,S. Klimeck,L,FA,R,-1.09370017921,3.53879673446,22.8660143694,-9.37608212781,5.65421533934,B,BB,2.9854865502,5.07823014453,83.9448557795,1918.76242275,157.737559808,0.13
387,2020,730157824,HCU,D1 Southland Conference,5091,CBU,174720069,2020-02-28 13:00:00,4,3,0,0,1539291064,S. Klimeck,L,FA,R,0.0212329036456,1.2462783917,5.30576778822,-18.9325845887,5.60858559976,B,BB,2.96237970621,5.22830196181,83.215645247,1970.1434562,105.763323982,0.8
388,2020,730157824,HCU,D1 Southland Conference,5091,CBU,174720069,2020-02-28 13:00:00,4,0,0,0,1539291064,S. Klimeck,L,FA,R,-0.410386851058,3.88689949347,22.6594773378,-10.2904489472,5.61434418652,B,SH,2.86945767402,5.20446747972,82.9408044148,1938.23265707,155.612546011,0.13
389,2020,730157824,HCU,D1 Southland Conference,5091,CBU,174720069,2020-02-28 13:00:00,4,1,0,0,1539291064,S. Klimeck,L,FA,R,0.470651885357,4.08263256735,23.2973265912,-12.0481411771,5.81194750558,SS,SH,3.02517183121,5.07336829011,81.8309430994,1899.54398393,152.694193318,-0.15
390,2020,730157824,HCU,D1 Southland Conference,5091,CBU,174720069,2020-02-28 13:00:00,4,0,0,1,1539291064,S. Klimeck,L,FA,R,-1.45838148657,2.16604725144,22.9341998568,-10.6076973667,5.58277730007,B,T,2.85939033602,5.25899653105,82.4820603113,1926.72985283,155.215685821,0.13
391,2020,730157824,HCU,D1 Southland Conference,5091,CBU,174720069,2020-02-28 13:00:00,4,1,0,1,1539291064,S. Klimeck,L,FA,R,0.272102525616,4.61014157246,21.0425855086,-8.13877768787,5.64230864982,F,T,3.11620635739,5.20210942937,83.2547361385,1970.70824358,158.889938389,-0.15
392,2020,730157824,HCU,D1 Southland Conference,5091,CBU,174720069,2020-02-28 13:00:00,4,1,1,1,1539291064,S. Klimeck,L,FA,R,1.44829723388,3.50398332633,9.29559234727,-11.0862749192,5.3614678174,B,T,2.95742552373,5.15822019593,84.5049390572,1817.57379527,130.092796298,0.13
393,2020,730157824,HCU,D1 Southland Conference,5091,CBU,174720069,2020-02-28 13:00:00,4,2,1,1,1539291064,S. Klimeck,L,FA,R,-0.726325970789,2.00004769177,9.68839086598,-13.5361089323,5.69569724499,F,T,2.95586678852,5.03907258251,82.5195489108,1879.57909025,125.702053595,-0.15
394,2020,730157824,HCU,D1 Southland Conference,5091,CBU,174720069,2020-02-28 13:00:00,4,2,2,1,1539291064,S. Klimeck,L,CH,R,1.39342117581,1.93966401295,7.72761523462,-17.0602177015,5.7521117235,F,T,3.11420475094,5.00001431972,77.5671442644,1902.60589932,114.491118259,0.0
395,2020,730157824,HCU,D1 Southland Conference,5091,CBU,174720069,2020-02-28 13:00:00,4,2,2,1,1539291064,S. Klimeck,L,CH,R,0.610132051621,2.41170794424,14.965424244,-10.9429350328,5.6364575362,IP,T,3.06552418696,5.00812403126,77.2127060788,1769.25120254,143.907094441,1.54
396,2020,730157824,HCU,D1 Southland Conference,5091,CBU,174720069,2020-02-28 13:00:00,4,0,0,1,1539291064,S. Klimeck,L,FA,R,0.866998963817,2.6398741938,16.0847458982,-15.8061397217,5.57014294939,F,D,2.75022087504,5.26096529872,86.9376503655,2085.03172863,135.563641888,-0.15
397,2020,730157824,HCU,D1 Southland Conference,5091,CBU,174720069,2020-02-28 13:00:00,4,0,1,1,1539291064,S. Klimeck,L,CH,R,1.34801492908,2.10492651302,11.4043054091,-18.3888748921,5.69062823828,F,D,3.10764093481,5.0004397945,78.0276674275,1882.99201776,121.904728054,-0.15
398,2020,730157824,HCU,D1 Southland Conference,5091,CBU,174720069,2020-02-28 13:00:00,4,0,2,1,1539291064,S. Klimeck,L,FA,R,-0.185371189438,2.04645850265,14.9378369593,-14.9252619444,5.36816367959,F,D,2.70391005369,5.15989258676,86.1708192596,1978.87580336,135.093677141,0.0
399,2020,730157824,HCU,D1 Southland Conference,5091,CBU,174720069,2020-02-28 13:00:00,4,0,2,1,1539291064,S. Klimeck,L,CH,R,0.208131242839,3.0801358643,13.5876677385,-14.7214979127,5.71908363377,IP,D,2.99012094984,5.04206629616,78.5856452522,1963.29785225,132.797293178,1.26
400,2020,730157824,HCU,D1 Southland Conference,5091,CBU,174720069,2020-02-28 13:00:00,4,0,0,1,1539291064,S. Klimeck,L,FA,R,0.29938664957,3.29631829783,14.7460256535,-17.7422527941,5.93480024734,SS,IP_OUT,2.931878339,5.32677433916,83.7237924575,1915.9433057,129.803196988,-0.15
401,2020,730157824,HCU,D1 Southland Conference,5091,CBU,174720069,2020-02-28 13:00:00,4,0,1,2,1539291064,S. Klimeck,L,FA,R,0.202409248212,4.35327986735,18.040914035,-12.9483883835,5.59683440115,B,IP_OUT,3.0043127988,5.28266720407,85.0452062635,1976.6210379,144.387838772,0.13
402,2020,730157824,HCU,D1 Southland Conference,5091,CBU,174720069,2020-02-28 13:00:00,4,1,1,2,1539291064,S. Klimeck,L,CH,R,0.901252483136,1.19262250258,6.74389113798,-16.9436152791,5.61883844803,SS,IP_OUT,3.04416610904,4.95975824513,79.1009348445,2019.28408491,111.827944167,-0.15
403,2020,730157824,HCU,D1 Southland Conference,5091,CBU,174720069,2020-02-28 13:00:00,4,1,2,2,1539291064,S. Klimeck,L,FA,R,0.582157733251,2.63570293979,22.0524846984,-10.540332196,5.46748797626,F,IP_OUT,2.47853052657,5.34377332212,84.9628864085,1845.42886516,154.491354816,0.0
404,2020,730157824,HCU,D1 Southland Conference,5091,CBU,174720069,2020-02-28 13:00:00,4,1,2,2,1539291064,S. Klimeck,L,CH,R,-0.602220367041,1.26114212322,10.4771161901,-16.5259333317,5.42473398942,B,IP_OUT,3.10431811399,5.21182872165,78.6878552706,2024.97049342,122.482138803,0.13
405,2020,730157824,HCU,D1 Southland Conference,5091,CBU,174720069,2020-02-28 13:00:00,5,0,0,0,1539291064,S. Klimeck,L,FA,L,-0.0122026540062,2.98013272751,19.7478503655,-13.7418743018,5.58865766662,SS,K,2.72306800723,5.26920642057,82.1954861003,1946.41314848,145.221159894,-0.15
406,2020,730157824,HCU,D1 Southland Conference,5091,CBU,174720069,2020-02-28 13:00:00,5,0,1,0,1539291064,S. Klimeck,L,FA,L,-0.857194720503,1.4560179659,10.2990237904,-16.3676055921,5.51255383749,B,K,2.65785336952,5.21307994993,84.8113613371,1986.04696352,122.273153576,0.13
407,2020,730157824,HCU,D1 Southland Conference,5091,CBU,174720069,2020-02-28 13:00:00,5,1,1,0,1539291064,S. Klimeck,L,FA,L,1.45153601896,2.8335498563,16.0391468338,-19.6199055746,5.56132800856,SS,K,2.76278616106,5.34726605884,82.7299352208,1908.9561694,129.334582229,-0.15
408,2020,730157824,HCU,D1 Southland Conference,5091,CBU,174720069,2020-02-28 13:00:00,5,1,2,0,1539291064,S. Klimeck,L,CU,L,0.518438274744,2.67060587889,-7.82140095692,12.9749908599,5.3010025695,SL,K,2.85409466283,5.11503823918,72.1443429086,1886.66366082,300.912872515,-0.15
409,2020,730157824,HCU,D1 Southland Conference,5091,CBU,174720069,2020-02-28 13:00:00,5,0,0,1,1539291064,S. Klimeck,L,FA,R,-0.899580155854,2.33621430975,15.212818677,-17.5650034859,5.77254202746,SL,D,2.70785721363,5.33266328469,84.9864903859,2012.76995839,130.964351911,-0.15
410,2020,730157824,HCU,D1 Southland Conference,5091,CBU,174720069,2020-02-28 13:00:00,5,0,1,1,1539291064,S. Klimeck,L,CH,R,-0.345560108638,2.76900246595,17.5821353898,-16.3683973484,5.62855795248,SS,D,2.89051258868,5.08380173788,78.5101122019,1998.0648653,137.118268284,-0.15
411,2020,730157824,HCU,D1 Southland Conference,5091,CBU,174720069,2020-02-28 13:00:00,5,0,2,1,1539291064,S. Klimeck,L,CH,R,1.13250803691,2.94382787925,11.6276081451,-12.503754372,5.55886507505,IP,D,2.87282617673,5.25060957251,78.87100051,2083.03336269,133.027179477,1.26
412,2020,730157824,HCU,D1 Southland Conference,5091,CBU,174720069,2020-02-28 13:00:00,5,0,0,1,1539291064,S. Klimeck,L,FA,R,0.850343149884,2.9306525409,13.6487300552,-18.3204975563,5.41869039767,F,IP_OUT,2.97308135326,5.11828601618,83.4838586759,1908.08196372,126.763722836,-0.15
413,2020,730157824,HCU,D1 Southland Conference,5091,CBU,174720069,2020-02-28 13:00:00,5,0,1,1,1539291064,S. Klimeck,L,CH,R,2.15300878323,2.21271980619,2.32053847023,-16.9252870617,5.49473448121,B,IP_OUT,3.17627182882,5.00304270177,77.0157101532,1761.37736203,97.9571408411,0.13
414,2020,730157824,HCU,D1 Southland Conference,5091,CBU,174720069,2020-02-28 13:00:00,5,1,1,1,1539291064,S. Klimeck,L,FA,R,0.478751222207,2.61533972653,7.17708586662,-20.1264313472,5.5525889188,F,IP_OUT,2.92937947797,5.08760825372,83.0683861873,1921.92883257,109.724069404,-0.15
415,2020,730157824,HCU,D1 Southland Conference,5091,CBU,174720069,2020-02-28 13:00:00,5,1,2,1,1539291064,S. Klimeck,L,CU,R,-1.66079209119,1.63000905193,-3.65461255918,11.2479736688,5.64742079477,B,IP_OUT,2.93283219871,5.29102662923,73.0333810458,1954.8711062,287.767460679,0.13
416,2020,730157824,HCU,D1 Southland Conference,5091,CBU,174720069,2020-02-28 13:00:00,5,2,2,1,1539291064,S. Klimeck,L,CH,R,0.172780357669,2.81800171355,3.8583842727,-15.9635580414,5.72846588662,F,IP_OUT,3.12157235399,4.96202277584,77.0522835784,1860.21283067,103.739025698,0.0
417,2020,730157824,HCU,D1 Southland Conference,5091,CBU,174720069,2020-02-28 13:00:00,5,0,0,2,1539291064,S. Klimeck,L,FA,L,-1.55850949437,2.41671914005,19.230499812,-11.739433471,5.58466291482,B,K,2.58472207863,5.33498691537,83.5665909683,1997.2412356,148.648456599,0.13
418,2020,730157824,HCU,D1 Southland Conference,5091,CBU,174720069,2020-02-28 13:00:00,5,1,0,2,1539291064,S. Klimeck,L,FA,L,0.0106784489038,2.31647819089,15.3900244109,-13.6225760453,5.5608130215,SS,K,3.11591452082,5.05334180505,83.192425065,1953.78942592,138.557754777,-0.15
419,2020,730157824,HCU,D1 Southland Conference,5091,CBU,174720069,2020-02-28 13:00:00,5,1,1,2,1539291064,S. Klimeck,L,FA,L,-0.513262324207,2.52471237596,15.673556985,-11.6958958634,5.70970803197,SL,K,3.05553354681,4.96997473193,81.2162608927,1880.15885615,143.339747065,-0.15
420,2020,730157824,HCU,D1 Southland Conference,5091,CBU,174720069,2020-02-28 13:00:00,5,1,2,2,1539291064,S. Klimeck,L,CU,L,-1.09655729564,1.59489916156,-5.96107591872,11.3170008367,5.51089377523,SS,K,2.97984563918,5.04307092029,74.4610728979,2172.47294134,297.583692653,-0.15
421,2020,730157824,HCU,D1 Southland Conference,5091,CBU,174720069,2020-02-28 13:00:00,6,0,0,0,1360280727,B. Pronger,L,FA,R,0.642238880182,3.81081118665,21.0618526248,-8.19785411007,5.90393107399,B,BB,2.5477439139,6.27565478803,83.8729161582,1989.14909384,158.767043243,0.13
422,2020,730157824,HCU,D1 Southland Conference,5091,CBU,174720069,2020-02-28 13:00:00,6,1,0,0,1360280727,B. Pronger,L,FA,R,-0.205830940603,3.56914636707,20.1251017666,-9.20985855136,6.02345605539,B,BB,2.59747093197,6.27845381485,84.3005988137,2026.30158352,155.449497893,0.13
423,2020,730157824,HCU,D1 Southland Conference,5091,CBU,174720069,2020-02-28 13:00:00,6,2,0,0,1360280727,B. Pronger,L,FA,R,-0.185442683326,3.49232661663,20.1832039231,-6.40998198327,5.92409795894,SL,BB,2.46370519983,6.27790614835,83.9731411946,1987.20459286,162.411232147,-0.15
424,2020,730157824,HCU,D1 Southland Conference,5091,CBU,174720069,2020-02-28 13:00:00,6,2,1,0,1360280727,B. Pronger,L,FA,R,-0.309215780882,3.20353203372,20.0006354467,-8.01922249632,6.07620342409,SL,BB,2.46954305394,6.36087315746,84.023685505,1999.92179875,158.188451673,-0.15
425,2020,730157824,HCU,D1 Southland Conference,5091,CBU,174720069,2020-02-28 13:00:00,6,2,2,0,1360280727,B. Pronger,L,CH,R,-0.00718907807636,0.18397412309,19.2524955992,-7.10469077398,6.40350323221,B,BB,2.60337217669,6.17521392874,78.9839898269,1539.07643589,159.784730399,0.13
426,2020,730157824,HCU,D1 Southland Conference,5091,CBU,174720069,2020-02-28 13:00:00,6,3,2,0,1360280727,B. Pronger,L,FA,R,1.17877574863,4.24846868606,17.6046752177,-10.0562694388,5.82737866385,B,BB,2.43654313252,6.32190859019,83.6594381618,1972.80415859,150.31659481,0.8
427,2020,730157824,HCU,D1 Southland Conference,5091,CBU,174720069,2020-02-28 13:00:00,6,0,0,0,1360280727,B. Pronger,L,CH,R,0.210166204527,3.42249576028,17.8511521085,-12.6251341689,6.33515976586,IP,D,2.52556271836,6.28673087933,77.9808086973,1335.78621404,144.794609985,1.26
428,2020,730157824,HCU,D1 Southland Conference,5091,CBU,174720069,2020-02-28 13:00:00,6,0,0,0,1360280727,B. Pronger,L,FA,R,0.271630766148,1.65025733711,23.6924303331,-8.85873584643,6.05495451364,B,S,2.61979055423,6.18660162028,81.8137696585,2032.03242042,159.530024044,0.13
429,2020,730157824,HCU,D1 Southland Conference,5091,CBU,174720069,2020-02-28 13:00:00,6,1,0,0,1360280727,B. Pronger,L,FA,R,0.853649734224,2.3723099327,16.5028537159,-13.577382085,5.93229222363,IP,S,2.44618686161,6.18130454949,82.6303192959,1928.64202376,140.620541804,1.0
430,2020,730157824,HCU,D1 Southland Conference,5091,CBU,174720069,2020-02-28 13:00:00,6,0,0,1,1360280727,B. Pronger,L,CH,R,-0.0682441416954,1.72143774071,21.356933051,-13.0500871969,6.09427157048,SL,D,2.56168261954,6.50485418154,76.7023795701,1357.39261855,148.626482392,-0.15
431,2020,730157824,HCU,D1 Southland Conference,5091,CBU,174720069,2020-02-28 13:00:00,6,0,1,1,1360280727,B. Pronger,L,CH,R,0.698306785601,2.14097525239,18.7878442545,-10.8061473938,6.32097230322,IP,D,2.56728378056,6.15976914308,76.6933549261,1332.37809243,150.151691299,1.26
432,2020,730157824,HCU,D1 Southland Conference,5091,CBU,174720069,2020-02-28 13:00:00,6,0,0,1,1360280727,B. Pronger,L,FA,L,1.08491794889,2.90943646706,19.3822337898,-8.10343620641,5.94753486264,IP,D,2.45738962757,6.25945716421,83.5301036232,1965.70430359,157.350602795,1.26
433,2020,730157824,HCU,D1 Southland Conference,5091,CBU,174720069,2020-02-28 13:00:00,6,0,0,1,1360280727,B. Pronger,L,FA,R,-0.269068460273,1.33189455392,23.8470800209,-0.854738305001,5.99001760032,B,HR,2.42022381502,6.40274467084,83.4094758199,2034.5237178,177.950518958,0.13
434,2020,730157824,HCU,D1 Southland Conference,5091,CBU,174720069,2020-02-28 13:00:00,6,1,0,1,1360280727,B. Pronger,L,FA,R,-1.71361488372,2.76103431261,21.6426419263,-4.16263472567,6.18960664077,B,HR,2.52387545314,6.26674808344,83.9352669931,2010.6655271,169.131229301,0.13
435,2020,730157824,HCU,D1 Southland Conference,5091,CBU,174720069,2020-02-28 13:00:00,6,2,0,1,1360280727,B. Pronger,L,FA,R,0.758566517326,2.36482077683,17.612837178,-9.62030719703,6.01512479804,IP,HR,2.45252875189,6.14724162416,83.7231895401,1973.11369182,151.407352518,1.76
436,2020,730157824,HCU,D1 Southland Conference,5091,CBU,174720069,2020-02-28 13:00:00,6,0,0,1,1360280727,B. Pronger,L,CH,R,0.118779397474,2.62275199035,15.5193683315,-4.9280530398,6.58640385756,F,BB,2.43459610035,6.24683333093,79.3706329527,1375.88441218,162.426635162,-0.15
437,2020,730157824,HCU,D1 Southland Conference,5091,CBU,174720069,2020-02-28 13:00:00,6,0,1,1,1360280727,B. Pronger,L,CU,R,0.890238430481,2.82057954733,-2.8788571381,10.1938434602,5.45132279031,SL,BB,2.18191930166,6.34785414456,70.2001047227,2090.7017576,285.482471798,-0.15
438,2020,730157824,HCU,D1 Southland Conference,5091,CBU,174720069,2020-02-28 13:00:00,6,0,2,1,1360280727,B. Pronger,L,FA,R,0.00387812320789,4.04969052858,18.1288965332,-10.3243803789,5.99774350334,B,BB,2.35951173725,6.33588562803,84.7638401257,2034.99232333,150.388413766,0.13
439,2020,730157824,HCU,D1 Southland Conference,5091,CBU,174720069,2020-02-28 13:00:00,6,1,2,1,1360280727,B. Pronger,L,CU,R,-0.410042606195,2.71066130834,-1.93829091078,13.500385853,5.42539236188,F,BB,2.12303317503,6.29903797345,70.5661369085,2151.83343106,277.943411846,0.0
440,2020,730157824,HCU,D1 Southland Conference,5091,CBU,174720069,2020-02-28 13:00:00,6,1,2,1,1360280727,B. Pronger,L,CH,R,0.277510103054,0.00741264865722,19.0320377796,-12.845378853,6.4495743861,B,BB,2.35482771235,6.17452057298,80.3744027784,1472.65763363,146.03957075,0.13
441,2020,730157824,HCU,D1 Southland Conference,5091,CBU,174720069,2020-02-28 13:00:00,6,2,2,1,1360280727,B. Pronger,L,CH,R,-0.0886287576255,0.295757245165,19.5429505874,-6.03246543416,6.49192542193,B,BB,2.24390780636,6.16734027633,79.5936797699,1409.29378657,162.879674099,0.13
442,2020,730157824,HCU,D1 Southland Conference,5091,CBU,174720069,2020-02-28 13:00:00,6,3,2,1,1360280727,B. Pronger,L,FA,R,0.666190519974,4.22624144178,25.1643085705,-12.8769850904,5.79217214831,B,BB,2.02611819448,6.41693918703,83.4185074385,2051.41456349,152.935837182,0.8
443,2020,730157824,HCU,D1 Southland Conference,5091,CBU,174720069,2020-02-28 13:00:00,6,0,0,1,1360280727,B. Pronger,L,CU,L,-0.903349494615,3.00182152353,-4.21384386624,11.6231249481,5.40608343902,SL,IP_OUT,2.39087649553,6.2464012202,69.4356782267,2050.33805276,289.68159686,-0.15
444,2020,730157824,HCU,D1 Southland Conference,5091,CBU,174720069,2020-02-28 13:00:00,6,0,0,2,1360280727,B. Pronger,L,FA,R,0.531449888242,3.10966668117,23.455100537,-15.0366543358,5.92535467597,F,IP_OUT,2.30571964442,6.35676305097,82.9139950928,2027.31973475,147.379510956,-0.15
445,2020,730157824,HCU,D1 Southland Conference,5091,CBU,174720069,2020-02-28 13:00:00,6,0,1,2,1360280727,B. Pronger,L,CH,R,-0.0482192387386,-0.00886570094234,19.9979616243,-4.84673445243,6.24601861964,B,IP_OUT,2.21607791168,6.1841311651,78.893397787,1433.79286767,166.403667325,0.13
446,2020,730157824,HCU,D1 Southland Conference,5091,CBU,174720069,2020-02-28 13:00:00,6,1,1,2,1360280727,B. Pronger,L,CH,R,0.0720109550022,1.94802395445,17.4068044063,-11.9750106576,6.13263214104,F,IP_OUT,2.40209453284,6.3579155849,78.4187505185,1306.03812439,145.539056878,-0.15
447,2020,730157824,HCU,D1 Southland Conference,5091,CBU,174720069,2020-02-28 13:00:00,6,1,2,2,1360280727,B. Pronger,L,CU,R,1.06052231439,4.77723320629,-2.40921471612,3.60330725299,5.39209446778,B,IP_OUT,2.32464768667,6.33769431342,69.4376978632,2008.87065011,303.140719956,0.13
448,2020,730157824,HCU,D1 Southland Conference,5091,CBU,174720069,2020-02-28 13:00:00,7,0,0,0,1837074185,D. Murphy,R,FA,R,1.7017124333,2.08975890883,14.5019028766,19.2461789841,5.42923509033,B,S,-1.26100876423,5.38568028668,82.7597463669,2059.10742818,232.927111465,0.13
449,2020,730157824,HCU,D1 Southland Conference,5091,CBU,174720069,2020-02-28 13:00:00,7,1,0,0,1837074185,D. Murphy,R,FA,R,0.935547942049,1.9263597423,12.5229246947,20.3262932676,5.38070902244,IP,S,-1.40696833568,5.28119496119,82.8264733547,2045.79023295,238.282412457,1.0
450,2020,730157824,HCU,D1 Southland Conference,5091,CBU,174720069,2020-02-28 13:00:00,7,0,0,0,1837074185,D. Murphy,R,CU,R,1.27004793871,2.95152579163,7.03736069932,-14.4128732069,5.10462824942,B,BB,-1.76322699096,5.13392445849,67.7081904486,2102.64278089,116.217521341,0.13
451,2020,730157824,HCU,D1 Southland Conference,5091,CBU,174720069,2020-02-28 13:00:00,7,1,0,0,1837074185,D. Murphy,R,FA,R,1.07285907235,0.866798705315,2.85843650689,21.4792992519,5.45156103103,B,BB,-1.6222920994,5.07144790487,79.943602499,1967.16012792,262.309386314,0.13
452,2020,730157824,HCU,D1 Southland Conference,5091,CBU,174720069,2020-02-28 13:00:00,7,2,0,0,1837074185,D. Murphy,R,FA,R,2.33433573239,0.79289151296,11.1405880444,17.7905215597,5.49856279106,B,BB,-1.46595968297,5.27655081321,81.726960981,2037.67510064,237.851268013,0.13
453,2020,730157824,HCU,D1 Southland Conference,5091,CBU,174720069,2020-02-28 13:00:00,7,3,0,0,1837074185,D. Murphy,R,FA,R,0.574042386556,2.48336253211,13.7382317287,19.6656330983,5.17879627367,SL,BB,-1.6342476674,5.41082190725,81.8677722712,2050.54848991,234.982342374,-0.15
454,2020,730157824,HCU,D1 Southland Conference,5091,CBU,174720069,2020-02-28 13:00:00,7,3,1,0,1837074185,D. Murphy,R,FA,R,1.18303651552,1.4734320218,11.3618010827,18.6083400193,5.53536568239,B,BB,-1.56147595722,5.2097085916,82.2312744925,2031.55149643,238.503417911,0.8
455,2020,730157824,HCU,D1 Southland Conference,5091,CBU,174720069,2020-02-28 13:00:00,7,0,0,0,1837074185,D. Murphy,R,CU,R,-1.74672830885,4.86798104352,16.1551511516,14.4169492387,6.24334947335,B,S,-1.76741482326,5.11588500877,69.3576550344,1873.63969373,221.649311289,0.13
456,2020,730157824,HCU,D1 Southland Conference,5091,CBU,174720069,2020-02-28 13:00:00,7,1,0,0,1837074185,D. Murphy,R,FA,R,1.38202418873,1.45832433372,13.58296558,18.8020180508,5.51639621954,B,S,-1.51043734061,5.17222162784,83.9723911206,2095.41774352,234.078099738,0.13
457,2020,730157824,HCU,D1 Southland Conference,5091,CBU,174720069,2020-02-28 13:00:00,7,2,0,0,1837074185,D. Murphy,R,FA,R,-0.425758761437,2.20925654293,11.5866652341,18.775590409,5.43676554974,IP,S,-1.45927165935,5.19293643244,81.8997824149,1996.9874621,238.231600758,1.0
458,2020,730157824,HCU,D1 Southland Conference,5091,CBU,174720069,2020-02-28 13:00:00,7,0,0,0,1837074185,D. Murphy,R,CU,R,1.48668535457,2.77105831234,2.77701721646,-20.5828562021,4.96710420776,B,IP_OUT,-1.65717288137,5.06229895939,68.0572359999,2177.42667778,97.8465703834,0.13
459,2020,730157824,HCU,D1 Southland Conference,5091,CBU,174720069,2020-02-28 13:00:00,7,1,0,0,1837074185,D. Murphy,R,FA,R,1.44660779892,1.69548369064,10.8981928333,16.2712031983,5.63112703775,B,IP_OUT,-1.41576746182,5.06006848538,83.4040465432,2080.0201632,236.092591734,0.13
460,2020,730157824,HCU,D1 Southland Conference,5091,CBU,174720069,2020-02-28 13:00:00,7,2,0,0,1837074185,D. Murphy,R,FA,R,-0.967319168641,3.22262636508,16.6964348577,15.6566221046,5.37105169964,SL,IP_OUT,-1.55177311014,5.37015729866,81.6750135449,2056.97349178,223.089621427,-0.15
461,2020,730157824,HCU,D1 Southland Conference,5091,CBU,174720069,2020-02-28 13:00:00,7,2,1,0,1837074185,D. Murphy,R,FA,R,-0.140041019402,3.72258259644,14.9103167574,17.6945087814,5.70475478291,SS,IP_OUT,-1.49974798738,5.30920275465,82.3222807617,2065.41486358,229.805986546,-0.15
462,2020,730157824,HCU,D1 Southland Conference,5091,CBU,174720069,2020-02-28 13:00:00,7,0,0,1,1837074185,D. Murphy,R,CU,R,2.29583858221,2.39394020908,3.27572546105,-20.9108900777,5.28746090592,B,K,-1.5701336305,5.06569742646,67.0898828189,2180.6136477,99.0652172706,0.13
463,2020,730157824,HCU,D1 Southland Conference,5091,CBU,174720069,2020-02-28 13:00:00,7,1,0,1,1837074185,D. Murphy,R,CU,R,1.82151207733,2.74791734705,2.86596988664,-16.3971436943,5.0745141336,B,K,-1.83137188397,4.91418342698,67.1262248483,2017.29006396,100.120776368,0.13
464,2020,730157824,HCU,D1 Southland Conference,5091,CBU,174720069,2020-02-28 13:00:00,7,2,0,1,1837074185,D. Murphy,R,CU,R,1.3312977488,2.9964013397,5.87569163311,-20.3126038144,4.66547354718,SL,K,-1.68028264387,5.00117465968,64.9455273908,2030.82797034,106.305705082,-0.15
465,2020,730157824,HCU,D1 Southland Conference,5091,CBU,174720069,2020-02-28 13:00:00,7,2,1,1,1837074185,D. Murphy,R,FA,R,-0.68386870368,2.30937763047,9.51240211442,17.4177209502,5.61787363287,F,K,-1.5114504863,5.28926538989,82.4212949255,2066.71525572,241.259546802,-0.15
466,2020,730157824,HCU,D1 Southland Conference,5091,CBU,174720069,2020-02-28 13:00:00,7,2,2,1,1837074185,D. Murphy,R,FA,R,1.53010476638,1.96764416265,13.9762850545,15.8982590202,5.69108221519,B,K,-1.40718726433,5.21825164936,83.9377939935,2044.36788746,228.603897377,0.13
467,2020,730157824,HCU,D1 Southland Conference,5091,CBU,174720069,2020-02-28 13:00:00,7,3,2,1,1837074185,D. Murphy,R,FA,R,0.757019976292,2.75041688882,11.7676135626,19.2859843694,5.85304374185,SS,K,-1.33300004084,5.31179214528,83.0381753571,2060.85204196,238.526558232,-0.15
468,2020,730157824,HCU,D1 Southland Conference,5091,CBU,174720069,2020-02-28 13:00:00,7,0,0,2,1837074185,D. Murphy,R,FA,R,-1.75645805674,4.01130527472,10.8295210378,17.9562012956,5.41260599703,HBP,HBP,-1.45690875576,5.32935687566,82.3256197889,2051.72718331,238.812778173,0.8
469,2020,730157824,HCU,D1 Southland Conference,5091,CBU,174720069,2020-02-28 13:00:00,7,0,0,2,1837074185,D. Murphy,R,FA,R,2.07180976033,3.12200062543,8.26942178076,13.1111081408,5.95130503013,B,BB,-1.46351281846,5.27351648528,83.5046338331,2051.47276445,237.642557774,0.13
470,2020,730157824,HCU,D1 Southland Conference,5091,CBU,174720069,2020-02-28 13:00:00,7,1,0,2,1837074185,D. Murphy,R,FA,R,1.27288330854,2.09073299231,8.74945354273,16.8202377039,5.76837712805,B,BB,-1.32131262639,5.22069365189,82.4796419336,1975.87511468,242.414095983,0.13
471,2020,730157824,HCU,D1 Southland Conference,5091,CBU,174720069,2020-02-28 13:00:00,7,2,0,2,1837074185,D. Murphy,R,FA,R,-1.19379353034,3.83472568226,8.3753737924,13.1131607444,5.62097804498,B,BB,-1.20438907306,5.28646489471,81.7820377145,1972.11445434,237.310921519,0.13
472,2020,730157824,HCU,D1 Southland Conference,5091,CBU,174720069,2020-02-28 13:00:00,7,3,0,2,1837074185,D. Murphy,R,FA,R,1.77477853787,1.09006307527,16.6224884929,13.117932789,5.78031599395,B,BB,-1.53297371031,5.48103222773,81.992637321,1956.00710292,218.213237951,0.8
473,2020,730157824,HCU,D1 Southland Conference,5091,CBU,174720069,2020-02-28 13:00:00,7,0,0,2,1837074185,D. Murphy,R,FA,L,-0.0135006133551,3.67924467874,12.8441349051,11.9665440647,5.80568012586,B,S,-1.160067424,5.41914906359,84.1769791528,2096.63608005,222.891890871,0.13
474,2020,730157824,HCU,D1 Southland Conference,5091,CBU,174720069,2020-02-28 13:00:00,7,1,0,2,1837074185,D. Murphy,R,FA,L,0.315881368003,2.30880066161,13.2520116405,14.2752530363,5.65205156302,SS,S,-1.45842712952,5.23121025585,84.0449668855,2053.60215974,227.047831162,-0.15
475,2020,730157824,HCU,D1 Southland Conference,5091,CBU,174720069,2020-02-28 13:00:00,7,1,1,2,1837074185,D. Murphy,R,FA,L,0.327404337432,1.84761657533,8.56185955784,15.3950526216,5.61912619193,IP,S,-1.44593418881,5.19006124512,83.2216402374,2068.69844506,240.811030408,1.0
476,2020,730157824,HCU,D1 Southland Conference,5091,CBU,174720069,2020-02-28 13:00:00,7,0,0,2,1259718569,K. Newcomb,R,FA,R,1.34564823914,2.5638627888,13.2975997925,7.7375259019,6.03060348364,SL,S,-1.00238355332,5.91284081579,84.5343657623,1683.34308845,210.1257217,-0.15
477,2020,730157824,HCU,D1 Southland Conference,5091,CBU,174720069,2020-02-28 13:00:00,7,0,1,2,1259718569,K. Newcomb,R,FA,R,-0.338072466122,3.17710512442,18.4749715258,10.9587606549,6.05344650751,IP,S,-1.18859083206,5.99750313271,85.7540530174,1731.87337946,210.626673888,1.0
478,2020,730157824,HCU,D1 Southland Conference,5091,CBU,174720069,2020-02-28 13:00:00,7,0,0,2,1259718569,K. Newcomb,R,FA,R,1.52263215818,2.97683490914,17.8977037676,6.71066158974,6.36820850071,B,IP_OUT,-0.988686187842,6.07606055459,84.0415070739,1714.64225254,200.514921236,0.13
479,2020,730157824,HCU,D1 Southland Conference,5091,CBU,174720069,2020-02-28 13:00:00,7,1,0,2,1259718569,K. Newcomb,R,FA,R,-0.325281396085,2.60778852502,22.9567336653,12.2542840111,5.8799064161,F,IP_OUT,-1.1008816342,6.12622117657,85.4501451347,1864.54461083,208.055733036,-0.15
480,2020,730157824,HCU,D1 Southland Conference,5091,CBU,174720069,2020-02-28 13:00:00,7,1,1,2,1259718569,K. Newcomb,R,FA,R,0.670968467318,3.51334441338,14.771446372,10.0980852996,6.04589837515,B,IP_OUT,-1.00489795791,6.0075433896,85.6590798155,1886.87934924,214.292920829,0.13
481,2020,730157824,HCU,D1 Southland Conference,5091,CBU,174720069,2020-02-28 13:00:00,8,0,0,0,1259718569,K. Newcomb,R,FA,R,0.817099288271,1.69140379044,14.5532846719,8.44545962076,6.49063344599,SL,BB,-0.957250574473,5.78720176777,83.6136416332,1857.28997683,210.064683006,-0.15
482,2020,730157824,HCU,D1 Southland Conference,5091,CBU,174720069,2020-02-28 13:00:00,8,0,1,0,1259718569,K. Newcomb,R,CU,R,0.404706806121,1.0751810608,0.969587724628,-6.60151445918,5.59836940219,B,BB,-1.33513776167,5.77247845617,70.8550416246,2078.14848848,98.8044878652,0.13
483,2020,730157824,HCU,D1 Southland Conference,5091,CBU,174720069,2020-02-28 13:00:00,8,1,1,0,1259718569,K. Newcomb,R,FA,R,1.33082785695,1.45848528455,14.5058273945,9.10518091629,6.39812191734,B,BB,-0.792075335324,5.87205886615,84.135074595,1908.39275827,212.051716478,0.13
484,2020,730157824,HCU,D1 Southland Conference,5091,CBU,174720069,2020-02-28 13:00:00,8,2,1,0,1259718569,K. Newcomb,R,FA,R,-0.365808846464,2.19436757444,18.1752594058,11.2543416547,6.17284538227,F,BB,-1.46934518987,5.84951410614,84.0097395975,1870.80632227,211.714271523,-0.15
485,2020,730157824,HCU,D1 Southland Conference,5091,CBU,174720069,2020-02-28 13:00:00,8,2,2,0,1259718569,K. Newcomb,R,FA,R,-0.788618935026,3.69284939199,22.5670133208,4.28594950937,5.83893754112,B,BB,-1.14284520534,6.06407566839,85.025325589,1918.12529469,190.736576021,0.13
486,2020,730157824,HCU,D1 Southland Conference,5091,CBU,174720069,2020-02-28 13:00:00,8,3,2,0,1259718569,K. Newcomb,R,FA,R,1.00920245323,2.87307752425,22.7868870446,2.75333265785,5.99346821943,F,BB,-0.912251478001,5.93613900864,83.5817630025,1856.77803681,186.878351448,0.0
487,2020,730157824,HCU,D1 Southland Conference,5091,CBU,174720069,2020-02-28 13:00:00,8,3,2,0,1259718569,K. Newcomb,R,FA,R,0.265586996579,2.73037670493,21.8451211057,7.37573750782,6.07271037193,F,BB,-0.957095676371,5.98488976567,85.0645822512,2024.30404666,198.628097496,0.0
488,2020,730157824,HCU,D1 Southland Conference,5091,CBU,174720069,2020-02-28 13:00:00,8,3,2,0,1259718569,K. Newcomb,R,FA,R,0.120746011361,5.16299167484,15.820956753,11.4435624944,6.01287552389,B,BB,-1.22762574683,6.04471062019,84.5240780994,1927.49429829,215.815698615,0.8
489,2020,730157824,HCU,D1 Southland Conference,5091,CBU,174720069,2020-02-28 13:00:00,8,0,0,0,1259718569,K. Newcomb,R,FA,R,0.0143162605983,3.68673975741,21.4138277034,7.73796486132,6.04822617726,B,IP_OUT,-0.930899470926,6.01721664982,83.6030805515,1851.8436532,199.835486698,0.13
490,2020,730157824,HCU,D1 Southland Conference,5091,CBU,174720069,2020-02-28 13:00:00,8,1,0,0,1259718569,K. Newcomb,R,FA,R,-1.12177037352,3.21308052009,14.3021121509,15.3148418475,6.17103677695,SL,IP_OUT,-1.21513283104,5.74517521346,83.1831944139,1854.23457199,226.882891585,-0.15
491,2020,730157824,HCU,D1 Southland Conference,5091,CBU,174720069,2020-02-28 13:00:00,8,1,1,0,1259718569,K. Newcomb,R,FA,R,0.259012069533,2.45961203765,17.292295272,8.73678024386,6.09575441579,F,IP_OUT,-1.28760733304,5.81618900098,84.9369812066,1928.55010026,206.75652648,-0.15
492,2020,730157824,HCU,D1 Southland Conference,5091,CBU,174720069,2020-02-28 13:00:00,8,1,2,0,1259718569,K. Newcomb,R,CU,R,0.372486302967,1.13583515881,3.30391256174,1.01191548313,5.6506824286,B,IP_OUT,-1.54550189805,5.63566063898,73.377912001,2174.30445238,196.792641576,0.13
493,2020,730157824,HCU,D1 Southland Conference,5091,CBU,174720069,2020-02-28 13:00:00,8,2,2,0,1259718569,K. Newcomb,R,FA,R,0.264054947833,3.05027004731,17.7830253191,11.8737404694,6.25063433814,F,IP_OUT,-1.13251206942,5.80546111105,83.4662851093,1992.61354153,213.675656038,0.0
494,2020,730157824,HCU,D1 Southland Conference,5091,CBU,174720069,2020-02-28 13:00:00,8,2,2,0,1259718569,K. Newcomb,R,FA,R,-0.380516362806,3.45043166848,19.5579063479,15.7602837405,5.98393668462,B,IP_OUT,-1.39958963993,5.79685487125,85.0749803736,1900.5908456,218.810829716,0.13
495,2020,730157824,HCU,D1 Southland Conference,5091,CBU,174720069,2020-02-28 13:00:00,8,3,2,0,1259718569,K. Newcomb,R,FA,R,0.948767742195,1.61412678987,21.4073699061,7.11578890335,6.19439483596,F,IP_OUT,-1.24691852356,5.82269868887,84.6020927935,1782.28114259,198.357657763,0.0
496,2020,730157824,HCU,D1 Southland Conference,5091,CBU,174720069,2020-02-28 13:00:00,8,0,0,1,1259718569,K. Newcomb,R,FA,R,0.22697523772,2.9666749447,18.7992319876,9.24621069522,6.10230914622,F,K,-1.1100499832,6.08389814323,84.384678529,1850.24848412,206.145812147,-0.15
497,2020,730157824,HCU,D1 Southland Conference,5091,CBU,174720069,2020-02-28 13:00:00,8,0,1,1,1259718569,K. Newcomb,R,CU,R,-0.156878697955,3.28632410539,-0.941196972001,-10.9926382731,5.3644636463,SL,K,-1.34519995755,5.84663894696,71.8253780693,2173.17315774,85.375615218,-0.15
498,2020,730157824,HCU,D1 Southland Conference,5091,CBU,174720069,2020-02-28 13:00:00,8,0,2,1,1259718569,K. Newcomb,R,CU,R,-0.576371416909,-2.57754296722,-11.0465603589,2.55696704859,5.80915492836,B,K,-1.20200450455,5.59580838602,73.616299112,2141.65568918,346.911642892,0.13
499,2020,730157824,HCU,D1 Southland Conference,5091,CBU,174720069,2020-02-28 13:00:00,8,1,2,1,1259718569,K. Newcomb,R,FA,R,0.481749376515,3.86514184049,25.8916020224,-1.71955900771,5.9018175233,SS,K,-0.881653845154,6.02991726311,83.7031662357,1807.84060072,176.205821833,-0.15
500,2020,730157824,HCU,D1 Southland Conference,5091,CBU,174720069,2020-02-28 13:00:00,8,0,0,2,1259718569,K. Newcomb,R,FA,R,-0.239217038664,1.74393603173,8.99550736793,15.4432343423,6.10703849593,SL,S,-0.891963946197,5.51389306203,83.1221387936,1787.46229959,239.675711003,-0.15
501,2020,730157824,HCU,D1 Southland Conference,5091,CBU,174720069,2020-02-28 13:00:00,8,0,1,2,1259718569,K. Newcomb,R,CU,R,0.398708540746,1.39782667846,0.191520386429,-8.13148390739,5.3476826471,IP,S,-1.25700077644,5.91199502496,73.0304682062,2176.03848727,91.7039905214,1.0
502,2020,730157824,HCU,D1 Southland Conference,5091,CBU,174720069,2020-02-28 13:00:00,8,0,0,2,1259718569,K. Newcomb,R,FA,R,0.835479900453,3.17938756224,22.3141258204,3.93928963854,6.3817630368,B,IP_OUT,-0.816113343542,6.00543692226,82.3510405029,1750.14908594,189.995025283,0.13
503,2020,730281728,UCRV,D1 Big West Conference,5091,CBU,340283052,2020-02-23 13:00:00,1,0,0,0,1367069220,Z. Jacobs,R,FA,L,-0.377610930771,2.41629003744,14.6081756235,15.7400469121,5.33568938816,F,S,-1.78145041056,5.4270621142,86.6397207325,2208.11114512,227.064953168,-0.15
504,2020,730281728,UCRV,D1 Big West Conference,5091,CBU,340283052,2020-02-23 13:00:00,1,0,1,0,1367069220,Z. Jacobs,R,FA,L,0.689332653017,3.18876636659,15.6793875124,16.1825388609,5.39514375825,B,S,-1.56864430618,5.36921907515,86.3737366308,2183.11313906,225.838472341,0.13
505,2020,730281728,UCRV,D1 Big West Conference,5091,CBU,340283052,2020-02-23 13:00:00,1,1,1,0,1367069220,Z. Jacobs,R,FA,L,0.847021800893,3.19365442634,15.3383708395,16.3840888995,5.53021784148,B,S,-1.62663050817,5.33717842302,86.5886915483,2198.17739954,226.821256691,0.13
506,2020,730281728,UCRV,D1 Big West Conference,5091,CBU,340283052,2020-02-23 13:00:00,1,2,1,0,1367069220,Z. Jacobs,R,FA,L,0.212798273236,2.91028320752,15.699446453,17.3205528564,5.58010451855,SL,S,-1.71436362434,5.42586496945,85.9620153264,2161.9781738,227.744843443,-0.15
507,2020,730281728,UCRV,D1 Big West Conference,5091,CBU,340283052,2020-02-23 13:00:00,1,2,2,0,1367069220,Z. Jacobs,R,FA,L,-1.03141699515,1.62510591836,8.48315401399,19.6018716362,5.63095412355,IP,S,-1.82307876441,5.12474961374,86.3044478625,2234.94858706,246.510099514,1.0
508,2020,730281728,UCRV,D1 Big West Conference,5091,CBU,340283052,2020-02-23 13:00:00,1,0,0,0,1367069220,Z. Jacobs,R,CH,L,0.342482653638,1.87411669075,3.94690360805,11.3364285626,5.50112203132,F,S,-1.67064996808,5.11815139312,79.1980420179,1225.00257761,250.609275915,-0.15
509,2020,730281728,UCRV,D1 Big West Conference,5091,CBU,340283052,2020-02-23 13:00:00,1,0,1,0,1367069220,Z. Jacobs,R,CH,L,0.0950873416204,1.50660626037,1.29099388048,9.96506489142,5.49550481395,IP,S,-1.5956620799,5.13622726144,77.9566001605,1251.95808712,262.367346777,1.0
510,2020,730281728,UCRV,D1 Big West Conference,5091,CBU,340283052,2020-02-23 13:00:00,1,0,0,0,1367069220,Z. Jacobs,R,FA,L,-0.0109090335017,3.63168750868,13.7625836354,19.179007898,5.54687852167,F,DP,-1.78237197166,5.28507801159,86.0280518536,2157.41361602,234.264787627,-0.15
511,2020,730281728,UCRV,D1 Big West Conference,5091,CBU,340283052,2020-02-23 13:00:00,1,0,1,0,1367069220,Z. Jacobs,R,CH,L,-0.341225275967,2.85269252352,5.35550062352,7.08167735311,5.43235441527,F,DP,-1.69166607803,5.10518314798,78.3213010142,1287.61242113,232.67705755,-0.15
512,2020,730281728,UCRV,D1 Big West Conference,5091,CBU,340283052,2020-02-23 13:00:00,1,0,2,0,1367069220,Z. Jacobs,R,CH,L,-0.872316778264,2.51824935497,-0.764340035994,6.75826111595,5.43770606836,IP,DP,-1.69876330546,5.04385166834,76.7044916907,1274.73649112,276.069251475,-0.21
513,2020,730281728,UCRV,D1 Big West Conference,5091,CBU,340283052,2020-02-23 13:00:00,1,0,0,2,1367069220,Z. Jacobs,R,FA,R,1.68690463951,2.11871703375,9.97876981439,16.9661770472,5.59844790937,B,IP_OUT,-1.41039560175,5.2550357015,87.4079849541,2208.04570477,239.449962124,0.13
514,2020,730281728,UCRV,D1 Big West Conference,5091,CBU,340283052,2020-02-23 13:00:00,1,1,0,2,1367069220,Z. Jacobs,R,SL,R,0.456624990741,1.85428859888,-6.76601091028,-15.3664305743,5.07949235725,SL,IP_OUT,-1.72717526858,5.24870358051,73.2137134526,2327.17539888,66.3954328368,-0.15
515,2020,730281728,UCRV,D1 Big West Conference,5091,CBU,340283052,2020-02-23 13:00:00,2,0,0,0,1367069220,Z. Jacobs,R,FA,R,1.64000000035,2.76066513671,15.2192011663,16.398030279,5.39388116549,SL,S,-1.4674425297,5.38910056555,84.4777761843,2164.83114964,227.064044578,-0.15
516,2020,730281728,UCRV,D1 Big West Conference,5091,CBU,340283052,2020-02-23 13:00:00,2,0,1,0,1367069220,Z. Jacobs,R,CU,R,0.0820060706984,1.29453478131,-11.5529681145,-11.7860405741,4.9028339377,B,S,-1.5470444677,5.31957665827,73.0974165651,2472.02615151,45.7006576163,0.13
517,2020,730281728,UCRV,D1 Big West Conference,5091,CBU,340283052,2020-02-23 13:00:00,2,1,1,0,1367069220,Z. Jacobs,R,CU,R,1.70443210806,0.126989292294,-13.0605869825,-11.3855831008,5.29386855433,B,S,-1.64729324942,5.32434914045,73.1200500393,2495.47481519,41.1918658504,0.13
518,2020,730281728,UCRV,D1 Big West Conference,5091,CBU,340283052,2020-02-23 13:00:00,2,2,1,0,1367069220,Z. Jacobs,R,FA,R,-0.194793173119,4.02672857302,16.0265773476,16.0913832657,5.39214566374,B,S,-1.38582479745,5.43215781571,85.6676137919,2193.86764213,225.050021176,0.13
519,2020,730281728,UCRV,D1 Big West Conference,5091,CBU,340283052,2020-02-23 13:00:00,2,3,1,0,1367069220,Z. Jacobs,R,FA,R,0.63020974942,2.94851615906,16.6208302721,14.1154757422,5.57298139513,IP,S,-1.42481306865,5.35514653006,85.7105619926,2252.38215365,220.278090237,1.0
520,2020,730281728,UCRV,D1 Big West Conference,5091,CBU,340283052,2020-02-23 13:00:00,2,0,0,0,1367069220,Z. Jacobs,R,FA,R,0.883233158066,3.42524764342,16.6541849472,18.1474879649,5.42425064319,B,S,-1.50645626344,5.34633334845,85.7513704694,2232.79351377,227.394152509,0.13
521,2020,730281728,UCRV,D1 Big West Conference,5091,CBU,340283052,2020-02-23 13:00:00,2,1,0,0,1367069220,Z. Jacobs,R,FA,R,0.839773423846,2.93480003373,9.31507291441,17.5142829542,5.58276852417,IP,S,-1.52173507015,5.30425228255,85.0491951027,2190.1099174,241.899083389,1.0
522,2020,730281728,UCRV,D1 Big West Conference,5091,CBU,340283052,2020-02-23 13:00:00,2,0,0,1,1367069220,Z. Jacobs,R,FA,R,-0.536716022117,3.81518696809,12.849712657,17.7997038686,5.41365418488,B,SF,-1.40439262233,5.36494270277,85.8837639542,2107.76654277,234.097195346,0.13
523,2020,730281728,UCRV,D1 Big West Conference,5091,CBU,340283052,2020-02-23 13:00:00,2,1,0,1,1367069220,Z. Jacobs,R,FA,R,0.44046345939,3.81274948816,12.3947131077,17.0794755787,5.5035235463,B,SF,-1.41961367191,5.38610152719,86.3246579055,2127.32354797,233.95202134,0.13
524,2020,730281728,UCRV,D1 Big West Conference,5091,CBU,340283052,2020-02-23 13:00:00,2,2,0,1,1367069220,Z. Jacobs,R,FA,R,0.823462995984,1.93127328019,8.52013936444,20.7411695529,5.55521808254,SL,SF,-1.42221838295,5.10620313199,85.8071821182,2239.50803901,247.581747451,-0.15
525,2020,730281728,UCRV,D1 Big West Conference,5091,CBU,340283052,2020-02-23 13:00:00,2,2,1,1,1367069220,Z. Jacobs,R,FA,R,0.820106185338,2.24993022697,11.8865209571,19.2254389234,5.611475122,F,SF,-1.43517934191,5.29931998781,85.6744978692,2210.13596606,238.193747524,-0.15
526,2020,730281728,UCRV,D1 Big West Conference,5091,CBU,340283052,2020-02-23 13:00:00,2,2,2,1,1367069220,Z. Jacobs,R,FA,R,1.54373507693,3.06770907346,17.716813739,18.4210883821,5.35073920349,B,SF,-1.18281656517,5.44643697158,87.8839130413,2335.84450759,226.059256554,0.13
527,2020,730281728,UCRV,D1 Big West Conference,5091,CBU,340283052,2020-02-23 13:00:00,2,0,0,2,1367069220,Z. Jacobs,R,FA,R,1.82410449183,2.62667517463,15.3320139104,17.1179159482,5.52606111892,B,IP_OUT,-1.39084693822,5.26919255556,86.9438706248,2255.86145574,228.083549757,0.13
528,2020,730281728,UCRV,D1 Big West Conference,5091,CBU,340283052,2020-02-23 13:00:00,3,0,0,0,1367069220,Z. Jacobs,R,FA,R,-0.0770818681853,3.55453533967,18.1759488039,17.1707982837,5.30291345098,B,IP_OUT,-1.45753805865,5.391565734,84.8669105456,2103.41593705,223.312076605,0.13
529,2020,730281728,UCRV,D1 Big West Conference,5091,CBU,340283052,2020-02-23 13:00:00,3,0,0,1,1367069220,Z. Jacobs,R,FA,L,0.753092910242,2.10694468661,15.6271899833,17.9747028124,5.57818474474,SL,K,-1.41723546451,5.27702538577,85.0507451206,2164.9904101,228.92923687,-0.15
530,2020,730281728,UCRV,D1 Big West Conference,5091,CBU,340283052,2020-02-23 13:00:00,3,0,1,1,1367069220,Z. Jacobs,R,FA,L,0.111396737163,2.60787651243,16.6904079538,16.2947214612,5.4220270504,F,K,-1.54433767203,5.24555379473,85.8994122224,2166.97405688,224.250007997,-0.15
531,2020,730281728,UCRV,D1 Big West Conference,5091,CBU,340283052,2020-02-23 13:00:00,3,0,2,1,1367069220,Z. Jacobs,R,FA,L,0.55552467821,3.11985447107,14.6662238183,18.4067076505,5.41970705759,F,K,-1.59595548103,5.3544606095,85.8710633736,2250.63908182,231.382704403,0.0
532,2020,730281728,UCRV,D1 Big West Conference,5091,CBU,340283052,2020-02-23 13:00:00,3,0,2,1,1367069220,Z. Jacobs,R,FA,L,0.869223885798,2.55034181056,15.0845757147,14.7616328872,5.5727247402,SL,K,-1.58480026092,5.30775934,86.0505692357,2182.84849856,224.310968426,-0.15
533,2020,730281728,UCRV,D1 Big West Conference,5091,CBU,340283052,2020-02-23 13:00:00,3,0,0,2,1367069220,Z. Jacobs,R,FA,L,1.29725915622,2.73367102842,15.6744443643,14.5835915584,5.53224803631,B,IP_OUT,-1.31647815166,5.36946628143,85.8498254384,2111.79816482,222.86880776,0.13
534,2020,730281728,UCRV,D1 Big West Conference,5091,CBU,340283052,2020-02-23 13:00:00,4,0,0,1,1367069220,Z. Jacobs,R,FA,R,0.612050014217,3.04421272807,18.0190730909,14.8981823395,5.57889921209,SL,D,-1.29276852284,5.33033939473,84.2514396418,2240.13940521,219.524943148,-0.15
535,2020,730281728,UCRV,D1 Big West Conference,5091,CBU,340283052,2020-02-23 13:00:00,4,0,1,1,1367069220,Z. Jacobs,R,SL,R,0.664807082519,0.926924217108,2.56858196275,-7.51495561188,4.84016448847,SS,D,-1.78572193017,5.0451530586,74.2367463469,2288.72326185,109.208848969,-0.15
536,2020,730281728,UCRV,D1 Big West Conference,5091,CBU,340283052,2020-02-23 13:00:00,4,0,2,1,1367069220,Z. Jacobs,R,FA,R,0.585042967227,4.1221217268,14.8256591706,16.9554647537,5.45037827512,B,D,-1.31099836115,5.3517727804,86.4643218399,2238.38344288,228.764620302,0.13
537,2020,730281728,UCRV,D1 Big West Conference,5091,CBU,340283052,2020-02-23 13:00:00,4,1,2,1,1367069220,Z. Jacobs,R,FA,R,1.05343622035,2.03317545197,16.7876057217,15.8574487433,5.51150987952,IP,D,-1.39521562982,5.28552512658,86.1515020312,2142.57854369,223.305805601,1.26
538,2020,730281728,UCRV,D1 Big West Conference,5091,CBU,340283052,2020-02-23 13:00:00,4,0,0,2,1367069220,Z. Jacobs,R,FA,R,-1.72005258446,4.41989496162,15.4796192983,18.0820623823,5.67202936344,HBP,HBP,-1.35354593753,5.30717880742,84.0388847747,2177.26269593,229.364439872,0.8
539,2020,730281728,UCRV,D1 Big West Conference,5091,CBU,340283052,2020-02-23 13:00:00,4,0,0,2,1367069220,Z. Jacobs,R,FA,R,2.1455899437,2.04647835898,12.8881303184,19.016997444,5.53451977916,B,FC,-1.30085940245,5.22700304393,85.7245615098,2235.85360742,235.798307003,0.13
540,2020,730281728,UCRV,D1 Big West Conference,5091,CBU,340283052,2020-02-23 13:00:00,4,1,0,2,1367069220,Z. Jacobs,R,FA,R,0.850048404862,1.81425222211,15.7302151741,20.540562537,5.52543058738,IP,FC,-1.56703627196,5.41032304871,84.6596393655,2197.01665885,232.48871044,-0.21
541,2020,730281728,UCRV,D1 Big West Conference,5091,CBU,340283052,2020-02-23 13:00:00,5,0,0,0,1367069220,Z. Jacobs,R,FA,R,1.36337327515,2.4521751333,10.1084174287,18.6258872291,5.50603244116,SL,BB,-1.32114474017,5.36113139502,84.062733489,2131.97984231,241.421152247,-0.15
542,2020,730281728,UCRV,D1 Big West Conference,5091,CBU,340283052,2020-02-23 13:00:00,5,0,1,0,1367069220,Z. Jacobs,R,FA,R,-0.327562441737,2.72170317212,16.8918255842,17.6105813089,5.60306310413,F,BB,-1.39389453581,5.30012399744,83.6275172914,2065.24943044,226.129262665,-0.15
543,2020,730281728,UCRV,D1 Big West Conference,5091,CBU,340283052,2020-02-23 13:00:00,5,0,2,0,1367069220,Z. Jacobs,R,FA,R,-0.683870979951,1.94002015987,7.55161068007,20.0910922107,5.64172630302,F,BB,-1.39317844631,5.23561253889,83.2581950851,2099.09108335,249.304525052,0.0
544,2020,730281728,UCRV,D1 Big West Conference,5091,CBU,340283052,2020-02-23 13:00:00,5,0,2,0,1367069220,Z. Jacobs,R,FA,R,0.44456313167,3.80400867916,12.6377697699,19.13214564,5.47911128744,B,BB,-1.29881031041,5.33232493883,84.2876368615,2170.82492581,236.474296311,0.13
545,2020,730281728,UCRV,D1 Big West Conference,5091,CBU,340283052,2020-02-23 13:00:00,5,1,2,0,1367069220,Z. Jacobs,R,SL,R,2.47721795868,0.5161705946,3.80345204779,-6.85787127588,5.10219322457,B,BB,-1.4601663896,5.18734332194,74.5985340722,2307.65445972,119.324965128,0.13
546,2020,730281728,UCRV,D1 Big West Conference,5091,CBU,340283052,2020-02-23 13:00:00,5,2,2,0,1367069220,Z. Jacobs,R,CU,R,1.02753042581,0.162855380689,-8.1159776396,-11.9176764347,5.13798909536,B,BB,-1.46263677988,5.08769535122,72.0584419736,2069.62080031,55.917387527,0.13
547,2020,730281728,UCRV,D1 Big West Conference,5091,CBU,340283052,2020-02-23 13:00:00,5,3,2,0,1367069220,Z. Jacobs,R,FA,R,-0.091772628977,1.44350722788,12.5826866241,20.3833654654,5.61169228612,F,BB,-1.36864763083,5.15753596893,85.5302675273,2054.35993509,238.238649717,0.0
548,2020,730281728,UCRV,D1 Big West Conference,5091,CBU,340283052,2020-02-23 13:00:00,5,3,2,0,1367069220,Z. Jacobs,R,FA,R,-1.16978594449,2.77695604626,16.3805774265,19.3262636385,5.3640139095,B,BB,-1.38199781333,5.20428784172,85.0027606174,2135.70212266,229.651540861,0.8
549,2020,730281728,UCRV,D1 Big West Conference,5091,CBU,340283052,2020-02-23 13:00:00,5,0,0,1,1367069220,Z. Jacobs,R,FA,L,-0.0685209029382,3.43031365223,19.5850793904,18.543328946,5.57503148212,B,IP_OUT,-1.60626381928,5.34796447458,84.3885095459,2182.7670149,223.379999632,0.13
550,2020,730281728,UCRV,D1 Big West Conference,5091,CBU,340283052,2020-02-23 13:00:00,5,0,0,2,1367069220,Z. Jacobs,R,SL,L,-0.952984726672,1.92765372596,-0.926801807067,6.61068969607,5.38901638141,SL,K,-1.73388383314,5.10819643886,76.6667912838,1163.76255739,277.589199214,-0.15
551,2020,730281728,UCRV,D1 Big West Conference,5091,CBU,340283052,2020-02-23 13:00:00,5,0,1,2,1367069220,Z. Jacobs,R,CH,L,0.128374130444,1.38992106024,4.46152897961,7.66550520676,5.40053339147,B,K,-1.64002436678,5.05240878542,77.0750296232,1187.18556139,239.544315376,0.13
552,2020,730281728,UCRV,D1 Big West Conference,5091,CBU,340283052,2020-02-23 13:00:00,5,1,1,2,1367069220,Z. Jacobs,R,FA,L,-0.69761461217,3.33610245643,9.97353636354,20.8315578887,5.45888328496,F,K,-1.54225456943,5.20011592221,85.274135273,2209.78796498,244.333355088,-0.15
553,2020,730281728,UCRV,D1 Big West Conference,5091,CBU,340283052,2020-02-23 13:00:00,5,1,2,2,1367069220,Z. Jacobs,R,CH,L,0.992822309782,0.275213920536,-7.61906703915,5.91654494523,5.39257674106,SS,K,-1.75845575563,4.79734271575,76.6612782819,1188.44548789,322.000520678,-0.15
554,2020,730281728,UCRV,D1 Big West Conference,5091,CBU,340283052,2020-02-23 13:00:00,6,0,0,1,1367069220,Z. Jacobs,R,FA,R,1.32057160445,2.42315217668,17.1208709554,17.8491558813,5.37897492484,SL,IP_OUT,-1.22047437188,5.31051899471,83.4790470673,2155.37776013,226.128423414,-0.15
555,2020,730281728,UCRV,D1 Big West Conference,5091,CBU,340283052,2020-02-23 13:00:00,6,0,1,1,1367069220,Z. Jacobs,R,CH,R,1.5653659911,0.343853713546,7.50918118458,6.89964079983,5.38895750666,B,IP_OUT,-1.57467962176,5.17586761844,77.7747180535,1282.2743089,222.409532371,0.13
556,2020,730281728,UCRV,D1 Big West Conference,5091,CBU,340283052,2020-02-23 13:00:00,6,1,1,1,1367069220,Z. Jacobs,R,FA,R,-0.832335655491,1.92655912488,13.7650356759,12.8749782531,5.48241125553,F,IP_OUT,-1.3374236249,5.17490514047,84.875609327,2170.58257096,223.008728572,-0.15
557,2020,730281728,UCRV,D1 Big West Conference,5091,CBU,340283052,2020-02-23 13:00:00,6,0,0,2,1367069220,Z. Jacobs,R,FA,R,-0.626462176616,3.33865652375,10.9033815133,16.4058862185,5.44283743645,SL,IP_OUT,-1.40098244567,5.1660020195,84.9577487264,2190.00910952,236.301865121,-0.15
558,2020,730281728,UCRV,D1 Big West Conference,5091,CBU,340283052,2020-02-23 13:00:00,7,0,0,0,1367069220,Z. Jacobs,R,FA,R,1.21263680677,2.73606094762,13.9729689308,15.7057037358,5.54882289147,IP,S,-1.30365718577,5.35302272101,84.3593322665,2122.08127013,228.264446035,1.0
559,2020,730281728,UCRV,D1 Big West Conference,5091,CBU,340283052,2020-02-23 13:00:00,7,0,0,0,1367069220,Z. Jacobs,R,FA,R,0.744217745178,3.48613812513,15.5799231983,15.9718612716,5.59479589038,B,D,-1.52763429298,5.22272250404,84.0213278016,2127.21825191,225.641449136,0.13
560,2020,730281728,UCRV,D1 Big West Conference,5091,CBU,340283052,2020-02-23 13:00:00,7,1,0,0,1367069220,Z. Jacobs,R,SL,R,-0.0813491909737,1.73810754231,3.8086534123,6.73047198993,5.28335329235,F,D,-1.53128042183,5.04795952515,76.2080325755,1263.00654159,240.19414047,-0.15
561,2020,730281728,UCRV,D1 Big West Conference,5091,CBU,340283052,2020-02-23 13:00:00,7,1,1,0,1367069220,Z. Jacobs,R,FA,R,0.643584998513,2.12855513638,8.40512619263,20.4451198717,5.58845974293,F,D,-1.51325541022,5.28126194277,83.454741229,2144.7613423,247.560087757,-0.15
562,2020,730281728,UCRV,D1 Big West Conference,5091,CBU,340283052,2020-02-23 13:00:00,7,1,2,0,1367069220,Z. Jacobs,R,FA,R,-0.179390715677,2.97406468179,20.1193778294,16.7332197772,5.46481508359,F,D,-1.40153194843,5.16419226913,84.8930887835,2094.98345555,219.698057993,0.0
563,2020,730281728,UCRV,D1 Big West Conference,5091,CBU,340283052,2020-02-23 13:00:00,7,1,2,0,1367069220,Z. Jacobs,R,FA,R,-0.799831578141,2.64711907131,14.2760064222,17.5716871987,5.61392432481,IP,D,-1.44833057234,5.16601932214,84.5773856213,2093.721968,230.835298176,1.26
564,2020,730281728,UCRV,D1 Big West Conference,5091,CBU,340283052,2020-02-23 13:00:00,7,0,0,0,1367069220,Z. Jacobs,R,CU,R,-0.805944624532,2.64215045373,-8.48694726275,-15.2555017071,5.19300011319,SL,SF,-1.54722631959,5.18147800722,70.6557314485,2403.86499405,61.0683069543,-0.15
565,2020,730281728,UCRV,D1 Big West Conference,5091,CBU,340283052,2020-02-23 13:00:00,7,1,0,1,1367069220,Z. Jacobs,R,FA,R,-0.63593113505,2.38714465177,16.1016406486,18.9852358418,5.88531198046,F,SF,-1.42942081155,5.10645044804,84.6716934703,2130.25632236,229.634058231,-0.15
566,2020,730281728,UCRV,D1 Big West Conference,5091,CBU,340283052,2020-02-23 13:00:00,7,0,0,2,1367069220,Z. Jacobs,R,FA,L,1.31848071846,2.13986825671,17.2754874742,14.3196151247,5.65608777582,SL,IP_OUT,-1.34596487446,5.25042565549,84.639680155,2189.12299178,219.594442088,-0.15
567,2020,730281728,UCRV,D1 Big West Conference,5091,CBU,340283052,2020-02-23 13:00:00,8,0,0,0,1737959049,A. Granillo,R,FA,L,-0.198194115503,2.17828934495,22.7333597305,5.49607085882,6.06353329694,SL,K,-0.289715338115,6.41363014783,89.9598134962,2221.30348017,193.572533402,-0.15
568,2020,730281728,UCRV,D1 Big West Conference,5091,CBU,340283052,2020-02-23 13:00:00,8,0,1,0,1737959049,A. Granillo,R,CH,L,-1.0453152475,2.26822451377,9.76400025486,16.2649988249,5.79249050148,F,K,-0.872715647623,5.88212459908,84.1079931718,1897.7445459,238.92658877,-0.15
569,2020,730281728,UCRV,D1 Big West Conference,5091,CBU,340283052,2020-02-23 13:00:00,8,0,2,0,1737959049,A. Granillo,R,CU,L,-0.656582800196,4.30501867951,-3.13186492445,-11.9149358135,5.54011013473,B,K,-0.451940958479,6.22636145461,71.0046845922,2365.19802236,75.5125319666,0.13
570,2020,730281728,UCRV,D1 Big West Conference,5091,CBU,340283052,2020-02-23 13:00:00,8,1,2,0,1737959049,A. Granillo,R,FA,L,1.06679032642,2.52086688344,20.4399724802,8.40244071152,6.10742868179,SL,K,-0.188182521855,6.36275599096,90.8132080212,2190.98393904,202.315478876,-0.15
571,2020,730281728,UCRV,D1 Big West Conference,5091,CBU,340283052,2020-02-23 13:00:00,8,0,0,1,1737959049,A. Granillo,R,FA,L,-1.46561414469,3.82555674289,22.3533143119,6.85903556909,5.97493274913,B,K,-0.370639855174,6.30332771658,92.862468967,2264.68081697,197.036628611,0.13
572,2020,730281728,UCRV,D1 Big West Conference,5091,CBU,340283052,2020-02-23 13:00:00,8,1,0,1,1737959049,A. Granillo,R,FA,L,-0.235774949531,3.17760614448,23.3613972924,0.534499839925,6.00022521062,SL,K,-0.228107966801,6.56648497528,89.9587635249,2164.16405212,181.308867142,-0.15
573,2020,730281728,UCRV,D1 Big West Conference,5091,CBU,340283052,2020-02-23 13:00:00,8,1,1,1,1737959049,A. Granillo,R,FA,L,0.0489851786189,2.74305068099,21.8128410825,5.20206875126,6.04143077512,F,K,0.174471328399,6.36131869388,90.9320638147,2176.58064279,193.395032502,-0.15
574,2020,730281728,UCRV,D1 Big West Conference,5091,CBU,340283052,2020-02-23 13:00:00,8,1,2,1,1737959049,A. Granillo,R,FA,L,-1.09299111689,3.70753537754,21.3062386565,9.87125693582,5.76491379363,B,K,-0.483986284848,6.33070733592,91.9910297627,2300.11552568,204.82620005,0.13
575,2020,730281728,UCRV,D1 Big West Conference,5091,CBU,340283052,2020-02-23 13:00:00,8,2,2,1,1737959049,A. Granillo,R,CH,L,-0.40165525754,3.61853685316,16.3817299589,14.461427234,6.23618707726,B,K,-0.896924879961,6.02583244056,85.5588740156,1762.56579397,221.375415736,0.13
576,2020,730281728,UCRV,D1 Big West Conference,5091,CBU,340283052,2020-02-23 13:00:00,8,3,2,1,1737959049,A. Granillo,R,CU,L,0.048054781253,2.51817947982,5.6933835202,-6.92136587207,5.48768908522,SS,K,-0.59084243868,6.10350512603,76.890736694,2324.99366672,129.661805948,-0.15
577,2020,730281728,UCRV,D1 Big West Conference,5091,CBU,340283052,2020-02-23 13:00:00,8,0,0,2,1737959049,A. Granillo,R,FA,R,-0.179274173141,4.32387944438,19.8139267352,6.40691728005,6.23282601653,B,IP_OUT,-0.0157301907419,6.45819876717,93.6493135898,2248.83032932,197.893728565,0.13
578,2020,730281728,UCRV,D1 Big West Conference,5091,CBU,340283052,2020-02-23 13:00:00,8,1,0,2,1737959049,A. Granillo,R,CU,R,0.477513196985,2.93088892415,3.25170107335,-12.7073718622,5.6339449047,SL,IP_OUT,-0.606809770985,6.05454226273,76.3750612673,2362.40338125,104.548593957,-0.15
579,2020,730281728,UCRV,D1 Big West Conference,5091,CBU,340283052,2020-02-23 13:00:00,8,1,1,2,1737959049,A. Granillo,R,CU,R,-0.59484253191,4.63890916514,5.73338409763,-13.0386800119,5.58602662342,B,IP_OUT,-0.576458756558,6.02262515368,77.2999076727,2329.13681942,113.900366533,0.13
580,2020,730281728,UCRV,D1 Big West Conference,5091,CBU,340283052,2020-02-23 13:00:00,8,2,1,2,1737959049,A. Granillo,R,FA,R,-0.799867867262,3.22888859015,16.9071025153,4.48331535094,6.09360466336,SS,IP_OUT,-0.265652394816,6.22497152141,91.9222570079,2231.08504302,194.825558124,-0.15
581,2020,730281728,UCRV,D1 Big West Conference,5091,CBU,286925861,2020-02-21 13:00:00,1,0,0,0,1078553133,C. Percival,R,FA,L,-0.291253106679,3.47087068143,14.5961587732,8.95786555775,6.73381656673,B,BB,-1.84032821734,6.21359206766,91.915385032,2147.17220722,211.48565408,0.13
582,2020,730281728,UCRV,D1 Big West Conference,5091,CBU,286925861,2020-02-21 13:00:00,1,1,0,0,1078553133,C. Percival,R,FA,L,0.828048852667,2.77957896723,12.1907952805,5.08212473823,6.55059894511,B,BB,-1.88264063804,6.1600282498,91.0185685343,2083.61143626,202.578650251,0.13
583,2020,730281728,UCRV,D1 Big West Conference,5091,CBU,286925861,2020-02-21 13:00:00,1,2,0,0,1078553133,C. Percival,R,CH,L,0.181983538138,1.61202071265,0.803921642671,7.27689599326,6.72457861414,SL,BB,-2.06102157524,5.9910528719,74.7070906097,1372.4494592,263.342698572,-0.15
584,2020,730281728,UCRV,D1 Big West Conference,5091,CBU,286925861,2020-02-21 13:00:00,1,2,1,0,1078553133,C. Percival,R,FA,L,-0.991524224134,3.72988768862,6.41403589785,6.46868709528,6.35946608431,B,BB,-1.84549692133,6.01670587378,91.8886504497,1941.90733924,225.108949699,0.13
585,2020,730281728,UCRV,D1 Big West Conference,5091,CBU,286925861,2020-02-21 13:00:00,1,3,1,0,1078553133,C. Percival,R,CU,L,-1.09019469289,2.34412930233,2.63912508792,4.47843821028,6.70783082344,SL,BB,-2.11123873503,6.04237777626,75.6566498435,1336.30828592,239.068127968,-0.15
586,2020,730281728,UCRV,D1 Big West Conference,5091,CBU,286925861,2020-02-21 13:00:00,1,3,2,0,1078553133,C. Percival,R,CH,L,0.898251662919,2.65785527629,9.31164896189,4.67134024372,7.15738150807,B,BB,-1.81741397818,6.00628944415,74.1218650896,1280.26346121,206.52884278,0.8
587,2020,730281728,UCRV,D1 Big West Conference,5091,CBU,286925861,2020-02-21 13:00:00,1,0,0,0,1078553133,C. Percival,R,FA,L,0.337371004282,2.92675251107,11.6423449966,6.73487111023,6.66045459082,SL,S,-1.8379076195,5.99134167816,89.9604407953,2018.87458048,209.982054134,-0.15
588,2020,730281728,UCRV,D1 Big West Conference,5091,CBU,286925861,2020-02-21 13:00:00,1,0,1,0,1078553133,C. Percival,R,CU,L,-0.756735093562,2.98268345947,-7.41897658649,-10.9796021302,6.05047775268,SL,S,-1.7239869398,6.32732586295,75.6626379402,1943.57461109,56.1177152344,-0.15
589,2020,730281728,UCRV,D1 Big West Conference,5091,CBU,286925861,2020-02-21 13:00:00,1,0,2,0,1078553133,C. Percival,R,FA,L,-0.0312377124568,4.29059773968,13.1010585952,5.60615483237,6.23935622754,B,S,-1.64501669613,6.09913105994,90.2747567391,2019.40836511,203.116984422,0.13
590,2020,730281728,UCRV,D1 Big West Conference,5091,CBU,286925861,2020-02-21 13:00:00,1,1,2,0,1078553133,C. Percival,R,CH,L,-0.677472522408,1.5562979261,7.25729730704,8.0723107354,6.71337360716,IP,S,-1.97815103929,6.04856843473,74.7861296814,1192.74585184,227.864171583,1.0
591,2020,730281728,UCRV,D1 Big West Conference,5091,CBU,286925861,2020-02-21 13:00:00,1,0,0,0,1078553133,C. Percival,R,FA,L,0.315923928652,1.96958266993,15.9938521949,6.90287185897,6.80743161596,F,IP_OUT,-1.69335141548,6.31636571923,93.0437753901,2080.2605675,203.306652709,-0.15
592,2020,730281728,UCRV,D1 Big West Conference,5091,CBU,286925861,2020-02-21 13:00:00,1,0,1,0,1078553133,C. Percival,R,FA,L,-0.680050191689,2.52066875024,17.5047461204,7.48348328266,6.71616110431,SS,IP_OUT,-1.7438141836,6.10979015099,92.9624992139,2224.96684354,203.112185127,-0.15
593,2020,730281728,UCRV,D1 Big West Conference,5091,CBU,286925861,2020-02-21 13:00:00,1,0,2,0,1078553133,C. Percival,R,FA,L,-0.69165255221,3.65072252541,14.7745766775,10.8495418892,6.64366277902,F,IP_OUT,-2.12806255327,6.04069288513,91.6500341323,2168.72736236,216.234744345,0.0
594,2020,730281728,UCRV,D1 Big West Conference,5091,CBU,286925861,2020-02-21 13:00:00,1,0,2,0,1078553133,C. Percival,R,CH,L,-1.80713960493,2.96404474223,7.70735313782,-1.37596764505,5.99028143822,B,IP_OUT,-2.13295470269,6.05670590292,82.4448005442,2033.43617318,169.927049956,0.13
595,2020,730281728,UCRV,D1 Big West Conference,5091,CBU,286925861,2020-02-21 13:00:00,1,1,2,0,1078553133,C. Percival,R,FA,L,-0.307630081016,3.43342565307,20.938915547,5.03567563158,6.74923473976,F,IP_OUT,-1.82655115576,6.17179686324,92.5377333906,2195.5585578,193.503988671,0.0
596,2020,730281728,UCRV,D1 Big West Conference,5091,CBU,286925861,2020-02-21 13:00:00,1,0,0,2,1078553133,C. Percival,R,CU,R,-0.804313815664,4.36574031542,-9.95321783417,-10.4309762034,5.80576726877,B,IP_OUT,-1.48384930258,6.42749240756,75.1219691972,2019.50076842,46.4806831186,0.13
597,2020,730281728,UCRV,D1 Big West Conference,5091,CBU,286925861,2020-02-21 13:00:00,2,0,0,0,1078553133,C. Percival,R,FA,R,1.39913044198,3.26064147061,17.5172448605,2.56096549744,6.63818584322,B,K,-1.18662397528,6.24492466251,92.1336306699,2165.28697546,188.303472608,0.13
598,2020,730281728,UCRV,D1 Big West Conference,5091,CBU,286925861,2020-02-21 13:00:00,2,1,0,0,1078553133,C. Percival,R,FA,R,1.33144358155,2.23112764625,13.297249209,5.80373774578,6.6334434211,B,K,-1.43419024131,5.99571833563,90.5643106349,2174.19954395,203.53013832,0.13
599,2020,730281728,UCRV,D1 Big West Conference,5091,CBU,286925861,2020-02-21 13:00:00,2,2,0,0,1078553133,C. Percival,R,FA,R,0.64418622988,3.20142249888,22.2874642248,3.36137689666,6.73082456426,SL,K,-1.3952555481,6.40273488744,91.638741758,2085.46181168,188.565156334,-0.15
600,2020,730281728,UCRV,D1 Big West Conference,5091,CBU,286925861,2020-02-21 13:00:00,2,2,1,0,1078553133,C. Percival,R,CH,R,-0.225137824355,2.99239352755,13.8424872786,9.22832758165,6.80733475312,SS,K,-1.70356212424,6.23046906293,72.6064744697,1246.26205577,213.598252152,-0.15
601,2020,730281728,UCRV,D1 Big West Conference,5091,CBU,286925861,2020-02-21 13:00:00,2,2,2,0,1078553133,C. Percival,R,FA,R,0.769671956564,2.93381706201,22.0888959909,3.9410707962,6.75742351183,SS,K,-1.51631500107,6.02083560897,90.9548069619,2087.81506127,190.102386267,-0.15
602,2020,730281728,UCRV,D1 Big West Conference,5091,CBU,286925861,2020-02-21 13:00:00,2,0,0,1,1078553133,C. Percival,R,CU,R,-0.0568458816249,5.57134136994,1.73586266375,-15.4347052544,5.95751052715,B,BB,-1.34884358404,6.3951302364,74.9444256173,1975.34537024,96.5890343139,0.13
603,2020,730281728,UCRV,D1 Big West Conference,5091,CBU,286925861,2020-02-21 13:00:00,2,1,0,1,1078553133,C. Percival,R,FA,R,0.553423955922,2.29697488013,17.6696945562,9.12816735923,6.76164379429,F,BB,-1.60660429979,6.15285632274,92.0397213151,2206.79351676,207.281177705,-0.15
604,2020,730281728,UCRV,D1 Big West Conference,5091,CBU,286925861,2020-02-21 13:00:00,2,1,1,1,1078553133,C. Percival,R,SL,R,0.704891296759,1.20493395231,13.7917930624,-3.54427395451,6.28613742343,B,BB,-1.55458402964,6.24679808657,82.9478486612,1974.83768424,165.625738399,0.13
605,2020,730281728,UCRV,D1 Big West Conference,5091,CBU,286925861,2020-02-21 13:00:00,2,2,1,1,1078553133,C. Percival,R,SL,R,1.27851035785,0.525577980736,3.17256117605,-0.792800733902,6.28645659685,B,BB,-1.63044819512,5.82848862867,81.6183380082,2007.29297656,166.134766113,0.13
606,2020,730281728,UCRV,D1 Big West Conference,5091,CBU,286925861,2020-02-21 13:00:00,2,3,1,1,1078553133,C. Percival,R,FA,R,1.07737125912,3.32612778889,16.2370865308,7.44832378467,6.67318798893,B,BB,-1.70490352499,5.99301529065,89.0050827265,2066.07214545,204.59931266,0.8
607,2020,730281728,UCRV,D1 Big West Conference,5091,CBU,286925861,2020-02-21 13:00:00,2,0,0,1,1078553133,C. Percival,R,FA,R,0.946955968799,4.24648625128,15.429299683,9.81542215453,6.75898071903,B,S,-1.41413961134,6.24684056528,90.8566713397,2194.25629815,212.411332323,0.13
608,2020,730281728,UCRV,D1 Big West Conference,5091,CBU,286925861,2020-02-21 13:00:00,2,1,0,1,1078553133,C. Percival,R,CH,R,0.543314098799,2.43430017488,7.24672674623,10.4042173768,6.82429987719,SL,S,-1.68475641769,5.97764059384,74.7352797151,1182.86717282,234.973146837,-0.15
609,2020,730281728,UCRV,D1 Big West Conference,5091,CBU,286925861,2020-02-21 13:00:00,2,1,1,1,1078553133,C. Percival,R,FA,R,0.187824936726,2.5984089291,19.6119747885,8.17055646124,6.5809578849,IP,S,-1.20793932252,6.4825903329,91.4359276305,2120.47800642,202.58550849,1.0
610,2020,730281728,UCRV,D1 Big West Conference,5091,CBU,286925861,2020-02-21 13:00:00,2,0,0,1,1078553133,C. Percival,R,FA,R,0.44028501401,3.12085429788,12.3883042731,7.56199416781,6.71398381635,F,S,-1.34421401693,6.23720635777,90.041771033,2072.14010662,211.336478696,-0.15
611,2020,730281728,UCRV,D1 Big West Conference,5091,CBU,286925861,2020-02-21 13:00:00,2,0,1,1,1078553133,C. Percival,R,FA,R,0.865857777014,2.09719619128,10.6005925266,5.88742366791,6.73890415043,F,S,-1.12837732786,6.04875669407,90.996675419,2113.01893717,208.977456761,-0.15
612,2020,730281728,UCRV,D1 Big West Conference,5091,CBU,286925861,2020-02-21 13:00:00,2,0,2,1,1078553133,C. Percival,R,SL,R,1.09535876336,2.12660759763,7.52135141448,-4.13061693159,6.19586758174,IP,S,-1.55510059807,6.0125290304,82.9388443497,1836.50398321,151.346686546,1.0
613,2020,730281728,UCRV,D1 Big West Conference,5091,CBU,286925861,2020-02-21 13:00:00,2,0,0,1,1078553133,C. Percival,R,CH,L,-1.39812620254,1.46287341556,4.15989683983,8.1432873973,6.78558262189,B,IP_OUT,-1.99761117551,5.82523831033,75.8121516568,1321.60520431,242.694499767,0.13
614,2020,730281728,UCRV,D1 Big West Conference,5091,CBU,286925861,2020-02-21 13:00:00,2,1,0,1,1078553133,C. Percival,R,FA,L,-1.36994091562,2.47364694179,12.2786903034,6.72215477393,6.63170620828,B,IP_OUT,-1.7948061187,5.9048952525,90.7702682436,2140.3260563,208.638530219,0.13
615,2020,730281728,UCRV,D1 Big West Conference,5091,CBU,286925861,2020-02-21 13:00:00,2,2,0,1,1078553133,C. Percival,R,FA,L,0.0166306044422,2.76107246783,13.0541264431,7.57632884952,6.72742318145,SS,IP_OUT,-1.65394206477,6.09218563603,90.6479769594,2149.07338558,210.071104466,-0.15
616,2020,730281728,UCRV,D1 Big West Conference,5091,CBU,286925861,2020-02-21 13:00:00,3,0,0,0,1078553133,C. Percival,R,FA,L,1.23986537246,1.19389146377,14.7623087071,9.45380557646,6.67277899217,B,BB,-1.54712102437,6.10288518788,90.246153122,2168.52543598,212.579744287,0.13
617,2020,730281728,UCRV,D1 Big West Conference,5091,CBU,286925861,2020-02-21 13:00:00,3,1,0,0,1078553133,C. Percival,R,FA,L,0.71297312392,3.39323416077,15.0646065776,8.44125048958,6.52321907566,B,BB,-1.74225966889,6.04986327469,90.0452679323,2024.90930996,209.212320986,0.13
618,2020,730281728,UCRV,D1 Big West Conference,5091,CBU,286925861,2020-02-21 13:00:00,3,2,0,0,1078553133,C. Percival,R,CH,L,1.54725132257,0.874646198745,12.3301114677,13.0796847447,7.00650268383,B,BB,-1.77110355946,5.80167708994,75.1420120034,1323.0232894,226.586805008,0.13
619,2020,730281728,UCRV,D1 Big West Conference,5091,CBU,286925861,2020-02-21 13:00:00,3,3,0,0,1078553133,C. Percival,R,FA,L,1.73207930812,2.45026800637,17.600005237,2.69986528807,6.71995528332,B,BB,-1.37522493081,6.00704630286,90.8608593762,2036.77571745,188.70621587,0.8
620,2020,730281728,UCRV,D1 Big West Conference,5091,CBU,286925861,2020-02-21 13:00:00,3,0,0,0,1078553133,C. Percival,R,FA,L,-1.03545923984,2.87962071784,14.6048393963,8.90340589118,6.55487232326,F,S,-1.95184292081,5.92638667442,88.5479781654,2064.8261225,211.3102017,-0.15
621,2020,730281728,UCRV,D1 Big West Conference,5091,CBU,286925861,2020-02-21 13:00:00,3,0,1,0,1078553133,C. Percival,R,FA,L,-0.82192687386,2.81097776229,11.1791706452,9.95001727496,6.55067465564,IP,S,-1.80734932594,5.77556879647,89.6356912037,2065.24146567,221.589412281,1.0
622,2020,730281728,UCRV,D1 Big West Conference,5091,CBU,286925861,2020-02-21 13:00:00,3,0,0,0,1078553133,C. Percival,R,SL,R,1.62041057256,1.85053760885,5.12084413635,-0.667350567897,6.2602681071,B,IP_OUT,-1.82758090565,5.82509666818,82.4124647435,1930.16950946,172.62988082,0.13
623,2020,730281728,UCRV,D1 Big West Conference,5091,CBU,286925861,2020-02-21 13:00:00,3,1,0,0,1078553133,C. Percival,R,CH,R,-0.0866495179246,1.19060977789,7.91823408927,11.0378876656,6.94426919103,B,IP_OUT,-1.63818509758,5.99210019818,74.7487514849,1273.08870088,234.190928769,0.13
624,2020,730281728,UCRV,D1 Big West Conference,5091,CBU,286925861,2020-02-21 13:00:00,3,2,0,0,1078553133,C. Percival,R,FA,R,1.79438667052,2.95662341873,13.5551111467,10.4925080319,6.66413003085,B,IP_OUT,-1.4787734604,6.01283195507,90.4802700388,2172.38543719,217.678377462,0.13
625,2020,730281728,UCRV,D1 Big West Conference,5091,CBU,286925861,2020-02-21 13:00:00,3,3,0,0,1078553133,C. Percival,R,FA,R,1.26354736413,2.54153196496,15.5224969241,3.54267412622,6.63006863596,SL,IP_OUT,-1.60510916037,5.97936400266,90.1027966038,2154.47187234,192.831236417,-0.15
626,2020,730281728,UCRV,D1 Big West Conference,5091,CBU,286925861,2020-02-21 13:00:00,3,0,0,1,1078553133,C. Percival,R,FA,R,1.41339676301,3.23153189984,12.9673989099,1.03901550621,6.77114741273,B,K,-1.73262908841,5.93204738481,90.4664133723,2144.49309823,184.570154417,0.13
627,2020,730281728,UCRV,D1 Big West Conference,5091,CBU,286925861,2020-02-21 13:00:00,3,1,0,1,1078553133,C. Percival,R,CU,R,0.495049296031,2.4343561369,-4.88104955218,-11.09953059,5.95967762569,SL,K,-1.33117552654,6.3351973716,74.3546976344,1955.50862996,66.4702403223,-0.15
628,2020,730281728,UCRV,D1 Big West Conference,5091,CBU,286925861,2020-02-21 13:00:00,3,1,1,1,1078553133,C. Percival,R,FA,R,0.556337888816,2.85108902036,11.3694247783,11.8279815779,6.67412129731,SL,K,-1.62295365208,5.98103129933,89.6724852282,2166.71397321,226.05288936,-0.15
629,2020,730281728,UCRV,D1 Big West Conference,5091,CBU,286925861,2020-02-21 13:00:00,3,1,2,1,1078553133,C. Percival,R,FA,R,0.783079197905,3.50030965305,9.92658247879,12.5252983827,6.73204122897,B,K,-1.64850947802,6.02075108268,90.4317416661,2238.40391817,231.515172693,0.13
630,2020,730281728,UCRV,D1 Big West Conference,5091,CBU,286925861,2020-02-21 13:00:00,3,2,2,1,1078553133,C. Percival,R,FA,R,-0.0550383301751,2.95423200258,13.0720666203,9.84791795656,6.69082092233,F,K,-1.6055972006,6.06954284758,90.752334316,2152.39761334,216.927700127,0.0
631,2020,730281728,UCRV,D1 Big West Conference,5091,CBU,286925861,2020-02-21 13:00:00,3,2,2,1,1078553133,C. Percival,R,FA,R,0.353538664198,2.43192564095,8.99050830198,7.69064425065,6.70932187849,F,K,-1.54931537033,5.87527546375,90.5677847236,2061.09137521,220.446878062,0.0
632,2020,730281728,UCRV,D1 Big West Conference,5091,CBU,286925861,2020-02-21 13:00:00,3,2,2,1,1078553133,C. Percival,R,FA,R,0.982771988697,2.97874698644,8.35702448609,5.77739770329,6.69229482103,SL,K,-1.54971635065,5.9590876509,90.4953942887,2103.8885822,214.557491166,-0.15
633,2020,730281728,UCRV,D1 Big West Conference,5091,CBU,286925861,2020-02-21 13:00:00,3,0,0,2,1078553133,C. Percival,R,FA,R,0.332825260936,3.47334978867,10.408115351,6.67412244844,6.53800902704,SL,BB,-1.58920550899,6.05295655366,90.5693048474,2183.36340439,212.59224061,-0.15
634,2020,730281728,UCRV,D1 Big West Conference,5091,CBU,286925861,2020-02-21 13:00:00,3,0,1,2,1078553133,C. Percival,R,CU,R,0.136218917455,3.28177718808,-6.91738178508,-6.9285295688,5.86158002641,SL,BB,-1.48151079375,6.24139618586,75.3517516976,1975.02910105,45.240949093,-0.15
635,2020,730281728,UCRV,D1 Big West Conference,5091,CBU,286925861,2020-02-21 13:00:00,3,0,2,2,1078553133,C. Percival,R,FA,R,1.14933652093,2.61336740884,11.9574213296,9.62500365961,6.75974258263,F,BB,-1.25984466317,5.92347935223,92.6746928897,2136.25835375,218.762747548,0.0
636,2020,730281728,UCRV,D1 Big West Conference,5091,CBU,286925861,2020-02-21 13:00:00,3,0,2,2,1078553133,C. Percival,R,SL,R,-0.814961296411,2.49400952821,8.10177722612,-3.79536940261,5.92908478557,F,BB,-1.77233220243,6.00481939026,80.7482280071,1830.90504811,155.008414497,0.0
637,2020,730281728,UCRV,D1 Big West Conference,5091,CBU,286925861,2020-02-21 13:00:00,3,0,2,2,1078553133,C. Percival,R,FA,R,0.330114217869,4.86225545698,12.7949250107,9.1829370228,6.38263211468,B,BB,-1.70895772639,6.06506247118,90.8908873912,2046.77365463,215.601177105,0.13
638,2020,730281728,UCRV,D1 Big West Conference,5091,CBU,286925861,2020-02-21 13:00:00,3,1,2,2,1078553133,C. Percival,R,CU,R,-1.61714830133,5.44970706866,-4.16727766777,-10.4687463274,5.92940976147,B,BB,-1.45636067512,6.25238237196,72.9231838338,1825.38416025,68.5292473856,0.13
639,2020,730281728,UCRV,D1 Big West Conference,5091,CBU,286925861,2020-02-21 13:00:00,3,2,2,2,1078553133,C. Percival,R,FA,R,1.20216663775,3.05813938359,12.9282335225,9.09740406996,6.69588645875,B,BB,-1.46822274733,5.97945201489,89.5104252389,2042.41423287,215.067111252,0.13
640,2020,730281728,UCRV,D1 Big West Conference,5091,CBU,286925861,2020-02-21 13:00:00,3,3,2,2,1078553133,C. Percival,R,CH,R,1.35960830551,4.02508856905,12.184372542,3.94407135019,6.91976301037,B,BB,-1.55682076351,6.09520104592,73.0380978087,1070.23726407,197.87170738,0.8
641,2020,730281728,UCRV,D1 Big West Conference,5091,CBU,286925861,2020-02-21 13:00:00,3,0,0,2,1078553133,C. Percival,R,FA,R,-0.0803283144664,3.77421267794,18.3026226236,5.27093797075,6.62567833791,B,BB,-1.62606669847,6.06818416371,88.8007897144,2051.11948729,196.038751571,0.13
642,2020,730281728,UCRV,D1 Big West Conference,5091,CBU,286925861,2020-02-21 13:00:00,3,1,0,2,1078553133,C. Percival,R,FA,R,1.16756500002,4.31306589865,13.9333378465,6.96024234294,6.61629493151,B,BB,-1.61199027771,6.03157348019,87.0615015379,2017.6763943,206.488223875,0.13
643,2020,730281728,UCRV,D1 Big West Conference,5091,CBU,286925861,2020-02-21 13:00:00,3,2,0,2,1078553133,C. Percival,R,FA,R,0.380550141388,4.05491669608,14.286483893,2.70414704388,6.53393323404,B,BB,-1.7185818083,5.99403392247,87.6050726609,2007.17750452,190.693623723,0.13
644,2020,730281728,UCRV,D1 Big West Conference,5091,CBU,286925861,2020-02-21 13:00:00,3,3,0,2,1078553133,C. Percival,R,FA,R,0.946878669635,2.56145587584,17.0717687904,5.84983978234,6.74953811917,SL,BB,-1.66141757632,6.01953004698,87.5328847467,2071.9798438,198.880343966,-0.15
645,2020,730281728,UCRV,D1 Big West Conference,5091,CBU,286925861,2020-02-21 13:00:00,3,3,1,2,1078553133,C. Percival,R,FA,R,1.41426081134,2.14519937909,10.1697714874,6.29937581092,6.58468014063,B,BB,-1.47160043654,5.80454698703,87.499246228,2046.62277508,211.691012295,0.8
646,2020,730281728,UCRV,D1 Big West Conference,5091,CBU,286925861,2020-02-21 13:00:00,3,0,0,2,1078553133,C. Percival,R,FA,R,0.371435271988,3.26185837648,13.5411299382,7.26400972746,6.51840715423,B,K,-1.62370237594,6.10224911347,87.9443889364,2040.5357302,208.15260744,0.13
647,2020,730281728,UCRV,D1 Big West Conference,5091,CBU,286925861,2020-02-21 13:00:00,3,1,0,2,1078553133,C. Percival,R,FA,R,1.40043552022,2.4415972698,18.6468487328,3.2381059939,6.69128151569,SL,K,-1.56088601413,6.21815150563,88.3294828719,2112.46662793,189.834408305,-0.15
648,2020,730281728,UCRV,D1 Big West Conference,5091,CBU,286925861,2020-02-21 13:00:00,3,1,1,2,1078553133,C. Percival,R,FA,R,1.70190719687,2.22513887457,10.4376825377,9.91691392447,6.69191496644,B,K,-1.44483362271,5.83771554066,87.9555564657,2020.28594226,223.443722827,0.13
649,2020,730281728,UCRV,D1 Big West Conference,5091,CBU,286925861,2020-02-21 13:00:00,3,2,1,2,1078553133,C. Percival,R,FA,R,0.398750616742,3.18860839221,14.4435342824,5.35850575903,6.53356128018,SS,K,-1.57188060142,6.01247886016,87.5418330083,2052.15205395,200.311434172,-0.15
650,2020,730281728,UCRV,D1 Big West Conference,5091,CBU,286925861,2020-02-21 13:00:00,3,2,2,2,1078553133,C. Percival,R,FA,R,0.807949446542,2.96203288355,12.354528567,6.93850137429,6.59683928401,SS,K,-1.73963302968,5.89084015467,88.1779499693,1990.51192554,209.254004889,-0.15
651,2020,730281728,UCRV,D1 Big West Conference,5091,CBU,286925861,2020-02-21 13:00:00,4,0,0,0,1078553133,C. Percival,R,FA,L,-0.797767296084,2.98689289085,14.6234756862,12.0806607194,6.49972877432,SL,IP_OUT,-1.84560254923,6.03979156177,88.7937728405,2040.37053072,219.497681124,-0.15
652,2020,730281728,UCRV,D1 Big West Conference,5091,CBU,286925861,2020-02-21 13:00:00,4,0,1,0,1078553133,C. Percival,R,CH,L,1.48230873905,2.05997587031,8.84764288368,9.25821808761,6.73958623693,B,IP_OUT,-1.77176077247,5.97013186529,72.5517400835,1086.28913335,226.141961986,0.13
653,2020,730281728,UCRV,D1 Big West Conference,5091,CBU,286925861,2020-02-21 13:00:00,4,1,1,0,1078553133,C. Percival,R,SL,L,-0.0216335796292,2.12333943976,7.92799836488,-0.798678291242,6.19194171373,F,IP_OUT,-1.95593784723,5.83487102534,81.6642683431,1844.54089147,174.275455753,-0.15
654,2020,730281728,UCRV,D1 Big West Conference,5091,CBU,286925861,2020-02-21 13:00:00,4,0,0,1,1078553133,C. Percival,R,FA,L,0.132831111196,3.94230880305,15.6812594615,6.68587887336,6.23017281164,B,IP_OUT,-1.9009632432,5.86161934797,88.5104236343,2124.65202082,203.048004899,0.13
655,2020,730281728,UCRV,D1 Big West Conference,5091,CBU,286925861,2020-02-21 13:00:00,4,1,0,1,1078553133,C. Percival,R,FA,L,0.446525399669,2.72877333033,10.4752461655,4.97943465866,6.43855903973,SL,IP_OUT,-1.94944937709,5.98991080798,86.4108695661,2103.51762558,205.351014674,-0.15
656,2020,730281728,UCRV,D1 Big West Conference,5091,CBU,286925861,2020-02-21 13:00:00,4,0,0,2,1078553133,C. Percival,R,SL,L,-0.657580953773,3.01260853998,5.88303315571,-5.19623130219,6.06810012896,SL,IP_OUT,-1.87852123659,5.86461369497,80.2028721339,1953.99691282,138.742391669,-0.15
657,2020,730281728,UCRV,D1 Big West Conference,5091,CBU,286925861,2020-02-21 13:00:00,4,0,1,2,1078553133,C. Percival,R,SL,L,-0.355824819501,2.03253197937,4.45266752094,-6.2806919417,6.1358580898,F,IP_OUT,-1.86080375583,5.70675998431,79.885007996,1897.36174705,125.583783567,-0.15
658,2020,730281728,UCRV,D1 Big West Conference,5091,CBU,286925861,2020-02-21 13:00:00,4,0,2,2,1078553133,C. Percival,R,CU,L,-0.457006640072,1.11245922157,16.3683386485,-1.56201982851,5.82613689471,B,IP_OUT,-2.2616896144,6.05947555014,75.2174540353,1756.49134349,174.564106415,0.13
659,2020,730281728,UCRV,D1 Big West Conference,5091,CBU,286925861,2020-02-21 13:00:00,5,0,0,0,1078553133,C. Percival,R,FA,L,-0.178252820605,2.36836501823,20.8639688357,10.7530163437,6.3802352298,F,K,-1.76110405203,6.28888208574,89.1326983693,2102.03239614,207.229457831,-0.15
660,2020,730281728,UCRV,D1 Big West Conference,5091,CBU,286925861,2020-02-21 13:00:00,5,0,1,0,1078553133,C. Percival,R,FA,L,0.18733283084,3.44059369991,9.24003383081,6.73501212477,6.42978461694,F,K,-1.72184870546,5.87306835406,88.5566520362,2064.70033298,215.991014365,-0.15
661,2020,730281728,UCRV,D1 Big West Conference,5091,CBU,286925861,2020-02-21 13:00:00,5,0,2,0,1078553133,C. Percival,R,CU,L,-0.60352542852,1.69881809166,18.7117282786,5.06228960573,6.64374929344,B,K,-1.92419206264,5.95713579988,70.3765782537,1029.69660731,195.09877106,0.13
662,2020,730281728,UCRV,D1 Big West Conference,5091,CBU,286925861,2020-02-21 13:00:00,5,1,2,0,1078553133,C. Percival,R,FA,L,-1.8408012165,5.48061742902,10.3956364775,3.06569024096,6.11192403837,B,K,-1.99788134946,5.99421954504,87.5765165752,2025.022425,196.380070378,0.13
663,2020,730281728,UCRV,D1 Big West Conference,5091,CBU,286925861,2020-02-21 13:00:00,5,2,2,0,1078553133,C. Percival,R,FA,L,-0.218485036851,3.89330331276,18.1425198094,8.91049695461,6.30934687708,F,K,-1.81237280479,5.94059321053,88.9057103273,2051.74532292,206.116595719,0.0
664,2020,730281728,UCRV,D1 Big West Conference,5091,CBU,286925861,2020-02-21 13:00:00,5,2,2,0,1078553133,C. Percival,R,CU,L,-1.21474227072,1.5972814666,4.86775951475,-3.42804053714,6.05846239284,SS,K,-2.01611224295,5.72023261097,77.9340652141,1914.36250596,145.081679362,-0.15
665,2020,730281728,UCRV,D1 Big West Conference,5091,CBU,286925861,2020-02-21 13:00:00,5,0,0,1,1078553133,C. Percival,R,FA,R,0.710243451983,2.47542210526,11.6003194206,5.57685696134,6.60869687443,IP,D,-1.51677821571,5.86069088468,89.8499332265,2127.10151515,205.614664387,1.26
666,2020,730281728,UCRV,D1 Big West Conference,5091,CBU,286925861,2020-02-21 13:00:00,5,0,0,1,1078553133,C. Percival,R,SL,R,0.334713654215,2.16497165134,8.05966922626,-5.65196807019,6.01096910271,F,K,-1.67934484466,6.109499428,80.9209101349,1954.40502692,145.09214965,-0.15
667,2020,730281728,UCRV,D1 Big West Conference,5091,CBU,286925861,2020-02-21 13:00:00,5,0,1,1,1078553133,C. Percival,R,CH,R,1.90415449578,3.00893184556,8.40520037902,7.30772203603,6.91964155821,B,K,-1.67039734385,6.01320873715,73.3519714897,1270.18715737,220.845374338,0.13
668,2020,730281728,UCRV,D1 Big West Conference,5091,CBU,286925861,2020-02-21 13:00:00,5,1,1,1,1078553133,C. Percival,R,FA,R,-0.788570237137,3.88599598093,12.9991988179,3.2690487127,6.36084720551,B,K,-1.48435037509,6.10629353615,89.4931044881,1969.72262338,194.082945437,0.13
669,2020,730281728,UCRV,D1 Big West Conference,5091,CBU,286925861,2020-02-21 13:00:00,5,2,1,1,1078553133,C. Percival,R,SL,R,0.442957560645,2.26755669381,10.6897845616,-3.69281751376,6.09622278703,SS,K,-1.76934448958,6.01236654253,78.1778087027,1805.43788916,161.013745255,-0.15
670,2020,730281728,UCRV,D1 Big West Conference,5091,CBU,286925861,2020-02-21 13:00:00,5,2,2,1,1078553133,C. Percival,R,SL,R,-0.914977777485,2.68113676098,10.4799087854,-2.66497378555,5.99935817104,F,K,-1.79780058073,5.97623165748,80.0798288181,1885.97629089,165.785810855,0.0
671,2020,730281728,UCRV,D1 Big West Conference,5091,CBU,286925861,2020-02-21 13:00:00,5,2,2,1,1078553133,C. Percival,R,FA,R,0.485483574272,3.16906660403,12.951373221,9.52905416909,6.5250067552,SS,K,-1.45745717405,5.93706451355,88.5635127778,2111.54335957,216.275112084,-0.15
672,2020,730281728,UCRV,D1 Big West Conference,5091,CBU,286925861,2020-02-21 13:00:00,5,0,0,2,1078553133,C. Percival,R,SL,R,-0.63192003059,3.63439228455,5.4025784306,-1.49109745818,6.06800490074,F,IP_OUT,-1.8256589886,5.95727377117,78.3935399562,1931.46668484,164.684131545,-0.15
673,2020,730281728,UCRV,D1 Big West Conference,5091,CBU,286925861,2020-02-21 13:00:00,5,0,1,2,1078553133,C. Percival,R,FA,R,0.782465613945,3.29116899681,14.1849514809,4.01165956166,6.39122934443,SS,IP_OUT,-1.58855147346,6.05165536529,88.3906054402,2082.52633318,195.756695593,-0.15
674,2020,730281728,UCRV,D1 Big West Conference,5091,CBU,286925861,2020-02-21 13:00:00,5,0,2,2,1078553133,C. Percival,R,FA,R,0.742476310141,2.69304820991,11.7592558818,5.87188792031,6.4966055304,F,IP_OUT,-1.54379789669,5.94866674675,90.2759637221,2052.00325028,206.473710675,0.0
675,2020,730281728,UCRV,D1 Big West Conference,5091,CBU,286925861,2020-02-21 13:00:00,5,0,2,2,1078553133,C. Percival,R,FA,R,0.619484675139,2.69831651754,11.963569621,9.67208289504,6.59341223199,F,IP_OUT,-1.25624263666,6.07753312432,92.0380992335,2110.5063174,218.883368203,0.0
676,2020,730281728,UCRV,D1 Big West Conference,5091,CBU,286925861,2020-02-21 13:00:00,5,0,2,2,1078553133,C. Percival,R,SL,R,0.595923538692,2.33365570804,6.84218458203,0.415609530869,6.11126861895,F,IP_OUT,-1.84714923326,5.86580893945,81.3412206287,1920.61369279,183.456298123,0.0
677,2020,730281728,UCRV,D1 Big West Conference,5091,CBU,286925861,2020-02-21 13:00:00,6,0,0,0,1237246308,R. Ohl,R,FA,R,-1.86932574084,1.39960900058,16.674886594,11.2210306565,6.096499197,B,IP_OUT,-1.56578892808,5.94930429285,90.4255895357,2238.33796615,213.886434248,0.13
678,2020,730281728,UCRV,D1 Big West Conference,5091,CBU,286925861,2020-02-21 13:00:00,6,1,0,0,1237246308,R. Ohl,R,FA,R,0.699966191406,1.90010653289,25.6760994378,8.77527681028,6.37053503849,SL,IP_OUT,-1.48115608247,6.21635050078,89.800948593,2381.9887953,198.846576363,-0.15
679,2020,730281728,UCRV,D1 Big West Conference,5091,CBU,286925861,2020-02-21 13:00:00,6,1,1,0,1237246308,R. Ohl,R,FA,R,-0.488948614641,3.04010056243,15.5888586748,7.69115344161,6.31668793586,F,IP_OUT,-1.43625966786,5.87555527064,89.6098293324,2360.774967,206.213205124,-0.15
680,2020,730281728,UCRV,D1 Big West Conference,5091,CBU,286925861,2020-02-21 13:00:00,6,1,2,0,1237246308,R. Ohl,R,FA,R,0.972044870814,3.65359162198,19.7792799367,6.37956007627,6.40262595535,B,IP_OUT,-1.02213946028,6.21577750843,89.7376637777,2185.89874276,197.849374408,0.13
681,2020,730281728,UCRV,D1 Big West Conference,5091,CBU,286925861,2020-02-21 13:00:00,6,0,0,1,1237246308,R. Ohl,R,CU,R,0.461680097638,2.18382401619,0.474620266339,-11.5987942523,5.91313663648,SL,IP_OUT,-1.24563312752,6.27599991664,74.431417376,2281.29877438,92.5766099914,-0.15
682,2020,730281728,UCRV,D1 Big West Conference,5091,CBU,286925861,2020-02-21 13:00:00,6,0,0,2,1237246308,R. Ohl,R,FA,L,-0.962930802385,3.41114526464,15.2584758205,10.1242804886,6.32717749624,B,IP_OUT,-1.7353630187,6.00962888648,90.268698436,2226.82582109,213.509933093,0.13
683,2020,730281728,UCRV,D1 Big West Conference,5091,CBU,286925861,2020-02-21 13:00:00,6,1,0,2,1237246308,R. Ohl,R,FA,L,0.134893041142,1.98868588914,15.0719200123,11.3326042462,6.62484373639,SL,IP_OUT,-1.76008769977,5.84946985589,89.3957940602,2256.75751477,216.881139315,-0.15
684,2020,730281728,UCRV,D1 Big West Conference,5091,CBU,286925861,2020-02-21 13:00:00,6,1,1,2,1237246308,R. Ohl,R,FA,L,-1.30368984404,1.78936639889,18.8577660088,9.38520104541,6.16318639746,B,IP_OUT,-1.82003059706,5.93960194532,89.305062799,2301.05856151,206.419262195,0.13
685,2020,730281728,UCRV,D1 Big West Conference,5091,CBU,286925861,2020-02-21 13:00:00,6,2,1,2,1237246308,R. Ohl,R,FA,L,-0.599269822645,3.04990198764,18.7047898966,11.2137599872,6.67000209141,F,IP_OUT,-1.95908977173,5.90832828718,88.315622811,2130.40975167,210.89896828,-0.15
686,2020,730281728,UCRV,D1 Big West Conference,5091,CBU,286925861,2020-02-21 13:00:00,7,0,1,0,1237246308,R. Ohl,R,FA,L,-0.663396517371,2.24988812688,15.1789833881,11.2136241082,6.36112065014,SL,IP_OUT,-1.79848309697,5.87135687116,90.6606599211,2342.46782244,216.398285935,-0.15
687,2020,730281728,UCRV,D1 Big West Conference,5091,CBU,286925861,2020-02-21 13:00:00,7,0,0,1,1237246308,R. Ohl,R,CU,L,-1.8745131195,2.38321356135,-7.54223062686,-5.16267824921,5.78614709324,B,HBP,-1.49115816472,6.17844928297,75.5837711927,2208.60173589,34.5582684023,0.13
688,2020,730281728,UCRV,D1 Big West Conference,5091,CBU,286925861,2020-02-21 13:00:00,7,1,0,1,1237246308,R. Ohl,R,CU,L,-1.0800252438,0.804960290282,-7.77918339913,-7.2304805295,5.94726367702,B,HBP,-1.34944312391,6.4087051388,75.8165694149,2294.64739812,43.077170747,0.13
689,2020,730281728,UCRV,D1 Big West Conference,5091,CBU,286925861,2020-02-21 13:00:00,7,2,0,1,1237246308,R. Ohl,R,FA,L,0.229553422415,3.04406516264,14.3071847139,9.91647214973,6.70880046896,F,HBP,-1.88647513461,5.93760633612,87.9654801341,2340.29301628,214.664125596,-0.15
690,2020,730281728,UCRV,D1 Big West Conference,5091,CBU,286925861,2020-02-21 13:00:00,7,2,1,1,1237246308,R. Ohl,R,FA,L,2.53705640638,3.68195129676,27.1976686151,5.77564573759,6.92027234011,HBP,HBP,-1.68352147582,6.02290343965,88.0577651001,2370.73316528,191.975110031,0.8
691,2020,730281728,UCRV,D1 Big West Conference,5091,CBU,286925861,2020-02-21 13:00:00,7,0,0,2,1237246308,R. Ohl,R,FA,R,1.61840742936,3.11548896353,21.6608345611,0.259542608222,6.83469466184,B,IP_OUT,-1.33266217496,6.27215475677,86.7751665592,2231.39349669,180.685417412,0.13
692,2020,730281728,UCRV,D1 Big West Conference,5091,CBU,286925861,2020-02-21 13:00:00,7,1,0,2,1237246308,R. Ohl,R,FA,R,0.328779449731,3.74957611544,20.8949466088,0.378452117465,6.65674429462,B,IP_OUT,-1.42654170767,6.17977989681,88.7282503488,2216.43979633,181.036016979,0.13
693,2020,730281728,UCRV,D1 Big West Conference,5091,CBU,286925861,2020-02-21 13:00:00,7,2,0,2,1237246308,R. Ohl,R,FA,R,-0.268696581008,3.01772644526,25.3267104487,3.36298023741,6.49276441528,SL,IP_OUT,-1.57871913074,6.1118509368,88.1927288073,2186.46211018,187.55386349,-0.15
694,2020,730281728,UCRV,D1 Big West Conference,5091,CBU,286925861,2020-02-21 13:00:00,7,2,1,2,1237246308,R. Ohl,R,FA,R,0.688418176609,3.14831515715,22.1702334143,2.62897135555,6.84984291362,F,IP_OUT,-1.42218262299,5.94044126594,88.9228653704,2280.38644644,186.752838559,-0.15
695,2020,730281728,UCRV,D1 Big West Conference,5091,CBU,286925861,2020-02-21 13:00:00,7,2,2,2,1237246308,R. Ohl,R,CU,R,-0.621281097393,1.13797858725,-5.61396796306,-7.88994763378,6.06674079625,B,IP_OUT,-1.43984659867,6.1026817488,78.0511544511,2342.60718941,54.7744504735,0.13
696,2020,730281728,UCRV,D1 Big West Conference,5091,CBU,286925861,2020-02-21 13:00:00,8,0,0,0,1183224981,K. West,R,FA,R,0.684117570906,1.42871152589,18.3353407679,15.2958035712,5.73168968064,B,IP_OUT,-1.11256436732,6.16866391129,92.0071047098,2278.93722653,219.786705979,0.13
697,2020,730281728,UCRV,D1 Big West Conference,5091,CBU,286925861,2020-02-21 13:00:00,8,1,0,0,1183224981,K. West,R,FA,R,0.198821949828,1.57197731999,18.4852401749,17.9860220503,5.87379451249,SS,IP_OUT,-1.40833034995,6.15848126292,91.642056182,2258.2782901,224.166150587,-0.15
698,2020,730281728,UCRV,D1 Big West Conference,5091,CBU,286925861,2020-02-21 13:00:00,8,1,1,0,1183224981,K. West,R,FA,R,-1.12330403386,2.41348109885,23.0778374675,12.4032470824,5.96974457194,B,IP_OUT,-1.22209234656,6.34449178559,91.5089112431,2230.65459431,208.22302969,0.13
699,2020,730281728,UCRV,D1 Big West Conference,5091,CBU,286925861,2020-02-21 13:00:00,8,1,0,1,1183224981,K. West,R,FA,R,0.449506672801,1.9885087495,16.1880480656,18.3778527772,5.84779215827,SL,IP_OUT,-1.4244171384,5.85700361082,92.2834151935,2211.87002456,228.569815445,-0.15
700,2020,730281728,UCRV,D1 Big West Conference,5091,CBU,286925861,2020-02-21 13:00:00,8,1,1,1,1183224981,K. West,R,FA,R,-0.726901865236,3.67742560132,11.2105753366,16.9352615664,5.96605240443,B,IP_OUT,-1.34199554696,5.99164646927,91.6236844764,2249.9962621,236.422616497,0.13
701,2020,730281728,UCRV,D1 Big West Conference,5091,CBU,286925861,2020-02-21 13:00:00,8,2,1,1,1183224981,K. West,R,FA,R,0.786659958245,2.89216406923,15.2187996818,17.3013582105,5.95102800543,SL,IP_OUT,-1.20831627417,5.99199298645,91.3728406584,2209.45623221,228.604792778,-0.15
702,2020,730281728,UCRV,D1 Big West Conference,5091,CBU,286925861,2020-02-21 13:00:00,8,2,2,1,1183224981,K. West,R,FA,R,1.21045153335,2.79161683324,22.4147479241,10.6614289799,5.86984040177,B,IP_OUT,-1.10947639794,6.23267421111,94.3567390979,2225.29052165,205.408073933,0.13
703,2020,730281728,UCRV,D1 Big West Conference,5091,CBU,286925861,2020-02-21 13:00:00,8,0,0,2,1183224981,K. West,R,FA,R,-0.0829824673026,1.89081622612,22.5223238557,11.7403174883,5.87756754107,SL,K,-1.37093020675,5.98057440045,93.2922642331,2206.93474253,207.500068466,-0.15
704,2020,730281728,UCRV,D1 Big West Conference,5091,CBU,286925861,2020-02-21 13:00:00,9,0,0,0,1183224981,K. West,R,FA,R,0.117238695209,2.70333332542,15.2763667267,10.5715821473,5.97595952373,SL,BB,-1.29910204403,5.84957074186,90.7757583789,2122.91029562,214.628225534,-0.15
705,2020,730281728,UCRV,D1 Big West Conference,5091,CBU,286925861,2020-02-21 13:00:00,9,0,1,0,1183224981,K. West,R,SL,R,1.05847176189,3.49915949377,-1.80581823294,-7.97713634408,5.32755804729,B,BB,-1.39224269014,5.89540505925,80.5785036498,2442.69813899,77.5246310696,0.13
706,2020,730281728,UCRV,D1 Big West Conference,5091,CBU,286925861,2020-02-21 13:00:00,9,1,1,0,1183224981,K. West,R,FA,R,0.841936351211,3.41743540389,16.0239398334,12.4295506075,5.88395529553,B,BB,-1.21097290638,5.92300427048,91.3953363039,2156.84018283,217.745541242,0.13
707,2020,730281728,UCRV,D1 Big West Conference,5091,CBU,286925861,2020-02-21 13:00:00,9,2,1,0,1183224981,K. West,R,FA,R,1.0845137993,1.95559658775,17.1804789094,11.6107446732,5.78883234647,SL,BB,-1.35409184092,5.87035695861,90.8445425531,2064.92894163,214.001602244,-0.15
708,2020,730281728,UCRV,D1 Big West Conference,5091,CBU,286925861,2020-02-21 13:00:00,9,2,2,0,1183224981,K. West,R,FA,R,1.44511946217,2.9756548726,17.0718347001,7.72150760526,5.85300087079,B,BB,-1.252149644,5.92624859267,93.3173510358,2096.61771489,204.298668219,0.13
709,2020,730281728,UCRV,D1 Big West Conference,5091,CBU,286925861,2020-02-21 13:00:00,9,3,2,0,1183224981,K. West,R,FA,R,-1.28441250458,2.98996300175,20.0947787041,8.28912013319,5.87322985619,B,BB,-1.40638466045,5.92973527455,91.4483517282,2061.93945351,202.38447534,0.8
710,2020,730281728,UCRV,D1 Big West Conference,5091,CBU,286925861,2020-02-21 13:00:00,9,0,0,0,1183224981,K. West,R,FA,L,-2.32322137309,4.85962032768,20.9014073183,6.80120437596,5.72993951055,B,IP_OUT,-1.5186327127,6.06167892124,90.9133013936,1912.63312766,197.998625606,0.13
711,2020,730281728,UCRV,D1 Big West Conference,5091,CBU,286925861,2020-02-21 13:00:00,9,1,0,0,1183224981,K. West,R,FA,L,-0.901320924238,1.62095148407,17.4661142917,8.00262874931,6.09924313107,SL,IP_OUT,-1.50514317298,5.89878992458,90.854877702,2063.19651738,204.576870218,-0.15
712,2020,730281728,UCRV,D1 Big West Conference,5091,CBU,286925861,2020-02-21 13:00:00,9,1,1,0,1183224981,K. West,R,FA,L,-0.228474237039,1.88348556188,17.1508951694,10.9871312241,5.73673378564,F,IP_OUT,-1.43423508327,5.80396773043,89.860285378,1932.68034986,212.594360028,-0.15
713,2020,730281728,UCRV,D1 Big West Conference,5091,CBU,286925861,2020-02-21 13:00:00,9,1,2,0,1183224981,K. West,R,FA,L,-2.41239106914,2.82069298507,17.2370273724,10.4139270858,6.11229116862,B,IP_OUT,-1.56643812769,5.87441846733,91.9159245879,2089.1995276,211.09353533,0.13
714,2020,730281728,UCRV,D1 Big West Conference,5091,CBU,286925861,2020-02-21 13:00:00,9,2,2,0,1183224981,K. West,R,FA,L,-0.298832126177,2.02155161878,11.8193141088,9.0970125122,5.77756247614,F,IP_OUT,-1.59118686177,5.65936384626,89.9869802457,1889.02339202,217.508894589,0.0
715,2020,730281728,UCRV,D1 Big West Conference,5091,CBU,286925861,2020-02-21 13:00:00,9,2,2,0,1183224981,K. West,R,CU,L,-1.78202726772,3.65024210217,1.17503745235,-7.9158854653,5.39779045393,B,IP_OUT,-1.61539536263,5.8746509946,78.0667527496,2301.77818775,98.7525066806,0.13
716,2020,730281728,UCRV,D1 Big West Conference,5091,CBU,286925861,2020-02-21 13:00:00,9,3,2,0,1183224981,K. West,R,FA,L,-0.203752661018,2.82255191565,18.4296879306,10.9674502034,5.7687050333,F,IP_OUT,-1.44126821633,6.03760331046,91.9178055793,2172.21751862,210.71344959,0.0
717,2020,730281728,UCRV,D1 Big West Conference,5091,CBU,286925861,2020-02-21 13:00:00,9,0,0,1,1183224981,K. West,R,FA,L,-0.579406121187,2.45424307906,14.4774011273,16.1056284502,5.85774812894,F,IP_OUT,-1.56093503493,5.84165550629,92.2810696581,2157.2962144,227.987054397,-0.15
718,2020,730281728,UCRV,D1 Big West Conference,5091,CBU,286925861,2020-02-21 13:00:00,9,0,1,1,1183224981,K. West,R,FA,L,-1.19791206382,1.48308455729,11.4044551223,17.0160822346,5.82038397862,B,IP_OUT,-1.54017261302,5.89686356398,90.2700061557,2092.63816005,236.093639901,0.13
719,2020,730281728,UCRV,D1 Big West Conference,5091,CBU,286925861,2020-02-21 13:00:00,9,1,1,1,1183224981,K. West,R,FA,L,0.697422590022,3.20308453961,15.1855545521,16.4206508327,5.92683908312,SL,IP_OUT,-1.61533438722,5.97908621142,92.2987020428,2175.71172844,227.179036911,-0.15
720,2020,730281728,UCRV,D1 Big West Conference,5091,CBU,286925861,2020-02-21 13:00:00,9,1,2,1,1183224981,K. West,R,CH,L,-0.662771258716,4.29752124631,19.96847236,13.2322567797,5.69351823689,B,IP_OUT,-1.70210031293,5.87842412161,81.869443172,1981.16852469,213.477977734,0.13
721,2020,730281728,UCRV,D1 Big West Conference,5091,CBU,286925861,2020-02-21 13:00:00,9,2,2,1,1183224981,K. West,R,FA,L,-0.0206639004512,1.38015593534,14.6152357911,16.1949754269,6.19061497735,F,IP_OUT,-1.36055285444,5.90855974052,92.4377809772,2112.49342304,227.875084113,0.0
722,2020,730281728,UCRV,D1 Big West Conference,5091,CBU,286925861,2020-02-21 13:00:00,9,2,2,1,1183224981,K. West,R,FA,L,-0.0865631595872,0.413064306509,14.9506666437,15.7300685677,6.15257135039,B,IP_OUT,-1.44549754757,5.92269776437,91.998031052,2163.99342056,226.395441516,0.13
723,2020,730281728,UCRV,D1 Big West Conference,5091,CBU,286925861,2020-02-21 13:00:00,9,0,0,2,1183224981,K. West,R,FA,L,-0.903445713012,1.98776579819,8.1780054458,16.6849521786,5.87277179623,SL,BB,-1.58038226928,5.67785341041,91.7830926875,2203.30427667,243.801722614,-0.15
724,2020,730281728,UCRV,D1 Big West Conference,5091,CBU,286925861,2020-02-21 13:00:00,9,0,1,2,1183224981,K. West,R,FA,L,0.395428045349,4.11869746455,19.0340404707,12.0281355012,5.81322854725,B,BB,-1.42823279094,5.97801175274,92.0030823179,2230.85148982,212.247225626,0.13
725,2020,730281728,UCRV,D1 Big West Conference,5091,CBU,286925861,2020-02-21 13:00:00,9,1,1,2,1183224981,K. West,R,FA,L,-0.855094122714,1.58943189043,9.7437249898,17.3607268479,6.04386911062,F,BB,-1.43464989784,5.84931142566,90.5182796725,2101.71253938,240.615897316,-0.15
726,2020,730281728,UCRV,D1 Big West Conference,5091,CBU,286925861,2020-02-21 13:00:00,9,1,2,2,1183224981,K. West,R,CU,L,-1.09102700913,3.99078351645,1.14285232409,-4.21227312372,5.3576360224,B,BB,-1.66376157704,5.87683619133,79.3485964494,2286.8913332,105.710819865,0.13
727,2020,730281728,UCRV,D1 Big West Conference,5091,CBU,286925861,2020-02-21 13:00:00,9,2,2,2,1183224981,K. West,R,FA,L,1.10660596584,2.10443766585,19.4975417163,12.7147747224,5.69911439578,B,BB,-1.54506014208,5.98427583423,92.1032677215,2050.58146295,213.067331595,0.13
728,2020,730281728,UCRV,D1 Big West Conference,5091,CBU,286925861,2020-02-21 13:00:00,9,3,2,2,1183224981,K. West,R,FA,L,-1.62717554394,1.68384225111,14.6442232792,14.1814332532,6.18489465895,B,BB,-1.59860667762,5.67370534763,92.7162427971,2208.24476288,224.021186454,0.8
729,2020,730281728,UCRV,D1 Big West Conference,5091,CBU,286925861,2020-02-21 13:00:00,9,0,0,2,1183224981,K. West,R,FA,L,-0.928859652952,1.65272212961,19.2811522263,16.3577618566,6.03591861845,SL,S,-1.46017726383,5.88189114519,91.8640198296,2208.65744479,220.265231447,-0.15
730,2020,730281728,UCRV,D1 Big West Conference,5091,CBU,286925861,2020-02-21 13:00:00,9,0,1,2,1183224981,K. West,R,FA,L,1.00305701057,0.826380371288,20.1559939458,17.4152058847,6.08915205974,B,S,-1.49550762672,5.83959451367,91.356915405,2126.18159615,220.783427195,0.13
731,2020,730281728,UCRV,D1 Big West Conference,5091,CBU,286925861,2020-02-21 13:00:00,9,1,1,2,1183224981,K. West,R,FA,L,-0.347490805467,1.07387617117,19.6269012455,17.7575255019,6.2494014343,SS,S,-1.60598739319,5.94656360745,90.6197184204,2059.68086905,222.091346785,-0.15
732,2020,730281728,UCRV,D1 Big West Conference,5091,CBU,286925861,2020-02-21 13:00:00,9,1,2,2,1183224981,K. West,R,FA,L,0.495292849919,3.09684355299,12.6609929506,15.0425022931,6.04110666843,IP,S,-1.45798469683,5.70491427044,93.4351464454,2257.31034959,229.846914604,1.0
733,2020,730281728,UCRV,D1 Big West Conference,5091,CBU,286925861,2020-02-21 13:00:00,9,0,0,2,1737959049,A. Granillo,R,FA,R,-0.11310706298,1.09182195162,21.2876255276,10.5223072192,5.88654858017,B,FC,-0.664604614619,6.41400496154,91.802336971,2305.1492439,206.269449869,0.13
734,2020,730281728,UCRV,D1 Big West Conference,5091,CBU,286925861,2020-02-21 13:00:00,9,1,0,2,1737959049,A. Granillo,R,FA,R,0.71173152488,2.13729915826,23.6479217256,10.8578276038,6.19292909193,SL,FC,-0.383365752053,6.42185730631,91.9650313905,2253.43246105,204.633613381,-0.15
735,2020,730281728,UCRV,D1 Big West Conference,5091,CBU,286925861,2020-02-21 13:00:00,9,1,1,2,1737959049,A. Granillo,R,CU,R,-0.739138767703,4.2322322112,1.31146599601,-10.7486560677,5.57032597108,B,FC,-0.934428401083,6.2113451118,77.921518189,2481.83681912,97.1849839912,0.13
736,2020,730281728,UCRV,D1 Big West Conference,5091,CBU,286925861,2020-02-21 13:00:00,9,2,1,2,1737959049,A. Granillo,R,FA,R,-0.285963171835,2.93343652847,19.6907062053,10.7597962066,6.17234972065,IP,FC,-0.358146245103,6.287795137,92.4122041165,2370.65295004,208.616834908,-0.21
737,2020,5467,LOU,D1 Atlantic Coast Conference,730317056,CHIC,251591003,2020-03-11 13:00:00,1,0,0,0,1105248178,T. Kuehner,L,FA,R,-0.867859341052,1.86704366125,7.33792152711,-13.4447749911,5.86098522854,SL,K,2.83196513401,4.60195772675,85.8658423542,2103.58005245,118.74250334,-0.15
738,2020,5467,LOU,D1 Atlantic Coast Conference,730317056,CHIC,251591003,2020-03-11 13:00:00,1,0,1,0,1105248178,T. Kuehner,L,SL,R,0.414364428456,1.95131553803,-5.053061968,15.7678550914,5.3632648848,F,K,2.78188623162,4.66882646415,73.6554728471,2584.08402207,287.60584186,-0.15
739,2020,5467,LOU,D1 Atlantic Coast Conference,730317056,CHIC,251591003,2020-03-11 13:00:00,1,0,2,0,1105248178,T. Kuehner,L,FA,R,1.8670592669,0.905271486201,3.57406838802,-15.9992921,5.66282772727,SS,K,2.91744331441,4.7298501578,85.514115327,1984.40383499,102.716695161,-0.15
740,2020,5467,LOU,D1 Atlantic Coast Conference,730317056,CHIC,251591003,2020-03-11 13:00:00,1,0,0,1,1105248178,T. Kuehner,L,FA,R,-1.07038296684,2.5958901882,7.15425975483,-15.296664991,5.80641397858,SL,K,2.55523672439,4.83903458357,86.3770085936,2068.7088545,115.175682417,-0.15
741,2020,5467,LOU,D1 Atlantic Coast Conference,730317056,CHIC,251591003,2020-03-11 13:00:00,1,0,1,1,1105248178,T. Kuehner,L,SL,R,0.35345106586,2.92688072749,-2.19443752557,16.1366677233,5.2825763727,SL,K,2.69813731211,4.74475484716,73.5722291941,2588.5243123,277.569256026,-0.15
742,2020,5467,LOU,D1 Atlantic Coast Conference,730317056,CHIC,251591003,2020-03-11 13:00:00,1,0,2,1,1105248178,T. Kuehner,L,FA,R,-2.55965606145,2.40503028082,11.4490248152,-16.3044769159,5.7316368328,B,K,2.6243886852,4.69210239769,85.9359192168,2176.6361904,125.162999627,0.13
743,2020,5467,LOU,D1 Atlantic Coast Conference,730317056,CHIC,251591003,2020-03-11 13:00:00,1,1,2,1,1105248178,T. Kuehner,L,SL,R,-2.72630623886,0.816591741568,-4.17112451309,17.5337249445,5.24036274989,B,K,2.59137724955,4.81376936575,73.8664913768,2711.72757942,283.225454989,0.13
744,2020,5467,LOU,D1 Atlantic Coast Conference,730317056,CHIC,251591003,2020-03-11 13:00:00,1,2,2,1,1105248178,T. Kuehner,L,SL,R,-0.19402592012,1.99143939124,-9.05147089073,14.9614525026,5.28992106366,SL,K,2.77847172635,4.68709596958,73.2890439684,2533.44399972,301.030748851,-0.15
745,2020,5467,LOU,D1 Atlantic Coast Conference,730317056,CHIC,251591003,2020-03-11 13:00:00,1,0,0,2,1105248178,T. Kuehner,L,FA,R,0.690349042805,2.32909377399,1.80303213045,-18.9383890634,5.6349030293,F,IP_OUT,2.83085843639,4.7323818341,86.4945710969,2105.25042215,95.5462775612,-0.15
746,2020,5467,LOU,D1 Atlantic Coast Conference,730317056,CHIC,251591003,2020-03-11 13:00:00,2,0,0,0,1105248178,T. Kuehner,L,FA,R,-0.986414816888,2.3200209438,3.29304194486,-18.0857769861,5.80316613028,B,IP_OUT,2.83093239255,4.7059001185,85.0874920005,2046.35243748,100.432154465,0.13
747,2020,5467,LOU,D1 Atlantic Coast Conference,730317056,CHIC,251591003,2020-03-11 13:00:00,2,1,0,0,1105248178,T. Kuehner,L,FA,R,-1.18101699257,2.92260725688,13.0643423515,-12.0564280056,5.89552135043,B,IP_OUT,2.74182338927,4.80503953399,84.3761586144,2085.87683253,137.378684874,0.13
748,2020,5467,LOU,D1 Atlantic Coast Conference,730317056,CHIC,251591003,2020-03-11 13:00:00,2,2,0,0,1105248178,T. Kuehner,L,FA,R,-0.311235567291,2.06780344117,8.83058393982,-13.4306917766,5.82263042011,F,IP_OUT,2.77780947552,4.70703702706,84.7351011538,2130.39476015,123.43382352,-0.15
749,2020,5467,LOU,D1 Atlantic Coast Conference,730317056,CHIC,251591003,2020-03-11 13:00:00,2,2,1,0,1105248178,T. Kuehner,L,CH,R,1.27151167024,1.62652842268,0.499871070408,-18.4603142018,5.78319877957,SS,IP_OUT,2.85182269554,4.57069995585,78.3148829639,1732.72170643,91.6859596569,-0.15
750,2020,5467,LOU,D1 Atlantic Coast Conference,730317056,CHIC,251591003,2020-03-11 13:00:00,2,2,2,0,1105248178,T. Kuehner,L,SL,R,1.20197840974,2.80508299359,-4.06166579079,10.0887814807,5.57145479387,B,IP_OUT,2.75904413233,4.77779870179,73.6062472015,2584.32961912,291.687912663,0.13
751,2020,5467,LOU,D1 Atlantic Coast Conference,730317056,CHIC,251591003,2020-03-11 13:00:00,2,3,2,0,1105248178,T. Kuehner,L,FA,R,-0.647806532682,2.2432256465,2.04007890193,-19.1221959414,5.80081891953,F,IP_OUT,2.83812122376,4.73832128546,85.0053747879,2029.30497592,96.1991151658,0.0
752,2020,5467,LOU,D1 Atlantic Coast Conference,730317056,CHIC,251591003,2020-03-11 13:00:00,2,0,0,1,1105248178,T. Kuehner,L,FA,R,2.60799588042,4.21287849265,6.73411304689,-15.7608681347,5.43743316023,B,HBP,2.90304084578,4.63260218525,85.5936097802,2078.43737438,113.247432592,0.13
753,2020,5467,LOU,D1 Atlantic Coast Conference,730317056,CHIC,251591003,2020-03-11 13:00:00,2,1,0,1,1105248178,T. Kuehner,L,CH,R,1.15504520634,1.20674850893,3.04412871301,-17.9262392555,5.8758843359,SS,HBP,2.85079824685,4.4409786063,78.2150561767,1548.28814556,99.7704945919,-0.15
754,2020,5467,LOU,D1 Atlantic Coast Conference,730317056,CHIC,251591003,2020-03-11 13:00:00,2,1,1,1,1105248178,T. Kuehner,L,CH,R,-0.650032171722,1.2007222091,4.72075607198,-19.4566469483,6.02955321596,B,HBP,2.784926068,4.54104044201,79.7567761696,1780.73960333,103.752585188,0.13
755,2020,5467,LOU,D1 Atlantic Coast Conference,730317056,CHIC,251591003,2020-03-11 13:00:00,2,2,1,1,1105248178,T. Kuehner,L,FA,R,-1.34125147766,2.12033733384,8.11642238399,-17.1573779189,6.00013989168,HBP,HBP,2.76559303277,4.64922139359,84.9367639628,2175.02995802,115.415332267,0.8
756,2020,5467,LOU,D1 Atlantic Coast Conference,730317056,CHIC,251591003,2020-03-11 13:00:00,2,0,0,1,1105248178,T. Kuehner,L,FA,L,-1.12061547413,4.15209434784,13.816514829,-12.3171545899,5.73789904506,B,FC,2.45689875151,4.9123074399,84.0027724602,2187.61598847,138.36180432,0.13
757,2020,5467,LOU,D1 Atlantic Coast Conference,730317056,CHIC,251591003,2020-03-11 13:00:00,2,1,0,1,1105248178,T. Kuehner,L,FA,L,1.2993342654,3.51878707524,12.3274748952,-12.7019754214,5.95986427248,IP,FC,2.88498432597,4.59744102818,83.6549632208,2100.86377046,134.230768932,-0.21
758,2020,5467,LOU,D1 Atlantic Coast Conference,730317056,CHIC,251591003,2020-03-11 13:00:00,2,0,0,2,1105248178,T. Kuehner,L,FA,R,-0.628572770067,1.39465737809,6.83197257481,-16.2361238295,5.877743688,B,K,2.94531165317,4.67033795665,83.3984641336,2090.19297117,112.935256672,0.13
759,2020,5467,LOU,D1 Atlantic Coast Conference,730317056,CHIC,251591003,2020-03-11 13:00:00,2,1,0,2,1105248178,T. Kuehner,L,CH,R,1.09181435229,2.02421090033,-0.83005641228,-17.2418858944,5.86565106206,B,K,2.87930996013,4.57978070068,78.1764678904,1839.74265205,87.3879799355,0.13
760,2020,5467,LOU,D1 Atlantic Coast Conference,730317056,CHIC,251591003,2020-03-11 13:00:00,2,2,0,2,1105248178,T. Kuehner,L,FA,R,-0.273365232501,3.21461010665,12.931338214,-16.5150470323,5.98625394204,F,K,2.81916707846,4.89201232051,84.6919117057,2129.1061906,128.140984667,-0.15
761,2020,5467,LOU,D1 Atlantic Coast Conference,730317056,CHIC,251591003,2020-03-11 13:00:00,2,2,1,2,1105248178,T. Kuehner,L,FA,R,2.56730383056,3.31587678988,6.38386357245,-18.0985931732,5.71518522226,B,K,2.68507210305,4.77044765755,84.3133144481,2036.63126414,109.533744937,0.13
762,2020,5467,LOU,D1 Atlantic Coast Conference,730317056,CHIC,251591003,2020-03-11 13:00:00,2,3,1,2,1105248178,T. Kuehner,L,FA,R,0.544828953914,1.7073245724,13.3015211052,-15.7359875133,5.73236600223,SL,K,2.68837820909,4.84013203983,84.1818423807,2108.82026115,130.286863155,-0.15
763,2020,5467,LOU,D1 Atlantic Coast Conference,730317056,CHIC,251591003,2020-03-11 13:00:00,2,3,2,2,1105248178,T. Kuehner,L,FA,R,-0.155649898012,2.79473084379,15.4041996422,-12.1517870084,5.82313016185,SS,K,2.59426063022,4.89969489398,84.9126603702,2084.60483821,141.797484355,-0.15
764,2020,5467,LOU,D1 Atlantic Coast Conference,730317056,CHIC,251591003,2020-03-11 13:00:00,3,0,0,0,1105248178,T. Kuehner,L,FA,L,-1.261306182,1.90631657629,14.1591394039,-14.0651880526,5.91747991001,SL,K,2.68415237116,4.91788998179,84.1471840998,2131.01095761,135.266614705,-0.15
765,2020,5467,LOU,D1 Atlantic Coast Conference,730317056,CHIC,251591003,2020-03-11 13:00:00,3,0,1,0,1105248178,T. Kuehner,L,SL,L,-0.548507480834,-0.310990801339,-4.74566278534,12.5587878751,5.55489124188,B,K,2.78187897721,4.67701230698,71.9044849928,2519.73547672,290.495215045,0.13
766,2020,5467,LOU,D1 Atlantic Coast Conference,730317056,CHIC,251591003,2020-03-11 13:00:00,3,1,1,0,1105248178,T. Kuehner,L,SL,L,-1.7818512446,1.33550759553,0.147949828212,10.6998164025,5.69962671483,SS,K,2.79889549072,4.85230330186,72.5463725287,2460.81332708,268.937643003,-0.15
767,2020,5467,LOU,D1 Atlantic Coast Conference,730317056,CHIC,251591003,2020-03-11 13:00:00,3,1,2,0,1105248178,T. Kuehner,L,SL,L,-1.34507558123,1.24214716696,-3.87953986161,14.6944910641,5.5627466283,SS,K,2.59410014854,4.89054191512,72.4280892319,2499.68154175,284.603735761,-0.15
768,2020,5467,LOU,D1 Atlantic Coast Conference,730317056,CHIC,251591003,2020-03-11 13:00:00,3,0,0,1,1105248178,T. Kuehner,L,FA,R,0.81962521721,2.06284782612,11.4241714467,-12.4528302001,5.84223459293,SL,K,2.77475826891,4.83012427983,84.3189094046,2152.15342899,132.625839992,-0.15
769,2020,5467,LOU,D1 Atlantic Coast Conference,730317056,CHIC,251591003,2020-03-11 13:00:00,3,0,1,1,1105248178,T. Kuehner,L,CH,R,-0.561529399115,1.95166163369,7.17179136012,-17.1666538825,6.03760933032,F,K,2.79851447761,4.57795733002,77.4433592283,1856.11978488,112.799044908,-0.15
770,2020,5467,LOU,D1 Atlantic Coast Conference,730317056,CHIC,251591003,2020-03-11 13:00:00,3,0,2,1,1105248178,T. Kuehner,L,SL,R,1.88562973202,1.51445649106,-8.89876410273,14.7936243581,5.28986177295,B,K,2.67928594767,4.69692734406,71.4205586631,2424.82323776,300.87693345,0.13
771,2020,5467,LOU,D1 Atlantic Coast Conference,730317056,CHIC,251591003,2020-03-11 13:00:00,3,1,2,1,1105248178,T. Kuehner,L,SL,R,0.239859958901,2.71883567486,0.336458421318,12.7032641698,5.49268894362,SS,K,2.73723552392,4.72005712018,71.7432584693,2476.58945351,268.248825,-0.15
772,2020,5467,LOU,D1 Atlantic Coast Conference,730317056,CHIC,251591003,2020-03-11 13:00:00,3,0,0,2,1105248178,T. Kuehner,L,SL,R,-0.17573373232,2.37769478855,-1.97744970243,16.788415457,5.52301746432,SL,IP_OUT,2.65802936394,4.81119604559,71.243072834,2488.47526165,276.540895739,-0.15
773,2020,5467,LOU,D1 Atlantic Coast Conference,730317056,CHIC,251591003,2020-03-11 13:00:00,3,0,1,2,1105248178,T. Kuehner,L,FA,R,-2.47401415075,2.41712031429,12.7967118639,-12.865582326,6.0060158668,B,IP_OUT,2.4542033735,4.79485519591,83.8887941738,2069.05098138,134.930221887,0.13
774,2020,5467,LOU,D1 Atlantic Coast Conference,730317056,CHIC,251591003,2020-03-11 13:00:00,3,1,1,2,1105248178,T. Kuehner,L,CH,R,0.505385455719,1.56742864701,-0.238623837355,-16.5459888343,5.89913780275,SS,IP_OUT,2.83672413465,4.55679987744,77.7218439322,1848.3963346,89.3248555387,-0.15
775,2020,5467,LOU,D1 Atlantic Coast Conference,730317056,CHIC,251591003,2020-03-11 13:00:00,4,0,0,0,1105248178,T. Kuehner,L,SL,R,-1.3298520466,1.81031035392,-5.47725543533,10.3268629867,5.71929066716,F,S,2.56441357758,4.85894455976,72.5108084859,2430.3362527,297.720522228,-0.15
776,2020,5467,LOU,D1 Atlantic Coast Conference,730317056,CHIC,251591003,2020-03-11 13:00:00,4,0,1,0,1105248178,T. Kuehner,L,FA,R,-1.82743716166,2.73571446879,13.2412807484,-13.2449099884,6.08074033917,B,S,2.45065095493,4.93455319023,85.1806196674,2189.48209233,135.070681974,0.13
777,2020,5467,LOU,D1 Atlantic Coast Conference,730317056,CHIC,251591003,2020-03-11 13:00:00,4,1,1,0,1105248178,T. Kuehner,L,FA,R,-0.37249849662,2.44455998416,14.7070792961,-15.58608723,5.96208942425,IP,S,2.72331965135,4.76049612779,84.0799992176,2216.03782418,133.410953489,1.0
778,2020,5467,LOU,D1 Atlantic Coast Conference,730317056,CHIC,251591003,2020-03-11 13:00:00,4,0,0,0,1105248178,T. Kuehner,L,CH,R,-0.571122647614,1.32555451597,5.39995515139,-15.3276036455,5.93169705227,B,IP_OUT,2.9367980059,4.72783078778,75.9527697242,1856.86198173,109.559107609,0.13
779,2020,5467,LOU,D1 Atlantic Coast Conference,730317056,CHIC,251591003,2020-03-11 13:00:00,4,1,0,0,1105248178,T. Kuehner,L,SL,R,0.343409818441,2.29419576016,-7.4760221071,16.0992157175,5.40395855285,SL,IP_OUT,2.69127372606,4.79557876955,70.3953989027,2543.55008262,294.74965343,-0.15
780,2020,5467,LOU,D1 Atlantic Coast Conference,730317056,CHIC,251591003,2020-03-11 13:00:00,4,1,1,0,1105248178,T. Kuehner,L,FA,R,-2.25360435256,1.96162275833,13.9429797607,-14.2504579217,5.71747863738,B,IP_OUT,2.72888098521,4.86041178049,84.1977270528,2245.79317847,134.452234898,0.13
781,2020,5467,LOU,D1 Atlantic Coast Conference,730317056,CHIC,251591003,2020-03-11 13:00:00,4,2,1,0,1105248178,T. Kuehner,L,CH,R,2.43888164024,2.93155322657,4.12085771622,-17.8153906539,5.92589125807,B,IP_OUT,2.93508514547,4.67571644132,75.7693329118,1540.56676694,103.163987089,0.13
782,2020,5467,LOU,D1 Atlantic Coast Conference,730317056,CHIC,251591003,2020-03-11 13:00:00,4,0,0,1,1105248178,T. Kuehner,L,CH,R,-0.0630990375069,1.42879038794,2.77706077011,-15.6410621298,5.84995451771,SS,IP_OUT,2.91055396844,4.62324604085,76.4579387152,1863.34552179,100.228111555,-0.15
783,2020,5467,LOU,D1 Atlantic Coast Conference,730317056,CHIC,251591003,2020-03-11 13:00:00,4,0,1,1,1105248178,T. Kuehner,L,CH,R,0.989655394927,2.56107178843,2.47929228646,-16.7113113503,5.96113497662,F,IP_OUT,2.87927407439,4.75996132426,75.3126028884,1730.3140311,98.5945021899,-0.15
784,2020,5467,LOU,D1 Atlantic Coast Conference,730317056,CHIC,251591003,2020-03-11 13:00:00,5,0,0,0,1105248178,T. Kuehner,L,SL,L,-0.734762903781,0.844234013737,-7.92663805029,11.0646847823,5.47765552821,B,BB,2.70815000128,4.75462709672,71.5793077001,2511.93527774,305.4355273,0.13
785,2020,5467,LOU,D1 Atlantic Coast Conference,730317056,CHIC,251591003,2020-03-11 13:00:00,5,1,0,0,1105248178,T. Kuehner,L,SL,L,-0.274394486311,0.738768641811,-5.08859402607,10.0057490175,5.48898639878,B,BB,2.47662035484,4.9361531487,72.5651529814,2518.43596503,296.722217107,0.13
786,2020,5467,LOU,D1 Atlantic Coast Conference,730317056,CHIC,251591003,2020-03-11 13:00:00,5,2,0,0,1105248178,T. Kuehner,L,FA,L,-0.914093364722,1.70433360731,10.5860095033,-12.2111281399,5.90830281041,SL,BB,2.68643912064,4.72965357746,83.4171435293,2054.04923347,131.024221782,-0.15
787,2020,5467,LOU,D1 Atlantic Coast Conference,730317056,CHIC,251591003,2020-03-11 13:00:00,5,2,1,0,1105248178,T. Kuehner,L,FA,L,-1.1231120229,1.92534661381,17.0610253073,-13.0371258006,5.93444092237,F,BB,2.61228605935,4.98149291516,84.2316041129,2247.93504841,142.675454715,-0.15
788,2020,5467,LOU,D1 Atlantic Coast Conference,730317056,CHIC,251591003,2020-03-11 13:00:00,5,2,2,0,1105248178,T. Kuehner,L,SL,L,-1.70494375827,1.51535197098,-7.05459591769,13.7958043969,5.57378453062,B,BB,2.50981850596,4.85328640822,72.6506852443,2494.43916849,296.91618268,0.13
789,2020,5467,LOU,D1 Atlantic Coast Conference,730317056,CHIC,251591003,2020-03-11 13:00:00,5,3,2,0,1105248178,T. Kuehner,L,FA,L,0.581127824958,1.32051700985,5.3138460637,-14.1870458276,5.98509618235,F,BB,2.64436131682,4.66136793194,84.7334873015,2119.99992554,110.662733282,0.0
790,2020,5467,LOU,D1 Atlantic Coast Conference,730317056,CHIC,251591003,2020-03-11 13:00:00,5,3,2,0,1105248178,T. Kuehner,L,FA,L,-1.73310023394,1.29657004992,11.7765142957,-15.1413273334,5.99069843327,B,BB,2.45682914138,4.970713727,85.3221996273,2147.82472796,127.960619707,0.8
791,2020,5467,LOU,D1 Atlantic Coast Conference,730317056,CHIC,251591003,2020-03-11 13:00:00,5,0,0,0,1105248178,T. Kuehner,L,FA,R,0.19545161678,1.59892152662,11.7017806324,-15.4908720842,5.78435272658,IP,S,2.85928283932,4.94050657131,83.2178836392,2041.85134117,127.15713414,1.0
792,2020,5467,LOU,D1 Atlantic Coast Conference,730317056,CHIC,251591003,2020-03-11 13:00:00,5,0,0,0,1105248178,T. Kuehner,L,SL,L,-1.09508533402,1.87326804212,-7.63400691664,13.2943297628,5.44317323013,B,S,2.78183821671,4.96708052896,70.8802356844,2526.60629024,299.690813652,0.13
793,2020,5467,LOU,D1 Atlantic Coast Conference,730317056,CHIC,251591003,2020-03-11 13:00:00,5,1,0,0,1105248178,T. Kuehner,L,FA,L,-0.519028855929,3.01899302928,11.5870706068,-14.7417934735,5.9543012578,IP,S,2.75624072551,5.00417663625,83.6093051561,2137.95907851,128.258237471,1.0
794,2020,5467,LOU,D1 Atlantic Coast Conference,730317056,CHIC,251591003,2020-03-11 13:00:00,5,0,0,0,1105248178,T. Kuehner,L,CH,R,1.07841715268,1.9660845903,3.44500778806,-18.4931133118,5.8817369888,IP,S,3.1321984467,4.78752147714,77.475564316,1665.24224648,100.683540443,1.0
795,2020,5467,LOU,D1 Atlantic Coast Conference,730317056,CHIC,251591003,2020-03-11 13:00:00,5,0,0,1,1105248178,T. Kuehner,L,SL,R,-1.88087703174,3.07836751624,-1.41297121337,10.3394496102,5.61523803294,B,SF,2.68448261389,5.01245538359,71.6891139324,2446.05119082,277.49843204,0.13
796,2020,5467,LOU,D1 Atlantic Coast Conference,730317056,CHIC,251591003,2020-03-11 13:00:00,5,1,0,1,1105248178,T. Kuehner,L,SL,R,-1.31645236444,0.834128153038,-3.53678316672,14.4681236273,5.41696961719,B,SF,2.86800982073,4.86507852801,71.7381711781,2507.42978047,283.541211331,0.13
797,2020,5467,LOU,D1 Atlantic Coast Conference,730317056,CHIC,251591003,2020-03-11 13:00:00,5,0,0,2,1880505461,R. Hawks,R,SL,R,0.881163818347,2.52601350244,-0.475898431221,-6.81360563114,5.94727885663,IP,FC,-2.84933416778,4.48853068368,76.5155560142,2114.69801108,86.3777539225,-0.21
798,2020,5467,LOU,D1 Atlantic Coast Conference,730317056,CHIC,251591003,2020-03-11 13:00:00,6,0,0,0,1880505461,R. Hawks,R,FA,R,-0.451168214281,3.12092360238,13.1817553726,15.6650673884,6.22766810379,SS,K,-2.70110308884,4.6721071224,90.7701204412,2190.55744658,229.852301031,-0.15
799,2020,5467,LOU,D1 Atlantic Coast Conference,730317056,CHIC,251591003,2020-03-11 13:00:00,6,0,1,0,1880505461,R. Hawks,R,FA,R,0.315344661363,2.8405091719,12.5113069458,15.980168572,6.29226454154,SS,K,-2.34418253109,4.74161943729,92.9923398725,2269.64407442,231.874720097,-0.15
800,2020,5467,LOU,D1 Atlantic Coast Conference,730317056,CHIC,251591003,2020-03-11 13:00:00,6,0,2,0,1880505461,R. Hawks,R,FA,R,-0.110467796909,3.28929996532,14.3451797995,14.8841338086,6.20256411754,SS,K,-2.3600918099,4.76916742733,91.5670054591,2233.68400823,225.994312473,-0.15
801,2020,5467,LOU,D1 Atlantic Coast Conference,730317056,CHIC,251591003,2020-03-11 13:00:00,6,0,0,1,1880505461,R. Hawks,R,FA,R,-0.241546228393,3.03756864363,10.765873059,14.9091587159,6.32544166627,F,ROE,-2.27601746326,4.78930795828,92.3399078919,2177.1138009,234.09000506,-0.15
802,2020,5467,LOU,D1 Atlantic Coast Conference,730317056,CHIC,251591003,2020-03-11 13:00:00,6,0,1,1,1880505461,R. Hawks,R,FA,R,-0.957715359987,1.91693947744,12.2351585431,14.5557672349,6.38051163337,SL,ROE,-2.47861954702,4.67122533288,90.3997404092,2163.15621368,229.877052862,-0.15
803,2020,5467,LOU,D1 Atlantic Coast Conference,730317056,CHIC,251591003,2020-03-11 13:00:00,6,0,2,1,1880505461,R. Hawks,R,FA,R,0.455547946575,2.39882691394,13.4884359793,14.17744697,6.2180198699,IP,ROE,-2.41568528785,4.85339113871,92.0502448501,2115.54742616,226.36061094,0.0
804,2020,5467,LOU,D1 Atlantic Coast Conference,730317056,CHIC,251591003,2020-03-11 13:00:00,6,0,0,1,1880505461,R. Hawks,R,FA,L,-1.27490010733,1.18340733841,17.7865979024,17.2925337138,6.34516049572,B,S,-2.46150310457,4.88906020076,90.7488243503,2209.6227028,224.14196566,0.13
805,2020,5467,LOU,D1 Atlantic Coast Conference,730317056,CHIC,251591003,2020-03-11 13:00:00,6,1,0,1,1880505461,R. Hawks,R,CH,L,-1.03982588724,1.81154067831,8.85148194302,16.7970343174,6.37986134846,IP,S,-2.62688355075,4.51933372845,83.0946900172,1944.55137303,242.112096025,1.0
806,2020,5467,LOU,D1 Atlantic Coast Conference,730317056,CHIC,251591003,2020-03-11 13:00:00,6,0,0,1,1880505461,R. Hawks,R,SL,R,0.87523266094,2.49384358597,0.0121457575599,-3.98786400651,5.96612636428,SL,S,-2.91146981677,4.45694592755,77.4163386191,2123.72947649,90.8021545663,-0.15
807,2020,5467,LOU,D1 Atlantic Coast Conference,730317056,CHIC,251591003,2020-03-11 13:00:00,6,0,1,1,1880505461,R. Hawks,R,FA,R,-0.0805644651198,1.6430255784,11.5134618379,19.4428238928,6.24260233089,SL,S,-2.53674470588,4.70503514016,90.2580649764,2194.80253695,239.297187023,-0.15
808,2020,5467,LOU,D1 Atlantic Coast Conference,730317056,CHIC,251591003,2020-03-11 13:00:00,6,0,2,1,1880505461,R. Hawks,R,FA,R,1.36763646977,1.61747080964,14.1481603221,19.5274912509,6.31355266727,B,S,-2.38735146181,4.71515978646,90.0334782617,2119.93216842,234.013708885,0.13
809,2020,5467,LOU,D1 Atlantic Coast Conference,730317056,CHIC,251591003,2020-03-11 13:00:00,6,1,2,1,1880505461,R. Hawks,R,FA,R,0.53231129984,1.55657423102,17.5932397674,16.2566004483,6.24920238732,IP,S,-2.29214031458,4.89751822706,91.1013748935,2167.99329115,222.687342628,1.0
810,2020,5467,LOU,D1 Atlantic Coast Conference,730317056,CHIC,251591003,2020-03-11 13:00:00,6,0,0,1,1880505461,R. Hawks,R,CH,L,-2.62016177437,2.41139808855,7.81470669449,15.6828493074,6.33055066658,B,DP,-2.60960413737,4.56146238584,83.012297714,1752.2341169,243.402899021,0.13
811,2020,5467,LOU,D1 Atlantic Coast Conference,730317056,CHIC,251591003,2020-03-11 13:00:00,6,1,0,1,1880505461,R. Hawks,R,SL,L,1.96100501683,1.38308459793,0.00712088844523,-6.05690830506,5.99814286659,B,DP,-2.65024789815,4.48237097276,76.7689746428,2042.45735699,90.4894217382,0.13
812,2020,5467,LOU,D1 Atlantic Coast Conference,730317056,CHIC,251591003,2020-03-11 13:00:00,6,2,0,1,1880505461,R. Hawks,R,FA,L,-1.05166508187,1.54146545885,7.73844521943,18.4675934686,6.3544173023,F,DP,-2.61439174316,4.47232459062,89.5570465441,2117.9914615,247.179158114,-0.15
813,2020,5467,LOU,D1 Atlantic Coast Conference,730317056,CHIC,251591003,2020-03-11 13:00:00,6,2,1,1,1880505461,R. Hawks,R,CH,L,-0.503405368882,1.34845606612,13.9442106408,20.5153629464,6.41458838149,IP,DP,-2.54164929708,4.59914963872,84.1062455932,1994.48197173,235.725641672,-0.21
814,2020,5467,LOU,D1 Atlantic Coast Conference,730317056,CHIC,251591003,2020-03-11 13:00:00,7,0,0,0,1880505461,R. Hawks,R,FA,R,-0.636765888474,4.03123010999,15.324579818,15.526327232,6.18426476854,B,S,-2.64309698339,4.7431035257,90.5554875846,2220.7967442,225.314822256,0.13
815,2020,5467,LOU,D1 Atlantic Coast Conference,730317056,CHIC,251591003,2020-03-11 13:00:00,7,1,0,0,1880505461,R. Hawks,R,SL,R,0.0708627352353,1.80093330508,-2.34846697207,-5.01076641023,5.97797343959,SL,S,-2.79163545705,4.51036936753,77.8321127904,2181.17705442,65.294878582,-0.15
816,2020,5467,LOU,D1 Atlantic Coast Conference,730317056,CHIC,251591003,2020-03-11 13:00:00,7,1,1,0,1880505461,R. Hawks,R,FA,R,-0.365884526542,2.63357227329,15.051900039,16.4689310075,6.18251516997,IP,S,-2.52823773097,4.72424667037,91.0536853466,2225.69544199,227.513855812,1.0
817,2020,5467,LOU,D1 Atlantic Coast Conference,730317056,CHIC,251591003,2020-03-11 13:00:00,7,0,0,0,1880505461,R. Hawks,R,FA,R,-0.93619250056,3.19662774968,20.3427577804,15.7628419678,6.37418109974,F,HBP,-2.38989352861,4.93124358312,90.5335401838,2213.96865213,217.727338671,-0.15
818,2020,5467,LOU,D1 Atlantic Coast Conference,730317056,CHIC,251591003,2020-03-11 13:00:00,7,0,1,0,1880505461,R. Hawks,R,FA,R,-2.14617682789,3.68576608053,13.1983921968,20.8790041706,6.12861487576,HBP,HBP,-2.34936580708,4.70396820428,90.1767918574,2108.38271463,237.638411551,0.8
819,2020,5467,LOU,D1 Atlantic Coast Conference,730317056,CHIC,251591003,2020-03-11 13:00:00,7,0,0,0,1880505461,R. Hawks,R,FA,R,-0.822513229126,0.379571781802,2.82022573084,17.8039673549,6.37768991127,B,IP_OUT,-2.72196914421,4.44213491245,82.472867101,1815.209849,260.879868029,0.13
820,2020,5467,LOU,D1 Atlantic Coast Conference,730317056,CHIC,251591003,2020-03-11 13:00:00,7,1,0,0,1880505461,R. Hawks,R,SL,R,-1.07749254763,3.18522956477,0.855600707568,-2.62254896779,5.85151556402,SL,IP_OUT,-2.8043555117,4.46297728641,77.3385237418,2071.7350545,108.928693573,-0.15
821,2020,5467,LOU,D1 Atlantic Coast Conference,730317056,CHIC,251591003,2020-03-11 13:00:00,7,1,1,0,1880505461,R. Hawks,R,FA,R,-0.490158552807,1.74666480121,14.8101206305,17.8706293555,6.27256342219,F,IP_OUT,-2.55521421227,4.67414358426,90.2192866469,2144.81381494,230.289002572,-0.15
822,2020,5467,LOU,D1 Atlantic Coast Conference,730317056,CHIC,251591003,2020-03-11 13:00:00,7,1,2,0,1880505461,R. Hawks,R,FA,R,0.00959273453114,1.39973747778,11.3245083624,19.8176189198,6.24821840585,F,IP_OUT,-2.35121748922,4.73762204811,91.0085394709,2188.07536186,240.185862713,0.0
823,2020,5467,LOU,D1 Atlantic Coast Conference,730317056,CHIC,251591003,2020-03-11 13:00:00,7,0,0,1,1880505461,R. Hawks,R,FA,R,-0.442445112825,3.70510547962,12.5160626379,19.5083916068,6.19180763396,F,IP_OUT,-2.45033644597,4.7331627129,90.199243001,2083.69710351,237.250299248,-0.15
824,2020,5467,LOU,D1 Atlantic Coast Conference,730317056,CHIC,251591003,2020-03-11 13:00:00,7,0,1,1,1880505461,R. Hawks,R,FA,R,-0.767340111108,1.65510537917,18.7245434495,14.0831969073,6.32301530987,SL,IP_OUT,-2.32920516736,4.89473122954,90.8121235973,2077.64260215,216.90135854,-0.15
825,2020,5467,LOU,D1 Atlantic Coast Conference,730317056,CHIC,251591003,2020-03-11 13:00:00,7,0,2,1,1880505461,R. Hawks,R,FA,R,0.549618902146,3.49399074978,12.2517273423,16.1254651596,6.15871296137,F,IP_OUT,-2.32364749596,4.70002199567,91.5828933545,2102.89594237,232.703112656,0.0
826,2020,5467,LOU,D1 Atlantic Coast Conference,730317056,CHIC,251591003,2020-03-11 13:00:00,7,0,0,2,1880505461,R. Hawks,R,SL,R,-0.560862546582,2.17947170219,-4.18058007658,-3.87889050639,5.82079798468,SL,K,-2.76306104882,4.51320795823,76.7638872836,2107.84185156,43.1637976493,-0.15
827,2020,5467,LOU,D1 Atlantic Coast Conference,730317056,CHIC,251591003,2020-03-11 13:00:00,7,0,1,2,1880505461,R. Hawks,R,SL,R,-0.829863221403,2.44752876432,-2.08280302328,-6.09580123861,5.80340247461,SL,K,-2.5598219393,4.55048119474,77.8599181535,2138.95549078,71.5018411181,-0.15
828,2020,5467,LOU,D1 Atlantic Coast Conference,730317056,CHIC,251591003,2020-03-11 13:00:00,7,0,2,2,1880505461,R. Hawks,R,FA,R,0.889960978441,1.95474852013,12.038349639,19.7010623514,6.1613868704,SL,K,-2.5102186702,4.68441895377,89.9385903025,2235.93755466,238.504393832,-0.15
829,2020,5467,LOU,D1 Atlantic Coast Conference,730317056,CHIC,251591003,2020-03-11 13:00:00,8,0,0,0,1880505461,R. Hawks,R,SL,R,0.822312116003,2.36500657381,-2.36216847656,-3.83699443981,6.19619302426,SL,IP_OUT,-2.8660758275,4.50086648049,75.6295897728,2049.54779138,58.877541465,-0.15
830,2020,5467,LOU,D1 Atlantic Coast Conference,730317056,CHIC,251591003,2020-03-11 13:00:00,8,0,1,0,1880505461,R. Hawks,R,FA,R,0.793177630477,1.71372859348,18.3933866376,16.5252757315,6.10526555374,B,IP_OUT,-2.39646436103,4.88502825914,90.6766753986,2230.2380888,221.887938391,0.13
831,2020,5467,LOU,D1 Atlantic Coast Conference,730317056,CHIC,251591003,2020-03-11 13:00:00,8,0,0,1,1880505461,R. Hawks,R,FA,L,-1.7625301082,2.37419904644,14.2826289297,19.1945817821,6.16575285797,B,S,-2.51003091445,4.77410221069,90.5277233523,2218.63882121,233.285930489,0.13
832,2020,5467,LOU,D1 Atlantic Coast Conference,730317056,CHIC,251591003,2020-03-11 13:00:00,8,1,1,1,1880505461,R. Hawks,R,SL,L,-0.74504381659,2.27931598952,0.247294380313,-8.07116922039,6.19863257611,IP,S,-2.79325201618,4.58568302018,76.0982470188,2125.25079011,92.0724974103,1.0
833,2020,5467,LOU,D1 Atlantic Coast Conference,730317056,CHIC,251591003,2020-03-11 13:00:00,8,0,0,1,1880505461,R. Hawks,R,FA,R,-0.666382322916,2.1578704928,14.9673339859,16.8425811503,6.28621239757,SL,IP_OUT,-2.48991939823,4.71384361659,89.5059911708,2111.71292045,228.312162143,-0.15
834,2020,5467,LOU,D1 Atlantic Coast Conference,730317056,CHIC,251591003,2020-03-11 13:00:00,8,0,0,2,1880505461,R. Hawks,R,FA,L,-0.933982371821,0.639755277399,12.3542882248,20.2394095485,6.22768264219,B,IP_OUT,-2.48658572259,4.67776197633,89.249731327,2117.41050852,238.531964971,0.13
835,2020,5467,LOU,D1 Atlantic Coast Conference,730317056,CHIC,251591003,2020-03-11 13:00:00,9,0,0,0,1413350392,K. Wright,R,FA,R,2.10479882194,0.624717679591,14.9949463782,12.6019305218,7.88967593947,B,IP_OUT,-1.76116569308,6.02474337059,86.6737506114,2273.17273685,219.982509984,0.13
836,2020,5467,LOU,D1 Atlantic Coast Conference,730317056,CHIC,251591003,2020-03-11 13:00:00,9,0,0,1,1413350392,K. Wright,R,FA,R,0.0816126766944,4.08454519851,16.5587530783,8.61129020238,7.80570151119,B,BB,-1.878727947,6.03312354927,90.2810290068,2347.98657293,207.434003014,0.13
837,2020,5467,LOU,D1 Atlantic Coast Conference,730317056,CHIC,251591003,2020-03-11 13:00:00,9,1,0,1,1413350392,K. Wright,R,FA,R,0.234038263358,2.36166922248,12.4250022834,11.3917042377,7.68708667599,F,BB,-1.79793357107,5.86216577099,85.1667634645,2247.45445968,222.437981408,-0.15
838,2020,5467,LOU,D1 Atlantic Coast Conference,730317056,CHIC,251591003,2020-03-11 13:00:00,9,1,1,1,1413350392,K. Wright,R,SL,R,1.82741207645,1.2450232012,7.56297404159,-1.5486238256,7.3474827466,B,BB,-2.32199017402,5.50858478183,81.3347490507,2319.65448944,168.483575194,0.13
839,2020,5467,LOU,D1 Atlantic Coast Conference,730317056,CHIC,251591003,2020-03-11 13:00:00,9,2,1,1,1413350392,K. Wright,R,FA,R,-0.226584068305,1.05032500155,17.5932826491,10.592237026,7.54903031162,B,BB,-1.95547672041,5.94532076705,86.8487808784,2325.28479619,211.002935674,0.13
840,2020,5467,LOU,D1 Atlantic Coast Conference,730317056,CHIC,251591003,2020-03-11 13:00:00,9,3,1,1,1413350392,K. Wright,R,FA,R,0.899125430151,1.20851729329,11.1972837244,12.4413828751,7.82830257149,B,BB,-1.95052647523,5.83799831187,83.695285665,2178.5523693,227.9241925,0.8
841,2020,5467,LOU,D1 Atlantic Coast Conference,730317056,CHIC,251591003,2020-03-11 13:00:00,9,0,0,1,1413350392,K. Wright,R,FA,R,0.877943297901,0.778706677223,14.245680665,13.8911686061,7.47823893982,B,BB,-2.06912619849,5.71052198345,85.900658419,2340.90248582,224.210238714,0.13
842,2020,5467,LOU,D1 Atlantic Coast Conference,730317056,CHIC,251591003,2020-03-11 13:00:00,9,1,0,1,1413350392,K. Wright,R,FA,R,0.529204747849,0.224834986274,14.7622637378,12.4633077855,7.56614378327,B,BB,-2.1952964755,5.78547385235,86.0198425036,2352.10440764,220.108884664,0.13
843,2020,5467,LOU,D1 Atlantic Coast Conference,730317056,CHIC,251591003,2020-03-11 13:00:00,9,2,0,1,1413350392,K. Wright,R,FA,R,0.828342758913,2.11238789082,11.3902837905,12.9599647172,7.54648389299,B,BB,-2.98944848725,5.58959644216,85.2085796264,2317.08013145,228.603305407,0.13
844,2020,5467,LOU,D1 Atlantic Coast Conference,730317056,CHIC,251591003,2020-03-11 13:00:00,9,3,0,1,1413350392,K. Wright,R,FA,R,-1.43312868795,3.95456647506,15.550243832,14.919927378,7.28459676143,B,BB,-3.19709433921,5.80433586713,85.0531480982,2255.96843456,223.751171147,0.8
845,2020,5467,LOU,D1 Atlantic Coast Conference,730317056,CHIC,251591003,2020-03-11 13:00:00,9,0,0,1,1413350392,K. Wright,R,SL,R,1.27222630761,2.7877497995,7.36186273979,3.70365291764,6.83249415759,B,K,-3.2434695546,5.56292648623,80.9393908486,2312.39856378,206.585702211,0.13
846,2020,5467,LOU,D1 Atlantic Coast Conference,730317056,CHIC,251591003,2020-03-11 13:00:00,9,1,0,2,1413350392,K. Wright,R,FA,R,0.618040491067,2.08663374412,13.5884188623,15.3884343199,7.71126549638,SL,K,-3.15444920664,5.78017479306,83.2441256644,2280.42118367,228.479852845,-0.15
847,2020,5467,LOU,D1 Atlantic Coast Conference,730317056,CHIC,251591003,2020-03-11 13:00:00,9,1,1,2,1413350392,K. Wright,R,FA,R,0.72592216459,1.34557920577,5.07783150515,7.77557465653,7.39026104286,B,K,-3.44785422772,5.45312559549,82.0594660488,2374.38188114,236.663543905,0.13
848,2020,5467,LOU,D1 Atlantic Coast Conference,730317056,CHIC,251591003,2020-03-11 13:00:00,9,2,1,2,1413350392,K. Wright,R,FA,R,0.431389049039,1.92001196882,12.8594398467,14.2406999436,7.67990872986,SL,K,-3.09349817254,5.68692754799,84.8578760345,2273.50478105,227.841161128,-0.15
849,2020,5467,LOU,D1 Atlantic Coast Conference,730317056,CHIC,251591003,2020-03-11 13:00:00,9,2,2,2,1413350392,K. Wright,R,FA,R,-0.56718001133,1.47203834875,15.59362198,13.8989050695,7.6315831035,SL,K,-2.84472259669,6.01102717967,85.1056688466,2283.67913733,221.648819355,-0.15
850,2020,5467,LOU,D1 Atlantic Coast Conference,730317056,CHIC,380579738,2020-03-10 13:00:00,1,0,0,0,1269807044,M. Prosecky,L,FA,R,0.687177217137,1.91916647971,17.0595746609,-6.7187695244,6.37200482001,SL,IP_OUT,1.6704181196,5.97802597983,90.4765689912,2350.10025855,158.539537114,-0.15
851,2020,5467,LOU,D1 Atlantic Coast Conference,730317056,CHIC,380579738,2020-03-10 13:00:00,1,0,1,0,1269807044,M. Prosecky,L,FA,R,0.416019471159,2.71178210982,17.1726794056,-7.71590918268,6.61632781975,F,IP_OUT,1.98715857637,5.84289963561,91.1763555225,2452.15464093,155.8432641,-0.15
852,2020,5467,LOU,D1 Atlantic Coast Conference,730317056,CHIC,380579738,2020-03-10 13:00:00,1,0,2,0,1269807044,M. Prosecky,L,FA,R,0.690880311172,3.33139484598,16.3592395895,-4.97409381159,6.10343062853,F,IP_OUT,2.0458074916,5.99638927507,90.0196682106,2395.22994912,163.119352384,0.0
853,2020,5467,LOU,D1 Atlantic Coast Conference,730317056,CHIC,380579738,2020-03-10 13:00:00,1,0,0,1,1269807044,M. Prosecky,L,FA,L,-0.507894164256,2.01708613185,11.8333650089,-4.99340590985,6.48712912141,F,IP_OUT,1.88691003381,5.85266460815,90.6458635861,2409.85202995,157.175881705,-0.15
854,2020,5467,LOU,D1 Atlantic Coast Conference,730317056,CHIC,380579738,2020-03-10 13:00:00,1,0,1,1,1269807044,M. Prosecky,L,FA,L,0.712806478992,2.82775838741,15.4130886478,-4.42924302085,6.2235692489,F,IP_OUT,1.94181761444,5.83330117086,91.5306110386,2555.18514797,163.997406091,-0.15
855,2020,5467,LOU,D1 Atlantic Coast Conference,730317056,CHIC,380579738,2020-03-10 13:00:00,1,0,2,1,1269807044,M. Prosecky,L,SL,L,-0.993640362078,2.22484488185,3.37770616562,3.61298383774,5.69022262102,F,IP_OUT,1.86219587156,5.684753874,79.6408050583,2163.62015178,226.574183408,0.0
856,2020,5467,LOU,D1 Atlantic Coast Conference,730317056,CHIC,380579738,2020-03-10 13:00:00,1,0,0,2,1269807044,M. Prosecky,L,SL,R,0.00531085695116,1.46055510636,-5.51665016161,9.48886257357,5.65813444484,B,IP_OUT,1.7352173999,5.81728956043,76.644272727,2246.20833349,299.966072714,0.13
857,2020,5467,LOU,D1 Atlantic Coast Conference,730317056,CHIC,380579738,2020-03-10 13:00:00,1,1,0,2,1269807044,M. Prosecky,L,FA,R,-0.675933371566,2.99420856671,20.5180376168,-7.16131553828,6.38859507539,F,IP_OUT,1.82136712524,6.04657127157,91.5405729936,2424.50160615,160.786615506,-0.15
858,2020,5467,LOU,D1 Atlantic Coast Conference,730317056,CHIC,380579738,2020-03-10 13:00:00,1,1,1,2,1269807044,M. Prosecky,L,FA,R,1.4013076236,2.89811558458,23.1833791532,-6.12631887932,6.57377310222,B,IP_OUT,1.75741977317,6.10463496316,92.2299525266,2451.90362649,165.216159501,0.13
859,2020,5467,LOU,D1 Atlantic Coast Conference,730317056,CHIC,380579738,2020-03-10 13:00:00,1,2,1,2,1269807044,M. Prosecky,L,FA,R,0.786397965654,1.43243833222,13.3826601218,-4.60585677988,6.70124968406,SL,IP_OUT,1.91452043606,5.88339980651,91.6692960829,2374.83148109,161.048310037,-0.15
860,2020,5467,LOU,D1 Atlantic Coast Conference,730317056,CHIC,380579738,2020-03-10 13:00:00,2,0,0,0,1269807044,M. Prosecky,L,FA,R,0.396427861818,3.81655093571,15.8108358941,-5.07961643374,6.39668836235,B,IP_OUT,1.63958589863,6.13112904298,89.898643057,2355.64718485,162.222546407,0.13
861,2020,5467,LOU,D1 Atlantic Coast Conference,730317056,CHIC,380579738,2020-03-10 13:00:00,2,1,0,0,1269807044,M. Prosecky,L,CH,R,1.01859375266,2.55029259293,11.0254555364,-16.151186166,6.47869137164,F,IP_OUT,1.89376831957,5.88624284103,83.7846278311,1932.30881969,124.407628937,-0.15
862,2020,5467,LOU,D1 Atlantic Coast Conference,730317056,CHIC,380579738,2020-03-10 13:00:00,2,1,1,0,1269807044,M. Prosecky,L,FA,R,0.862054088364,3.6690946545,14.3619310052,-9.47032928441,6.36854050612,B,IP_OUT,2.12883641872,5.9273094302,91.0068202126,2362.65259874,146.656149835,0.13
863,2020,5467,LOU,D1 Atlantic Coast Conference,730317056,CHIC,380579738,2020-03-10 13:00:00,2,2,1,0,1269807044,M. Prosecky,L,FA,R,0.449115365931,2.82719650612,15.5717921157,-4.67671400074,6.642820569,SS,IP_OUT,2.0214738622,5.8927885123,90.3595560011,2326.02091328,163.314787654,-0.15
864,2020,5467,LOU,D1 Atlantic Coast Conference,730317056,CHIC,380579738,2020-03-10 13:00:00,2,2,2,0,1269807044,M. Prosecky,L,FA,R,1.88646715421,3.65619345711,17.5533424405,-6.9520922665,6.64350789026,B,IP_OUT,1.90587684684,5.88916157551,91.3549588162,2424.99623341,158.427514822,0.13
865,2020,5467,LOU,D1 Atlantic Coast Conference,730317056,CHIC,380579738,2020-03-10 13:00:00,2,0,0,1,1269807044,M. Prosecky,L,FA,R,-0.64960486544,1.55368972535,16.3530683147,-9.60069601837,6.65814078044,B,IP_OUT,1.96874563956,5.78853177861,90.386671427,2338.13969744,149.630868841,0.13
866,2020,5467,LOU,D1 Atlantic Coast Conference,730317056,CHIC,380579738,2020-03-10 13:00:00,2,0,1,2,1269807044,M. Prosecky,L,FA,R,0.685170950328,2.32842885831,15.8335579104,-8.54965520976,6.73242082814,F,K,1.99422372058,5.90888825901,91.7272848024,2375.61172785,151.677470737,-0.15
867,2020,5467,LOU,D1 Atlantic Coast Conference,730317056,CHIC,380579738,2020-03-10 13:00:00,2,0,2,2,1269807044,M. Prosecky,L,FA,R,1.40037025865,4.21961442396,19.9291401734,-8.02796521313,6.19856950493,B,K,1.97834268055,6.00735642441,89.8744987863,2334.04058948,158.09140606,0.13
868,2020,5467,LOU,D1 Atlantic Coast Conference,730317056,CHIC,380579738,2020-03-10 13:00:00,2,1,2,2,1269807044,M. Prosecky,L,FA,R,-0.873289075207,2.44349851527,15.6569679947,-5.33149817598,6.3929618123,F,K,2.07005825574,5.87553374909,91.5409720037,2390.92718008,161.229740328,0.0
869,2020,5467,LOU,D1 Atlantic Coast Conference,730317056,CHIC,380579738,2020-03-10 13:00:00,2,1,2,2,1269807044,M. Prosecky,L,CH,R,0.21812288284,1.14098293482,11.1457841852,-15.4649541089,6.81183979717,SS,K,1.72076445388,5.80553008377,83.5279187217,1891.44257086,125.868933598,-0.15
870,2020,5467,LOU,D1 Atlantic Coast Conference,730317056,CHIC,380579738,2020-03-10 13:00:00,3,0,0,0,1269807044,M. Prosecky,L,SL,R,-1.08182814691,2.9213064522,6.48131728099,6.48224626971,5.82438419056,SL,IP_OUT,1.84662135037,5.99215436862,75.0024194922,2124.82253301,224.794792931,-0.15
871,2020,5467,LOU,D1 Atlantic Coast Conference,730317056,CHIC,380579738,2020-03-10 13:00:00,3,0,1,0,1269807044,M. Prosecky,L,SL,R,-0.601115165214,1.34219348982,5.44248481987,4.66657131317,5.8367684938,B,IP_OUT,1.63912134125,5.94210068139,75.0305212666,2214.78814345,220.366591689,0.13
872,2020,5467,LOU,D1 Atlantic Coast Conference,730317056,CHIC,380579738,2020-03-10 13:00:00,3,0,0,1,1269807044,M. Prosecky,L,FA,L,0.977806843552,3.86902394446,14.7471575917,-5.7021425227,6.60679600214,B,K,2.06230850896,5.93380196177,89.0794940344,2148.52990083,158.902610051,0.13
873,2020,5467,LOU,D1 Atlantic Coast Conference,730317056,CHIC,380579738,2020-03-10 13:00:00,3,1,1,1,1269807044,M. Prosecky,L,FA,L,-1.08216595321,1.92312599336,12.6644377815,-7.36753047284,6.59500920394,SL,K,1.98531580197,5.89006507755,89.518551329,2250.75404189,149.874745707,-0.15
874,2020,5467,LOU,D1 Atlantic Coast Conference,730317056,CHIC,380579738,2020-03-10 13:00:00,3,1,2,1,1269807044,M. Prosecky,L,SL,L,-0.332601378968,2.93343434507,5.05207962069,2.29009568173,5.92005636262,F,K,2.15655788614,5.75225209354,78.1530768542,2214.82040515,204.19657461,0.0
875,2020,5467,LOU,D1 Atlantic Coast Conference,730317056,CHIC,380579738,2020-03-10 13:00:00,3,1,2,1,1269807044,M. Prosecky,L,FA,L,-1.8131053892,2.03934099303,19.4697123662,-8.61767383069,6.50060714367,B,K,1.91280647281,5.95675880452,90.0586964573,2366.3469501,156.159718048,0.13
876,2020,5467,LOU,D1 Atlantic Coast Conference,730317056,CHIC,380579738,2020-03-10 13:00:00,3,2,2,1,1269807044,M. Prosecky,L,FA,L,-0.15300071684,2.82815289538,20.0704582869,-3.14872415617,6.58771604778,F,K,1.84902517415,5.88806721817,89.5631760688,2299.43037038,171.097923343,0.0
877,2020,5467,LOU,D1 Atlantic Coast Conference,730317056,CHIC,380579738,2020-03-10 13:00:00,3,2,2,1,1269807044,M. Prosecky,L,FA,L,-0.107926312777,3.44680495831,11.0572387375,-2.67241409424,6.63822693093,F,K,1.80459519671,5.90420741091,90.3220598336,2372.05531135,166.44974256,0.0
878,2020,5467,LOU,D1 Atlantic Coast Conference,730317056,CHIC,380579738,2020-03-10 13:00:00,3,2,2,1,1269807044,M. Prosecky,L,SL,L,-1.53305740849,2.40999833845,0.58120935256,3.32038875192,5.76592630757,SS,K,1.91391544615,5.82025195727,78.8765503107,2156.63955084,259.350068947,-0.15
879,2020,5467,LOU,D1 Atlantic Coast Conference,730317056,CHIC,380579738,2020-03-10 13:00:00,3,0,0,2,1269807044,M. Prosecky,L,FA,R,-0.0385444485078,2.82605109292,15.0080778808,-4.98806250216,6.76866089374,F,K,1.98375439686,5.95631398287,90.2122662593,2228.68340695,161.650970747,-0.15
880,2020,5467,LOU,D1 Atlantic Coast Conference,730317056,CHIC,380579738,2020-03-10 13:00:00,3,0,1,2,1269807044,M. Prosecky,L,FA,R,-0.205243694545,2.3409367074,13.0622033803,-2.55248883481,6.35608104879,F,K,2.06889114793,6.07587646354,89.5757114801,2122.3241251,168.969884979,-0.15
881,2020,5467,LOU,D1 Atlantic Coast Conference,730317056,CHIC,380579738,2020-03-10 13:00:00,3,0,2,2,1269807044,M. Prosecky,L,FA,R,-0.512282249427,3.84565000195,16.5258109987,-3.92432618192,6.49747741858,SS,K,1.76791557791,6.15773747837,88.762451913,2240.55598314,166.667186414,-0.15
882,2020,5467,LOU,D1 Atlantic Coast Conference,730317056,CHIC,380579738,2020-03-10 13:00:00,4,0,0,0,1269807044,M. Prosecky,L,CH,R,0.841837535271,2.61266856137,12.5093413024,-11.3496438302,6.2314203033,SS,IP_OUT,1.80320570393,6.1688978264,81.9444358428,1499.56176816,137.870900317,-0.15
883,2020,5467,LOU,D1 Atlantic Coast Conference,730317056,CHIC,380579738,2020-03-10 13:00:00,4,0,1,0,1269807044,M. Prosecky,L,FA,R,1.78379227037,3.6824857358,16.5143920094,-3.31689034183,6.58278008707,B,IP_OUT,1.88971969017,5.94123999519,89.1201223297,2331.4684594,168.664942718,0.13
884,2020,5467,LOU,D1 Atlantic Coast Conference,730317056,CHIC,380579738,2020-03-10 13:00:00,4,1,1,0,1269807044,M. Prosecky,L,FA,R,0.799513757979,3.55414110735,14.6351943677,-5.46967656694,6.51189974055,F,IP_OUT,2.02548185938,5.96393155456,88.8453709677,2264.20193561,159.549253093,-0.15
885,2020,5467,LOU,D1 Atlantic Coast Conference,730317056,CHIC,380579738,2020-03-10 13:00:00,4,0,0,1,1269807044,M. Prosecky,L,SL,L,-1.396393272,1.97440222269,3.07558475298,1.94452283153,5.84404885096,B,IP_OUT,2.09018015334,5.76471196646,76.9359469029,1941.84343002,211.926627606,0.13
886,2020,5467,LOU,D1 Atlantic Coast Conference,730317056,CHIC,380579738,2020-03-10 13:00:00,4,0,0,2,1269807044,M. Prosecky,L,FA,R,-1.01478521186,2.57664986758,9.72693452113,0.0784994087315,6.19995634858,F,K,1.70228351347,5.88730129505,88.5558244599,2290.17926221,180.460820232,-0.15
887,2020,5467,LOU,D1 Atlantic Coast Conference,730317056,CHIC,380579738,2020-03-10 13:00:00,4,0,1,2,1269807044,M. Prosecky,L,FA,R,-0.920326589844,3.90266457639,14.7479270675,-0.000842849662723,6.31829001772,B,K,1.96902191423,5.88959143066,89.5547795922,2257.18982212,179.996732673,0.13
888,2020,5467,LOU,D1 Atlantic Coast Conference,730317056,CHIC,380579738,2020-03-10 13:00:00,4,1,1,2,1269807044,M. Prosecky,L,FA,R,0.969139765564,4.05746406953,14.4439038772,-2.30739691825,6.20111049133,B,K,2.03876768045,5.97574053498,89.7247372918,2208.65756543,170.943565974,0.13
889,2020,5467,LOU,D1 Atlantic Coast Conference,730317056,CHIC,380579738,2020-03-10 13:00:00,4,2,1,2,1269807044,M. Prosecky,L,CH,R,-0.138216417271,2.04642280272,10.4206404568,-11.5644832923,6.54234413128,SS,K,2.01088607999,5.86814265969,82.7158253767,1637.41576006,132.125943761,-0.15
890,2020,5467,LOU,D1 Atlantic Coast Conference,730317056,CHIC,380579738,2020-03-10 13:00:00,5,0,0,0,1269807044,M. Prosecky,L,FA,R,1.28151527807,2.01929613322,14.5422659281,-8.26817012033,6.18536107072,B,IP_OUT,1.90636355877,5.99372504489,86.8563656448,2285.17696767,150.437104325,0.13
891,2020,5467,LOU,D1 Atlantic Coast Conference,730317056,CHIC,380579738,2020-03-10 13:00:00,5,0,0,1,1269807044,M. Prosecky,L,FA,R,-0.940815904832,2.16604324082,16.4259399112,-6.72863064237,6.83432680092,SL,S,1.96265684572,5.93073131692,88.4201686928,2334.39758388,157.76392645,-0.15
892,2020,5467,LOU,D1 Atlantic Coast Conference,730317056,CHIC,380579738,2020-03-10 13:00:00,5,0,1,1,1269807044,M. Prosecky,L,SL,R,-1.92057812832,2.21682694443,3.82261806517,3.81931731511,5.66730311873,B,S,2.03128841937,5.89446027083,74.325481961,2150.06105722,224.613503911,0.13
893,2020,5467,LOU,D1 Atlantic Coast Conference,730317056,CHIC,380579738,2020-03-10 13:00:00,5,0,0,1,1269807044,M. Prosecky,L,FA,R,0.568701290579,2.7220074935,14.2667547436,-9.44147593054,6.29650119176,IP,D,1.96741478208,5.95135977047,87.9285757524,2285.07945838,146.565363037,1.26
894,2020,5467,LOU,D1 Atlantic Coast Conference,730317056,CHIC,380579738,2020-03-10 13:00:00,5,0,0,1,1269807044,M. Prosecky,L,FA,R,0.0730356750838,2.36735370557,15.254037315,-8.01045056054,6.57087725328,F,IP_OUT,1.93362858267,5.91022641189,88.3834396746,2364.90660573,152.345205413,-0.15
895,2020,5467,LOU,D1 Atlantic Coast Conference,730317056,CHIC,380579738,2020-03-10 13:00:00,5,0,1,1,1269807044,M. Prosecky,L,FA,R,-0.712695379712,2.03383626377,15.6854058944,-5.28182332215,6.43415509094,SL,IP_OUT,2.02302169598,6.04008843011,87.1555682242,2245.41485377,161.427130545,-0.15
896,2020,5467,LOU,D1 Atlantic Coast Conference,730317056,CHIC,380579738,2020-03-10 13:00:00,5,0,2,1,1269807044,M. Prosecky,L,CH,R,1.27195834934,3.88309409955,8.51948215087,0.42120229271,5.56141965456,B,IP_OUT,2.12320525935,5.88518776815,76.0260230291,2025.32660193,182.815087962,0.13
897,2020,5467,LOU,D1 Atlantic Coast Conference,730317056,CHIC,380579738,2020-03-10 13:00:00,5,0,0,2,1269807044,M. Prosecky,L,FA,L,-0.624737343853,3.88041276113,13.7931346333,-4.6461767724,6.34629617296,B,IP_OUT,2.0269327998,5.98453781939,88.1007956679,2225.720278,161.425567285,0.13
898,2020,5467,LOU,D1 Atlantic Coast Conference,730317056,CHIC,380579738,2020-03-10 13:00:00,6,0,0,0,1269807044,M. Prosecky,L,SL,R,-0.694561992789,2.27389416589,1.17790277569,4.11880897056,5.692042602,SL,BB,1.85239472007,5.92065633236,74.6112509115,2110.38390131,253.432793118,-0.15
899,2020,5467,LOU,D1 Atlantic Coast Conference,730317056,CHIC,380579738,2020-03-10 13:00:00,6,0,1,0,1269807044,M. Prosecky,L,FA,R,0.973344443462,2.97250156993,13.0427925908,-8.76120187385,6.30142772556,B,BB,2.22613376997,5.91085108859,87.9625116186,2344.95422375,146.17781698,0.13
900,2020,5467,LOU,D1 Atlantic Coast Conference,730317056,CHIC,380579738,2020-03-10 13:00:00,6,1,1,0,1269807044,M. Prosecky,L,FA,R,-0.253646848834,1.45099246129,13.3305823302,-5.21904819626,6.65050285748,B,BB,1.94536202536,5.88730902571,88.1868302444,2326.07656748,158.66706161,0.13
901,2020,5467,LOU,D1 Atlantic Coast Conference,730317056,CHIC,380579738,2020-03-10 13:00:00,6,2,1,0,1269807044,M. Prosecky,L,FA,R,-0.249546546088,1.27059324649,14.0430239193,-6.38947604588,6.58734603409,B,BB,1.97308701902,5.88993818766,88.3250473122,2266.37013934,155.58523485,0.13
902,2020,5467,LOU,D1 Atlantic Coast Conference,730317056,CHIC,380579738,2020-03-10 13:00:00,6,3,1,0,1269807044,M. Prosecky,L,FA,R,-1.09937114134,1.45791653668,17.5556601278,-7.9842957854,6.49762714363,B,BB,1.81441112324,6.0210455586,87.9851874657,2332.68107652,155.5850575,0.8
903,2020,5467,LOU,D1 Atlantic Coast Conference,730317056,CHIC,380579738,2020-03-10 13:00:00,6,0,0,0,1269807044,M. Prosecky,L,CH,R,0.936833216987,4.18463397075,9.33043553588,-11.9954103958,6.17324984908,B,IP_OUT,1.99821069557,5.97024773332,78.8095813099,1488.92252933,128.00093633,0.13
904,2020,5467,LOU,D1 Atlantic Coast Conference,730317056,CHIC,380579738,2020-03-10 13:00:00,6,2,0,0,1269807044,M. Prosecky,L,FA,R,0.65392561943,3.84232466903,16.7659681961,-3.75100095494,6.57240190074,F,IP_OUT,1.91911342929,5.9446827509,86.2928843287,2304.69427178,167.413998256,-0.15
905,2020,5467,LOU,D1 Atlantic Coast Conference,730317056,CHIC,380579738,2020-03-10 13:00:00,6,0,0,1,1269807044,M. Prosecky,L,FA,L,-1.23457145148,2.76371033637,18.1123063948,-5.08073175429,6.66025687321,SL,FC,1.90742131489,5.99375101138,86.7345376525,2174.10194098,164.358323016,-0.15
906,2020,5467,LOU,D1 Atlantic Coast Conference,730317056,CHIC,380579738,2020-03-10 13:00:00,6,0,1,1,1269807044,M. Prosecky,L,SL,L,-0.622723656,2.28375858359,4.64013383804,2.45631724892,5.83543001433,IP,FC,1.9911717486,5.91413409491,75.6188032249,2135.14963724,207.659526559,-0.21
907,2020,5467,LOU,D1 Atlantic Coast Conference,730317056,CHIC,380579738,2020-03-10 13:00:00,6,0,0,2,1269807044,M. Prosecky,L,CH,R,0.316375803567,1.75215595104,7.81762006735,-7.41024796239,6.30691807541,F,BB,2.02851537205,5.89519439127,80.1069409615,1315.26917911,136.679314474,-0.15
908,2020,5467,LOU,D1 Atlantic Coast Conference,730317056,CHIC,380579738,2020-03-10 13:00:00,6,0,1,2,1269807044,M. Prosecky,L,FA,R,-0.857509349889,1.52362677933,14.7414467775,-1.16814023266,6.50818658766,B,BB,2.00256673881,5.87089399072,88.4373346838,2285.07802857,175.479283569,0.13
909,2020,5467,LOU,D1 Atlantic Coast Conference,730317056,CHIC,380579738,2020-03-10 13:00:00,6,1,1,2,1269807044,M. Prosecky,L,FA,R,-1.2590029463,0.748074409131,12.0464942139,-3.94003905277,6.2797511216,B,BB,1.87119414849,5.94957482505,87.3323013304,2257.95617846,161.936593278,0.13
910,2020,5467,LOU,D1 Atlantic Coast Conference,730317056,CHIC,380579738,2020-03-10 13:00:00,6,2,1,2,1269807044,M. Prosecky,L,CH,R,-0.879200896031,0.927200817267,12.8382107412,-14.0534327611,6.4696071921,B,BB,1.87039081818,5.9238253281,81.7094211257,1635.19178381,132.499748284,0.13
911,2020,5467,LOU,D1 Atlantic Coast Conference,730317056,CHIC,380579738,2020-03-10 13:00:00,6,3,1,2,1269807044,M. Prosecky,L,FA,R,-0.21119655173,2.08290595482,8.41789913785,-1.99947092629,6.370281879,F,BB,2.03151929426,5.9222943347,88.0953072913,2308.23111637,166.688794849,-0.15
912,2020,5467,LOU,D1 Atlantic Coast Conference,730317056,CHIC,380579738,2020-03-10 13:00:00,6,3,2,2,1269807044,M. Prosecky,L,FA,R,0.244748039022,3.62967003745,8.19996020612,-5.82014124262,6.75923728886,B,BB,1.97854870475,5.89996636926,87.8612602712,2325.41977315,144.74156794,0.8
913,2020,5467,LOU,D1 Atlantic Coast Conference,730317056,CHIC,380579738,2020-03-10 13:00:00,6,0,0,2,1269807044,M. Prosecky,L,FA,R,-1.09370199291,3.1058511041,12.1044779304,-2.31420836714,6.3159256268,SL,FC,1.87994143498,5.91178557527,88.2616211837,2310.43445553,169.205676778,-0.15
914,2020,5467,LOU,D1 Atlantic Coast Conference,730317056,CHIC,380579738,2020-03-10 13:00:00,6,0,1,2,1269807044,M. Prosecky,L,FA,R,-0.383970442785,1.73508776306,12.9859750057,-8.73289828567,6.57683589834,IP,FC,1.94303951746,5.95763654526,87.9523926502,2246.31388307,146.147586841,-0.21
915,2020,5467,LOU,D1 Atlantic Coast Conference,730317056,CHIC,380579738,2020-03-10 13:00:00,7,0,0,0,1345701528,J. Poland,R,FA,R,0.563067192666,1.17662998985,20.5849341346,4.70530641381,5.05018454381,B,K,-2.32655629557,5.84614826583,91.6065389718,2224.49633487,192.855668094,0.13
916,2020,5467,LOU,D1 Atlantic Coast Conference,730317056,CHIC,380579738,2020-03-10 13:00:00,7,1,0,0,1345701528,J. Poland,R,FA,R,-0.404735713276,1.38863708186,21.8705757402,7.17349824109,5.06252724495,B,K,-2.15718244729,5.852069941,92.8625081514,2270.64751695,198.134639578,0.13
917,2020,5467,LOU,D1 Atlantic Coast Conference,730317056,CHIC,380579738,2020-03-10 13:00:00,7,2,0,0,1345701528,J. Poland,R,FA,R,-0.381362441544,2.45063120916,18.1902981481,4.96713648524,5.31551083323,F,K,-2.15412188642,5.78963977046,91.7255837458,2315.56843628,195.247391185,-0.15
918,2020,5467,LOU,D1 Atlantic Coast Conference,730317056,CHIC,380579738,2020-03-10 13:00:00,7,2,1,0,1345701528,J. Poland,R,SL,R,-0.927451371564,2.67875189826,8.92435048914,-11.5539197688,4.81192333877,SL,K,-2.32239320997,5.69570508493,82.6227256772,2618.85809092,127.810205448,-0.15
919,2020,5467,LOU,D1 Atlantic Coast Conference,730317056,CHIC,380579738,2020-03-10 13:00:00,7,2,2,0,1345701528,J. Poland,R,FA,R,-0.1318673533,2.56494109181,18.2020894135,3.50161861746,5.27600381223,F,K,-2.23659898009,5.81418246088,93.9971973929,2250.54846397,190.871154234,0.0
920,2020,5467,LOU,D1 Atlantic Coast Conference,730317056,CHIC,380579738,2020-03-10 13:00:00,7,2,2,0,1345701528,J. Poland,R,SL,R,-0.655281261432,3.30748922348,0.469305762292,-16.9380441053,4.93868496145,SL,K,-2.1387610529,5.76833688468,81.1115949806,2528.9375374,91.7281011465,-0.15
921,2020,5467,LOU,D1 Atlantic Coast Conference,730317056,CHIC,380579738,2020-03-10 13:00:00,7,0,0,1,1345701528,J. Poland,R,SL,R,-0.322707323866,2.90066642841,-4.53404195075,-17.7075819396,4.94687039412,SL,S,-2.20261209723,5.75505200747,80.7960104695,2536.71776963,75.7665263691,-0.15
922,2020,5467,LOU,D1 Atlantic Coast Conference,730317056,CHIC,380579738,2020-03-10 13:00:00,7,0,1,1,1345701528,J. Poland,R,SL,R,-0.154445353074,2.42256084085,-5.63809797365,-13.1853767178,5.08477794283,IP,S,-2.20939714001,5.67957121921,80.7738184635,2460.45591331,67.0021682375,1.0
923,2020,5467,LOU,D1 Atlantic Coast Conference,730317056,CHIC,380579738,2020-03-10 13:00:00,7,0,0,1,1345701528,J. Poland,R,FA,L,-0.1534520106,1.26601759668,18.8171394465,4.45929714633,5.48456193149,B,S,-2.37360587759,5.75016725377,91.7255346035,2202.21541369,193.309995185,0.13
924,2020,5467,LOU,D1 Atlantic Coast Conference,730317056,CHIC,380579738,2020-03-10 13:00:00,7,1,0,1,1345701528,J. Poland,R,FA,L,0.234447139965,2.35837202616,22.1511796443,6.07575874761,5.44230521824,IP,S,-2.19866966712,5.84116183435,92.1274262734,2371.42818526,195.317091704,1.0
925,2020,5467,LOU,D1 Atlantic Coast Conference,730317056,CHIC,380579738,2020-03-10 13:00:00,7,0,0,1,1345701528,J. Poland,R,FA,R,0.359440407863,2.11381515929,17.0381729532,3.66373918025,5.35576697366,SS,IP_OUT,-2.18646793046,5.84867137195,92.3462532448,2237.37218417,192.113617774,-0.15
926,2020,5467,LOU,D1 Atlantic Coast Conference,730317056,CHIC,380579738,2020-03-10 13:00:00,7,0,0,2,1345701528,J. Poland,R,SL,R,0.309175218651,3.4051903253,-1.74501713584,-17.7349751091,5.02933201267,F,IP_OUT,-2.31294057458,5.72538926977,81.1973271459,2526.65898006,84.5145691642,-0.15
927,2020,5467,LOU,D1 Atlantic Coast Conference,730317056,CHIC,380579738,2020-03-10 13:00:00,7,0,1,2,1345701528,J. Poland,R,SL,R,1.42248469262,1.62768288724,1.98689439461,-19.1564980314,5.01944111618,SS,IP_OUT,-2.11398960859,5.7171483368,82.9571563588,2664.63683866,96.0407951398,-0.15
928,2020,5467,LOU,D1 Atlantic Coast Conference,730317056,CHIC,380579738,2020-03-10 13:00:00,7,0,2,2,1345701528,J. Poland,R,FA,R,2.47027282826,2.25994010278,16.9029773978,8.96313299928,5.52601260142,B,IP_OUT,-2.13926674999,5.80336765793,94.7909614834,2291.03994249,207.893147424,0.13
929,2020,5467,LOU,D1 Atlantic Coast Conference,730317056,CHIC,380579738,2020-03-10 13:00:00,7,1,2,2,1345701528,J. Poland,R,FA,R,0.960376263943,1.75756443787,11.9931057659,15.1437093655,5.6086830869,B,IP_OUT,-2.04198922996,5.85563709437,95.5163078883,2194.50289858,231.554316711,0.13
930,2020,5467,LOU,D1 Atlantic Coast Conference,730317056,CHIC,380579738,2020-03-10 13:00:00,7,2,2,2,1345701528,J. Poland,R,FA,R,0.0743610231103,1.1626755492,15.9274804311,11.9275248605,5.73521528912,B,IP_OUT,-2.16461619224,5.89901336271,93.8608714421,2173.98366463,216.775899207,0.13
931,2020,5467,LOU,D1 Atlantic Coast Conference,730317056,CHIC,380579738,2020-03-10 13:00:00,8,0,0,0,1834807551,K. Tulio,L,FA,L,-1.4460732948,1.20142405032,15.9184736204,-19.3149221775,5.96732153315,B,IP_OUT,2.19584744746,5.90720484986,87.3385978101,1827.66883712,129.555754048,0.13
932,2020,5467,LOU,D1 Atlantic Coast Conference,730317056,CHIC,380579738,2020-03-10 13:00:00,8,1,0,0,1834807551,K. Tulio,L,FA,L,-2.51031132957,1.19055585708,17.0607177127,-16.3312276339,5.74208609494,B,IP_OUT,2.18411998617,5.92379692923,88.0014277047,1894.28225624,136.309623076,0.13
933,2020,5467,LOU,D1 Atlantic Coast Conference,730317056,CHIC,380579738,2020-03-10 13:00:00,8,0,0,1,1834807551,K. Tulio,L,FA,R,0.0191714798142,3.17199457325,9.97609073345,-14.9160010031,5.72126502529,F,S,2.04936391753,5.95603932075,88.7289032109,1768.67362765,123.864634954,-0.15
934,2020,5467,LOU,D1 Atlantic Coast Conference,730317056,CHIC,380579738,2020-03-10 13:00:00,8,0,1,1,1834807551,K. Tulio,L,CU,R,1.70645206098,3.60068569094,-9.49095099716,15.4368696718,4.62811979004,B,S,2.31755295714,5.87993881126,72.9061211949,2558.87860491,301.441510081,0.13
935,2020,5467,LOU,D1 Atlantic Coast Conference,730317056,CHIC,380579738,2020-03-10 13:00:00,8,1,1,1,1834807551,K. Tulio,L,CU,R,0.458736124652,1.64999182449,-16.4556167749,14.0423716562,4.77961974236,SS,S,2.34597562751,5.89320242854,71.0095533314,2536.31256244,319.428503141,-0.15
936,2020,5467,LOU,D1 Atlantic Coast Conference,730317056,CHIC,380579738,2020-03-10 13:00:00,8,1,2,1,1834807551,K. Tulio,L,FA,R,0.285470796437,1.38412488068,10.2888794258,-16.4519733104,5.99311535814,B,S,2.06709706687,5.83642878467,90.1691184805,1938.19127277,122.102707867,0.13
937,2020,5467,LOU,D1 Atlantic Coast Conference,730317056,CHIC,380579738,2020-03-10 13:00:00,8,2,2,1,1834807551,K. Tulio,L,FA,R,0.186323480398,1.80913193746,10.3579330592,-16.0876197607,5.80680743288,IP,S,2.19172919008,5.90458170163,87.5672979378,1859.15439262,122.862341042,1.0
938,2020,5467,LOU,D1 Atlantic Coast Conference,730317056,CHIC,380579738,2020-03-10 13:00:00,8,0,0,1,1834807551,K. Tulio,L,FA,R,1.13670909493,1.61706313458,8.1564702564,-17.7057347794,6.01281161541,SS,S,2.03413349021,5.87688480822,88.7330853688,1870.16509049,114.823874958,-0.15
939,2020,5467,LOU,D1 Atlantic Coast Conference,730317056,CHIC,380579738,2020-03-10 13:00:00,8,0,1,1,1834807551,K. Tulio,L,FA,R,0.896920388674,2.63626165649,14.8812047876,-15.0949234466,5.60357080762,IP,S,2.1587695006,5.99925513053,88.2385008929,1881.70247248,134.658215266,1.0
940,2020,5467,LOU,D1 Atlantic Coast Conference,730317056,CHIC,380579738,2020-03-10 13:00:00,8,0,0,1,1834807551,K. Tulio,L,FA,R,-0.679580921155,2.16776641525,7.36679896804,-18.2153625322,5.90746641323,F,IP_OUT,2.10307019453,5.86514244601,88.0238736728,1821.13281914,112.112427705,-0.15
941,2020,5467,LOU,D1 Atlantic Coast Conference,730317056,CHIC,380579738,2020-03-10 13:00:00,8,0,1,1,1834807551,K. Tulio,L,CU,R,-0.531519457349,2.14856129051,-10.5715865154,19.019951151,4.99321002724,SL,IP_OUT,2.44733863004,5.76435320219,71.7891323909,2432.49458534,298.941240454,-0.15
942,2020,5467,LOU,D1 Atlantic Coast Conference,730317056,CHIC,380579738,2020-03-10 13:00:00,8,0,0,2,1834807551,K. Tulio,L,FA,R,1.05374635361,2.49188316392,18.449709955,-14.7946675625,5.88092269661,F,S,2.09949688446,6.080152609,88.0916596425,1776.21739137,141.326108024,-0.15
943,2020,5467,LOU,D1 Atlantic Coast Conference,730317056,CHIC,380579738,2020-03-10 13:00:00,8,0,1,2,1834807551,K. Tulio,L,CU,R,-0.780187786165,1.38893430369,-9.34954927091,15.6280397505,4.60312392283,B,S,2.23581056363,5.90960703656,72.8775133394,2521.52972395,300.746075702,0.13
944,2020,5467,LOU,D1 Atlantic Coast Conference,730317056,CHIC,380579738,2020-03-10 13:00:00,8,1,1,2,1834807551,K. Tulio,L,CU,R,2.87371213091,3.97142231698,-11.0204692826,14.6430030041,5.00272390726,B,S,2.31974855336,5.86107933984,72.0429404553,2390.44022701,306.832244796,0.13
945,2020,5467,LOU,D1 Atlantic Coast Conference,730317056,CHIC,380579738,2020-03-10 13:00:00,8,2,1,2,1834807551,K. Tulio,L,FA,R,0.549683401993,2.08374716666,13.2533501664,-14.19702375,5.68664635982,IP,S,2.27591092762,5.90264768661,88.1139488905,1840.0434841,133.10481825,1.0
946,2020,5467,LOU,D1 Atlantic Coast Conference,730317056,CHIC,380579738,2020-03-10 13:00:00,8,0,0,2,1834807551,K. Tulio,L,FA,R,-0.724595852734,1.13706985529,12.5881658714,-15.8753049431,5.98129621533,B,K,2.07230213595,5.83492329884,87.7314174749,1795.73001967,128.487770973,0.13
947,2020,5467,LOU,D1 Atlantic Coast Conference,730317056,CHIC,380579738,2020-03-10 13:00:00,8,1,0,2,1834807551,K. Tulio,L,CU,R,-1.43055022139,-0.269067622989,-7.79500990719,15.8129054283,4.83607486969,B,K,2.38029181389,5.99916958028,72.0747512399,2558.6066381,296.082965582,0.13
948,2020,5467,LOU,D1 Atlantic Coast Conference,730317056,CHIC,380579738,2020-03-10 13:00:00,8,2,0,2,1834807551,K. Tulio,L,FA,R,1.06917425764,1.86559415772,12.8164363765,-15.9780525108,5.9382280648,SL,K,2.06903161825,5.88661859388,86.7990075389,1771.03012098,128.809777487,-0.15
949,2020,5467,LOU,D1 Atlantic Coast Conference,730317056,CHIC,380579738,2020-03-10 13:00:00,8,2,1,2,1834807551,K. Tulio,L,CU,R,0.122220225194,1.02317435691,-12.516122049,16.0168963508,4.99645554125,SS,K,2.17245112095,5.86216850687,73.1411388278,2499.71023114,307.890385847,-0.15
950,2020,5467,LOU,D1 Atlantic Coast Conference,730317056,CHIC,380579738,2020-03-10 13:00:00,8,2,2,2,1834807551,K. Tulio,L,FA,R,-0.118912269169,2.4807234046,18.0762341933,-15.604895709,5.6774342741,F,K,2.0015045161,6.02938128609,88.3258171106,1943.48850372,139.24997802,0.0
951,2020,5467,LOU,D1 Atlantic Coast Conference,730317056,CHIC,380579738,2020-03-10 13:00:00,8,2,2,2,1834807551,K. Tulio,L,CU,R,1.15792386954,2.91144335441,-13.6668168859,9.59927111417,4.74074566506,SL,K,2.19436578868,5.82737101589,72.3539721682,2482.41005826,324.811638178,-0.15
952,2020,5467,LOU,D1 Atlantic Coast Conference,730317056,CHIC,380579738,2020-03-10 13:00:00,9,0,0,0,1435830227,C. Lohman,L,FA,L,0.232686965124,3.41538511179,14.7583351708,-9.85423205623,6.65743817574,F,IP_OUT,2.23039928009,5.72327093459,90.1380410447,2141.71458914,146.325618754,-0.15
953,2020,5467,LOU,D1 Atlantic Coast Conference,730317056,CHIC,380579738,2020-03-10 13:00:00,9,0,1,0,1435830227,C. Lohman,L,SL,L,-0.517215636893,2.58476261672,-11.2673731237,14.045760127,5.19387929554,SL,IP_OUT,1.94821991924,5.85223464213,77.156335735,2293.55922149,308.622368055,-0.15
954,2020,5467,LOU,D1 Atlantic Coast Conference,730317056,CHIC,380579738,2020-03-10 13:00:00,9,0,2,0,1435830227,C. Lohman,L,SL,L,-1.79038747935,1.68365259884,-7.05093812938,13.7681869322,4.77743211801,B,IP_OUT,1.90146295605,5.85310469856,77.8561764436,2301.92029453,296.966385453,0.13
955,2020,5467,LOU,D1 Atlantic Coast Conference,730317056,CHIC,380579738,2020-03-10 13:00:00,9,0,0,1,1435830227,C. Lohman,L,FA,R,0.60409789048,3.67602604106,15.1651349033,-9.47260310595,5.96039770077,B,K,2.1888333725,5.64235576361,91.1261707033,2182.2103295,148.063950743,0.13
956,2020,5467,LOU,D1 Atlantic Coast Conference,730317056,CHIC,380579738,2020-03-10 13:00:00,9,1,0,1,1435830227,C. Lohman,L,FA,R,0.103735156216,2.59255718505,13.7519614095,-10.1609420176,6.11182768996,F,K,2.2105256263,5.80588877867,90.7612746194,2188.56977358,143.603116714,-0.15
957,2020,5467,LOU,D1 Atlantic Coast Conference,730317056,CHIC,380579738,2020-03-10 13:00:00,9,1,1,1,1435830227,C. Lohman,L,SL,R,0.987771795823,2.82665176176,-10.8420301777,11.6678752984,5.24168366403,SL,K,2.11610313301,5.7699738573,76.2672705896,2276.57038694,312.775282548,-0.15
958,2020,5467,LOU,D1 Atlantic Coast Conference,730317056,CHIC,380579738,2020-03-10 13:00:00,9,1,2,1,1435830227,C. Lohman,L,SL,R,0.338110555537,1.21050887209,-15.1730461699,12.5053177092,4.86748380526,SS,K,2.0894830758,5.84386510401,76.8238969986,2232.41543222,320.417946166,-0.15
959,2020,5467,LOU,D1 Atlantic Coast Conference,730317056,CHIC,380579738,2020-03-10 13:00:00,9,0,0,2,1435830227,C. Lohman,L,SL,R,-0.0356637091917,0.349653473651,-12.4849372339,12.5808464756,5.27650120665,SS,K,2.23885152319,5.90051519664,76.8119133141,2242.75045486,314.674712655,-0.15
960,2020,5467,LOU,D1 Atlantic Coast Conference,730317056,CHIC,380579738,2020-03-10 13:00:00,9,0,1,2,1435830227,C. Lohman,L,CU,R,0.0277875195371,0.712246999194,-13.0935835526,12.3843444582,5.02935300053,B,K,2.07041191837,5.8734139187,76.0520340986,2157.35093755,316.489657285,0.13
961,2020,5467,LOU,D1 Atlantic Coast Conference,730317056,CHIC,380579738,2020-03-10 13:00:00,9,1,1,2,1435830227,C. Lohman,L,CU,R,0.657713110212,1.56121796841,-15.9804201862,15.5297574642,5.31375443854,F,K,2.15239872715,5.8075488767,75.9569808968,2268.34417835,315.733851771,-0.15
962,2020,5467,LOU,D1 Atlantic Coast Conference,730317056,CHIC,380579738,2020-03-10 13:00:00,9,1,2,2,1435830227,C. Lohman,L,FA,R,0.0399902617557,1.81225993362,12.1182745485,-5.82432248447,6.23854703104,F,K,2.23045884495,5.54222141832,91.3139251807,2226.29804245,154.387756939,0.0
963,2020,5467,LOU,D1 Atlantic Coast Conference,730317056,CHIC,380579738,2020-03-10 13:00:00,9,1,2,2,1435830227,C. Lohman,L,FA,R,0.23458585998,3.47109040952,11.0901586811,-4.08017866818,5.82779015596,SS,K,2.33770656847,5.63844791007,91.1973971048,2303.64347102,159.853586014,-0.15
964,2020,5466,AUB,D1 Southeastern Conference,730317056,CHIC,327176368,2020-03-08 13:00:00,1,0,0,0,1586737984,B. Horn,L,FA,R,-0.0104200450213,2.78154120189,22.5818778887,-8.16777329715,5.43056464113,SS,K,0.85121139945,6.24239940856,89.0615237597,2245.82529397,160.142534171,-0.15
965,2020,5466,AUB,D1 Southeastern Conference,730317056,CHIC,327176368,2020-03-08 13:00:00,1,0,1,0,1586737984,B. Horn,L,FA,R,0.929921106647,3.01092291234,19.371225211,-9.43207271396,5.40850257582,F,K,0.917847889799,6.00099748279,89.3662336972,2321.75564325,154.077154439,-0.15
966,2020,5466,AUB,D1 Southeastern Conference,730317056,CHIC,327176368,2020-03-08 13:00:00,1,0,2,0,1586737984,B. Horn,L,CU,R,1.27338703549,1.77061355821,-9.00203553531,5.92730759907,4.86525043646,B,K,1.01903281165,6.01014347491,75.005406818,2526.76718116,326.494407592,0.13
967,2020,5466,AUB,D1 Southeastern Conference,730317056,CHIC,327176368,2020-03-08 13:00:00,1,1,2,0,1586737984,B. Horn,L,FA,R,-0.352746729194,3.83689200886,23.0365550086,-7.6476391287,5.3552714947,B,K,0.778572352053,6.27075456258,90.7655981594,2275.84953336,161.659514466,0.13
968,2020,5466,AUB,D1 Southeastern Conference,730317056,CHIC,327176368,2020-03-08 13:00:00,1,2,2,0,1586737984,B. Horn,L,FA,R,-0.0527616644612,1.65530079578,23.0549362065,-6.23524046065,5.51508972396,SL,K,0.943545432787,6.13522756504,90.3696617122,2316.38155745,164.886912332,-0.15
969,2020,5466,AUB,D1 Southeastern Conference,730317056,CHIC,327176368,2020-03-08 13:00:00,1,0,0,1,1586737984,B. Horn,L,FA,L,-0.453203716697,2.40910077875,22.1351061212,-7.32885172384,5.53754698012,SS,K,0.748250414313,6.26748000265,91.4522370289,2317.06414582,161.705197499,-0.15
970,2020,5466,AUB,D1 Southeastern Conference,730317056,CHIC,327176368,2020-03-08 13:00:00,1,0,1,1,1586737984,B. Horn,L,FA,L,-0.86855228407,2.68008785809,22.4430948431,-6.58756342011,5.37394023249,SS,K,0.673243563884,6.24552748363,91.1303209109,2259.55443857,163.664324196,-0.15
971,2020,5466,AUB,D1 Southeastern Conference,730317056,CHIC,327176368,2020-03-08 13:00:00,1,0,2,1,1586737984,B. Horn,L,FA,L,0.152650616978,3.61070093858,21.8364974204,-9.4757711434,5.34076190567,F,K,0.948600303946,6.30182748527,92.4901670156,2312.41832828,156.572282024,0.0
972,2020,5466,AUB,D1 Southeastern Conference,730317056,CHIC,327176368,2020-03-08 13:00:00,1,0,2,1,1586737984,B. Horn,L,FA,L,-0.182783056906,2.32600520393,21.6273978712,-6.64896268057,5.5451481022,F,K,0.664350447642,6.29764034193,93.7823893006,2311.77546765,162.933469747,0.0
973,2020,5466,AUB,D1 Southeastern Conference,730317056,CHIC,327176368,2020-03-08 13:00:00,1,0,0,2,1586737984,B. Horn,L,FA,R,-0.102020771773,2.16022436557,18.7971972968,-10.2154727387,5.60408087484,SS,K,1.01302928317,6.14405652555,93.0733570012,2275.1481229,151.517555521,-0.15
974,2020,5466,AUB,D1 Southeastern Conference,730317056,CHIC,327176368,2020-03-08 13:00:00,1,0,1,2,1586737984,B. Horn,L,SL,R,-0.920873422318,1.44028470607,8.15567545397,7.78236842436,4.96714612545,SS,K,0.926871830291,6.04728448425,83.62268667,2466.47810122,223.520587367,-0.15
975,2020,5466,AUB,D1 Southeastern Conference,730317056,CHIC,327176368,2020-03-08 13:00:00,1,0,2,2,1586737984,B. Horn,L,FA,R,0.00634351841323,3.27772155577,19.474820956,-8.47460570554,5.61363058787,SS,K,0.732965222737,6.24883153989,93.9388004462,2346.44675955,156.516013249,-0.15
976,2020,5466,AUB,D1 Southeastern Conference,730317056,CHIC,327176368,2020-03-08 13:00:00,2,0,0,1,1586737984,B. Horn,L,FA,R,-0.527470532802,2.3415739642,21.3953975084,-4.51421557025,5.5917627597,SL,K,0.912284433801,6.20921252767,90.3302830156,2207.4862545,168.103380917,-0.15
977,2020,5466,AUB,D1 Southeastern Conference,730317056,CHIC,327176368,2020-03-08 13:00:00,2,0,1,1,1586737984,B. Horn,L,FA,R,-0.274804088167,2.13735923358,21.0037103506,-10.5690904352,5.4173905023,SS,K,0.966805604731,6.21009175574,91.8237727099,2255.3519014,153.322884133,-0.15
978,2020,5466,AUB,D1 Southeastern Conference,730317056,CHIC,327176368,2020-03-08 13:00:00,2,0,2,1,1586737984,B. Horn,L,FA,R,0.28944046429,5.28989329842,19.9132622892,-4.31588632229,5.65548107121,B,K,0.939559013873,6.17542029247,92.3512093529,2293.17436349,167.789625755,0.13
979,2020,5466,AUB,D1 Southeastern Conference,730317056,CHIC,327176368,2020-03-08 13:00:00,2,1,2,1,1586737984,B. Horn,L,FA,R,-1.50733892021,1.10823831855,21.6832468056,-6.97364170635,5.60004445791,B,K,0.923423072233,6.16624174722,93.7724560263,2314.21711577,162.194707469,0.13
980,2020,5466,AUB,D1 Southeastern Conference,730317056,CHIC,327176368,2020-03-08 13:00:00,2,2,2,1,1586737984,B. Horn,L,FA,R,-0.233505134923,2.99177229402,23.0629028139,-8.40737059248,5.67010247342,B,K,0.93666304291,6.28337070035,91.6546929599,2269.46999278,159.996186338,0.13
981,2020,5466,AUB,D1 Southeastern Conference,730317056,CHIC,327176368,2020-03-08 13:00:00,2,3,2,1,1586737984,B. Horn,L,SL,R,0.549410486158,1.94647070267,6.93034054591,6.76460379453,5.09169997705,F,K,1.26139237261,6.02037930783,83.5569762066,2321.87094248,224.150742357,0.0
982,2020,5466,AUB,D1 Southeastern Conference,730317056,CHIC,327176368,2020-03-08 13:00:00,2,3,2,1,1586737984,B. Horn,L,FA,R,0.218239746878,3.005317668,24.0479084231,-7.12309639796,5.34325228406,SS,K,0.966860889165,6.24694177896,91.7266033382,2234.73630032,163.521532075,-0.15
983,2020,5466,AUB,D1 Southeastern Conference,730317056,CHIC,327176368,2020-03-08 13:00:00,2,0,0,2,1586737984,B. Horn,L,FA,L,-0.314213810094,1.51089183407,23.4724760476,-11.5894290747,5.58187718218,B,IP_OUT,1.02562659931,6.12866690225,91.3782781557,2299.69457766,153.753999974,0.13
984,2020,5466,AUB,D1 Southeastern Conference,730317056,CHIC,327176368,2020-03-08 13:00:00,2,1,0,2,1586737984,B. Horn,L,FA,L,-0.679378857923,1.89735629504,21.947439441,-9.98056652315,5.60553685472,F,IP_OUT,0.971326972225,6.15268829563,91.6943360282,2305.58854185,155.578073597,-0.15
985,2020,5466,AUB,D1 Southeastern Conference,730317056,CHIC,327176368,2020-03-08 13:00:00,2,1,1,2,1586737984,B. Horn,L,SL,L,0.377217344746,3.29323374581,6.53496581135,7.50617472008,4.91886591301,B,IP_OUT,1.09676644613,6.03305674874,83.1806375774,2467.02825541,228.78560137,0.13
986,2020,5466,AUB,D1 Southeastern Conference,730317056,CHIC,327176368,2020-03-08 13:00:00,2,2,1,2,1586737984,B. Horn,L,FA,L,-0.403838481113,2.44928437113,20.5244047621,-6.11131561379,5.60646070414,F,IP_OUT,0.963722412718,6.13469107044,91.9602660531,2239.184101,163.442816951,-0.15
987,2020,5466,AUB,D1 Southeastern Conference,730317056,CHIC,327176368,2020-03-08 13:00:00,2,2,2,2,1586737984,B. Horn,L,SL,L,-0.911559606452,1.90685283338,9.8925915873,5.41139956157,5.12054498519,F,IP_OUT,1.09975024167,6.11001305269,84.8920747177,2577.97444646,208.58852699,0.0
988,2020,5466,AUB,D1 Southeastern Conference,730317056,CHIC,327176368,2020-03-08 13:00:00,3,0,0,0,1586737984,B. Horn,L,FA,R,0.211054363404,2.95950374186,21.2232382402,-2.57347384172,5.31605421373,F,K,1.20256858904,6.19166102339,87.1364424796,2224.04132399,173.097663472,-0.15
989,2020,5466,AUB,D1 Southeastern Conference,730317056,CHIC,327176368,2020-03-08 13:00:00,3,0,1,0,1586737984,B. Horn,L,SL,R,-1.30876684172,1.66493287471,3.97938039867,9.79617297824,5.09685232907,SS,K,1.2372530468,5.99399534834,82.1256670426,2327.21001491,247.691680562,-0.15
990,2020,5466,AUB,D1 Southeastern Conference,730317056,CHIC,327176368,2020-03-08 13:00:00,3,0,0,1,1586737984,B. Horn,L,FA,R,-0.339027894169,-0.487733528572,17.8869406711,-12.9576696894,5.42827219459,B,S,1.18408900308,6.12274242135,90.245205304,2222.58235416,144.130258928,0.13
991,2020,5466,AUB,D1 Southeastern Conference,730317056,CHIC,327176368,2020-03-08 13:00:00,3,1,0,1,1586737984,B. Horn,L,FA,R,0.318687815656,1.9344174651,21.6820415495,-10.7575751807,5.31854102105,F,S,0.907736536898,6.26172665742,90.7615093553,2334.99703394,153.64614505,-0.15
992,2020,5466,AUB,D1 Southeastern Conference,730317056,CHIC,327176368,2020-03-08 13:00:00,3,1,1,1,1586737984,B. Horn,L,FA,R,0.401817119503,1.87275814487,22.9816348011,-9.28181646851,5.34764465351,IP,S,0.980689051403,6.28173669303,91.2435283596,2177.87974518,158.035448708,1.0
993,2020,5466,AUB,D1 Southeastern Conference,730317056,CHIC,327176368,2020-03-08 13:00:00,3,0,0,1,1586737984,B. Horn,L,FA,R,-0.0854063082042,2.8476768501,16.3789480163,-7.34424621285,5.5668574607,F,K,0.959778940061,5.99396462178,90.2010210785,2306.24963736,155.891293514,-0.15
994,2020,5466,AUB,D1 Southeastern Conference,730317056,CHIC,327176368,2020-03-08 13:00:00,3,0,1,1,1586737984,B. Horn,L,FA,R,0.190469563745,2.46093984722,22.6383090798,-8.9242712706,5.47418881309,SS,K,0.950614610911,6.13110899093,90.5340952869,2247.44605975,158.513478787,-0.15
995,2020,5466,AUB,D1 Southeastern Conference,730317056,CHIC,327176368,2020-03-08 13:00:00,3,0,2,1,1586737984,B. Horn,L,FA,R,0.056297214259,2.02705343509,19.3603134114,-7.07945165115,5.63987722732,SS,K,0.855345372754,6.12037462854,92.5426350979,2206.83048914,159.943814399,-0.15
996,2020,5466,AUB,D1 Southeastern Conference,730317056,CHIC,327176368,2020-03-08 13:00:00,3,0,0,2,1586737984,B. Horn,L,FA,R,-0.00972875652838,2.60857692998,22.4221618544,-6.82692219966,5.51746306239,SS,NO_PLAY,1.11251241971,6.09749141211,90.9161918933,2311.18741412,163.089018667,-0.15
997,2020,5466,AUB,D1 Southeastern Conference,730317056,CHIC,327176368,2020-03-08 13:00:00,4,0,0,0,1586737984,B. Horn,L,FA,R,0.0450917473662,1.43085689045,21.7070758767,-11.9912516393,5.42012115598,B,S,1.05733487968,6.21247505274,88.6864708717,2184.27281517,151.12127181,0.13
998,2020,5466,AUB,D1 Southeastern Conference,730317056,CHIC,327176368,2020-03-08 13:00:00,4,1,0,0,1586737984,B. Horn,L,CU,R,0.73821104933,1.81310571286,-4.88446567863,9.06809274597,4.75945100399,IP,S,1.05196817468,6.06286307619,72.3488303193,2478.66686445,298.049422932,1.0
999,2020,5466,AUB,D1 Southeastern Conference,730317056,CHIC,327176368,2020-03-08 13:00:00,4,0,0,0,1586737984,B. Horn,L,FA,L,0.0521308494291,2.28674246386,24.5076884514,-9.46461729036,5.54633096639,IP,S,0.964223199404,6.22784601918,89.5846688974,2257.15828994,158.91026794,1.0
1000,2020,5466,AUB,D1 Southeastern Conference,730317056,CHIC,327176368,2020-03-08 13:00:00,4,0,0,0,1586737984,B. Horn,L,SL,R,-0.267490983369,1.48281270335,8.0445974775,12.0917856315,5.28105385133,B,K,1.09670881415,6.04736469853,81.8397553848,2439.78348307,236.232009411,0.13
1001,2020,5466,AUB,D1 Southeastern Conference,730317056,CHIC,327176368,2020-03-08 13:00:00,4,1,0,0,1586737984,B. Horn,L,FA,R,2.09100580848,3.62199790765,21.9421627027,-9.45181640849,5.4596476874,B,K,0.991064775058,6.18389423075,90.8127898231,2279.8501824,156.726569707,0.13
1002,2020,5466,AUB,D1 Southeastern Conference,730317056,CHIC,327176368,2020-03-08 13:00:00,4,2,0,0,1586737984,B. Horn,L,FA,R,1.00158742731,3.04499468316,25.1013933669,-12.2185280172,5.51290010961,SS,K,0.936433492356,6.24770226186,90.9893190748,2302.56378657,154.074179079,-0.15
1003,2020,5466,AUB,D1 Southeastern Conference,730317056,CHIC,327176368,2020-03-08 13:00:00,4,2,1,0,1586737984,B. Horn,L,FA,R,0.146414948748,2.91828691445,23.8628218318,-8.39456994222,5.60668221711,SS,K,0.907538900064,6.22910229315,91.4644156058,2367.27358754,160.64323968,-0.15
1004,2020,5466,AUB,D1 Southeastern Conference,730317056,CHIC,327176368,2020-03-08 13:00:00,4,2,2,0,1586737984,B. Horn,L,FA,R,-0.0291055066307,2.99061774629,23.9283809516,-11.8804002817,5.80874312897,SS,K,0.845027029598,6.23497631019,92.7439963576,2384.68004526,153.625205025,-0.15
1005,2020,5466,AUB,D1 Southeastern Conference,730317056,CHIC,327176368,2020-03-08 13:00:00,4,0,0,1,1586737984,B. Horn,L,CH,R,0.392270789535,0.613625557897,14.825762537,-11.7506475563,5.81893853303,B,K,1.02111690137,5.9835839186,83.9079797411,1804.09109225,141.671221534,0.13
1006,2020,5466,AUB,D1 Southeastern Conference,730317056,CHIC,327176368,2020-03-08 13:00:00,4,1,0,1,1586737984,B. Horn,L,SL,R,-0.0769177027646,2.69856767296,-7.32978106899,16.5276394712,4.69468756469,SL,K,0.929990318619,6.01289004387,75.0094319512,2581.09617204,293.772679394,-0.15
1007,2020,5466,AUB,D1 Southeastern Conference,730317056,CHIC,327176368,2020-03-08 13:00:00,5,0,0,0,1586737984,B. Horn,L,FA,R,-1.31216972253,1.90779441998,18.8475414871,-5.75856838653,5.50620110699,B,K,0.989556459779,6.21599669729,89.8422333857,2269.29754463,163.038505127,0.13
1008,2020,5466,AUB,D1 Southeastern Conference,730317056,CHIC,327176368,2020-03-08 13:00:00,5,1,0,0,1586737984,B. Horn,L,FA,R,0.31873060851,2.52386656261,23.7636669353,-9.86482136412,5.46022072707,F,K,1.03940844634,6.22361253558,91.0774219961,2305.94242434,157.483411884,-0.15
1009,2020,5466,AUB,D1 Southeastern Conference,730317056,CHIC,327176368,2020-03-08 13:00:00,5,1,1,0,1586737984,B. Horn,L,FA,R,-0.442873632155,2.5436584916,21.3153964127,-5.94325015485,5.68080409798,F,K,0.900473627604,6.26600373101,91.0225295747,2147.42857071,164.44250988,-0.15
1010,2020,5466,AUB,D1 Southeastern Conference,730317056,CHIC,327176368,2020-03-08 13:00:00,5,1,2,0,1586737984,B. Horn,L,SL,R,0.415524793313,0.57564687434,7.08132879796,5.53508099185,5.17093295932,B,K,0.979831915609,6.19395521701,82.0652949424,2286.00191026,217.857441,0.13
1011,2020,5466,AUB,D1 Southeastern Conference,730317056,CHIC,327176368,2020-03-08 13:00:00,5,2,2,0,1586737984,B. Horn,L,FA,R,0.895301279795,3.65947220961,21.2547698917,-6.5447579481,5.42080448808,F,K,0.892393292092,6.17624370646,92.0060719504,2249.42776797,162.909361557,0.0
1012,2020,5466,AUB,D1 Southeastern Conference,730317056,CHIC,327176368,2020-03-08 13:00:00,5,2,2,0,1586737984,B. Horn,L,SL,R,-0.257643923105,1.86134440287,1.52996701245,8.91845178121,4.98203971494,SS,K,1.11782838447,6.01667785925,83.2603680498,2441.79975655,260.019609172,-0.15
1013,2020,5466,AUB,D1 Southeastern Conference,730317056,CHIC,327176368,2020-03-08 13:00:00,5,0,0,1,1586737984,B. Horn,L,FA,L,0.219768885996,3.44179039505,19.1750970615,-2.94852306282,5.59615563521,F,K,0.850784689379,6.1887864126,90.9719900537,2243.25732848,171.272799406,-0.15
1014,2020,5466,AUB,D1 Southeastern Conference,730317056,CHIC,327176368,2020-03-08 13:00:00,5,0,1,1,1586737984,B. Horn,L,FA,L,-0.384911599054,2.25001226089,23.9935038762,-4.47020655641,5.62770553967,SL,K,0.93628992437,6.10702190366,90.3394333548,2229.39504949,169.460211329,-0.15
1015,2020,5466,AUB,D1 Southeastern Conference,730317056,CHIC,327176368,2020-03-08 13:00:00,5,0,2,1,1586737984,B. Horn,L,FA,L,0.137925045293,2.80863620568,20.4007913528,-4.86619309559,5.61008525753,F,K,0.684811621438,6.29066610447,92.215524913,2279.8080476,166.603678716,0.0
1016,2020,5466,AUB,D1 Southeastern Conference,730317056,CHIC,327176368,2020-03-08 13:00:00,5,0,2,1,1586737984,B. Horn,L,SL,L,0.253471077002,1.06031736778,1.32198775444,9.88177543497,5.03276973621,F,K,1.09968901473,6.04832906862,80.7174306918,2559.5923814,262.140110476,0.0
1017,2020,5466,AUB,D1 Southeastern Conference,730317056,CHIC,327176368,2020-03-08 13:00:00,5,0,2,1,1586737984,B. Horn,L,FA,L,1.02428246806,3.89691755714,22.0793610069,-8.52845639553,5.48329125474,F,K,0.907130202004,6.13313106638,90.7534911805,2292.24823791,158.908718858,0.0
1018,2020,5466,AUB,D1 Southeastern Conference,730317056,CHIC,327176368,2020-03-08 13:00:00,5,0,2,1,1586737984,B. Horn,L,FA,L,0.367291043059,3.30255311062,21.5026086074,-5.99775468301,5.46299106452,SS,K,0.74475795827,6.23493361588,94.0757835774,2180.86777241,164.435157055,-0.15
1019,2020,5466,AUB,D1 Southeastern Conference,730317056,CHIC,327176368,2020-03-08 13:00:00,5,0,0,2,1586737984,B. Horn,L,SL,R,0.0905005010747,2.24901804118,10.5109967537,7.72761819219,5.2495438995,F,S,1.21009696814,6.0091337107,84.414010736,2441.58492208,216.225744139,-0.15
1020,2020,5466,AUB,D1 Southeastern Conference,730317056,CHIC,327176368,2020-03-08 13:00:00,5,0,1,2,1586737984,B. Horn,L,FA,R,-0.349341336034,2.91042250909,21.1687749863,-4.88032041723,5.61549150713,F,S,0.997372843562,6.27566417459,92.5998414478,2306.1860138,167.036354608,-0.15
1021,2020,5466,AUB,D1 Southeastern Conference,730317056,CHIC,327176368,2020-03-08 13:00:00,5,0,2,2,1586737984,B. Horn,L,FA,R,-0.458294799847,1.84945169124,20.3404989852,-7.07627255003,5.70805224703,IP,S,0.850848689457,6.27782441564,93.1774582484,2266.06090104,160.844867454,1.0
1022,2020,5466,AUB,D1 Southeastern Conference,730317056,CHIC,327176368,2020-03-08 13:00:00,6,0,0,0,1586737984,B. Horn,L,FA,R,-0.896680638497,3.55357345502,14.907278545,-6.25728815656,5.33630654289,B,IP_OUT,0.930916504611,6.26342405828,88.8607707809,2196.97243704,157.275860125,0.13
1023,2020,5466,AUB,D1 Southeastern Conference,730317056,CHIC,327176368,2020-03-08 13:00:00,6,0,0,1,1586737984,B. Horn,L,FA,R,-2.87808552874,0.189302311157,19.4290927749,-9.97716035366,5.49837964257,HBP,HBP,0.975714327269,6.22233792916,90.3317911024,2244.71192887,152.858459518,0.8
1024,2020,5466,AUB,D1 Southeastern Conference,730317056,CHIC,327176368,2020-03-08 13:00:00,6,0,0,2,1586737984,B. Horn,L,FA,L,-0.161915510767,2.76693449173,20.3991224042,-3.8908212623,5.56189848188,F,K,1.0148097416,6.18630785978,90.8205339318,2166.25930625,169.218142534,-0.15
1025,2020,5466,AUB,D1 Southeastern Conference,730317056,CHIC,327176368,2020-03-08 13:00:00,6,0,1,2,1586737984,B. Horn,L,FA,L,0.060125489492,2.36350614582,22.381405553,-6.30361641512,5.55628099264,F,K,0.958054860186,6.23596539232,90.88709872,2267.296183,164.292046009,-0.15
1026,2020,5466,AUB,D1 Southeastern Conference,730317056,CHIC,327176368,2020-03-08 13:00:00,6,1,2,2,1586737984,B. Horn,L,SL,L,0.10297554233,2.86341623953,2.14345041326,9.38569062151,5.11314656586,SL,K,1.08856201547,6.25474136102,82.120633391,2366.69942962,256.903654188,-0.15
1027,2020,5466,AUB,D1 Southeastern Conference,730317056,CHIC,327176368,2020-03-08 13:00:00,7,0,0,0,1792009967,B. Burkhalter,R,FA,R,-0.842641758484,0.603590290614,20.8862440227,12.8951672668,5.71280825413,B,IP_OUT,-1.89594279461,5.40909948183,91.2122859789,2151.24961303,211.651625737,0.13
1028,2020,5466,AUB,D1 Southeastern Conference,730317056,CHIC,327176368,2020-03-08 13:00:00,7,0,0,1,1792009967,B. Burkhalter,R,SL,R,1.23473655094,3.10070689018,1.09793332596,-9.84814597463,5.62034153675,B,S,-1.70186107574,5.42848140476,78.4035172697,2108.96260357,96.6133316549,0.13
1029,2020,5466,AUB,D1 Southeastern Conference,730317056,CHIC,327176368,2020-03-08 13:00:00,7,1,0,1,1792009967,B. Burkhalter,R,FA,R,0.182836530333,1.80655318237,20.3811957024,6.12251068171,5.95043257452,SL,S,-2.065894662,5.3683755388,90.9657525472,2193.93744733,196.695488285,-0.15
1030,2020,5466,AUB,D1 Southeastern Conference,730317056,CHIC,327176368,2020-03-08 13:00:00,7,1,1,1,1792009967,B. Burkhalter,R,FA,R,0.270427428434,1.40121238044,23.4082843615,9.02894945905,5.62872036733,B,S,-1.96866911949,5.34819375002,92.1850417681,2042.24013424,201.066555307,0.13
1031,2020,5466,AUB,D1 Southeastern Conference,730317056,CHIC,327176368,2020-03-08 13:00:00,7,2,1,1,1792009967,B. Burkhalter,R,FA,R,1.47181620328,2.62823999242,25.0750552742,-0.482290621971,6.36112204372,SS,S,-1.715325583,5.35844472158,93.3905605508,2276.10526433,178.899428758,-0.15
1032,2020,5466,AUB,D1 Southeastern Conference,730317056,CHIC,327176368,2020-03-08 13:00:00,7,2,2,1,1792009967,B. Burkhalter,R,FA,R,-0.642762162337,3.18188398654,20.1634222105,12.3106548432,5.86383687449,IP,S,-1.96436504052,5.35243926318,91.7714005005,2132.69260764,211.366429498,1.0
1033,2020,5466,AUB,D1 Southeastern Conference,730317056,CHIC,327176368,2020-03-08 13:00:00,7,0,0,1,1792009967,B. Burkhalter,R,FA,R,-1.06400580662,1.56685767401,18.0255300883,11.5899050582,5.8879085516,IP,DP,-2.03908375445,5.31493822121,90.9181959595,2119.3065574,212.693831477,-0.21
1034,2020,5466,AUB,D1 Southeastern Conference,730317056,CHIC,327176368,2020-03-08 13:00:00,8,0,0,0,1790507720,C. Skipper,L,CU,L,0.704251443401,1.35538816589,-13.0454796328,5.69584867616,6.01724678132,B,BB,0.167024762146,6.39806774673,71.1046355541,2376.84166798,336.327086775,0.13
1035,2020,5466,AUB,D1 Southeastern Conference,730317056,CHIC,327176368,2020-03-08 13:00:00,8,1,0,0,1790507720,C. Skipper,L,FA,L,-1.0355309224,2.57698212942,20.0436310184,-6.49727570805,6.67349589928,SL,BB,-0.124513703282,6.58018513018,90.6605406495,2326.28557814,162.065673134,-0.15
1036,2020,5466,AUB,D1 Southeastern Conference,730317056,CHIC,327176368,2020-03-08 13:00:00,8,1,1,0,1790507720,C. Skipper,L,FA,L,-0.94799990721,0.588476392409,19.4328605028,-7.81793314968,6.62772204806,B,BB,-0.12379731803,6.59841343777,90.0544055531,2269.95064648,158.117275085,0.13
1037,2020,5466,AUB,D1 Southeastern Conference,730317056,CHIC,327176368,2020-03-08 13:00:00,8,2,1,0,1790507720,C. Skipper,L,FA,L,-1.13381955199,3.48081101852,15.691677493,-4.05638825034,6.75291363782,B,BB,-0.190251877172,6.4810259421,89.8812499821,2285.31256597,165.533851014,0.13
1038,2020,5466,AUB,D1 Southeastern Conference,730317056,CHIC,327176368,2020-03-08 13:00:00,8,3,1,0,1790507720,C. Skipper,L,FA,L,-0.404848399385,1.90314210353,20.0549551443,-6.21550360871,6.55129100417,F,BB,0.00717233792571,6.57629013803,89.0109322304,2241.30179339,162.806951513,-0.15
1039,2020,5466,AUB,D1 Southeastern Conference,730317056,CHIC,327176368,2020-03-08 13:00:00,8,3,2,0,1790507720,C. Skipper,L,FA,L,-0.373239949595,2.86127220102,22.5896062261,-6.50443015037,6.4326823513,F,BB,-0.0217558954039,6.59775228915,89.7132853051,2208.11690613,163.958398595,0.0
1040,2020,5466,AUB,D1 Southeastern Conference,730317056,CHIC,327176368,2020-03-08 13:00:00,8,3,2,0,1790507720,C. Skipper,L,FA,L,-1.22971068222,3.86588409227,14.3074123235,-5.34229219068,7.1147527765,B,BB,-0.085874937199,6.47683222181,88.9580078903,2218.51770516,159.566011079,0.8
1041,2020,5466,AUB,D1 Southeastern Conference,730317056,CHIC,327176368,2020-03-08 13:00:00,8,0,0,0,1790507720,C. Skipper,L,FA,R,0.19064426945,2.96183198611,20.1714114438,-8.41864387638,6.76854621807,SS,K,0.11790410432,6.38766286097,89.3909152043,2210.27965824,157.378726436,-0.15
1042,2020,5466,AUB,D1 Southeastern Conference,730317056,CHIC,327176368,2020-03-08 13:00:00,8,0,1,0,1790507720,C. Skipper,L,FA,R,0.0619095025732,2.81312351107,22.5409604479,-8.39331565301,6.42786786884,F,K,0.0576930910595,6.59771173341,89.1787003602,2201.0571923,159.603772985,-0.15
1043,2020,5466,AUB,D1 Southeastern Conference,730317056,CHIC,327176368,2020-03-08 13:00:00,8,0,2,0,1790507720,C. Skipper,L,SL,R,-0.436874425696,0.581136050081,-9.0827395701,6.96914111487,5.86570327635,B,K,0.298205708662,6.31264425296,73.2994315119,2413.9322342,322.351235942,0.13
1044,2020,5466,AUB,D1 Southeastern Conference,730317056,CHIC,327176368,2020-03-08 13:00:00,8,1,2,0,1790507720,C. Skipper,L,CU,R,-0.208700722367,1.51745655097,-8.19908581781,5.67236162452,5.9185499932,SS,K,0.36401302621,6.31465881399,74.2633856995,2384.47706555,325.167607071,-0.15
1045,2020,5466,AUB,D1 Southeastern Conference,730317056,CHIC,327176368,2020-03-08 13:00:00,8,0,0,2,1790507720,C. Skipper,L,FA,R,1.9189402117,2.35820802224,22.2175818192,-11.5530852501,6.58999593008,B,K,0.290222047668,6.49433926031,88.6747066686,2190.86555012,152.560199847,0.13
1046,2020,5466,AUB,D1 Southeastern Conference,730317056,CHIC,327176368,2020-03-08 13:00:00,8,1,0,2,1790507720,C. Skipper,L,FA,R,0.772300851179,2.0359956477,23.2373171299,-6.93512892081,6.72389567286,SS,K,0.167693060551,6.53004655649,90.1552524816,2205.23389986,163.403584928,-0.15
1047,2020,5466,AUB,D1 Southeastern Conference,730317056,CHIC,327176368,2020-03-08 13:00:00,8,1,1,2,1790507720,C. Skipper,L,FA,R,0.280725385557,1.8429394635,22.0801581365,-7.42435555305,6.75925759767,F,K,0.0783039000372,6.5272545309,89.5206092462,2205.90116648,161.439986648,-0.15
1048,2020,5466,AUB,D1 Southeastern Conference,730317056,CHIC,327176368,2020-03-08 13:00:00,8,1,2,2,1790507720,C. Skipper,L,CU,R,-0.834463884858,2.54663390838,-3.47556474543,1.78548611956,5.97874017014,SS,K,0.267289409039,6.34097911876,74.240840754,2363.73947975,332.487761146,-0.15
1049,2020,5466,AUB,D1 Southeastern Conference,730317056,CHIC,327176368,2020-03-08 13:00:00,9,0,0,0,1294291183,M. Barnett,R,FA,R,0.38670526623,0.0152671089379,22.4488949077,8.48482644497,6.10151095563,B,K,-1.37939119236,5.7129568355,95.6260582732,2372.43320192,200.680483984,0.13
1050,2020,5466,AUB,D1 Southeastern Conference,730317056,CHIC,327176368,2020-03-08 13:00:00,9,1,0,0,1294291183,M. Barnett,R,FA,R,1.07613645798,2.71150068364,21.3626235546,4.76935114665,6.26896086593,SL,K,-1.17163074172,5.80152317615,95.5459213795,2291.07119262,192.569072669,-0.15
1051,2020,5466,AUB,D1 Southeastern Conference,730317056,CHIC,327176368,2020-03-08 13:00:00,9,1,1,0,1294291183,M. Barnett,R,FA,R,-0.314871879326,2.41727793991,21.8615294905,4.39487231358,5.96450784726,SL,K,-1.34954484162,5.76569229508,95.4450132526,2246.50440489,191.352165727,-0.15
1052,2020,5466,AUB,D1 Southeastern Conference,730317056,CHIC,327176368,2020-03-08 13:00:00,9,1,2,0,1294291183,M. Barnett,R,FA,R,0.408242853288,2.52143583297,24.2877410258,5.41912119189,6.21024796753,F,K,-1.20678894305,5.91561358967,96.9315679658,2437.55504623,192.563970786,0.0
1053,2020,5466,AUB,D1 Southeastern Conference,730317056,CHIC,327176368,2020-03-08 13:00:00,9,1,2,0,1294291183,M. Barnett,R,CU,R,0.438879998773,3.99819240741,-11.3406057565,-7.51160556669,5.47289265607,B,K,-0.837778941305,6.22113301532,76.3085885749,2404.04166988,33.6283353468,0.13
1054,2020,5466,AUB,D1 Southeastern Conference,730317056,CHIC,327176368,2020-03-08 13:00:00,9,2,2,0,1294291183,M. Barnett,R,FA,R,-0.5845551633,2.62311806032,19.7170134294,2.92894858202,6.26463229735,F,K,-1.23722082053,5.85170721854,96.4286478118,2420.59823328,188.437653506,0.0
1055,2020,5466,AUB,D1 Southeastern Conference,730317056,CHIC,327176368,2020-03-08 13:00:00,9,2,2,0,1294291183,M. Barnett,R,CU,R,1.29559760413,0.655296647087,3.48473027446,-19.3804992684,5.18394510296,SS,K,-1.61812857015,5.71646309028,83.1672728753,2608.59218297,100.307602515,-0.15
1056,2020,5466,AUB,D1 Southeastern Conference,730317056,CHIC,327176368,2020-03-08 13:00:00,9,0,0,1,1294291183,M. Barnett,R,FA,L,0.307268009287,2.28525747639,22.5120528378,3.48893629428,6.37932488779,SS,K,-1.28265284864,5.80859695176,95.7849435279,2413.95882832,188.798854142,-0.15
1057,2020,5466,AUB,D1 Southeastern Conference,730317056,CHIC,327176368,2020-03-08 13:00:00,9,0,1,1,1294291183,M. Barnett,R,FA,L,-0.119303221276,1.79189419961,20.7793345455,0.807258698121,6.09044194746,SS,K,-1.21183141095,5.80276333102,96.7803505379,2477.09156736,182.221802757,-0.15
1058,2020,5466,AUB,D1 Southeastern Conference,730317056,CHIC,327176368,2020-03-08 13:00:00,9,0,2,1,1294291183,M. Barnett,R,FA,L,1.11581062487,1.75479008109,22.4230897027,-3.61588818151,6.27767609562,F,K,-1.3110963419,5.80124830748,96.4780381739,2507.41884725,170.850637169,0.0
1059,2020,5466,AUB,D1 Southeastern Conference,730317056,CHIC,327176368,2020-03-08 13:00:00,9,0,2,1,1294291183,M. Barnett,R,CU,L,0.758602687058,1.596319567,-10.459644229,-12.377094869,5.49561082835,F,K,-0.875574685526,6.28776973726,76.2877821078,2452.05384117,49.9243734743,0.0
1060,2020,5466,AUB,D1 Southeastern Conference,730317056,CHIC,327176368,2020-03-08 13:00:00,9,0,2,1,1294291183,M. Barnett,R,FA,L,-0.708325831577,1.78625156581,16.4120175586,3.12051564683,6.10306007612,B,K,-1.41033534957,5.77142041509,95.72602789,2333.7856603,190.747522249,0.13
1061,2020,5466,AUB,D1 Southeastern Conference,730317056,CHIC,327176368,2020-03-08 13:00:00,9,1,2,1,1294291183,M. Barnett,R,FA,L,-0.401623464338,2.45019464009,19.4800232736,1.57322729179,6.25019025123,SS,K,-1.43639117297,5.7689516743,96.0132856715,2309.42829806,184.610682214,-0.15
1062,2020,5466,AUB,D1 Southeastern Conference,730317056,CHIC,327176368,2020-03-08 13:00:00,9,0,0,2,1294291183,M. Barnett,R,SL,R,-0.262451857648,3.74123210028,3.66427763074,-15.4054816283,5.41635238618,B,S,-1.86228182364,5.71942356537,82.0377571465,2414.15228314,103.517498385,0.13
1063,2020,5466,AUB,D1 Southeastern Conference,730317056,CHIC,327176368,2020-03-08 13:00:00,9,1,0,2,1294291183,M. Barnett,R,FA,R,0.4933080556,1.64844618631,20.9233452016,3.81255183849,6.41350037897,IP,S,-1.169743183,5.82838530658,94.3951038409,2265.74762267,190.313007957,1.0
1064,2020,5466,AUB,D1 Southeastern Conference,730317056,CHIC,327176368,2020-03-08 13:00:00,9,0,0,2,1294291183,M. Barnett,R,FA,R,0.203991010181,1.68664617542,19.3547632514,1.87924145574,6.38966395084,SS,K,-1.54831772286,5.75844914238,94.2269366685,2354.11742945,185.53752655,-0.15
1065,2020,5466,AUB,D1 Southeastern Conference,730317056,CHIC,327176368,2020-03-08 13:00:00,9,0,1,2,1294291183,M. Barnett,R,FA,R,-0.258780579644,2.46095838807,20.1437427072,1.6009667387,6.2418136148,F,K,-1.52586023884,5.7090157688,94.7595773398,2379.39127633,184.537695128,-0.15
1066,2020,5466,AUB,D1 Southeastern Conference,730317056,CHIC,327176368,2020-03-08 13:00:00,9,0,2,2,1294291183,M. Barnett,R,FA,R,0.475720946961,3.43321904084,18.9505759303,-1.57777421024,6.27716362462,F,K,-1.27085152471,5.87262372299,95.069505063,2383.34163469,175.247765418,0.0
1067,2020,5466,AUB,D1 Southeastern Conference,730317056,CHIC,327176368,2020-03-08 13:00:00,9,0,2,2,1294291183,M. Barnett,R,FA,R,0.673719236425,1.63114958315,14.7418928677,2.58159361545,6.41642163167,SS,K,-1.54849627298,5.69577374156,94.4681804214,2377.49614543,189.913894961,-0.15
1068,2020,5466,AUB,D1 Southeastern Conference,730317056,CHIC,285550798,2020-03-07 13:00:00,1,0,0,0,1264549454,J. Owen,L,FA,R,1.06655731795,2.46188826629,19.1544193785,-7.08912456672,6.20009710116,SL,IP_OUT,2.5613290825,5.60148138645,87.4568141767,2186.70594611,159.723658016,-0.15
1069,2020,5466,AUB,D1 Southeastern Conference,730317056,CHIC,285550798,2020-03-07 13:00:00,1,0,1,0,1264549454,J. Owen,L,FA,R,-1.34138228553,1.24979198819,19.8684642638,-4.44077829866,6.22451678058,B,IP_OUT,2.55518334285,5.42627936659,86.4036170224,2187.32265114,167.422542805,0.13
1070,2020,5466,AUB,D1 Southeastern Conference,730317056,CHIC,285550798,2020-03-07 13:00:00,1,0,0,1,1264549454,J. Owen,L,SL,L,-1.30110976091,1.45623487887,-9.63054871895,18.1493427689,5.32196710018,B,K,2.29924686057,5.60641624506,72.7204688149,2329.69703601,297.8236179,0.13
1071,2020,5466,AUB,D1 Southeastern Conference,730317056,CHIC,285550798,2020-03-07 13:00:00,1,1,0,1,1264549454,J. Owen,L,FA,L,-0.220188308866,1.94663926937,18.1681225461,-6.62563970966,6.25103841875,F,K,2.40042295679,5.62768270779,88.6725701328,2256.6952295,159.997995085,-0.15
1072,2020,5466,AUB,D1 Southeastern Conference,730317056,CHIC,285550798,2020-03-07 13:00:00,1,1,1,1,1264549454,J. Owen,L,FA,L,-0.399107982268,2.91801462426,19.1037907825,-5.52744208275,6.32750001671,F,K,2.35406632285,5.56727609555,87.8710801505,2251.4776295,163.889721167,-0.15
1073,2020,5466,AUB,D1 Southeastern Conference,730317056,CHIC,285550798,2020-03-07 13:00:00,1,1,2,1,1264549454,J. Owen,L,SL,L,-0.836848470433,0.633084637284,1.59350834694,4.22823091688,5.44178369504,SS,K,2.35639784929,5.56873136384,76.3400563872,2064.80718662,248.795962183,-0.15
1074,2020,5466,AUB,D1 Southeastern Conference,730317056,CHIC,285550798,2020-03-07 13:00:00,1,0,0,2,1264549454,J. Owen,L,FA,R,1.15934437571,3.20888120433,20.8349444778,-14.4674293034,6.18843305543,B,K,2.46689721524,5.62695376842,88.2159276397,2183.10797959,145.268490775,0.13
1075,2020,5466,AUB,D1 Southeastern Conference,730317056,CHIC,285550798,2020-03-07 13:00:00,1,1,0,2,1264549454,J. Owen,L,FA,R,0.0505422869731,2.01033464726,20.174249564,-10.1692776786,6.27749305146,F,K,2.41271741084,5.5568480371,87.3209924474,2219.13210791,153.287960089,-0.15
1076,2020,5466,AUB,D1 Southeastern Conference,730317056,CHIC,285550798,2020-03-07 13:00:00,1,1,1,2,1264549454,J. Owen,L,FA,R,1.748968829,2.25376593435,17.5636856305,-14.170354856,6.16031497858,B,K,2.57235292817,5.63638827752,88.391081709,2154.70303195,141.156851772,0.13
1077,2020,5466,AUB,D1 Southeastern Conference,730317056,CHIC,285550798,2020-03-07 13:00:00,1,2,1,2,1264549454,J. Owen,L,FA,R,-0.685279864937,2.89000077619,16.7789261923,-7.81771762535,6.34857126058,F,K,2.54359779045,5.52354480401,86.0338152045,2169.38876837,155.063794812,-0.15
1078,2020,5466,AUB,D1 Southeastern Conference,730317056,CHIC,285550798,2020-03-07 13:00:00,1,2,2,2,1264549454,J. Owen,L,SL,R,0.621073087043,2.51722342618,-2.92489339036,10.4717314704,5.26211471361,SS,K,2.58504805954,5.65677665036,73.9866915572,2407.60994021,285.353734877,-0.15
1079,2020,5466,AUB,D1 Southeastern Conference,730317056,CHIC,285550798,2020-03-07 13:00:00,2,0,0,0,1264549454,J. Owen,L,FA,R,3.10928425726,3.60115766189,16.8696567322,-17.0420396663,6.1335377802,B,IP_OUT,2.57457003006,5.64840429538,86.7080256476,2181.09590167,134.76768448,0.13
1080,2020,5466,AUB,D1 Southeastern Conference,730317056,CHIC,285550798,2020-03-07 13:00:00,2,0,0,1,1264549454,J. Owen,L,FA,R,-0.200797419631,1.82107416753,20.8756322864,-13.9729127554,6.3964655116,SL,IP_OUT,2.28235608887,5.53895316549,86.0427586499,2183.86199724,146.248655435,-0.15
1081,2020,5466,AUB,D1 Southeastern Conference,730317056,CHIC,285550798,2020-03-07 13:00:00,2,0,1,1,1264549454,J. Owen,L,SL,R,-0.749006361967,3.38512175651,-5.12645073869,18.1195518983,5.27242137078,SL,IP_OUT,2.37517994535,5.65355514329,72.0018918297,2330.14761736,285.641855426,-0.15
1082,2020,5466,AUB,D1 Southeastern Conference,730317056,CHIC,285550798,2020-03-07 13:00:00,2,0,2,1,1264549454,J. Owen,L,SL,R,-1.10493967955,2.34901457295,-9.97538752279,20.0783680897,5.35219953524,F,IP_OUT,2.28507148077,5.64355512867,70.6156535597,2276.58756005,296.292948888,0.0
1083,2020,5466,AUB,D1 Southeastern Conference,730317056,CHIC,285550798,2020-03-07 13:00:00,2,1,2,1,1264549454,J. Owen,L,FA,R,-0.634981546908,1.27085207742,12.7698114969,-14.6748866593,6.50337462267,F,IP_OUT,2.35115304037,5.45080400574,86.0337646451,2154.57873891,131.106147306,0.0
1084,2020,5466,AUB,D1 Southeastern Conference,730317056,CHIC,285550798,2020-03-07 13:00:00,2,0,0,2,1264549454,J. Owen,L,FA,L,-0.193236607494,1.39526742393,16.5570408529,-12.9893121795,6.49655349818,B,K,2.18164408404,5.51490674433,87.0114079799,2159.45549982,141.942205434,0.13
1085,2020,5466,AUB,D1 Southeastern Conference,730317056,CHIC,285550798,2020-03-07 13:00:00,2,1,0,2,1264549454,J. Owen,L,FA,L,1.49078050423,2.06997892157,16.5483502499,-15.0924534162,6.37114893148,SS,K,2.47971638094,5.43099956415,86.3530383562,2168.81291967,137.694607902,-0.15
1086,2020,5466,AUB,D1 Southeastern Conference,730317056,CHIC,285550798,2020-03-07 13:00:00,2,1,1,2,1264549454,J. Owen,L,SL,L,-0.190330837195,1.83732365123,-5.29258694942,10.4319987277,5.44687613551,SL,K,2.35622520929,5.66751937899,73.2291724572,2346.16437879,296.680483275,-0.15
1087,2020,5466,AUB,D1 Southeastern Conference,730317056,CHIC,285550798,2020-03-07 13:00:00,2,1,2,2,1264549454,J. Owen,L,FA,L,0.429289986015,2.39560899353,16.7114633498,-14.1706113343,6.35344454758,SS,K,2.24280228947,5.61887866719,88.3131436779,2184.38922064,139.759744564,-0.15
1088,2020,5466,AUB,D1 Southeastern Conference,730317056,CHIC,285550798,2020-03-07 13:00:00,3,0,0,0,1264549454,J. Owen,L,FA,R,0.745962196113,3.02439450777,21.3011008366,-16.6803274523,6.21870124115,IP,S,2.54908199545,5.60929783906,85.2919317529,2184.01916172,141.983903002,1.0
1089,2020,5466,AUB,D1 Southeastern Conference,730317056,CHIC,285550798,2020-03-07 13:00:00,3,0,0,0,1264549454,J. Owen,L,FA,R,0.769033245054,2.39950659772,21.1434442102,-8.0710830059,6.29008104624,SS,IP_OUT,2.54488276305,5.65911518799,85.1315348547,2173.86740385,159.139056907,-0.15
1090,2020,5466,AUB,D1 Southeastern Conference,730317056,CHIC,285550798,2020-03-07 13:00:00,3,0,1,0,1264549454,J. Owen,L,FA,R,0.445247932863,2.38496617638,16.0997308144,-18.9091179481,6.37758038212,F,IP_OUT,2.56037347338,5.56618429824,86.7101006541,2208.57833758,130.473349366,-0.15
1091,2020,5466,AUB,D1 Southeastern Conference,730317056,CHIC,285550798,2020-03-07 13:00:00,3,0,2,0,1264549454,J. Owen,L,SL,R,0.499583228876,0.892125581274,-7.61593372329,12.3810464362,5.43771179237,B,IP_OUT,2.59123206323,5.69241951607,71.5998987872,2355.23292324,301.418581062,0.13
1092,2020,5466,AUB,D1 Southeastern Conference,730317056,CHIC,285550798,2020-03-07 13:00:00,3,0,0,2,1264549454,J. Owen,L,SL,L,1.17633559938,0.671195245232,-9.33485462831,7.41783053541,5.37506975763,B,IP_OUT,2.42360310003,5.61609035517,71.7512969197,2267.30364087,321.368159738,0.13
1093,2020,5466,AUB,D1 Southeastern Conference,730317056,CHIC,285550798,2020-03-07 13:00:00,3,1,0,2,1264549454,J. Owen,L,FA,L,-0.517484907822,2.65673995463,16.8292715934,1.43470850889,6.37923664521,F,IP_OUT,2.39696373008,5.60813019973,84.477884865,2146.49362096,184.862169854,-0.15
1094,2020,5466,AUB,D1 Southeastern Conference,730317056,CHIC,285550798,2020-03-07 13:00:00,4,0,0,0,1264549454,J. Owen,L,FA,R,1.44062279947,3.05831372072,18.4862329851,-14.619347339,6.29046152299,IP,D,2.39502906897,5.79309030452,85.4534242792,2201.40465359,141.716089159,1.26
1095,2020,5466,AUB,D1 Southeastern Conference,730317056,CHIC,285550798,2020-03-07 13:00:00,4,0,0,0,1264549454,J. Owen,L,FA,L,-0.209171673446,2.01960659039,19.9047171159,-9.71697228714,6.14167536431,F,IP_OUT,2.36183456528,5.78718307886,86.3080762952,2193.64187933,154.019219677,-0.15
1096,2020,5466,AUB,D1 Southeastern Conference,730317056,CHIC,285550798,2020-03-07 13:00:00,4,0,1,0,1264549454,J. Owen,L,SL,L,-0.979237155572,0.973891487063,-6.24374193757,10.6283474413,5.47730848136,B,IP_OUT,2.53979028906,5.70166503661,71.3692793497,2255.77592535,300.220974034,0.13
1097,2020,5466,AUB,D1 Southeastern Conference,730317056,CHIC,285550798,2020-03-07 13:00:00,4,1,1,0,1264549454,J. Owen,L,FA,L,-1.31167108505,1.56090902092,15.893457255,-8.98667198912,6.50408702964,B,IP_OUT,2.2872679233,5.70608300927,86.0778261211,2174.19185909,150.568256104,0.13
1098,2020,5466,AUB,D1 Southeastern Conference,730317056,CHIC,285550798,2020-03-07 13:00:00,4,0,0,1,1264549454,J. Owen,L,CH,R,1.29336163506,3.54686887822,8.50089923512,-10.7990380683,6.26199755412,B,SF,2.70834029605,5.76990611626,80.1629449472,1443.15796897,128.340900782,0.13
1099,2020,5466,AUB,D1 Southeastern Conference,730317056,CHIC,285550798,2020-03-07 13:00:00,4,1,0,1,1264549454,J. Owen,L,FA,R,1.07964984808,2.52517644288,16.0300526609,-15.8975333489,6.43727320332,SS,SF,2.58788516548,5.60856971725,86.5481502577,2209.79718509,135.299181713,-0.15
1100,2020,5466,AUB,D1 Southeastern Conference,730317056,CHIC,285550798,2020-03-07 13:00:00,4,1,1,1,1264549454,J. Owen,L,CH,R,1.70895825152,2.34188925604,7.25612609768,-8.9817309027,6.1856673301,B,SF,2.71626218861,5.61545623467,80.0164206935,1486.86675757,129.091737598,0.13
1101,2020,5466,AUB,D1 Southeastern Conference,730317056,CHIC,285550798,2020-03-07 13:00:00,4,0,0,2,1264549454,J. Owen,L,SL,R,0.769456136576,3.09178601218,-5.03899630016,8.33650920959,5.43653289184,SL,K,2.51114503986,5.78800538981,72.9142944016,2384.33196966,300.895927928,-0.15
1102,2020,5466,AUB,D1 Southeastern Conference,730317056,CHIC,285550798,2020-03-07 13:00:00,4,0,1,2,1264549454,J. Owen,L,CU,R,0.708888373079,2.55804475135,-6.71874553565,6.62607974978,5.36217038279,SL,K,2.40589930489,5.86080326512,71.3998487385,2295.05824183,315.170685141,-0.15
1103,2020,5466,AUB,D1 Southeastern Conference,730317056,CHIC,285550798,2020-03-07 13:00:00,4,0,2,2,1264549454,J. Owen,L,FA,R,-0.0176265218578,5.05426994282,15.3859785004,-6.4484043428,6.3951482871,B,K,2.64644842896,5.6857247617,85.7084348007,2205.13195532,157.307282018,0.13
1104,2020,5466,AUB,D1 Southeastern Conference,730317056,CHIC,285550798,2020-03-07 13:00:00,4,1,2,2,1264549454,J. Owen,L,CU,R,0.0348153314556,2.32993739954,-2.90913142125,8.54740153501,5.51509848689,F,K,2.36313944828,5.83309077477,70.9150855522,2287.4546283,288.474285869,0.0
1105,2020,5466,AUB,D1 Southeastern Conference,730317056,CHIC,285550798,2020-03-07 13:00:00,4,1,2,2,1264549454,J. Owen,L,FA,R,0.258044925959,4.40313264305,16.7310357091,-9.60254063201,6.33322371082,SS,K,2.68590238941,5.74952663536,85.0433661991,2157.69084236,150.199779577,-0.15
1106,2020,5466,AUB,D1 Southeastern Conference,730317056,CHIC,285550798,2020-03-07 13:00:00,5,0,0,0,1264549454,J. Owen,L,CU,R,0.877730256123,3.92172554401,-9.9553116184,8.04024046479,5.63389735716,B,IP_OUT,2.31011888133,5.70923170257,69.5627555505,2232.30686972,320.916224098,0.13
1107,2020,5466,AUB,D1 Southeastern Conference,730317056,CHIC,285550798,2020-03-07 13:00:00,5,1,0,0,1264549454,J. Owen,L,CU,R,-1.60871171907,1.25422703076,-9.94555024332,14.0940190991,5.31062129606,B,IP_OUT,2.12207434467,5.74277442393,71.2624258098,2278.80780213,305.063412809,0.13
1108,2020,5466,AUB,D1 Southeastern Conference,730317056,CHIC,285550798,2020-03-07 13:00:00,5,2,0,0,1264549454,J. Owen,L,FA,R,-0.228270861178,2.4775754389,21.0472642858,-10.652387332,6.35609204525,SL,IP_OUT,2.31668437073,5.60401203025,84.7837874176,2080.563069,153.194863136,-0.15
1109,2020,5466,AUB,D1 Southeastern Conference,730317056,CHIC,285550798,2020-03-07 13:00:00,5,2,1,0,1264549454,J. Owen,L,FA,R,-0.66668642586,1.68365169229,16.3955199883,-10.7885845596,6.39918456089,SL,IP_OUT,2.32748136961,5.56036744587,85.6404819383,2128.23084918,146.711057132,-0.15
1110,2020,5466,AUB,D1 Southeastern Conference,730317056,CHIC,285550798,2020-03-07 13:00:00,5,0,0,1,1264549454,J. Owen,L,CU,L,-0.541914544104,3.30379750968,-7.70432187724,15.4347742163,5.68372250284,SL,K,2.30683678268,5.72345643201,69.4283935287,2166.06812274,296.359629356,-0.15
1111,2020,5466,AUB,D1 Southeastern Conference,730317056,CHIC,285550798,2020-03-07 13:00:00,5,0,1,1,1264549454,J. Owen,L,FA,L,0.254295652729,2.1161031494,21.2750644405,-11.05778662,6.48751508795,SS,K,2.32070887946,5.47602279648,84.9902346882,2119.16267015,152.576253954,-0.15
1112,2020,5466,AUB,D1 Southeastern Conference,730317056,CHIC,285550798,2020-03-07 13:00:00,5,0,2,1,1264549454,J. Owen,L,FA,L,-0.833931998173,2.86329446251,17.011323037,-8.95057993453,6.5044080525,SL,K,2.25355998308,5.67032253984,87.2944827592,2236.10972732,152.295677699,-0.15
1113,2020,5466,AUB,D1 Southeastern Conference,730317056,CHIC,285550798,2020-03-07 13:00:00,5,0,0,2,1264549454,J. Owen,L,CH,R,-0.632424824819,2.12304902564,8.29704727992,-10.3014550697,5.89934495914,B,IP_OUT,2.46101914971,5.70395617022,80.971938806,1547.09551995,128.982824682,0.13
1114,2020,5466,AUB,D1 Southeastern Conference,730317056,CHIC,285550798,2020-03-07 13:00:00,6,0,0,0,1264549454,J. Owen,L,CH,R,1.19553199141,3.03860065131,10.968954905,-11.7287352799,6.0973574396,F,IP_OUT,2.37664299315,5.7766761356,77.8467238082,1301.08547526,133.194103443,-0.15
1115,2020,5466,AUB,D1 Southeastern Conference,730317056,CHIC,285550798,2020-03-07 13:00:00,6,0,0,1,1264549454,J. Owen,L,CU,L,0.906072563616,1.40982299022,-2.80737634353,7.8628380695,5.48265685563,B,D,2.17335589435,5.69178812041,71.1900370638,2284.57170447,289.300807862,0.13
1116,2020,5466,AUB,D1 Southeastern Conference,730317056,CHIC,285550798,2020-03-07 13:00:00,6,1,0,1,1264549454,J. Owen,L,CU,L,-0.623313992706,0.324698700289,-8.10492669049,6.88603398341,5.63104626347,B,D,2.19468168066,5.63517652309,71.4842128628,2328.47965871,319.461111654,0.13
1117,2020,5466,AUB,D1 Southeastern Conference,730317056,CHIC,285550798,2020-03-07 13:00:00,6,2,0,1,1264549454,J. Owen,L,FA,L,-1.0200625412,2.48003219373,19.1589848677,-9.08633440901,6.36345582815,SL,D,2.32450720211,5.58526041103,83.5872398827,2126.3660048,154.669939835,-0.15
1118,2020,5466,AUB,D1 Southeastern Conference,730317056,CHIC,285550798,2020-03-07 13:00:00,6,2,1,1,1264549454,J. Owen,L,FA,L,0.157279570279,0.689659149267,19.8276954454,-13.3108156874,6.48954909561,B,D,2.25290611984,5.43275134394,84.8513455578,2127.83048355,146.173502662,0.13
1119,2020,5466,AUB,D1 Southeastern Conference,730317056,CHIC,285550798,2020-03-07 13:00:00,6,3,1,1,1264549454,J. Owen,L,FA,L,-0.0206206492686,2.16563677258,19.7893077311,-8.25846345129,6.45018018348,IP,D,2.41715275202,5.45438424658,84.5526733217,2177.15295566,157.385412417,1.26
1120,2020,5466,AUB,D1 Southeastern Conference,730317056,CHIC,285550798,2020-03-07 13:00:00,6,0,0,1,1264549454,J. Owen,L,SL,R,0.577749999474,1.53469023843,-1.66083241942,12.6580687403,5.39217281967,IP,S,2.58590681586,5.55254969646,72.5768166816,2308.90951794,277.247673483,1.0
1121,2020,5466,AUB,D1 Southeastern Conference,730317056,CHIC,285550798,2020-03-07 13:00:00,6,0,0,1,1264549454,J. Owen,L,FA,L,0.172679651321,2.25885716097,18.4799377408,-12.1083762995,6.20454756643,IP,FC,2.39913562702,5.64388689396,85.548871835,2133.44992505,146.816580434,-0.21
1122,2020,5466,AUB,D1 Southeastern Conference,730317056,CHIC,285550798,2020-03-07 13:00:00,6,0,0,2,1264549454,J. Owen,L,CH,R,0.694688376715,2.24758800791,18.9051046498,-10.9907049423,6.43153533319,F,BB,2.73729076502,5.66076445929,80.5535438225,1451.23020705,149.879618623,-0.15
1123,2020,5466,AUB,D1 Southeastern Conference,730317056,CHIC,285550798,2020-03-07 13:00:00,6,0,1,2,1264549454,J. Owen,L,SL,R,0.0452237995861,0.552748965461,-5.47516966168,14.5024682045,5.66923805048,B,BB,2.70128752025,5.65037056816,72.3782811291,2301.39992316,290.505198868,0.13
1124,2020,5466,AUB,D1 Southeastern Conference,730317056,CHIC,285550798,2020-03-07 13:00:00,6,1,1,2,1264549454,J. Owen,L,SL,R,-0.322889863235,0.519245643979,-5.38318762585,17.3937516465,5.61830952102,B,BB,2.59158340147,5.53250104003,71.7344395693,2234.32780428,287.037788931,0.13
1125,2020,5466,AUB,D1 Southeastern Conference,730317056,CHIC,285550798,2020-03-07 13:00:00,6,2,1,2,1264549454,J. Owen,L,CH,R,0.226687782232,1.39012578792,16.0499133838,-7.84279662777,6.45230177942,B,BB,2.81029066793,5.48617532938,80.8091787933,1502.07009672,154.012768692,0.13
1126,2020,5466,AUB,D1 Southeastern Conference,730317056,CHIC,285550798,2020-03-07 13:00:00,6,3,1,2,1264549454,J. Owen,L,FA,R,2.02358601833,2.99948503272,14.9973496246,-9.7757729137,6.30329946691,B,BB,2.60747516726,5.72012422483,86.9668995807,2224.65629626,146.961697471,0.8
1127,2020,5466,AUB,D1 Southeastern Conference,730317056,CHIC,285550798,2020-03-07 13:00:00,6,0,0,2,1264549454,J. Owen,L,CU,R,1.1583863818,2.26399118355,-3.65858538345,11.8799223411,5.44125222506,SL,K,2.66381339856,5.58446622313,72.1819946938,2297.45206975,286.890432579,-0.15
1128,2020,5466,AUB,D1 Southeastern Conference,730317056,CHIC,285550798,2020-03-07 13:00:00,6,0,1,2,1264549454,J. Owen,L,CU,R,1.65816838982,2.88507759273,-9.11896283672,10.9403073084,5.39682294541,B,K,2.65046447856,5.5770812251,69.5483003773,2155.90679078,309.639484001,0.13
1129,2020,5466,AUB,D1 Southeastern Conference,730317056,CHIC,285550798,2020-03-07 13:00:00,6,1,1,2,1264549454,J. Owen,L,FA,R,-0.687332702373,1.89549327091,20.2155573639,-6.30568517775,6.67044336551,SL,K,2.5141629051,5.51072347273,84.7305683357,2205.36947612,162.704704256,-0.15
1130,2020,5466,AUB,D1 Southeastern Conference,730317056,CHIC,285550798,2020-03-07 13:00:00,6,1,2,2,1264549454,J. Owen,L,CH,R,0.718624128776,1.96779422549,13.8058970693,-8.19386724433,6.45654820719,SS,K,2.78622333992,5.43353140387,79.9249374492,1502.73418892,149.383696795,-0.15
1131,2020,5466,AUB,D1 Southeastern Conference,730317056,CHIC,285550798,2020-03-07 13:00:00,7,0,0,1,1845856102,R. Fitts,R,FA,R,-0.0801355961119,2.06520474719,19.3896191279,6.72927978592,6.53606896032,SL,K,-2.58948167406,5.76424180134,93.5632401975,2349.86146024,199.11286275,-0.15
1132,2020,5466,AUB,D1 Southeastern Conference,730317056,CHIC,285550798,2020-03-07 13:00:00,7,0,1,1,1845856102,R. Fitts,R,FA,R,0.493197159538,2.66121459492,18.0530435158,3.45257352678,6.46222032293,F,K,-2.4628036213,5.72743786623,93.9415388245,2299.82617245,190.809770344,-0.15
1133,2020,5466,AUB,D1 Southeastern Conference,730317056,CHIC,285550798,2020-03-07 13:00:00,7,0,2,1,1845856102,R. Fitts,R,FA,R,-0.378600576556,3.477233737,19.2864619652,4.37234480242,6.50355389936,SS,K,-2.60167385508,5.75024827589,94.0625025768,2280.13312683,192.754759885,-0.15
1134,2020,5466,AUB,D1 Southeastern Conference,730317056,CHIC,285550798,2020-03-07 13:00:00,7,0,0,2,1845856102,R. Fitts,R,FA,R,0.450266605624,2.79626116855,18.2725030042,5.54719696203,6.40568130179,F,IP_OUT,-2.49092434905,5.8180573639,93.8262051562,2344.27940748,196.86175795,-0.15
1135,2020,5466,AUB,D1 Southeastern Conference,730317056,CHIC,285550798,2020-03-07 13:00:00,8,0,0,0,1520850282,D. Baker,R,SL,R,1.10298050297,2.41243421202,1.58001800612,-12.2641058284,5.69723407063,SL,BB,-2.21086014549,5.52992431256,79.7100685423,2054.01857007,97.5335737841,-0.15
1136,2020,5466,AUB,D1 Southeastern Conference,730317056,CHIC,285550798,2020-03-07 13:00:00,8,0,1,0,1520850282,D. Baker,R,SL,R,-0.830216671935,3.8487957659,-4.45769959111,-10.1205482644,5.57490197677,B,BB,-2.35463921426,5.56989993987,80.3837653782,2087.90220808,66.4244820549,0.13
1137,2020,5466,AUB,D1 Southeastern Conference,730317056,CHIC,285550798,2020-03-07 13:00:00,8,1,1,0,1520850282,D. Baker,R,FA,R,-0.00084574519168,3.92914306463,23.0322658946,6.67333915833,6.01060085725,B,BB,-2.05779841008,5.65282143198,93.0221489097,2280.92810599,196.138039553,0.13
1138,2020,5466,AUB,D1 Southeastern Conference,730317056,CHIC,285550798,2020-03-07 13:00:00,8,2,1,0,1520850282,D. Baker,R,FA,R,0.489182986522,2.44403099402,19.224565499,8.57387895337,6.36651980639,F,BB,-1.85345312557,5.59550983978,92.273584605,2249.67211313,204.002202519,-0.15
1139,2020,5466,AUB,D1 Southeastern Conference,730317056,CHIC,285550798,2020-03-07 13:00:00,8,2,2,0,1520850282,D. Baker,R,FA,R,1.36671428657,1.98549604498,16.9375474477,12.0760758034,6.44393414127,B,BB,-1.99731510101,5.61505114969,92.801153616,2278.82983705,215.43951943,0.13
1140,2020,5466,AUB,D1 Southeastern Conference,730317056,CHIC,285550798,2020-03-07 13:00:00,8,3,2,0,1520850282,D. Baker,R,FA,R,0.954340645836,3.9056137593,20.4685307754,12.127870352,6.4607112219,B,BB,-2.19827865708,5.53877737778,92.8120255526,2273.77118628,210.610085758,0.8
1141,2020,5466,AUB,D1 Southeastern Conference,730317056,CHIC,285550798,2020-03-07 13:00:00,8,0,0,0,1520850282,D. Baker,R,CU,L,-0.880901200053,1.25088464628,-4.32238625123,-4.10207092994,5.80751426454,B,BB,-2.26389102289,5.62263583589,79.5777573309,1920.35097039,43.7798765419,0.13
1142,2020,5466,AUB,D1 Southeastern Conference,730317056,CHIC,285550798,2020-03-07 13:00:00,8,1,0,0,1520850282,D. Baker,R,CU,L,1.81813174379,1.47281097096,-2.36724660056,-12.4490421058,5.77243349263,B,BB,-2.18737618099,5.57493584457,80.7536722084,2191.61920812,79.4153340679,0.13
1143,2020,5466,AUB,D1 Southeastern Conference,730317056,CHIC,285550798,2020-03-07 13:00:00,8,2,0,0,1520850282,D. Baker,R,FA,L,-0.879483408105,3.87732251256,18.5531026183,13.4693133324,6.44321804954,SS,BB,-2.21286183155,5.65915976769,92.9507827128,2178.51370282,215.934912646,-0.15
1144,2020,5466,AUB,D1 Southeastern Conference,730317056,CHIC,285550798,2020-03-07 13:00:00,8,2,1,0,1520850282,D. Baker,R,FA,L,-1.2406801639,4.48842671109,19.5627136215,9.68312797067,6.58957739484,B,BB,-2.18369313935,5.66074115358,93.6244120963,2381.88188147,206.300194261,0.13
1145,2020,5466,AUB,D1 Southeastern Conference,730317056,CHIC,285550798,2020-03-07 13:00:00,8,3,1,0,1520850282,D. Baker,R,FA,L,-1.06872752518,3.18102657277,16.7219427395,11.8319383398,6.48674601995,F,BB,-2.01244233945,5.67872344934,92.8528857479,2214.61287469,215.233715792,-0.15
1146,2020,5466,AUB,D1 Southeastern Conference,730317056,CHIC,285550798,2020-03-07 13:00:00,8,3,2,0,1520850282,D. Baker,R,FA,L,-0.249903161222,2.18022771137,19.5359499389,11.2720588675,6.13717399187,F,BB,-1.88061483171,5.78648071554,93.9758086084,2385.94170932,209.947016699,0.0
1147,2020,5466,AUB,D1 Southeastern Conference,730317056,CHIC,285550798,2020-03-07 13:00:00,8,3,2,0,1520850282,D. Baker,R,FA,L,0.809681516745,3.78600246232,16.4507501265,9.43462334119,6.65277958093,B,BB,-1.96334645089,5.72540060375,93.1683165031,2355.99530919,209.790217683,0.8
1148,2020,5466,AUB,D1 Southeastern Conference,730317056,CHIC,285550798,2020-03-07 13:00:00,8,0,0,2,1520850282,D. Baker,R,FA,R,1.48779475568,2.17052039466,25.1855512251,8.46503328738,6.58211231575,B,S,-1.97744590848,5.75209302241,93.8373865334,2396.64583874,198.557421853,0.13
1149,2020,5466,AUB,D1 Southeastern Conference,730317056,CHIC,285550798,2020-03-07 13:00:00,8,1,0,2,1520850282,D. Baker,R,SL,R,0.511839599511,1.4031118029,-4.39910020647,-12.5033140863,5.55984909451,IP,S,-2.34658749985,5.54626202445,79.5071305099,2067.59595956,70.7911857327,1.0
1150,2020,5466,AUB,D1 Southeastern Conference,730317056,CHIC,285550798,2020-03-07 13:00:00,8,0,0,2,1520850282,D. Baker,R,SL,R,0.73769731633,1.44010516727,4.78693047515,-12.7937086158,5.87127227774,B,K,-2.12681555685,5.63258643042,80.2651924772,2170.81468615,110.676792642,0.13
1151,2020,5466,AUB,D1 Southeastern Conference,730317056,CHIC,285550798,2020-03-07 13:00:00,8,1,0,2,1520850282,D. Baker,R,FA,R,0.85657389243,2.76890566895,21.3504412314,7.97950135783,6.64633186037,SL,K,-2.1095068463,5.59554158459,92.7041992325,2458.37902016,200.466307169,-0.15
1152,2020,5466,AUB,D1 Southeastern Conference,730317056,CHIC,285550798,2020-03-07 13:00:00,8,1,1,2,1520850282,D. Baker,R,FA,R,0.746631160584,3.06197246564,20.6587066248,7.1956873713,6.72605671047,F,K,-2.16859286867,5.54630595829,92.6664731448,2452.21939864,199.178201066,-0.15
1153,2020,5466,AUB,D1 Southeastern Conference,730317056,CHIC,285550798,2020-03-07 13:00:00,8,1,2,2,1520850282,D. Baker,R,FA,R,0.259130183003,3.18209863592,18.0588104243,12.5713031446,6.41822578102,SS,K,-2.01714730349,5.71751837403,94.9296105971,2332.45626468,214.800310688,-0.15
1154,2020,5466,AUB,D1 Southeastern Conference,730317056,CHIC,285550798,2020-03-07 13:00:00,9,0,0,1,1600101197,S. Thomas,R,FA,R,-1.68085813789,4.19764902508,16.6939800758,14.197210833,5.65181091584,B,IP_OUT,-1.7166205521,6.32334824824,89.8520764117,2083.11441028,220.32305895,0.13
1155,2020,5466,AUB,D1 Southeastern Conference,730317056,CHIC,285550798,2020-03-07 13:00:00,9,1,0,1,1600101197,S. Thomas,R,CU,R,-0.731823717096,0.615973746566,-6.44096021337,-15.420753195,5.13923533553,B,IP_OUT,-1.86435147403,5.83454175635,73.0467526978,2644.90305907,67.493182016,0.13
1156,2020,5466,AUB,D1 Southeastern Conference,730317056,CHIC,285550798,2020-03-07 13:00:00,9,2,0,1,1600101197,S. Thomas,R,FA,R,-0.888087518407,3.65940629793,19.5342643089,12.9906611492,5.78207946313,SS,IP_OUT,-1.68646658423,6.1961591539,89.7173607963,1952.46396169,213.579980986,-0.15
1157,2020,5466,AUB,D1 Southeastern Conference,730317056,CHIC,285550798,2020-03-07 13:00:00,9,2,1,1,1600101197,S. Thomas,R,FA,R,-1.72961492998,3.81241997617,15.5619969332,13.4098037006,5.86125638562,B,IP_OUT,-1.78034821242,6.2004577574,89.3602596673,1926.89896876,220.691304218,0.13
1158,2020,5466,AUB,D1 Southeastern Conference,730317056,CHIC,285550798,2020-03-07 13:00:00,9,0,0,2,1600101197,S. Thomas,R,FC,R,-0.556459253245,2.99037784173,21.5404625504,3.32301364971,5.86453056589,SS,IP_OUT,-1.83417049094,6.03925668111,84.9310264781,2260.41634617,188.755179999,-0.15
1159,2020,5466,AUB,D1 Southeastern Conference,730317056,CHIC,285550798,2020-03-07 13:00:00,9,0,1,2,1600101197,S. Thomas,R,CU,R,-1.29840231616,2.24430336925,-8.48368762361,-16.0192377341,5.35106806183,B,IP_OUT,-1.87438735858,5.8631351315,72.8390581618,2731.00327024,62.2370266733,0.13
1160,2020,5466,AUB,D1 Southeastern Conference,730317056,CHIC,162033977,2020-03-06 13:00:00,1,0,0,0,1594039700,T. Burns,R,FA,R,-0.522767711139,2.15661540333,25.2010895924,4.763388406,5.40207148613,SL,K,-1.53215023258,5.79782431875,91.6169631576,2276.09467791,190.69020154,-0.15
1161,2020,5466,AUB,D1 Southeastern Conference,730317056,CHIC,162033977,2020-03-06 13:00:00,1,0,1,0,1594039700,T. Burns,R,FA,R,0.557631579311,2.51001536046,27.2631279352,6.60934385995,5.42963494345,SS,K,-1.65704616467,5.79940570608,90.8222900263,2267.90485474,193.611320524,-0.15
1162,2020,5466,AUB,D1 Southeastern Conference,730317056,CHIC,162033977,2020-03-06 13:00:00,1,0,2,0,1594039700,T. Burns,R,FA,R,0.944438956602,2.68986647295,25.0138236481,7.5255720393,5.52954983598,B,K,-1.41831468736,5.8503360748,93.3720446877,2397.38897079,196.724718978,0.13
1163,2020,5466,AUB,D1 Southeastern Conference,730317056,CHIC,162033977,2020-03-06 13:00:00,1,1,2,0,1594039700,T. Burns,R,FA,R,0.550765988918,2.85589072053,25.8083052196,5.18264403545,5.47474157168,SS,K,-1.42778712769,5.83350646014,93.3909336816,2428.91184325,191.341490619,-0.15
1164,2020,5466,AUB,D1 Southeastern Conference,730317056,CHIC,162033977,2020-03-06 13:00:00,1,0,0,1,1594039700,T. Burns,R,FA,L,-0.69036833575,1.1249243986,24.8353989504,3.30973830722,5.76412759234,B,IP_OUT,-1.66955294593,5.74938993486,91.0039409022,2284.97097389,187.581105519,0.13
1165,2020,5466,AUB,D1 Southeastern Conference,730317056,CHIC,162033977,2020-03-06 13:00:00,1,1,0,1,1594039700,T. Burns,R,FA,L,-0.683567354754,2.71224109183,25.2102919004,4.99422999901,5.46052245142,SL,IP_OUT,-1.65312463953,5.81536405975,91.808053528,2339.84862721,191.191546045,-0.15
1166,2020,5466,AUB,D1 Southeastern Conference,730317056,CHIC,162033977,2020-03-06 13:00:00,1,1,1,1,1594039700,T. Burns,R,FA,L,-0.152511366089,2.07543292207,23.5401654989,5.38505527555,5.57755753603,F,IP_OUT,-1.62263995447,5.71353879312,91.0137671044,2313.54512346,192.868158487,-0.15
1167,2020,5466,AUB,D1 Southeastern Conference,730317056,CHIC,162033977,2020-03-06 13:00:00,1,1,2,1,1594039700,T. Burns,R,FA,L,-1.24022376688,3.92904029484,21.6512991345,8.91859762317,5.55319278242,B,IP_OUT,-1.65844083746,5.85510271832,92.8564923368,2275.95632884,202.359094369,0.13
1168,2020,5466,AUB,D1 Southeastern Conference,730317056,CHIC,162033977,2020-03-06 13:00:00,1,2,2,1,1594039700,T. Burns,R,FA,L,-0.12069150735,3.10565535758,21.8362847989,7.66787091389,5.55549980122,F,IP_OUT,-1.56339290924,5.69550133023,92.245274331,2327.03231143,199.323341504,0.0
1169,2020,5466,AUB,D1 Southeastern Conference,730317056,CHIC,162033977,2020-03-06 13:00:00,1,0,0,2,1594039700,T. Burns,R,FA,R,-0.490361928225,2.45517059571,19.8684373324,9.26500038235,5.77043213543,SL,K,-1.68249626286,5.71045763185,93.6185544426,2371.06055119,204.966993688,-0.15
1170,2020,5466,AUB,D1 Southeastern Conference,730317056,CHIC,162033977,2020-03-06 13:00:00,1,0,1,2,1594039700,T. Burns,R,SL,R,1.73006060571,1.49476462345,2.64890221993,-10.4019159773,5.36878647159,B,K,-1.8694683424,5.71696947736,82.0081651357,2629.87383747,104.493331446,0.13
1171,2020,5466,AUB,D1 Southeastern Conference,730317056,CHIC,162033977,2020-03-06 13:00:00,1,1,1,2,1594039700,T. Burns,R,FA,R,0.722355209022,1.27703965171,23.3185991277,7.46563587138,5.71980678132,B,K,-1.59960113627,5.76039630416,92.2592463811,2326.38248467,197.730454131,0.13
1172,2020,5466,AUB,D1 Southeastern Conference,730317056,CHIC,162033977,2020-03-06 13:00:00,1,2,1,2,1594039700,T. Burns,R,FA,R,0.699693311108,1.20282458462,23.5207404485,10.7751112587,5.60257849225,B,K,-1.68958450752,5.63631874707,93.1010114429,2398.3004886,204.584353215,0.13
1173,2020,5466,AUB,D1 Southeastern Conference,730317056,CHIC,162033977,2020-03-06 13:00:00,1,3,1,2,1594039700,T. Burns,R,FA,R,0.499300169015,2.28846666697,25.8725973287,8.9139015534,5.54329176668,SS,K,-1.70033786953,5.62451011778,92.1133482969,2289.45997924,198.98866562,-0.15
1174,2020,5466,AUB,D1 Southeastern Conference,730317056,CHIC,162033977,2020-03-06 13:00:00,1,3,2,2,1594039700,T. Burns,R,FA,R,0.901995136485,1.50764195364,24.2949164612,6.78420641292,5.73210791201,SS,K,-1.5462646116,5.63321125573,93.0643834684,2364.7364523,195.583170987,-0.15
1175,2020,5466,AUB,D1 Southeastern Conference,730317056,CHIC,162033977,2020-03-06 13:00:00,2,0,0,0,1594039700,T. Burns,R,CU,R,0.500108680587,2.30882487436,3.54169351974,-8.20874424046,5.03690048948,SL,IP_OUT,-1.79585797645,5.67698580799,80.1675756962,2556.37134438,113.58404541,-0.15
1176,2020,5466,AUB,D1 Southeastern Conference,730317056,CHIC,162033977,2020-03-06 13:00:00,2,0,1,0,1594039700,T. Burns,R,FA,R,0.775489080334,3.06207558875,26.4277086787,12.1099564204,5.41025267096,SS,IP_OUT,-1.66606875184,5.79478326456,94.2174088791,2332.41163387,204.593755432,-0.15
1177,2020,5466,AUB,D1 Southeastern Conference,730317056,CHIC,162033977,2020-03-06 13:00:00,2,0,2,0,1594039700,T. Burns,R,FA,R,1.12782030505,2.99826784821,24.3550708988,8.13982500566,5.50976968654,F,IP_OUT,-1.34842112641,5.82010473292,94.4939299952,2394.38077235,198.459073444,0.0
1178,2020,5466,AUB,D1 Southeastern Conference,730317056,CHIC,162033977,2020-03-06 13:00:00,2,0,0,1,1594039700,T. Burns,R,FA,R,-0.194887033482,1.82379061801,25.8321323258,11.0340334461,5.50779597631,SL,IP_OUT,-1.77783590836,5.80481678164,93.2472281948,2315.72572034,203.10450421,-0.15
1179,2020,5466,AUB,D1 Southeastern Conference,730317056,CHIC,162033977,2020-03-06 13:00:00,2,0,1,1,1594039700,T. Burns,R,FA,R,-1.26426174383,2.71847547487,16.8759888071,10.3743844738,5.6372821629,SL,IP_OUT,-1.51157490404,5.79784872005,92.2715575906,2231.03111209,211.533190692,-0.15
1180,2020,5466,AUB,D1 Southeastern Conference,730317056,CHIC,162033977,2020-03-06 13:00:00,2,0,2,1,1594039700,T. Burns,R,FA,R,-0.325048573232,1.48357503035,18.9746419863,16.6963623324,5.75804756562,B,IP_OUT,-1.331258793,5.88902388416,94.603068566,2384.43554147,221.300664619,0.13
1181,2020,5466,AUB,D1 Southeastern Conference,730317056,CHIC,162033977,2020-03-06 13:00:00,2,0,0,2,1594039700,T. Burns,R,FA,R,0.052404496585,1.68062581503,19.6454534415,11.8047592116,5.88824856026,SL,IP_OUT,-1.6459981885,5.71986899182,94.3499000892,2276.42337558,210.96285727,-0.15
1182,2020,5466,AUB,D1 Southeastern Conference,730317056,CHIC,162033977,2020-03-06 13:00:00,2,0,1,2,1594039700,T. Burns,R,FA,R,1.90258648471,2.06164063647,26.3245060631,13.4800823101,5.66046772254,B,IP_OUT,-1.69819035157,5.79503637549,93.5230291725,2305.42264949,207.088592824,0.13
1183,2020,5466,AUB,D1 Southeastern Conference,730317056,CHIC,162033977,2020-03-06 13:00:00,3,0,0,0,1594039700,T. Burns,R,FA,R,0.115918612998,3.39474316299,22.6805890899,9.76602225713,5.39974878337,SS,K,-1.61349442101,5.74849426714,92.4195090292,2231.15943574,203.267321211,-0.15
1184,2020,5466,AUB,D1 Southeastern Conference,730317056,CHIC,162033977,2020-03-06 13:00:00,3,0,1,0,1594039700,T. Burns,R,FA,R,0.410279629763,3.65147508065,23.8043604736,10.2271638455,5.44426639307,SS,K,-1.65167013703,5.69477458913,93.0239420404,2238.19850333,203.222884682,-0.15
1185,2020,5466,AUB,D1 Southeastern Conference,730317056,CHIC,162033977,2020-03-06 13:00:00,3,0,2,0,1594039700,T. Burns,R,FA,R,0.0582226743995,3.45386017154,23.0552940885,9.26468390182,5.45032073574,SS,K,-1.46510991105,5.82558316613,93.4883724695,2289.29658287,201.866138021,-0.15
1186,2020,5466,AUB,D1 Southeastern Conference,730317056,CHIC,162033977,2020-03-06 13:00:00,3,0,0,1,1594039700,T. Burns,R,FA,R,0.0348562666392,1.89031167986,23.5189606823,13.751352512,5.80220944716,SL,IP_OUT,-1.58962857756,5.7607631176,93.1489349395,2358.48041218,210.282019935,-0.15
1187,2020,5466,AUB,D1 Southeastern Conference,730317056,CHIC,162033977,2020-03-06 13:00:00,3,0,1,1,1594039700,T. Burns,R,SL,R,0.619191082828,1.08295475987,0.651818719546,-10.0765901986,5.26601699694,SS,IP_OUT,-2.07197506155,5.67472279532,80.7783116196,2556.19773811,93.935159079,-0.15
1188,2020,5466,AUB,D1 Southeastern Conference,730317056,CHIC,162033977,2020-03-06 13:00:00,3,0,0,2,1594039700,T. Burns,R,FA,R,0.722851460574,2.3588429617,23.6705212665,9.56883370071,5.55074283645,SL,K,-1.47036122678,5.75331409517,92.336171189,2265.17803945,201.984704252,-0.15
1189,2020,5466,AUB,D1 Southeastern Conference,730317056,CHIC,162033977,2020-03-06 13:00:00,3,0,1,2,1594039700,T. Burns,R,FA,R,0.901320198102,3.17021255922,22.6727941766,7.45702308193,5.75633010209,B,K,-1.58609843783,5.78663343145,91.7826505158,2310.61548012,198.182174973,0.13
1190,2020,5466,AUB,D1 Southeastern Conference,730317056,CHIC,162033977,2020-03-06 13:00:00,3,1,1,2,1594039700,T. Burns,R,FA,R,0.119934094093,3.76655718557,25.9882984322,8.23118600545,5.45458824484,SS,K,-1.54319141068,5.71516273278,92.2920578635,2256.15986048,197.554326229,-0.15
1191,2020,5466,AUB,D1 Southeastern Conference,730317056,CHIC,162033977,2020-03-06 13:00:00,3,1,2,2,1594039700,T. Burns,R,FA,R,0.908933250658,3.02986338285,25.8185127196,9.23947247495,5.72487161032,SS,K,-1.47872399412,5.777490073,92.2903730818,2304.34964182,199.668307761,-0.15
1192,2020,5466,AUB,D1 Southeastern Conference,730317056,CHIC,162033977,2020-03-06 13:00:00,4,0,0,0,1594039700,T. Burns,R,FA,R,1.58916004185,2.49893600289,25.8094531785,9.00770920458,5.57368629717,B,BB,-1.57421856233,5.72172058428,91.3972122277,2246.98888288,199.217289878,0.13
1193,2020,5466,AUB,D1 Southeastern Conference,730317056,CHIC,162033977,2020-03-06 13:00:00,4,1,0,0,1594039700,T. Burns,R,FA,R,0.782998566036,2.1827637067,26.177709649,9.3208673134,5.53892725555,SS,BB,-1.42641971277,5.8564196541,91.4286586584,2281.92791247,199.576616229,-0.15
1194,2020,5466,AUB,D1 Southeastern Conference,730317056,CHIC,162033977,2020-03-06 13:00:00,4,1,1,0,1594039700,T. Burns,R,SL,R,1.55674253647,1.77062272217,0.901722878447,-9.1469358633,5.25046239991,B,BB,-1.88050444146,5.76001232604,81.1503239932,2510.21880688,95.8845042151,0.13
1195,2020,5466,AUB,D1 Southeastern Conference,730317056,CHIC,162033977,2020-03-06 13:00:00,4,2,1,0,1594039700,T. Burns,R,FA,R,1.35525744475,1.5187671211,23.5416497532,11.4701136866,5.6815216116,B,BB,-1.55404969048,5.76180985693,92.832061748,2307.54575007,205.946823832,0.13
1196,2020,5466,AUB,D1 Southeastern Conference,730317056,CHIC,162033977,2020-03-06 13:00:00,4,3,1,0,1594039700,T. Burns,R,FA,R,-0.729660180868,2.99486988102,22.1833621121,11.8961791242,5.5413185883,B,BB,-1.58728377676,5.5933844088,91.6672992385,2272.15150057,208.169173696,0.8
1197,2020,5466,AUB,D1 Southeastern Conference,730317056,CHIC,162033977,2020-03-06 13:00:00,4,0,0,0,1594039700,T. Burns,R,FA,L,0.191110170341,1.88381609406,25.0177568886,11.2587608998,5.75797212117,F,K,-1.53949528914,5.72568444404,89.3461447553,2235.91048981,204.200923763,-0.15
1198,2020,5466,AUB,D1 Southeastern Conference,730317056,CHIC,162033977,2020-03-06 13:00:00,4,0,1,0,1594039700,T. Burns,R,CU,L,0.229478699736,2.18196905401,-3.50913546864,-7.13970627557,5.39797639276,SS,K,-1.49288852378,5.70424703493,78.4387735753,2163.22274586,64.1047717487,-0.15
1199,2020,5466,AUB,D1 Southeastern Conference,730317056,CHIC,162033977,2020-03-06 13:00:00,4,0,2,0,1594039700,T. Burns,R,SL,L,0.00664521459732,1.26022456547,6.21134630561,-4.8552058036,5.31718579648,SS,K,-1.69759525061,5.59484146254,82.9140473061,2573.68954025,142.160427089,-0.15
1200,2020,5466,AUB,D1 Southeastern Conference,730317056,CHIC,162033977,2020-03-06 13:00:00,4,0,0,1,1594039700,T. Burns,R,CU,R,-0.133480040578,3.77559515521,-3.48840980182,-3.75259989096,5.43561646942,B,BB,-1.60718897548,5.74889965603,78.7241331122,2152.59092615,47.4457626068,0.13
1201,2020,5466,AUB,D1 Southeastern Conference,730317056,CHIC,162033977,2020-03-06 13:00:00,4,1,0,1,1594039700,T. Burns,R,FA,R,-0.541867511649,3.00178023111,22.3713866353,12.9133970704,5.51935321716,F,BB,-1.65238516801,5.82108964379,91.4801091374,2223.3417459,209.959301401,-0.15
1202,2020,5466,AUB,D1 Southeastern Conference,730317056,CHIC,162033977,2020-03-06 13:00:00,4,1,1,1,1594039700,T. Burns,R,SL,R,1.06586946184,1.72393988771,1.2652508887,-8.5082674233,5.22391437379,B,BB,-1.64635730494,5.66276906445,80.5986940515,2497.86984507,98.728742133,0.13
1203,2020,5466,AUB,D1 Southeastern Conference,730317056,CHIC,162033977,2020-03-06 13:00:00,4,2,1,1,1594039700,T. Burns,R,FA,R,0.636655027428,1.24725231344,23.1139709447,9.38612088766,5.69814547496,B,BB,-1.57969327811,5.60902900876,92.6830960077,2263.50737642,202.074158085,0.13
1204,2020,5466,AUB,D1 Southeastern Conference,730317056,CHIC,162033977,2020-03-06 13:00:00,4,3,1,1,1594039700,T. Burns,R,FA,R,1.2898949543,1.71698920827,22.8150771384,10.6283479525,5.73133054042,B,BB,-1.38644498474,5.70996170323,93.3204330145,2291.1960648,204.948950701,0.8
1205,2020,5466,AUB,D1 Southeastern Conference,730317056,CHIC,162033977,2020-03-06 13:00:00,4,0,2,1,1594039700,T. Burns,R,SL,R,0.954711421639,2.88688286236,4.08872041097,-9.37150387075,5.22259350446,F,K,-1.80958302704,5.6076349667,82.984265898,2801.65332388,113.77111655,0.0
1206,2020,5466,AUB,D1 Southeastern Conference,730317056,CHIC,162033977,2020-03-06 13:00:00,4,0,2,1,1594039700,T. Burns,R,FA,R,-0.0517379482174,3.09417336514,20.9894937113,13.2212216272,5.65706745992,F,K,-1.62919182618,5.64976878052,93.8348586068,2364.21843323,212.169471496,0.0
1207,2020,5466,AUB,D1 Southeastern Conference,730317056,CHIC,162033977,2020-03-06 13:00:00,4,0,2,1,1594039700,T. Burns,R,SL,R,1.62654309908,0.97810002831,6.23471242639,-8.65077210784,5.29781602775,SS,K,-1.86906962355,5.6599496655,83.7264309454,2705.77470237,125.947808495,-0.15
1208,2020,5466,AUB,D1 Southeastern Conference,730317056,CHIC,162033977,2020-03-06 13:00:00,4,0,0,2,1594039700,T. Burns,R,CU,R,0.75753185993,2.82863753615,-3.65571394766,-10.8482314695,5.39444776187,SL,K,-1.58144648217,5.74953961742,79.7303018234,2302.30719338,71.5775464326,-0.15
1209,2020,5466,AUB,D1 Southeastern Conference,730317056,CHIC,162033977,2020-03-06 13:00:00,4,1,1,2,1594039700,T. Burns,R,FA,R,0.303483585647,2.70144510377,27.9502267757,10.9227986108,5.60678270021,SL,K,-1.38240455835,5.84354128611,92.2138511226,2261.7591334,201.323510582,-0.15
1210,2020,5466,AUB,D1 Southeastern Conference,730317056,CHIC,162033977,2020-03-06 13:00:00,4,2,2,2,1594039700,T. Burns,R,CU,R,0.280158336541,2.48538008674,-7.10671624216,-15.8323675675,5.27366691295,SS,K,-1.5642906575,5.69721593054,78.2830624352,2446.01268785,65.9588373355,-0.15
1211,2020,5466,AUB,D1 Southeastern Conference,730317056,CHIC,162033977,2020-03-06 13:00:00,5,0,0,0,1594039700,T. Burns,R,FA,R,0.695014076433,2.5403999633,21.9903071027,13.308119736,5.59448991262,SS,IP_OUT,-1.57084179088,5.64302673961,91.8726417222,2300.86212094,211.145077865,-0.15
1212,2020,5466,AUB,D1 Southeastern Conference,730317056,CHIC,162033977,2020-03-06 13:00:00,5,0,0,1,1594039700,T. Burns,R,SL,R,-0.0195664222768,1.17214959818,0.454704920122,-9.28991122947,5.31242986568,B,IP_OUT,-1.86924850883,5.55733246624,80.0837068487,2494.45809353,93.0582180724,0.13
1213,2020,5466,AUB,D1 Southeastern Conference,730317056,CHIC,162033977,2020-03-06 13:00:00,5,1,0,1,1594039700,T. Burns,R,FA,R,0.731669066503,1.12403459961,20.9307854538,12.044746713,5.6524417771,B,IP_OUT,-1.89222803207,5.49282692708,91.6214608402,2329.88254117,209.880970281,0.13
1214,2020,5466,AUB,D1 Southeastern Conference,730317056,CHIC,162033977,2020-03-06 13:00:00,5,0,0,2,1594039700,T. Burns,R,CU,R,1.09414614915,0.960137519272,-4.06588906204,-12.3903741154,5.64040020083,B,BB,-1.63891240489,5.70938298634,78.1184851375,2306.0020975,72.0159589062,0.13
1215,2020,5466,AUB,D1 Southeastern Conference,730317056,CHIC,162033977,2020-03-06 13:00:00,5,1,0,2,1594039700,T. Burns,R,FA,R,1.38293281371,1.77359606448,22.6544864094,10.8345413849,5.63329420083,B,BB,-1.78550537737,5.67298950828,91.8528570707,2316.93417237,205.52828253,0.13
1216,2020,5466,AUB,D1 Southeastern Conference,730317056,CHIC,162033977,2020-03-06 13:00:00,5,2,0,2,1594039700,T. Burns,R,FA,R,0.428302060032,1.53438541412,24.9035434268,9.81320874767,5.61859738166,B,BB,-1.65409593245,5.68490490598,92.1531929962,2367.46631911,201.481930561,0.13
1217,2020,5466,AUB,D1 Southeastern Conference,730317056,CHIC,162033977,2020-03-06 13:00:00,5,3,0,2,1594039700,T. Burns,R,FA,R,-0.452981244117,1.28035557969,19.3287565815,9.99474249584,5.61510480574,B,BB,-1.6248891647,5.71520863917,87.5306146714,2179.52044926,207.300941573,0.8
1218,2020,5466,AUB,D1 Southeastern Conference,730317056,CHIC,162033977,2020-03-06 13:00:00,5,0,0,2,1594039700,T. Burns,R,FA,R,0.754253155907,2.4980518536,21.8296072085,6.34731528577,5.6757649077,SS,K,-1.67372878086,5.71904741098,91.0567000918,2152.35474725,196.189801558,-0.15
1219,2020,5466,AUB,D1 Southeastern Conference,730317056,CHIC,162033977,2020-03-06 13:00:00,5,0,1,2,1594039700,T. Burns,R,FA,R,0.776538328814,2.62441951706,20.7745694521,10.1351214408,5.97209398133,SS,K,-1.58958712549,5.71507110085,90.4988641968,2185.70747481,205.970708977,-0.15
1220,2020,5466,AUB,D1 Southeastern Conference,730317056,CHIC,162033977,2020-03-06 13:00:00,5,0,2,2,1594039700,T. Burns,R,FA,R,0.276163132738,4.29693864006,21.9399621967,9.6343594252,5.65495490439,B,K,-1.5200944838,5.75628508948,93.4627951512,2328.28547074,203.677977098,0.13
1221,2020,5466,AUB,D1 Southeastern Conference,730317056,CHIC,162033977,2020-03-06 13:00:00,5,1,2,2,1594039700,T. Burns,R,FA,R,-0.604656807589,3.85166284241,20.8635155238,10.5781650369,5.6416688938,SS,K,-1.63949427811,5.79290473577,92.1143964613,2315.16313209,206.850902748,-0.15
1222,2020,5466,AUB,D1 Southeastern Conference,730317056,CHIC,162033977,2020-03-06 13:00:00,6,0,0,0,1594039700,T. Burns,R,CU,R,1.03939780774,2.36831641147,-2.88619740878,-9.98703483196,5.52941957592,F,K,-1.68893521424,5.84769278168,77.0301729497,2253.64028502,74.1177117342,-0.15
1223,2020,5466,AUB,D1 Southeastern Conference,730317056,CHIC,162033977,2020-03-06 13:00:00,6,0,1,0,1594039700,T. Burns,R,SL,R,0.827238494671,0.511266201121,6.06421349638,-7.01999483144,5.29308759564,SS,K,-1.83242425193,5.61989658232,81.7734397653,2663.16514851,131.008658612,-0.15
1224,2020,5466,AUB,D1 Southeastern Conference,730317056,CHIC,162033977,2020-03-06 13:00:00,6,0,2,0,1594039700,T. Burns,R,SL,R,-0.564616638181,2.80765653411,-0.440309348116,-8.02940474785,5.29176710856,SL,K,-1.81617963334,5.60092899707,78.970514872,2415.79745126,87.1673017759,-0.15
1225,2020,5466,AUB,D1 Southeastern Conference,730317056,CHIC,162033977,2020-03-06 13:00:00,6,0,0,1,1594039700,T. Burns,R,FA,L,0.0395546803176,0.42733664394,22.2091628415,12.3268854012,5.46534074033,B,IP_OUT,-1.73352389621,5.6654753895,89.5833437598,2304.42951292,208.995317667,0.13
1226,2020,5466,AUB,D1 Southeastern Conference,730317056,CHIC,162033977,2020-03-06 13:00:00,6,1,0,1,1594039700,T. Burns,R,FA,L,-1.20131905662,1.81154358919,14.4673005771,14.2704748147,5.68252133203,SS,IP_OUT,-1.62740104838,5.67531230814,88.8329148512,2178.30371401,224.541294477,-0.15
1227,2020,5466,AUB,D1 Southeastern Conference,730317056,CHIC,162033977,2020-03-06 13:00:00,6,1,1,1,1594039700,T. Burns,R,CU,L,0.854467749534,1.86523917839,-2.03116869404,-10.4822182357,5.44393012633,SL,IP_OUT,-1.69733320607,5.6882001888,78.5962357434,2278.81972403,79.2624138584,-0.15
1228,2020,5466,AUB,D1 Southeastern Conference,730317056,CHIC,162033977,2020-03-06 13:00:00,7,0,0,0,1594039700,T. Burns,R,CU,R,-1.13381142869,4.05699032325,-5.06770149709,-6.05980222903,5.40024066501,B,IP_OUT,-1.78204891364,5.97280267216,75.4265572119,2091.66448576,50.3557928154,0.13
1229,2020,5466,AUB,D1 Southeastern Conference,730317056,CHIC,162033977,2020-03-06 13:00:00,7,1,0,0,1594039700,T. Burns,R,CU,R,-0.858112064977,3.65980484387,-7.65034036672,-9.8003555427,5.56899855338,B,IP_OUT,-1.73880650302,5.74947422485,75.1423709591,2145.60475025,52.1957546599,0.13
1230,2020,5466,AUB,D1 Southeastern Conference,730317056,CHIC,162033977,2020-03-06 13:00:00,7,2,0,0,1594039700,T. Burns,R,FA,R,-0.5083041009,2.75045027849,25.0335278141,10.2450689298,5.53529908246,F,IP_OUT,-1.62673789798,5.77295221552,89.8417890589,2307.43438125,202.230481531,-0.15
1231,2020,5466,AUB,D1 Southeastern Conference,730317056,CHIC,162033977,2020-03-06 13:00:00,7,2,1,0,1594039700,T. Burns,R,CH,R,0.175879283882,1.62589055427,20.2720206669,11.9947989475,6.411249033,B,IP_OUT,-1.7230126384,5.50018031814,80.589462889,1809.14982446,210.563499298,0.13
1232,2020,5466,AUB,D1 Southeastern Conference,730317056,CHIC,162033977,2020-03-06 13:00:00,7,3,1,0,1594039700,T. Burns,R,FA,R,0.72205062276,3.01383505619,24.8157611413,7.32636313261,5.88107160901,F,IP_OUT,-1.53382597751,5.79916913862,90.2123555995,2258.2925804,196.427900063,-0.15
1233,2020,5466,AUB,D1 Southeastern Conference,730317056,CHIC,162033977,2020-03-06 13:00:00,7,3,2,0,1594039700,T. Burns,R,FA,R,-0.951822380547,2.062420944,23.4384455564,5.68392405798,5.72743618926,F,IP_OUT,-1.76231954063,5.7065706927,90.6951886334,2233.80371016,193.613370203,0.0
1234,2020,5466,AUB,D1 Southeastern Conference,730317056,CHIC,162033977,2020-03-06 13:00:00,7,0,0,1,1594039700,T. Burns,R,FA,R,-0.416719658972,3.88794130229,19.5060639781,11.302221371,5.61027189541,F,IP_OUT,-1.80748001337,5.60915383134,91.2639954552,2172.60783969,210.047879829,-0.15
1235,2020,5466,AUB,D1 Southeastern Conference,730317056,CHIC,162033977,2020-03-06 13:00:00,7,0,0,2,1594039700,T. Burns,R,CU,R,0.283130013556,3.2922336951,-1.01440091042,-7.03994369929,5.57515296361,SL,K,-1.62846119399,5.75863145702,78.1961978795,2230.25840656,82.1495918103,-0.15
1236,2020,5466,AUB,D1 Southeastern Conference,730317056,CHIC,162033977,2020-03-06 13:00:00,7,0,1,2,1594039700,T. Burns,R,CU,R,-1.27636670952,2.4768095556,-1.80172655764,-5.27125060503,5.25860297257,B,K,-1.70949914859,5.61328365518,80.6238077081,2469.42835571,71.5298087592,0.13
1237,2020,5466,AUB,D1 Southeastern Conference,730317056,CHIC,162033977,2020-03-06 13:00:00,7,1,1,2,1594039700,T. Burns,R,CU,R,0.830184083488,1.69681518184,-2.35675264192,-7.13140149224,5.71919697987,F,K,-1.65772311458,5.67248894178,78.4744713254,2313.13153409,72.0259670981,-0.15
1238,2020,5466,AUB,D1 Southeastern Conference,730317056,CHIC,162033977,2020-03-06 13:00:00,7,1,2,2,1594039700,T. Burns,R,FA,R,-0.602416474939,4.59610164429,23.6323662839,11.684377492,5.71119937704,B,K,-1.42145847551,5.77255839753,93.3510646621,2417.14644214,206.279629175,0.13
1239,2020,5466,AUB,D1 Southeastern Conference,730317056,CHIC,162033977,2020-03-06 13:00:00,7,2,2,2,1594039700,T. Burns,R,FA,R,-0.616206105745,1.70012711528,21.7982767962,11.1670715906,5.68539365974,SL,K,-1.39021014443,5.75443355816,93.6785215498,2387.47337251,207.093583989,-0.15
1240,2020,5466,AUB,D1 Southeastern Conference,730317056,CHIC,162033977,2020-03-06 13:00:00,8,0,0,0,1703937274,C. Greenhill,R,FA,R,0.29619030311,1.5245608256,19.1013036672,14.309753609,5.13532707793,SL,K,-2.72068759299,5.84370772752,90.3155987427,2117.31942055,216.791093149,-0.15
1241,2020,5466,AUB,D1 Southeastern Conference,730317056,CHIC,162033977,2020-03-06 13:00:00,8,0,1,0,1703937274,C. Greenhill,R,FA,R,0.142862069572,2.1246280396,19.6016930364,14.6847953611,5.1106439824,SS,K,-2.63879883412,5.86165541443,92.156288714,2199.05691243,216.794407713,-0.15
1242,2020,5466,AUB,D1 Southeastern Conference,730317056,CHIC,162033977,2020-03-06 13:00:00,8,0,2,0,1703937274,C. Greenhill,R,FA,R,0.857520245071,2.49439687877,22.1535697367,10.2162876613,5.26977659943,SL,K,-2.6697801281,5.88657806357,93.0357661464,2097.91291518,204.726271624,-0.15
1243,2020,5466,AUB,D1 Southeastern Conference,730317056,CHIC,162033977,2020-03-06 13:00:00,8,0,0,1,1703937274,C. Greenhill,R,FA,R,0.276678062028,1.85542541784,20.8378340433,14.7315343192,5.22816454294,SL,IP_OUT,-2.83871638313,5.77796867428,90.7738900538,2135.95444807,215.21606577,-0.15
1244,2020,5466,AUB,D1 Southeastern Conference,730317056,CHIC,162033977,2020-03-06 13:00:00,8,0,1,1,1703937274,C. Greenhill,R,FA,R,1.36661638945,1.17373742297,18.5268747691,16.0915613996,5.34780226788,B,IP_OUT,-2.70547671522,5.78575191411,92.5479267969,2133.13067529,220.927605083,0.13
1245,2020,5466,AUB,D1 Southeastern Conference,730317056,CHIC,162033977,2020-03-06 13:00:00,8,1,1,1,1703937274,C. Greenhill,R,FA,R,-0.224582724453,2.90119547368,22.7533946067,10.6983326633,5.25277233835,SS,IP_OUT,-2.43702386295,5.83002538459,91.4693174976,2158.62540067,205.150796967,-0.15
1246,2020,5466,AUB,D1 Southeastern Conference,730317056,CHIC,162033977,2020-03-06 13:00:00,8,1,2,1,1703937274,C. Greenhill,R,FA,R,0.186549830043,2.15982829628,22.4291590352,10.0797812817,5.22094230383,F,IP_OUT,-2.64435007515,5.85096492603,94.1518598562,2193.34218592,204.170037967,0.0
1247,2020,5466,AUB,D1 Southeastern Conference,730317056,CHIC,162033977,2020-03-06 13:00:00,8,0,0,2,1703937274,C. Greenhill,R,SL,R,-0.405332775749,3.17362169098,3.31924105315,-7.79024919568,4.82121910954,SS,K,-2.73475367121,5.86184519581,76.6655891608,2412.88941532,113.369088525,-0.15
1248,2020,5466,AUB,D1 Southeastern Conference,730317056,CHIC,162033977,2020-03-06 13:00:00,8,0,1,2,1703937274,C. Greenhill,R,SL,R,2.48238849594,0.896730041246,8.51970022374,-7.48892399445,5.1416692115,B,K,-2.91528136479,5.78364424746,79.7663519309,2390.82972462,138.828675501,0.13
1249,2020,5466,AUB,D1 Southeastern Conference,730317056,CHIC,162033977,2020-03-06 13:00:00,8,1,1,2,1703937274,C. Greenhill,R,FA,R,-1.02600431341,2.17872846063,20.2960497494,16.3185003888,5.30826547593,SL,K,-2.71449100425,5.88077487476,92.9871235956,2147.51798154,218.756655335,-0.15
1250,2020,5466,AUB,D1 Southeastern Conference,730317056,CHIC,162033977,2020-03-06 13:00:00,8,1,2,2,1703937274,C. Greenhill,R,FA,R,0.971733058373,2.95685601617,21.051903408,14.0570445997,5.28124570214,B,K,-2.6380728879,5.84291228275,94.0473531123,2143.52098573,213.693372107,0.13
1251,2020,5466,AUB,D1 Southeastern Conference,730317056,CHIC,162033977,2020-03-06 13:00:00,8,2,2,2,1703937274,C. Greenhill,R,FA,R,-0.759145997912,2.38072127329,18.2282872597,16.3128874558,5.28617475243,F,K,-2.68827041013,5.87089558071,93.8643010353,2347.81943144,221.777852986,0.0
1252,2020,5466,AUB,D1 Southeastern Conference,730317056,CHIC,162033977,2020-03-06 13:00:00,8,2,2,2,1703937274,C. Greenhill,R,FA,R,-0.562664066677,1.71371911568,18.3838885391,19.1384308516,5.3465077465,F,K,-2.49458698702,5.80459840845,94.2934008284,2349.56362305,226.10464702,0.0
1253,2020,5466,AUB,D1 Southeastern Conference,730317056,CHIC,162033977,2020-03-06 13:00:00,8,2,2,2,1703937274,C. Greenhill,R,FA,R,-0.248112260227,2.59368046615,24.4814120652,11.6815887588,5.22923051052,F,K,-2.59672368585,5.89022330496,94.9491426775,2296.40804246,205.481238286,0.0
1254,2020,5466,AUB,D1 Southeastern Conference,730317056,CHIC,162033977,2020-03-06 13:00:00,8,2,2,2,1703937274,C. Greenhill,R,SL,R,0.414717159959,3.60255566906,8.29459937494,-9.60996259359,4.9710859508,SS,K,-2.81321373284,5.79453550242,79.2618546441,2390.90309047,130.947894106,-0.15
1255,2020,5466,AUB,D1 Southeastern Conference,730317056,CHIC,162033977,2020-03-06 13:00:00,9,0,0,0,1703937274,C. Greenhill,R,FA,L,-1.21375556669,2.36464798785,16.8355333288,16.072750616,5.22524466072,F,K,-2.95410554654,5.81578559185,90.1557799016,2029.15746327,223.615372919,-0.15
1256,2020,5466,AUB,D1 Southeastern Conference,730317056,CHIC,162033977,2020-03-06 13:00:00,9,0,1,0,1703937274,C. Greenhill,R,FA,L,-1.62293599226,2.25959126927,17.8743406598,17.5007692551,5.19619590053,B,K,-2.84579610165,5.75237376172,92.1618150769,2215.16211185,224.343974114,0.13
1257,2020,5466,AUB,D1 Southeastern Conference,730317056,CHIC,162033977,2020-03-06 13:00:00,9,1,1,0,1703937274,C. Greenhill,R,FA,L,-0.479422649381,2.70514661509,17.8156605218,17.6634402479,5.33226592703,SS,K,-2.83490764373,5.64155439189,90.1153581812,2182.05137019,224.700815242,-0.15
1258,2020,5466,AUB,D1 Southeastern Conference,730317056,CHIC,162033977,2020-03-06 13:00:00,9,1,2,0,1703937274,C. Greenhill,R,FA,L,-1.28571158862,3.0876031441,15.204222095,15.4478329762,5.18953031316,B,K,-2.82903841427,5.82347177201,92.2091274052,2153.61542437,225.395660542,0.13
1259,2020,5466,AUB,D1 Southeastern Conference,730317056,CHIC,162033977,2020-03-06 13:00:00,9,2,2,0,1703937274,C. Greenhill,R,FA,L,-1.26773198758,1.9544124294,15.3662174486,17.5241712654,5.24080291473,SS,K,-2.6931022286,5.77747788567,92.1297582497,2253.71638065,228.695139902,-0.15
1260,2020,5466,AUB,D1 Southeastern Conference,730317056,CHIC,162033977,2020-03-06 13:00:00,9,0,0,1,1703937274,C. Greenhill,R,FA,R,-0.142218659961,1.65471433213,20.3521405348,19.0619646761,5.28968853603,SL,IP_OUT,-2.75234905737,5.76385653039,93.1514214519,2232.29891588,223.080849371,-0.15
1261,2020,5466,AUB,D1 Southeastern Conference,730317056,CHIC,162033977,2020-03-06 13:00:00,9,0,1,1,1703937274,C. Greenhill,R,FA,R,-0.934603170396,1.92593300493,18.0581747858,16.7612375437,5.28566388359,B,IP_OUT,-2.53311063919,5.77082789556,93.7260847023,2220.10064504,222.81793009,0.13
1262,2020,5466,AUB,D1 Southeastern Conference,730317056,CHIC,162033977,2020-03-06 13:00:00,9,1,1,1,1703937274,C. Greenhill,R,FA,R,-0.906295868888,3.0616302121,18.9764451896,14.6050290954,5.30736328352,F,IP_OUT,-2.62070233017,5.69925490344,91.9489834441,2191.08627234,217.536607687,-0.15
1263,2020,5466,AUB,D1 Southeastern Conference,730317056,CHIC,162033977,2020-03-06 13:00:00,9,0,0,2,1703937274,C. Greenhill,R,FA,R,-0.624435433417,2.0518146558,21.8451723851,13.5779523189,5.37013080624,F,IP_OUT,-2.81501089675,5.75880972502,93.7975012349,2324.03815517,211.827198851,-0.15
1264,2020,730149120,LMU,D1 West Coast Conference,730283008,CSB,404785485,2020-02-19 13:00:00,1,0,0,0,1332673899,A. Burge,L,FC,L,1.54690398501,3.76472086778,4.97125158934,-1.1336128498,5.2913610374,HBP,HBP,1.35661076439,6.09681733907,77.8386304005,1838.92000906,167.264009812,0.8
1265,2020,730149120,LMU,D1 West Coast Conference,730283008,CSB,404785485,2020-02-19 13:00:00,1,0,0,0,1332673899,A. Burge,L,FA,L,-0.24903679521,2.00577093951,10.8017532698,-15.5158198263,5.89238235429,SL,S,1.06946699195,6.13423022629,85.5063081387,1986.88975967,124.93566542,-0.15
1266,2020,730149120,LMU,D1 West Coast Conference,730283008,CSB,404785485,2020-02-19 13:00:00,1,0,1,0,1332673899,A. Burge,L,FC,L,-0.174376014303,2.18524844297,7.7377366256,-1.82750100427,5.24714423315,IP,S,1.19902982053,6.08427908402,78.3385227924,1865.63327339,166.785124634,1.0
1267,2020,730149120,LMU,D1 West Coast Conference,730283008,CSB,404785485,2020-02-19 13:00:00,1,0,0,0,1332673899,A. Burge,L,FA,R,0.299798950887,1.86175272994,16.0700144387,-13.0133328566,5.93498667347,SL,K,1.1741321829,6.1576049995,84.7123687731,1965.27840754,141.064481361,-0.15
1268,2020,730149120,LMU,D1 West Coast Conference,730283008,CSB,404785485,2020-02-19 13:00:00,1,0,1,0,1332673899,A. Burge,L,FA,R,1.74783466973,2.45087071705,14.7338419305,-16.7304339735,5.7764135735,B,K,1.25947429281,6.1309751135,86.1049807442,2093.12169191,131.439267236,0.13
1269,2020,730149120,LMU,D1 West Coast Conference,730283008,CSB,404785485,2020-02-19 13:00:00,1,1,1,0,1332673899,A. Burge,L,FA,R,-0.566490939573,1.47044864455,16.5428255554,-17.0898092154,5.90122512251,B,K,1.08545126693,6.23793537308,85.6977325971,2048.16663498,134.131836204,0.13
1270,2020,730149120,LMU,D1 West Coast Conference,730283008,CSB,404785485,2020-02-19 13:00:00,1,2,1,0,1332673899,A. Burge,L,FA,R,1.04131647032,1.85405930206,10.566362067,-15.817733173,5.86099752943,F,K,1.10866853128,6.16997266798,85.5764052824,2056.83550446,123.835170581,-0.15
1271,2020,730149120,LMU,D1 West Coast Conference,730283008,CSB,404785485,2020-02-19 13:00:00,1,2,2,0,1332673899,A. Burge,L,FA,R,1.88633672365,3.15547152261,11.9984066616,-15.3036741899,5.70247991168,F,K,1.10544852604,6.135014461,85.3058162105,2022.93523165,128.183875951,0.0
1272,2020,730149120,LMU,D1 West Coast Conference,730283008,CSB,404785485,2020-02-19 13:00:00,1,2,2,0,1332673899,A. Burge,L,FA,R,0.658758412952,1.71949198934,15.6180252585,-15.0266975104,5.78932246659,SL,K,1.30162945082,6.18892666652,85.9343037407,2043.54102709,136.172261077,-0.15
1273,2020,730149120,LMU,D1 West Coast Conference,730283008,CSB,404785485,2020-02-19 13:00:00,1,0,0,2,1332673899,A. Burge,L,FA,L,-1.27802160838,1.30837055109,11.4292143247,-16.6189239939,5.94994854285,B,D,1.01641076307,6.17127945262,85.5405117619,2025.23801955,124.602613635,0.13
1274,2020,730149120,LMU,D1 West Coast Conference,730283008,CSB,404785485,2020-02-19 13:00:00,1,1,0,2,1332673899,A. Burge,L,FA,L,-0.952274463283,2.18784982484,10.3786563396,-17.8532718673,5.90252353717,SL,D,1.10133821884,6.10253906195,86.5289986308,2086.34653486,120.256181124,-0.15
1275,2020,730149120,LMU,D1 West Coast Conference,730283008,CSB,404785485,2020-02-19 13:00:00,1,1,1,2,1332673899,A. Burge,L,FA,L,-1.01043773106,2.11720194434,13.6422168268,-15.0458108023,6.02124161787,SL,D,1.05522888041,6.15799124821,87.0943342396,1989.9978578,132.272265416,-0.15
1276,2020,730149120,LMU,D1 West Coast Conference,730283008,CSB,404785485,2020-02-19 13:00:00,1,1,2,2,1332673899,A. Burge,L,FA,L,-1.66852873939,1.50899278984,17.309756546,-15.5847082864,5.85262061014,B,D,1.07099247313,6.10539798306,87.875709071,1961.46833224,138.058933076,0.13
1277,2020,730149120,LMU,D1 West Coast Conference,730283008,CSB,404785485,2020-02-19 13:00:00,1,2,2,2,1332673899,A. Burge,L,FC,L,-1.30651182576,1.13698848094,7.3691092169,-4.47421949993,5.37268677263,B,D,1.11119268156,6.12786618925,78.7815965884,1858.98722053,148.884882456,0.13
1278,2020,730149120,LMU,D1 West Coast Conference,730283008,CSB,404785485,2020-02-19 13:00:00,1,3,2,2,1332673899,A. Burge,L,FA,L,-0.181615336761,2.95759994756,16.9247367776,-14.3482016767,5.92475157148,F,D,1.13582427468,6.11914410787,86.5343236289,2068.18738858,139.769132524,0.0
1279,2020,730149120,LMU,D1 West Coast Conference,730283008,CSB,404785485,2020-02-19 13:00:00,1,3,2,2,1332673899,A. Burge,L,FC,L,-1.34846003835,2.20668739289,4.39748762334,1.13673743349,5.3368531248,IP,D,1.09533026714,5.93239757929,78.1916209146,1827.0180619,194.352392866,1.26
1280,2020,730149120,LMU,D1 West Coast Conference,730283008,CSB,404785485,2020-02-19 13:00:00,1,0,0,2,1332673899,A. Burge,L,FA,R,1.03886483184,0.762422738982,10.324578926,-16.74508178,5.88150135792,B,IP_OUT,1.19183556425,6.15588032613,85.5554959487,1970.32351618,121.747287348,0.13
1281,2020,730149120,LMU,D1 West Coast Conference,730283008,CSB,404785485,2020-02-19 13:00:00,1,1,0,2,1332673899,A. Burge,L,FA,R,1.41703839385,3.00122123022,13.7760762902,-17.4915747588,5.84739484845,B,IP_OUT,1.15343566957,6.15775047359,86.4388980014,1977.03656709,128.295918621,0.13
1282,2020,730149120,LMU,D1 West Coast Conference,730283008,CSB,404785485,2020-02-19 13:00:00,2,0,0,0,1332673899,A. Burge,L,FA,L,-0.13299491091,1.24124013111,9.63159879797,-19.3579253718,5.95925901412,B,K,1.15319572746,6.17059271574,84.1378242346,1996.54230588,116.542160435,0.13
1283,2020,730149120,LMU,D1 West Coast Conference,730283008,CSB,404785485,2020-02-19 13:00:00,2,1,0,0,1332673899,A. Burge,L,FA,L,-0.133634288708,1.95907185731,7.84704176724,-19.4010033128,5.7454670238,F,K,1.00785608208,6.20407406665,84.2843909647,2021.58292709,112.117626974,-0.15
1284,2020,730149120,LMU,D1 West Coast Conference,730283008,CSB,404785485,2020-02-19 13:00:00,2,1,1,0,1332673899,A. Burge,L,CH,L,-0.0945833102076,2.26652397484,12.4187772693,-16.6688029706,5.66476656225,F,K,1.28484947639,5.91551557579,80.5995550093,1782.80158938,126.778254152,-0.15
1285,2020,730149120,LMU,D1 West Coast Conference,730283008,CSB,404785485,2020-02-19 13:00:00,2,1,2,0,1332673899,A. Burge,L,FA,L,0.322574645987,2.26784607515,10.6075825492,-16.8967475823,5.70021790531,F,K,1.07508178568,6.13755102858,86.4896201253,2030.37721401,122.207423245,0.0
1286,2020,730149120,LMU,D1 West Coast Conference,730283008,CSB,404785485,2020-02-19 13:00:00,2,1,2,0,1332673899,A. Burge,L,FC,L,-1.5521685264,1.72390237363,7.91105099177,-0.66139706878,5.46322766922,B,K,1.014185583,5.90932636895,78.0853402072,1845.39703954,175.247907209,0.13
1287,2020,730149120,LMU,D1 West Coast Conference,730283008,CSB,404785485,2020-02-19 13:00:00,2,2,2,0,1332673899,A. Burge,L,FC,L,0.129971303852,2.45884204734,7.11493833085,2.0465138642,4.99736532228,F,K,1.1294191445,6.04560629068,76.5747934443,1788.27535667,195.946283121,0.0
1288,2020,730149120,LMU,D1 West Coast Conference,730283008,CSB,404785485,2020-02-19 13:00:00,2,2,2,0,1332673899,A. Burge,L,FA,L,0.352595712303,2.59436304594,8.41018362736,-18.241025465,5.57232425709,F,K,0.97031211832,6.1618833053,87.0124755297,2025.47849815,114.844385319,0.0
1289,2020,730149120,LMU,D1 West Coast Conference,730283008,CSB,404785485,2020-02-19 13:00:00,2,2,2,0,1332673899,A. Burge,L,FA,L,0.325435552603,2.12337067361,10.5136653098,-18.5270692338,5.75052872117,F,K,1.07571248914,6.1529107726,85.6553752895,2001.99324862,119.659341991,0.0
1290,2020,730149120,LMU,D1 West Coast Conference,730283008,CSB,404785485,2020-02-19 13:00:00,2,2,2,0,1332673899,A. Burge,L,FA,L,-0.511186615186,2.61084616424,17.6009162062,-14.7377149693,5.91825777893,SL,K,1.09022024947,6.11864044271,86.8793282685,2114.94250303,140.116121897,-0.15
1291,2020,730149120,LMU,D1 West Coast Conference,730283008,CSB,404785485,2020-02-19 13:00:00,2,0,0,1,1332673899,A. Burge,L,FA,R,0.503885254241,0.946165717001,3.9616063806,-20.2302761783,5.81913095774,SS,S,1.29968369271,5.96613877262,86.6654769485,2105.17505937,101.177184536,-0.15
1292,2020,730149120,LMU,D1 West Coast Conference,730283008,CSB,404785485,2020-02-19 13:00:00,2,0,1,1,1332673899,A. Burge,L,CH,R,2.17846290008,2.05889893475,13.2731078048,-16.7162706387,5.19507117337,B,S,1.3554642511,5.94947581639,81.9388072036,1924.7834331,128.535078896,0.13
1293,2020,730149120,LMU,D1 West Coast Conference,730283008,CSB,404785485,2020-02-19 13:00:00,2,1,1,1,1332673899,A. Burge,L,FA,R,-0.0560847234083,2.98905527558,13.0118155933,-13.4316825863,5.59306468522,IP,S,1.13315633454,6.1986416503,86.4441025794,2075.92898504,134.169382198,1.0
1294,2020,730149120,LMU,D1 West Coast Conference,730283008,CSB,404785485,2020-02-19 13:00:00,2,0,0,1,1332673899,A. Burge,L,FA,R,0.546702764064,2.1849026813,10.7594580744,-16.8124134048,5.82299278967,F,S,1.14733057583,6.13544996415,85.5144941242,2039.1244341,122.705597179,-0.15
1295,2020,730149120,LMU,D1 West Coast Conference,730283008,CSB,404785485,2020-02-19 13:00:00,2,0,1,1,1332673899,A. Burge,L,FA,R,1.58287663369,2.97704913531,12.410928748,-17.5992150549,5.6681098101,B,S,1.13477969997,6.18750714113,86.9449880133,2060.32140385,125.268271168,0.13
1296,2020,730149120,LMU,D1 West Coast Conference,730283008,CSB,404785485,2020-02-19 13:00:00,2,1,1,1,1332673899,A. Burge,L,FA,R,-0.489624269337,1.26666408366,8.85849733787,-22.3750737306,5.93661586649,B,S,1.02044511545,6.18669161817,86.2798309665,2100.11019588,111.677945182,0.13
1297,2020,730149120,LMU,D1 West Coast Conference,730283008,CSB,404785485,2020-02-19 13:00:00,2,2,1,1,1332673899,A. Burge,L,FA,R,-0.503818835968,2.01421429698,10.2052852923,-16.6509735742,5.7732515473,IP,S,1.07532441092,6.12304464165,87.0902268329,2027.87685923,121.59172472,1.0
1298,2020,730149120,LMU,D1 West Coast Conference,730283008,CSB,404785485,2020-02-19 13:00:00,2,0,0,1,1332673899,A. Burge,L,FA,R,2.08065021485,3.69504409816,10.6954518822,-16.9571101942,5.75805730472,B,FC,1.1438896336,6.26272173828,85.5678966256,2043.39912786,122.32869504,0.13
1299,2020,730149120,LMU,D1 West Coast Conference,730283008,CSB,404785485,2020-02-19 13:00:00,2,1,0,1,1332673899,A. Burge,L,FA,R,1.03841458731,2.13899583668,14.5663477173,-14.9232035525,5.68867045513,SL,FC,1.33785392781,6.22384385592,85.605677499,2061.77629157,134.378266572,-0.15
1300,2020,730149120,LMU,D1 West Coast Conference,730283008,CSB,404785485,2020-02-19 13:00:00,2,1,1,1,1332673899,A. Burge,L,FA,R,-0.494095362643,2.2560374054,16.472826721,-14.7749746443,5.80434958411,SL,FC,1.31150617002,6.18428417437,86.2526776233,2076.09686541,138.171889765,-0.15
1301,2020,730149120,LMU,D1 West Coast Conference,730283008,CSB,404785485,2020-02-19 13:00:00,2,1,2,1,1332673899,A. Burge,L,FA,R,1.02064468776,2.34675325083,13.0011241778,-14.5851027169,5.81601209304,IP,FC,1.26052180197,6.09558844584,84.7805980204,2010.4295492,131.794671586,-0.21
1302,2020,730149120,LMU,D1 West Coast Conference,730283008,CSB,404785485,2020-02-19 13:00:00,2,0,0,2,1332673899,A. Burge,L,FA,L,-0.504249323562,2.12359555432,12.7628046706,-14.0130720155,5.915020632,SL,IP_OUT,1.03413014614,6.12581122875,85.8537856446,2035.38528865,132.407021474,-0.15
1303,2020,730149120,LMU,D1 West Coast Conference,730283008,CSB,404785485,2020-02-19 13:00:00,3,0,0,1,1520407779,M. Baldo,R,FA,R,-0.858326396038,1.79433135089,16.3893954422,14.7620314031,6.06675651571,SL,K,-2.56928565934,5.93152937881,87.7690720175,1984.86638804,221.950226491,-0.15
1304,2020,730149120,LMU,D1 West Coast Conference,730283008,CSB,404785485,2020-02-19 13:00:00,3,0,1,1,1520407779,M. Baldo,R,FA,R,-0.106645753687,1.84771619594,14.5185806785,12.3151705098,5.93800385456,SL,K,-2.67992573923,5.76525407697,89.3419770984,1846.50673793,220.241592853,-0.15
1305,2020,730149120,LMU,D1 West Coast Conference,730283008,CSB,404785485,2020-02-19 13:00:00,3,0,2,1,1520407779,M. Baldo,R,FA,R,-1.11024085485,2.26640463228,13.6676454085,14.7994175473,5.98649227539,F,K,-2.34667261725,5.91619419048,88.4243936601,1718.15132692,227.206888673,0.0
1306,2020,730149120,LMU,D1 West Coast Conference,730283008,CSB,404785485,2020-02-19 13:00:00,3,0,2,1,1520407779,M. Baldo,R,CU,R,0.320949849584,3.3307445715,-5.4956016565,-17.8436194406,5.82324162405,SS,K,-2.85370762008,5.77558551659,73.8696338744,2191.57332409,73.0268602009,-0.15
1307,2020,730149120,LMU,D1 West Coast Conference,730283008,CSB,404785485,2020-02-19 13:00:00,3,0,0,2,1520407779,M. Baldo,R,FA,L,-0.0504696504929,2.30351249875,21.654732321,12.2038737146,6.07952281485,SS,K,-2.55358296366,5.9222607663,89.4188713287,2088.31705207,209.366898383,-0.15
1308,2020,730149120,LMU,D1 West Coast Conference,730283008,CSB,404785485,2020-02-19 13:00:00,3,0,1,2,1520407779,M. Baldo,R,FA,L,-2.08838463964,3.39919236765,15.9902931592,20.5181937649,6.00014796602,B,K,-2.78683774667,5.91872785032,88.9995330105,2011.01763077,232.012023037,0.13
1309,2020,730149120,LMU,D1 West Coast Conference,730283008,CSB,404785485,2020-02-19 13:00:00,3,1,1,2,1520407779,M. Baldo,R,CH,L,-0.016684983222,-0.124893544298,10.3386257395,19.8181503479,6.2524721878,B,K,-2.98966751851,5.26602568407,81.6627945819,1296.76887087,242.36083419,0.13
1310,2020,730149120,LMU,D1 West Coast Conference,730283008,CSB,404785485,2020-02-19 13:00:00,3,2,1,2,1520407779,M. Baldo,R,FA,L,-0.0747296522155,1.4488665896,21.2987228642,12.1294434254,6.19318757342,B,K,-2.56862955234,5.88699373426,87.6978171757,2075.68908015,209.621474107,0.13
1311,2020,730149120,LMU,D1 West Coast Conference,730283008,CSB,404785485,2020-02-19 13:00:00,3,3,1,2,1520407779,M. Baldo,R,FA,L,-0.984290817875,3.16912543228,21.2767520068,16.6718403079,6.16389439595,F,K,-2.55618915731,5.99326437119,87.7079550238,2048.18301045,218.036572435,-0.15
1312,2020,730149120,LMU,D1 West Coast Conference,730283008,CSB,404785485,2020-02-19 13:00:00,3,3,2,2,1520407779,M. Baldo,R,FA,L,-1.18992142551,3.26133697944,22.9321594078,13.7059696047,6.1090631451,F,K,-2.55269319899,6.06166444813,89.5872703276,2024.70549076,210.829031368,0.0
1313,2020,730149120,LMU,D1 West Coast Conference,730283008,CSB,404785485,2020-02-19 13:00:00,3,3,2,2,1520407779,M. Baldo,R,FA,L,0.320900053843,2.0722574742,22.0793222674,12.0821585246,6.06059445935,SL,K,-2.65660964764,6.0530287028,88.624467219,2012.01924828,208.651345104,-0.15
1314,2020,730149120,LMU,D1 West Coast Conference,730283008,CSB,404785485,2020-02-19 13:00:00,4,0,0,0,1520407779,M. Baldo,R,CU,R,-0.251074710189,2.44312685205,-2.29128084079,-9.61447858392,6.12612453284,SL,S,-2.83476167251,5.80001286635,72.5444972118,2063.48098313,76.8797099743,-0.15
1315,2020,730149120,LMU,D1 West Coast Conference,730283008,CSB,404785485,2020-02-19 13:00:00,4,0,1,0,1520407779,M. Baldo,R,CU,R,0.0373027928714,1.83321144779,-6.20821807108,-10.0019150877,6.02958532054,SL,S,-2.52651978746,5.79831966156,72.5311083761,2188.72310931,58.3814822834,-0.15
1316,2020,730149120,LMU,D1 West Coast Conference,730283008,CSB,404785485,2020-02-19 13:00:00,4,0,2,0,1520407779,M. Baldo,R,CU,R,2.05956262637,-1.17959586303,-8.07629409837,-11.295665999,5.86732503813,B,S,-2.3668523772,5.92937767404,72.6560989569,2121.98457883,54.6087061806,0.13
1317,2020,730149120,LMU,D1 West Coast Conference,730283008,CSB,404785485,2020-02-19 13:00:00,4,1,2,0,1520407779,M. Baldo,R,FA,R,-0.841824750662,1.80566476943,19.4490691776,14.8532200282,6.12822174522,IP,S,-2.65893484837,5.92100775361,88.2490657055,2093.20412284,217.320868506,1.0
1318,2020,730149120,LMU,D1 West Coast Conference,730283008,CSB,404785485,2020-02-19 13:00:00,4,0,0,1,1520407779,M. Baldo,R,SL,R,2.23422449674,1.33954123339,20.9103522564,10.6257953506,6.12492115327,B,BB,-3.07065994207,5.70068663266,79.6375713656,1481.55133153,206.891273794,0.13
1319,2020,730149120,LMU,D1 West Coast Conference,730283008,CSB,404785485,2020-02-19 13:00:00,4,1,0,1,1520407779,M. Baldo,R,FA,R,2.15834839265,2.05661927349,22.0119278565,15.4286249025,6.1972943006,B,BB,-2.73378174198,6.08338439921,86.3780415447,2137.10148609,214.98384621,0.13
1320,2020,730149120,LMU,D1 West Coast Conference,730283008,CSB,404785485,2020-02-19 13:00:00,4,2,0,1,1520407779,M. Baldo,R,SL,R,1.68437646954,1.27098557918,22.3224656913,9.36997087448,5.93576731068,B,BB,-2.85412490888,5.88595843754,80.3821022316,1495.17372204,202.732373936,0.13
1321,2020,730149120,LMU,D1 West Coast Conference,730283008,CSB,404785485,2020-02-19 13:00:00,4,3,0,1,1520407779,M. Baldo,R,FA,R,0.523612425455,4.08720332499,18.8270464807,12.0299921157,6.21057243566,B,BB,-2.86506128024,6.07097957438,85.7214346482,1931.60406147,212.528252294,0.8
1322,2020,730149120,LMU,D1 West Coast Conference,730283008,CSB,404785485,2020-02-19 13:00:00,4,0,0,1,1520407779,M. Baldo,R,FA,R,0.207923478623,2.84641713387,20.9118958175,10.9852311936,6.17794545988,F,IP_OUT,-2.43403358259,5.83737915812,84.7138163414,1970.46352509,207.672087095,-0.15
1323,2020,730149120,LMU,D1 West Coast Conference,730283008,CSB,404785485,2020-02-19 13:00:00,4,0,1,1,1520407779,M. Baldo,R,CU,R,1.07323431986,2.93888627347,-0.572901307319,-11.0060269888,5.64172731024,SL,IP_OUT,-2.68033543072,5.84816066133,72.4078169594,2207.0416728,87.2867878599,-0.15
1324,2020,730149120,LMU,D1 West Coast Conference,730283008,CSB,404785485,2020-02-19 13:00:00,4,0,0,2,1520407779,M. Baldo,R,FA,R,1.15227313063,1.26349295734,20.0926699238,13.0886706777,6.39711818127,B,BB,-2.59308671474,5.94279171389,85.7776599475,2076.32596223,213.034912232,0.13
1325,2020,730149120,LMU,D1 West Coast Conference,730283008,CSB,404785485,2020-02-19 13:00:00,4,1,0,2,1520407779,M. Baldo,R,FA,R,0.13999621512,2.85555201644,14.7691844022,11.8011324408,6.01335291264,F,BB,-2.55734123758,5.80728588846,84.8198390062,2083.75761454,218.557296254,-0.15
1326,2020,730149120,LMU,D1 West Coast Conference,730283008,CSB,404785485,2020-02-19 13:00:00,4,1,1,2,1520407779,M. Baldo,R,FA,R,1.35728543958,2.71818860643,18.1242640016,7.21524105319,6.12756745548,B,BB,-2.49986539992,6.00885397027,84.4792143382,1975.0076674,201.6670918,0.13
1327,2020,730149120,LMU,D1 West Coast Conference,730283008,CSB,404785485,2020-02-19 13:00:00,4,2,1,2,1520407779,M. Baldo,R,FA,R,0.697047786,2.70299899407,20.6723706471,6.93261144448,6.21731373796,F,BB,-2.56046881788,5.86365130613,84.9022308831,2100.64798626,198.508607712,-0.15
1328,2020,730149120,LMU,D1 West Coast Conference,730283008,CSB,404785485,2020-02-19 13:00:00,4,2,2,2,1520407779,M. Baldo,R,FA,R,0.541564358172,3.94425608995,18.8094665181,11.0459464512,6.128325536,B,BB,-2.38494257258,6.13822839705,85.6156294037,1983.97671739,210.375977257,0.13
1329,2020,730149120,LMU,D1 West Coast Conference,730283008,CSB,404785485,2020-02-19 13:00:00,4,3,2,2,1520407779,M. Baldo,R,FA,R,-1.26906124187,4.38493463629,21.2580016732,12.85548767,6.12561742732,B,BB,-2.6194880639,5.85866423011,84.9988269794,1949.40494116,211.119643231,0.8
1330,2020,730149120,LMU,D1 West Coast Conference,730283008,CSB,404785485,2020-02-19 13:00:00,4,0,0,2,1520407779,M. Baldo,R,SL,L,0.159495123282,1.14146818083,11.1369006928,6.64528728216,6.05247834506,B,IP_OUT,-2.9944778902,5.4259603753,78.9469274871,1168.60104527,210.728402991,0.13
1331,2020,730149120,LMU,D1 West Coast Conference,730283008,CSB,404785485,2020-02-19 13:00:00,5,0,0,0,1805864343,M. Voelker,L,SL,L,1.4625122227,2.32985436182,-1.70549984521,5.35883468732,5.65714364912,B,K,2.41075519627,5.71738418016,79.7843714525,2206.33685548,287.246914004,0.13
1332,2020,730149120,LMU,D1 West Coast Conference,730283008,CSB,404785485,2020-02-19 13:00:00,5,1,0,0,1805864343,M. Voelker,L,FA,L,-0.225812745044,2.53999104364,25.0508723597,-4.44175106244,6.04659536524,SS,K,2.10316922353,5.91417009358,89.2315551916,2268.51870249,169.958428252,-0.15
1333,2020,730149120,LMU,D1 West Coast Conference,730283008,CSB,404785485,2020-02-19 13:00:00,5,1,1,0,1805864343,M. Voelker,L,FA,L,-1.22447568471,2.22314932988,19.0283696715,-4.0320154126,6.20502672463,SL,K,2.12775342439,5.7091248081,90.0272084847,2297.18649627,168.055964659,-0.15
1334,2020,730149120,LMU,D1 West Coast Conference,730283008,CSB,404785485,2020-02-19 13:00:00,5,1,2,0,1805864343,M. Voelker,L,FA,L,-0.788965574894,2.61349676888,13.0737675913,-3.85378934006,6.13355973311,F,K,2.02588119141,5.71019366469,87.7246679087,2271.25929408,163.616307318,0.0
1335,2020,730149120,LMU,D1 West Coast Conference,730283008,CSB,404785485,2020-02-19 13:00:00,5,1,2,0,1805864343,M. Voelker,L,SL,L,-1.82206041961,0.220950939296,-5.31738060787,3.96839628277,5.87026385983,B,K,2.11681747251,5.5545196671,76.7302054674,2234.85561975,323.028966926,0.13
1336,2020,730149120,LMU,D1 West Coast Conference,730283008,CSB,404785485,2020-02-19 13:00:00,5,2,2,0,1805864343,M. Voelker,L,FA,L,0.314716340624,1.28017402471,14.73158535,-10.6083867032,6.14109406355,SS,K,2.27581738211,5.65713160855,89.5944761211,2343.55123311,144.301882974,-0.15
1337,2020,730149120,LMU,D1 West Coast Conference,730283008,CSB,404785485,2020-02-19 13:00:00,5,0,0,1,1805864343,M. Voelker,L,FA,R,0.692895371924,1.21763030924,13.9305051571,-11.9532654425,5.96537180473,B,IP_OUT,2.42690978582,5.72451646936,89.7417780987,2165.47163962,139.434630615,0.13
1338,2020,730149120,LMU,D1 West Coast Conference,730283008,CSB,404785485,2020-02-19 13:00:00,5,1,0,1,1805864343,M. Voelker,L,FA,R,0.155252904188,1.28263786815,18.5039423126,-8.94313771208,6.03592415142,B,IP_OUT,2.23383224964,5.66437997117,89.0956473745,2186.37136876,154.24538699,0.13
1339,2020,730149120,LMU,D1 West Coast Conference,730283008,CSB,404785485,2020-02-19 13:00:00,5,2,0,1,1805864343,M. Voelker,L,FA,R,0.542035686883,2.06731127934,13.1527480842,-11.3401058138,6.21886024781,SL,IP_OUT,2.25471458635,5.53391094879,88.3205691155,2202.76671088,139.304290606,-0.15
1340,2020,730149120,LMU,D1 West Coast Conference,730283008,CSB,404785485,2020-02-19 13:00:00,5,2,1,1,1805864343,M. Voelker,L,FA,R,1.49106027605,3.17969673724,15.2665060282,-7.91017867829,6.18128944322,B,IP_OUT,2.29504649733,5.64837483134,89.0476313763,2196.46478442,152.65980038,0.13
1341,2020,730149120,LMU,D1 West Coast Conference,730283008,CSB,404785485,2020-02-19 13:00:00,5,0,0,2,1805864343,M. Voelker,L,FA,L,0.397627860664,1.17258232136,14.348903713,-11.5701584973,6.0469379405,B,IP_OUT,2.23883862742,5.73516643306,90.1064891577,2194.36292439,141.182245029,0.13
1342,2020,730149120,LMU,D1 West Coast Conference,730283008,CSB,404785485,2020-02-19 13:00:00,6,0,0,0,1805864343,M. Voelker,L,FA,R,1.14179174517,4.46584793349,15.7410735442,-11.9444203408,6.12238713154,B,K,2.37119417997,5.89720656617,89.0396649083,2093.39257374,142.866064015,0.13
1343,2020,730149120,LMU,D1 West Coast Conference,730283008,CSB,404785485,2020-02-19 13:00:00,6,1,0,0,1805864343,M. Voelker,L,FA,R,0.858079041088,2.50422716318,12.4451420105,-4.21766435306,6.26920831584,SL,K,2.32660828369,5.70736725922,86.879909395,2198.24498466,161.326895801,-0.15
1344,2020,730149120,LMU,D1 West Coast Conference,730283008,CSB,404785485,2020-02-19 13:00:00,6,1,1,0,1805864343,M. Voelker,L,SL,R,0.940592878952,1.99552314461,7.35581265576,3.0082590763,5.73609185818,SL,K,2.32323071617,5.66825673559,79.6989914796,2214.05667811,202.12804062,-0.15
1345,2020,730149120,LMU,D1 West Coast Conference,730283008,CSB,404785485,2020-02-19 13:00:00,6,0,0,1,1805864343,M. Voelker,L,FA,L,-1.04866383066,2.43723228585,18.5384299139,-6.01446598068,6.28375641603,SS,IP_OUT,2.1366203936,5.88012954903,88.2729419988,2147.49519602,162.055832981,-0.15
1346,2020,730149120,LMU,D1 West Coast Conference,730283008,CSB,404785485,2020-02-19 13:00:00,6,0,1,1,1805864343,M. Voelker,L,FA,L,-0.761929172815,2.21670010738,11.6720823154,-4.55291435649,6.37593414284,F,IP_OUT,2.30480172879,5.61004534146,89.2263767326,2240.07344299,158.744913564,-0.15
1347,2020,730149120,LMU,D1 West Coast Conference,730283008,CSB,404785485,2020-02-19 13:00:00,6,0,2,1,1805864343,M. Voelker,L,FA,L,-1.39356537802,3.96716247872,15.1818037532,-8.51032088195,6.34353335561,B,IP_OUT,2.05900536502,5.80907806587,89.4432176525,2181.90094042,150.778697929,0.13
1348,2020,730149120,LMU,D1 West Coast Conference,730283008,CSB,404785485,2020-02-19 13:00:00,6,1,2,1,1805864343,M. Voelker,L,FA,L,-3.25312167602,2.57359475328,17.2219742889,-5.51512034621,6.3482668447,B,IP_OUT,1.99047014302,5.86995325976,87.9721542219,2259.9014221,162.27552634,0.13
1349,2020,730149120,LMU,D1 West Coast Conference,730283008,CSB,404785485,2020-02-19 13:00:00,6,0,0,2,1805864343,M. Voelker,L,SL,R,1.78393931638,2.51447256741,2.61944312657,4.37219193482,5.35486246619,B,S,2.4782129318,5.48855389328,75.2145695414,2064.39453556,238.617216293,0.13
1350,2020,730149120,LMU,D1 West Coast Conference,730283008,CSB,404785485,2020-02-19 13:00:00,6,1,0,2,1805864343,M. Voelker,L,FA,R,0.929532230145,2.94783522383,9.8636350835,-5.95776106052,6.15132979451,IP,S,2.33378162326,5.61341274256,88.7595383578,2229.93848957,148.952300461,1.0
1351,2020,730149120,LMU,D1 West Coast Conference,730283008,CSB,404785485,2020-02-19 13:00:00,6,0,0,2,1805864343,M. Voelker,L,FA,R,0.123635500261,2.78148396404,15.0495117993,-2.39202313726,6.27520445783,F,K,2.20197746068,5.73256671703,86.5118257825,2201.21205142,170.989105125,-0.15
1352,2020,730149120,LMU,D1 West Coast Conference,730283008,CSB,404785485,2020-02-19 13:00:00,6,0,1,2,1805864343,M. Voelker,L,FA,R,0.446595801747,3.3083764367,15.6723151618,-6.43542099087,6.05789636254,F,K,2.32123983365,5.72749996648,86.8832123941,2293.42337807,157.720080497,-0.15
1353,2020,730149120,LMU,D1 West Coast Conference,730283008,CSB,404785485,2020-02-19 13:00:00,6,0,2,2,1805864343,M. Voelker,L,FA,R,1.53082232979,3.50977498382,14.9074718037,-14.9873651767,5.93630733551,SS,K,2.36817576754,5.62801642458,87.7081983843,2103.38928008,134.913412716,-0.15
1354,2020,730149120,LMU,D1 West Coast Conference,730283008,CSB,404785485,2020-02-19 13:00:00,7,0,0,0,1805864343,M. Voelker,L,FA,R,1.64638544055,3.40555135193,14.9445069065,-13.258623664,6.25942088326,B,K,2.46881747895,5.78064232772,87.9514528264,2141.61921172,138.484732581,0.13
1355,2020,730149120,LMU,D1 West Coast Conference,730283008,CSB,404785485,2020-02-19 13:00:00,7,1,0,0,1805864343,M. Voelker,L,FA,R,0.937709030711,2.80569564941,14.5691906386,-10.2096356566,6.08482980568,SL,K,2.43670922298,5.64866827622,88.0742450521,2315.06286685,145.040052195,-0.15
1356,2020,730149120,LMU,D1 West Coast Conference,730283008,CSB,404785485,2020-02-19 13:00:00,7,1,1,0,1805864343,M. Voelker,L,FA,R,1.3203314226,3.18298538282,18.5874485005,-8.50772081531,6.31931022348,B,K,2.37316706829,5.81123470245,87.1262578632,2291.99873417,155.445471513,0.13
1357,2020,730149120,LMU,D1 West Coast Conference,730283008,CSB,404785485,2020-02-19 13:00:00,7,2,1,0,1805864343,M. Voelker,L,FA,R,1.02048839073,2.20685888464,18.6107993439,-7.54810231181,6.35629352406,SL,K,2.22094496379,5.86802042774,84.9727707304,2167.52901613,157.961892167,-0.15
1358,2020,730149120,LMU,D1 West Coast Conference,730283008,CSB,404785485,2020-02-19 13:00:00,7,2,2,0,1805864343,M. Voelker,L,FA,R,-0.269531603116,2.23944872814,15.8219356007,-9.67209971197,6.26224039605,F,K,2.11968373409,5.64120999608,88.7424215992,2266.56473186,148.614909315,0.0
1359,2020,730149120,LMU,D1 West Coast Conference,730283008,CSB,404785485,2020-02-19 13:00:00,7,2,2,0,1805864343,M. Voelker,L,FA,R,1.05293221169,2.64294387213,14.8459140593,-7.29561232781,6.38506966158,SS,K,2.28677029258,5.7574289577,87.6684513624,2190.67778909,153.880687638,-0.15
1360,2020,730149120,LMU,D1 West Coast Conference,730283008,CSB,404785485,2020-02-19 13:00:00,7,0,0,1,1805864343,M. Voelker,L,FA,L,-0.811074703327,2.08763376526,18.9662937202,-11.4195633356,6.14503492944,F,K,2.37465584265,5.75077257865,88.4911574849,2105.4243419,148.992804495,-0.15
1361,2020,730149120,LMU,D1 West Coast Conference,730283008,CSB,404785485,2020-02-19 13:00:00,7,0,1,1,1805864343,M. Voelker,L,FA,L,0.0768260885615,3.26717713283,18.3885278361,-3.38550577367,6.16893029789,F,K,2.15005871091,5.70872874635,87.4813790338,2139.41959801,169.586990724,-0.15
1362,2020,730149120,LMU,D1 West Coast Conference,730283008,CSB,404785485,2020-02-19 13:00:00,7,0,2,1,1805864343,M. Voelker,L,SL,L,-1.2625210306,2.39058287109,-1.85989042377,6.19814361684,5.54808782471,SS,K,2.26451579583,5.692057807,79.446239569,2376.79160518,286.33913726,-0.15
1363,2020,730149120,LMU,D1 West Coast Conference,730283008,CSB,404785485,2020-02-19 13:00:00,7,0,0,2,1805864343,M. Voelker,L,FA,L,-2.06214277326,2.63524888608,17.3335383663,-11.6429009609,6.49616637774,B,D,2.17953767965,5.8200901631,88.7165836749,2173.62791865,146.161573301,0.13
1364,2020,730149120,LMU,D1 West Coast Conference,730283008,CSB,404785485,2020-02-19 13:00:00,7,1,0,2,1805864343,M. Voelker,L,FA,L,0.563149034922,3.83520153895,18.5807262206,-6.58281102392,6.1332436585,F,D,2.29427441519,5.6800579935,89.4174677431,2366.0613767,160.523603103,-0.15
1365,2020,730149120,LMU,D1 West Coast Conference,730283008,CSB,404785485,2020-02-19 13:00:00,7,1,1,2,1805864343,M. Voelker,L,FA,L,-0.029070566994,2.83180756341,14.1000050335,-4.01237807292,6.22129600122,F,D,2.20984682341,5.63082176487,88.2253688461,2195.62464992,164.151312628,-0.15
1366,2020,730149120,LMU,D1 West Coast Conference,730283008,CSB,404785485,2020-02-19 13:00:00,7,1,2,2,1805864343,M. Voelker,L,FA,L,-1.70294498725,2.81188791959,11.7784251789,-13.2101016838,6.44781230003,B,D,2.29513229609,5.5869967514,89.0622802565,2318.92549169,131.799890832,0.13
1367,2020,730149120,LMU,D1 West Coast Conference,730283008,CSB,404785485,2020-02-19 13:00:00,7,2,2,2,1805864343,M. Voelker,L,FA,L,-2.22591411239,2.69253067354,16.3399840126,-4.74060647459,6.43358228309,B,D,2.11034755011,5.79632209003,89.9414386159,2409.50950172,163.851518334,0.13
1368,2020,730149120,LMU,D1 West Coast Conference,730283008,CSB,404785485,2020-02-19 13:00:00,7,3,2,2,1805864343,M. Voelker,L,SL,L,-0.937490028925,2.24950855207,4.68085161683,2.92093615298,6.04565877288,F,D,2.15885060021,5.65662253568,80.0290441035,2194.94555521,211.740028245,0.0
1369,2020,730149120,LMU,D1 West Coast Conference,730283008,CSB,404785485,2020-02-19 13:00:00,7,3,2,2,1805864343,M. Voelker,L,FA,L,0.331078502693,3.98302229553,13.5195919279,-4.74843052643,6.4409937998,F,D,2.31480761952,5.78129848347,88.1246429909,2098.25233741,160.691140706,0.0
1370,2020,730149120,LMU,D1 West Coast Conference,730283008,CSB,404785485,2020-02-19 13:00:00,7,3,2,2,1805864343,M. Voelker,L,SL,L,-0.0404122559887,2.42863611543,3.20624663505,6.61556550299,5.86184902708,IP,D,2.32077372798,5.6201613251,81.198794343,2308.36373339,243.859435147,1.26
1371,2020,730149120,LMU,D1 West Coast Conference,730283008,CSB,404785485,2020-02-19 13:00:00,7,0,0,2,1916852990,K. Mora,R,FA,R,0.0231865240023,2.92304366451,17.3112007215,11.1169610985,6.37722319078,SL,BB,-2.8515448197,5.51496106218,89.0347741339,2238.72075107,212.658606885,-0.15
1372,2020,730149120,LMU,D1 West Coast Conference,730283008,CSB,404785485,2020-02-19 13:00:00,7,0,1,2,1916852990,K. Mora,R,SL,R,1.40354565262,1.6783325025,10.9303572691,-2.79637779744,5.56716585804,B,BB,-2.95783964536,5.26642776376,78.9608162803,2097.89321674,165.70320837,0.13
1373,2020,730149120,LMU,D1 West Coast Conference,730283008,CSB,404785485,2020-02-19 13:00:00,7,1,1,2,1916852990,K. Mora,R,FA,R,-0.446317795033,1.5230705771,15.0498831167,14.186774857,6.32530680835,B,BB,-2.62509670337,5.34774672683,89.8841437866,2325.19677893,223.247945539,0.13
1374,2020,730149120,LMU,D1 West Coast Conference,730283008,CSB,404785485,2020-02-19 13:00:00,7,2,1,2,1916852990,K. Mora,R,SL,R,1.37796206054,1.35266548378,10.7263813308,0.869420593117,5.59867024002,B,BB,-2.75335052004,5.38292059892,79.8438957875,1995.32517177,184.616053654,0.13
1375,2020,730149120,LMU,D1 West Coast Conference,730283008,CSB,404785485,2020-02-19 13:00:00,7,3,1,2,1916852990,K. Mora,R,FA,R,-1.35167429753,1.97780400442,17.259477347,15.3776238462,6.29547992298,SS,BB,-2.7800685615,5.47244902751,90.0732177316,2331.15081375,221.647183058,-0.15
1376,2020,730149120,LMU,D1 West Coast Conference,730283008,CSB,404785485,2020-02-19 13:00:00,7,3,2,2,1916852990,K. Mora,R,FA,R,0.0196687374029,2.23650492217,19.9326671585,10.9872036692,6.29640826102,F,BB,-2.594757871,5.4569392629,89.8964303487,2299.5074211,208.824876554,0.0
1377,2020,730149120,LMU,D1 West Coast Conference,730283008,CSB,404785485,2020-02-19 13:00:00,7,3,2,2,1916852990,K. Mora,R,FA,R,1.22403980246,2.66977962885,10.6599280413,6.92761261992,6.36135620268,B,BB,-2.52087079791,5.31905291482,90.3517921993,2275.02695825,212.940793858,0.8
1378,2020,730149120,LMU,D1 West Coast Conference,730283008,CSB,404785485,2020-02-19 13:00:00,7,0,0,2,1916852990,K. Mora,R,FA,L,-1.51024005541,2.0540967007,14.5959238068,11.5072136132,6.22418068578,SL,S,-2.73126302676,5.34132762419,90.3391686867,2271.29436106,218.190743477,-0.15
1379,2020,730149120,LMU,D1 West Coast Conference,730283008,CSB,404785485,2020-02-19 13:00:00,7,0,1,2,1916852990,K. Mora,R,FA,L,-1.08680413867,2.29676884899,18.8911426613,6.96619617337,6.25290210934,SL,S,-2.6888404667,5.4458944491,90.4231528786,2322.66351272,200.210221454,-0.15
1380,2020,730149120,LMU,D1 West Coast Conference,730283008,CSB,404785485,2020-02-19 13:00:00,7,0,2,2,1916852990,K. Mora,R,FA,L,-1.51103584319,4.61214424759,17.7059482839,7.74216491385,6.1077602448,B,S,-2.66446322263,5.45790682207,88.476798909,2277.04235513,203.578269363,0.13
1381,2020,730149120,LMU,D1 West Coast Conference,730283008,CSB,404785485,2020-02-19 13:00:00,7,1,2,2,1916852990,K. Mora,R,FA,L,-0.373273372673,2.4215478583,17.605733691,8.42477209315,6.25277999596,IP,S,-2.7564508838,5.35286682682,90.1017215407,2332.79009769,205.531482748,1.0
1382,2020,730149120,LMU,D1 West Coast Conference,730283008,CSB,404785485,2020-02-19 13:00:00,7,0,0,2,1916852990,K. Mora,R,SL,R,0.37070991867,2.76364120839,7.47410033364,-6.33470201634,5.31603114869,SL,K,-2.79212584732,5.46590264037,78.8660963397,1875.72934897,139.878480089,-0.15
1383,2020,730149120,LMU,D1 West Coast Conference,730283008,CSB,404785485,2020-02-19 13:00:00,7,0,1,2,1916852990,K. Mora,R,FA,R,0.921046323726,3.59594389083,17.7341012867,7.35741347835,6.32268264082,SS,K,-2.56356651367,5.38726888632,89.2411698958,2253.32128365,202.49489348,-0.15
1384,2020,730149120,LMU,D1 West Coast Conference,730283008,CSB,404785485,2020-02-19 13:00:00,7,0,2,2,1916852990,K. Mora,R,FA,R,0.943465348341,4.25176001186,20.4097195793,6.84342758646,6.28693748129,B,K,-2.56832557662,5.60546695214,89.8822582852,2282.85501354,198.508939659,0.13
1385,2020,730149120,LMU,D1 West Coast Conference,730283008,CSB,404785485,2020-02-19 13:00:00,7,1,2,2,1916852990,K. Mora,R,FA,R,1.26595775646,3.91750639249,17.9423641794,8.66862793483,6.29883713925,B,K,-2.51933946923,5.5296167929,89.044247486,2363.1478226,205.745775603,0.13
1386,2020,730149120,LMU,D1 West Coast Conference,730283008,CSB,404785485,2020-02-19 13:00:00,7,2,2,2,1916852990,K. Mora,R,FA,R,-1.26934954535,3.46719383838,19.5607800031,6.39177745928,6.36974604637,B,K,-2.45942165046,5.51301448418,89.0719307491,2248.33982039,198.067308194,0.13
1387,2020,730149120,LMU,D1 West Coast Conference,730283008,CSB,404785485,2020-02-19 13:00:00,7,3,2,2,1916852990,K. Mora,R,FA,R,1.13104385996,3.07530841301,17.585935396,7.24788140908,6.40459706315,SL,K,-2.6181860707,5.4830050412,89.7375691655,2299.20132118,202.36146627,-0.15
1388,2020,730149120,LMU,D1 West Coast Conference,730283008,CSB,404785485,2020-02-19 13:00:00,8,0,0,0,1916852990,K. Mora,R,FA,L,-2.32085524274,3.32306961104,17.3525033413,5.97569868499,6.09625460306,B,K,-2.94598934864,5.60039527568,86.0039936338,2264.81123185,198.966216063,0.13
1389,2020,730149120,LMU,D1 West Coast Conference,730283008,CSB,404785485,2020-02-19 13:00:00,8,1,0,0,1916852990,K. Mora,R,FA,L,0.620326186475,1.9570836814,18.7581103964,9.53669494788,6.33121787145,SL,K,-2.77672098975,5.36962872912,86.7211930384,2258.40984939,206.906058714,-0.15
1390,2020,730149120,LMU,D1 West Coast Conference,730283008,CSB,404785485,2020-02-19 13:00:00,8,1,1,0,1916852990,K. Mora,R,FA,L,-1.20256057027,2.77386019469,15.881867662,9.48684910518,6.28013260446,F,K,-2.69648025352,5.32839664772,87.1922550717,2141.61859223,210.797008829,-0.15
1391,2020,730149120,LMU,D1 West Coast Conference,730283008,CSB,404785485,2020-02-19 13:00:00,8,1,2,0,1916852990,K. Mora,R,FA,L,-1.61213862049,4.89334059449,20.022858016,9.9281683041,6.23746679439,B,K,-2.69856745772,5.53130215515,85.4375012312,2275.4107611,206.333225168,0.13
1392,2020,730149120,LMU,D1 West Coast Conference,730283008,CSB,404785485,2020-02-19 13:00:00,8,2,2,0,1916852990,K. Mora,R,FA,L,-1.47762344025,2.24432145022,14.7368798173,15.0111459501,6.22431734909,SL,K,-2.8790264306,5.34790753736,88.3441892136,2303.9857907,225.463073575,-0.15
1393,2020,730149120,LMU,D1 West Coast Conference,730283008,CSB,404785485,2020-02-19 13:00:00,8,0,0,1,1916852990,K. Mora,R,SL,R,0.396478006481,2.81806811739,10.5972736207,-1.82818828901,5.48019310599,SL,D,-2.81186419723,5.45238390364,77.0813121442,1959.387749,170.252574325,-0.15
1394,2020,730149120,LMU,D1 West Coast Conference,730283008,CSB,404785485,2020-02-19 13:00:00,8,0,1,1,1916852990,K. Mora,R,SL,R,0.804811022038,2.62421553825,14.3547141497,-2.14263038448,5.46295207371,F,D,-2.93721229247,5.37878268423,77.1650046573,2093.51055415,171.536883186,-0.15
1395,2020,730149120,LMU,D1 West Coast Conference,730283008,CSB,404785485,2020-02-19 13:00:00,8,1,2,1,1916852990,K. Mora,R,FA,R,-0.76702802449,1.91982014537,12.2161017487,12.7277002726,6.43977360512,IP,D,-2.60637691238,5.27719402174,86.8271443,2164.54248303,226.094888214,1.26
1396,2020,730149120,LMU,D1 West Coast Conference,730283008,CSB,404785485,2020-02-19 13:00:00,8,0,0,1,1916852990,K. Mora,R,SL,R,1.0877886437,2.41018957624,3.76859929901,-5.43442165735,5.47516655212,SL,K,-2.92033229767,5.3824587731,77.39538358,1929.23190649,125.057524992,-0.15
1397,2020,730149120,LMU,D1 West Coast Conference,730283008,CSB,404785485,2020-02-19 13:00:00,8,0,1,1,1916852990,K. Mora,R,FA,R,0.784907296145,1.68176261623,21.8294916197,6.38286352779,6.10119056259,SL,K,-2.67937863149,5.59815404318,87.0502458484,2227.79575569,196.274174781,-0.15
1398,2020,730149120,LMU,D1 West Coast Conference,730283008,CSB,404785485,2020-02-19 13:00:00,8,0,2,1,1916852990,K. Mora,R,FA,R,0.314754608148,4.09909950634,18.1104236733,5.76310457327,6.23277288873,F,K,-2.72555011679,5.52863416802,85.2474237528,2184.26880649,197.619377436,0.0
1399,2020,730149120,LMU,D1 West Coast Conference,730283008,CSB,404785485,2020-02-19 13:00:00,8,0,2,1,1916852990,K. Mora,R,SL,R,-0.221336924215,1.87622743756,9.93573403526,-3.20721422246,5.55230209218,SS,K,-3.03428578034,5.32398787751,76.1288519715,2065.7284366,162.187503418,-0.15
1400,2020,730149120,LMU,D1 West Coast Conference,730283008,CSB,404785485,2020-02-19 13:00:00,8,0,0,2,1916852990,K. Mora,R,FA,R,-0.911489962864,3.7148240292,19.3127532457,9.3658054349,6.46715062285,SS,K,-2.7310875214,5.53936846869,85.27695643,2026.54466976,205.830052222,-0.15
1401,2020,730149120,LMU,D1 West Coast Conference,730283008,CSB,404785485,2020-02-19 13:00:00,8,0,1,2,1916852990,K. Mora,R,FA,R,0.0979151669951,1.68314638967,11.3919012783,11.352128964,6.3704385559,SL,K,-2.86766666211,5.17223562936,86.8675696106,2261.652366,224.813749099,-0.15
1402,2020,730149120,LMU,D1 West Coast Conference,730283008,CSB,404785485,2020-02-19 13:00:00,8,0,2,2,1916852990,K. Mora,R,FA,R,0.411143849047,3.22697765679,18.8038863638,8.15075001462,6.21514591187,F,K,-2.86960864755,5.48424452318,86.4295281232,2225.86476987,203.396027033,0.0
1403,2020,730149120,LMU,D1 West Coast Conference,730283008,CSB,404785485,2020-02-19 13:00:00,8,0,2,2,1916852990,K. Mora,R,SL,R,0.606927410038,1.60756015234,12.0348946206,-3.09512433756,5.56113818645,F,K,-2.80610279761,5.29648314363,77.9881947623,1973.10824011,165.627285,0.0
1404,2020,730149120,LMU,D1 West Coast Conference,730283008,CSB,404785485,2020-02-19 13:00:00,8,0,2,2,1916852990,K. Mora,R,SL,R,0.873308277125,1.15854569099,8.55733824544,-5.79993346409,5.45240912203,SS,K,-2.69396238835,5.29001859714,77.2671250526,1945.38769593,146.011260566,-0.15
1405,2020,730149120,LMU,D1 West Coast Conference,730283008,CSB,404785485,2020-02-19 13:00:00,9,0,0,0,1459865722,H. Hibberd,R,FA,L,-1.08159029082,2.72650021156,17.1585973239,12.4137093898,5.41545699116,F,IP_OUT,-1.94738371746,5.51388515037,81.038215348,2114.79562737,215.819063491,-0.15
1406,2020,730149120,LMU,D1 West Coast Conference,730283008,CSB,404785485,2020-02-19 13:00:00,9,0,0,1,1459865722,H. Hibberd,R,FA,L,-1.77040848421,4.91604624256,15.937649562,12.1545454594,5.71318795742,B,S,-1.88344693768,5.49531285813,82.0409381578,2111.69741248,217.262019374,0.13
1407,2020,730149120,LMU,D1 West Coast Conference,730283008,CSB,404785485,2020-02-19 13:00:00,9,1,0,1,1459865722,H. Hibberd,R,FA,L,-0.999990500371,3.0852166921,14.6989564621,10.490772721,5.58175094353,IP,S,-1.79945302384,5.45303394531,81.5159462904,2142.96143751,215.441943866,1.0
1408,2020,730149120,LMU,D1 West Coast Conference,730283008,CSB,404785485,2020-02-19 13:00:00,9,0,0,1,1459865722,H. Hibberd,R,FA,R,0.980625946051,2.19470598304,16.4249842087,7.79573478611,5.98048429949,SL,K,-1.44575416174,5.60248751368,81.5854378983,1734.45072507,205.337200712,-0.15
1409,2020,730149120,LMU,D1 West Coast Conference,730283008,CSB,404785485,2020-02-19 13:00:00,9,0,1,1,1459865722,H. Hibberd,R,FA,R,0.570355399293,1.80233967708,11.9063122394,11.0220552772,5.95582249015,F,K,-1.58449904168,5.61535835826,81.6807774101,1646.35332037,222.698298826,-0.15
1410,2020,730149120,LMU,D1 West Coast Conference,730283008,CSB,404785485,2020-02-19 13:00:00,9,0,2,1,1459865722,H. Hibberd,R,CH,R,-1.10040470849,3.03639553528,14.4979331645,15.1972930792,5.60776072912,B,K,-1.66233266127,5.41441582675,74.1243771242,1725.22490575,226.253427958,0.13
1411,2020,730149120,LMU,D1 West Coast Conference,730283008,CSB,404785485,2020-02-19 13:00:00,9,1,2,1,1459865722,H. Hibberd,R,FA,R,0.84358671891,1.64431949896,15.5960639181,11.3572717807,5.80871596315,F,K,-1.6519167404,5.39697431008,81.3708583653,2177.21449001,215.992205561,0.0
1412,2020,730149120,LMU,D1 West Coast Conference,730283008,CSB,404785485,2020-02-19 13:00:00,9,1,2,1,1459865722,H. Hibberd,R,CH,R,1.07196954775,1.32425451434,22.932270203,10.1265381417,5.86227432946,SS,K,-1.15469692835,5.74953191811,74.0097116875,1643.76927252,203.781195695,-0.15
1413,2020,730149120,LMU,D1 West Coast Conference,730283008,CSB,404785485,2020-02-19 13:00:00,9,0,0,2,1459865722,H. Hibberd,R,FA,L,-0.724927849448,1.33030123479,17.2968513085,11.6529389912,5.76381401167,B,IP_OUT,-1.71798551186,5.43932415934,81.7868042125,2174.72750068,213.907243616,0.13
1414,2020,3375,ARK,D1 Southeastern Conference,5310,GC,108862057,2020-03-11 13:00:00,1,0,0,0,1815931282,K. Kopps,R,FA,L,0.913476321531,1.24442818061,13.9279032302,9.94093268442,5.32103118011,B,BB,-1.04710590884,6.30159253685,91.7458982706,2435.94291135,215.455584445,0.13
1415,2020,3375,ARK,D1 Southeastern Conference,5310,GC,108862057,2020-03-11 13:00:00,1,1,0,0,1815931282,K. Kopps,R,FA,L,1.33812721854,1.27488237779,15.0725437586,13.3721295021,5.3630065623,B,BB,-1.0599679839,6.31654968573,90.4815396834,2537.55340313,221.51754842,0.13
1416,2020,3375,ARK,D1 Southeastern Conference,5310,GC,108862057,2020-03-11 13:00:00,1,2,0,0,1815931282,K. Kopps,R,FA,L,-0.699222430097,1.04507228595,16.3205859262,5.49468796598,5.12886106299,B,BB,-1.04466807246,6.30287937923,91.3906855472,2542.62290453,198.572977117,0.13
1417,2020,3375,ARK,D1 Southeastern Conference,5310,GC,108862057,2020-03-11 13:00:00,1,3,0,0,1815931282,K. Kopps,R,FA,L,-0.28074282785,2.88353451333,21.4166785129,3.37804041579,5.34575691398,SL,BB,-1.0684233027,6.46040976756,91.3146706227,2491.88447083,188.950256617,-0.15
1418,2020,3375,ARK,D1 Southeastern Conference,5310,GC,108862057,2020-03-11 13:00:00,1,3,1,0,1815931282,K. Kopps,R,FA,L,-0.850228300646,3.34646971701,20.9697679329,4.15289502557,5.12530063109,B,BB,-1.00840796508,6.37476424197,91.4909361583,2432.03569,191.185313823,0.8
1419,2020,3375,ARK,D1 Southeastern Conference,5310,GC,108862057,2020-03-11 13:00:00,1,0,0,0,1815931282,K. Kopps,R,FA,L,1.50207666948,2.58775592325,14.8407605948,5.84058173161,5.44831540532,F,HR,-1.12604309717,6.39681358454,90.6256771504,2469.427981,201.439825909,-0.15
1420,2020,3375,ARK,D1 Southeastern Conference,5310,GC,108862057,2020-03-11 13:00:00,1,0,1,0,1815931282,K. Kopps,R,FC,L,0.245929164567,2.29504586705,10.5682925301,1.27229279648,4.80624311769,IP,HR,-1.30899656561,6.29710798332,85.1716579783,2578.61099335,186.84058717,1.76
1421,2020,3375,ARK,D1 Southeastern Conference,5310,GC,108862057,2020-03-11 13:00:00,1,0,0,0,1815931282,K. Kopps,R,FA,R,0.776970600674,3.03401937796,20.686742772,6.26053710967,5.33424982792,SL,S,-1.04092815946,6.48062587201,92.7561653888,2333.5666072,196.814000101,-0.15
1422,2020,3375,ARK,D1 Southeastern Conference,5310,GC,108862057,2020-03-11 13:00:00,1,0,1,0,1815931282,K. Kopps,R,FC,R,-0.149384911992,2.09771129723,8.09696863079,1.92093580603,5.04436413214,IP,S,-1.14862132197,6.28399690277,88.0479379141,2543.33321239,193.291712413,1.0
1423,2020,3375,ARK,D1 Southeastern Conference,5310,GC,108862057,2020-03-11 13:00:00,1,0,0,0,1815931282,K. Kopps,R,CU,R,-0.226839805975,2.70463515395,-9.43757903817,2.16055561507,4.10234422247,SL,K,-1.0270360533,6.38202514511,79.7925725513,2555.21199591,347.047448629,-0.15
1424,2020,3375,ARK,D1 Southeastern Conference,5310,GC,108862057,2020-03-11 13:00:00,1,0,1,0,1815931282,K. Kopps,R,CU,R,0.354604681503,3.16830102172,-8.37229429587,-1.24029604483,4.16204252822,F,K,-0.928344290557,6.29068758115,80.8233273672,2412.83075481,8.46897921248,-0.15
1425,2020,3375,ARK,D1 Southeastern Conference,5310,GC,108862057,2020-03-11 13:00:00,1,0,2,0,1815931282,K. Kopps,R,FA,R,0.677223551667,4.06588843545,17.4573169911,5.19022180989,5.04731494287,SS,K,-0.757820056235,6.3512123001,91.8662592706,2368.89465457,196.529076759,-0.15
1426,2020,3375,ARK,D1 Southeastern Conference,5310,GC,108862057,2020-03-11 13:00:00,1,0,0,1,1815931282,K. Kopps,R,FA,L,-0.827704679694,3.27389025426,20.727032021,3.12667614115,4.87433675605,SL,FC,-1.15440446477,6.41646222075,92.5192966966,2337.76315775,188.565399573,-0.15
1427,2020,3375,ARK,D1 Southeastern Conference,5310,GC,108862057,2020-03-11 13:00:00,1,0,1,1,1815931282,K. Kopps,R,FA,L,-1.19387742572,1.95290001999,15.9903929324,9.36836657289,5.26654494185,SL,FC,-1.23490036109,6.14356605012,93.0229231721,2359.2722612,210.316568126,-0.15
1428,2020,3375,ARK,D1 Southeastern Conference,5310,GC,108862057,2020-03-11 13:00:00,1,0,2,1,1815931282,K. Kopps,R,FC,L,-0.438907227024,1.44872643148,-5.39407620747,-2.17489268771,4.06529850503,IP,FC,-1.1116046892,6.25215456499,82.2748647545,2576.2641041,22.1136526377,-0.21
1429,2020,3375,ARK,D1 Southeastern Conference,5310,GC,108862057,2020-03-11 13:00:00,1,0,0,2,1815931282,K. Kopps,R,CU,R,0.190422248299,3.90051002011,-7.00470860769,-0.350509989493,3.92505099077,B,K,-1.06838995277,6.33147274613,80.2764670037,2483.83532511,2.88248459728,0.13
1430,2020,3375,ARK,D1 Southeastern Conference,5310,GC,108862057,2020-03-11 13:00:00,1,1,0,2,1815931282,K. Kopps,R,FA,R,-0.537515289093,3.16974457116,15.2790715942,3.79791781376,5.25035846293,F,K,-1.09996614713,6.18807372577,91.9277706356,2308.4241237,193.931287885,-0.15
1431,2020,3375,ARK,D1 Southeastern Conference,5310,GC,108862057,2020-03-11 13:00:00,1,1,1,2,1815931282,K. Kopps,R,CU,R,0.145455469378,1.13012400238,-13.1208513108,-5.80781374993,4.18768210102,SS,K,-0.97694903477,6.26729056169,81.3727951268,2558.8172373,23.9441431593,-0.15
1432,2020,3375,ARK,D1 Southeastern Conference,5310,GC,108862057,2020-03-11 13:00:00,1,1,2,2,1815931282,K. Kopps,R,CU,R,-0.103414941246,2.14531924633,-10.4147257758,-6.72115032324,4.13186039831,SS,K,-0.993488204256,6.39658191334,81.0233757867,2612.54864359,32.9431692213,-0.15
1433,2020,3375,ARK,D1 Southeastern Conference,5310,GC,108862057,2020-03-11 13:00:00,2,0,0,0,1815931282,K. Kopps,R,CU,R,-0.97249065995,3.91444143253,-12.1226596581,5.64391042038,4.01967749749,B,IP_OUT,-1.40445618733,6.34270883147,79.3397670533,2511.93440272,334.953287664,0.13
1434,2020,3375,ARK,D1 Southeastern Conference,5310,GC,108862057,2020-03-11 13:00:00,2,1,0,0,1815931282,K. Kopps,R,FA,R,0.164650950641,1.19275576504,15.7836903111,7.28824538975,5.20207867907,SS,IP_OUT,-1.39752142643,6.31322737338,89.8576804104,2311.28394801,204.739281963,-0.15
1435,2020,3375,ARK,D1 Southeastern Conference,5310,GC,108862057,2020-03-11 13:00:00,2,0,0,1,1815931282,K. Kopps,R,FC,R,-1.17137746413,2.21089908103,-3.92735494508,-0.476495555867,4.45103623116,B,IP_OUT,-1.24930919661,6.25423380988,84.0626814576,2691.27868119,6.98498846538,0.13
1436,2020,3375,ARK,D1 Southeastern Conference,5310,GC,108862057,2020-03-11 13:00:00,2,1,0,1,1815931282,K. Kopps,R,FA,R,-0.0576200366782,4.61364996149,15.9880140794,4.28912748056,5.34885159195,B,IP_OUT,-1.37972402147,6.37242267461,90.9000181189,2305.66525068,194.988309173,0.13
1437,2020,3375,ARK,D1 Southeastern Conference,5310,GC,108862057,2020-03-11 13:00:00,2,2,0,1,1815931282,K. Kopps,R,FC,R,-0.0781479521553,2.1098280374,2.73535597373,5.30312684805,4.68370221793,F,IP_OUT,-1.54023152012,6.21335852429,84.7723148185,2550.55928044,242.397790593,-0.15
1438,2020,3375,ARK,D1 Southeastern Conference,5310,GC,108862057,2020-03-11 13:00:00,2,0,0,2,1815931282,K. Kopps,R,FA,R,0.0120790112892,3.11823809817,14.2707712121,5.29187731753,5.26978060644,SL,HR,-1.12732281015,6.33240135711,92.3209999865,2360.18221304,200.304680736,-0.15
1439,2020,3375,ARK,D1 Southeastern Conference,5310,GC,108862057,2020-03-11 13:00:00,2,0,1,2,1815931282,K. Kopps,R,CU,R,0.989149825997,1.32725237838,-10.7342776596,0.7498494983,3.91524533558,B,HR,-1.26340017093,6.23595808182,81.2615458982,2587.47324674,355.988123076,0.13
1440,2020,3375,ARK,D1 Southeastern Conference,5310,GC,108862057,2020-03-11 13:00:00,2,1,1,2,1815931282,K. Kopps,R,FC,R,1.16128408461,0.255574729631,-2.28047000711,2.00329380006,4.54418897021,B,HR,-1.53455120718,6.17147651552,84.8634629699,2662.68455086,318.224420659,0.13
1441,2020,3375,ARK,D1 Southeastern Conference,5310,GC,108862057,2020-03-11 13:00:00,2,2,1,2,1815931282,K. Kopps,R,FA,R,-0.42994492874,2.34626863466,15.0782315168,9.94727254,5.33556660109,IP,HR,-1.44820504517,6.23304885381,91.8688719943,2520.366969,213.358144171,1.76
1442,2020,3375,ARK,D1 Southeastern Conference,5310,GC,108862057,2020-03-11 13:00:00,2,0,0,2,1192888576,Z. Morris,L,FA,R,-0.223562909009,2.72468489277,9.88929337726,-0.199171368536,5.79557875645,IP,S,1.49322831285,5.86701970683,92.7699405235,2449.28675202,178.849725398,1.0
1443,2020,3375,ARK,D1 Southeastern Conference,5310,GC,108862057,2020-03-11 13:00:00,3,0,0,1,1192888576,Z. Morris,L,CU,R,-1.5753136425,1.66756895515,-7.67926532091,15.9724634315,5.54346785884,B,IP_OUT,1.61262891967,5.86017024352,80.3141156444,2563.45151368,295.557703443,0.13
1444,2020,3375,ARK,D1 Southeastern Conference,5310,GC,108862057,2020-03-11 13:00:00,3,1,0,1,1192888576,Z. Morris,L,CU,R,-0.821347274545,4.12370620444,-1.60309826964,12.8406484501,5.38134905442,B,IP_OUT,1.73711553621,5.88385866841,80.4283797712,2478.38937176,276.936639116,0.13
1445,2020,3375,ARK,D1 Southeastern Conference,5310,GC,108862057,2020-03-11 13:00:00,3,2,0,1,1192888576,Z. Morris,L,FA,R,-1.19055897257,3.26555641885,18.987686755,1.60818760821,6.00464118251,F,IP_OUT,1.43852962857,5.94246154651,92.3422046087,2246.95378252,184.833474994,-0.15
1446,2020,3375,ARK,D1 Southeastern Conference,5310,GC,108862057,2020-03-11 13:00:00,3,2,1,1,1192888576,Z. Morris,L,FA,R,-0.455440808354,1.77781723064,13.5432694615,0.279015728414,5.87402127432,F,IP_OUT,1.20776041051,6.04611195288,91.6569495156,2287.59247809,181.177534631,-0.15
1447,2020,3375,ARK,D1 Southeastern Conference,5310,GC,108862057,2020-03-11 13:00:00,3,0,0,2,1192888576,Z. Morris,L,FA,L,-1.29419592376,2.88794967023,12.983037989,0.17004211023,5.90007284537,F,K,1.1013291527,6.04978761299,92.8917157299,2311.50404451,180.748632449,-0.15
1448,2020,3375,ARK,D1 Southeastern Conference,5310,GC,108862057,2020-03-11 13:00:00,3,0,1,2,1192888576,Z. Morris,L,CU,L,-0.190388275984,3.58181727528,-10.9092913532,13.8812126682,5.49578638817,F,K,1.53717976918,6.02101240658,76.2589020951,2557.23322793,308.045370038,-0.15
1449,2020,3375,ARK,D1 Southeastern Conference,5310,GC,108862057,2020-03-11 13:00:00,3,0,2,2,1192888576,Z. Morris,L,CU,L,-1.48285221788,0.65100514758,-7.94477414541,13.0580540652,5.77286978734,SS,K,1.25277944059,5.97417134488,80.5937370921,2700.33193458,301.186424166,-0.15
1450,2020,3375,ARK,D1 Southeastern Conference,5310,GC,108862057,2020-03-11 13:00:00,4,0,0,0,1192888576,Z. Morris,L,CU,R,-0.723324038103,2.50044994044,-5.61681900124,11.3512150576,5.62844265226,SS,IP_OUT,1.48021875572,5.91395180876,79.4307090504,2583.42893749,296.157728879,-0.15
1451,2020,3375,ARK,D1 Southeastern Conference,5310,GC,108862057,2020-03-11 13:00:00,4,0,1,0,1192888576,Z. Morris,L,CU,R,-0.628949383537,3.57277503685,-7.64662064814,15.5650420691,5.5637399515,F,IP_OUT,1.60527198629,5.85376476132,79.1793442032,2591.22287773,296.038209171,-0.15
1452,2020,3375,ARK,D1 Southeastern Conference,5310,GC,108862057,2020-03-11 13:00:00,4,0,0,1,1192888576,Z. Morris,L,FA,R,-0.457741533181,3.46523732513,13.5784697648,-0.889871687216,5.71518259144,F,IP_OUT,1.30732743682,6.15408555971,93.0331720405,2367.69733131,176.258745301,-0.15
1453,2020,3375,ARK,D1 Southeastern Conference,5310,GC,108862057,2020-03-11 13:00:00,4,0,1,1,1192888576,Z. Morris,L,FA,R,-0.869381467219,1.93209383023,6.66653705993,-0.827622161817,5.8217051355,SL,IP_OUT,1.11420687263,6.02354077124,93.1787187763,2456.11264933,172.954697653,-0.15
1454,2020,3375,ARK,D1 Southeastern Conference,5310,GC,108862057,2020-03-11 13:00:00,4,0,0,2,1192888576,Z. Morris,L,FA,R,-0.563923647854,2.98832859891,16.4280153761,-2.34889162725,5.70884357561,SL,BB,0.923325864943,6.16957500378,92.6935685521,2423.66875043,171.877953965,-0.15
1455,2020,3375,ARK,D1 Southeastern Conference,5310,GC,108862057,2020-03-11 13:00:00,4,0,1,2,1192888576,Z. Morris,L,CU,R,-1.43470341118,4.00981384895,-7.89236430681,14.5766486142,5.15887310335,B,BB,1.27333542475,6.0272653133,77.8759155941,2563.4308618,298.295986099,0.13
1456,2020,3375,ARK,D1 Southeastern Conference,5310,GC,108862057,2020-03-11 13:00:00,4,1,1,2,1192888576,Z. Morris,L,CU,R,-1.29414615032,3.90958274858,-7.54557915352,15.2797416061,5.60580799383,B,BB,1.40127475759,5.85276397957,78.5625329178,2694.06413175,296.150596504,0.13
1457,2020,3375,ARK,D1 Southeastern Conference,5310,GC,108862057,2020-03-11 13:00:00,4,2,1,2,1192888576,Z. Morris,L,FA,R,-1.07179648704,2.37716905605,20.5109595085,-5.6790398904,5.75559231633,SL,BB,1.14392713889,6.29011658481,93.1262868802,2396.34287151,164.545696358,-0.15
1458,2020,3375,ARK,D1 Southeastern Conference,5310,GC,108862057,2020-03-11 13:00:00,4,2,2,2,1192888576,Z. Morris,L,FA,R,-0.0230245132309,3.08241323654,10.2703189645,1.92029326301,5.71592108201,F,BB,1.06948612486,6.00812526751,92.5785207411,2486.50632325,190.559817034,0.0
1459,2020,3375,ARK,D1 Southeastern Conference,5310,GC,108862057,2020-03-11 13:00:00,4,2,2,2,1192888576,Z. Morris,L,FA,R,-0.101319982958,4.94616592296,13.3716038187,-4.03986330297,5.85292983204,B,BB,1.20764449539,6.05722638855,93.9225457795,2387.78390064,163.224365991,0.13
1460,2020,3375,ARK,D1 Southeastern Conference,5310,GC,108862057,2020-03-11 13:00:00,4,3,2,2,1192888576,Z. Morris,L,FA,R,-2.01748142857,2.83354536522,14.2983061822,-5.61827124394,6.15621134174,B,BB,1.20400688568,6.09134946177,93.1689320577,2345.3334109,158.589314456,0.8
1461,2020,3375,ARK,D1 Southeastern Conference,5310,GC,108862057,2020-03-11 13:00:00,4,0,0,2,1192888576,Z. Morris,L,FA,R,0.0923271778617,2.40374113538,12.4034602921,-0.818764855473,6.17448055155,SL,IP_OUT,1.22893082033,6.08816112953,92.4851616754,2375.26884107,176.232466402,-0.15
1462,2020,3375,ARK,D1 Southeastern Conference,5310,GC,108862057,2020-03-11 13:00:00,4,0,1,2,1192888576,Z. Morris,L,CU,R,0.488051095917,2.79790510721,-9.61060099971,10.6697305847,5.60509720332,SL,IP_OUT,1.50626800596,5.94647140029,79.3488554392,2592.29779825,311.884575064,-0.15
1463,2020,3375,ARK,D1 Southeastern Conference,5310,GC,108862057,2020-03-11 13:00:00,5,0,0,0,1277846411,M. Adamiak,R,FA,L,-0.518257574249,1.62775625167,14.5040517278,10.9202478784,5.68824575,SL,K,-0.931951691283,6.62837525164,95.6715470715,2368.86272124,216.921423706,-0.15
1464,2020,3375,ARK,D1 Southeastern Conference,5310,GC,108862057,2020-03-11 13:00:00,5,0,1,0,1277846411,M. Adamiak,R,FA,L,-0.504684228282,3.92492828783,16.1718831826,8.28026169829,5.74588852038,B,K,-0.663987217792,6.80798602165,94.5290581562,2408.29226969,207.070685782,0.13
1465,2020,3375,ARK,D1 Southeastern Conference,5310,GC,108862057,2020-03-11 13:00:00,5,1,1,0,1277846411,M. Adamiak,R,FA,L,-0.255239296746,3.15909168024,16.9749791212,8.18650528567,5.93174456177,F,K,-0.739890754761,6.61994749203,95.1071707853,2447.29903065,205.708187488,-0.15
1466,2020,3375,ARK,D1 Southeastern Conference,5310,GC,108862057,2020-03-11 13:00:00,5,1,2,0,1277846411,M. Adamiak,R,FA,L,-0.0504858602999,3.50465579507,19.9653527426,10.9355067253,5.63549171813,F,K,-0.883625380272,6.79107819766,95.0134259628,2365.48498194,208.674984906,0.0
1467,2020,3375,ARK,D1 Southeastern Conference,5310,GC,108862057,2020-03-11 13:00:00,5,1,2,0,1277846411,M. Adamiak,R,FA,L,-0.522225236629,3.56302774154,11.2993205986,10.2567789322,5.68818398285,SS,K,-0.962642388575,6.66361089958,94.2444301841,2250.48571431,222.156910425,-0.15
1468,2020,3375,ARK,D1 Southeastern Conference,5310,GC,108862057,2020-03-11 13:00:00,5,0,0,1,1277846411,M. Adamiak,R,FA,L,-1.45096598138,3.17991213988,15.6980481903,9.48297649837,5.69824466135,B,S,-0.788052351697,6.75482330733,95.4941659185,2336.97123005,211.089187973,0.13
1469,2020,3375,ARK,D1 Southeastern Conference,5310,GC,108862057,2020-03-11 13:00:00,5,1,0,1,1277846411,M. Adamiak,R,FA,L,-1.57332110776,3.75243493525,16.6982204108,6.58907524575,5.43773552268,B,S,-0.729828238448,6.90605715849,94.7271942663,2411.30461628,201.499578791,0.13
1470,2020,3375,ARK,D1 Southeastern Conference,5310,GC,108862057,2020-03-11 13:00:00,5,2,0,1,1277846411,M. Adamiak,R,FA,L,-0.387462600095,2.55669895195,10.9929067269,8.56181984048,5.6751515035,IP,S,-0.725546806206,6.66401495349,93.5403522429,2285.8304598,217.837859957,1.0
1471,2020,3375,ARK,D1 Southeastern Conference,5310,GC,108862057,2020-03-11 13:00:00,5,0,0,1,1277846411,M. Adamiak,R,SL,R,2.39638384984,1.95893796751,-0.582915762343,-0.787702482977,5.01683959917,B,S,-1.00932345406,6.55608807629,79.5341215758,2128.67876681,55.569030758,0.13
1472,2020,3375,ARK,D1 Southeastern Conference,5310,GC,108862057,2020-03-11 13:00:00,5,1,0,1,1277846411,M. Adamiak,R,FA,R,0.49133943002,3.4110589139,14.1730102322,6.06734812975,5.83836378548,B,S,-0.855827113883,6.71584286975,91.4882398988,2230.94112687,203.129969215,0.13
1473,2020,3375,ARK,D1 Southeastern Conference,5310,GC,108862057,2020-03-11 13:00:00,5,2,0,1,1277846411,M. Adamiak,R,FA,R,0.588236053579,2.21415804436,17.662946779,7.48133431235,5.65478036665,SL,S,-0.755313838325,6.66443378371,92.6572120212,2272.5172509,202.919836866,-0.15
1474,2020,3375,ARK,D1 Southeastern Conference,5310,GC,108862057,2020-03-11 13:00:00,5,2,1,1,1277846411,M. Adamiak,R,FA,R,0.968838186538,3.17023592938,17.30000776,7.25531863526,5.81754546892,SL,S,-0.571795096177,6.81589296031,94.1998472201,2228.05109277,202.717415558,-0.15
1475,2020,3375,ARK,D1 Southeastern Conference,5310,GC,108862057,2020-03-11 13:00:00,5,2,2,1,1277846411,M. Adamiak,R,FA,R,1.04511107463,3.46820110288,22.1929171914,7.50767811312,5.68570099059,F,S,-0.508742193334,6.98111376915,94.2112411821,2300.40719249,198.666902577,0.0
1476,2020,3375,ARK,D1 Southeastern Conference,5310,GC,108862057,2020-03-11 13:00:00,5,2,2,1,1277846411,M. Adamiak,R,FA,R,0.79504777433,5.18743524017,17.1563327849,9.89600970039,5.40056796843,B,S,-0.376634387968,6.96203178173,94.2106213785,2300.28531534,209.933489406,0.13
1477,2020,3375,ARK,D1 Southeastern Conference,5310,GC,108862057,2020-03-11 13:00:00,5,3,2,1,1277846411,M. Adamiak,R,FA,R,1.8617624872,2.32822349376,7.22539732294,8.05529571215,5.87261832776,IP,S,-0.874723297929,6.28661265798,91.1958468753,2255.94643667,227.985010069,1.0
1478,2020,3375,ARK,D1 Southeastern Conference,5310,GC,108862057,2020-03-11 13:00:00,5,0,0,1,1202378370,M. Denton,R,SL,R,-1.04767935468,1.54804721495,-6.92263903769,-5.46475292901,4.5847324753,B,K,-1.92386508833,4.1559391798,74.6632899079,2353.66655355,38.4882970687,0.13
1479,2020,3375,ARK,D1 Southeastern Conference,5310,GC,108862057,2020-03-11 13:00:00,5,1,0,1,1202378370,M. Denton,R,FA,R,0.696686180078,2.29058345117,-0.244643023349,17.307963725,5.15511194515,SL,K,-1.75008775691,4.3501400657,84.6773693076,2142.66152828,270.684116481,-0.15
1480,2020,3375,ARK,D1 Southeastern Conference,5310,GC,108862057,2020-03-11 13:00:00,5,1,1,1,1202378370,M. Denton,R,SL,R,0.852776847879,1.35955842118,-0.716004800112,-11.990860963,4.84764816012,SS,K,-1.75445810583,3.88969438638,74.7003358328,2346.16856299,86.8182815683,-0.15
1481,2020,3375,ARK,D1 Southeastern Conference,5310,GC,108862057,2020-03-11 13:00:00,5,1,2,1,1202378370,M. Denton,R,SL,R,1.92150416056,2.07137736064,-4.56837251451,-0.421811250719,4.79370962754,SS,K,-2.00640219446,3.94086053111,76.3171641951,2369.75363288,5.33045122867,-0.15
1482,2020,3375,ARK,D1 Southeastern Conference,5310,GC,108862057,2020-03-11 13:00:00,5,0,0,2,1202378370,M. Denton,R,FA,L,-0.251696963207,2.08174792659,0.147551881961,17.4491653165,4.90925633942,IP,S,-1.79464088331,4.33540025835,86.0573860616,2077.15528477,269.395678178,1.0
1483,2020,3375,ARK,D1 Southeastern Conference,5310,GC,108862057,2020-03-11 13:00:00,5,0,0,2,1202378370,M. Denton,R,FA,L,-0.488521619647,1.99452710551,2.65718544748,14.6292250977,4.98802323566,IP,S,-1.7417396743,4.29850333375,85.0866861442,2069.43541423,259.562308137,1.0
1484,2020,3375,ARK,D1 Southeastern Conference,5310,GC,108862057,2020-03-11 13:00:00,5,0,0,2,1202378370,M. Denton,R,SL,R,0.930327494063,1.55662289675,-2.7840498729,-4.39389411142,4.86579286985,SS,K,-1.82834815974,4.18608118789,75.198569259,2458.62396069,58.0915982918,-0.15
1485,2020,3375,ARK,D1 Southeastern Conference,5310,GC,108862057,2020-03-11 13:00:00,5,0,1,2,1202378370,M. Denton,R,SL,R,0.568669301409,1.35199816485,-4.89029643654,-4.10001009033,4.55093079614,SS,K,-1.92207045774,3.95757546399,74.9521412386,2381.61043236,40.2612694864,-0.15
1486,2020,3375,ARK,D1 Southeastern Conference,5310,GC,108862057,2020-03-11 13:00:00,5,0,2,2,1202378370,M. Denton,R,SL,R,1.38332085755,1.38385446659,1.08423240284,-5.78383807469,5.07511550115,SS,K,-1.77408897392,4.02253050577,75.7990444433,2367.19468938,101.070169504,-0.15
1487,2020,3375,ARK,D1 Southeastern Conference,5310,GC,108862057,2020-03-11 13:00:00,6,1,0,0,1202378370,M. Denton,R,SL,R,0.222626100121,2.17314334953,1.82585198023,-4.57485333828,4.57585770484,SL,BB,-1.82574514231,4.11184810762,74.7851855972,2430.43189613,112.2845201,-0.15
1488,2020,3375,ARK,D1 Southeastern Conference,5310,GC,108862057,2020-03-11 13:00:00,6,1,1,0,1202378370,M. Denton,R,FC,R,-1.70306550413,1.35260384662,0.0346909300669,-0.95770960121,4.39304052943,B,BB,-1.81134239005,4.41952167219,76.556369251,2310.07897541,94.9086583777,0.13
1489,2020,3375,ARK,D1 Southeastern Conference,5310,GC,108862057,2020-03-11 13:00:00,6,2,1,0,1202378370,M. Denton,R,FA,R,0.863360112164,1.50074579809,-1.25418470107,20.0709482272,5.23541911797,B,BB,-1.71205787467,4.40956404191,84.8488484806,2256.19745935,273.46881031,0.13
1490,2020,3375,ARK,D1 Southeastern Conference,5310,GC,108862057,2020-03-11 13:00:00,6,3,1,0,1202378370,M. Denton,R,FA,R,0.0831094137617,2.47915025032,-1.45601538801,20.0716288329,5.28651163018,SL,BB,-1.74467818224,4.32774832949,84.4008386901,2234.50471042,274.041337002,-0.15
1491,2020,3375,ARK,D1 Southeastern Conference,5310,GC,108862057,2020-03-11 13:00:00,6,3,2,0,1202378370,M. Denton,R,FA,R,-0.197112235552,1.73637437393,2.39198704362,18.6718171141,5.05130115949,F,BB,-1.72843914079,4.41737577068,84.6700158928,2248.00412459,262.585182267,0.0
1492,2020,3375,ARK,D1 Southeastern Conference,5310,GC,108862057,2020-03-11 13:00:00,6,3,2,0,1202378370,M. Denton,R,SL,R,0.421942782405,0.777843903383,-4.99158168034,-6.85280740405,4.43206343421,B,BB,-1.75595437749,4.00522468133,75.5902893397,2406.3432642,54.1953664029,0.8
1493,2020,3375,ARK,D1 Southeastern Conference,5310,GC,108862057,2020-03-11 13:00:00,6,0,0,0,1202378370,M. Denton,R,SL,R,0.649300457206,2.66874681716,-3.73074367939,-1.99201734208,4.52232013274,F,DP,-1.83654856286,4.01786476558,75.5573314256,2318.99266225,28.4139016924,-0.15
1494,2020,3375,ARK,D1 Southeastern Conference,5310,GC,108862057,2020-03-11 13:00:00,6,0,1,0,1202378370,M. Denton,R,SL,R,-1.93038256396,2.65182059037,0.460626860645,-8.6679027941,4.75496471012,B,DP,-1.95881239663,4.18590689539,74.5728354521,2343.97733719,93.3646533015,0.13
1495,2020,3375,ARK,D1 Southeastern Conference,5310,GC,108862057,2020-03-11 13:00:00,6,1,1,0,1202378370,M. Denton,R,FA,R,-0.43053506467,3.11575017455,-1.04975936976,20.3041194563,5.45434092675,SS,DP,-1.76523071859,4.33153219486,84.1444689165,2129.72639236,272.853578662,-0.15
1496,2020,3375,ARK,D1 Southeastern Conference,5310,GC,108862057,2020-03-11 13:00:00,6,1,2,0,1202378370,M. Denton,R,FA,R,1.31916487315,1.23842733119,1.66910318879,16.8691330842,5.30504362457,B,DP,-1.61820099203,4.36239792954,84.6901690711,2060.64992063,264.223861663,0.13
1497,2020,3375,ARK,D1 Southeastern Conference,5310,GC,108862057,2020-03-11 13:00:00,6,2,2,0,1202378370,M. Denton,R,SL,R,0.832177668014,2.0388154487,-4.19986995013,-0.604950571785,4.69255152227,IP,DP,-1.90232245373,3.98402594433,74.8831801781,2306.89740841,8.29107763599,-0.21
1498,2020,3375,ARK,D1 Southeastern Conference,5310,GC,108862057,2020-03-11 13:00:00,6,0,0,2,1747064239,J. Burton,R,FA,L,0.378467608816,1.55963909286,17.6126541606,3.46574791425,5.35410158659,SS,S,-1.28506145059,5.78129124626,96.9737288308,2201.17587716,191.114680493,-0.15
1499,2020,3375,ARK,D1 Southeastern Conference,5310,GC,108862057,2020-03-11 13:00:00,6,0,1,2,1747064239,J. Burton,R,FA,L,-1.34284321555,3.63497046022,16.5372580714,6.96778102061,4.99660304444,B,S,-1.25864238986,5.84636183707,97.3761243466,2138.13904559,202.812164127,0.13
1500,2020,3375,ARK,D1 Southeastern Conference,5310,GC,108862057,2020-03-11 13:00:00,6,1,1,2,1747064239,J. Burton,R,FA,L,-1.75313947609,3.24788295571,15.1996013693,7.280090472,5.16808499982,B,S,-1.26176260734,5.74502006929,97.2865661816,2197.5166573,205.551181769,0.13
1501,2020,3375,ARK,D1 Southeastern Conference,5310,GC,108862057,2020-03-11 13:00:00,6,2,1,2,1747064239,J. Burton,R,FA,L,-0.0814390359012,1.93995233773,15.8936501814,5.01556843806,5.19166058686,IP,S,-1.13174027123,5.79969533139,96.5988942643,2137.90401259,197.484418425,1.0
1502,2020,3375,ARK,D1 Southeastern Conference,5310,GC,108862057,2020-03-11 13:00:00,6,0,0,2,1747064239,J. Burton,R,CU,L,1.28584960159,1.4828684463,0.296797741449,-6.98165543784,4.76145810726,B,NO_PLAY,-1.41952215805,5.77208252397,82.8973104837,2386.98843973,92.761330394,0.13
1503,2020,3375,ARK,D1 Southeastern Conference,5310,GC,108862057,2020-03-11 13:00:00,7,0,0,0,1747064239,J. Burton,R,FA,L,-1.28857003119,1.89272732017,16.690845029,13.95586893,5.08373609733,SL,HBP,-1.32009247685,5.9430446436,95.4948025522,2169.6295836,219.850045293,-0.15
1504,2020,3375,ARK,D1 Southeastern Conference,5310,GC,108862057,2020-03-11 13:00:00,7,0,1,0,1747064239,J. Burton,R,FC,L,1.61617522089,3.23716288686,-4.28402167541,-13.9029411976,4.59351389815,HBP,HBP,-1.27126784406,5.80086106517,82.6433042957,2258.60140795,73.0265511621,0.8
1505,2020,3375,ARK,D1 Southeastern Conference,5310,GC,108862057,2020-03-11 13:00:00,7,0,0,0,1747064239,J. Burton,R,FA,R,1.25642364453,2.25983169672,9.62052298064,7.55257356607,5.34300843974,B,BB,-1.33851178955,5.71157964778,94.7731645853,2001.76840409,218.047881724,0.13
1506,2020,3375,ARK,D1 Southeastern Conference,5310,GC,108862057,2020-03-11 13:00:00,7,1,0,0,1747064239,J. Burton,R,FA,R,1.47983219645,3.01234633513,19.1868277733,9.35085879212,5.51322546448,B,BB,-1.20091959112,5.871563569,95.7576746644,2220.4884726,205.948688943,0.13
1507,2020,3375,ARK,D1 Southeastern Conference,5310,GC,108862057,2020-03-11 13:00:00,7,2,0,0,1747064239,J. Burton,R,FA,R,-2.26566732433,2.34564557579,20.4617565927,6.40143433745,5.14267655145,B,BB,-1.44367312073,5.8814628782,95.4168612414,2128.69576723,197.348657099,0.13
1508,2020,3375,ARK,D1 Southeastern Conference,5310,GC,108862057,2020-03-11 13:00:00,7,3,0,0,1747064239,J. Burton,R,FA,R,0.271354744012,2.44437478419,10.4373871284,6.83677508543,5.35478956181,SL,BB,-1.45325223676,5.69862216864,95.2237828156,2137.70264838,213.15172149,-0.15
1509,2020,3375,ARK,D1 Southeastern Conference,5310,GC,108862057,2020-03-11 13:00:00,7,3,1,0,1747064239,J. Burton,R,FA,R,-1.29924230779,3.61791585503,12.8312022244,7.00246533998,5.35279695091,B,BB,-1.46261321738,5.80366196089,94.943131584,2094.50990285,208.567188686,0.8
1510,2020,3375,ARK,D1 Southeastern Conference,5310,GC,108862057,2020-03-11 13:00:00,7,0,0,0,1525999068,E. Taylor,L,FA,R,-0.583431811676,2.88897590806,14.5154335138,-11.3933006721,6.01653515662,SL,K,1.4393723306,6.40615804429,92.1265774783,2239.69517894,141.930741096,-0.15
1511,2020,3375,ARK,D1 Southeastern Conference,5310,GC,108862057,2020-03-11 13:00:00,7,0,1,0,1525999068,E. Taylor,L,FA,R,-1.56590624582,2.86220145328,16.5019313209,-7.48194717077,6.05501515631,B,K,1.24184712121,6.30556994493,92.1415279445,2278.4561461,155.650675297,0.13
1512,2020,3375,ARK,D1 Southeastern Conference,5310,GC,108862057,2020-03-11 13:00:00,7,1,1,0,1525999068,E. Taylor,L,FA,R,0.196655831008,2.36106937922,16.6360227345,-7.4478831531,6.31118475372,F,K,1.26619446118,6.22792145977,90.5935433808,2189.24323777,155.922574848,-0.15
1513,2020,3375,ARK,D1 Southeastern Conference,5310,GC,108862057,2020-03-11 13:00:00,7,1,2,0,1525999068,E. Taylor,L,FA,R,-0.817291415237,1.52103909843,14.2817242704,-12.9764523056,6.25011562777,SL,K,1.29444986121,6.20621266157,92.4852560305,2336.98146736,137.802422426,-0.15
1514,2020,3375,ARK,D1 Southeastern Conference,5310,GC,108862057,2020-03-11 13:00:00,7,0,0,1,1525999068,E. Taylor,L,FA,L,-0.0726666775689,2.08676975928,11.4301113603,-12.6061705667,6.13234092638,SL,S,1.68084287727,6.15449291981,91.6357266277,2324.82129575,132.275738625,-0.15
1515,2020,3375,ARK,D1 Southeastern Conference,5310,GC,108862057,2020-03-11 13:00:00,7,0,1,1,1525999068,E. Taylor,L,CU,L,-0.56188901569,2.43921834495,-7.77494200529,16.2843305243,5.42990650502,IP,S,1.13405242436,6.44819964784,78.6810724619,2735.19973306,295.398192798,1.0
1516,2020,3375,ARK,D1 Southeastern Conference,5310,GC,108862057,2020-03-11 13:00:00,7,0,0,1,1525999068,E. Taylor,L,FA,L,-0.59412802309,1.30364292004,11.5955858963,-14.3478871405,6.19637393556,B,BB,1.25720149784,6.33366643782,92.1087726148,2105.7409243,129.018248632,0.13
1517,2020,3375,ARK,D1 Southeastern Conference,5310,GC,108862057,2020-03-11 13:00:00,7,1,0,1,1525999068,E. Taylor,L,FA,L,0.918401812369,1.63184953221,14.0991028003,-14.9700851573,6.22710069744,B,BB,1.38469440219,6.24869208431,92.8375776138,2237.83361311,133.344809167,0.13
1518,2020,3375,ARK,D1 Southeastern Conference,5310,GC,108862057,2020-03-11 13:00:00,7,2,0,1,1525999068,E. Taylor,L,FA,L,-1.3347955029,2.73207162235,15.0387802699,-13.0699572896,6.2907878541,B,BB,1.32377373425,6.22066431731,91.9195949917,2191.77921237,139.064883125,0.13
1519,2020,3375,ARK,D1 Southeastern Conference,5310,GC,108862057,2020-03-11 13:00:00,7,3,0,1,1525999068,E. Taylor,L,FA,L,-0.646371023473,2.29447847799,12.3740569442,-14.9861950464,6.27852780983,SL,BB,1.25408202723,6.12205697111,92.9158661965,2300.01537625,129.614563184,-0.15
1520,2020,3375,ARK,D1 Southeastern Conference,5310,GC,108862057,2020-03-11 13:00:00,7,3,1,1,1525999068,E. Taylor,L,FA,L,-1.6277170562,2.5865131255,17.9517138739,-8.98302135153,6.32269787603,B,BB,1.29564552309,6.22733448569,92.563178833,2335.25187803,153.455072548,0.8
1521,2020,3375,ARK,D1 Southeastern Conference,5310,GC,108862057,2020-03-11 13:00:00,7,0,0,1,1822092474,E. Trest,R,FA,L,-0.567123572863,2.96304807831,17.1877799303,12.0944922087,6.23331164091,SS,K,-2.62674306066,5.75290534563,94.7077402823,2321.91043099,215.087688729,-0.15
1522,2020,3375,ARK,D1 Southeastern Conference,5310,GC,108862057,2020-03-11 13:00:00,7,0,1,1,1822092474,E. Trest,R,FA,L,0.0539459346257,2.56807504321,7.21556557916,14.3586143632,6.18794034026,SS,K,-2.49473841393,5.56046072537,94.9652421959,2258.59218239,243.228081061,-0.15
1523,2020,3375,ARK,D1 Southeastern Conference,5310,GC,108862057,2020-03-11 13:00:00,7,0,2,1,1822092474,E. Trest,R,FA,L,-1.15787638485,1.76969613085,9.641694132,18.6314048096,6.10687087293,SL,K,-2.80261238682,5.52940680019,94.6416758862,2237.61043435,242.568072884,-0.15
1524,2020,3375,ARK,D1 Southeastern Conference,5310,GC,108862057,2020-03-11 13:00:00,7,0,0,2,1822092474,E. Trest,R,FA,R,0.824856429985,2.17443885355,14.5047591798,16.0576690986,6.40170642515,B,S,-2.67420364215,5.80564989473,94.5675340707,2357.74695125,227.852299524,0.13
1525,2020,3375,ARK,D1 Southeastern Conference,5310,GC,108862057,2020-03-11 13:00:00,7,1,0,2,1822092474,E. Trest,R,FA,R,0.70262228107,4.18305798095,16.8423120603,11.5193075306,6.38947925332,B,S,-2.61086321349,5.65890456516,94.5579468238,2451.44285416,214.324628483,0.13
1526,2020,3375,ARK,D1 Southeastern Conference,5310,GC,108862057,2020-03-11 13:00:00,7,2,0,2,1822092474,E. Trest,R,FA,R,0.0184430473602,1.12046761053,13.6573990926,17.0129757434,6.31015127941,B,S,-2.59980695282,5.71602474284,94.1738033036,2277.60307949,231.184169889,0.13
1527,2020,3375,ARK,D1 Southeastern Conference,5310,GC,108862057,2020-03-11 13:00:00,7,3,0,2,1822092474,E. Trest,R,FA,R,-0.12172782732,3.20382764588,14.7111165659,13.7260838843,6.18695854786,SS,S,-2.69972374897,5.70560895179,93.6292074416,2289.5971979,222.958120173,-0.15
1528,2020,3375,ARK,D1 Southeastern Conference,5310,GC,108862057,2020-03-11 13:00:00,7,3,1,2,1822092474,E. Trest,R,FA,R,-0.0522725137629,1.61446449119,13.5836586718,17.7234948217,6.19758416292,IP,S,-2.85196972763,5.69508017004,95.321963828,2343.81406896,232.47454545,1.0
1529,2020,3375,ARK,D1 Southeastern Conference,5310,GC,108862057,2020-03-11 13:00:00,7,0,0,2,1822092474,E. Trest,R,SL,R,2.18755615579,1.85537620063,0.153631558533,-8.44864571801,5.82320921591,B,S,-2.66598622728,5.48180642839,82.827359176,2449.71392412,91.3013973317,0.13
1530,2020,3375,ARK,D1 Southeastern Conference,5310,GC,108862057,2020-03-11 13:00:00,7,1,0,2,1822092474,E. Trest,R,FA,R,-1.94927474118,2.10699714159,11.6301989897,22.6740965374,6.09779146294,B,S,-2.78558913044,5.77690268277,94.1827752388,2275.14724041,242.787142351,0.13
1531,2020,3375,ARK,D1 Southeastern Conference,5310,GC,108862057,2020-03-11 13:00:00,7,2,0,2,1822092474,E. Trest,R,FA,R,-0.885294980565,1.99125728876,13.0419214741,14.32190178,6.2889180221,SL,S,-2.75087810374,5.65340044843,93.3418805601,2247.82172994,227.613385368,-0.15
1532,2020,3375,ARK,D1 Southeastern Conference,5310,GC,108862057,2020-03-11 13:00:00,7,2,1,2,1822092474,E. Trest,R,FA,R,-0.380071943632,1.56801044994,12.7657235077,17.3604866281,6.22685170142,SL,S,-2.75525225041,5.81582013693,92.403931107,2169.23465533,233.60686148,-0.15
1533,2020,3375,ARK,D1 Southeastern Conference,5310,GC,108862057,2020-03-11 13:00:00,7,2,2,2,1822092474,E. Trest,R,SL,R,-1.49754498715,1.47635959164,5.25552578966,-0.0488443199398,5.68881188203,F,S,-2.7342550882,5.74476402129,81.9268104218,2361.46773161,179.471466157,0.0
1534,2020,3375,ARK,D1 Southeastern Conference,5310,GC,108862057,2020-03-11 13:00:00,7,2,2,2,1822092474,E. Trest,R,FA,R,0.0787819716203,1.61397245932,9.19573544779,15.092889704,6.31222161875,IP,S,-2.67348317772,5.55104182156,94.8677393303,2243.72874373,238.567957657,1.0
1535,2020,3375,ARK,D1 Southeastern Conference,5310,GC,108862057,2020-03-11 13:00:00,7,0,0,2,1822092474,E. Trest,R,SL,L,-0.473287521004,1.85979928644,3.05198199765,-4.40155776108,5.62303583805,SL,IP_OUT,-2.74899450892,5.6429289949,80.0787175665,2322.44177975,125.099951008,-0.15
1536,2020,3375,ARK,D1 Southeastern Conference,5310,GC,108862057,2020-03-11 13:00:00,7,0,1,2,1822092474,E. Trest,R,FA,L,-0.233827271048,1.14412194481,10.5461885105,17.2888193852,6.41715196825,B,IP_OUT,-2.79343185349,5.54237011298,92.733387546,2396.34886825,238.544217585,0.13
1537,2020,3375,ARK,D1 Southeastern Conference,5310,GC,108862057,2020-03-11 13:00:00,7,1,1,2,1822092474,E. Trest,R,SL,L,-1.61391758909,1.88124396792,-0.0168295448649,-1.97766204206,5.5729907654,B,IP_OUT,-2.78446821829,5.40839603714,80.2293481674,2268.64091671,90.7093266979,0.13
1538,2020,3375,ARK,D1 Southeastern Conference,5310,GC,108862057,2020-03-11 13:00:00,8,0,0,0,1300259184,P. Pallette,R,FA,L,0.994926954726,1.34209065116,19.5931424829,2.45401917731,5.54724330386,B,K,-1.53640840089,6.11923265731,93.3768580999,2365.05272241,187.127917851,0.13
1539,2020,3375,ARK,D1 Southeastern Conference,5310,GC,108862057,2020-03-11 13:00:00,8,1,0,0,1300259184,P. Pallette,R,FA,L,-0.220864830032,2.28279374036,17.5622640397,6.99990790279,5.46365954784,F,K,-1.69524501022,6.13460066704,92.9482187365,2515.0635097,201.696231049,-0.15
1540,2020,3375,ARK,D1 Southeastern Conference,5310,GC,108862057,2020-03-11 13:00:00,8,1,1,0,1300259184,P. Pallette,R,CU,L,0.546104737088,0.730285492842,-9.77683026172,-14.4284355123,5.33191372847,F,K,-1.8434642228,5.87318972652,79.8422534307,3019.33381815,55.9950043483,-0.15
1541,2020,3375,ARK,D1 Southeastern Conference,5310,GC,108862057,2020-03-11 13:00:00,8,1,2,0,1300259184,P. Pallette,R,CU,L,2.66873628199,0.348307618313,-6.56788379861,-16.9648611367,5.36328072856,B,K,-1.72516051545,5.85258949668,79.627371436,2966.43063552,68.9621846427,0.13
1542,2020,3375,ARK,D1 Southeastern Conference,5310,GC,108862057,2020-03-11 13:00:00,8,2,2,0,1300259184,P. Pallette,R,FA,L,0.120854335971,1.05769254027,15.2634241579,6.66561004689,5.72822487452,B,K,-1.64942319816,6.10522869494,93.6949514256,2487.13357684,203.549574269,0.13
1543,2020,3375,ARK,D1 Southeastern Conference,5310,GC,108862057,2020-03-11 13:00:00,8,3,2,0,1300259184,P. Pallette,R,FA,L,0.213783501279,0.760339346067,15.1786989805,9.19878811575,5.85038518637,SS,K,-1.69929302958,6.07327677629,92.5734973068,2432.98943215,211.165644176,-0.15
1544,2020,3375,ARK,D1 Southeastern Conference,5310,GC,108862057,2020-03-11 13:00:00,8,0,0,2,1300259184,P. Pallette,R,FA,L,-0.448435363277,1.54929213666,17.0690401332,9.70262949828,5.64638430654,SL,IP_OUT,-1.65395417998,6.09316207665,93.6673734468,2461.82686934,209.571901074,-0.15
1545,2020,3375,ARK,D1 Southeastern Conference,5310,GC,108862057,2020-03-11 13:00:00,8,0,1,2,1300259184,P. Pallette,R,FA,L,0.147783462853,2.68334408864,17.1388866814,4.50877437351,5.80846037114,F,IP_OUT,-1.53295653876,6.15664282074,92.9848442526,2578.02222022,194.713950452,-0.15
1546,2020,3375,ARK,D1 Southeastern Conference,5310,GC,108862057,2020-03-11 13:00:00,8,0,2,2,1300259184,P. Pallette,R,CU,L,-0.298144342546,2.59845717908,-7.89394622152,-14.8553966712,5.32570431676,F,IP_OUT,-1.67383816325,5.93660338255,79.5050208166,3014.17819958,62.1431202528,0.0
1547,2020,3375,ARK,D1 Southeastern Conference,5310,GC,108862057,2020-03-11 13:00:00,9,0,0,0,1300259184,P. Pallette,R,FA,L,-1.80634777377,2.52196443494,16.6130900167,8.54534185746,5.3329978163,B,BB,-1.61712941339,6.07617176081,91.0096626038,2322.05695059,207.175032746,0.13
1548,2020,3375,ARK,D1 Southeastern Conference,5310,GC,108862057,2020-03-11 13:00:00,9,1,0,0,1300259184,P. Pallette,R,FA,L,-0.29808736434,2.78201235309,20.6363391832,8.62496068283,5.60715033957,F,BB,-1.50085045602,6.30803914307,92.5797089113,2502.94774098,202.652056765,-0.15
1549,2020,3375,ARK,D1 Southeastern Conference,5310,GC,108862057,2020-03-11 13:00:00,9,1,1,0,1300259184,P. Pallette,R,FA,L,-0.150410495314,1.18303060907,14.747709227,8.8313295842,5.727760433,B,BB,-1.67577700861,6.09883414079,92.7968906847,2466.60240249,210.861791943,0.13
1550,2020,3375,ARK,D1 Southeastern Conference,5310,GC,108862057,2020-03-11 13:00:00,9,2,1,0,1300259184,P. Pallette,R,FA,L,-1.48174313501,2.42942633555,16.6698275746,9.07736782778,5.68719960687,B,BB,-1.50879233259,6.05866251526,92.3687298142,2497.53416944,208.525274004,0.13
1551,2020,3375,ARK,D1 Southeastern Conference,5310,GC,108862057,2020-03-11 13:00:00,9,3,1,0,1300259184,P. Pallette,R,FA,L,0.754797957304,1.43445150217,16.9501500368,6.488748425,5.80209957172,B,BB,-1.32498948782,6.10416085805,91.6189749814,2412.96813373,200.912069689,0.8
1552,2020,3375,ARK,D1 Southeastern Conference,5310,GC,108862057,2020-03-11 13:00:00,9,0,0,0,1300259184,P. Pallette,R,FA,L,-1.02032385403,2.92651074813,17.9649401095,7.81641117951,5.684266617,SL,FC,-1.77353398083,6.1718439325,91.497743207,2385.22486483,203.476621062,-0.15
1553,2020,3375,ARK,D1 Southeastern Conference,5310,GC,108862057,2020-03-11 13:00:00,9,0,1,0,1300259184,P. Pallette,R,FA,L,-0.740936012442,2.57533410317,18.3041192803,12.0549334842,5.56124193953,SL,FC,-1.54582851366,6.26311017741,91.9707750281,2448.8677424,213.32328323,-0.15
1554,2020,3375,ARK,D1 Southeastern Conference,5310,GC,108862057,2020-03-11 13:00:00,9,0,2,0,1300259184,P. Pallette,R,CU,L,1.45324297595,1.120504217,-8.08375082145,-13.9258522594,5.32020068889,B,FC,-1.64956029748,5.85023918346,79.4346285313,2982.41594865,59.9982995914,0.13
1555,2020,3375,ARK,D1 Southeastern Conference,5310,GC,108862057,2020-03-11 13:00:00,9,1,2,0,1300259184,P. Pallette,R,FA,L,0.162181194217,1.58874763741,16.063645027,11.9506450895,5.79135798023,F,FC,-1.71733262213,6.09576555954,92.2469635512,2430.31123524,216.594596875,0.0
1556,2020,3375,ARK,D1 Southeastern Conference,5310,GC,108862057,2020-03-11 13:00:00,9,1,2,0,1300259184,P. Pallette,R,FA,L,0.722932328221,3.05889061022,17.0610741557,8.15033287469,5.81443165159,IP,FC,-1.65161252403,6.11988703271,91.9915321108,2441.91244336,205.493888138,-0.21
1557,2020,3375,ARK,D1 Southeastern Conference,5310,GC,108862057,2020-03-11 13:00:00,9,0,0,1,1300259184,P. Pallette,R,FA,L,-1.56373453825,2.05548826671,15.1454285588,11.8077375445,5.43188107174,B,BB,-1.86502831548,6.08922036275,91.3952194126,2426.72987544,217.882563703,0.13
1558,2020,3375,ARK,D1 Southeastern Conference,5310,GC,108862057,2020-03-11 13:00:00,9,1,0,1,1300259184,P. Pallette,R,FA,L,-1.2376099073,3.52779498327,16.1855414716,10.7816197795,5.76004403585,B,BB,-1.68091542173,6.02699454019,91.572936904,2424.1161775,213.617535987,0.13
1559,2020,3375,ARK,D1 Southeastern Conference,5310,GC,108862057,2020-03-11 13:00:00,9,2,0,1,1300259184,P. Pallette,R,FA,L,-1.43651917453,2.97898455215,15.9228555682,10.54166116,5.789735403,B,BB,-1.84026251392,6.17098840918,90.920596686,2507.71867531,213.453835832,0.13
1560,2020,3375,ARK,D1 Southeastern Conference,5310,GC,108862057,2020-03-11 13:00:00,9,3,0,1,1300259184,P. Pallette,R,FA,L,-1.54815149429,3.49406349792,18.8124791695,11.3049259371,5.61915034966,B,BB,-1.94767201138,6.21693389377,91.6846085719,2475.70421783,210.960225939,0.8
1561,2020,3375,ARK,D1 Southeastern Conference,5310,GC,108862057,2020-03-11 13:00:00,9,0,0,1,1300259184,P. Pallette,R,FA,R,0.83492794658,2.66963585839,15.9074346034,8.00464016289,5.80102945483,SL,DP,-1.6220521527,6.14486704648,91.6822762294,2488.75898652,206.666242061,-0.15
1562,2020,3375,ARK,D1 Southeastern Conference,5310,GC,108862057,2020-03-11 13:00:00,9,0,1,1,1300259184,P. Pallette,R,FA,R,0.0347737167062,2.12035190463,17.0745325326,11.7800815083,5.84073021022,SL,DP,-1.82587789304,6.14611320953,91.1099603487,2468.68218191,214.552852418,-0.15
1563,2020,3375,ARK,D1 Southeastern Conference,5310,GC,108862057,2020-03-11 13:00:00,9,0,2,1,1300259184,P. Pallette,R,FA,R,0.360028053472,3.60745305089,18.3974594192,8.00509723841,5.76851254991,F,DP,-1.47784597318,6.19762861383,91.0898554401,2487.83920641,203.478511004,0.0
1564,2020,3375,ARK,D1 Southeastern Conference,5310,GC,108862057,2020-03-11 13:00:00,9,0,2,1,1300259184,P. Pallette,R,CU,R,1.30226688609,2.49986340351,-7.15488179887,-9.74287620414,5.38505843399,B,DP,-2.02711673714,5.87882926257,78.5674273168,2934.19821509,53.8747839909,0.13
1565,2020,3375,ARK,D1 Southeastern Conference,5310,GC,108862057,2020-03-11 13:00:00,9,1,2,1,1300259184,P. Pallette,R,CU,R,0.663596569109,0.87759469557,-6.89821320823,-11.9639585988,5.38892112358,F,DP,-1.94030754214,5.87306968351,79.0013202897,2919.69227799,60.1882201835,0.0
1566,2020,3375,ARK,D1 Southeastern Conference,5310,GC,108862057,2020-03-11 13:00:00,9,1,2,1,1300259184,P. Pallette,R,FA,R,0.229807119456,2.6894786312,17.4349512251,9.83950833492,5.68281900003,F,DP,-1.63571215403,6.05036742787,91.7875364058,2426.78821761,209.394530416,0.0
1567,2020,3375,ARK,D1 Southeastern Conference,5310,GC,108862057,2020-03-11 13:00:00,9,1,2,1,1300259184,P. Pallette,R,CU,R,1.01988448106,2.68443320828,-6.12963063601,-12.3533417898,5.41041162451,IP,DP,-1.74136045947,5.97262875714,79.0274085348,2929.48853595,63.771926964,-0.21
1568,2020,3375,ARK,D1 Southeastern Conference,5310,GC,255105905,2020-03-10 13:00:00,1,0,0,0,1084214784,W. McEntire,R,FA,L,-1.15187398357,2.84817019033,18.9237209364,6.95549968823,5.69280839292,SL,K,-1.9985374745,6.7259634538,85.9970243128,2115.18501731,200.145882058,-0.15
1569,2020,3375,ARK,D1 Southeastern Conference,5310,GC,255105905,2020-03-10 13:00:00,1,0,1,0,1084214784,W. McEntire,R,FC,L,-0.336637078657,1.24013719052,4.24097710737,0.181240369147,5.11317907006,B,K,-2.11870756843,6.78003952864,83.7738815615,2479.30107024,182.42497187,0.13
1570,2020,3375,ARK,D1 Southeastern Conference,5310,GC,255105905,2020-03-10 13:00:00,1,1,1,0,1084214784,W. McEntire,R,FC,L,0.435771809991,2.60761773854,3.55781421265,-1.52642757631,5.08405905986,SL,K,-2.14132955957,6.65761484487,81.002732543,2425.83960621,157.021934978,-0.15
1571,2020,3375,ARK,D1 Southeastern Conference,5310,GC,255105905,2020-03-10 13:00:00,1,1,2,0,1084214784,W. McEntire,R,FC,L,0.514428708275,1.35290877188,6.22773259754,0.0197164622908,5.3257206106,SS,K,-2.10756835673,6.60792879061,83.2014328393,2514.94019512,180.180281425,-0.15
1572,2020,3375,ARK,D1 Southeastern Conference,5310,GC,255105905,2020-03-10 13:00:00,1,0,0,1,1084214784,W. McEntire,R,FC,L,-0.314270587124,1.96428976888,5.80444624439,5.37572924912,5.25376836521,IP,S,-2.12992100622,6.66425874245,83.554873689,2427.20652274,222.618981933,1.0
1573,2020,3375,ARK,D1 Southeastern Conference,5310,GC,255105905,2020-03-10 13:00:00,1,0,0,1,1084214784,W. McEntire,R,FA,L,-2.63820000355,2.52200299841,15.0931653558,13.7668505826,5.80420788288,B,IP_OUT,-2.00566404389,6.90810707315,87.7733832904,2253.5426,222.303953964,0.13
1574,2020,3375,ARK,D1 Southeastern Conference,5310,GC,255105905,2020-03-10 13:00:00,1,0,0,2,1084214784,W. McEntire,R,FC,R,0.281624886812,2.06550094767,2.15040955751,-0.39064922652,5.41934388525,SS,NO_PLAY,-2.28674611236,6.72445283334,83.2280675509,2557.24352347,169.884459664,-0.15
1575,2020,3375,ARK,D1 Southeastern Conference,5310,GC,255105905,2020-03-10 13:00:00,2,0,0,1,1084214784,W. McEntire,R,FA,L,-0.204383521317,2.35321326579,18.5108533107,9.72906892517,5.83462433014,SL,IP_OUT,-1.7399398368,6.97182669123,87.8922825846,2258.87375429,207.681909351,-0.15
1576,2020,3375,ARK,D1 Southeastern Conference,5310,GC,255105905,2020-03-10 13:00:00,2,0,1,1,1084214784,W. McEntire,R,CU,L,-0.559332758149,2.68397371847,-5.17723196379,-3.10293029667,4.79676319409,SL,IP_OUT,-1.82858686634,6.76761529308,76.6717414519,2419.64616647,31.1640253987,-0.15
1577,2020,3375,ARK,D1 Southeastern Conference,5310,GC,255105905,2020-03-10 13:00:00,2,0,2,1,1084214784,W. McEntire,R,FA,L,-0.730208932713,3.97544379797,21.0517615077,3.755929253,5.84725023763,F,IP_OUT,-1.86276475905,6.89084993514,87.7811418855,2245.76922164,190.09981389,0.0
1578,2020,3375,ARK,D1 Southeastern Conference,5310,GC,255105905,2020-03-10 13:00:00,2,0,0,2,1084214784,W. McEntire,R,FC,R,0.76269167301,2.36312028364,2.90838459713,-2.35656829213,5.15831885724,IP,S,-1.99239797758,6.70009091558,82.4292254402,2400.18301712,141.371007712,1.0
1579,2020,3375,ARK,D1 Southeastern Conference,5310,GC,255105905,2020-03-10 13:00:00,2,0,0,2,1084214784,W. McEntire,R,FA,L,-1.56841042749,3.54982792842,17.5487262191,8.12354960149,5.92496449402,B,S,-1.94332681966,6.87503861567,86.2432751037,2218.36228404,204.795922431,0.13
1580,2020,3375,ARK,D1 Southeastern Conference,5310,GC,255105905,2020-03-10 13:00:00,2,1,0,2,1084214784,W. McEntire,R,FA,L,-0.57796167454,2.11776014098,19.382468936,4.80693044603,5.95755277724,IP,S,-1.99685192718,6.87759916385,85.6195891524,2112.56375767,193.903834391,1.0
1581,2020,3375,ARK,D1 Southeastern Conference,5310,GC,255105905,2020-03-10 13:00:00,3,0,0,0,1084214784,W. McEntire,R,FC,R,0.343892344369,0.520706116287,-0.85325305742,4.3444225696,5.38954929644,B,HR,-2.23751883968,6.57999106081,82.4119817065,2403.25407835,280.603041011,0.13
1582,2020,3375,ARK,D1 Southeastern Conference,5310,GC,255105905,2020-03-10 13:00:00,3,1,0,0,1084214784,W. McEntire,R,FA,R,-0.292109822923,1.71686871876,18.2225966855,13.2474783612,5.51207325877,SL,HR,-1.79694195336,6.88681079898,87.3352594208,2287.29834644,215.964203007,-0.15
1583,2020,3375,ARK,D1 Southeastern Conference,5310,GC,255105905,2020-03-10 13:00:00,3,1,1,0,1084214784,W. McEntire,R,FC,R,0.758166235549,0.100438179535,0.222247980067,7.31790234288,5.18893736143,B,HR,-1.99335205826,6.72004469339,81.5545888676,2358.12421805,267.942849591,0.13
1584,2020,3375,ARK,D1 Southeastern Conference,5310,GC,255105905,2020-03-10 13:00:00,3,2,1,0,1084214784,W. McEntire,R,FA,R,-0.425842839494,4.99564803628,19.4729308002,6.48845655698,5.6783435803,B,HR,-1.5915546921,7.04199660652,87.6261214861,2301.59569004,198.397521028,0.13
1585,2020,3375,ARK,D1 Southeastern Conference,5310,GC,255105905,2020-03-10 13:00:00,3,3,1,0,1084214784,W. McEntire,R,FC,R,-0.450388857937,2.46915164355,2.80081560881,3.67604422076,5.04327524894,IP,HR,-2.2321236785,6.66569467166,80.7947937779,2403.96661167,232.287486228,1.76
1586,2020,3375,ARK,D1 Southeastern Conference,5310,GC,255105905,2020-03-10 13:00:00,3,0,0,0,1084214784,W. McEntire,R,FA,R,-0.876469635698,3.33359503963,14.3197376105,12.09697517,5.72873780183,F,K,-1.78021036009,6.9182075638,87.7895595578,2327.02290281,220.122931042,-0.15
1587,2020,3375,ARK,D1 Southeastern Conference,5310,GC,255105905,2020-03-10 13:00:00,3,0,1,0,1084214784,W. McEntire,R,FC,R,-0.351835537481,2.64005237625,3.2781025849,0.863469103656,5.2433360708,SL,K,-1.97341101033,6.76640688817,83.0924928734,2481.21444397,194.593178341,-0.15
1588,2020,3375,ARK,D1 Southeastern Conference,5310,GC,255105905,2020-03-10 13:00:00,3,0,2,0,1084214784,W. McEntire,R,CU,R,-1.13245360363,1.33576105439,2.2518077019,-3.29929333607,4.92454242803,F,K,-1.71597740884,6.81772528647,77.4956353249,2354.34928363,124.851302403,0.0
1589,2020,3375,ARK,D1 Southeastern Conference,5310,GC,255105905,2020-03-10 13:00:00,3,0,2,0,1084214784,W. McEntire,R,FC,R,-0.188757396677,3.46908289947,1.18530058076,2.14674767091,5.16602948223,SL,K,-2.05052445573,6.77160261328,83.2654780605,2419.05695909,240.289810159,-0.15
1590,2020,3375,ARK,D1 Southeastern Conference,5310,GC,255105905,2020-03-10 13:00:00,3,0,0,2,1084214784,W. McEntire,R,FA,L,-0.668898447964,2.63916916821,16.0668855014,8.01401661366,6.14878019786,SL,IP_OUT,-1.83624260289,6.82393560367,88.3351872197,2306.57019747,206.46208841,-0.15
1591,2020,3375,ARK,D1 Southeastern Conference,5310,GC,255105905,2020-03-10 13:00:00,3,0,1,2,1084214784,W. McEntire,R,FA,L,-1.28364656929,2.23738630692,21.7088860158,5.90768490116,6.00600163265,B,IP_OUT,-1.34845538555,7.04521505866,89.1899657985,2299.50626149,195.20123597,0.13
1592,2020,3375,ARK,D1 Southeastern Conference,5310,GC,255105905,2020-03-10 13:00:00,4,0,0,0,1084214784,W. McEntire,R,FA,L,-0.823008070701,1.72925494069,16.2315388925,6.14203859833,5.99223737873,SL,S,-1.99813088681,6.82272551876,86.286839438,2239.48167514,200.685812529,-0.15
1593,2020,3375,ARK,D1 Southeastern Conference,5310,GC,255105905,2020-03-10 13:00:00,4,0,1,0,1084214784,W. McEntire,R,FA,L,-0.0892376361986,2.69752805792,21.6812368984,4.10992381627,5.734287808,F,S,-1.90870238696,6.88992256921,87.2775473895,2248.94097493,190.716845976,-0.15
1594,2020,3375,ARK,D1 Southeastern Conference,5310,GC,255105905,2020-03-10 13:00:00,4,0,2,0,1084214784,W. McEntire,R,CU,L,-1.28145448784,2.49591385811,-2.93204016098,-1.8445733627,4.81689505241,IP,S,-2.01346492884,6.67044502722,77.1482757128,2403.38363939,32.5861735591,1.0
1595,2020,3375,ARK,D1 Southeastern Conference,5310,GC,255105905,2020-03-10 13:00:00,4,0,0,0,1084214784,W. McEntire,R,FC,R,0.386584582743,2.11091451908,8.80906334668,2.90390040554,5.28689192334,IP,DP,-2.04023781164,6.88476300248,82.9306068265,2462.95753985,198.171214468,-0.21
1596,2020,3375,ARK,D1 Southeastern Conference,5310,GC,255105905,2020-03-10 13:00:00,4,0,0,2,1084214784,W. McEntire,R,FC,L,-0.619745493335,1.34588953552,6.98611712145,-3.39256670687,5.47476591604,SL,K,-2.14197080839,6.63469519238,83.5094480014,2504.03711337,154.221239462,-0.15
1597,2020,3375,ARK,D1 Southeastern Conference,5310,GC,255105905,2020-03-10 13:00:00,4,0,1,2,1084214784,W. McEntire,R,FC,L,-1.82979212685,2.62373785832,1.06639846883,1.97031689226,5.06731293884,B,K,-2.10688324206,6.72771810485,81.70501233,2416.89072203,240.672505408,0.13
1598,2020,3375,ARK,D1 Southeastern Conference,5310,GC,255105905,2020-03-10 13:00:00,4,1,1,2,1084214784,W. McEntire,R,FC,L,-0.0755156631629,0.516522563821,-1.04567018028,-0.40528030988,5.24172057209,SS,K,-1.84690707943,6.71600210554,82.9479664008,2520.65398489,21.9390246525,-0.15
1599,2020,3375,ARK,D1 Southeastern Conference,5310,GC,255105905,2020-03-10 13:00:00,4,1,2,2,1084214784,W. McEntire,R,FC,L,-0.143187080713,1.60506606606,1.52340302199,3.55447028484,5.31657930185,F,K,-2.14417241085,6.62199323312,83.2121470604,2463.80449794,246.276860182,0.0
1600,2020,3375,ARK,D1 Southeastern Conference,5310,GC,255105905,2020-03-10 13:00:00,4,1,2,2,1084214784,W. McEntire,R,CU,L,-1.63871218492,1.16716169075,-1.94220404272,-4.07282061058,5.14709973201,B,K,-1.94161843131,6.64863477829,78.8290009563,2497.99098669,65.0010571245,0.13
1601,2020,3375,ARK,D1 Southeastern Conference,5310,GC,255105905,2020-03-10 13:00:00,4,2,2,2,1084214784,W. McEntire,R,FA,L,-0.28059996839,2.05487160668,13.7117581288,10.2120315301,5.79270776707,SS,K,-1.64567644047,6.86588817785,88.368432213,2372.95208478,216.610512731,-0.15
1602,2020,3375,ARK,D1 Southeastern Conference,5310,GC,255105905,2020-03-10 13:00:00,5,0,0,1,1084214784,W. McEntire,R,FA,L,-0.802152482813,1.54759692917,16.290367581,9.46320087694,6.04609318457,SL,IP_OUT,-1.69733350817,6.82468388105,87.2735576679,2392.80999131,210.100582126,-0.15
1603,2020,3375,ARK,D1 Southeastern Conference,5310,GC,255105905,2020-03-10 13:00:00,5,0,1,1,1084214784,W. McEntire,R,FA,L,-0.509051474679,2.05847405727,16.6010436189,12.3979613114,5.83150614304,SL,IP_OUT,-1.51096708099,6.87384910901,88.1425777925,2383.37360512,216.697484196,-0.15
1604,2020,3375,ARK,D1 Southeastern Conference,5310,GC,255105905,2020-03-10 13:00:00,5,0,2,1,1084214784,W. McEntire,R,CU,L,-3.2235830699,3.92929989083,-2.02840683779,-4.07642903225,4.91859006841,B,IP_OUT,-2.17843322135,6.69141779614,76.2652169856,2492.78124849,64.074864363,0.13
1605,2020,3375,ARK,D1 Southeastern Conference,5310,GC,255105905,2020-03-10 13:00:00,5,1,2,1,1084214784,W. McEntire,R,FA,L,-1.18389434435,3.24829132718,23.6142021007,7.61855353191,5.78317468585,F,IP_OUT,-1.62263097887,7.04480290071,88.9965269551,2415.20502845,197.857433856,0.0
1606,2020,3375,ARK,D1 Southeastern Conference,5310,GC,255105905,2020-03-10 13:00:00,5,1,2,1,1084214784,W. McEntire,R,FA,L,-1.35337057482,4.34976898763,15.2971614638,11.2199992499,5.52836554235,B,IP_OUT,-1.75877727952,6.77730774343,88.8545936091,2309.52218281,216.198624087,0.13
1607,2020,3375,ARK,D1 Southeastern Conference,5310,GC,255105905,2020-03-10 13:00:00,5,2,2,1,1084214784,W. McEntire,R,FC,L,-0.45645382622,1.39406355244,3.34238278031,3.41880328326,5.29181028938,F,IP_OUT,-2.00717611857,6.74671250844,83.0070946591,2450.8095565,225.314333478,0.0
1608,2020,3375,ARK,D1 Southeastern Conference,5310,GC,255105905,2020-03-10 13:00:00,5,2,2,1,1084214784,W. McEntire,R,FA,L,0.240433574177,4.33038594193,20.1748365948,3.78703587076,5.8334978041,B,IP_OUT,-1.84997162216,6.88748025964,87.9822250912,2316.60700109,190.613848994,0.13
1609,2020,3375,ARK,D1 Southeastern Conference,5310,GC,255105905,2020-03-10 13:00:00,5,0,0,2,1084214784,W. McEntire,R,FA,R,0.154904889581,2.74642533142,18.5995922581,6.27965657606,5.57431364985,SL,IP_OUT,-1.52077421918,7.04268181927,86.7544428018,2307.16033967,198.622953822,-0.15
1610,2020,3375,ARK,D1 Southeastern Conference,5310,GC,255105905,2020-03-10 13:00:00,5,0,1,2,1084214784,W. McEntire,R,FC,R,0.110461548658,0.00811190018977,1.06412255914,1.84021847314,5.27004675734,B,IP_OUT,-2.01724423971,6.762663833,82.5974549439,2546.48100169,239.049343958,0.13
1611,2020,3375,ARK,D1 Southeastern Conference,5310,GC,255105905,2020-03-10 13:00:00,6,0,0,0,1084214784,W. McEntire,R,FC,R,0.331275729856,1.33965256848,-2.10951535017,3.4372366951,5.24147494267,SS,IP_OUT,-2.01811814415,6.56687684916,81.9187132786,2393.73824162,301.04926795,-0.15
1612,2020,3375,ARK,D1 Southeastern Conference,5310,GC,255105905,2020-03-10 13:00:00,6,0,1,0,1084214784,W. McEntire,R,FC,R,1.28981791529,1.51380044571,1.42808477532,1.8115250655,5.38154985327,B,IP_OUT,-1.80680484898,6.62285331068,82.3655502659,2414.35654449,230.98990478,0.13
1613,2020,3375,ARK,D1 Southeastern Conference,5310,GC,255105905,2020-03-10 13:00:00,6,1,1,0,1084214784,W. McEntire,R,FC,R,-0.0583676529388,2.29758699691,0.709675313416,2.63406772197,5.34299292144,SS,IP_OUT,-2.14051711087,6.66770662372,81.8675197821,2337.92838288,254.114138616,-0.15
1614,2020,3375,ARK,D1 Southeastern Conference,5310,GC,255105905,2020-03-10 13:00:00,6,0,0,1,1084214784,W. McEntire,R,FA,L,-1.14616919428,3.1371916862,15.3778879139,12.6925895758,5.79614137716,SL,S,-1.8825976566,6.93129251292,88.4879446574,2336.39267036,219.47403869,-0.15
1615,2020,3375,ARK,D1 Southeastern Conference,5310,GC,255105905,2020-03-10 13:00:00,6,0,1,1,1084214784,W. McEntire,R,FA,L,-0.550320893235,2.76382287352,12.845315231,9.43604515846,6.08961530247,IP,S,-1.7124381129,6.82634147562,88.2156909257,2311.85605374,216.229669853,1.0
1616,2020,3375,ARK,D1 Southeastern Conference,5310,GC,255105905,2020-03-10 13:00:00,6,0,0,1,1084214784,W. McEntire,R,FA,L,-0.97953017209,4.47579018773,19.2159873826,0.451775465922,5.69578876443,B,IP_OUT,-1.92290427957,6.93589630473,86.2845142917,2255.27951887,181.344312599,0.13
1617,2020,3375,ARK,D1 Southeastern Conference,5310,GC,255105905,2020-03-10 13:00:00,6,0,0,2,1084214784,W. McEntire,R,CU,L,-1.82710419493,1.89722817122,-5.0319492254,0.481807930962,4.87875441823,B,S,-2.22526359794,6.82490049985,77.0139774557,2397.33501647,354.480406439,0.13
1618,2020,3375,ARK,D1 Southeastern Conference,5310,GC,255105905,2020-03-10 13:00:00,6,1,0,2,1084214784,W. McEntire,R,FA,L,-0.890426341969,1.81294076729,19.2082611307,2.32812026729,6.04214923595,SL,S,-1.83192843789,6.92247549169,86.3975524635,2202.61892332,186.898352296,-0.15
1619,2020,3375,ARK,D1 Southeastern Conference,5310,GC,255105905,2020-03-10 13:00:00,6,1,1,2,1084214784,W. McEntire,R,FC,L,-0.494325487374,2.66413352638,20.1721806919,1.47721170739,5.85587160399,IP,S,-1.78549939522,6.95971556003,85.9026446201,2281.55470273,184.18093779,1.0
1620,2020,3375,ARK,D1 Southeastern Conference,5310,GC,255105905,2020-03-10 13:00:00,6,0,0,2,1084214784,W. McEntire,R,CU,R,0.185117621612,0.915969293959,6.1717927377,3.1308038482,5.48877806597,B,IP_OUT,-2.16242147738,6.847654047,82.7466725253,2410.54912716,206.749872265,0.13
1621,2020,3375,ARK,D1 Southeastern Conference,5310,GC,255105905,2020-03-10 13:00:00,6,1,0,2,1084214784,W. McEntire,R,FC,R,0.100282702799,2.97415300911,3.78701267263,0.645812090099,5.28405544976,SL,IP_OUT,-2.09933880754,6.70462038604,82.1425251202,2382.58477387,189.578440727,-0.15
1622,2020,3375,ARK,D1 Southeastern Conference,5310,GC,255105905,2020-03-10 13:00:00,6,1,1,2,1084214784,W. McEntire,R,FC,R,0.520735410959,0.863220158284,4.35805963883,1.33927335703,5.40310846387,SS,IP_OUT,-2.12227365095,6.75099932839,82.5495483558,2465.48704876,196.941031076,-0.15
1623,2020,3375,ARK,D1 Southeastern Conference,5310,GC,255105905,2020-03-10 13:00:00,6,1,2,2,1084214784,W. McEntire,R,FC,R,0.0748558698049,2.20175945956,1.35272220933,3.79622938092,5.60624271014,F,IP_OUT,-2.13652825484,6.62238426314,83.2709799784,2528.49506348,249.870875827,0.0
1624,2020,3375,ARK,D1 Southeastern Conference,5310,GC,255105905,2020-03-10 13:00:00,7,0,0,0,1764765106,C. Monke,L,FA,L,1.23588786721,2.51734113407,15.5225050224,-1.71271269543,5.84673803412,B,K,1.44134247662,6.28181957387,90.3886768592,2084.69473884,173.716515472,0.13
1625,2020,3375,ARK,D1 Southeastern Conference,5310,GC,255105905,2020-03-10 13:00:00,7,1,0,0,1764765106,C. Monke,L,FA,L,0.193797941138,2.05508362055,18.5102443007,-1.64869876416,5.955569942,SL,K,1.30033243976,6.15945279529,91.0190650363,2222.91389097,174.918765563,-0.15
1626,2020,3375,ARK,D1 Southeastern Conference,5310,GC,255105905,2020-03-10 13:00:00,7,1,1,0,1764765106,C. Monke,L,FA,L,-0.13664401216,2.33593583359,15.0358168049,-0.199844236026,5.86476613159,SS,K,1.21633090789,6.21150557425,91.4380195078,2143.817378,179.240098269,-0.15
1627,2020,3375,ARK,D1 Southeastern Conference,5310,GC,255105905,2020-03-10 13:00:00,7,1,2,0,1764765106,C. Monke,L,FA,L,-1.55254011859,0.424237489114,15.846659706,-4.52271954381,6.00683651984,B,K,1.22829145384,6.15108580176,91.2421894023,2060.35995659,164.101106498,0.13
1628,2020,3375,ARK,D1 Southeastern Conference,5310,GC,255105905,2020-03-10 13:00:00,7,2,2,0,1764765106,C. Monke,L,FA,L,0.799941630313,2.84665036424,18.1100328609,-3.87181564971,5.93727002709,SL,K,1.31207703204,6.35202131674,90.676502853,2028.27205893,167.952750585,-0.15
1629,2020,3375,ARK,D1 Southeastern Conference,5310,GC,255105905,2020-03-10 13:00:00,7,0,0,1,1764765106,C. Monke,L,CU,R,1.11991924901,1.50662868196,-5.35507542963,8.94009091019,5.10063852205,B,S,1.5951085804,6.27440772672,78.2715015804,2323.5934962,300.711086092,0.13
1630,2020,3375,ARK,D1 Southeastern Conference,5310,GC,255105905,2020-03-10 13:00:00,7,1,0,1,1764765106,C. Monke,L,FA,R,-0.404728947537,2.39105623816,14.2348064701,5.10833699684,5.65247509367,F,S,1.2023976005,6.28859780744,90.2200303726,2302.3374548,199.699749124,-0.15
1631,2020,3375,ARK,D1 Southeastern Conference,5310,GC,255105905,2020-03-10 13:00:00,7,1,1,1,1764765106,C. Monke,L,FA,R,-0.566369172201,1.69789521104,10.9799632627,-0.793347990955,5.94736537526,F,S,1.44079195334,6.15863668226,90.4791465511,2158.27034296,175.879219616,-0.15
1632,2020,3375,ARK,D1 Southeastern Conference,5310,GC,255105905,2020-03-10 13:00:00,7,1,2,1,1764765106,C. Monke,L,FA,R,0.414340391039,3.07550728803,15.1639719354,-1.88173268828,5.69938163957,IP,S,1.2836642959,6.39553475218,90.4630107726,2299.91633785,172.94100695,1.0
1633,2020,3375,ARK,D1 Southeastern Conference,5310,GC,255105905,2020-03-10 13:00:00,7,0,0,1,1764765106,C. Monke,L,CU,L,0.941905045113,2.40467120193,-3.78826503856,6.32352321909,5.28930274761,SL,K,1.5315430708,6.14506269651,77.2522233907,2142.02237275,300.624925906,-0.15
1634,2020,3375,ARK,D1 Southeastern Conference,5310,GC,255105905,2020-03-10 13:00:00,7,0,1,1,1764765106,C. Monke,L,FA,L,-1.09238274842,1.0991124345,7.45217115365,-2.24366880848,5.91416863505,B,K,1.33996835946,6.11988758523,89.8362911028,1959.46757293,163.312331142,0.13
1635,2020,3375,ARK,D1 Southeastern Conference,5310,GC,255105905,2020-03-10 13:00:00,7,1,1,1,1764765106,C. Monke,L,CU,L,-1.29038812958,1.5608808544,-0.535809681779,13.3572168904,5.08463321593,B,K,1.18895609605,6.24244072479,76.9764409842,2137.00075663,272.099390787,0.13
1636,2020,3375,ARK,D1 Southeastern Conference,5310,GC,255105905,2020-03-10 13:00:00,7,2,1,1,1764765106,C. Monke,L,FA,L,-0.971301536738,3.16840050456,13.5525923261,-1.93742270648,5.8787751919,SL,K,1.22234478221,6.25755154846,89.7851004453,2169.22596666,171.883522048,-0.15
1637,2020,3375,ARK,D1 Southeastern Conference,5310,GC,255105905,2020-03-10 13:00:00,7,2,2,1,1764765106,C. Monke,L,CU,L,-1.22393213997,0.985067955641,-11.1876396746,9.24685293464,5.18165726045,SS,K,1.25445165554,6.04245416664,79.276297992,2125.71071122,320.317438613,-0.15
1638,2020,3375,ARK,D1 Southeastern Conference,5310,GC,255105905,2020-03-10 13:00:00,7,0,0,2,1764765106,C. Monke,L,CU,R,1.09655534926,1.53004986472,-6.51499401895,13.2843458813,5.19817244622,B,IP_OUT,1.51740525984,6.08382126824,77.2866565269,2264.61486029,295.967297474,0.13
1639,2020,3375,ARK,D1 Southeastern Conference,5310,GC,255105905,2020-03-10 13:00:00,8,1,0,0,1764765106,C. Monke,L,FA,R,0.621449715389,1.34468511665,8.53007591854,-2.19027567449,5.79185052193,B,IP_OUT,1.4264433613,6.12417005667,89.393720535,2059.99280349,165.651921592,0.13
1640,2020,3375,ARK,D1 Southeastern Conference,5310,GC,255105905,2020-03-10 13:00:00,8,0,0,1,1764765106,C. Monke,L,CH,R,1.39279456232,0.518949397535,5.71141462033,-14.3879739564,5.59373445167,B,IP_OUT,1.50731577237,6.12305803446,86.5504621207,1485.85330726,111.773138959,0.13
1641,2020,3375,ARK,D1 Southeastern Conference,5310,GC,255105905,2020-03-10 13:00:00,8,1,0,1,1764765106,C. Monke,L,FA,R,-1.46312761615,2.11753633504,6.20016953578,0.390088125313,5.92737648031,B,IP_OUT,1.29937038618,5.88148027505,88.5505214169,2064.34162044,183.581173786,0.13
1642,2020,3375,ARK,D1 Southeastern Conference,5310,GC,255105905,2020-03-10 13:00:00,9,0,0,0,1764765106,C. Monke,L,FA,L,0.712940196565,1.0040752864,12.988885319,-10.698532432,5.74350619362,B,IP_OUT,1.44704869876,6.24015670212,90.4639178975,2017.65248173,140.593106944,0.13
1643,2020,3375,ARK,D1 Southeastern Conference,5310,GC,255105905,2020-03-10 13:00:00,9,1,0,0,1764765106,C. Monke,L,FA,L,-0.602551471265,1.98296446136,14.7782050822,-2.14986538494,5.87655896461,F,IP_OUT,1.23293056435,6.12629723374,89.0034652403,2273.2793766,171.741260035,-0.15
1644,2020,3375,ARK,D1 Southeastern Conference,5310,GC,255105905,2020-03-10 13:00:00,9,1,1,0,1764765106,C. Monke,L,CU,L,0.770376158707,1.86468123404,-5.0187146496,11.8012270938,4.99863197146,SL,IP_OUT,1.33432136951,6.10365698744,78.0385396425,2192.66944845,292.85302615,-0.15
1645,2020,3375,ARK,D1 Southeastern Conference,5310,GC,255105905,2020-03-10 13:00:00,9,0,0,1,1764765106,C. Monke,L,FA,R,0.963807285411,3.64839581126,15.0682549275,2.32945339322,5.71265513838,B,IP_OUT,1.44053575163,6.18625199949,88.3413625879,2280.35099921,188.76869548,0.13
1646,2020,3375,ARK,D1 Southeastern Conference,5310,GC,255105905,2020-03-10 13:00:00,9,1,0,1,1764765106,C. Monke,L,FA,R,-0.70265351285,1.99237155289,7.63184615445,3.13744534948,5.72660377114,SS,IP_OUT,1.54744496348,5.95441732922,87.5686176853,2287.86570816,202.257267044,-0.15
1647,2020,3375,ARK,D1 Southeastern Conference,5310,GC,255105905,2020-03-10 13:00:00,9,0,0,2,1764765106,C. Monke,L,FA,R,0.0732847474837,2.98503232335,9.12229482533,-1.10113119326,5.76783569486,F,K,1.7971998651,6.11771453567,88.2055491019,2214.500378,173.142391852,-0.15
1648,2020,3375,ARK,D1 Southeastern Conference,5310,GC,255105905,2020-03-10 13:00:00,9,0,1,2,1764765106,C. Monke,L,FA,R,-0.263481968242,1.60837654143,15.2814477129,1.36122162912,5.86675202863,SL,K,1.10575183235,6.16676190164,88.4233203363,2097.41547291,185.079216719,-0.15
1649,2020,3375,ARK,D1 Southeastern Conference,5310,GC,255105905,2020-03-10 13:00:00,9,0,2,2,1764765106,C. Monke,L,CH,R,0.378293070818,-0.462249106654,12.6601548166,-1.06556133848,5.59928322705,B,K,1.380913533,6.00846211067,86.783875926,1466.05316773,175.202373505,0.13
1650,2020,3375,ARK,D1 Southeastern Conference,5310,GC,255105905,2020-03-10 13:00:00,9,1,2,2,1764765106,C. Monke,L,FA,R,0.231548665727,3.45894078383,10.43147939,3.62843789805,5.74717199565,F,K,1.26742289379,6.18144104905,87.2466277655,2182.94827581,199.120709945,0.0
1651,2020,3375,ARK,D1 Southeastern Conference,5310,GC,255105905,2020-03-10 13:00:00,9,1,2,2,1764765106,C. Monke,L,FA,R,-0.0591833150226,1.14670278428,9.57969283704,2.09326501125,6.16024411283,F,K,1.31176386342,6.09172501911,88.7077819088,2063.8761524,192.285343611,0.0
1652,2020,3375,ARK,D1 Southeastern Conference,5310,GC,255105905,2020-03-10 13:00:00,9,1,2,2,1764765106,C. Monke,L,FA,R,-0.256654627651,3.20400367304,15.1818709707,2.30715102028,5.52395909733,F,K,1.36742482367,6.22984796957,88.0591898634,2235.39183431,188.621773653,0.0
1653,2020,3375,ARK,D1 Southeastern Conference,5310,GC,255105905,2020-03-10 13:00:00,9,1,2,2,1764765106,C. Monke,L,FA,R,-0.707529004547,1.67091693103,8.93070709856,7.52747715908,5.80399059363,F,K,1.43670442723,6.07404153582,86.8737665625,2171.69602796,220.016865621,0.0
1654,2020,3375,ARK,D1 Southeastern Conference,5310,GC,255105905,2020-03-10 13:00:00,9,1,2,2,1764765106,C. Monke,L,CH,R,0.873458566265,0.293708603099,5.11909612333,-9.28886273972,5.4570040053,SS,K,1.361310828,6.21564539528,86.0867876881,1589.20885817,119.030863052,-0.15
1655,2020,3032,TXAM,D1 Southeastern Conference,730302720,NMSU,425585154,2020-03-08 13:00:00,1,0,0,0,1338131607,C. Weber,L,FA,L,0.132767284708,4.65236046116,21.6768098376,-4.97858296065,5.79482773478,B,K,1.85478219301,7.04066874292,89.475731461,2159.76044812,167.084060983,0.13
1656,2020,3032,TXAM,D1 Southeastern Conference,730302720,NMSU,425585154,2020-03-08 13:00:00,1,1,0,0,1338131607,C. Weber,L,FA,L,-1.32582948153,2.74729927483,20.1125686926,-3.00509866501,5.84508128471,B,K,1.78872022908,6.93350519091,89.8344352591,2213.33892978,171.515715434,0.13
1657,2020,3032,TXAM,D1 Southeastern Conference,730302720,NMSU,425585154,2020-03-08 13:00:00,1,2,0,0,1338131607,C. Weber,L,FA,L,-0.022751437836,3.88707181089,22.5254044688,-4.07785110416,5.84865859416,F,K,1.76847155105,7.05548886926,89.2754267158,2207.02597613,169.753471765,-0.15
1658,2020,3032,TXAM,D1 Southeastern Conference,730302720,NMSU,425585154,2020-03-08 13:00:00,1,2,1,0,1338131607,C. Weber,L,FA,L,-0.0239680516268,3.95023735747,19.7701273753,-4.39254172661,5.96073456286,F,K,1.63653230466,7.03098434209,90.0561341753,2177.09061612,167.493440034,-0.15
1659,2020,3032,TXAM,D1 Southeastern Conference,730302720,NMSU,425585154,2020-03-08 13:00:00,1,2,2,0,1338131607,C. Weber,L,FA,L,-0.59139413823,4.08032541664,16.9226331744,-4.79746772748,5.96777942947,B,K,1.84012580729,6.94874452032,91.9853999773,2288.62512012,164.199918317,0.13
1660,2020,3032,TXAM,D1 Southeastern Conference,730302720,NMSU,425585154,2020-03-08 13:00:00,1,3,2,0,1338131607,C. Weber,L,FA,L,-1.03009566787,2.5024576168,16.6772236854,-3.79999309821,5.8780102375,SL,K,1.87902991892,6.92008749173,90.302756502,2184.43855941,167.187968872,-0.15
1661,2020,3032,TXAM,D1 Southeastern Conference,730302720,NMSU,425585154,2020-03-08 13:00:00,1,0,0,1,1338131607,C. Weber,L,FA,R,-0.254421922006,4.03711323366,16.8622234848,-5.64124518519,5.99171472157,B,K,1.80314686797,6.97908505223,91.1089517043,2254.35026954,161.534467714,0.13
1662,2020,3032,TXAM,D1 Southeastern Conference,730302720,NMSU,425585154,2020-03-08 13:00:00,1,1,0,1,1338131607,C. Weber,L,SL,R,0.741827573368,2.82882741526,0.258142351862,16.086667744,5.20221167291,SL,K,2.66809486,6.44525332035,77.4996153291,2506.28957101,268.919800201,-0.15
1663,2020,3032,TXAM,D1 Southeastern Conference,730302720,NMSU,425585154,2020-03-08 13:00:00,1,1,1,1,1338131607,C. Weber,L,FA,R,-0.741311249399,3.14981997899,16.6227686229,-2.45739063311,5.87751209051,F,K,1.77344104006,6.92262891571,91.7287569155,2306.44216819,171.606312727,-0.15
1664,2020,3032,TXAM,D1 Southeastern Conference,730302720,NMSU,425585154,2020-03-08 13:00:00,1,1,2,1,1338131607,C. Weber,L,FA,R,0.387503941153,4.72543704728,18.6643265353,-7.22756185821,5.96861359544,B,K,1.77019498263,6.9510901244,92.3932339262,2179.43809499,158.863005257,0.13
1665,2020,3032,TXAM,D1 Southeastern Conference,730302720,NMSU,425585154,2020-03-08 13:00:00,1,2,2,1,1338131607,C. Weber,L,FA,R,-1.43157099263,0.731383285855,17.2567575011,-5.06229573495,6.19221719959,B,K,1.84789692011,6.81211031499,91.5066442956,2195.63341469,163.67853815,0.13
1666,2020,3032,TXAM,D1 Southeastern Conference,730302720,NMSU,425585154,2020-03-08 13:00:00,1,3,2,1,1338131607,C. Weber,L,CH,R,0.316033439658,1.39221880914,6.96277779275,-14.0786602371,5.85666536509,SS,K,2.44413461529,6.34046029541,76.2622924064,1633.62005661,116.461287693,-0.15
1667,2020,3032,TXAM,D1 Southeastern Conference,730302720,NMSU,425585154,2020-03-08 13:00:00,1,0,0,2,1338131607,C. Weber,L,FA,R,0.893897421133,3.04152127706,22.2358057,-5.59370825246,5.84464117318,SL,S,1.64128491863,6.98739548786,91.1420629404,2100.95889752,165.898786278,-0.15
1668,2020,3032,TXAM,D1 Southeastern Conference,730302720,NMSU,425585154,2020-03-08 13:00:00,1,0,1,2,1338131607,C. Weber,L,CH,R,1.0178261122,3.11127403353,8.70170247108,-14.9859177118,5.77429291992,IP,S,2.50200707947,6.34061010822,75.9883600498,1668.07865055,120.272427933,1.0
1669,2020,3032,TXAM,D1 Southeastern Conference,730302720,NMSU,425585154,2020-03-08 13:00:00,1,0,0,2,1338131607,C. Weber,L,FA,R,0.647431700659,3.72356039531,19.9276508997,-5.64525527122,5.98517775739,SS,K,1.7591298395,6.8604632364,89.602490023,2126.67027924,164.207609535,-0.15
1670,2020,3032,TXAM,D1 Southeastern Conference,730302720,NMSU,425585154,2020-03-08 13:00:00,1,0,1,2,1338131607,C. Weber,L,FA,R,0.221429220171,3.84497979418,22.9692058767,-3.78979308042,6.02997908527,SS,K,1.42794636312,7.05584986644,91.2147319345,2207.10268724,170.6434756,-0.15
1671,2020,3032,TXAM,D1 Southeastern Conference,730302720,NMSU,425585154,2020-03-08 13:00:00,1,0,2,2,1338131607,C. Weber,L,FA,R,-0.353156124701,3.42204638511,22.12421089,-2.97317706363,5.99350712675,SS,K,1.49990870563,7.05309903829,91.9057055623,2197.0759475,172.356653727,-0.15
1672,2020,3032,TXAM,D1 Southeastern Conference,730302720,NMSU,425585154,2020-03-08 13:00:00,2,0,0,0,1338131607,C. Weber,L,FA,L,-1.25000724232,3.08330641402,21.8922287684,-0.394201690058,6.07413498604,B,BB,1.71202667219,6.94245790638,90.0282467613,2195.71817636,178.969936236,0.13
1673,2020,3032,TXAM,D1 Southeastern Conference,730302720,NMSU,425585154,2020-03-08 13:00:00,2,1,0,0,1338131607,C. Weber,L,FA,L,0.345489436352,3.50745844103,18.993201512,-1.26660638813,6.14370461994,SS,BB,2.0425135111,6.71084638788,87.581692982,2074.86130815,176.191431013,-0.15
1674,2020,3032,TXAM,D1 Southeastern Conference,730302720,NMSU,425585154,2020-03-08 13:00:00,2,1,1,0,1338131607,C. Weber,L,FA,L,-1.1281770759,3.57959427278,20.5152576794,1.9177091188,6.03648191842,B,BB,1.53066370351,6.99351371844,89.9042727583,2191.66587976,185.331997242,0.13
1675,2020,3032,TXAM,D1 Southeastern Conference,730302720,NMSU,425585154,2020-03-08 13:00:00,2,2,1,0,1338131607,C. Weber,L,FA,L,0.848401542058,2.61212156523,20.4259984529,0.223314388826,5.95233867134,SL,BB,1.7351931048,6.86004196571,88.4329571841,2168.44301511,180.625360895,-0.15
1676,2020,3032,TXAM,D1 Southeastern Conference,730302720,NMSU,425585154,2020-03-08 13:00:00,2,2,2,0,1338131607,C. Weber,L,SL,L,-0.943077137652,0.981854251254,-6.87237836857,12.7174108985,5.46061056745,B,BB,2.59403637014,6.35420183469,78.0982890737,2710.65165342,298.233634989,0.13
1677,2020,3032,TXAM,D1 Southeastern Conference,730302720,NMSU,425585154,2020-03-08 13:00:00,2,3,2,0,1338131607,C. Weber,L,FA,L,0.45379105155,1.42496386408,20.939461562,0.303401934018,6.06434561606,B,BB,1.77322906279,6.94306257658,89.7988156079,2200.74361027,180.828854472,0.8
1678,2020,3032,TXAM,D1 Southeastern Conference,730302720,NMSU,425585154,2020-03-08 13:00:00,2,0,0,0,1338131607,C. Weber,L,CH,R,0.0315031169726,1.99302539501,10.8968003319,-18.2256544312,5.85922104132,SL,IP_OUT,2.46401041658,6.30075704072,76.3903766536,1636.09757043,120.978803361,-0.15
1679,2020,3032,TXAM,D1 Southeastern Conference,730302720,NMSU,425585154,2020-03-08 13:00:00,2,0,1,0,1338131607,C. Weber,L,FA,R,-0.833354135646,2.15441226894,22.0497468213,-1.52336633835,5.99023694703,B,IP_OUT,1.56475309988,6.99486325893,89.6702460805,2156.71996476,176.053640225,0.13
1680,2020,3032,TXAM,D1 Southeastern Conference,730302720,NMSU,425585154,2020-03-08 13:00:00,2,0,0,1,1338131607,C. Weber,L,FA,L,-1.08505269579,3.69362993606,21.0392080993,0.818815573955,6.07283389709,B,K,1.46971213076,7.02293821392,88.4828887915,2181.3488961,182.225215066,0.13
1681,2020,3032,TXAM,D1 Southeastern Conference,730302720,NMSU,425585154,2020-03-08 13:00:00,2,1,0,1,1338131607,C. Weber,L,SL,L,-0.797353543502,3.0599636047,-1.4554166676,16.4573756218,5.36184925095,SS,K,2.69912592042,6.41849295067,76.4968878027,2575.84012443,274.894297496,-0.15
1682,2020,3032,TXAM,D1 Southeastern Conference,730302720,NMSU,425585154,2020-03-08 13:00:00,2,1,1,1,1338131607,C. Weber,L,FA,L,-0.289746531053,3.43991917021,22.5824887983,-0.254196087726,6.00261023444,SS,K,1.56712985464,6.92036589537,89.658222998,2213.1142378,179.356018617,-0.15
1683,2020,3032,TXAM,D1 Southeastern Conference,730302720,NMSU,425585154,2020-03-08 13:00:00,2,1,2,1,1338131607,C. Weber,L,FA,L,-0.137554799834,4.57880476513,21.4347875387,-3.08617746247,5.95387171583,SS,K,1.74362612864,6.88041171533,89.1037593526,2196.95735728,171.819269299,-0.15
1684,2020,3032,TXAM,D1 Southeastern Conference,730302720,NMSU,425585154,2020-03-08 13:00:00,2,0,0,2,1338131607,C. Weber,L,FA,R,-0.199520914626,3.63411069335,21.6665769227,1.44924158388,6.06847885114,F,BB,1.72424426437,6.89621017327,89.6073128714,2242.83635294,183.820948993,-0.15
1685,2020,3032,TXAM,D1 Southeastern Conference,730302720,NMSU,425585154,2020-03-08 13:00:00,2,0,1,2,1338131607,C. Weber,L,FA,R,0.726473979579,1.38992728007,19.0640061449,-4.25231308837,5.75592628211,B,BB,1.54087263504,7.09855424151,91.1382427954,2231.96967357,167.446005024,0.13
1686,2020,3032,TXAM,D1 Southeastern Conference,730302720,NMSU,425585154,2020-03-08 13:00:00,2,1,1,2,1338131607,C. Weber,L,FA,R,1.12217845323,2.57596051739,20.4368420737,-3.30141293634,5.8881834664,SL,BB,1.58005274703,6.99441957738,91.4684499963,2239.66285164,170.837448099,-0.15
1687,2020,3032,TXAM,D1 Southeastern Conference,730302720,NMSU,425585154,2020-03-08 13:00:00,2,1,2,2,1338131607,C. Weber,L,CU,R,-0.118799781433,0.0411988553251,-17.4341138033,10.5432827319,6.00842064349,B,BB,1.94682598189,6.78441272511,72.8187318375,2370.79292022,328.763531468,0.13
1688,2020,3032,TXAM,D1 Southeastern Conference,730302720,NMSU,425585154,2020-03-08 13:00:00,2,2,2,2,1338131607,C. Weber,L,CU,R,-0.0520983330249,1.07176522601,-16.5758639249,10.2811955143,5.98033494198,B,BB,1.93091061689,6.76159183095,72.416422318,2307.32312474,328.111524008,0.13
1689,2020,3032,TXAM,D1 Southeastern Conference,730302720,NMSU,425585154,2020-03-08 13:00:00,2,3,2,2,1338131607,C. Weber,L,CH,R,-0.834770649364,0.167810040919,7.81868230863,-22.7235425716,5.91869754513,B,BB,2.62439343794,6.36851134453,77.09976928,1674.44108532,109.087905438,0.8
1690,2020,3032,TXAM,D1 Southeastern Conference,730302720,NMSU,425585154,2020-03-08 13:00:00,2,0,0,2,1338131607,C. Weber,L,FA,L,0.123330417693,3.78568410487,18.0927613212,-6.66821762431,5.99385178201,F,S,1.43341751346,7.08518569991,90.0556709962,2145.86360712,159.801445351,-0.15
1691,2020,3032,TXAM,D1 Southeastern Conference,730302720,NMSU,425585154,2020-03-08 13:00:00,2,0,1,2,1338131607,C. Weber,L,SL,L,0.044207514927,3.06132961613,-3.50370882707,12.8847176244,5.53574681897,IP,S,2.52597514761,6.43643460681,77.9803606399,2619.44153464,285.030332713,1.0
1692,2020,3032,TXAM,D1 Southeastern Conference,730302720,NMSU,425585154,2020-03-08 13:00:00,2,0,0,2,1338131607,C. Weber,L,FA,L,-0.481989626715,2.69150066582,17.5850005622,-4.24548654171,6.11552716444,F,K,1.47368273359,6.9683623155,90.634201126,2108.72993802,166.450573115,-0.15
1693,2020,3032,TXAM,D1 Southeastern Conference,730302720,NMSU,425585154,2020-03-08 13:00:00,2,0,1,2,1338131607,C. Weber,L,FA,L,0.209964984575,3.4024424765,22.1610696476,-4.68505058044,5.92366301181,SS,K,1.60785806576,6.98374124265,90.515722481,2256.40186374,168.079750361,-0.15
1694,2020,3032,TXAM,D1 Southeastern Conference,730302720,NMSU,425585154,2020-03-08 13:00:00,2,0,2,2,1338131607,C. Weber,L,FA,L,-0.99222045366,4.17441739022,23.1654145543,-2.32358977024,5.77720279733,B,K,1.48524724348,7.10100261148,91.0910129113,2281.06845388,174.280080751,0.13
1695,2020,3032,TXAM,D1 Southeastern Conference,730302720,NMSU,425585154,2020-03-08 13:00:00,2,1,2,2,1338131607,C. Weber,L,FA,L,-0.882054164013,3.10392309738,23.7284843651,-4.56273924534,5.98340920553,F,K,1.66112982348,6.97396471307,91.5380953491,2336.26415932,169.129631399,0.0
1696,2020,3032,TXAM,D1 Southeastern Conference,730302720,NMSU,425585154,2020-03-08 13:00:00,2,1,2,2,1338131607,C. Weber,L,CU,L,0.455955960564,3.73649219383,-14.683041358,14.9464688177,5.50464238098,SL,K,1.6783743781,6.80399295069,69.9373385739,2234.13395914,314.380718711,-0.15
1697,2020,3032,TXAM,D1 Southeastern Conference,730302720,NMSU,425585154,2020-03-08 13:00:00,3,0,0,0,1338131607,C. Weber,L,FA,R,0.329521543894,1.62869823876,19.8863140898,-4.73021857863,5.92439387203,B,S,1.67773723312,7.11385475429,88.9332494801,2070.70364609,166.641356287,0.13
1698,2020,3032,TXAM,D1 Southeastern Conference,730302720,NMSU,425585154,2020-03-08 13:00:00,3,1,0,0,1338131607,C. Weber,L,FA,R,0.851616399653,3.5822669279,22.1770995643,-0.060787787279,5.71110250035,F,S,1.61235245382,7.16537218806,87.3960158698,1959.60567614,179.843195822,-0.15
1699,2020,3032,TXAM,D1 Southeastern Conference,730302720,NMSU,425585154,2020-03-08 13:00:00,3,1,1,0,1338131607,C. Weber,L,FA,R,0.225114665377,2.98707261558,14.7423063752,-5.45907204737,5.93076868747,IP,S,1.83278390653,6.97376205348,89.688288389,2172.34936608,159.721307047,1.0
1700,2020,3032,TXAM,D1 Southeastern Conference,730302720,NMSU,425585154,2020-03-08 13:00:00,3,0,0,0,1338131607,C. Weber,L,FA,R,0.397676626049,2.43111674918,19.8966505532,-5.67189673183,5.83301245358,IP,DP,1.62532365432,7.10452361557,87.9723996233,2054.50044977,164.114392035,-0.21
1701,2020,3032,TXAM,D1 Southeastern Conference,730302720,NMSU,425585154,2020-03-08 13:00:00,3,0,0,2,1338131607,C. Weber,L,FA,R,-0.456957586333,1.82953888569,20.744456112,-3.42895133368,5.86992129562,B,BB,1.39664816228,7.16503495908,90.5163937801,2196.85952805,170.628475126,0.13
1702,2020,3032,TXAM,D1 Southeastern Conference,730302720,NMSU,425585154,2020-03-08 13:00:00,3,1,0,2,1338131607,C. Weber,L,FA,R,0.154861817609,1.20923361078,20.9725994361,-2.10691520558,5.92045030484,B,BB,1.41551047329,7.14073513904,88.4155560927,2122.03949875,174.272383391,0.13
1703,2020,3032,TXAM,D1 Southeastern Conference,730302720,NMSU,425585154,2020-03-08 13:00:00,3,2,0,2,1338131607,C. Weber,L,FA,R,-0.134017136585,4.47552639631,20.1449877099,-0.569194217368,5.86818784686,B,BB,1.31215700818,7.18927320541,88.6618141801,2081.35594409,178.384228995,0.13
1704,2020,3032,TXAM,D1 Southeastern Conference,730302720,NMSU,425585154,2020-03-08 13:00:00,3,3,0,2,1338131607,C. Weber,L,FA,R,-0.558872306469,2.74141259709,21.7039225846,-3.40589595376,5.92835445346,SL,BB,1.63429998031,7.0755265459,87.7392830573,2113.56469712,171.095415713,-0.15
1705,2020,3032,TXAM,D1 Southeastern Conference,730302720,NMSU,425585154,2020-03-08 13:00:00,3,3,1,2,1338131607,C. Weber,L,FA,R,-0.410309777702,1.25297409218,21.8983609507,-3.98684848712,5.90333558741,B,BB,1.43375361298,7.06334592704,89.4314971498,2158.35870591,169.696804023,0.8
1706,2020,3032,TXAM,D1 Southeastern Conference,730302720,NMSU,425585154,2020-03-08 13:00:00,3,0,0,2,1338131607,C. Weber,L,FA,L,0.460206246191,4.30494277193,21.9227324526,-4.7329934998,5.89824651899,B,NO_PLAY,1.56574193032,7.00772931254,88.913381015,2103.53116388,167.834977183,0.13
1707,2020,3032,TXAM,D1 Southeastern Conference,730302720,NMSU,425585154,2020-03-08 13:00:00,3,1,0,2,1338131607,C. Weber,L,FA,L,-0.354815847059,2.39376762055,19.7060962137,-3.70181446517,5.92992120012,SL,NO_PLAY,1.82268921856,6.90699489229,87.7240808133,2086.7446637,169.378899628,-0.15
1708,2020,3032,TXAM,D1 Southeastern Conference,730302720,NMSU,425585154,2020-03-08 13:00:00,4,0,0,0,1338131607,C. Weber,L,SL,L,-1.46784480915,2.45918707402,1.19138854554,11.2114251688,5.49677229629,B,K,2.56266993916,6.5830999473,77.9340060732,2522.87259608,263.711390725,0.13
1709,2020,3032,TXAM,D1 Southeastern Conference,730302720,NMSU,425585154,2020-03-08 13:00:00,4,1,0,0,1338131607,C. Weber,L,FA,L,-0.0993300937565,3.6105730046,26.4086491866,1.52896811944,6.05212204077,SS,K,1.82368524553,6.887971805,88.8825524795,2118.65857595,183.309335113,-0.15
1710,2020,3032,TXAM,D1 Southeastern Conference,730302720,NMSU,425585154,2020-03-08 13:00:00,4,1,1,0,1338131607,C. Weber,L,FA,L,-0.94633920223,4.00033254539,25.3537237402,1.80603709206,5.9376276903,B,K,1.84389486029,7.00045846834,89.7384559499,2183.93383102,184.069232312,0.13
1711,2020,3032,TXAM,D1 Southeastern Conference,730302720,NMSU,425585154,2020-03-08 13:00:00,4,2,1,0,1338131607,C. Weber,L,FA,L,0.777577977792,2.00845505648,26.3383794737,1.00139031526,5.87643709569,SL,K,1.68836269406,6.99459125521,89.2100704899,2179.6982746,182.174598411,-0.15
1712,2020,3032,TXAM,D1 Southeastern Conference,730302720,NMSU,425585154,2020-03-08 13:00:00,4,2,2,0,1338131607,C. Weber,L,FA,L,-0.992714884548,3.80840911727,25.6258665487,0.812624859899,5.98681598965,SS,K,1.67602965042,6.91185532963,89.7099524551,2207.8234214,181.813971049,-0.15
1713,2020,3032,TXAM,D1 Southeastern Conference,730302720,NMSU,425585154,2020-03-08 13:00:00,4,0,0,1,1338131607,C. Weber,L,FA,R,1.03843748802,2.88274974941,26.0088248051,4.94728414656,5.78812981768,SL,IP_OUT,1.61433601013,7.01273950134,88.5758975285,2138.36476693,190.756160528,-0.15
1714,2020,3032,TXAM,D1 Southeastern Conference,730302720,NMSU,425585154,2020-03-08 13:00:00,4,0,0,2,1338131607,C. Weber,L,FA,L,-0.406763560071,2.1471949144,23.328601863,1.43911203294,6.05631696192,SL,K,1.8611044108,6.88943105776,89.6704734092,2214.56582744,183.525077346,-0.15
1715,2020,3032,TXAM,D1 Southeastern Conference,730302720,NMSU,425585154,2020-03-08 13:00:00,4,0,1,2,1338131607,C. Weber,L,SL,L,-0.386684626015,3.49569696089,2.51655991268,20.9564770132,5.23015956627,SL,K,2.54934512661,6.45746831972,76.5457997639,2537.6614285,263.026139628,-0.15
1716,2020,3032,TXAM,D1 Southeastern Conference,730302720,NMSU,425585154,2020-03-08 13:00:00,4,0,2,2,1338131607,C. Weber,L,SL,L,-2.31631893733,1.93141625449,3.40125195857,20.0092870885,5.51594776945,SS,K,2.54313958463,6.43699967382,77.9819637952,2594.5931136,260.228833881,-0.15
1717,2020,3032,TXAM,D1 Southeastern Conference,730302720,NMSU,425585154,2020-03-08 13:00:00,5,0,0,0,1338131607,C. Weber,L,FA,R,0.186821173006,2.41443667083,19.9660915093,-0.96877609967,5.87143017724,SL,IP_OUT,1.58802443657,7.08159611598,88.2923623351,2110.98987025,177.226819104,-0.15
1718,2020,3032,TXAM,D1 Southeastern Conference,730302720,NMSU,425585154,2020-03-08 13:00:00,5,0,1,0,1338131607,C. Weber,L,FA,R,1.04044768479,3.08866760964,19.8563769473,-4.26268844342,5.91160547408,SL,IP_OUT,1.49591178097,7.06908323138,89.3086540477,2069.75864292,167.903371177,-0.15
1719,2020,3032,TXAM,D1 Southeastern Conference,730302720,NMSU,425585154,2020-03-08 13:00:00,5,0,0,1,1338131607,C. Weber,L,SL,L,-0.908410937912,2.28213633323,0.231708972786,19.243759031,5.35590571207,B,IP_OUT,2.61493362958,6.55773632404,76.7068667781,2549.34242271,269.173833925,0.13
1720,2020,3032,TXAM,D1 Southeastern Conference,730302720,NMSU,425585154,2020-03-08 13:00:00,5,1,0,1,1338131607,C. Weber,L,FA,L,0.243461621758,2.90124601723,18.9865709963,-5.47663431123,5.85549360527,F,IP_OUT,1.58808362747,7.07123485056,89.4797671076,2151.81987371,163.9363003,-0.15
1721,2020,3032,TXAM,D1 Southeastern Conference,730302720,NMSU,425585154,2020-03-08 13:00:00,5,1,1,1,1338131607,C. Weber,L,SL,L,-2.21875098051,1.84169438585,2.08758523852,15.1305546291,5.39899581526,B,IP_OUT,2.76889835465,6.42830190066,78.2439894441,2472.2680037,261.979753813,0.13
1722,2020,3032,TXAM,D1 Southeastern Conference,730302720,NMSU,425585154,2020-03-08 13:00:00,5,2,1,1,1338131607,C. Weber,L,FA,L,0.276085309185,1.20216802457,15.5269962277,-4.25665978772,5.76307521817,B,IP_OUT,1.6602887136,7.02385288073,87.8243435067,2126.30345197,164.701537896,0.13
1723,2020,3032,TXAM,D1 Southeastern Conference,730302720,NMSU,425585154,2020-03-08 13:00:00,5,0,0,2,1338131607,C. Weber,L,FA,L,0.476045933612,2.52429390783,18.040932335,-9.4914179456,5.94377861968,F,IP_OUT,1.45541669297,7.09181207268,89.6650909739,2236.44948046,152.293585737,-0.15
1724,2020,3032,TXAM,D1 Southeastern Conference,730302720,NMSU,425585154,2020-03-08 13:00:00,5,0,1,2,1338131607,C. Weber,L,FA,L,0.0635809743714,3.6168710591,20.846144658,-4.87913866433,5.69531608917,F,IP_OUT,1.5326201517,7.07138585496,90.7838783379,2220.5517623,166.846266131,-0.15
1725,2020,3032,TXAM,D1 Southeastern Conference,730302720,NMSU,425585154,2020-03-08 13:00:00,5,0,2,2,1338131607,C. Weber,L,CU,L,-1.44488615315,0.912742108604,-15.2296796441,8.89753205111,5.48335463386,B,IP_OUT,1.89787957754,6.87834396996,71.6744212222,2393.33255002,329.617994059,0.13
1726,2020,3032,TXAM,D1 Southeastern Conference,730302720,NMSU,425585154,2020-03-08 13:00:00,5,1,2,2,1338131607,C. Weber,L,SL,L,-2.71765059561,2.55067355182,-1.4826409855,19.8381653155,5.35528128629,B,IP_OUT,2.4074242777,6.53534936887,78.9741241414,2592.91083768,274.149427733,0.13
1727,2020,3032,TXAM,D1 Southeastern Conference,730302720,NMSU,425585154,2020-03-08 13:00:00,5,2,2,2,1338131607,C. Weber,L,FA,L,0.587462455264,2.15337742304,17.3520128295,-6.14269019832,5.90291946465,F,IP_OUT,1.61699637812,7.01372166564,90.2264841698,2166.1964923,160.539128888,0.0
1728,2020,3032,TXAM,D1 Southeastern Conference,730302720,NMSU,425585154,2020-03-08 13:00:00,5,2,2,2,1338131607,C. Weber,L,FA,L,-0.13568467458,5.2809834238,18.011931475,-4.59619453978,6.01347216506,B,IP_OUT,1.81398096619,7.03983609615,88.5257004132,2081.26400964,165.710529083,0.13
1729,2020,3032,TXAM,D1 Southeastern Conference,730302720,NMSU,425585154,2020-03-08 13:00:00,6,0,0,0,1159816831,A. Magers,R,FA,R,1.36675739993,2.43283019104,-3.11579661287,16.1117102296,5.76708535693,B,S,-2.33831455966,3.83969217072,86.3628924233,2177.51022747,280.821552872,0.13
1730,2020,3032,TXAM,D1 Southeastern Conference,730302720,NMSU,425585154,2020-03-08 13:00:00,6,1,0,0,1159816831,A. Magers,R,FA,R,-0.934863668966,2.72190694887,-0.732697083003,17.1318740561,5.50662547532,F,S,-2.32413823648,3.81448689867,85.6673774354,2005.49152683,272.325020962,-0.15
1731,2020,3032,TXAM,D1 Southeastern Conference,730302720,NMSU,425585154,2020-03-08 13:00:00,6,1,1,0,1159816831,A. Magers,R,FA,R,-0.757818636913,2.79015305516,-1.17556024463,12.4424947168,5.64817074315,IP,S,-2.52119614359,3.90410241486,88.1422735129,2192.35401727,275.239165802,1.0
1732,2020,3032,TXAM,D1 Southeastern Conference,730302720,NMSU,425585154,2020-03-08 13:00:00,6,0,0,1,1159816831,A. Magers,R,FA,L,-1.25626533226,2.91603075069,-3.14396501371,16.560351736,5.72218918563,B,S,-2.5743873444,3.97745290963,87.4725925652,2200.43332071,280.630748533,0.13
1733,2020,3032,TXAM,D1 Southeastern Conference,730302720,NMSU,425585154,2020-03-08 13:00:00,6,1,0,1,1159816831,A. Magers,R,FA,L,0.0436679440466,2.37302888636,-4.61279043828,14.9273309764,5.7130088919,IP,S,-2.61969537314,3.99160658871,86.4482656561,2015.95888471,287.043938445,1.0
1734,2020,3032,TXAM,D1 Southeastern Conference,730302720,NMSU,425585154,2020-03-08 13:00:00,6,0,0,1,1159816831,A. Magers,R,FA,L,-1.80882791949,3.63758210677,0.800869719767,14.2964608268,5.52944879051,B,S,-2.49796268234,4.00202612751,86.2567259071,2170.72227907,266.649329684,0.13
1735,2020,3032,TXAM,D1 Southeastern Conference,730302720,NMSU,425585154,2020-03-08 13:00:00,6,1,0,1,1159816831,A. Magers,R,FA,L,0.4972884734,2.76042281787,1.11677074518,17.7363937854,5.73079000926,SL,S,-2.6052447755,3.99093912431,86.839203673,2108.64116476,266.280437041,-0.15
1736,2020,3032,TXAM,D1 Southeastern Conference,730302720,NMSU,425585154,2020-03-08 13:00:00,6,1,1,1,1159816831,A. Magers,R,CH,L,0.268702964274,1.41897223668,-3.17916922598,12.3400156125,6.05189591703,B,S,-2.43038585048,3.75289769329,80.5031610457,1660.93223241,284.268657064,0.13
1737,2020,3032,TXAM,D1 Southeastern Conference,730302720,NMSU,425585154,2020-03-08 13:00:00,6,2,1,1,1159816831,A. Magers,R,FA,L,0.673755058616,4.10464647395,-0.511087030776,17.1789106412,5.78079553655,B,S,-2.41776068336,3.98097870286,87.7873836663,2268.62368303,271.586050433,0.13
1738,2020,3032,TXAM,D1 Southeastern Conference,730302720,NMSU,425585154,2020-03-08 13:00:00,6,3,1,1,1159816831,A. Magers,R,FA,L,0.391658053706,2.99626246384,0.747844246738,12.6205621873,5.72833116037,IP,S,-2.42744643291,4.08994655044,87.5229913319,2158.12121392,266.449549724,1.0
1739,2020,3032,TXAM,D1 Southeastern Conference,730302720,NMSU,425585154,2020-03-08 13:00:00,6,0,0,1,1159816831,A. Magers,R,FA,R,-0.417450126422,4.0618864245,-1.77472913087,15.9670606239,5.90021320258,B,S,-2.2844718233,3.93362561097,86.6938353839,2166.92395676,276.213835389,0.13
1740,2020,3032,TXAM,D1 Southeastern Conference,730302720,NMSU,425585154,2020-03-08 13:00:00,6,1,0,1,1159816831,A. Magers,R,FA,R,1.17517946317,2.86645773354,-7.28420790337,14.2502592515,5.79553523298,SL,S,-2.44350210564,3.98746172982,86.6509191169,2210.91964635,296.958414929,-0.15
1741,2020,3032,TXAM,D1 Southeastern Conference,730302720,NMSU,425585154,2020-03-08 13:00:00,6,1,1,1,1159816831,A. Magers,R,FA,R,-0.941668347867,4.16114940886,4.43106493316,18.2935289267,5.91866499397,SS,S,-2.32868502142,4.04355376569,85.4700097518,2118.65388454,256.275277367,-0.15
1742,2020,3032,TXAM,D1 Southeastern Conference,730302720,NMSU,425585154,2020-03-08 13:00:00,6,1,2,1,1159816831,A. Magers,R,FA,R,0.560608970258,3.1207640104,-5.56385773011,15.0465978756,5.74849442431,IP,S,-2.31807085927,3.94778470917,87.5207935043,2253.03562999,290.173630776,1.0
1743,2020,3032,TXAM,D1 Southeastern Conference,730302720,NMSU,425585154,2020-03-08 13:00:00,6,0,0,1,1872573045,J. Menefee,L,SL,L,-0.846973893875,5.60012130666,0.81771943124,11.3084249869,5.58369512804,B,K,1.3073167731,6.71566012473,79.2364217268,2443.00972819,265.64809406,0.13
1744,2020,3032,TXAM,D1 Southeastern Conference,730302720,NMSU,425585154,2020-03-08 13:00:00,6,1,0,1,1872573045,J. Menefee,L,FA,L,-0.421704111226,1.46025790796,19.4891143944,1.59615827926,6.22753905271,B,K,1.33288224593,6.63707253958,90.5911677614,2269.96329202,184.674441138,0.13
1745,2020,3032,TXAM,D1 Southeastern Conference,730302720,NMSU,425585154,2020-03-08 13:00:00,6,2,0,1,1872573045,J. Menefee,L,FA,L,-0.827188546529,2.11883224653,20.7369516203,2.13535827446,6.17161097236,SL,K,1.28062847202,6.63668078296,90.7690470381,2336.67721907,185.870205486,-0.15
1746,2020,3032,TXAM,D1 Southeastern Conference,730302720,NMSU,425585154,2020-03-08 13:00:00,6,2,1,1,1872573045,J. Menefee,L,FA,L,0.478842237514,3.03437718338,19.9756927542,-12.4034819779,6.28478848036,SS,K,1.2335585286,6.71734313453,91.5219370091,2152.76203741,148.203128548,-0.15
1747,2020,3032,TXAM,D1 Southeastern Conference,730302720,NMSU,425585154,2020-03-08 13:00:00,6,2,2,1,1872573045,J. Menefee,L,FA,L,-0.446742328507,2.40788228375,19.8619457117,-8.80322383117,6.17430553307,SS,K,1.21092432745,6.78841458201,91.2976227469,2174.4029477,156.130035716,-0.15
1748,2020,3032,TXAM,D1 Southeastern Conference,730302720,NMSU,425585154,2020-03-08 13:00:00,6,0,0,2,1872573045,J. Menefee,L,FA,R,-0.0389462744643,2.5757737256,14.761669043,-10.9282411249,6.45162396561,SL,K,1.17223631733,6.65566647039,91.9160886339,1952.92997463,143.543681124,-0.15
1749,2020,3032,TXAM,D1 Southeastern Conference,730302720,NMSU,425585154,2020-03-08 13:00:00,6,0,1,2,1872573045,J. Menefee,L,FA,R,0.0828203074179,3.64361398806,22.7060463769,-6.94311990298,6.28988378821,F,K,1.11167998813,6.71774790781,91.9492506381,2171.08239486,163.019238561,-0.15
1750,2020,3032,TXAM,D1 Southeastern Conference,730302720,NMSU,425585154,2020-03-08 13:00:00,6,0,2,2,1872573045,J. Menefee,L,SL,R,-1.20330844367,2.08624123459,10.051436684,9.95825719626,5.67274487646,SS,K,1.19141326623,6.67385820529,83.371085277,2581.43295087,224.626206038,-0.15
1751,2020,3032,TXAM,D1 Southeastern Conference,730302720,NMSU,425585154,2020-03-08 13:00:00,7,0,0,0,1945466390,D. Barr,R,FA,L,-0.457403619584,0.756100182759,11.2690395512,13.535815304,5.45564271201,B,BB,-1.81741220335,5.64202173631,90.715214053,1833.04343463,230.140019131,0.13
1752,2020,3032,TXAM,D1 Southeastern Conference,730302720,NMSU,425585154,2020-03-08 13:00:00,7,1,0,0,1945466390,D. Barr,R,FA,L,-1.65437450113,2.38965927272,15.9292677323,8.83299148069,5.45306297836,B,BB,-1.69016459172,5.62416380296,90.0968332314,1980.6234005,208.958907574,0.13
1753,2020,3032,TXAM,D1 Southeastern Conference,730302720,NMSU,425585154,2020-03-08 13:00:00,7,2,0,0,1945466390,D. Barr,R,FA,L,-0.0782582118492,2.44113865113,12.794966524,14.5994648042,5.65611220184,SL,BB,-1.60216877136,5.72624219012,91.5723443448,2164.63065815,228.697975596,-0.15
1754,2020,3032,TXAM,D1 Southeastern Conference,730302720,NMSU,425585154,2020-03-08 13:00:00,7,3,1,0,1945466390,D. Barr,R,FA,L,2.84413167114,0.661114001983,13.5967767558,12.7470981526,5.61567723758,B,BB,-1.58390743439,5.71918230576,91.4327465443,2060.10642653,223.085381715,0.8
1755,2020,3032,TXAM,D1 Southeastern Conference,730302720,NMSU,425585154,2020-03-08 13:00:00,7,0,0,0,1945466390,D. Barr,R,FA,R,0.787563780185,2.9807606561,14.2389603882,10.6252001247,5.74419107233,SL,K,-2.05116783663,5.65575225793,91.3415050976,2174.76720258,216.670533061,-0.15
1756,2020,3032,TXAM,D1 Southeastern Conference,730302720,NMSU,425585154,2020-03-08 13:00:00,7,0,1,0,1945466390,D. Barr,R,FA,R,1.06918546298,1.13812652413,11.6468763044,14.8318659693,5.72276403795,B,K,-2.02351804059,5.73998567642,90.6093507494,2084.88423889,231.7810953,0.13
1757,2020,3032,TXAM,D1 Southeastern Conference,730302720,NMSU,425585154,2020-03-08 13:00:00,7,1,1,0,1945466390,D. Barr,R,FA,R,1.27829083384,3.29955405433,14.6964065415,9.01848313793,5.73367774466,SL,K,-1.96786818314,5.83596897934,89.7326684016,2133.94661111,211.478739016,-0.15
1758,2020,3032,TXAM,D1 Southeastern Conference,730302720,NMSU,425585154,2020-03-08 13:00:00,7,1,2,0,1945466390,D. Barr,R,FA,R,0.0851638921345,3.49843487701,13.32635736,9.7092856143,5.72150639773,SS,K,-2.00275633764,5.7205071166,90.7811429437,2168.8973121,216.010911273,-0.15
1759,2020,3032,TXAM,D1 Southeastern Conference,730302720,NMSU,425585154,2020-03-08 13:00:00,7,0,0,1,1945466390,D. Barr,R,FA,R,0.294169063653,2.59963125365,10.6677479102,15.755665948,5.63969209019,IP,DP,-2.10502665162,5.68416689887,91.1342225648,2082.78559696,235.819594322,-0.21
1760,2020,3032,TXAM,D1 Southeastern Conference,730302720,NMSU,262273464,2020-03-07 13:00:00,1,0,0,0,1575417686,C. Roa,R,FA,L,-0.726172495078,2.71675351057,21.2230433394,10.0313275594,5.76944517653,F,IP_OUT,-1.04883208461,6.9006766377,91.5665597049,2200.58084499,205.265149149,-0.15
1761,2020,3032,TXAM,D1 Southeastern Conference,730302720,NMSU,262273464,2020-03-07 13:00:00,1,0,1,0,1575417686,C. Roa,R,CH,L,-1.38249113634,3.65656635547,17.406857476,13.5068717444,5.53845846615,B,IP_OUT,-1.3459549727,6.62212382941,82.7417465748,2006.33788375,217.747894106,0.13
1762,2020,3032,TXAM,D1 Southeastern Conference,730302720,NMSU,262273464,2020-03-07 13:00:00,1,1,1,0,1575417686,C. Roa,R,FA,L,0.218201671517,3.77727068092,20.4192796832,7.64635446005,5.93510327774,F,IP_OUT,-0.974041545621,6.87711296106,92.3463579877,2046.60899231,200.501040553,-0.15
1763,2020,3032,TXAM,D1 Southeastern Conference,730302720,NMSU,262273464,2020-03-07 13:00:00,1,0,0,1,1575417686,C. Roa,R,FA,R,0.727916613199,1.70739234631,21.9967263033,8.49738549228,5.85312965735,F,IP_OUT,-0.65489478479,6.99301181611,93.5108341434,2291.85944697,201.095196985,-0.15
1764,2020,3032,TXAM,D1 Southeastern Conference,730302720,NMSU,262273464,2020-03-07 13:00:00,1,0,0,2,1575417686,C. Roa,R,FA,R,0.221062846979,3.93168423042,21.0042403559,8.53227898768,5.74885153332,B,K,-0.801939356991,6.99128816546,92.5477261001,2141.58680522,202.078511482,0.13
1765,2020,3032,TXAM,D1 Southeastern Conference,730302720,NMSU,262273464,2020-03-07 13:00:00,1,1,0,2,1575417686,C. Roa,R,FA,R,0.977586510272,2.64736170704,21.2800802103,8.12263741207,5.80828143648,SS,K,-0.970258675262,6.87601352331,93.2815282976,2047.2821425,200.864697728,-0.15
1766,2020,3032,TXAM,D1 Southeastern Conference,730302720,NMSU,262273464,2020-03-07 13:00:00,1,1,1,2,1575417686,C. Roa,R,FA,R,1.65059084414,4.46508935381,20.6344313986,8.58875888239,6.01261109457,B,K,-0.849293927083,6.93056314328,93.4063078122,2109.53696987,202.56928169,0.13
1767,2020,3032,TXAM,D1 Southeastern Conference,730302720,NMSU,262273464,2020-03-07 13:00:00,1,2,1,2,1575417686,C. Roa,R,FA,R,0.804602686319,2.58286353405,19.4484198727,9.70484083187,6.05122025964,F,K,-0.798549433059,6.91117106075,93.3568287097,2172.80908113,206.48392175,-0.15
1768,2020,3032,TXAM,D1 Southeastern Conference,730302720,NMSU,262273464,2020-03-07 13:00:00,1,2,2,2,1575417686,C. Roa,R,SL,R,0.836103336654,3.85952454059,0.874828948026,-3.02494258475,5.55797278233,B,K,-1.25995500876,6.73888947197,84.8777535168,2360.35781505,106.768243851,0.13
1769,2020,3032,TXAM,D1 Southeastern Conference,730302720,NMSU,262273464,2020-03-07 13:00:00,1,3,2,2,1575417686,C. Roa,R,SL,R,0.145491204002,2.29367404724,3.29499140452,-3.66628557242,5.60657939393,F,K,-1.24270999219,6.73139821352,84.2420621877,2254.81645508,132.266662593,0.0
1770,2020,3032,TXAM,D1 Southeastern Conference,730302720,NMSU,262273464,2020-03-07 13:00:00,1,3,2,2,1575417686,C. Roa,R,FA,R,0.249858020797,2.18932142013,16.9057530941,10.6205665,5.92622270585,F,K,-0.92795836333,6.84518916721,94.6224403435,2087.03409336,212.092712681,0.0
1771,2020,3032,TXAM,D1 Southeastern Conference,730302720,NMSU,262273464,2020-03-07 13:00:00,1,3,2,2,1575417686,C. Roa,R,FA,R,0.674813578701,4.06152851255,17.7702508793,9.46558163457,6.05369482688,F,K,-0.898416263214,6.8897273306,93.4226090261,2161.58201314,208.002559212,0.0
1772,2020,3032,TXAM,D1 Southeastern Conference,730302720,NMSU,262273464,2020-03-07 13:00:00,1,3,2,2,1575417686,C. Roa,R,SL,R,0.988806029659,2.28456923785,0.175811555196,-7.34247477855,5.51145267871,SS,K,-1.22550744762,6.73884947741,83.1704463483,2135.54782063,91.672385569,-0.15
1773,2020,3032,TXAM,D1 Southeastern Conference,730302720,NMSU,262273464,2020-03-07 13:00:00,2,0,0,0,1575417686,C. Roa,R,FA,L,-0.376373598402,1.68358220759,21.0101226388,12.4075189934,6.01144122601,B,BB,-0.940459923777,6.88983058905,91.7688527725,2209.08537563,210.526830608,0.13
1774,2020,3032,TXAM,D1 Southeastern Conference,730302720,NMSU,262273464,2020-03-07 13:00:00,2,1,0,0,1575417686,C. Roa,R,CH,L,-0.271996286658,2.41060897328,19.0840794571,15.8088160293,5.91447709573,F,BB,-1.21193463082,6.69186631556,83.8772919378,1957.71984769,219.58252713,-0.15
1775,2020,3032,TXAM,D1 Southeastern Conference,730302720,NMSU,262273464,2020-03-07 13:00:00,2,1,1,0,1575417686,C. Roa,R,FA,L,1.21881988045,1.96317422645,22.0553071821,7.05492634716,5.84994833298,B,BB,-0.896420696316,6.96553097897,92.4270078621,2132.96874478,197.714587038,0.13
1776,2020,3032,TXAM,D1 Southeastern Conference,730302720,NMSU,262273464,2020-03-07 13:00:00,2,2,1,0,1575417686,C. Roa,R,FA,L,0.208104734137,3.15665049043,19.2576633253,8.55766567825,5.90953310135,SS,BB,-0.723768135792,6.91252012419,92.1643009787,2005.1783513,203.924857186,-0.15
1777,2020,3032,TXAM,D1 Southeastern Conference,730302720,NMSU,262273464,2020-03-07 13:00:00,2,2,2,0,1575417686,C. Roa,R,CU,L,1.26287276778,0.618069225421,-0.59527627944,3.12073543375,5.61310337199,B,BB,-0.816843233288,6.97124237325,80.4403658059,2184.38280993,280.058917485,0.13
1778,2020,3032,TXAM,D1 Southeastern Conference,730302720,NMSU,262273464,2020-03-07 13:00:00,2,3,2,0,1575417686,C. Roa,R,FA,L,-0.105098072383,3.30733739584,22.8357645188,6.93103749538,5.99426953133,F,BB,-0.937783929271,6.928564348,93.2777846986,2115.41594786,196.862755004,0.0
1779,2020,3032,TXAM,D1 Southeastern Conference,730302720,NMSU,262273464,2020-03-07 13:00:00,2,3,2,0,1575417686,C. Roa,R,FA,L,1.18140270157,3.22963716268,20.855647804,7.76581415041,6.05492200091,B,BB,-0.81814102569,6.90171735784,93.3299366711,2138.464239,200.396231372,0.8
1780,2020,3032,TXAM,D1 Southeastern Conference,730302720,NMSU,262273464,2020-03-07 13:00:00,2,0,0,0,1575417686,C. Roa,R,SL,R,0.171540965123,3.08131976199,-0.863630803619,-3.82958689732,5.4980810618,SL,K,-1.26549205573,6.74367379607,82.4683938546,2240.60531855,77.8494837329,-0.15
1781,2020,3032,TXAM,D1 Southeastern Conference,730302720,NMSU,262273464,2020-03-07 13:00:00,2,0,1,0,1575417686,C. Roa,R,FA,R,0.866413493109,3.41914535812,19.1235751696,3.14230499363,6.25134088424,SS,K,-1.03287177492,6.75938716365,92.4663676985,2053.3458216,189.31658274,-0.15
1782,2020,3032,TXAM,D1 Southeastern Conference,730302720,NMSU,262273464,2020-03-07 13:00:00,2,0,2,0,1575417686,C. Roa,R,FA,R,1.47552107874,4.66773437631,18.7981415334,5.77960107684,5.90693150244,B,K,-0.693236829649,7.05606561825,93.625406036,2018.41093842,197.064606079,0.13
1783,2020,3032,TXAM,D1 Southeastern Conference,730302720,NMSU,262273464,2020-03-07 13:00:00,2,1,2,0,1575417686,C. Roa,R,FA,R,0.051946097463,3.64812703376,19.836960946,8.84675791572,5.85123185398,F,K,-0.884602678444,7.02172411515,94.0450892711,1982.62221792,204.003636014,0.0
1784,2020,3032,TXAM,D1 Southeastern Conference,730302720,NMSU,262273464,2020-03-07 13:00:00,2,1,2,0,1575417686,C. Roa,R,SL,R,1.3015047658,2.04738729957,-1.39864992815,-3.3354216057,5.79842135479,SS,K,-1.40961583718,6.57378854399,84.7613190061,2333.92212814,67.7880804865,-0.15
1785,2020,3032,TXAM,D1 Southeastern Conference,730302720,NMSU,262273464,2020-03-07 13:00:00,2,0,0,1,1575417686,C. Roa,R,FA,L,0.365878216111,1.7409196966,21.9196210257,8.33949935301,6.0686902009,B,BB,-1.05846760451,6.85173064618,94.2462915893,2220.48977051,200.804211402,0.13
1786,2020,3032,TXAM,D1 Southeastern Conference,730302720,NMSU,262273464,2020-03-07 13:00:00,2,1,0,1,1575417686,C. Roa,R,CH,L,-0.57292181008,2.82170303021,15.6346599846,12.289517859,6.01139476075,SL,BB,-1.32008277811,6.60026464879,84.6054620222,1832.22132957,218.10427104,-0.15
1787,2020,3032,TXAM,D1 Southeastern Conference,730302720,NMSU,262273464,2020-03-07 13:00:00,2,1,1,1,1575417686,C. Roa,R,CU,L,0.538669268135,2.6536001659,-6.84829301541,0.28753753485,5.63264198469,SL,BB,-0.840692349987,6.84238748423,79.082556323,2134.98444465,357.580814764,-0.15
1788,2020,3032,TXAM,D1 Southeastern Conference,730302720,NMSU,262273464,2020-03-07 13:00:00,2,1,2,1,1575417686,C. Roa,R,FA,L,-0.0528318580149,0.858122634439,23.309187893,10.3280574317,6.19197414007,B,BB,-0.764604834803,6.88619248671,95.2688628834,2223.32392226,203.871491381,0.13
1789,2020,3032,TXAM,D1 Southeastern Conference,730302720,NMSU,262273464,2020-03-07 13:00:00,2,2,2,1,1575417686,C. Roa,R,CU,L,1.01954169972,1.44776708384,-7.83079966401,0.00503487847987,5.82317592127,B,BB,-0.917533932043,6.84500745776,79.701964048,2125.14687136,359.962965432,0.13
1790,2020,3032,TXAM,D1 Southeastern Conference,730302720,NMSU,262273464,2020-03-07 13:00:00,2,3,2,1,1575417686,C. Roa,R,CH,L,0.860513519637,1.2191866816,13.8234119385,18.6656244514,6.16207633066,B,BB,-1.06023000303,6.63657470558,85.3509138703,1882.27497281,233.405774589,0.8
1791,2020,3032,TXAM,D1 Southeastern Conference,730302720,NMSU,262273464,2020-03-07 13:00:00,2,0,0,1,1575417686,C. Roa,R,CU,L,0.252461098214,2.22349494711,-7.38730326521,-1.99675350285,5.67176982451,SL,BB,-0.769125953476,6.91262220348,78.8013352439,2101.32519877,15.2089116306,-0.15
1792,2020,3032,TXAM,D1 Southeastern Conference,730302720,NMSU,262273464,2020-03-07 13:00:00,2,0,1,1,1575417686,C. Roa,R,FA,L,-0.2362640694,3.09821728592,22.6234420383,9.87239456994,5.99663563348,F,BB,-0.818057565933,6.90964242798,94.0162951432,2068.20498973,203.548010141,-0.15
1793,2020,3032,TXAM,D1 Southeastern Conference,730302720,NMSU,262273464,2020-03-07 13:00:00,2,0,2,1,1575417686,C. Roa,R,CU,L,1.26262498184,1.52658890129,-3.14657436409,-0.480468765184,5.86196738799,B,BB,-0.901506937352,6.86876723784,80.6619911972,2114.68131606,8.79366860215,0.13
1794,2020,3032,TXAM,D1 Southeastern Conference,730302720,NMSU,262273464,2020-03-07 13:00:00,2,1,2,1,1575417686,C. Roa,R,SL,L,0.00882670624078,1.5161347263,4.82810523893,-3.89603784137,5.98348401069,B,BB,-1.28284818139,6.76721946685,85.0534620939,2274.42973203,141.310990822,0.13
1795,2020,3032,TXAM,D1 Southeastern Conference,730302720,NMSU,262273464,2020-03-07 13:00:00,2,2,2,1,1575417686,C. Roa,R,SL,L,0.816901922077,1.69364647253,2.07285831015,-4.20851750381,5.74780287185,B,BB,-1.12550545544,6.86273858973,85.6896542785,2256.27612343,116.616930714,0.13
1796,2020,3032,TXAM,D1 Southeastern Conference,730302720,NMSU,262273464,2020-03-07 13:00:00,2,3,2,1,1575417686,C. Roa,R,FA,L,1.31886268161,1.34001637475,20.4005641737,5.14686277564,6.4248697061,B,BB,-0.774808697629,6.88196237442,94.6073087694,2160.41783116,194.140295287,0.8
1797,2020,3032,TXAM,D1 Southeastern Conference,730302720,NMSU,262273464,2020-03-07 13:00:00,2,0,0,1,1575417686,C. Roa,R,SL,R,0.000139962430951,2.60149247609,5.77694733348,-3.86568197902,5.95834982196,IP,S,-1.20011316382,6.84014007187,84.7516497598,2295.34453924,146.379880346,1.0
1798,2020,3032,TXAM,D1 Southeastern Conference,730302720,NMSU,262273464,2020-03-07 13:00:00,2,0,0,1,1575417686,C. Roa,R,FA,L,0.183818718819,2.2762633037,18.9408605263,10.6362622041,6.23093156967,F,K,-0.8660629304,6.86944502589,93.8665852542,2226.19368838,209.278296448,-0.15
1799,2020,3032,TXAM,D1 Southeastern Conference,730302720,NMSU,262273464,2020-03-07 13:00:00,2,0,1,1,1575417686,C. Roa,R,FA,L,1.182379273,1.54698192689,20.3912813832,8.14322450209,6.34143119648,B,K,-1.06283969195,6.80113988181,93.3653861226,2102.22810143,201.740061224,0.13
1800,2020,3032,TXAM,D1 Southeastern Conference,730302720,NMSU,262273464,2020-03-07 13:00:00,2,1,1,1,1575417686,C. Roa,R,CH,L,-0.113225158191,2.7607550671,12.6091849567,18.411002966,6.15703195896,SS,K,-1.08950578257,6.71170102007,84.1524050311,1769.26501223,235.515035203,-0.15
1801,2020,3032,TXAM,D1 Southeastern Conference,730302720,NMSU,262273464,2020-03-07 13:00:00,2,1,2,1,1575417686,C. Roa,R,CU,L,1.21878892976,1.82865239217,-2.60951784244,-2.87100152454,5.83279950782,F,K,-0.764023554941,6.94317703043,80.3056854151,1977.40494003,48.1872642101,0.0
1802,2020,3032,TXAM,D1 Southeastern Conference,730302720,NMSU,262273464,2020-03-07 13:00:00,2,1,2,1,1575417686,C. Roa,R,FA,L,0.565039265176,2.21706681927,20.2480063297,8.0015894497,6.15274086046,SL,K,-0.77267572378,6.87566123984,94.031405061,2013.22832887,201.534355881,-0.15
1803,2020,3032,TXAM,D1 Southeastern Conference,730302720,NMSU,262273464,2020-03-07 13:00:00,2,0,0,2,1575417686,C. Roa,R,FA,L,0.390805829154,2.37532632376,21.0148884726,7.17076913088,6.20918002536,F,IP_OUT,-1.00103923011,6.8798039683,93.3445260062,2109.05486108,198.815957711,-0.15
1804,2020,3032,TXAM,D1 Southeastern Conference,730302720,NMSU,262273464,2020-03-07 13:00:00,2,0,1,2,1575417686,C. Roa,R,CU,L,0.348764006591,3.00368912912,-6.85260598943,-7.25998692008,5.68319906123,SL,IP_OUT,-0.763246078603,6.84710816684,78.7238912548,2000.74748261,46.8303991854,-0.15
1805,2020,3032,TXAM,D1 Southeastern Conference,730302720,NMSU,262273464,2020-03-07 13:00:00,2,0,2,2,1575417686,C. Roa,R,FA,L,0.614566378984,4.77722273009,18.6369884069,9.47034592152,5.967962174,B,IP_OUT,-0.79315075958,7.00241007867,94.6449711497,2181.72150083,206.901260915,0.13
1806,2020,3032,TXAM,D1 Southeastern Conference,730302720,NMSU,262273464,2020-03-07 13:00:00,2,1,2,2,1575417686,C. Roa,R,CU,L,0.870610136081,2.37841343541,-5.79503059632,-2.97032692758,5.78193531288,F,IP_OUT,-0.679785943147,6.91115262948,79.8207623413,2008.4571486,27.3040012077,0.0
1807,2020,3032,TXAM,D1 Southeastern Conference,730302720,NMSU,262273464,2020-03-07 13:00:00,3,0,0,0,1575417686,C. Roa,R,FA,R,1.27777274412,3.35917941939,20.0947349354,9.07406744425,5.85349685801,SL,IP_OUT,-0.585967423774,7.00943089425,89.5360714486,2212.1491491,204.267163961,-0.15
1808,2020,3032,TXAM,D1 Southeastern Conference,730302720,NMSU,262273464,2020-03-07 13:00:00,3,0,1,0,1575417686,C. Roa,R,CH,R,0.202313711904,4.7859043153,21.6186237827,13.4753768789,5.76040035985,B,IP_OUT,-1.13436599994,6.81992072439,82.0133780246,2010.27455839,211.88934571,0.13
1809,2020,3032,TXAM,D1 Southeastern Conference,730302720,NMSU,262273464,2020-03-07 13:00:00,3,1,1,0,1575417686,C. Roa,R,CH,R,0.00838809177492,3.98118856696,18.244817964,15.6720406939,5.70580198586,F,IP_OUT,-1.27432665347,6.67688736576,81.4600578708,1841.63796574,220.600278061,-0.15
1810,2020,3032,TXAM,D1 Southeastern Conference,730302720,NMSU,262273464,2020-03-07 13:00:00,3,0,0,1,1575417686,C. Roa,R,SL,R,-0.0850508986598,3.58054418193,8.6567223531,-1.04849251923,5.58970765715,SL,K,-1.28932854981,6.80128517535,82.0655055404,2211.71861104,173.125125983,-0.15
1811,2020,3032,TXAM,D1 Southeastern Conference,730302720,NMSU,262273464,2020-03-07 13:00:00,3,0,1,1,1575417686,C. Roa,R,FA,R,1.8993118943,5.34413553415,22.2440110965,8.38375085945,5.91660390046,B,K,-0.808778819252,6.9449919388,90.1145280962,2125.09403156,200.623733458,0.13
1812,2020,3032,TXAM,D1 Southeastern Conference,730302720,NMSU,262273464,2020-03-07 13:00:00,3,1,1,1,1575417686,C. Roa,R,FA,R,0.422353380167,2.24015051228,23.6671709671,6.11815522176,6.05560741763,SS,K,-0.662694664126,7.00133249194,91.5464175432,2130.65012999,194.475720091,-0.15
1813,2020,3032,TXAM,D1 Southeastern Conference,730302720,NMSU,262273464,2020-03-07 13:00:00,3,1,2,1,1575417686,C. Roa,R,SL,R,1.57973038433,1.52297580787,7.4379030081,-6.1244717982,5.82501326761,SS,K,-1.32735305461,6.66098085762,82.9564611803,2356.9782157,140.676027196,-0.15
1814,2020,3032,TXAM,D1 Southeastern Conference,730302720,NMSU,262273464,2020-03-07 13:00:00,3,0,0,2,1575417686,C. Roa,R,FA,L,-0.0624237390003,3.87540847394,21.3661973433,9.03418176621,5.95185198436,SS,IP_OUT,-0.958244632413,6.86544973017,91.6516619833,2189.27826328,202.889695162,-0.15
1815,2020,3032,TXAM,D1 Southeastern Conference,730302720,NMSU,262273464,2020-03-07 13:00:00,4,0,0,0,1575417686,C. Roa,R,FA,R,0.765132224939,4.05005490516,23.2550087664,5.35367970546,5.80544999832,SS,K,-0.825421409507,6.96316267715,90.8422818807,2106.81614711,192.947122566,-0.15
1816,2020,3032,TXAM,D1 Southeastern Conference,730302720,NMSU,262273464,2020-03-07 13:00:00,4,0,1,0,1575417686,C. Roa,R,FA,R,-0.532056536521,3.78856351102,20.0077590647,10.6909931231,5.76788592535,F,K,-0.741922759508,7.10274834688,90.9413536708,2021.23047898,208.078971278,-0.15
1817,2020,3032,TXAM,D1 Southeastern Conference,730302720,NMSU,262273464,2020-03-07 13:00:00,4,0,2,0,1575417686,C. Roa,R,SL,R,0.86928419793,2.39422987679,5.66446724392,1.32318444661,5.27428759693,SS,K,-1.09337440521,6.88114226603,82.6636655796,2354.04795299,193.058106734,-0.15
1818,2020,3032,TXAM,D1 Southeastern Conference,730302720,NMSU,262273464,2020-03-07 13:00:00,4,0,0,1,1575417686,C. Roa,R,CH,L,-0.813220524636,2.34027144125,17.6141011359,12.7400245021,5.78645422019,SS,IP_OUT,-1.00803277123,6.90256968413,84.2523425633,1900.9155534,215.819354355,-0.15
1819,2020,3032,TXAM,D1 Southeastern Conference,730302720,NMSU,262273464,2020-03-07 13:00:00,4,0,1,1,1575417686,C. Roa,R,CH,L,0.959163134191,1.2749838998,17.6836347464,17.6655304604,6.20240225239,B,IP_OUT,-1.00137700528,6.67713018453,84.8817111627,1947.09933684,224.911164304,0.13
1820,2020,3032,TXAM,D1 Southeastern Conference,730302720,NMSU,262273464,2020-03-07 13:00:00,4,1,1,1,1575417686,C. Roa,R,FA,L,1.42829121677,1.31565928264,21.2417476842,5.56605577553,5.95125460464,B,IP_OUT,-0.56052993853,7.07460259771,91.7567311023,2096.25511008,194.662381766,0.13
1821,2020,3032,TXAM,D1 Southeastern Conference,730302720,NMSU,262273464,2020-03-07 13:00:00,4,2,1,1,1575417686,C. Roa,R,FA,L,-0.184188084491,0.827459330728,20.9568777762,9.96818982658,6.05789714277,B,IP_OUT,-0.684003183756,6.94211941865,92.5739636732,2094.29905897,205.405314776,0.13
1822,2020,3032,TXAM,D1 Southeastern Conference,730302720,NMSU,262273464,2020-03-07 13:00:00,4,0,0,2,1575417686,C. Roa,R,CH,L,0.666326212252,2.89488919956,20.8981663188,13.2202248196,6.0239101739,SS,K,-1.14333584662,6.72001544202,83.4889814496,1993.11745034,212.270371006,-0.15
1823,2020,3032,TXAM,D1 Southeastern Conference,730302720,NMSU,262273464,2020-03-07 13:00:00,4,0,1,2,1575417686,C. Roa,R,CU,L,1.07819010585,2.25496592065,-3.19936280026,-1.46803676466,5.62332677441,SL,K,-0.830253439714,6.87319549797,78.9439597984,2081.18081682,24.9442477064,-0.15
1824,2020,3032,TXAM,D1 Southeastern Conference,730302720,NMSU,262273464,2020-03-07 13:00:00,4,0,2,2,1575417686,C. Roa,R,FA,L,1.21145236352,4.28360205529,22.728859745,5.40139507513,6.00845160172,B,K,-0.528342270963,7.0353586917,93.2442362537,2203.60865642,193.350614427,0.13
1825,2020,3032,TXAM,D1 Southeastern Conference,730302720,NMSU,262273464,2020-03-07 13:00:00,4,1,2,2,1575417686,C. Roa,R,CH,L,-0.0793791514771,2.55802472364,11.9737339413,12.761298355,5.96291564544,SS,K,-1.16768533987,6.59570077083,83.5283196146,1825.30952575,226.732582492,-0.15
1826,2020,3032,TXAM,D1 Southeastern Conference,730302720,NMSU,262273464,2020-03-07 13:00:00,5,0,0,0,1575417686,C. Roa,R,FA,R,0.913280812757,3.67760042404,22.8108894143,5.50528143087,5.87613399083,F,T,-0.66609315725,7.01091688334,90.1338800651,2210.3072362,193.549786422,-0.15
1827,2020,3032,TXAM,D1 Southeastern Conference,730302720,NMSU,262273464,2020-03-07 13:00:00,5,0,1,0,1575417686,C. Roa,R,FA,R,1.70150084877,2.77239396108,19.7698804299,13.9487537847,5.8789577847,B,T,-0.826027633681,7.09078333441,91.6199815849,2129.9915071,215.162120164,0.13
1828,2020,3032,TXAM,D1 Southeastern Conference,730302720,NMSU,262273464,2020-03-07 13:00:00,5,1,1,0,1575417686,C. Roa,R,SL,R,-0.461713563235,4.00381069648,6.34001039004,-3.86132378635,5.66980669083,B,T,-1.20465229701,6.80988940219,82.8779716803,2175.03632915,148.811947605,0.13
1829,2020,3032,TXAM,D1 Southeastern Conference,730302720,NMSU,262273464,2020-03-07 13:00:00,5,2,1,0,1575417686,C. Roa,R,FA,R,-0.58907299416,2.03703838989,20.4165279869,12.1015450739,5.97328394811,F,T,-0.717850669911,6.99706478591,91.5764227739,2087.55672889,210.617996803,-0.15
1830,2020,3032,TXAM,D1 Southeastern Conference,730302720,NMSU,262273464,2020-03-07 13:00:00,5,2,2,0,1575417686,C. Roa,R,SL,R,0.806316225266,2.00725910067,4.94551096236,-1.50531736423,5.91132920108,F,T,-1.13188794136,6.79988424988,83.5686087779,2201.71036458,163.192795729,0.0
1831,2020,3032,TXAM,D1 Southeastern Conference,730302720,NMSU,262273464,2020-03-07 13:00:00,5,2,2,0,1575417686,C. Roa,R,FA,R,1.03239662892,2.28314813549,22.2925852506,5.60871294352,6.08406297261,B,T,-0.485862558522,6.93423166284,92.211116811,2104.75782697,194.103604185,0.13
1832,2020,3032,TXAM,D1 Southeastern Conference,730302720,NMSU,262273464,2020-03-07 13:00:00,5,3,2,0,1575417686,C. Roa,R,FA,R,-0.381925985602,2.03005610949,19.9715273524,8.48862670236,6.07802983994,IP,T,-0.644692974916,6.91289081904,91.7806614075,2118.92228978,202.995201945,1.54
1833,2020,3032,TXAM,D1 Southeastern Conference,730302720,NMSU,262273464,2020-03-07 13:00:00,5,0,0,0,1575417686,C. Roa,R,CU,L,0.0110222799112,3.66212213012,-7.88967920428,-5.74662037654,5.62741212964,SL,D,-0.617876380249,6.91805895811,76.9690861669,2074.76777518,36.2231729602,-0.15
1834,2020,3032,TXAM,D1 Southeastern Conference,730302720,NMSU,262273464,2020-03-07 13:00:00,5,0,1,0,1575417686,C. Roa,R,FA,L,2.22006303736,2.52622552501,19.6577440818,9.23350476652,5.89089968569,B,D,-0.862855922293,6.99293782281,92.2253445629,2128.69483275,205.125249799,0.13
1835,2020,3032,TXAM,D1 Southeastern Conference,730302720,NMSU,262273464,2020-03-07 13:00:00,5,1,1,0,1575417686,C. Roa,R,FA,L,1.7519209533,2.50174527658,21.7741575414,8.32883385152,6.01885205743,B,D,-0.879544693542,6.90526565341,91.6458815738,2194.56613165,200.904878856,0.13
1836,2020,3032,TXAM,D1 Southeastern Conference,730302720,NMSU,262273464,2020-03-07 13:00:00,5,2,1,0,1575417686,C. Roa,R,FA,L,0.0999154462384,2.42009649681,16.9296197584,9.98524342134,6.05198799181,IP,D,-1.03936667409,6.8553145363,91.4626616267,2020.44703251,210.486254639,1.26
1837,2020,3032,TXAM,D1 Southeastern Conference,730302720,NMSU,262273464,2020-03-07 13:00:00,5,0,0,1,1575417686,C. Roa,R,FA,R,1.18530123004,3.22085930188,19.5835310769,10.0749373165,6.43554899451,F,D,-0.756348255518,6.89019758641,91.5201604955,2066.95183956,207.187434398,-0.15
1838,2020,3032,TXAM,D1 Southeastern Conference,730302720,NMSU,262273464,2020-03-07 13:00:00,5,0,1,1,1575417686,C. Roa,R,SL,R,1.5283687971,3.14267196736,3.88490341642,-7.71954343575,5.85610025132,B,D,-1.14510036188,6.7667515733,84.6465423724,2299.03532623,116.93543957,0.13
1839,2020,3032,TXAM,D1 Southeastern Conference,730302720,NMSU,262273464,2020-03-07 13:00:00,5,1,1,1,1575417686,C. Roa,R,SL,R,2.31501235723,1.31375249942,5.11638087476,-1.49295313956,6.23987411815,B,D,-1.26232244407,6.69796094506,84.6919023193,2214.48813184,163.842924767,0.13
1840,2020,3032,TXAM,D1 Southeastern Conference,730302720,NMSU,262273464,2020-03-07 13:00:00,5,2,1,1,1575417686,C. Roa,R,SL,R,0.354392919462,2.76016062654,8.4392635826,-1.14406091173,5.80737514878,IP,D,-1.21353414122,6.79845929982,83.7570776694,2253.09343539,172.314082071,1.26
1841,2020,3032,TXAM,D1 Southeastern Conference,730302720,NMSU,262273464,2020-03-07 13:00:00,5,0,0,1,1198727814,C. Jozwiak,L,FA,L,-0.0798583015585,2.58570383972,16.9731153736,-10.6086109502,5.51222906871,SL,FC,2.30526536219,5.43241233082,90.1337332519,2025.86867797,148.043795549,-0.15
1842,2020,3032,TXAM,D1 Southeastern Conference,730302720,NMSU,262273464,2020-03-07 13:00:00,5,0,1,1,1198727814,C. Jozwiak,L,SL,L,-2.31208605937,1.8164205137,1.95642454244,10.1528428008,5.18759182493,B,FC,2.20911921249,5.42600714996,78.9284765439,2698.70609742,258.85490033,0.13
1843,2020,3032,TXAM,D1 Southeastern Conference,730302720,NMSU,262273464,2020-03-07 13:00:00,5,1,1,1,1198727814,C. Jozwiak,L,SL,L,-1.13170697627,1.63273747478,-5.15705049869,10.3611157372,5.11167300829,B,FC,2.41539035609,5.41310129287,78.5450024356,2666.15628529,296.26615637,0.13
1844,2020,3032,TXAM,D1 Southeastern Conference,730302720,NMSU,262273464,2020-03-07 13:00:00,5,2,1,1,1198727814,C. Jozwiak,L,FA,L,-0.0180611774021,1.09184958763,15.874716209,-13.4699952427,5.5791769088,B,FC,2.34416858041,5.35662220605,90.3691212406,2019.93725927,139.743373402,0.13
1845,2020,3032,TXAM,D1 Southeastern Conference,730302720,NMSU,262273464,2020-03-07 13:00:00,5,3,1,1,1198727814,C. Jozwiak,L,FA,L,-0.22909289743,2.59388052798,17.0853722708,-12.701710784,5.50745126063,IP,FC,2.47793347679,5.33392747797,90.3315911484,2069.8882897,143.425042412,-0.21
1846,2020,3032,TXAM,D1 Southeastern Conference,730302720,NMSU,262273464,2020-03-07 13:00:00,5,0,0,1,1198727814,C. Jozwiak,L,SL,R,-1.50016987505,1.14463229934,2.85786047902,13.7976438318,5.25709298841,B,IP_OUT,2.48699006295,5.51944344131,76.8419631826,2621.55578396,258.115826802,0.13
1847,2020,3032,TXAM,D1 Southeastern Conference,730302720,NMSU,262273464,2020-03-07 13:00:00,5,0,0,2,1198727814,C. Jozwiak,L,FA,L,-1.84373036611,0.994071678298,18.4880873059,-11.9691590371,5.60198590298,B,IP_OUT,2.38670401892,5.48853321734,91.5408312436,1987.32937576,147.126657438,0.13
1848,2020,3032,TXAM,D1 Southeastern Conference,730302720,NMSU,262273464,2020-03-07 13:00:00,5,1,0,2,1198727814,C. Jozwiak,L,FA,L,-0.410094736726,3.360402912,19.2519524723,-12.6395798377,5.45987635239,SL,IP_OUT,2.26066566558,5.50569222393,90.0623466024,2109.13039617,146.759183268,-0.15
1849,2020,3032,TXAM,D1 Southeastern Conference,730302720,NMSU,262273464,2020-03-07 13:00:00,5,1,1,2,1198727814,C. Jozwiak,L,SL,L,0.777838021735,3.43927568349,-3.29171334583,15.9669363669,5.28046892127,SL,IP_OUT,2.53678253545,5.40059154119,79.7307724551,2671.68725148,281.502149084,-0.15
1850,2020,3032,TXAM,D1 Southeastern Conference,730302720,NMSU,262273464,2020-03-07 13:00:00,5,1,2,2,1198727814,C. Jozwiak,L,FA,L,-0.625008978901,0.195080708963,16.077600835,-16.8954438122,5.49257897806,B,IP_OUT,2.23083821863,5.40107857944,92.3494275089,2033.73306135,133.635937658,0.13
1851,2020,3032,TXAM,D1 Southeastern Conference,730302720,NMSU,262273464,2020-03-07 13:00:00,5,2,2,2,1198727814,C. Jozwiak,L,SL,L,0.840110729572,2.92481873121,1.03162820533,15.449027484,5.15116197834,F,IP_OUT,2.32574115967,5.33070086689,80.833367222,2678.66303793,266.026712675,0.0
1852,2020,3032,TXAM,D1 Southeastern Conference,730302720,NMSU,262273464,2020-03-07 13:00:00,5,2,2,2,1198727814,C. Jozwiak,L,FA,L,-0.60674382232,1.70554109293,16.3046259723,-8.32570738091,5.4877555554,B,IP_OUT,2.39653081949,5.35399759129,91.2579495946,1916.27600512,152.995377257,0.13
1853,2020,3032,TXAM,D1 Southeastern Conference,730302720,NMSU,262273464,2020-03-07 13:00:00,6,0,0,0,1198727814,C. Jozwiak,L,FA,L,0.354843503408,3.34363232765,14.9002824238,-12.5595294807,5.53705811919,IP,D,2.40710969645,5.44695354795,89.4493998091,2065.34105049,139.935631263,1.26
1854,2020,3032,TXAM,D1 Southeastern Conference,730302720,NMSU,262273464,2020-03-07 13:00:00,6,0,0,0,1198727814,C. Jozwiak,L,FA,R,0.488918064128,1.75507496266,18.2209408717,-13.2327681493,5.53217412967,SL,IP_OUT,2.50784803674,5.43851793177,90.1761550826,2183.27974439,144.060418438,-0.15
1855,2020,3032,TXAM,D1 Southeastern Conference,730302720,NMSU,262273464,2020-03-07 13:00:00,6,0,1,0,1198727814,C. Jozwiak,L,SL,R,1.83517754302,3.39388610246,-2.24672622181,12.058857162,5.22119224892,B,IP_OUT,2.55208796958,5.3954271174,77.4995889774,2520.96027671,280.349426959,0.13
1856,2020,3032,TXAM,D1 Southeastern Conference,730302720,NMSU,262273464,2020-03-07 13:00:00,6,1,1,0,1198727814,C. Jozwiak,L,SL,R,0.0449959243865,3.28662080693,-2.48631655328,12.7165536561,5.25594386064,F,IP_OUT,2.3618496569,5.49037502489,78.3090751714,2586.15022445,280.874645001,-0.15
1857,2020,3032,TXAM,D1 Southeastern Conference,730302720,NMSU,262273464,2020-03-07 13:00:00,6,1,2,0,1198727814,C. Jozwiak,L,FA,R,-0.951636623939,1.01199913111,18.1664787125,-8.18022912654,5.57705154651,B,IP_OUT,2.14079401213,5.5928804585,90.9029454796,1894.36256455,155.797046105,0.13
1858,2020,3032,TXAM,D1 Southeastern Conference,730302720,NMSU,262273464,2020-03-07 13:00:00,6,0,0,1,1198727814,C. Jozwiak,L,FA,L,-0.503946406577,2.07654313879,21.6134966493,-7.93855186957,5.45428781917,SL,K,2.28091690878,5.47351548828,90.5800420627,2118.40648524,159.860329496,-0.15
1859,2020,3032,TXAM,D1 Southeastern Conference,730302720,NMSU,262273464,2020-03-07 13:00:00,6,0,2,1,1198727814,C. Jozwiak,L,SL,L,-0.792482338445,1.73510262809,-4.25225822629,9.89403277808,5.35216552252,SS,K,2.460265006,5.17897930812,81.2802287122,2683.58993899,293.058823267,-0.15
1860,2020,3032,TXAM,D1 Southeastern Conference,730302720,NMSU,262273464,2020-03-07 13:00:00,6,0,0,2,1198727814,C. Jozwiak,L,FA,L,-0.724056797977,3.107753748,16.9119246283,-8.30407658384,5.58958959738,SL,BB,2.30315186724,5.48956446191,91.1337428822,1981.94573253,153.891376507,-0.15
1861,2020,3032,TXAM,D1 Southeastern Conference,730302720,NMSU,262273464,2020-03-07 13:00:00,6,0,1,2,1198727814,C. Jozwiak,L,FA,L,-0.660305501259,2.73334976824,18.245667402,-10.9457387871,5.55346228635,SL,BB,2.23386664182,5.43620809456,91.5514089909,2071.82207775,149.084780362,-0.15
1862,2020,3032,TXAM,D1 Southeastern Conference,730302720,NMSU,262273464,2020-03-07 13:00:00,6,0,2,2,1198727814,C. Jozwiak,L,SL,L,-1.05244556799,2.69565578861,-4.39930686689,8.41402998395,5.26328541428,B,BB,2.38591057198,5.25458466107,82.5609134098,2623.58943104,297.391426372,0.13
1863,2020,3032,TXAM,D1 Southeastern Conference,730302720,NMSU,262273464,2020-03-07 13:00:00,6,1,2,2,1198727814,C. Jozwiak,L,SL,L,-1.10259080754,1.50697123455,-4.02935001317,9.25966401087,5.44592310347,B,BB,2.38470491752,5.39325869199,82.8909267478,2729.13196567,293.313703596,0.13
1864,2020,3032,TXAM,D1 Southeastern Conference,730302720,NMSU,262273464,2020-03-07 13:00:00,6,2,2,2,1198727814,C. Jozwiak,L,FA,L,0.72820904377,1.94338469702,14.0023607457,-14.6044736133,5.62389117626,F,BB,2.40498767733,5.34884047861,92.1443026766,2260.97605719,133.85860178,0.0
1865,2020,3032,TXAM,D1 Southeastern Conference,730302720,NMSU,262273464,2020-03-07 13:00:00,6,2,2,2,1198727814,C. Jozwiak,L,FA,L,-1.27460947959,1.94399118561,17.7580476806,-10.045071077,5.63377640867,B,BB,2.3015786196,5.45301394269,92.218750167,2007.75164965,150.548271835,0.13
1866,2020,3032,TXAM,D1 Southeastern Conference,730302720,NMSU,262273464,2020-03-07 13:00:00,6,3,2,2,1198727814,C. Jozwiak,L,FA,L,-1.10073032551,0.804855757074,17.6212664176,-8.88535548898,5.55173868223,B,BB,2.23008716378,5.42765577737,91.6784559069,2007.0407232,153.28246917,0.8
1867,2020,3032,TXAM,D1 Southeastern Conference,730302720,NMSU,262273464,2020-03-07 13:00:00,7,1,1,0,1198727814,C. Jozwiak,L,FA,L,-0.187377121982,2.65705586749,20.8373134992,-6.90672906806,5.46747117795,F,K,2.52200041606,5.34835883749,91.4361661249,2172.2821553,161.688305373,-0.15
1868,2020,3032,TXAM,D1 Southeastern Conference,730302720,NMSU,262273464,2020-03-07 13:00:00,7,1,2,0,1198727814,C. Jozwiak,L,SL,L,0.872014945506,2.06750081303,-4.72104837534,9.99658246642,5.29852207411,SL,K,2.35000524774,5.20183655952,80.5573769948,2611.89405278,295.087422304,-0.15
1869,2020,3032,TXAM,D1 Southeastern Conference,730302720,NMSU,262273464,2020-03-07 13:00:00,7,0,0,1,1198727814,C. Jozwiak,L,FA,R,1.14690952459,3.02181027747,16.2370711538,-8.05374711754,5.50984521493,SS,S,2.51477339987,5.35160482921,90.9121142753,2043.3266772,153.663306347,-0.15
1870,2020,3032,TXAM,D1 Southeastern Conference,730302720,NMSU,262273464,2020-03-07 13:00:00,7,0,1,1,1198727814,C. Jozwiak,L,FA,R,1.13879693365,3.57589967183,13.2426844272,-15.7797241916,5.45665121085,B,S,2.7420148351,5.31240694417,90.7707805494,2196.09954528,130.073534675,0.13
1871,2020,3032,TXAM,D1 Southeastern Conference,730302720,NMSU,262273464,2020-03-07 13:00:00,7,1,1,1,1198727814,C. Jozwiak,L,CH,R,0.542888260011,1.21604679342,10.4269386932,-14.99636598,5.51003555028,B,S,2.47231681944,5.52559813164,84.7272746522,1940.73707539,124.906379923,0.13
1872,2020,3032,TXAM,D1 Southeastern Conference,730302720,NMSU,262273464,2020-03-07 13:00:00,7,2,1,1,1198727814,C. Jozwiak,L,FA,R,1.53664267879,2.92008298598,16.9040524998,-9.38629195782,5.55452109904,B,S,2.54096957317,5.37115577724,91.8940239599,2034.6032179,151.00338136,0.13
1873,2020,3032,TXAM,D1 Southeastern Conference,730302720,NMSU,262273464,2020-03-07 13:00:00,7,3,1,1,1198727814,C. Jozwiak,L,FA,R,0.170190417197,2.05251676696,15.3093969889,-9.47930905872,5.48470429985,IP,S,2.42665553975,5.31696943421,92.0723538202,1993.06138176,148.287778354,1.0
1874,2020,3032,TXAM,D1 Southeastern Conference,730302720,NMSU,262273464,2020-03-07 13:00:00,7,0,0,2,1198727814,C. Jozwiak,L,SL,L,-1.59569470064,1.26358736325,-3.03416384015,9.30011701867,5.21731650915,B,IP_OUT,2.42881460883,5.30611292831,79.9621273645,2681.59432084,287.836160663,0.13
1875,2020,3032,TXAM,D1 Southeastern Conference,730302720,NMSU,262273464,2020-03-07 13:00:00,8,0,0,0,1198727814,C. Jozwiak,L,FA,R,0.501113006369,2.59108814503,19.7797401748,-12.8176581211,5.37017610154,SS,K,2.40103745398,5.49207903588,89.0416123385,2028.3000238,147.101015265,-0.15
1876,2020,3032,TXAM,D1 Southeastern Conference,730302720,NMSU,262273464,2020-03-07 13:00:00,8,0,1,0,1198727814,C. Jozwiak,L,FA,R,0.544555785983,3.56852351248,20.1868976747,-13.3550832712,5.37320891125,SS,K,2.56910942867,5.47712347497,90.4747643622,2178.92946776,146.555732085,-0.15
1877,2020,3032,TXAM,D1 Southeastern Conference,730302720,NMSU,262273464,2020-03-07 13:00:00,8,0,2,0,1198727814,C. Jozwiak,L,FA,R,0.86503649844,5.22964785744,18.9218603641,-14.9913025717,5.2679678536,B,K,2.38170375932,5.51956004058,90.0113734234,2201.45151419,141.660778923,0.13
1878,2020,3032,TXAM,D1 Southeastern Conference,730302720,NMSU,262273464,2020-03-07 13:00:00,8,1,2,0,1198727814,C. Jozwiak,L,FA,R,-0.963302582262,2.19093257981,19.6887922823,-13.4427783681,5.48999568754,SL,K,2.12268455596,5.49486071865,91.3961695446,2245.64191492,145.720187865,-0.15
1879,2020,3032,TXAM,D1 Southeastern Conference,730302720,NMSU,262273464,2020-03-07 13:00:00,8,0,0,1,1198727814,C. Jozwiak,L,FA,L,1.48051149634,2.50948925638,20.8753664518,-13.9632829213,5.36903046684,SS,K,2.30427560746,5.39384516323,91.0367916484,2247.53514606,146.263407852,-0.15
1880,2020,3032,TXAM,D1 Southeastern Conference,730302720,NMSU,262273464,2020-03-07 13:00:00,8,0,1,1,1198727814,C. Jozwiak,L,SL,L,-0.574604061644,2.04498400339,0.344827123209,12.8519577973,5.34232528126,SL,K,2.41670157683,5.32753854458,79.7514616815,2668.70327049,268.275343844,-0.15
1881,2020,3032,TXAM,D1 Southeastern Conference,730302720,NMSU,262273464,2020-03-07 13:00:00,8,0,2,1,1198727814,C. Jozwiak,L,SL,L,-0.916908627065,0.490477964887,-5.92392087947,13.5578979602,5.42569652669,B,K,2.26591548168,5.3483663688,80.8765945223,2712.66709863,293.456866263,0.13
1882,2020,3032,TXAM,D1 Southeastern Conference,730302720,NMSU,262273464,2020-03-07 13:00:00,8,1,2,1,1198727814,C. Jozwiak,L,SL,L,-1.08245596302,2.19892447937,-6.86546772556,14.7802420795,5.28486070553,SS,K,2.39665517692,5.35855910676,80.0780055175,2657.56773778,294.780483917,-0.15
1883,2020,3032,TXAM,D1 Southeastern Conference,730302720,NMSU,262273464,2020-03-07 13:00:00,8,0,0,2,1198727814,C. Jozwiak,L,FA,L,0.20878557737,1.76777611607,18.7062580209,-16.2637699762,5.68562875022,IP,S,2.48663198822,5.30005131932,91.6791219038,2225.12929541,139.043942571,1.0
1884,2020,3032,TXAM,D1 Southeastern Conference,730302720,NMSU,262273464,2020-03-07 13:00:00,8,0,0,2,1242046590,B. Miller,R,FA,R,1.04982675726,2.36692769822,22.7239181832,8.16551823246,6.02612556034,SL,IP_OUT,-0.671685168942,5.91760274542,94.8777617392,2548.21138532,199.74175973,-0.15
1885,2020,3032,TXAM,D1 Southeastern Conference,730302720,NMSU,262273464,2020-03-07 13:00:00,8,0,1,2,1242046590,B. Miller,R,FA,R,0.37556017562,2.35517500992,21.7576686337,4.1614952514,6.07482473857,SS,IP_OUT,-0.578031842819,5.98816048529,96.0645806275,2492.42509679,190.814140451,-0.15
1886,2020,3032,TXAM,D1 Southeastern Conference,730302720,NMSU,262273464,2020-03-07 13:00:00,9,0,0,0,1242046590,B. Miller,R,FA,R,-0.479810729885,3.87143304917,23.1959103807,8.21527579137,6.05008019587,SS,K,-0.735950988027,6.00766525691,94.2865273883,2537.85701346,199.479517116,-0.15
1887,2020,3032,TXAM,D1 Southeastern Conference,730302720,NMSU,262273464,2020-03-07 13:00:00,9,0,1,0,1242046590,B. Miller,R,FA,R,0.262543913726,1.89954308624,22.3550301673,7.42701169465,5.83588124153,F,K,-0.360780975553,5.93768175973,93.5264451535,2526.13185966,198.354571421,-0.15
1888,2020,3032,TXAM,D1 Southeastern Conference,730302720,NMSU,262273464,2020-03-07 13:00:00,9,0,2,0,1242046590,B. Miller,R,FA,R,1.36721654353,4.3523540975,20.595197941,4.0635423793,6.24966525621,B,K,-0.481061918445,6.02569267542,94.6487829951,2480.22044436,191.14595268,0.13
1889,2020,3032,TXAM,D1 Southeastern Conference,730302720,NMSU,262273464,2020-03-07 13:00:00,9,1,2,0,1242046590,B. Miller,R,FA,R,-0.358621202047,2.5582486978,23.8398317217,5.69139464028,5.91453572934,F,K,-0.460471324326,6.02715589935,94.99136502,2413.04174777,193.411132999,0.0
1890,2020,3032,TXAM,D1 Southeastern Conference,730302720,NMSU,262273464,2020-03-07 13:00:00,9,1,2,0,1242046590,B. Miller,R,SL,R,1.76522026732,1.57541399317,1.3600167376,-3.37192666274,5.48848646503,B,K,-0.647785132029,5.88179643562,85.0345594822,2395.02653091,112.500083191,0.13
1891,2020,3032,TXAM,D1 Southeastern Conference,730302720,NMSU,262273464,2020-03-07 13:00:00,9,2,2,0,1242046590,B. Miller,R,SL,R,0.4699266198,1.52578797834,2.25124175223,-3.74919598349,5.52174652103,F,K,-0.80289007892,5.78919158014,86.0805435117,2344.32926867,121.383398459,0.0
1892,2020,3032,TXAM,D1 Southeastern Conference,730302720,NMSU,262273464,2020-03-07 13:00:00,9,2,2,0,1242046590,B. Miller,R,FA,R,-0.119894245976,4.14613798153,22.9547545812,5.49328714922,6.02898557919,SS,K,-0.668788983424,5.95435216145,94.8485881337,2507.24200515,193.441841366,-0.15
1893,2020,3032,TXAM,D1 Southeastern Conference,730302720,NMSU,262273464,2020-03-07 13:00:00,9,0,0,1,1242046590,B. Miller,R,FA,L,-1.29628721347,1.72179752051,22.5248930251,6.47214728395,6.14905353248,B,IP_OUT,-0.776283950343,5.95533004699,94.6644794708,2561.96159682,196.011398072,0.13
1894,2020,3032,TXAM,D1 Southeastern Conference,730302720,NMSU,262273464,2020-03-07 13:00:00,9,0,0,2,1242046590,B. Miller,R,FA,R,0.0898125983495,4.25902792634,20.637119828,6.25293215,6.20941801935,B,K,-0.574969608548,6.0087818512,95.0786074625,2511.15850919,196.834345787,0.13
1895,2020,3032,TXAM,D1 Southeastern Conference,730302720,NMSU,262273464,2020-03-07 13:00:00,9,1,0,2,1242046590,B. Miller,R,FA,R,-0.68296248812,3.81858637967,22.1820925715,10.3643849996,5.80448256473,SS,K,-0.463704510059,5.96697423876,93.5798445023,2465.028777,205.013983967,-0.15
1896,2020,3032,TXAM,D1 Southeastern Conference,730302720,NMSU,262273464,2020-03-07 13:00:00,9,1,1,2,1242046590,B. Miller,R,FA,R,0.943952928511,1.97312202004,21.185308447,6.10565441797,6.24676567633,SL,K,-0.507155806798,5.97117690709,93.761625558,2439.44706955,196.055879944,-0.15
1897,2020,3032,TXAM,D1 Southeastern Conference,730302720,NMSU,262273464,2020-03-07 13:00:00,9,1,2,2,1242046590,B. Miller,R,SL,R,0.775747320982,2.28830823335,2.08135769397,-2.43015162079,5.44462263456,SS,K,-0.736756672214,5.83769941036,85.5581723167,2450.34107963,131.066436007,-0.15
1898,2020,3032,TXAM,D1 Southeastern Conference,730302720,NMSU,148836032,2020-03-06 13:00:00,1,0,0,0,1154264785,A. Lacy,L,FA,L,-0.483701118473,2.36409394892,23.1688853793,-3.60601473871,6.07176079762,SL,K,1.01814143039,6.58615969697,93.9919990809,2169.4874164,171.164678394,-0.15
1899,2020,3032,TXAM,D1 Southeastern Conference,730302720,NMSU,148836032,2020-03-06 13:00:00,1,0,1,0,1154264785,A. Lacy,L,FA,L,-0.735735348785,2.2944388931,22.5705254852,-8.04801308351,6.05487131461,SL,K,1.07717458489,6.56066847124,93.4731552297,2345.74979152,160.399552361,-0.15
1900,2020,3032,TXAM,D1 Southeastern Conference,730302720,NMSU,148836032,2020-03-06 13:00:00,1,0,2,0,1154264785,A. Lacy,L,CU,L,-1.62068992522,-0.147619317242,-13.5291609482,5.04544812516,5.82281012992,B,K,1.44983531905,6.33300211892,80.1941357847,1986.91971642,339.489678747,0.13
1901,2020,3032,TXAM,D1 Southeastern Conference,730302720,NMSU,148836032,2020-03-06 13:00:00,1,1,2,0,1154264785,A. Lacy,L,FC,L,-1.32891642113,2.00576241337,7.14851638852,2.26900834872,5.89556389482,B,K,1.67486179716,6.3105289141,88.9118031659,2362.9599487,197.533683251,0.13
1902,2020,3032,TXAM,D1 Southeastern Conference,730302720,NMSU,148836032,2020-03-06 13:00:00,1,2,2,0,1154264785,A. Lacy,L,FA,L,-1.0639310314,1.59684523327,23.1113696607,-6.56542367587,6.27278680259,B,K,0.871026887098,6.50216978605,94.1686698389,2253.71562028,164.160670375,0.13
1903,2020,3032,TXAM,D1 Southeastern Conference,730302720,NMSU,148836032,2020-03-06 13:00:00,1,3,2,0,1154264785,A. Lacy,L,FA,L,-0.274390165559,1.6703322503,23.8989568019,-6.51641230382,6.22734975175,SL,K,1.13782649061,6.51233542967,95.7094271219,2349.57783617,164.765719297,-0.15
1904,2020,3032,TXAM,D1 Southeastern Conference,730302720,NMSU,148836032,2020-03-06 13:00:00,1,0,0,1,1154264785,A. Lacy,L,FA,R,-0.530957217771,2.75769474798,21.5397219474,-9.19471509912,6.26695418454,SS,K,1.27451260997,6.56711205505,96.6653786149,2221.75406167,156.910431885,-0.15
1905,2020,3032,TXAM,D1 Southeastern Conference,730302720,NMSU,148836032,2020-03-06 13:00:00,1,0,1,1,1154264785,A. Lacy,L,FA,R,-0.735810670021,2.72535815151,20.9083753767,-3.31405245618,6.3415384618,F,K,1.08570955092,6.52973178786,97.4297372537,2226.43298904,171.004887184,-0.15
1906,2020,3032,TXAM,D1 Southeastern Conference,730302720,NMSU,148836032,2020-03-06 13:00:00,1,0,2,1,1154264785,A. Lacy,L,FA,R,1.30822718433,3.80338280082,23.8792484058,-7.75543730572,6.26644430801,SS,K,1.09742316297,6.58713617392,96.3938167027,2254.8354012,162.027061283,-0.15
1907,2020,3032,TXAM,D1 Southeastern Conference,730302720,NMSU,148836032,2020-03-06 13:00:00,1,0,0,2,1154264785,A. Lacy,L,FA,R,0.201734684923,1.70932765084,19.3439518738,-10.6444120938,6.30661340223,F,K,1.17460270252,6.5219730369,96.3127155855,2170.79004264,151.212213491,-0.15
1908,2020,3032,TXAM,D1 Southeastern Conference,730302720,NMSU,148836032,2020-03-06 13:00:00,1,0,1,2,1154264785,A. Lacy,L,FA,R,0.595596511269,3.10740907097,22.0111788697,-7.36142358935,6.45906437895,F,K,1.02050430121,6.51503056216,95.6199567535,2234.86167469,161.530372827,-0.15
1909,2020,3032,TXAM,D1 Southeastern Conference,730302720,NMSU,148836032,2020-03-06 13:00:00,1,0,2,2,1154264785,A. Lacy,L,FA,R,0.340758644808,3.63240913376,20.8555304743,-9.66086293847,6.21551001572,SS,K,1.22750268424,6.47424474969,97.4785484875,2299.66787149,155.173965564,-0.15
1910,2020,3032,TXAM,D1 Southeastern Conference,730302720,NMSU,148836032,2020-03-06 13:00:00,2,0,0,0,1154264785,A. Lacy,L,FA,R,-0.715823666055,3.07670006082,20.5420654693,-5.92900229197,6.19477455469,SL,K,1.0758288919,6.61197687964,93.0857773603,2046.02797249,163.923086022,-0.15
1911,2020,3032,TXAM,D1 Southeastern Conference,730302720,NMSU,148836032,2020-03-06 13:00:00,2,0,1,0,1154264785,A. Lacy,L,FA,R,0.0372029831918,1.65703350371,17.5420918531,-5.14149065876,6.37965621689,SL,K,1.27167050764,6.5079875863,93.9995856141,2134.90020023,163.690296317,-0.15
1912,2020,3032,TXAM,D1 Southeastern Conference,730302720,NMSU,148836032,2020-03-06 13:00:00,2,0,2,0,1154264785,A. Lacy,L,FA,R,0.334616426385,3.40848220365,21.1977958837,-11.8092595634,6.10179612045,SS,K,1.36261949487,6.56228652798,94.3620288931,2166.51441547,150.91224555,-0.15
1913,2020,3032,TXAM,D1 Southeastern Conference,730302720,NMSU,148836032,2020-03-06 13:00:00,2,0,0,1,1154264785,A. Lacy,L,FA,L,-0.510290635126,2.41435610606,20.3389870919,-8.66345926852,6.44043604874,SL,IP_OUT,1.10048770536,6.48893605061,92.8451279317,2101.26633565,156.959130285,-0.15
1914,2020,3032,TXAM,D1 Southeastern Conference,730302720,NMSU,148836032,2020-03-06 13:00:00,2,0,1,1,1154264785,A. Lacy,L,FA,L,-0.0304967728888,2.18455061804,21.6057391211,-6.31834451461,6.42479414657,SL,IP_OUT,1.00312210069,6.4832422498,93.7701761912,2118.50503757,163.720411447,-0.15
1915,2020,3032,TXAM,D1 Southeastern Conference,730302720,NMSU,148836032,2020-03-06 13:00:00,2,0,2,1,1154264785,A. Lacy,L,FC,L,-0.820728528428,2.4416669483,7.83174354012,-1.34444522598,6.0438155579,F,IP_OUT,1.61226468213,6.29380016171,89.539680562,2384.58929847,170.29918545,0.0
1916,2020,3032,TXAM,D1 Southeastern Conference,730302720,NMSU,148836032,2020-03-06 13:00:00,2,0,2,1,1154264785,A. Lacy,L,FC,L,-1.15860025417,1.11989761686,3.61424077196,4.91193793527,5.80396567507,B,IP_OUT,1.66226616064,6.23752231602,87.8497117542,2497.60860678,233.396913167,0.13
1917,2020,3032,TXAM,D1 Southeastern Conference,730302720,NMSU,148836032,2020-03-06 13:00:00,2,1,2,1,1154264785,A. Lacy,L,FA,L,-1.23520931714,2.69066074397,22.5434765979,-4.82211354554,6.36537573768,B,IP_OUT,1.01178005835,6.52457454705,94.6887086973,2203.42957718,167.941426462,0.13
1918,2020,3032,TXAM,D1 Southeastern Conference,730302720,NMSU,148836032,2020-03-06 13:00:00,2,0,0,2,1154264785,A. Lacy,L,FA,L,-1.20071062295,1.82567300795,21.6375646561,-6.87456175665,6.49921657203,B,BB,1.01972251303,6.48915189153,93.2468560702,2183.04750077,162.397120241,0.13
1919,2020,3032,TXAM,D1 Southeastern Conference,730302720,NMSU,148836032,2020-03-06 13:00:00,2,1,0,2,1154264785,A. Lacy,L,FA,L,-1.15514402645,1.33234165596,22.9198051,-8.35929559564,6.50727502458,B,BB,1.07662614412,6.44478244337,95.1789955624,2295.02710762,159.985354566,0.13
1920,2020,3032,TXAM,D1 Southeastern Conference,730302720,NMSU,148836032,2020-03-06 13:00:00,2,2,0,2,1154264785,A. Lacy,L,FA,L,0.939181640087,0.828080945883,24.1018174545,-7.21542945021,6.31454719653,B,BB,1.24268202164,6.48522250124,95.3868388381,2247.29675489,163.352609895,0.13
1921,2020,3032,TXAM,D1 Southeastern Conference,730302720,NMSU,148836032,2020-03-06 13:00:00,2,3,0,2,1154264785,A. Lacy,L,FA,L,-1.25795271078,2.64904566607,20.0952658537,-7.7029701895,6.34584662028,B,BB,0.979332057184,6.47192197543,93.9627274443,2226.82512166,159.055333604,0.8
1922,2020,3032,TXAM,D1 Southeastern Conference,730302720,NMSU,148836032,2020-03-06 13:00:00,2,0,0,2,1154264785,A. Lacy,L,CH,R,-1.08678114792,1.70436116557,19.8448757194,-4.98965546572,6.01305436061,B,K,1.81162404156,6.22825953115,87.6247900776,1655.24069501,165.910069153,0.13
1923,2020,3032,TXAM,D1 Southeastern Conference,730302720,NMSU,148836032,2020-03-06 13:00:00,2,1,0,2,1154264785,A. Lacy,L,FA,R,0.0442799382111,2.28102216964,21.6085363014,-9.71755146845,6.15809345541,SS,K,1.47212918694,6.50895939791,94.8512638744,2183.63029766,155.814978458,-0.15
1924,2020,3032,TXAM,D1 Southeastern Conference,730302720,NMSU,148836032,2020-03-06 13:00:00,2,1,1,2,1154264785,A. Lacy,L,FA,R,-0.307185593382,1.59582962872,20.169276304,-2.10663512792,6.09740605109,F,K,1.58173109897,6.46407840843,95.3889476439,2242.1479842,174.045679954,-0.15
1925,2020,3032,TXAM,D1 Southeastern Conference,730302720,NMSU,148836032,2020-03-06 13:00:00,2,1,2,2,1154264785,A. Lacy,L,FC,R,-0.497468010272,1.73581329625,6.66467845422,4.95568749521,5.94438846491,SS,K,1.91722513727,6.20509493433,90.0863545731,2445.61089584,216.500604571,-0.15
1926,2020,3032,TXAM,D1 Southeastern Conference,730302720,NMSU,148836032,2020-03-06 13:00:00,3,0,0,0,1154264785,A. Lacy,L,FA,R,0.6929941272,2.18968669217,19.8424574793,-8.11706666978,6.26757980156,SL,IP_OUT,1.06498406964,6.64555237513,93.06105452,2104.78073142,157.782048036,-0.15
1927,2020,3032,TXAM,D1 Southeastern Conference,730302720,NMSU,148836032,2020-03-06 13:00:00,3,0,1,0,1154264785,A. Lacy,L,FC,R,-1.26044072196,2.16570003661,4.180725688,4.59321786079,5.87279828442,B,IP_OUT,1.59113523805,6.2754899424,87.7432747479,2292.46120557,227.455731817,0.13
1928,2020,3032,TXAM,D1 Southeastern Conference,730302720,NMSU,148836032,2020-03-06 13:00:00,3,1,1,0,1154264785,A. Lacy,L,FA,R,-0.753083027878,1.44442151174,22.8554877039,-4.6485294745,6.35163888497,B,IP_OUT,1.19013972742,6.54309422727,94.4047353737,2063.21772942,168.517896409,0.13
1929,2020,3032,TXAM,D1 Southeastern Conference,730302720,NMSU,148836032,2020-03-06 13:00:00,3,2,1,0,1154264785,A. Lacy,L,FA,R,-0.345795780634,2.44087561727,18.5424986932,-10.9574715844,6.23169374461,SL,IP_OUT,1.22652869506,6.47905447457,94.5351182934,2057.30302367,149.458958578,-0.15
1930,2020,3032,TXAM,D1 Southeastern Conference,730302720,NMSU,148836032,2020-03-06 13:00:00,3,0,0,1,1154264785,A. Lacy,L,FA,L,-0.191412550309,2.40002839894,19.0128145346,-9.00153828643,6.56381240199,F,K,1.12081211019,6.47335464465,93.0595268515,1954.67898825,154.699783755,-0.15
1931,2020,3032,TXAM,D1 Southeastern Conference,730302720,NMSU,148836032,2020-03-06 13:00:00,3,0,1,1,1154264785,A. Lacy,L,FA,L,-0.423732465875,2.43019984602,22.6078595362,-4.08139338831,6.41027860669,SL,K,1.0367671212,6.51257780929,94.1091743387,2214.04330223,169.779847159,-0.15
1932,2020,3032,TXAM,D1 Southeastern Conference,730302720,NMSU,148836032,2020-03-06 13:00:00,3,0,2,1,1154264785,A. Lacy,L,FC,L,-0.476587255381,2.32650454766,9.40278524079,4.20448813191,6.25174662682,SS,K,1.51165872717,6.27286951702,89.5144626796,2415.97267291,204.017113543,-0.15
1933,2020,3032,TXAM,D1 Southeastern Conference,730302720,NMSU,148836032,2020-03-06 13:00:00,3,0,0,2,1154264785,A. Lacy,L,FA,L,-0.845939941036,3.27796419716,22.8881860854,-3.32308123869,6.41251676502,SS,IP_OUT,0.89179026654,6.51247222288,94.546796725,2175.53367217,171.749542077,-0.15
1934,2020,3032,TXAM,D1 Southeastern Conference,730302720,NMSU,148836032,2020-03-06 13:00:00,3,0,1,2,1154264785,A. Lacy,L,FA,L,-0.728804794248,1.71423928807,22.8167141509,-5.99787431606,6.4002134166,B,IP_OUT,0.829052474741,6.59361733456,94.1498969154,2204.48944116,165.290139681,0.13
1935,2020,3032,TXAM,D1 Southeastern Conference,730302720,NMSU,148836032,2020-03-06 13:00:00,3,1,1,2,1154264785,A. Lacy,L,FA,L,0.129752297651,1.91495492747,22.3564544681,-7.58896143912,6.55896565504,SL,IP_OUT,0.872624500928,6.48512120015,94.6421325223,2170.25314443,161.27280788,-0.15
1936,2020,3032,TXAM,D1 Southeastern Conference,730302720,NMSU,148836032,2020-03-06 13:00:00,3,1,2,2,1154264785,A. Lacy,L,FA,L,-0.256993920666,3.36274706088,17.3437122912,-8.09385871897,6.469151615,F,IP_OUT,1.0284549543,6.51603755376,95.7277810305,2209.71389199,155.018421367,0.0
1937,2020,3032,TXAM,D1 Southeastern Conference,730302720,NMSU,148836032,2020-03-06 13:00:00,3,1,2,2,1154264785,A. Lacy,L,FA,L,-0.280122477585,3.17875788915,20.8233770833,-3.05409059861,6.48102440761,F,IP_OUT,0.859684120493,6.51200308689,95.4346614909,2297.96630522,171.667300569,0.0
1938,2020,3032,TXAM,D1 Southeastern Conference,730302720,NMSU,148836032,2020-03-06 13:00:00,3,1,2,2,1154264785,A. Lacy,L,FC,L,-1.77033253913,-0.0773697653525,8.14025800082,2.93448289127,6.39976051721,B,IP_OUT,1.50552502698,6.21270248247,89.5263431822,2446.83226627,199.751306941,0.13
1939,2020,3032,TXAM,D1 Southeastern Conference,730302720,NMSU,148836032,2020-03-06 13:00:00,4,0,0,0,1154264785,A. Lacy,L,CH,R,1.23710985368,-0.000293634736604,15.9760511137,-6.32010868781,6.07955130032,B,BB,1.58044705143,6.32963610304,86.9483975553,1609.3585018,158.459042369,0.13
1940,2020,3032,TXAM,D1 Southeastern Conference,730302720,NMSU,148836032,2020-03-06 13:00:00,4,1,0,0,1154264785,A. Lacy,L,FA,R,0.443270330792,2.71439204493,19.4538619855,-12.8424015538,6.24393936708,F,BB,1.26666890872,6.48417727887,93.9102954906,2094.75353566,146.609292957,-0.15
1941,2020,3032,TXAM,D1 Southeastern Conference,730302720,NMSU,148836032,2020-03-06 13:00:00,4,1,1,0,1154264785,A. Lacy,L,FA,R,1.76812735257,3.00028111245,18.6332474375,-10.9104232194,6.42337758748,B,BB,1.14197875198,6.50591666926,94.5076233546,2071.29596146,149.688083211,0.13
1942,2020,3032,TXAM,D1 Southeastern Conference,730302720,NMSU,148836032,2020-03-06 13:00:00,4,2,1,0,1154264785,A. Lacy,L,CH,R,0.857416721683,3.50391839942,13.8361022514,-11.3660862872,6.30484831268,B,BB,1.71489298224,6.33172287528,87.672316571,1585.0415956,140.66597732,0.13
1943,2020,3032,TXAM,D1 Southeastern Conference,730302720,NMSU,148836032,2020-03-06 13:00:00,4,3,1,0,1154264785,A. Lacy,L,FA,R,-1.25079083188,4.81183293146,23.243783089,-2.8920602023,6.42251979567,B,BB,0.843043456809,6.52586510021,95.1952255804,2019.03412377,172.916103785,0.8
1944,2020,3032,TXAM,D1 Southeastern Conference,730302720,NMSU,148836032,2020-03-06 13:00:00,4,0,0,0,1154264785,A. Lacy,L,FA,R,-1.06446814246,0.840092658529,18.3925184924,-12.0852582519,6.43907793771,B,IP_OUT,1.21570913823,6.3983182973,92.8658712708,1976.93096263,146.734852926,0.13
1945,2020,3032,TXAM,D1 Southeastern Conference,730302720,NMSU,148836032,2020-03-06 13:00:00,4,1,0,0,1154264785,A. Lacy,L,FC,R,-0.681468055831,2.98797294011,7.73644634851,2.65418328485,6.24431166828,F,IP_OUT,1.71195180741,6.2355797838,89.3595382689,2287.03006537,198.861927319,-0.15
1946,2020,3032,TXAM,D1 Southeastern Conference,730302720,NMSU,148836032,2020-03-06 13:00:00,4,1,1,0,1154264785,A. Lacy,L,FC,R,0.514495147104,3.63278759545,9.763872035,-1.24465969014,5.89548250938,F,IP_OUT,1.78041436386,6.25852246163,88.2513781585,2396.73016238,172.760277324,-0.15
1947,2020,3032,TXAM,D1 Southeastern Conference,730302720,NMSU,148836032,2020-03-06 13:00:00,4,0,0,1,1154264785,A. Lacy,L,CH,R,0.799340143484,2.15995827164,16.9039443538,-10.6938737907,6.15195022559,F,K,1.79308514437,6.22681594571,87.3359185893,1596.98678687,147.734100794,-0.15
1948,2020,3032,TXAM,D1 Southeastern Conference,730302720,NMSU,148836032,2020-03-06 13:00:00,4,0,1,1,1154264785,A. Lacy,L,FA,R,0.936749111861,1.54511311094,17.1978950759,-13.5543741472,6.31986401727,SS,K,1.41236433784,6.49952523454,93.3337143536,1925.08955034,141.804873238,-0.15
1949,2020,3032,TXAM,D1 Southeastern Conference,730302720,NMSU,148836032,2020-03-06 13:00:00,4,0,2,1,1154264785,A. Lacy,L,FA,R,0.958219504183,5.61448111725,22.0651405724,-7.48051631713,5.98081175221,B,K,1.64440143059,6.55703817837,94.7752175943,2112.85611284,161.295489701,0.13
1950,2020,3032,TXAM,D1 Southeastern Conference,730302720,NMSU,148836032,2020-03-06 13:00:00,4,1,2,1,1154264785,A. Lacy,L,FC,R,0.771595855116,1.800162345,6.40093874159,1.40643325748,6.08968318294,SS,K,2.01820848822,6.20005240063,88.2411962827,2182.67544375,192.330215765,-0.15
1951,2020,3032,TXAM,D1 Southeastern Conference,730302720,NMSU,148836032,2020-03-06 13:00:00,4,0,0,2,1154264785,A. Lacy,L,FC,L,-0.40351169306,1.85425882155,5.95287393968,-0.593749952661,6.17324228436,SS,K,1.79246495677,6.2794616746,88.7208094671,2166.26459076,174.335197973,-0.15
1952,2020,3032,TXAM,D1 Southeastern Conference,730302720,NMSU,148836032,2020-03-06 13:00:00,4,0,1,2,1154264785,A. Lacy,L,FA,L,-0.0700662275029,2.68361595771,24.7317803942,-5.71672976364,6.41132889102,SS,K,1.24561304123,6.53974352074,93.4183904006,2026.82009278,166.9998223,-0.15
1953,2020,3032,TXAM,D1 Southeastern Conference,730302720,NMSU,148836032,2020-03-06 13:00:00,4,0,2,2,1154264785,A. Lacy,L,FA,L,-1.43360487039,1.79739945616,24.2740457279,-9.96107920797,6.28715776874,B,K,1.39856956468,6.4326945022,94.6223900174,2063.99181668,157.712968557,0.13
1954,2020,3032,TXAM,D1 Southeastern Conference,730302720,NMSU,148836032,2020-03-06 13:00:00,4,1,2,2,1154264785,A. Lacy,L,FA,L,-0.526798806977,3.19998123861,22.8075933152,-7.93468321825,6.18400106921,SS,K,1.49885912547,6.42514788206,95.0251837983,2004.23971977,160.83998641,-0.15
1955,2020,3032,TXAM,D1 Southeastern Conference,730302720,NMSU,148836032,2020-03-06 13:00:00,5,0,0,0,1154264785,A. Lacy,L,FA,L,-0.894980632857,2.64674286986,24.2524328931,-5.16939574918,6.39196415162,SL,K,0.97038157522,6.48840584682,90.6824731842,2188.97485701,167.982763412,-0.15
1956,2020,3032,TXAM,D1 Southeastern Conference,730302720,NMSU,148836032,2020-03-06 13:00:00,5,0,1,0,1154264785,A. Lacy,L,FA,L,0.298255192572,1.6716056284,25.2515026775,-3.49059548189,6.41359160593,SL,K,0.938262968643,6.59337808649,90.7147457778,2182.46456797,172.139451931,-0.15
1957,2020,3032,TXAM,D1 Southeastern Conference,730302720,NMSU,148836032,2020-03-06 13:00:00,5,0,2,0,1154264785,A. Lacy,L,FA,L,-0.859096196797,3.59168639623,23.8473304285,-5.98478189849,6.25776722501,SS,K,1.2902779497,6.42365924022,92.0630098426,2201.40120775,165.929435274,-0.15
1958,2020,3032,TXAM,D1 Southeastern Conference,730302720,NMSU,148836032,2020-03-06 13:00:00,5,0,0,1,1154264785,A. Lacy,L,CH,R,0.175619946156,3.59037715208,10.2440668661,-14.4666772724,6.18905024462,SL,IP_OUT,1.52203922124,6.40212492505,86.5572699432,1604.91791399,125.395359596,-0.15
1959,2020,3032,TXAM,D1 Southeastern Conference,730302720,NMSU,148836032,2020-03-06 13:00:00,5,0,1,1,1154264785,A. Lacy,L,FA,R,-0.927969831747,3.33903318955,23.6004771875,-0.513074575711,6.40444753636,B,IP_OUT,1.00292143724,6.5914267284,91.9041673575,2028.12270507,178.756210965,0.13
1960,2020,3032,TXAM,D1 Southeastern Conference,730302720,NMSU,148836032,2020-03-06 13:00:00,5,1,1,1,1154264785,A. Lacy,L,FC,R,-1.3834411795,2.21479581676,8.83669904722,7.01910180444,6.08571981477,B,IP_OUT,1.59545109769,6.28987322597,86.2303168769,2291.89756119,218.348325059,0.13
1961,2020,3032,TXAM,D1 Southeastern Conference,730302720,NMSU,148836032,2020-03-06 13:00:00,5,0,0,2,1154264785,A. Lacy,L,CH,R,1.2710102463,3.67160125696,14.1334402258,-13.1848536027,6.40321552159,B,K,1.47146553292,6.37584621427,85.3972005011,1588.22358978,137.060813504,0.13
1962,2020,3032,TXAM,D1 Southeastern Conference,730302720,NMSU,148836032,2020-03-06 13:00:00,5,1,0,2,1154264785,A. Lacy,L,FA,R,1.07848712102,1.89154537991,22.5874864926,-8.41205369989,6.37250561388,SL,K,1.11784845673,6.53252838988,91.5530583516,2174.26512803,159.599521242,-0.15
1963,2020,3032,TXAM,D1 Southeastern Conference,730302720,NMSU,148836032,2020-03-06 13:00:00,5,1,1,2,1154264785,A. Lacy,L,FA,R,-0.280492126275,2.20797363455,21.2170239018,-10.3058771549,6.33977229836,SL,K,1.00697636735,6.53484602372,93.121815167,2170.85854028,154.124480258,-0.15
1964,2020,3032,TXAM,D1 Southeastern Conference,730302720,NMSU,148836032,2020-03-06 13:00:00,5,1,2,2,1154264785,A. Lacy,L,FC,R,-0.596923733697,2.65924740957,5.49722890175,-0.533676295755,6.13586566336,F,K,1.72148686992,6.26333517874,88.8941688845,2385.23225451,174.487921432,0.0
1965,2020,3032,TXAM,D1 Southeastern Conference,730302720,NMSU,148836032,2020-03-06 13:00:00,5,1,2,2,1154264785,A. Lacy,L,FA,R,-0.22842490871,2.41142926471,18.2067977732,-13.9124386515,6.59865430483,SL,K,1.20913825897,6.47963363133,94.0405354932,2081.87083725,142.659243494,-0.15
1966,2020,3032,TXAM,D1 Southeastern Conference,730302720,NMSU,148836032,2020-03-06 13:00:00,6,0,0,0,1154264785,A. Lacy,L,FA,L,-0.082315380818,2.05704040283,21.8086931925,-7.82070729571,6.41363173882,SL,K,1.01552065979,6.47155764786,90.7499107784,2111.06604914,160.29814523,-0.15
1967,2020,3032,TXAM,D1 Southeastern Conference,730302720,NMSU,148836032,2020-03-06 13:00:00,6,0,1,0,1154264785,A. Lacy,L,FC,L,-0.720981274928,1.45204153364,9.80502841144,4.06633090463,6.02235224288,SS,K,1.56016893382,6.21546639671,85.5991280757,2405.19685379,202.451279918,-0.15
1968,2020,3032,TXAM,D1 Southeastern Conference,730302720,NMSU,148836032,2020-03-06 13:00:00,6,0,2,0,1154264785,A. Lacy,L,FC,L,-0.623818389784,1.53156382469,14.4887439516,-4.17546121376,6.26408155263,SS,K,1.52366195449,6.24857298235,88.6203110092,2345.51689652,163.958374316,-0.15
1969,2020,3032,TXAM,D1 Southeastern Conference,730302720,NMSU,148836032,2020-03-06 13:00:00,6,0,0,1,1154264785,A. Lacy,L,FA,L,-1.68118344405,1.87755006044,22.3658082774,-5.12657961578,6.41007064819,B,ROE,1.16285448099,6.42955199666,93.2570337319,2291.55132782,167.106677702,0.13
1970,2020,3032,TXAM,D1 Southeastern Conference,730302720,NMSU,148836032,2020-03-06 13:00:00,6,1,0,1,1154264785,A. Lacy,L,FA,L,-0.520959744597,2.73539124442,19.5447608881,-8.01151638686,6.50149830227,IP,ROE,1.18493066903,6.43518103883,92.8409423866,2153.30307813,157.741886125,0.0
1971,2020,3032,TXAM,D1 Southeastern Conference,730302720,NMSU,148836032,2020-03-06 13:00:00,6,0,0,1,1154264785,A. Lacy,L,FA,R,-0.116066484735,1.51826866927,24.4896755814,-8.27424765586,6.39887802738,B,IP_OUT,1.30703846812,6.4526031237,93.1233277248,2355.72473995,161.353001243,0.13
1972,2020,3032,TXAM,D1 Southeastern Conference,730302720,NMSU,148836032,2020-03-06 13:00:00,6,1,0,1,1154264785,A. Lacy,L,CH,R,0.484631758767,2.27258916438,12.3050045266,-12.1113417195,6.23053658156,SS,IP_OUT,1.90316783668,6.1390560892,86.9974392482,1584.12112316,135.534541194,-0.15
1973,2020,3032,TXAM,D1 Southeastern Conference,730302720,NMSU,148836032,2020-03-06 13:00:00,6,1,1,1,1154264785,A. Lacy,L,FA,R,-0.844810653097,1.70112753195,20.2952805874,-6.53000449,6.47956256415,B,IP_OUT,1.24920608444,6.38775699923,93.3147436335,2155.0592066,162.189015034,0.13
1974,2020,3032,TXAM,D1 Southeastern Conference,730302720,NMSU,148836032,2020-03-06 13:00:00,6,2,1,1,1154264785,A. Lacy,L,FA,R,-0.164254969309,1.04423475148,20.1349195481,-8.31346178165,6.4685673695,SS,IP_OUT,1.48761767189,6.37056135553,93.6880331319,2184.1964079,157.594428101,-0.15
1975,2020,3032,TXAM,D1 Southeastern Conference,730302720,NMSU,148836032,2020-03-06 13:00:00,6,2,2,1,1154264785,A. Lacy,L,FC,R,0.00841532169279,1.57750798963,8.83871306209,0.453977062416,6.19330723564,F,IP_OUT,1.91274870188,6.08320211905,89.0142257574,2400.69270841,182.929319662,0.0
1976,2020,3032,TXAM,D1 Southeastern Conference,730302720,NMSU,148836032,2020-03-06 13:00:00,6,0,0,2,1154264785,A. Lacy,L,CH,R,1.31160072834,2.81646322297,13.5665090496,-6.41064479671,6.14069312729,SL,NO_PLAY,1.85168098696,6.08163448241,86.7078860847,1776.82138997,154.763813476,-0.15
1977,2020,3032,TXAM,D1 Southeastern Conference,730302720,NMSU,148836032,2020-03-06 13:00:00,6,0,1,2,1154264785,A. Lacy,L,FA,R,0.916449095717,3.66576505263,18.7383063176,-10.6252356812,6.41285344172,SS,NO_PLAY,1.31428703197,6.40847161353,94.1067790682,2092.72993733,150.483402039,-0.15
1978,2020,3032,TXAM,D1 Southeastern Conference,730302720,NMSU,148836032,2020-03-06 13:00:00,7,0,0,0,1154264785,A. Lacy,L,FA,R,0.0491934911785,4.21788175049,24.1608549493,-5.99644641392,6.35917918877,SS,IP_OUT,1.31994473731,6.48023788537,91.634757984,2148.00945525,166.07881982,-0.15
1979,2020,3032,TXAM,D1 Southeastern Conference,730302720,NMSU,148836032,2020-03-06 13:00:00,7,0,0,1,1154264785,A. Lacy,L,FA,R,0.324125302131,3.56917045357,23.8861214745,-6.40423485868,6.26098784401,SS,K,1.28842489184,6.4184735553,91.4657676362,2219.39053878,165.010008691,-0.15
1980,2020,3032,TXAM,D1 Southeastern Conference,730302720,NMSU,148836032,2020-03-06 13:00:00,7,0,1,1,1154264785,A. Lacy,L,FA,R,-0.482486300812,3.19145282377,21.1308565373,-6.46068095595,6.40750702661,SS,K,1.32729156294,6.41230427908,92.7916898023,2241.01012242,163.022278881,-0.15
1981,2020,3032,TXAM,D1 Southeastern Conference,730302720,NMSU,148836032,2020-03-06 13:00:00,7,0,2,1,1154264785,A. Lacy,L,FA,R,0.389835139104,4.65713607144,25.9259353916,-7.0071880208,6.35058315493,B,K,1.26699494766,6.51136356202,93.3086640696,2303.11542905,164.892417055,0.13
1982,2020,3032,TXAM,D1 Southeastern Conference,730302720,NMSU,148836032,2020-03-06 13:00:00,7,1,2,1,1154264785,A. Lacy,L,FA,R,0.307310572117,4.23083995524,20.4928398507,-10.6726246298,6.28905881551,B,K,1.34923472594,6.49079857745,94.5261678892,2149.87512403,152.522991095,0.13
1983,2020,3032,TXAM,D1 Southeastern Conference,730302720,NMSU,148836032,2020-03-06 13:00:00,7,2,2,1,1154264785,A. Lacy,L,FA,R,1.65549190056,4.124937165,20.7337047914,-9.65749009206,6.41451504682,B,K,1.29572237083,6.48872618178,91.6231505572,2115.68861392,155.05745492,0.13
1984,2020,3032,TXAM,D1 Southeastern Conference,730302720,NMSU,148836032,2020-03-06 13:00:00,7,3,2,1,1154264785,A. Lacy,L,FA,R,-0.867309850857,2.14325898135,24.6847901592,-4.02374624929,6.55882076019,SL,K,1.04396596962,6.44540871877,92.8660883331,2215.17181974,170.753058933,-0.15
1985,2020,3032,TXAM,D1 Southeastern Conference,730302720,NMSU,148836032,2020-03-06 13:00:00,7,0,0,2,1154264785,A. Lacy,L,FC,L,-0.109625852766,1.7777044013,5.6181225041,-1.84723516621,6.26538513213,SS,K,1.653812161,6.19002628838,87.1948523716,2373.47410905,161.90228141,-0.15
1986,2020,3032,TXAM,D1 Southeastern Conference,730302720,NMSU,148836032,2020-03-06 13:00:00,7,0,1,2,1154264785,A. Lacy,L,FA,L,-1.4586971728,3.03848789997,22.1987876683,-6.72508264046,6.48995854437,B,K,1.14001480644,6.43785325697,92.6202217526,2204.49742288,163.1677315,0.13
1987,2020,3032,TXAM,D1 Southeastern Conference,730302720,NMSU,148836032,2020-03-06 13:00:00,7,1,1,2,1154264785,A. Lacy,L,FC,L,-0.847944837777,1.47537636424,7.47966434433,6.71802320062,6.13592489199,SS,K,1.64394323238,6.1524057113,86.9894415176,2445.69197753,221.796984626,-0.15
1988,2020,3032,TXAM,D1 Southeastern Conference,730302720,NMSU,148836032,2020-03-06 13:00:00,7,1,2,2,1154264785,A. Lacy,L,FC,L,0.113827774025,1.51795090172,1.56084249677,1.23996614,5.86331122334,SS,K,1.672193517,6.13002850101,85.9200276173,2456.89153917,217.835726785,-0.15
1989,2020,3032,TXAM,D1 Southeastern Conference,730302720,NMSU,148836032,2020-03-06 13:00:00,8,0,0,0,1888388183,W. Johnston,L,FA,L,-1.11344707442,2.38073780941,17.8694097691,-11.2857624122,5.85656609115,SL,S,1.83832403918,6.39163726851,92.2080432536,1921.96849745,147.769788799,-0.15
1990,2020,3032,TXAM,D1 Southeastern Conference,730302720,NMSU,148836032,2020-03-06 13:00:00,8,0,1,0,1888388183,W. Johnston,L,SL,L,0.753927649102,1.88151704947,-1.47645758218,5.95084901823,5.57159454604,SS,S,1.81364139939,6.32380383454,77.0318855522,2076.03281958,283.524639789,-0.15
1991,2020,3032,TXAM,D1 Southeastern Conference,730302720,NMSU,148836032,2020-03-06 13:00:00,8,0,2,0,1888388183,W. Johnston,L,FA,L,-1.95087107793,1.60720331472,16.1888752919,-10.1995477038,6.03443032866,B,S,1.85163552983,6.39008379193,92.3833616432,1847.63065104,147.836962787,0.13
1992,2020,3032,TXAM,D1 Southeastern Conference,730302720,NMSU,148836032,2020-03-06 13:00:00,8,1,2,0,1888388183,W. Johnston,L,SL,L,-0.471164541448,1.95481933094,-3.65626717256,6.63770747183,5.68066412962,F,S,1.95935874162,6.41606936549,77.4670008204,2125.0961105,298.554129705,0.0
1993,2020,3032,TXAM,D1 Southeastern Conference,730302720,NMSU,148836032,2020-03-06 13:00:00,8,1,2,0,1888388183,W. Johnston,L,FA,L,-0.797173138212,2.4228918512,20.2662154757,-9.44780913454,5.99343574766,F,S,1.8093283978,6.57008753647,92.6005640387,1948.94968081,155.039111731,0.0
1994,2020,3032,TXAM,D1 Southeastern Conference,730302720,NMSU,148836032,2020-03-06 13:00:00,8,1,2,0,1888388183,W. Johnston,L,FA,L,-1.23339484463,1.08751030571,16.7065626042,-12.1816128265,5.93133241538,B,S,1.70731840691,6.5675256428,92.9835286867,2110.84973344,143.952574939,0.13
1995,2020,3032,TXAM,D1 Southeastern Conference,730302720,NMSU,148836032,2020-03-06 13:00:00,8,2,2,0,1888388183,W. Johnston,L,SL,L,-1.14173837601,0.309736830901,-8.15679557011,3.27156709362,5.6949793628,B,S,2.01458310333,6.39638942766,76.896157537,2116.42169127,338.034917704,0.13
1996,2020,3032,TXAM,D1 Southeastern Conference,730302720,NMSU,148836032,2020-03-06 13:00:00,8,3,2,0,1888388183,W. Johnston,L,FA,L,0.633328513843,2.52224233447,19.715978373,-9.8124464617,6.03878543664,F,S,1.8066712301,6.55909112385,92.9354043566,2083.51269342,153.576351878,0.0
1997,2020,3032,TXAM,D1 Southeastern Conference,730302720,NMSU,148836032,2020-03-06 13:00:00,8,3,2,0,1888388183,W. Johnston,L,FA,L,-0.870631689965,2.7622488462,18.5853758229,-9.44061154694,6.12018007986,F,S,1.72509834813,6.52794350335,92.3025853935,2049.62242609,153.10981075,0.0
1998,2020,3032,TXAM,D1 Southeastern Conference,730302720,NMSU,148836032,2020-03-06 13:00:00,8,3,2,0,1888388183,W. Johnston,L,FA,L,0.423744040374,3.11757250901,20.3155990813,-11.2596897369,5.75402719628,IP,S,1.88880595124,6.57265212423,92.6383803944,1977.96998758,151.040044275,1.0
1999,2020,3032,TXAM,D1 Southeastern Conference,730302720,NMSU,148836032,2020-03-06 13:00:00,8,0,0,0,1888388183,W. Johnston,L,FA,R,0.547846317085,2.09135956413,14.3035533843,-16.5010315706,6.0746668671,IP,S,1.82998650817,6.44953497539,91.4081512885,1857.60511912,130.981733018,1.0
2000,2020,3032,TXAM,D1 Southeastern Conference,730302720,NMSU,148836032,2020-03-06 13:00:00,8,0,0,0,1888388183,W. Johnston,L,FA,R,0.128383479225,2.16832311044,14.4145889552,-15.1546148363,5.8714091952,IP,D,1.78684062349,6.4322567184,92.5150479332,1781.9405276,133.627501013,1.26
2001,2020,3032,TXAM,D1 Southeastern Conference,730302720,NMSU,148836032,2020-03-06 13:00:00,8,0,0,0,1888388183,W. Johnston,L,SL,L,-2.12389786038,-0.540927880962,-3.11461308434,1.74690782196,5.70957518756,B,ROE,1.96697627358,6.30824558016,77.4223194703,2125.64095165,330.358763933,0.13
2002,2020,3032,TXAM,D1 Southeastern Conference,730302720,NMSU,148836032,2020-03-06 13:00:00,8,1,0,0,1888388183,W. Johnston,L,FA,L,-1.47030186544,0.292434646422,18.3670305988,-11.2984165692,6.11738411744,B,ROE,1.95707551192,6.48876359843,92.0291754457,1996.59615597,148.445914674,0.13
2003,2020,3032,TXAM,D1 Southeastern Conference,730302720,NMSU,148836032,2020-03-06 13:00:00,8,2,0,0,1888388183,W. Johnston,L,FA,L,-0.693092507078,1.83173497787,16.5912952418,-12.5892765141,6.11160106193,SL,ROE,2.03325891644,6.52478010194,92.2669754816,2209.03748622,142.860607796,-0.15
2004,2020,3032,TXAM,D1 Southeastern Conference,730302720,NMSU,148836032,2020-03-06 13:00:00,8,2,1,0,1888388183,W. Johnston,L,FA,L,0.926259889743,3.16178702855,17.504353284,-16.583223932,6.10592797765,F,ROE,1.8932109874,6.55782437803,90.5030394063,2047.11268984,136.600369657,-0.15
2005,2020,3032,TXAM,D1 Southeastern Conference,730302720,NMSU,148836032,2020-03-06 13:00:00,8,2,2,0,1888388183,W. Johnston,L,SL,L,-0.644606564615,3.16836207716,-4.98725077057,7.82153625837,5.68454523112,IP,ROE,1.90252109033,6.46125942019,76.162409921,2157.25790386,302.280767769,0.0
2006,2020,3032,TXAM,D1 Southeastern Conference,730302720,NMSU,148836032,2020-03-06 13:00:00,8,0,0,0,1888388183,W. Johnston,L,FA,L,-1.38814802939,1.59209900559,19.7772806067,-9.14784206665,6.02215709816,B,S,1.68898018408,6.53208848857,91.7528753011,2019.28674922,155.212017166,0.13
2007,2020,3032,TXAM,D1 Southeastern Conference,730302720,NMSU,148836032,2020-03-06 13:00:00,8,1,0,0,1888388183,W. Johnston,L,FA,L,-0.828330179888,2.42365690541,20.4711798693,-8.04853247912,6.09156304394,SL,S,1.77590113564,6.58684989022,91.5531279515,1977.76364148,158.566893061,-0.15
2008,2020,3032,TXAM,D1 Southeastern Conference,730302720,NMSU,148836032,2020-03-06 13:00:00,8,1,1,0,1888388183,W. Johnston,L,FA,L,-1.26344165483,1.85640538772,18.1093688624,-8.07320949465,6.15447617865,B,S,1.99637295839,6.48600890784,92.192050806,2018.46392314,156.008952504,0.13
2009,2020,3032,TXAM,D1 Southeastern Conference,730302720,NMSU,148836032,2020-03-06 13:00:00,8,2,1,0,1888388183,W. Johnston,L,FA,L,-0.364031072991,2.12877530085,17.2576217841,-12.4376718468,6.06670076617,IP,S,1.89139367323,6.56438414911,92.0224828994,2006.35645113,144.268521501,1.0
2010,2020,3032,TXAM,D1 Southeastern Conference,730302720,NMSU,148836032,2020-03-06 13:00:00,8,0,0,0,1159816831,A. Magers,R,FA,R,0.788228376083,2.07394644157,0.119460445652,18.9664543256,5.83907579974,SL,K,-2.51322091902,3.56189237948,85.7682028035,2171.75362806,269.528672267,-0.15
2011,2020,3032,TXAM,D1 Southeastern Conference,730302720,NMSU,148836032,2020-03-06 13:00:00,8,0,1,0,1159816831,A. Magers,R,FA,R,-0.686790769982,2.0904592176,-0.848699755731,21.4465062884,5.8728129813,F,K,-2.6118233234,3.43350882441,84.8400382794,2099.44891959,272.166230607,-0.15
2012,2020,3032,TXAM,D1 Southeastern Conference,730302720,NMSU,148836032,2020-03-06 13:00:00,8,0,2,0,1159816831,A. Magers,R,FA,R,1.50381541291,4.14882830096,13.380665956,16.0962381382,5.96892073206,B,K,-2.26115525378,3.52739847973,85.652025938,2224.60881321,230.186955796,0.13
2013,2020,3032,TXAM,D1 Southeastern Conference,730302720,NMSU,148836032,2020-03-06 13:00:00,8,1,2,0,1159816831,A. Magers,R,FA,R,0.671677628925,3.12878667285,12.5606326771,15.2181928922,5.96990590426,SS,K,-2.42010763314,3.50489296051,86.7995963105,2226.75180712,230.385918795,-0.15
2014,2020,3032,TXAM,D1 Southeastern Conference,730302720,NMSU,148836032,2020-03-06 13:00:00,8,0,0,1,1159816831,A. Magers,R,FA,R,-0.493404087833,1.30607479255,-0.0409624554752,17.165483726,5.96088573894,SS,IP_OUT,-2.61354273134,3.43025363335,86.3868858278,2232.88606906,270.016690939,-0.15
2015,2020,3032,TXAM,D1 Southeastern Conference,730302720,NMSU,148836032,2020-03-06 13:00:00,8,0,1,1,1159816831,A. Magers,R,FA,R,0.922125199278,2.21613396719,-3.96263748419,14.3457804262,5.91692665059,SL,IP_OUT,-2.30019324128,3.51675464831,85.9952292985,2240.98149448,285.305855413,-0.15
2016,2020,3032,TXAM,D1 Southeastern Conference,730302720,NMSU,148836032,2020-03-06 13:00:00,8,0,0,2,1159816831,A. Magers,R,FA,R,-0.398853916516,1.46597141468,-3.46525423053,18.1699171716,5.66836035975,B,IP_OUT,-2.52882454601,3.70619092716,87.8100320822,2216.18787519,280.691546221,0.13
2017,2020,3032,TXAM,D1 Southeastern Conference,730302720,NMSU,148836032,2020-03-06 13:00:00,9,0,0,0,1446737646,M. Ornelas,R,FA,L,0.490491280154,3.03368636555,13.8432256665,13.1946380941,5.78230268729,SL,S,-1.38347689687,6.10349526249,84.5282456031,1987.518287,223.549192262,-0.15
2018,2020,3032,TXAM,D1 Southeastern Conference,730302720,NMSU,148836032,2020-03-06 13:00:00,9,0,1,0,1446737646,M. Ornelas,R,CH,L,-0.16257729284,1.62402256808,17.7670120221,11.5005791487,5.9317262075,SS,S,-1.56371042172,5.87447021951,75.8936888066,1861.63202791,212.847703336,-0.15
2019,2020,3032,TXAM,D1 Southeastern Conference,730302720,NMSU,148836032,2020-03-06 13:00:00,9,0,2,0,1446737646,M. Ornelas,R,CH,L,-0.217363875171,2.8064303056,14.2938988416,12.5808063005,6.18650178835,IP,S,-1.53071011082,5.81664175699,74.8825218798,1647.70372494,221.259822824,1.0
2020,2020,3032,TXAM,D1 Southeastern Conference,730302720,NMSU,148836032,2020-03-06 13:00:00,9,0,0,0,1446737646,M. Ornelas,R,FA,L,-1.47115628292,2.7581657619,18.7244368067,14.0156798115,5.46468995348,B,K,-1.55174278737,6.01044151798,85.9750707609,2236.61014359,216.762138186,0.13
2021,2020,3032,TXAM,D1 Southeastern Conference,730302720,NMSU,148836032,2020-03-06 13:00:00,9,1,0,0,1446737646,M. Ornelas,R,FA,L,-0.997510695458,1.97777307804,20.4956564448,12.4183038211,5.57069921293,SL,K,-1.48290133258,5.96353331451,86.0192697587,2209.09289426,211.166594938,-0.15
2022,2020,3032,TXAM,D1 Southeastern Conference,730302720,NMSU,148836032,2020-03-06 13:00:00,9,1,1,0,1446737646,M. Ornelas,R,CH,L,-0.746891433043,2.55409618113,12.7056813301,14.4093996078,6.06284231302,SS,K,-1.63869462124,5.82493361566,73.826012893,1730.50847599,228.487736661,-0.15
2023,2020,3032,TXAM,D1 Southeastern Conference,730302720,NMSU,148836032,2020-03-06 13:00:00,9,1,2,0,1446737646,M. Ornelas,R,CH,L,-0.422536359052,1.89298610028,17.8177546231,11.7113263788,5.92418868397,SS,K,-1.67983409312,5.70945732518,75.7142580977,1745.92265235,213.248320634,-0.15
2024,2020,3032,TXAM,D1 Southeastern Conference,730302720,NMSU,148836032,2020-03-06 13:00:00,9,0,0,1,1446737646,M. Ornelas,R,SL,R,1.83033959346,1.39215374285,-9.83911865872,-11.8734349214,5.39867402671,B,K,-1.65547866592,5.75467825456,70.7633642977,2348.25131455,50.5068158904,0.13
2025,2020,3032,TXAM,D1 Southeastern Conference,730302720,NMSU,148836032,2020-03-06 13:00:00,9,1,0,1,1446737646,M. Ornelas,R,FA,R,1.09710196318,1.91693724584,15.9084567448,17.9945699765,5.82964993531,SL,K,-1.59196291227,5.90446856435,85.3606443587,2003.60568881,228.455737344,-0.15
2026,2020,3032,TXAM,D1 Southeastern Conference,730302720,NMSU,148836032,2020-03-06 13:00:00,9,1,1,1,1446737646,M. Ornelas,R,CH,R,0.170428217813,1.88573831548,11.8299092629,16.0072024299,6.12441649338,SS,K,-1.70344332975,5.80627507605,76.0105718107,1533.96097351,233.429114401,-0.15
2027,2020,3032,TXAM,D1 Southeastern Conference,730302720,NMSU,148836032,2020-03-06 13:00:00,9,1,2,1,1446737646,M. Ornelas,R,CH,R,-0.0617053441101,1.52635513698,12.6357078163,15.7401895506,6.05830060697,SS,K,-1.62746646797,5.74014907349,75.3302852657,1619.27884545,231.141021042,-0.15
2028,2020,3032,TXAM,D1 Southeastern Conference,730302720,NMSU,148836032,2020-03-06 13:00:00,9,0,0,2,1446737646,M. Ornelas,R,FA,R,-0.0373366894687,1.86801621059,20.4853731857,13.0107489315,5.54489174302,SL,K,-1.48222027366,6.02944870687,86.2877827959,2166.11413724,212.374882209,-0.15
2029,2020,3032,TXAM,D1 Southeastern Conference,730302720,NMSU,148836032,2020-03-06 13:00:00,9,0,1,2,1446737646,M. Ornelas,R,CH,R,1.22552991491,2.35863894035,17.0683865791,13.8000782268,5.92137066264,SL,K,-1.62555548297,5.81201009143,75.2542636321,1701.17406907,218.879601813,-0.15
2030,2020,3032,TXAM,D1 Southeastern Conference,730302720,NMSU,148836032,2020-03-06 13:00:00,9,0,2,2,1446737646,M. Ornelas,R,CH,R,0.364116821382,2.47862003946,13.0345414747,12.702914364,5.97057319346,F,K,-1.61012967004,5.75977893514,74.8313982874,1583.58492007,224.158316704,0.0
2031,2020,3032,TXAM,D1 Southeastern Conference,730302720,NMSU,148836032,2020-03-06 13:00:00,9,0,2,2,1446737646,M. Ornelas,R,FA,R,0.835348041666,2.38619083471,19.4617003176,16.5125777724,5.64963483581,SL,K,-1.43314984472,6.03832246909,89.4000851809,2098.35622058,220.264404838,-0.15
2032,2020,5035,ASU,D1 Pacific-12 Conference,730302720,NMSU,208858866,2020-02-25 13:00:00,1,0,0,0,1265009268,E. Tolman,L,FA,L,0.291484553583,2.45157248104,16.3072300347,-8.82939821154,6.62793294245,SS,K,2.34983160974,5.94660749076,89.4298605307,2351.63465768,151.614128857,-0.15
2033,2020,5035,ASU,D1 Pacific-12 Conference,730302720,NMSU,208858866,2020-02-25 13:00:00,1,0,1,0,1265009268,E. Tolman,L,FA,L,-1.14096286263,2.43426545409,16.1200712009,-7.69106459298,6.97846608477,B,K,2.64310120273,5.82422029701,89.1125752157,2301.29692345,154.537767047,0.13
2034,2020,5035,ASU,D1 Pacific-12 Conference,730302720,NMSU,208858866,2020-02-25 13:00:00,1,1,1,0,1265009268,E. Tolman,L,FA,L,-0.250864094893,2.48042019832,12.7520785083,-7.54028126319,6.68826545115,F,K,2.48889467719,5.83179937711,88.9554820073,2282.99485639,149.466924062,-0.15
2035,2020,5035,ASU,D1 Pacific-12 Conference,730302720,NMSU,208858866,2020-02-25 13:00:00,1,1,2,0,1265009268,E. Tolman,L,FA,L,-0.642860040785,1.69860212022,16.5996310935,-4.11068262545,7.02217604396,SL,K,2.51880402585,5.85136807207,89.9929973563,2198.71101082,166.116156627,-0.15
2036,2020,5035,ASU,D1 Pacific-12 Conference,730302720,NMSU,208858866,2020-02-25 13:00:00,1,0,0,1,1265009268,E. Tolman,L,FA,R,-0.911476487006,3.81238269778,13.9501639682,-2.27402135105,6.70918071689,B,BB,2.61427727311,5.81973606503,89.0579857321,2179.98650114,170.762322199,0.13
2037,2020,5035,ASU,D1 Pacific-12 Conference,730302720,NMSU,208858866,2020-02-25 13:00:00,1,1,0,1,1265009268,E. Tolman,L,FA,R,1.17252582901,3.03499764893,12.9899629941,-9.94325554897,6.53364677427,B,BB,2.63496879636,5.90397584689,90.5335426349,2284.95618417,142.633245301,0.13
2038,2020,5035,ASU,D1 Pacific-12 Conference,730302720,NMSU,208858866,2020-02-25 13:00:00,1,2,0,1,1265009268,E. Tolman,L,FA,R,0.328706904255,3.61413635292,14.7357565947,-3.9543743463,6.71797821327,B,BB,2.49818934535,5.876550867,88.5344295085,2264.92623736,165.009566296,0.13
2039,2020,5035,ASU,D1 Pacific-12 Conference,730302720,NMSU,208858866,2020-02-25 13:00:00,1,3,0,1,1265009268,E. Tolman,L,FA,R,1.4914060122,2.50719964963,11.1628084216,-10.1204531478,6.67265013381,B,BB,2.59875170274,5.8153858898,89.5251763812,2258.95761817,137.883953376,0.8
2040,2020,5035,ASU,D1 Pacific-12 Conference,730302720,NMSU,208858866,2020-02-25 13:00:00,1,0,0,1,1265009268,E. Tolman,L,FA,R,1.85522247029,3.83654268714,13.8202814889,-9.62703507028,6.52634985508,B,BB,2.71174789295,5.98477740653,88.3600321406,2209.69049735,145.202415582,0.13
2041,2020,5035,ASU,D1 Pacific-12 Conference,730302720,NMSU,208858866,2020-02-25 13:00:00,1,1,0,1,1265009268,E. Tolman,L,CH,R,1.71674472421,1.71332955177,5.80149558497,-11.2868147578,6.3014964397,B,BB,2.76361812847,5.89664785964,76.6859543351,1561.47136335,117.375741829,0.13
2042,2020,5035,ASU,D1 Pacific-12 Conference,730302720,NMSU,208858866,2020-02-25 13:00:00,1,2,0,1,1265009268,E. Tolman,L,FA,R,1.58102278468,3.077743196,16.5726477622,-1.50753013788,6.65646793283,B,BB,2.7191921766,5.87262439534,88.7148470596,2195.41496944,174.812404728,0.13
2043,2020,5035,ASU,D1 Pacific-12 Conference,730302720,NMSU,208858866,2020-02-25 13:00:00,1,3,0,1,1265009268,E. Tolman,L,FA,R,1.18202056635,2.40001374578,10.9380614005,-11.911136418,6.82833851489,SL,BB,2.64325308766,5.86071157836,88.0448890294,2148.64624033,132.645682074,-0.15
2044,2020,5035,ASU,D1 Pacific-12 Conference,730302720,NMSU,208858866,2020-02-25 13:00:00,1,3,1,1,1265009268,E. Tolman,L,FA,R,1.94837480296,2.47731745303,13.3861427855,-12.0778945251,6.52524886503,B,BB,2.52817885699,5.90052411183,88.372866917,2191.71122901,138.010208581,0.8
2045,2020,5035,ASU,D1 Pacific-12 Conference,730302720,NMSU,208858866,2020-02-25 13:00:00,1,0,0,1,1265009268,E. Tolman,L,FA,L,0.204891333009,3.69784399687,18.5341041876,-5.37618318254,6.64580119488,B,BB,2.66470291916,6.00482422683,87.4471903428,2187.93995117,163.851599985,0.13
2046,2020,5035,ASU,D1 Pacific-12 Conference,730302720,NMSU,208858866,2020-02-25 13:00:00,1,1,0,1,1265009268,E. Tolman,L,FA,L,0.512241703044,2.87930737847,15.9725936374,-1.12252174034,6.79722522263,SL,BB,2.64110313223,5.93116891368,87.6383339351,2091.08183447,175.98817206,-0.15
2047,2020,5035,ASU,D1 Pacific-12 Conference,730302720,NMSU,208858866,2020-02-25 13:00:00,1,1,1,1,1265009268,E. Tolman,L,FA,L,-0.0119009952853,4.03198835643,18.4090345334,-2.93751111072,6.62616953252,SS,BB,2.58634422698,5.99178698625,89.2806641303,2215.58974134,170.949207095,-0.15
2048,2020,5035,ASU,D1 Pacific-12 Conference,730302720,NMSU,208858866,2020-02-25 13:00:00,1,1,2,1,1265009268,E. Tolman,L,FA,L,0.0700541556461,1.72198889615,12.0668136646,-10.511938427,7.03900632202,B,BB,2.64019263291,5.84552782108,90.2128433627,2214.77082674,139.01104969,0.13
2049,2020,5035,ASU,D1 Pacific-12 Conference,730302720,NMSU,208858866,2020-02-25 13:00:00,1,2,2,1,1265009268,E. Tolman,L,FA,L,-1.37462614661,1.78767606322,17.7227738408,-2.4733842561,7.22811033713,B,BB,2.71544287221,5.86225668231,89.1344384077,2179.96074475,172.068989377,0.13
2050,2020,5035,ASU,D1 Pacific-12 Conference,730302720,NMSU,208858866,2020-02-25 13:00:00,1,3,2,1,1265009268,E. Tolman,L,FA,L,1.13958455078,1.1897140845,11.79206803,-15.9215106492,6.94716549309,B,BB,2.6087895484,5.87099701759,89.843618258,2228.5107167,126.597399815,0.8
2051,2020,5035,ASU,D1 Pacific-12 Conference,730302720,NMSU,208858866,2020-02-25 13:00:00,1,0,0,1,1265009268,E. Tolman,L,FA,R,0.778539215268,2.45708051918,12.2414396116,-10.6609550793,6.88756173014,SS,K,2.78290742659,5.91604792515,87.9307304092,2204.84779249,139.022677411,-0.15
2052,2020,5035,ASU,D1 Pacific-12 Conference,730302720,NMSU,208858866,2020-02-25 13:00:00,1,0,1,1,1265009268,E. Tolman,L,CH,R,1.43357147303,1.79940677563,-1.50003510264,-13.4878236458,6.70404811872,SS,K,2.74702183468,5.88096303987,77.8244659631,1497.12934545,83.8269271164,-0.15
2053,2020,5035,ASU,D1 Pacific-12 Conference,730302720,NMSU,208858866,2020-02-25 13:00:00,1,0,2,1,1265009268,E. Tolman,L,FA,R,1.02982558645,1.16257473443,18.0916255826,-1.04815222778,7.07747019136,B,K,2.63980557532,5.84414698968,91.1061137828,2298.35600406,176.689723011,0.13
2054,2020,5035,ASU,D1 Pacific-12 Conference,730302720,NMSU,208858866,2020-02-25 13:00:00,1,1,2,1,1265009268,E. Tolman,L,SL,R,0.0773327471824,3.46122385659,0.430781928254,13.1362871545,5.78125541031,SL,K,2.84964127292,5.90494779167,77.0561032461,2276.6439926,267.929795136,-0.15
2055,2020,5035,ASU,D1 Pacific-12 Conference,730302720,NMSU,208858866,2020-02-25 13:00:00,1,0,0,2,1265009268,E. Tolman,L,FA,L,1.12805621959,3.17199516601,13.294427424,-10.6843715464,7.07539332492,F,K,2.83156089859,5.84484209426,88.7303847447,2334.04931398,141.278615275,-0.15
2056,2020,5035,ASU,D1 Pacific-12 Conference,730302720,NMSU,208858866,2020-02-25 13:00:00,1,0,1,2,1265009268,E. Tolman,L,FA,L,-0.705711097381,3.03167540235,15.0303015378,-4.54726091661,7.23052793308,SL,K,2.56415857858,5.89991325258,88.6566459823,2302.64971498,163.200808193,-0.15
2057,2020,5035,ASU,D1 Pacific-12 Conference,730302720,NMSU,208858866,2020-02-25 13:00:00,1,0,2,2,1265009268,E. Tolman,L,FA,L,0.144741546447,1.65151226828,14.7901499913,-7.01780601966,6.99616511329,SL,K,2.63419210094,5.89498033823,90.0787769978,2317.61797094,154.662382134,-0.15
2058,2020,5035,ASU,D1 Pacific-12 Conference,730302720,NMSU,208858866,2020-02-25 13:00:00,2,0,0,0,1265009268,E. Tolman,L,CH,R,1.28117092758,1.36665433086,2.81311658167,-11.8555669974,6.41292468459,SS,IP_OUT,2.67243651717,5.88844721248,77.9804116984,1589.76270294,103.540116286,-0.15
2059,2020,5035,ASU,D1 Pacific-12 Conference,730302720,NMSU,208858866,2020-02-25 13:00:00,2,0,1,0,1265009268,E. Tolman,L,CH,R,0.93405563661,3.33977101057,6.63483626248,-9.03597500711,6.77361007967,SL,IP_OUT,2.86752755996,5.864451319,76.3424248621,1552.65997395,126.465709443,-0.15
2060,2020,5035,ASU,D1 Pacific-12 Conference,730302720,NMSU,208858866,2020-02-25 13:00:00,2,0,2,0,1265009268,E. Tolman,L,FA,R,0.586009649068,3.47096527039,12.2723492972,-2.50844530548,6.78054979228,F,IP_OUT,2.55721718001,5.86834260361,88.8300440808,2294.58602405,168.477179377,0.0
2061,2020,5035,ASU,D1 Pacific-12 Conference,730302720,NMSU,208858866,2020-02-25 13:00:00,2,0,0,1,1265009268,E. Tolman,L,FA,L,0.386850551282,3.98729745688,15.4215910145,-6.77949606561,6.61193531124,B,IP_OUT,2.53926161708,5.97823989218,88.3982008569,2232.55378461,156.313760472,0.13
2062,2020,5035,ASU,D1 Pacific-12 Conference,730302720,NMSU,208858866,2020-02-25 13:00:00,2,1,0,1,1265009268,E. Tolman,L,FA,L,0.243031395485,3.56969429023,16.6813848595,-6.87507467473,6.6765438638,SS,IP_OUT,2.55322858918,6.03376163458,87.3233694912,2118.45003524,157.641774263,-0.15
2063,2020,5035,ASU,D1 Pacific-12 Conference,730302720,NMSU,208858866,2020-02-25 13:00:00,2,1,1,1,1265009268,E. Tolman,L,FA,L,-0.756982727151,1.50065223736,15.0887062066,-5.12826221624,6.87572914723,B,IP_OUT,2.69176964327,5.8627242525,88.4020537026,2321.99515392,161.265550331,0.13
2064,2020,5035,ASU,D1 Pacific-12 Conference,730302720,NMSU,208858866,2020-02-25 13:00:00,2,2,1,1,1265009268,E. Tolman,L,FA,L,0.61290237013,0.698036541735,18.0284464892,-7.74287005018,6.94546032875,B,IP_OUT,2.68577457773,5.88373741445,87.5463341521,2257.43689269,156.795431143,0.13
2065,2020,5035,ASU,D1 Pacific-12 Conference,730302720,NMSU,208858866,2020-02-25 13:00:00,2,0,0,2,1265009268,E. Tolman,L,FA,R,-0.469647387459,1.67220046715,17.0155497753,-6.44212416233,6.9146205022,SL,K,2.50930608423,5.87693441199,87.7484779638,2212.52667457,159.29989921,-0.15
2066,2020,5035,ASU,D1 Pacific-12 Conference,730302720,NMSU,208858866,2020-02-25 13:00:00,2,0,1,2,1265009268,E. Tolman,L,FA,R,-0.0726529857328,2.50703553772,16.8193939095,-5.44773353777,6.9551143948,SS,K,2.61924798346,5.85184300345,89.6235935149,2312.5423079,162.084523599,-0.15
2067,2020,5035,ASU,D1 Pacific-12 Conference,730302720,NMSU,208858866,2020-02-25 13:00:00,2,0,2,2,1265009268,E. Tolman,L,FA,R,1.41153785601,3.52710730603,14.5774701318,-6.5268275793,6.73686611161,B,K,2.53924584094,6.04631452792,90.1767553041,2386.55638719,155.926021305,0.13
2068,2020,5035,ASU,D1 Pacific-12 Conference,730302720,NMSU,208858866,2020-02-25 13:00:00,2,1,2,2,1265009268,E. Tolman,L,FA,R,0.299884398692,2.65480024284,18.3287546059,-4.8215899746,6.90210934456,SS,K,2.64709122309,5.88114278709,89.0694565058,2300.19223696,165.286160233,-0.15
2069,2020,5035,ASU,D1 Pacific-12 Conference,730302720,NMSU,208858866,2020-02-25 13:00:00,3,0,0,0,1265009268,E. Tolman,L,FA,L,0.607933310995,2.42286341355,15.7683739256,-10.5801854131,6.34499566912,F,K,2.50653288517,6.00493629681,87.238583286,2306.48263275,146.196871016,-0.15
2070,2020,5035,ASU,D1 Pacific-12 Conference,730302720,NMSU,208858866,2020-02-25 13:00:00,3,0,1,0,1265009268,E. Tolman,L,FA,L,0.561183788994,3.62460271138,15.1660877887,-5.37250073185,6.43880113303,B,K,2.61005335972,6.00992639569,87.6752921206,2270.87889493,160.533148546,0.13
2071,2020,5035,ASU,D1 Pacific-12 Conference,730302720,NMSU,208858866,2020-02-25 13:00:00,3,1,1,0,1265009268,E. Tolman,L,FA,L,-0.464105431702,2.45746546929,13.1410219496,-7.04138159154,6.61219748001,F,K,2.52992800551,5.95224685549,88.4608698956,2216.05523888,151.875063847,-0.15
2072,2020,5035,ASU,D1 Pacific-12 Conference,730302720,NMSU,208858866,2020-02-25 13:00:00,3,1,2,0,1265009268,E. Tolman,L,FA,L,0.240603366767,2.07517871187,14.8018046166,-7.35944088893,7.00958487875,F,K,2.56494626569,5.8402945007,89.8928670799,2294.87926956,153.611587491,0.0
2073,2020,5035,ASU,D1 Pacific-12 Conference,730302720,NMSU,208858866,2020-02-25 13:00:00,3,1,2,0,1265009268,E. Tolman,L,SL,L,-0.11908753588,2.48085854524,0.380827511928,10.8552580725,5.47962526427,SS,K,2.80379505218,5.84250190689,77.4422557129,2325.40315586,267.758174048,-0.15
2074,2020,5035,ASU,D1 Pacific-12 Conference,730302720,NMSU,208858866,2020-02-25 13:00:00,3,0,0,1,1265009268,E. Tolman,L,FA,R,-0.980668207065,2.47154557826,13.5169970671,-7.71854620194,6.77336879523,SL,K,2.5043539422,5.93712242772,87.2268523556,2218.62336312,150.333244998,-0.15
2075,2020,5035,ASU,D1 Pacific-12 Conference,730302720,NMSU,208858866,2020-02-25 13:00:00,3,0,1,1,1265009268,E. Tolman,L,FA,R,0.662494926406,1.58839146071,13.3694271522,-12.0454072095,6.74228988201,B,K,2.83687647094,5.80584347616,89.2779979945,2279.32124109,138.049947262,0.13
2076,2020,5035,ASU,D1 Pacific-12 Conference,730302720,NMSU,208858866,2020-02-25 13:00:00,3,1,1,1,1265009268,E. Tolman,L,FA,R,0.476379507823,2.13492933989,14.8169363324,-4.35429872914,6.68873828565,SS,K,2.59987773501,5.81061482332,87.5130902887,2333.74211782,163.657919467,-0.15
2077,2020,5035,ASU,D1 Pacific-12 Conference,730302720,NMSU,208858866,2020-02-25 13:00:00,3,1,2,1,1265009268,E. Tolman,L,FA,R,-0.145140845505,3.35525581069,13.4892512423,-6.49361878572,6.95135383739,SS,K,2.74924237463,5.85472406527,90.2722904168,2398.22814612,154.345082794,-0.15
2078,2020,5035,ASU,D1 Pacific-12 Conference,730302720,NMSU,208858866,2020-02-25 13:00:00,3,0,0,2,1265009268,E. Tolman,L,CH,R,1.0906643352,3.25305178222,6.84651373094,-11.8926025758,6.74842947681,B,D,2.79603622764,5.85312550176,78.2738131327,1711.61082477,120.077535675,0.13
2079,2020,5035,ASU,D1 Pacific-12 Conference,730302720,NMSU,208858866,2020-02-25 13:00:00,3,1,0,2,1265009268,E. Tolman,L,CH,R,-0.618016103227,1.3689450308,10.2604312659,-8.45784856514,6.1013774832,B,D,2.68174969314,5.89730103582,78.0845236225,1731.54144512,140.617036795,0.13
2080,2020,5035,ASU,D1 Pacific-12 Conference,730302720,NMSU,208858866,2020-02-25 13:00:00,3,2,0,2,1265009268,E. Tolman,L,FA,R,-0.149824465205,2.63031262165,12.9405515511,-9.36679969975,7.02652331737,IP,D,2.65777633927,5.89870705669,84.8150190463,2164.9023392,144.174134606,1.26
2081,2020,5035,ASU,D1 Pacific-12 Conference,730302720,NMSU,208858866,2020-02-25 13:00:00,3,0,0,2,1265009268,E. Tolman,L,FA,L,0.270465869962,2.65728866616,15.0172073737,-9.69153807101,6.73234784093,SL,IP_OUT,2.47539451307,5.84310093488,86.72359452,2255.23157605,147.221827518,-0.15
2082,2020,5035,ASU,D1 Pacific-12 Conference,730302720,NMSU,208858866,2020-02-25 13:00:00,4,0,0,0,1265009268,E. Tolman,L,FA,R,0.569544470625,2.33990560348,12.4716917724,-11.073232798,6.5505278428,F,K,2.66169382382,5.88263228044,88.7296924722,2151.84753938,138.473038462,-0.15
2083,2020,5035,ASU,D1 Pacific-12 Conference,730302720,NMSU,208858866,2020-02-25 13:00:00,4,0,1,0,1265009268,E. Tolman,L,SL,R,1.47496321264,2.29489059148,3.54613912603,12.3474326941,5.65885441223,B,K,3.11054346445,5.80585630251,75.4308419355,2194.12902023,253.776348348,0.13
2084,2020,5035,ASU,D1 Pacific-12 Conference,730302720,NMSU,208858866,2020-02-25 13:00:00,4,1,1,0,1265009268,E. Tolman,L,FA,R,1.33073750916,3.27040235732,15.9438519504,-11.0977439889,6.65516725606,SS,K,2.64213321197,5.81185847107,88.0153699036,2274.28260597,145.215705705,-0.15
2085,2020,5035,ASU,D1 Pacific-12 Conference,730302720,NMSU,208858866,2020-02-25 13:00:00,4,1,2,0,1265009268,E. Tolman,L,FA,R,0.990154892546,2.37716810264,14.9772729968,-12.7186848173,6.83261174282,F,K,2.7936088448,5.8511348397,89.7293630489,2347.67266639,139.721592181,0.0
2086,2020,5035,ASU,D1 Pacific-12 Conference,730302720,NMSU,208858866,2020-02-25 13:00:00,4,1,2,0,1265009268,E. Tolman,L,FA,R,-0.956232836583,2.33158343151,12.5874940938,-3.93917644932,6.98705713591,SL,K,2.59015377466,5.85060644653,89.523292294,2269.66010705,162.663695058,-0.15
2087,2020,5035,ASU,D1 Pacific-12 Conference,730302720,NMSU,208858866,2020-02-25 13:00:00,4,0,0,1,1265009268,E. Tolman,L,FA,L,-0.827050655602,2.24342708297,13.947249112,-8.6760927556,6.86226945109,SL,IP_OUT,2.50443539938,5.81513511384,88.2901601296,2194.66193086,148.175201685,-0.15
2088,2020,5035,ASU,D1 Pacific-12 Conference,730302720,NMSU,208858866,2020-02-25 13:00:00,4,0,1,1,1265009268,E. Tolman,L,FA,L,0.584345143422,4.16268096039,14.6900371222,-8.69455770136,6.84866630861,B,IP_OUT,2.74344039384,5.8593634937,89.7236302163,2317.09143781,149.433685042,0.13
2089,2020,5035,ASU,D1 Pacific-12 Conference,730302720,NMSU,208858866,2020-02-25 13:00:00,4,1,1,1,1265009268,E. Tolman,L,FA,L,-0.995695610205,3.60142756198,14.1416279379,-4.47757296389,6.52679639795,B,IP_OUT,2.66670800367,5.9710102756,86.5396706987,2187.74938053,162.470908217,0.13
2090,2020,5035,ASU,D1 Pacific-12 Conference,730302720,NMSU,208858866,2020-02-25 13:00:00,4,0,0,2,1265009268,E. Tolman,L,SL,R,-0.659515588968,2.20212271594,4.27581780992,10.990420069,5.76051712579,SS,K,2.66252508608,5.81126677755,79.0707829981,2275.31230977,248.547540039,-0.15
2091,2020,5035,ASU,D1 Pacific-12 Conference,730302720,NMSU,208858866,2020-02-25 13:00:00,4,0,1,2,1265009268,E. Tolman,L,FA,R,0.112290811651,1.63111334533,13.5268682954,-11.3175822832,6.55038009192,SL,K,2.76825951324,5.68928255797,90.6499972578,2217.6614506,140.14744502,-0.15
2092,2020,5035,ASU,D1 Pacific-12 Conference,730302720,NMSU,208858866,2020-02-25 13:00:00,4,0,2,2,1265009268,E. Tolman,L,FA,R,-0.237446312803,1.90873202902,17.1880247359,-6.00660284983,7.00121223015,SL,K,2.82828659829,5.81690530932,91.6665144714,2323.48505379,160.768679512,-0.15
2093,2020,5035,ASU,D1 Pacific-12 Conference,730302720,NMSU,208858866,2020-02-25 13:00:00,5,0,0,0,1265009268,E. Tolman,L,FA,L,-0.748196431174,0.511086455186,13.6012929183,-10.6469957613,6.37554124216,B,IP_OUT,2.59527195295,5.93923331132,87.8354873474,2109.52789118,142.015146332,0.13
2094,2020,5035,ASU,D1 Pacific-12 Conference,730302720,NMSU,208858866,2020-02-25 13:00:00,5,1,0,0,1265009268,E. Tolman,L,FA,L,0.592259449756,1.13960382273,14.8894637531,-11.4693768052,6.57718384551,SS,IP_OUT,2.61294645233,5.80533790351,86.9058853738,2244.78549954,142.456423659,-0.15
2095,2020,5035,ASU,D1 Pacific-12 Conference,730302720,NMSU,208858866,2020-02-25 13:00:00,5,1,1,0,1265009268,E. Tolman,L,FA,L,-1.19387974704,2.2148021214,17.0953711843,-6.46526042222,6.65818469004,B,IP_OUT,2.70432583987,5.81129987649,87.0453165543,2193.87057735,159.321652982,0.13
2096,2020,5035,ASU,D1 Pacific-12 Conference,730302720,NMSU,208858866,2020-02-25 13:00:00,5,2,1,0,1265009268,E. Tolman,L,FA,L,-0.437923845923,2.08003357575,17.5819969579,-8.55863998146,6.66218770434,SL,IP_OUT,2.57989882818,5.79705803008,87.0828524161,2191.30131518,154.087291759,-0.15
2097,2020,5035,ASU,D1 Pacific-12 Conference,730302720,NMSU,208858866,2020-02-25 13:00:00,5,2,2,0,1265009268,E. Tolman,L,FA,L,-0.141647567566,0.864526303931,9.75460914084,-11.4027551864,6.75257109642,B,IP_OUT,2.61843654498,5.708798162,86.7407501559,2288.15522466,130.643649076,0.13
2098,2020,5035,ASU,D1 Pacific-12 Conference,730302720,NMSU,208858866,2020-02-25 13:00:00,5,0,0,1,1265009268,E. Tolman,L,FA,R,0.456364664543,3.10327100504,18.1952806261,-13.3951576372,6.81833330227,SL,IP_OUT,2.54545428836,5.86643429638,87.2998116832,2376.77559344,143.690193455,-0.15
2099,2020,5035,ASU,D1 Pacific-12 Conference,730302720,NMSU,208858866,2020-02-25 13:00:00,5,0,1,1,1265009268,E. Tolman,L,FA,R,1.31198860196,3.85444597104,15.0904941043,-7.85932297976,6.71172235323,B,IP_OUT,2.71146481054,5.82082234222,86.6841381614,2247.65933682,152.541729378,0.13
2100,2020,5035,ASU,D1 Pacific-12 Conference,730302720,NMSU,208858866,2020-02-25 13:00:00,5,1,1,1,1265009268,E. Tolman,L,FA,R,-0.736901185958,2.83636257145,13.8614443971,-10.085427146,6.74243783944,SL,IP_OUT,2.57446234923,5.88215032168,87.4651921306,2363.86319158,144.026268193,-0.15
2101,2020,5035,ASU,D1 Pacific-12 Conference,730302720,NMSU,208858866,2020-02-25 13:00:00,5,1,2,1,1265009268,E. Tolman,L,FA,R,0.494373313951,1.54003792242,10.1780209302,-15.4265557478,6.52052954974,B,IP_OUT,2.63829201879,5.71507474674,89.1595659643,2263.91763455,123.499518494,0.13
2102,2020,5035,ASU,D1 Pacific-12 Conference,730302720,NMSU,208858866,2020-02-25 13:00:00,5,2,2,1,1265009268,E. Tolman,L,FA,R,0.387797985055,1.08761720605,17.6957242105,-9.37959271063,6.67668029791,B,IP_OUT,2.61944993664,5.93618226985,86.5885346258,2311.76237365,152.120111545,0.13
2103,2020,5035,ASU,D1 Pacific-12 Conference,730302720,NMSU,208858866,2020-02-25 13:00:00,5,0,0,2,1265009268,E. Tolman,L,FA,L,1.21588024343,3.14685465877,12.3528140266,-12.8640460747,6.63296122547,B,IP_OUT,2.503110303,5.80441807883,87.4802426551,2177.48282142,133.915996161,0.13
2104,2020,5035,ASU,D1 Pacific-12 Conference,730302720,NMSU,208858866,2020-02-25 13:00:00,5,1,0,2,1265009268,E. Tolman,L,FA,L,0.494292696014,2.74151936037,12.914305737,-8.98386849642,6.78510332919,SS,IP_OUT,2.53129709157,5.844755363,86.2581245512,2152.20151906,145.24629603,-0.15
2105,2020,5035,ASU,D1 Pacific-12 Conference,730302720,NMSU,208858866,2020-02-25 13:00:00,5,1,1,2,1265009268,E. Tolman,L,FA,L,-0.399909280372,2.79030810833,13.2925365181,-7.8784940036,6.96898751059,F,IP_OUT,2.42392584663,5.91231303958,87.0685132553,2265.61932215,149.407452946,-0.15
2106,2020,5035,ASU,D1 Pacific-12 Conference,730302720,NMSU,208858866,2020-02-25 13:00:00,5,1,2,2,1265009268,E. Tolman,L,FA,L,0.200991895334,2.38701635207,11.7538506681,-11.1096120748,6.98634488971,F,IP_OUT,2.50604785482,5.80758902935,89.3702279796,2115.00787475,136.690483553,0.0
2107,2020,5035,ASU,D1 Pacific-12 Conference,730302720,NMSU,208858866,2020-02-25 13:00:00,5,1,2,2,1265009268,E. Tolman,L,SL,L,1.18296959425,2.84967037803,-2.11323222957,17.7344532261,5.96559998815,B,IP_OUT,2.8599899334,5.67966277844,77.1172934639,2109.65285212,276.65383167,0.13
2108,2020,5035,ASU,D1 Pacific-12 Conference,730302720,NMSU,208858866,2020-02-25 13:00:00,5,2,2,2,1265009268,E. Tolman,L,FA,L,0.709039580302,3.86353671908,15.1914864745,-7.55937425154,6.63794949887,F,IP_OUT,2.54083389111,5.73495248052,89.6405146276,2330.13046895,153.592557171,0.0
2109,2020,5035,ASU,D1 Pacific-12 Conference,730302720,NMSU,208858866,2020-02-25 13:00:00,5,2,2,2,1265009268,E. Tolman,L,FA,L,-1.202440966,0.601761543778,12.9727005987,-11.0179598486,7.08141815078,B,IP_OUT,2.50455001127,5.70941469109,87.9468599457,2126.75327036,139.72997176,0.13
2110,2020,5035,ASU,D1 Pacific-12 Conference,730302720,NMSU,208858866,2020-02-25 13:00:00,5,3,2,2,1265009268,E. Tolman,L,FA,L,-0.299933229836,2.06625605041,13.7671505848,-7.41006175038,7.02389116932,F,IP_OUT,2.42891189983,5.81894212535,88.2094589492,2209.69330331,151.765763325,0.0
2111,2020,5035,ASU,D1 Pacific-12 Conference,730302720,NMSU,208858866,2020-02-25 13:00:00,6,0,1,0,1265009268,E. Tolman,L,FA,R,-0.33138888446,3.20356489665,13.2255803621,-5.96869576225,6.89747910495,F,IP_OUT,2.4863996037,5.82858754164,87.7705555178,2306.4643261,155.763437146,-0.15
2112,2020,5035,ASU,D1 Pacific-12 Conference,730302720,NMSU,208858866,2020-02-25 13:00:00,6,0,2,0,1265009268,E. Tolman,L,FA,R,1.26651454557,4.60592160533,13.1782224467,-9.3080337223,6.84499987335,B,IP_OUT,2.69694011283,5.86770271617,88.2322591496,2200.32319208,144.832077038,0.13
2113,2020,5035,ASU,D1 Pacific-12 Conference,730302720,NMSU,208858866,2020-02-25 13:00:00,6,1,2,0,1265009268,E. Tolman,L,FA,R,-0.736819268105,2.78323752425,14.8752900759,-5.9272883838,6.9367924422,F,IP_OUT,2.47965758823,5.83534786831,89.708180409,2343.03879539,158.315912745,0.0
2114,2020,5035,ASU,D1 Pacific-12 Conference,730302720,NMSU,208858866,2020-02-25 13:00:00,6,0,0,1,1144889995,C. Dennie,R,SL,R,1.99936173393,1.8569839955,4.13682626566,-2.81327376407,5.75352771217,B,IP_OUT,-1.63534178186,5.75125627885,84.9468511109,2402.7091633,146.014152934,0.13
2115,2020,5035,ASU,D1 Pacific-12 Conference,730302720,NMSU,208858866,2020-02-25 13:00:00,6,1,0,1,1144889995,C. Dennie,R,FA,R,0.535128564121,1.18309338935,9.24729626523,11.4090929276,5.88021095711,B,IP_OUT,-1.564597228,5.73985217112,89.7389752973,2254.60919859,230.875390335,0.13
2116,2020,5035,ASU,D1 Pacific-12 Conference,730302720,NMSU,208858866,2020-02-25 13:00:00,6,0,0,2,1144889995,C. Dennie,R,FA,L,0.574880641009,2.67778520234,11.9631508614,4.62020762974,6.03168715172,F,IP_OUT,-1.22251171641,5.84709849563,91.7367436246,2261.96218678,201.067146488,-0.15
2117,2020,5035,ASU,D1 Pacific-12 Conference,730302720,NMSU,208858866,2020-02-25 13:00:00,6,0,1,2,1144889995,C. Dennie,R,SL,L,0.0878230886267,2.33441994341,1.86120290631,-5.91797966035,5.96456909592,F,IP_OUT,-1.2706619178,5.71364666881,83.9478206952,2290.78997709,107.780146618,-0.15
2118,2020,5035,ASU,D1 Pacific-12 Conference,730302720,NMSU,208858866,2020-02-25 13:00:00,6,0,2,2,1144889995,C. Dennie,R,SL,L,1.09664816445,2.60517119345,-1.36297696627,-10.767801959,5.63185058171,F,IP_OUT,-1.14460219879,5.83570289779,84.9161098893,2407.62708667,82.9782452882,0.0
2119,2020,5035,ASU,D1 Pacific-12 Conference,730302720,NMSU,208858866,2020-02-25 13:00:00,7,0,0,0,1144889995,C. Dennie,R,SL,R,0.797020707565,2.55281194006,4.5187512272,-4.54425233278,5.68325562,F,IP_OUT,-1.14712738909,5.85287009798,83.851167321,2375.80364485,135.07500932,-0.15
2120,2020,5035,ASU,D1 Pacific-12 Conference,730302720,NMSU,208858866,2020-02-25 13:00:00,7,0,0,1,1144889995,C. Dennie,R,SL,L,-0.253069795185,2.16054866833,1.15492745767,-3.13319021845,5.68794964904,F,IP_OUT,-1.37534077828,5.81668380677,83.4334505438,2304.82274996,110.842262805,-0.15
2121,2020,5035,ASU,D1 Pacific-12 Conference,730302720,NMSU,208858866,2020-02-25 13:00:00,7,0,0,2,1144889995,C. Dennie,R,FA,R,-1.59982140138,3.3800072895,11.3694188858,8.22402097205,5.87419134119,B,IP_OUT,-1.22109585368,5.84278093145,89.5697995287,2170.49259871,215.801494473,0.13
2122,2020,5035,ASU,D1 Pacific-12 Conference,730302720,NMSU,208858866,2020-02-25 13:00:00,7,1,0,2,1144889995,C. Dennie,R,SL,R,1.00471997472,2.89053136746,1.65323700694,-9.1898654073,5.76606889284,SL,IP_OUT,-1.27723146691,5.87211273769,85.1462443089,2316.40162616,100.415741502,-0.15
2123,2020,5035,ASU,D1 Pacific-12 Conference,730302720,NMSU,208858866,2020-02-25 13:00:00,7,1,1,2,1144889995,C. Dennie,R,SL,R,1.18229336795,2.21779399622,3.00089637685,-9.21353515207,5.59682274759,SS,IP_OUT,-1.18425688184,5.89498375369,84.6330594474,2398.63800329,108.249462286,-0.15
2124,2020,5035,ASU,D1 Pacific-12 Conference,730302720,NMSU,208858866,2020-02-25 13:00:00,7,1,2,2,1144889995,C. Dennie,R,FA,R,2.17880596652,3.12213398129,9.97555832932,6.6305164397,6.26293689408,B,IP_OUT,-1.07076206843,5.87345010346,90.9118863726,2351.6849114,213.527572932,0.13
2125,2020,5035,ASU,D1 Pacific-12 Conference,730302720,NMSU,208858866,2020-02-25 13:00:00,7,2,2,2,1144889995,C. Dennie,R,SL,R,0.102560754058,1.96341887426,4.24828217448,-6.57488719577,5.72650955093,F,IP_OUT,-1.15989471947,5.94738841099,86.3204041891,2440.4709185,123.085836005,0.0
2126,2020,5035,ASU,D1 Pacific-12 Conference,730302720,NMSU,208858866,2020-02-25 13:00:00,8,0,0,0,1469997478,G. Osman,L,FA,L,0.274969810403,0.713126516324,15.2985672909,-15.6222470945,5.84174008456,B,BB,2.31826455434,5.83820748153,88.8919775264,2029.64172247,134.463707016,0.13
2127,2020,5035,ASU,D1 Pacific-12 Conference,730302720,NMSU,208858866,2020-02-25 13:00:00,8,1,0,0,1469997478,G. Osman,L,FA,L,-0.368842396645,1.26790099867,16.3489764895,-8.07355904145,5.49345753991,B,BB,2.44876953697,5.86106505348,88.0889024501,2130.61435947,153.767191281,0.13
2128,2020,5035,ASU,D1 Pacific-12 Conference,730302720,NMSU,208858866,2020-02-25 13:00:00,8,2,0,0,1469997478,G. Osman,L,FA,L,-0.551098063789,3.50159358097,15.9654979205,-4.93808650286,5.63136905227,B,BB,2.25470409572,5.86886730491,87.31367257,2155.30685999,162.848950014,0.13
2129,2020,5035,ASU,D1 Pacific-12 Conference,730302720,NMSU,208858866,2020-02-25 13:00:00,8,3,0,0,1469997478,G. Osman,L,FA,L,-1.61178621773,1.79992371263,16.9202656845,-10.1090183698,5.86065416764,B,BB,2.28860600476,5.87144270629,88.6272887574,2147.40586978,149.194496709,0.8
2130,2020,5035,ASU,D1 Pacific-12 Conference,730302720,NMSU,208858866,2020-02-25 13:00:00,8,0,0,0,1469997478,G. Osman,L,FA,R,-0.57731971103,1.38754305447,17.8028652133,-6.64792428112,5.84319902275,B,D,2.72321753566,5.94178233345,87.240715309,2010.68926637,159.560416049,0.13
2131,2020,5035,ASU,D1 Pacific-12 Conference,730302720,NMSU,208858866,2020-02-25 13:00:00,8,1,0,0,1469997478,G. Osman,L,FA,R,0.747234747329,1.04421190065,16.4832609855,-8.5692118912,5.75264089477,B,D,2.75716183183,5.90664348894,87.2278375319,1966.9058231,152.581136171,0.13
2132,2020,5035,ASU,D1 Pacific-12 Conference,730302720,NMSU,208858866,2020-02-25 13:00:00,8,2,0,0,1469997478,G. Osman,L,FA,R,0.326867763485,2.0258175487,16.6039715144,-9.54143137348,5.7877899223,F,D,2.69746084337,5.86354307714,87.5734567382,2119.54071431,150.16832461,-0.15
2133,2020,5035,ASU,D1 Pacific-12 Conference,730302720,NMSU,208858866,2020-02-25 13:00:00,8,2,1,0,1469997478,G. Osman,L,FA,R,-0.753193268137,2.06141127382,16.7384021188,-10.382261789,5.7490875349,SL,D,2.61692541627,5.8561948061,87.3452937921,2051.83833586,148.244020866,-0.15
2134,2020,5035,ASU,D1 Pacific-12 Conference,730302720,NMSU,208858866,2020-02-25 13:00:00,8,2,2,0,1469997478,G. Osman,L,FA,R,0.889789106235,1.98115211639,15.5733903773,-10.8368847617,5.58086316275,F,D,2.54645046628,5.88085258409,87.8862968171,2106.28864252,145.22789538,0.0
2135,2020,5035,ASU,D1 Pacific-12 Conference,730302720,NMSU,208858866,2020-02-25 13:00:00,8,2,2,0,1469997478,G. Osman,L,FA,R,0.696405466605,1.97152235227,13.8406770301,-11.6595343166,5.66196953615,F,D,2.60687022402,5.84422109834,87.7755025049,2025.81704455,139.959197771,0.0
2136,2020,5035,ASU,D1 Pacific-12 Conference,730302720,NMSU,208858866,2020-02-25 13:00:00,8,2,2,0,1469997478,G. Osman,L,FA,R,1.54109156766,2.53446640211,14.6719306146,-11.5230844084,5.46137690818,B,D,2.81988920674,5.84500551555,88.1186902913,2066.08829298,141.919669895,0.13
2137,2020,5035,ASU,D1 Pacific-12 Conference,730302720,NMSU,208858866,2020-02-25 13:00:00,8,3,2,0,1469997478,G. Osman,L,FA,R,0.911318362865,2.8431213711,12.6224800681,-7.2521247733,5.61385168256,IP,D,2.65739159402,5.84963220522,87.0000769689,2057.23781036,150.189169987,1.26
2138,2020,5035,ASU,D1 Pacific-12 Conference,730302720,NMSU,208858866,2020-02-25 13:00:00,8,0,0,0,1949078477,B. Barnett,R,FA,L,-0.196354550501,2.45979548639,11.5387104503,-7.99227010051,5.76789464876,F,K,2.73406743519,5.88655572791,87.275651275,1996.11425256,145.372049699,-0.15
2139,2020,5035,ASU,D1 Pacific-12 Conference,730302720,NMSU,208858866,2020-02-25 13:00:00,8,0,1,0,1949078477,B. Barnett,R,FA,L,-0.33388286424,2.08259573237,11.7600301781,-11.887760623,5.79443467368,F,K,2.56269242929,5.85191936,85.9785001798,1905.95037401,134.777844416,-0.15
2140,2020,5035,ASU,D1 Pacific-12 Conference,730302720,NMSU,208858866,2020-02-25 13:00:00,8,0,2,0,1949078477,B. Barnett,R,SL,L,-1.40932048266,4.5016503375,-4.11565593209,-11.9032369972,4.58598585297,B,K,-1.28049458772,6.12130598281,78.4203924501,2556.23749362,71.1196151236,0.13
2141,2020,5035,ASU,D1 Pacific-12 Conference,730302720,NMSU,208858866,2020-02-25 13:00:00,8,1,2,0,1949078477,B. Barnett,R,FA,L,1.24260426345,0.603360846393,7.4107787861,12.70478576,5.67237501171,B,K,-1.09019371889,5.95489887763,92.3818717363,2399.65828513,239.639830749,0.13
2142,2020,5035,ASU,D1 Pacific-12 Conference,730302720,NMSU,208858866,2020-02-25 13:00:00,8,2,2,0,1949078477,B. Barnett,R,CU,L,0.189173457072,2.05539175953,-6.22305215025,-6.15872175932,4.76622700446,SS,K,-1.54036814862,5.85531245525,81.5862564142,2637.05613521,44.8926010015,-0.15
2143,2020,5035,ASU,D1 Pacific-12 Conference,730302720,NMSU,208858866,2020-02-25 13:00:00,8,0,0,1,1949078477,B. Barnett,R,SL,R,1.32320075757,1.43390153527,-1.79792339664,-8.18933146182,5.08705473968,B,K,-1.22521658118,5.93706043577,80.9750382047,2580.259438,77.891949683,0.13
2144,2020,5035,ASU,D1 Pacific-12 Conference,730302720,NMSU,208858866,2020-02-25 13:00:00,8,1,0,1,1949078477,B. Barnett,R,FA,R,2.18602620703,2.12203910211,9.70176647664,6.71759045657,5.84701971601,B,K,-0.881015010227,5.97611208037,91.2702399934,2459.07136449,214.611773758,0.13
2145,2020,5035,ASU,D1 Pacific-12 Conference,730302720,NMSU,208858866,2020-02-25 13:00:00,8,2,0,1,1949078477,B. Barnett,R,FA,R,1.24298275673,2.46556516568,10.55392278,5.64821904772,5.87334666625,B,K,-1.15358715682,5.99305836293,91.106047026,2514.93090763,208.083331575,0.13
2146,2020,5035,ASU,D1 Pacific-12 Conference,730302720,NMSU,208858866,2020-02-25 13:00:00,8,3,0,1,1949078477,B. Barnett,R,FA,R,0.0372652559021,1.88897729384,9.67804202738,11.5038280394,5.71280240918,SL,K,-0.855261173037,6.07824299433,92.3117054022,2439.62872273,229.83553138,-0.15
2147,2020,5035,ASU,D1 Pacific-12 Conference,730302720,NMSU,208858866,2020-02-25 13:00:00,8,3,1,1,1949078477,B. Barnett,R,SL,R,-0.733534885277,2.62179675224,-1.09286063468,-4.03250702725,4.9007519748,SL,K,-1.16090306495,5.84797557338,81.5251000406,2646.20555677,75.3799601837,-0.15
2148,2020,5035,ASU,D1 Pacific-12 Conference,730302720,NMSU,208858866,2020-02-25 13:00:00,8,3,2,1,1949078477,B. Barnett,R,SL,R,1.14174688884,1.36082721422,-5.72003647065,-11.8641872812,5.01001286574,SS,K,-1.16319162514,5.8749428198,81.3048492232,2669.39351942,64.4217608603,-0.15
2149,2020,5035,ASU,D1 Pacific-12 Conference,730302720,NMSU,208858866,2020-02-25 13:00:00,8,0,0,2,1728695021,R. Dabovich,R,FA,L,-0.426689784075,1.71833651386,18.8789143027,12.5988743243,5.83709263122,SL,D,-1.72035944047,6.40309801054,93.6523816927,2402.62685914,213.674932359,-0.15
2150,2020,5035,ASU,D1 Pacific-12 Conference,730302720,NMSU,208858866,2020-02-25 13:00:00,8,0,1,2,1728695021,R. Dabovich,R,FA,L,-0.313487068396,2.23387042233,18.140502378,14.1979156021,5.95165544339,F,D,-1.69250844737,6.43865432077,95.2433225927,2462.95725008,218.004407526,-0.15
2151,2020,5035,ASU,D1 Pacific-12 Conference,730302720,NMSU,208858866,2020-02-25 13:00:00,8,0,2,2,1728695021,R. Dabovich,R,FA,L,-0.493922155247,3.47790799505,15.6798655561,18.9088416046,5.95741559477,F,D,-1.71625703037,6.39906328802,95.4381171547,2406.54152041,230.280781092,0.0
2152,2020,5035,ASU,D1 Pacific-12 Conference,730302720,NMSU,208858866,2020-02-25 13:00:00,8,0,2,2,1728695021,R. Dabovich,R,CU,L,-0.309401082776,2.46449953535,-4.32339748801,1.52900572503,5.64971779747,IP,D,-1.28567308765,6.47851250348,82.5153057259,2432.43747257,340.362067456,1.26
2153,2020,5035,ASU,D1 Pacific-12 Conference,730302720,NMSU,208858866,2020-02-25 13:00:00,8,0,0,2,1728695021,R. Dabovich,R,FA,R,-0.0100914807439,2.60660483537,20.7289508036,9.0280544719,5.98984577412,F,IP_OUT,-1.6160044676,6.53810390964,94.7388938219,2301.46290517,203.504941005,-0.15
2154,2020,5035,ASU,D1 Pacific-12 Conference,730302720,NMSU,208858866,2020-02-25 13:00:00,9,0,0,0,1728695021,R. Dabovich,R,FA,L,-1.1224511806,0.687114327346,19.5938463113,7.98342782755,6.28460795,B,T,-1.74597536344,6.46989705252,93.8000856981,2494.98970369,202.13787134,0.13
2155,2020,5035,ASU,D1 Pacific-12 Conference,730302720,NMSU,208858866,2020-02-25 13:00:00,9,1,0,0,1728695021,R. Dabovich,R,FA,L,0.0670921423773,2.26693950619,21.4962604203,8.84909627508,5.80268288771,IP,T,-1.54602642307,6.5386800611,93.2093290922,2514.51817095,202.346020013,1.54
2156,2020,5035,ASU,D1 Pacific-12 Conference,730302720,NMSU,208858866,2020-02-25 13:00:00,9,0,0,0,1728695021,R. Dabovich,R,SL,R,-0.362002697319,1.72630695671,14.5606879792,5.1135183295,6.39710476902,SL,IP_OUT,-1.44862935491,6.44650862793,87.8731909164,2478.34236283,199.309257671,-0.15
2157,2020,5035,ASU,D1 Pacific-12 Conference,730302720,NMSU,208858866,2020-02-25 13:00:00,9,0,1,0,1728695021,R. Dabovich,R,FA,R,-0.339309565595,1.77507085629,17.9989224969,10.7016387401,5.94978403577,SL,IP_OUT,-1.83711461198,6.39960115604,95.1905618986,2532.28756172,210.693615212,-0.15
2158,2020,5035,ASU,D1 Pacific-12 Conference,730302720,NMSU,208858866,2020-02-25 13:00:00,9,0,2,0,1728695021,R. Dabovich,R,FA,R,1.16610114624,0.273655725925,20.1233096942,9.75018340575,6.03724784282,B,IP_OUT,-1.6296440466,6.45018536494,95.4760247495,2566.8952934,205.818597216,0.13
2159,2020,5035,ASU,D1 Pacific-12 Conference,730302720,NMSU,208858866,2020-02-25 13:00:00,9,0,0,1,1728695021,R. Dabovich,R,FA,L,-0.840382708332,1.49196227077,22.0296179719,9.94142216239,6.23152176553,SL,BB,-1.60781102881,6.45668910632,93.8073438615,2470.23428313,204.259316073,-0.15
2160,2020,5035,ASU,D1 Pacific-12 Conference,730302720,NMSU,208858866,2020-02-25 13:00:00,9,0,1,1,1728695021,R. Dabovich,R,FA,L,1.28288857058,1.66823178598,22.3394001506,6.68645228747,5.99554089751,B,BB,-1.29764756136,6.42361289622,94.2786192258,2439.43835887,196.641940413,0.13
2161,2020,5035,ASU,D1 Pacific-12 Conference,730302720,NMSU,208858866,2020-02-25 13:00:00,9,1,1,1,1728695021,R. Dabovich,R,FA,L,0.776913385498,4.90593594707,21.7241181946,6.95263951942,5.8513901687,B,BB,-1.46947147125,6.55371273072,94.2122946938,2190.27766154,197.724027657,0.13
2162,2020,5035,ASU,D1 Pacific-12 Conference,730302720,NMSU,208858866,2020-02-25 13:00:00,9,2,1,1,1728695021,R. Dabovich,R,FA,L,-0.731219230361,3.67616542599,21.6126474273,8.7283905532,5.91257344834,B,BB,-1.35047911657,6.58639420659,93.4294216542,2209.08928994,201.963785128,0.13
2163,2020,5035,ASU,D1 Pacific-12 Conference,730302720,NMSU,208858866,2020-02-25 13:00:00,9,3,1,1,1728695021,R. Dabovich,R,CH,L,-1.12517123586,1.35989405734,17.799800601,7.95942048623,5.91198140605,SS,BB,-1.69995798093,6.36435160883,86.2711974066,1964.88577326,204.050197277,-0.15
2164,2020,5035,ASU,D1 Pacific-12 Conference,730302720,NMSU,208858866,2020-02-25 13:00:00,9,3,2,1,1728695021,R. Dabovich,R,FA,L,-0.921703349121,4.02666115894,16.6403472514,9.67199821597,6.03496545414,B,BB,-1.6927627061,6.27619026834,93.392946899,2183.66535061,210.121868335,0.8
2165,2020,5035,ASU,D1 Pacific-12 Conference,730302720,NMSU,208858866,2020-02-25 13:00:00,9,0,0,1,1728695021,R. Dabovich,R,FA,R,-1.74295127457,3.1717478293,23.2326241641,6.75147565119,6.06133223849,B,K,-1.70037036402,6.55772608899,92.4972306036,2230.09395074,196.183656921,0.13
2166,2020,5035,ASU,D1 Pacific-12 Conference,730302720,NMSU,208858866,2020-02-25 13:00:00,9,1,0,1,1728695021,R. Dabovich,R,FA,R,0.139718881953,3.64765392568,17.3621051901,11.4715926568,5.89026326284,SS,K,-1.76307839049,6.36880006493,94.5362547559,2257.83683134,213.408948385,-0.15
2167,2020,5035,ASU,D1 Pacific-12 Conference,730302720,NMSU,208858866,2020-02-25 13:00:00,9,1,1,1,1728695021,R. Dabovich,R,FA,R,-0.807160740222,3.26909066922,17.7305029819,8.94277299585,6.05914309159,SS,K,-1.82793170299,6.35286687066,94.5475561326,2302.49426423,206.727164296,-0.15
2168,2020,5035,ASU,D1 Pacific-12 Conference,730302720,NMSU,208858866,2020-02-25 13:00:00,9,1,2,1,1728695021,R. Dabovich,R,FA,R,1.20136160425,2.42461738458,19.3862771843,8.01265565588,6.04638670249,SS,K,-1.41287034184,6.36830772174,94.7481116511,2318.77903835,202.425664056,-0.15
2169,2020,5035,ASU,D1 Pacific-12 Conference,730302720,NMSU,208858866,2020-02-25 13:00:00,9,0,0,2,1728695021,R. Dabovich,R,FA,L,0.151963644586,4.250702579,21.1164553939,8.81403507628,5.82934649524,B,BB,-1.57838795771,6.58405964926,94.8164146346,2268.95012154,202.627425174,0.13
2170,2020,5035,ASU,D1 Pacific-12 Conference,730302720,NMSU,208858866,2020-02-25 13:00:00,9,1,0,2,1728695021,R. Dabovich,R,FA,L,-0.657911063486,3.54757505012,17.3199253883,11.3206817856,5.8815515396,B,BB,-1.62513921627,6.38482086493,92.1833728011,2237.95127065,213.122712454,0.13
2171,2020,5035,ASU,D1 Pacific-12 Conference,730302720,NMSU,208858866,2020-02-25 13:00:00,9,2,0,2,1728695021,R. Dabovich,R,FA,L,-0.389650508824,3.79457036171,16.2976026985,11.1465644563,5.84113313581,B,BB,-1.72130482254,6.41494759221,93.9546148299,2316.14320977,214.321263324,0.13
2172,2020,5035,ASU,D1 Pacific-12 Conference,730302720,NMSU,208858866,2020-02-25 13:00:00,9,3,0,2,1728695021,R. Dabovich,R,FA,L,0.029637964434,3.1287945208,16.8843428453,9.64166042226,5.96699733934,SL,BB,-1.54662637201,6.43366509228,94.6545898049,2358.01344472,209.685735096,-0.15
2173,2020,5035,ASU,D1 Pacific-12 Conference,730302720,NMSU,208858866,2020-02-25 13:00:00,9,3,1,2,1728695021,R. Dabovich,R,FA,L,-0.887044619852,4.08418439705,15.7520327634,10.3953677162,5.80820847422,B,BB,-1.5772139273,6.30721025239,93.9596789377,2266.7999101,213.372542529,0.8
2174,2020,5035,ASU,D1 Pacific-12 Conference,730302720,NMSU,208858866,2020-02-25 13:00:00,9,0,0,2,1728695021,R. Dabovich,R,FA,R,0.45034159371,2.15204772013,17.9777369631,10.8559439504,6.07643353961,F,ROE,-1.88140064247,6.44294803451,93.4561299887,2392.82781695,211.083823269,-0.15
2175,2020,5035,ASU,D1 Pacific-12 Conference,730302720,NMSU,208858866,2020-02-25 13:00:00,9,0,1,2,1728695021,R. Dabovich,R,FA,R,0.077759640405,3.31585065395,17.3719512421,7.84600310441,5.9781994005,SS,ROE,-1.51121968397,6.36741410305,95.918455377,2606.15435968,204.270966195,-0.15
2176,2020,5035,ASU,D1 Pacific-12 Conference,730302720,NMSU,208858866,2020-02-25 13:00:00,9,0,2,2,1728695021,R. Dabovich,R,FA,R,0.879671785413,3.50085897533,17.4051954684,5.12586315716,5.8542251186,B,ROE,-1.2943424394,6.45974937072,96.0146766478,2540.76387557,196.384316049,0.13
2177,2020,5035,ASU,D1 Pacific-12 Conference,730302720,NMSU,208858866,2020-02-25 13:00:00,9,1,2,2,1728695021,R. Dabovich,R,FA,R,1.94859792576,2.44882649681,18.2592870934,6.17350768907,5.99543610821,B,ROE,-1.31792794118,6.46323178617,93.7572079908,2460.94340119,198.651980769,0.13
2178,2020,5035,ASU,D1 Pacific-12 Conference,730302720,NMSU,208858866,2020-02-25 13:00:00,9,2,2,2,1728695021,R. Dabovich,R,FA,R,-1.31249748613,3.2279894274,19.2875601197,8.80782583375,5.86168791095,F,ROE,-1.72600433704,6.36712559938,94.1398365315,2547.72936334,204.510796401,0.0
2179,2020,5035,ASU,D1 Pacific-12 Conference,730302720,NMSU,208858866,2020-02-25 13:00:00,9,2,2,2,1728695021,R. Dabovich,R,FA,R,0.642173832628,2.84713817138,17.3969193148,5.81085074266,5.96141536602,F,ROE,-1.43631124743,6.36989535081,95.0623974532,2478.0715374,198.441419716,0.0
2180,2020,5035,ASU,D1 Pacific-12 Conference,730302720,NMSU,208858866,2020-02-25 13:00:00,9,2,2,2,1728695021,R. Dabovich,R,SL,R,0.926377936576,0.0601305525269,5.80644529131,1.14678468304,6.43822947246,B,ROE,-1.4776653748,6.2451778778,88.5481605017,2721.96645904,191.1111798,0.13
2181,2020,5035,ASU,D1 Pacific-12 Conference,730302720,NMSU,208858866,2020-02-25 13:00:00,9,3,2,2,1728695021,R. Dabovich,R,FA,R,0.160148508723,3.01364887226,19.1679749985,3.86641444285,5.95918904804,IP,ROE,-1.27534855716,6.45492070633,94.8760788572,2568.75083018,191.387379622,0.0
2182,2020,5035,ASU,D1 Pacific-12 Conference,730302720,NMSU,208858866,2020-02-25 13:00:00,9,0,0,2,1728695021,R. Dabovich,R,FA,R,0.730667530367,2.7322154334,17.5445400267,7.29159931378,5.87958614727,SL,IP_OUT,-1.18439229485,6.51283915435,94.74013741,2542.62508396,202.534142337,-0.15
2183,2020,5035,ASU,D1 Pacific-12 Conference,730302720,NMSU,208858866,2020-02-25 13:00:00,9,0,1,2,1728695021,R. Dabovich,R,FA,R,0.373076104837,5.18895037386,17.7667185268,9.02053376548,6.02271778501,B,IP_OUT,-1.4196958879,6.4974042965,95.6903999511,2579.12137633,206.880683999,0.13
2184,2020,5035,ASU,D1 Pacific-12 Conference,730302720,NMSU,208858866,2020-02-25 13:00:00,9,1,1,2,1728695021,R. Dabovich,R,FA,R,-0.463981647147,3.30813529205,20.5550867329,9.1601473966,5.78406915578,F,IP_OUT,-1.2588229072,6.55842422975,92.2851883187,2471.49210929,203.987287662,-0.15
2185,2020,5035,ASU,D1 Pacific-12 Conference,730302720,NMSU,208858866,2020-02-25 13:00:00,10,0,0,0,1108246367,C. Bodlovich,R,FA,L,1.079996723,1.88195279754,12.929367144,9.77788308551,6.28030792958,SL,K,-1.27796527796,5.21836569076,85.8304941222,2032.35647583,217.023411595,-0.15
2186,2020,5035,ASU,D1 Pacific-12 Conference,730302720,NMSU,208858866,2020-02-25 13:00:00,10,0,1,0,1108246367,C. Bodlovich,R,SL,L,-0.521653342479,1.50492638654,-6.01004189272,-9.96365025678,5.4444230631,SL,K,-1.69397214833,5.0192471391,75.5007465191,2190.66266736,59.0995519507,-0.15
2187,2020,5035,ASU,D1 Pacific-12 Conference,730302720,NMSU,208858866,2020-02-25 13:00:00,10,0,2,0,1108246367,C. Bodlovich,R,FA,L,-0.321466533585,2.70526086041,16.4494399017,10.2969849007,6.00995121576,F,K,-1.45418303461,5.40384787906,86.3504236869,2023.9754615,211.990458827,0.0
2188,2020,5035,ASU,D1 Pacific-12 Conference,730302720,NMSU,208858866,2020-02-25 13:00:00,10,0,2,0,1108246367,C. Bodlovich,R,FA,L,-2.10192793482,2.89722255081,19.1191878845,10.3174121454,6.07977290414,B,K,-1.46707749384,5.40214403385,86.6123106053,2026.85504212,208.309613145,0.13
2189,2020,5035,ASU,D1 Pacific-12 Conference,730302720,NMSU,208858866,2020-02-25 13:00:00,10,1,2,0,1108246367,C. Bodlovich,R,SL,L,0.447782582484,1.22520039592,-5.32388302263,-5.22283894419,5.60972780335,SS,K,-1.58843775038,5.07665791866,76.3364325699,2251.26374037,44.6949084685,-0.15
2190,2020,5035,ASU,D1 Pacific-12 Conference,730302720,NMSU,208858866,2020-02-25 13:00:00,10,0,0,1,1108246367,C. Bodlovich,R,FA,R,0.167880268434,1.90886720518,17.046689462,2.97127981967,6.25665227473,SL,IP_OUT,-0.753365627567,5.56314769414,85.6845634802,1987.42674462,189.867567535,-0.15
2191,2020,5035,ASU,D1 Pacific-12 Conference,730302720,NMSU,208858866,2020-02-25 13:00:00,10,0,1,1,1108246367,C. Bodlovich,R,FA,R,0.686038521384,0.83925179171,17.3539522865,6.60511404225,6.49821929063,B,IP_OUT,-0.851832045094,5.53514743749,86.5895875195,2019.68518805,200.800096497,0.13
2192,2020,5035,ASU,D1 Pacific-12 Conference,730302720,NMSU,208858866,2020-02-25 13:00:00,10,1,1,1,1108246367,C. Bodlovich,R,SL,R,1.58430978109,-0.120808067704,-5.77320306699,-11.3347190406,5.67485166281,B,IP_OUT,-1.01673624644,5.27295850087,75.970417618,2307.94547376,63.1909281463,0.13
2193,2020,5035,ASU,D1 Pacific-12 Conference,730302720,NMSU,208858866,2020-02-25 13:00:00,10,2,1,1,1108246367,C. Bodlovich,R,FA,R,1.09297619114,1.91148091205,11.4717043431,9.76792818809,6.56614682727,SL,IP_OUT,-0.869328720581,5.19149665674,85.3069856598,2042.56573684,220.327581454,-0.15
2194,2020,5035,ASU,D1 Pacific-12 Conference,730302720,NMSU,208858866,2020-02-25 13:00:00,10,0,0,2,1108246367,C. Bodlovich,R,FA,L,0.699805451763,1.93674728198,20.587706136,8.18370802563,6.13005606256,SL,IP_OUT,-1.27472022121,5.40163076214,86.884453788,2060.55505669,201.644761072,-0.15
2195,2020,5035,ASU,D1 Pacific-12 Conference,730302720,NMSU,208858866,2020-02-25 13:00:00,10,0,1,2,1108246367,C. Bodlovich,R,FA,L,0.0788420602325,1.58240352137,18.9846038522,16.7399023791,6.10221589427,F,IP_OUT,-1.74617513554,5.29418964571,85.4686098141,2058.73789434,221.350685435,-0.15
2196,2020,4865,NEB,D1 Big Ten Conference,730286592,UNCO,414969162,2020-03-11 13:00:00,1,0,0,0,1092162816,Q. Mason,R,FA,R,0.341240960626,0.785433322382,13.6280894355,5.14815649944,5.8978570219,B,IP_OUT,-2.1045057362,5.98685725105,89.6059954432,1785.98581315,200.649531828,0.13
2197,2020,4865,NEB,D1 Big Ten Conference,730286592,UNCO,414969162,2020-03-11 13:00:00,1,1,0,0,1092162816,Q. Mason,R,FA,R,0.920497791311,3.48819511569,14.9922597502,3.69526911584,6.08654011562,B,IP_OUT,-2.12551214857,6.0022330961,90.0314676112,1931.61816931,193.817857055,0.13
2198,2020,4865,NEB,D1 Big Ten Conference,730286592,UNCO,414969162,2020-03-11 13:00:00,1,2,0,0,1092162816,Q. Mason,R,FA,R,1.00215335266,1.68029026118,12.6213134065,4.98226590152,5.97113621474,SL,IP_OUT,-2.19062311618,5.97856525864,88.8465418254,1843.13879027,201.490876042,-0.15
2199,2020,4865,NEB,D1 Big Ten Conference,730286592,UNCO,414969162,2020-03-11 13:00:00,1,2,1,0,1092162816,Q. Mason,R,FA,R,-0.303062770856,4.42373401144,17.3463950509,12.8621589627,6.27063081543,B,IP_OUT,-1.91524203122,6.13626093442,90.328888568,1835.90551227,216.506471957,0.13
2200,2020,4865,NEB,D1 Big Ten Conference,730286592,UNCO,414969162,2020-03-11 13:00:00,1,0,0,1,1092162816,Q. Mason,R,FA,R,0.0503038386109,3.84865798937,15.3214365907,3.56144863013,6.14254005996,B,IP_OUT,-2.04518270572,6.09944261523,90.2542190902,1847.26651678,193.059753548,0.13
2201,2020,4865,NEB,D1 Big Ten Conference,730286592,UNCO,414969162,2020-03-11 13:00:00,1,1,0,1,1092162816,Q. Mason,R,FA,R,0.376056926754,1.33534633762,16.0640066555,3.50580655545,5.84322436943,F,IP_OUT,-2.29699637108,6.04594544691,89.1448827624,1836.37145076,192.286695941,-0.15
2202,2020,4865,NEB,D1 Big Ten Conference,730286592,UNCO,414969162,2020-03-11 13:00:00,1,1,1,1,1092162816,Q. Mason,R,FA,R,0.600758605092,1.38433384105,16.9580175432,1.18374400081,5.81489083836,SL,IP_OUT,-2.19140319978,6.01519933289,90.1297053465,1879.65073208,183.985420259,-0.15
2203,2020,4865,NEB,D1 Big Ten Conference,730286592,UNCO,414969162,2020-03-11 13:00:00,1,1,2,1,1092162816,Q. Mason,R,SL,R,-0.0861595132328,0.808608638361,-5.02912243238,-10.119023863,5.23416815957,B,IP_OUT,-2.47723186786,5.87917781468,80.7339561032,2478.33571168,63.7601481832,0.13
2204,2020,4865,NEB,D1 Big Ten Conference,730286592,UNCO,414969162,2020-03-11 13:00:00,1,0,0,2,1092162816,Q. Mason,R,FA,L,-1.86380899678,1.37849858185,7.59040885153,10.6355712162,5.96070630876,B,BB,-2.4551347478,5.96403090835,90.593105636,1827.90505671,234.373582151,0.13
2205,2020,4865,NEB,D1 Big Ten Conference,730286592,UNCO,414969162,2020-03-11 13:00:00,1,1,0,2,1092162816,Q. Mason,R,FA,L,-0.100273853717,1.40319114572,12.9233926655,14.0946499696,5.98625888079,B,BB,-2.38172672157,5.81383094707,91.4354978514,1880.25282818,227.413527314,0.13
2206,2020,4865,NEB,D1 Big Ten Conference,730286592,UNCO,414969162,2020-03-11 13:00:00,1,2,0,2,1092162816,Q. Mason,R,FA,L,-0.610220406989,1.79107012595,12.9090107112,14.1496244285,5.98909554399,SS,BB,-2.46148839641,5.82036371663,91.6224076597,1808.97643899,227.55672916,-0.15
2207,2020,4865,NEB,D1 Big Ten Conference,730286592,UNCO,414969162,2020-03-11 13:00:00,1,2,1,2,1092162816,Q. Mason,R,FA,L,-0.079151321409,0.324046362954,13.8767017977,9.89505460574,5.87176207747,B,BB,-2.31626114626,5.88564281589,91.497321595,1911.65453987,215.430790752,0.13
2208,2020,4865,NEB,D1 Big Ten Conference,730286592,UNCO,414969162,2020-03-11 13:00:00,1,3,1,2,1092162816,Q. Mason,R,FA,L,-2.05068279752,1.62354727755,11.4006457562,15.9107917681,5.84607167594,B,BB,-2.76486764295,5.83524029512,91.2986582875,1782.84426678,234.302866557,0.8
2209,2020,4865,NEB,D1 Big Ten Conference,730286592,UNCO,414969162,2020-03-11 13:00:00,1,0,0,2,1092162816,Q. Mason,R,SL,R,-0.464195289626,2.83638882128,-4.83018387474,-10.1041633747,5.36796463123,SL,IP_OUT,-2.2764494679,6.00378648503,76.6544134079,2284.93494887,64.6622644049,-0.15
2210,2020,4865,NEB,D1 Big Ten Conference,730286592,UNCO,414969162,2020-03-11 13:00:00,1,0,1,2,1092162816,Q. Mason,R,FA,R,0.0971482539906,3.48696984675,14.8968596795,4.58685010962,5.84444985825,B,IP_OUT,-1.90709405549,6.02961706202,91.2741240822,1967.85952201,197.08000747,0.13
2211,2020,4865,NEB,D1 Big Ten Conference,730286592,UNCO,414969162,2020-03-11 13:00:00,1,1,1,2,1092162816,Q. Mason,R,FA,R,0.364001029682,1.92646093578,13.4449376485,2.07335668142,5.89637425321,SL,IP_OUT,-1.79497633068,6.08062959143,89.8418844106,1915.52940775,188.745879032,-0.15
2212,2020,4865,NEB,D1 Big Ten Conference,730286592,UNCO,414969162,2020-03-11 13:00:00,2,0,0,0,1092162816,Q. Mason,R,FA,R,-0.312966974768,4.6954640273,22.2707959064,4.20706221657,5.71334818405,B,IP_OUT,-2.05386133783,6.23167070658,89.528480111,1927.92745599,190.682062757,0.13
2213,2020,4865,NEB,D1 Big Ten Conference,730286592,UNCO,414969162,2020-03-11 13:00:00,2,1,0,0,1092162816,Q. Mason,R,FA,R,1.14018875315,1.62209895156,10.8181216374,2.46638066061,6.05261141171,B,IP_OUT,-2.19925983033,6.03449321244,88.6246106388,1842.87502911,192.804897317,0.13
2214,2020,4865,NEB,D1 Big Ten Conference,730286592,UNCO,414969162,2020-03-11 13:00:00,2,2,0,0,1092162816,Q. Mason,R,FA,R,1.11270215805,2.5385988448,10.7781675236,3.06127716991,6.14461799481,B,IP_OUT,-2.09165597294,5.99286366275,88.9589928213,1847.52156691,195.809842657,0.13
2215,2020,4865,NEB,D1 Big Ten Conference,730286592,UNCO,414969162,2020-03-11 13:00:00,2,3,0,0,1092162816,Q. Mason,R,FA,R,-0.136771276975,1.79963854223,9.20128014111,2.04534009966,6.15698412339,SL,IP_OUT,-2.12923580187,6.00459062445,88.5529810297,1781.52468988,192.488835151,-0.15
2216,2020,4865,NEB,D1 Big Ten Conference,730286592,UNCO,414969162,2020-03-11 13:00:00,2,0,0,1,1092162816,Q. Mason,R,CU,R,0.165005420682,1.89082366604,-1.15020697057,-9.64238279731,5.59948309409,SL,K,-2.6280976429,6.0674829179,77.4473084841,2287.08175534,83.4608528509,-0.15
2217,2020,4865,NEB,D1 Big Ten Conference,730286592,UNCO,414969162,2020-03-11 13:00:00,2,0,1,1,1092162816,Q. Mason,R,CU,R,-0.885448214429,0.357551632648,-4.97604187674,-9.75699851385,5.36543514925,B,K,-2.50638641598,5.91087502031,78.3326944005,2280.03145264,63.1835190607,0.13
2218,2020,4865,NEB,D1 Big Ten Conference,730286592,UNCO,414969162,2020-03-11 13:00:00,2,1,1,1,1092162816,Q. Mason,R,FA,R,0.377626783758,3.54055794367,11.2355311309,2.78218757575,6.08179049231,B,K,-2.23662178186,6.09580040351,88.8618706715,1762.55395907,193.868867088,0.13
2219,2020,4865,NEB,D1 Big Ten Conference,730286592,UNCO,414969162,2020-03-11 13:00:00,2,2,1,1,1092162816,Q. Mason,R,FA,R,-0.62472484831,3.2532296569,15.5745598648,3.47265890109,6.02669775294,SS,K,-2.4242066125,6.05104638773,89.7812365635,1797.10644621,192.544540913,-0.15
2220,2020,4865,NEB,D1 Big Ten Conference,730286592,UNCO,414969162,2020-03-11 13:00:00,2,2,2,1,1092162816,Q. Mason,R,CU,R,-0.243229178341,1.40620134695,-1.52118274629,-12.7046724746,5.58530552606,F,K,-2.55190608224,6.0151244716,78.5329442721,2251.80391117,83.365833585,0.0
2221,2020,4865,NEB,D1 Big Ten Conference,730286592,UNCO,414969162,2020-03-11 13:00:00,2,2,2,1,1092162816,Q. Mason,R,FA,R,-0.372217099517,1.89799759296,13.3485321467,2.00405620546,6.15999032128,F,K,-2.18572579185,5.97716482242,91.7973064373,1896.28697562,188.518787017,0.0
2222,2020,4865,NEB,D1 Big Ten Conference,730286592,UNCO,414969162,2020-03-11 13:00:00,2,2,2,1,1092162816,Q. Mason,R,CU,R,0.649720219028,0.210551187996,-10.5953911761,-8.95246349608,5.37396042225,SS,K,-2.50404833339,5.98630285601,79.50908315,2438.33087918,40.310099665,-0.15
2223,2020,4865,NEB,D1 Big Ten Conference,730286592,UNCO,414969162,2020-03-11 13:00:00,2,0,0,2,1092162816,Q. Mason,R,FA,L,-1.19623986137,1.81539474713,11.1595061336,17.4220955966,6.25376565037,SS,IP_OUT,-2.24782359343,5.95293254596,90.4863611935,1882.88344555,237.285212245,-0.15
2224,2020,4865,NEB,D1 Big Ten Conference,730286592,UNCO,414969162,2020-03-11 13:00:00,2,0,1,2,1092162816,Q. Mason,R,FA,L,0.522871802873,1.05692756836,12.6252857201,10.4350208575,6.38233638859,B,IP_OUT,-2.35665532192,5.83637307703,90.57440065,1830.40418225,219.504747909,0.13
2225,2020,4865,NEB,D1 Big Ten Conference,730286592,UNCO,414969162,2020-03-11 13:00:00,2,1,1,2,1092162816,Q. Mason,R,FA,L,-1.23957722446,1.43475217216,9.05128511683,16.0775361716,6.21580737616,SS,IP_OUT,-2.62408528671,5.80926759484,91.4092896567,1865.1516115,240.537048845,-0.15
2226,2020,4865,NEB,D1 Big Ten Conference,730286592,UNCO,414969162,2020-03-11 13:00:00,2,1,2,2,1092162816,Q. Mason,R,FA,L,-1.79342144725,2.8726343413,11.8243458999,10.6495865073,6.45319156435,B,IP_OUT,-2.55330854584,5.80745173084,92.0475246606,1848.36829735,221.93568433,0.13
2227,2020,4865,NEB,D1 Big Ten Conference,730286592,UNCO,414969162,2020-03-11 13:00:00,2,2,2,2,1092162816,Q. Mason,R,FA,L,-1.94624161661,3.66697157961,14.8443529633,9.23722734177,6.12017662099,B,IP_OUT,-2.58946849106,5.92332145297,90.5332943598,1798.39849731,211.838520584,0.13
2228,2020,4865,NEB,D1 Big Ten Conference,730286592,UNCO,414969162,2020-03-11 13:00:00,3,0,0,0,1092162816,Q. Mason,R,FA,R,1.70656910901,-0.584261554378,12.4156198814,3.84430808006,6.23808170135,B,IP_OUT,-2.25528316924,5.98449376001,87.4410567358,1918.11478311,197.160784046,0.13
2229,2020,4865,NEB,D1 Big Ten Conference,730286592,UNCO,414969162,2020-03-11 13:00:00,3,1,0,0,1092162816,Q. Mason,R,FA,R,-0.673991693719,3.44926692489,14.8506107981,2.66384007773,5.92266071573,SS,IP_OUT,-2.21215903014,6.08003736955,89.6092354726,1832.5242972,190.147517692,-0.15
2230,2020,4865,NEB,D1 Big Ten Conference,730286592,UNCO,414969162,2020-03-11 13:00:00,3,0,0,1,1092162816,Q. Mason,R,FA,R,-0.0977627947779,3.54240981982,13.2770866555,6.16171200547,5.98938895535,B,IP_OUT,-2.22808081689,6.15060518444,88.9216094031,1844.69096255,204.8411458,0.13
2231,2020,4865,NEB,D1 Big Ten Conference,730286592,UNCO,414969162,2020-03-11 13:00:00,3,1,0,1,1092162816,Q. Mason,R,FA,R,-0.163601196086,3.8548923047,13.3418453926,1.35325222503,6.17349528817,SS,IP_OUT,-2.19040850273,6.07030265419,87.9638053944,1884.26232395,185.777251415,-0.15
2232,2020,4865,NEB,D1 Big Ten Conference,730286592,UNCO,414969162,2020-03-11 13:00:00,3,1,1,1,1092162816,Q. Mason,R,CU,R,-0.160377867722,-0.0588212844919,-1.50386643911,-12.0513437455,5.36666736571,B,IP_OUT,-2.76919122362,6.00825620638,78.276102189,2154.30281116,83.0917812671,0.13
2233,2020,4865,NEB,D1 Big Ten Conference,730286592,UNCO,414969162,2020-03-11 13:00:00,3,2,1,1,1092162816,Q. Mason,R,FA,R,0.0436735490908,1.56467631047,11.8261317141,0.732420821779,6.11037683499,F,IP_OUT,-2.3697468816,6.04651964643,89.5856117047,1902.79501788,183.534336549,-0.15
2234,2020,4865,NEB,D1 Big Ten Conference,730286592,UNCO,414969162,2020-03-11 13:00:00,3,2,2,1,1092162816,Q. Mason,R,FA,R,1.36720830127,2.6805012732,12.9126770056,1.64240719005,6.08880028548,B,IP_OUT,-2.18122549887,6.11865579535,89.3260898942,1959.15931136,187.230697258,0.13
2235,2020,4865,NEB,D1 Big Ten Conference,730286592,UNCO,414969162,2020-03-11 13:00:00,3,0,0,2,1092162816,Q. Mason,R,FA,R,0.748095086609,2.52779096017,15.7682704838,2.72903695788,6.17239300705,IP,S,-2.2178665639,5.99732113162,88.9746788282,1911.89998973,189.799038536,1.0
2236,2020,4865,NEB,D1 Big Ten Conference,730286592,UNCO,414969162,2020-03-11 13:00:00,3,0,0,2,1092162816,Q. Mason,R,CU,R,0.50965011545,0.877925468318,-2.23115853064,-15.3507929731,5.37547483279,B,K,-2.19892740506,6.11560311095,77.5771177397,2315.55179319,81.8959825558,0.13
2237,2020,4865,NEB,D1 Big Ten Conference,730286592,UNCO,414969162,2020-03-11 13:00:00,3,1,0,2,1092162816,Q. Mason,R,FA,R,1.21940531266,0.686408822414,15.0255745006,4.2714896181,5.85793059137,B,K,-1.79753738929,6.10246627124,90.1615798445,2024.94049346,195.837052152,0.13
2238,2020,4865,NEB,D1 Big Ten Conference,730286592,UNCO,414969162,2020-03-11 13:00:00,3,2,0,2,1092162816,Q. Mason,R,FA,R,0.0179015220488,2.97377868563,17.2210665259,3.37451949283,6.06590292928,SS,K,-2.0011206434,6.08593548465,89.7365864026,1903.29860999,191.066440473,-0.15
2239,2020,4865,NEB,D1 Big Ten Conference,730286592,UNCO,414969162,2020-03-11 13:00:00,3,2,1,2,1092162816,Q. Mason,R,FA,R,0.401671690449,0.439315401409,14.4074980746,1.67182561525,5.97584631186,B,K,-1.91352329635,6.02477816256,89.8871547092,1936.67286267,186.604174014,0.13
2240,2020,4865,NEB,D1 Big Ten Conference,730286592,UNCO,414969162,2020-03-11 13:00:00,3,3,1,2,1092162816,Q. Mason,R,FA,R,0.486902820165,2.69143152375,7.3584946324,5.30450764629,6.10566840924,SL,K,-1.92104409257,6.06175248248,88.9331655019,2037.29208299,215.666333396,-0.15
2241,2020,4865,NEB,D1 Big Ten Conference,730286592,UNCO,414969162,2020-03-11 13:00:00,3,3,2,2,1092162816,Q. Mason,R,FA,R,0.686996735288,2.88834854885,18.812477612,-4.49258136491,6.10866210328,F,K,-2.00565985568,6.01547859848,90.7787890966,2013.88253864,166.590600481,0.0
2242,2020,4865,NEB,D1 Big Ten Conference,730286592,UNCO,414969162,2020-03-11 13:00:00,3,3,2,2,1092162816,Q. Mason,R,FA,R,0.157399601017,2.02442588319,17.2935597231,3.04556777455,6.03064372145,SL,K,-2.02201422552,5.99398160789,91.8452536509,1948.06624323,189.970540735,-0.15
2243,2020,4865,NEB,D1 Big Ten Conference,730286592,UNCO,414969162,2020-03-11 13:00:00,4,0,0,0,1163518720,E. Bradford,L,FA,L,0.717640375595,0.747184777801,13.5432056891,-8.32124645098,5.53385906059,B,K,1.7748538714,5.75696767069,89.4929028421,2148.10576837,148.494686819,0.13
2244,2020,4865,NEB,D1 Big Ten Conference,730286592,UNCO,414969162,2020-03-11 13:00:00,4,1,0,0,1163518720,E. Bradford,L,FA,L,-0.434800964971,0.833575778073,16.6871097204,-2.93654058492,5.70571218136,B,K,1.89314899882,5.65220658033,87.9528540645,2180.27357457,170.03935749,0.13
2245,2020,4865,NEB,D1 Big Ten Conference,730286592,UNCO,414969162,2020-03-11 13:00:00,4,2,0,0,1163518720,E. Bradford,L,FA,L,0.252135158167,0.880686454149,12.9112586059,-6.59230799699,5.65659104567,B,K,1.85723397055,5.563042649,87.6226595479,2070.41291311,153.012950061,0.13
2246,2020,4865,NEB,D1 Big Ten Conference,730286592,UNCO,414969162,2020-03-11 13:00:00,4,3,0,0,1163518720,E. Bradford,L,FA,L,0.528715411185,2.50581101836,14.1945790073,-2.60703952804,5.52568713015,SL,K,1.68865878837,5.98604986621,88.9823309118,2214.12574997,169.616623702,-0.15
2247,2020,4865,NEB,D1 Big Ten Conference,730286592,UNCO,414969162,2020-03-11 13:00:00,4,3,1,0,1163518720,E. Bradford,L,FA,L,0.847820601976,3.03090389172,17.5477943109,1.52786249397,5.39480986453,SL,K,1.76677955468,6.22517698945,88.7616079119,2230.06633281,184.966549528,-0.15
2248,2020,4865,NEB,D1 Big Ten Conference,730286592,UNCO,414969162,2020-03-11 13:00:00,4,3,2,0,1163518720,E. Bradford,L,FA,L,0.647351501338,0.952720282067,15.6793586894,-2.01845989555,5.2994507149,SS,K,1.65095388995,6.17348688095,89.7366323034,2158.36678377,172.679705063,-0.15
2249,2020,4865,NEB,D1 Big Ten Conference,730286592,UNCO,414969162,2020-03-11 13:00:00,4,0,0,1,1163518720,E. Bradford,L,FA,R,1.02739180026,2.15086228081,18.7993853708,-9.5542269724,5.21964970251,SL,K,1.90488802305,6.20723654833,89.7490384117,2277.29341369,153.100264941,-0.15
2250,2020,4865,NEB,D1 Big Ten Conference,730286592,UNCO,414969162,2020-03-11 13:00:00,4,0,1,1,1163518720,E. Bradford,L,FA,R,0.66718151808,2.32986160265,17.195546883,-3.25375495574,5.33532234589,SS,K,1.69898440613,6.22813309528,90.6161739432,2346.80044008,169.304862559,-0.15
2251,2020,4865,NEB,D1 Big Ten Conference,730286592,UNCO,414969162,2020-03-11 13:00:00,4,0,2,1,1163518720,E. Bradford,L,FA,R,0.472811764704,2.16305432981,16.8636441691,-3.56426216668,5.1823011085,SS,K,1.73457902317,6.23768981903,91.9494171734,2313.45701481,168.087658881,-0.15
2252,2020,4865,NEB,D1 Big Ten Conference,730286592,UNCO,414969162,2020-03-11 13:00:00,4,0,0,2,1163518720,E. Bradford,L,FA,R,0.85814369178,3.06699736147,13.6213570158,-2.20442023378,5.43684925095,SL,K,1.77282423696,6.07155223852,91.5358219479,2291.2415619,170.828126859,-0.15
2253,2020,4865,NEB,D1 Big Ten Conference,730286592,UNCO,414969162,2020-03-11 13:00:00,4,0,1,2,1163518720,E. Bradford,L,FA,R,0.966276286909,2.52439068708,15.4725852853,-0.731684329779,5.36144402998,SL,K,1.68877510918,6.18988982546,91.8788280458,2333.71280893,177.298075786,-0.15
2254,2020,4865,NEB,D1 Big Ten Conference,730286592,UNCO,414969162,2020-03-11 13:00:00,4,0,2,2,1163518720,E. Bradford,L,FA,R,1.41418690221,2.24909520222,13.2013550716,-0.758039502461,5.30161115242,B,K,1.69317655317,6.19658791445,92.0300140154,2254.97146475,176.721431842,0.13
2255,2020,4865,NEB,D1 Big Ten Conference,730286592,UNCO,414969162,2020-03-11 13:00:00,4,1,2,2,1163518720,E. Bradford,L,SL,R,0.345135308289,3.22032016485,14.4510819405,-0.239160300641,5.27108687727,SL,K,1.56189660041,5.9571129176,83.9113887126,1830.80268956,179.054327483,-0.15
2256,2020,4865,NEB,D1 Big Ten Conference,730286592,UNCO,414969162,2020-03-11 13:00:00,5,0,0,0,1163518720,E. Bradford,L,FA,R,0.697847382938,1.21381639728,13.0703388039,-5.43224594819,5.33204910184,SS,IP_OUT,1.8803712973,6.10460829631,88.3582376666,2070.02862644,157.484383051,-0.15
2257,2020,4865,NEB,D1 Big Ten Conference,730286592,UNCO,414969162,2020-03-11 13:00:00,5,0,1,0,1163518720,E. Bradford,L,CH,R,0.233429215004,-0.434417515812,10.8230285112,-6.73406696662,5.24291223994,B,IP_OUT,1.65584981515,5.90295442408,80.8331320139,1932.26471865,148.207839173,0.13
2258,2020,4865,NEB,D1 Big Ten Conference,730286592,UNCO,414969162,2020-03-11 13:00:00,5,0,0,1,1163518720,E. Bradford,L,FA,L,-0.912621507032,2.79147219645,12.2003460773,1.11106991067,5.52764675087,SL,K,1.49270046726,6.09099269755,88.2638453835,2188.71905552,185.189326306,-0.15
2259,2020,4865,NEB,D1 Big Ten Conference,730286592,UNCO,414969162,2020-03-11 13:00:00,5,0,1,1,1163518720,E. Bradford,L,FA,L,-0.155536507764,3.40335114792,16.7575629766,-0.31575109416,5.75709572674,SS,K,1.75906233237,5.98761854167,88.666617181,2247.96764139,178.922676105,-0.15
2260,2020,4865,NEB,D1 Big Ten Conference,730286592,UNCO,414969162,2020-03-11 13:00:00,5,0,2,1,1163518720,E. Bradford,L,FA,L,-0.441343121269,2.83177652408,13.4158006791,0.202228197184,5.54571350961,SS,K,1.54775432143,5.84932461696,89.852845277,2229.15402271,180.861505085,-0.15
2261,2020,4865,NEB,D1 Big Ten Conference,730286592,UNCO,414969162,2020-03-11 13:00:00,5,0,0,2,1163518720,E. Bradford,L,FA,R,1.15896177163,3.21468302021,15.1871031232,-2.12353642051,5.61600269457,B,BB,1.74806795582,6.01887589901,88.3736497003,2129.5714747,172.05773878,0.13
2262,2020,4865,NEB,D1 Big Ten Conference,730286592,UNCO,414969162,2020-03-11 13:00:00,5,1,0,2,1163518720,E. Bradford,L,FA,R,1.67468521617,3.34443816672,18.0139175564,-2.47009802425,5.68215338393,B,BB,1.84333288707,6.00523688542,88.2704030162,2264.84450441,172.206664783,0.13
2263,2020,4865,NEB,D1 Big Ten Conference,730286592,UNCO,414969162,2020-03-11 13:00:00,5,2,0,2,1163518720,E. Bradford,L,FA,R,0.524759655949,2.1200113288,13.7668586904,0.122634081895,5.62078686309,SL,BB,1.54188900662,5.87781615756,88.2914644893,2196.67045435,180.509131161,-0.15
2264,2020,4865,NEB,D1 Big Ten Conference,730286592,UNCO,414969162,2020-03-11 13:00:00,5,2,1,2,1163518720,E. Bradford,L,FA,R,0.46473137737,3.60337658145,14.9393827978,0.682900610905,5.58688695836,B,BB,1.70697443767,5.93265363686,88.7979227476,2218.7064011,182.611416574,0.13
2265,2020,4865,NEB,D1 Big Ten Conference,730286592,UNCO,414969162,2020-03-11 13:00:00,5,3,1,2,1163518720,E. Bradford,L,FA,R,0.375925923691,2.56191769826,16.8758948728,-1.04251703219,5.62812089791,F,BB,1.83897672107,5.87038702996,88.1791880354,2219.70889153,176.47207856,-0.15
2266,2020,4865,NEB,D1 Big Ten Conference,730286592,UNCO,414969162,2020-03-11 13:00:00,5,3,2,2,1163518720,E. Bradford,L,FA,R,1.59515815752,3.17992922026,13.4745870467,-3.34317581603,5.60195835186,B,BB,1.63742922969,5.99590894617,89.7223026729,2156.0570526,166.098140258,0.8
2267,2020,4865,NEB,D1 Big Ten Conference,730286592,UNCO,414969162,2020-03-11 13:00:00,5,0,0,2,1163518720,E. Bradford,L,FA,R,-1.23166519434,2.27316853884,14.6330677139,-1.1273016425,6.07162705281,B,IP_OUT,1.20208916616,5.71376978063,87.8701499614,2252.02050233,175.604758507,0.13
2268,2020,4865,NEB,D1 Big Ten Conference,730286592,UNCO,414969162,2020-03-11 13:00:00,5,1,0,2,1163518720,E. Bradford,L,FA,R,-0.556762441607,2.69720307906,17.5586546395,-0.860963244213,5.83174015396,F,IP_OUT,1.53183297094,5.88032866327,87.6681980186,2210.76096543,177.198237517,-0.15
2269,2020,4865,NEB,D1 Big Ten Conference,730286592,UNCO,414969162,2020-03-11 13:00:00,5,1,1,2,1163518720,E. Bradford,L,FA,R,-0.369790050262,1.52507267188,9.72954195615,1.26847017231,5.80486965789,F,IP_OUT,1.42511673953,5.88038033911,88.3291905385,1946.35051032,187.402580632,-0.15
2270,2020,4865,NEB,D1 Big Ten Conference,730286592,UNCO,414969162,2020-03-11 13:00:00,5,1,2,2,1163518720,E. Bradford,L,CU,R,0.242829041397,0.520892333652,14.5218937757,-3.70846908705,5.76679307983,B,IP_OUT,1.51147881665,5.84810043711,81.3926609316,2044.28408897,165.711737251,0.13
2271,2020,4865,NEB,D1 Big Ten Conference,730286592,UNCO,414969162,2020-03-11 13:00:00,5,2,2,2,1163518720,E. Bradford,L,FA,R,-0.481330621237,4.27396704671,18.1343106722,2.15061414004,5.95567487058,B,IP_OUT,1.53004830252,5.80783531637,88.3044745487,2247.77590102,186.750834783,0.13
2272,2020,4865,NEB,D1 Big Ten Conference,730286592,UNCO,414969162,2020-03-11 13:00:00,6,0,0,1,1860254388,K. Wisch,R,FA,R,-0.176450728952,2.17165681177,12.5186127519,15.6094431797,5.49804665223,SL,K,-1.83578652902,5.58397455606,89.7963512751,2172.84909924,231.197323561,-0.15
2273,2020,4865,NEB,D1 Big Ten Conference,730286592,UNCO,414969162,2020-03-11 13:00:00,6,0,1,1,1860254388,K. Wisch,R,FA,R,0.648280589408,1.37992155981,8.88997489335,19.0648783797,5.66125520475,SL,K,-1.49355152325,5.60291669873,88.6520080516,2089.79015993,244.917116188,-0.15
2274,2020,4865,NEB,D1 Big Ten Conference,730286592,UNCO,414969162,2020-03-11 13:00:00,6,0,2,1,1860254388,K. Wisch,R,CU,R,0.693249702208,1.17509351168,-10.5778055723,-11.0137709746,5.33042283911,B,K,-1.58687379908,5.58624928032,74.8171777439,2753.11561555,46.2872316154,0.13
2275,2020,4865,NEB,D1 Big Ten Conference,730286592,UNCO,414969162,2020-03-11 13:00:00,6,1,2,1,1860254388,K. Wisch,R,CU,R,1.00286760326,2.43661647598,-9.25280471197,-6.72883488317,5.24259209736,B,K,-1.78758390021,5.59307401183,74.3343321643,2667.69942689,36.1710879765,0.13
2276,2020,4865,NEB,D1 Big Ten Conference,730286592,UNCO,414969162,2020-03-11 13:00:00,6,2,2,1,1860254388,K. Wisch,R,FA,R,0.303408438496,0.102265069882,8.90248447084,17.4121169723,5.61975164245,B,K,-1.82766116298,5.5167352256,89.2755319181,2071.22217842,242.83298571,0.13
2277,2020,4865,NEB,D1 Big Ten Conference,730286592,UNCO,414969162,2020-03-11 13:00:00,6,3,2,1,1860254388,K. Wisch,R,FA,R,-0.644756837164,1.96123551791,10.2647863026,18.6414978163,5.45526975613,SS,K,-1.91086699543,5.64426114331,89.43695018,2167.64095145,241.082405995,-0.15
2278,2020,4865,NEB,D1 Big Ten Conference,730286592,UNCO,414969162,2020-03-11 13:00:00,6,0,0,2,1860254388,K. Wisch,R,FA,R,0.0923891769739,2.10036709774,-12.068484435,-7.89524716103,4.82928436111,SL,K,-1.61633359764,5.64192960481,73.9470588954,2647.38393429,33.3022125916,-0.15
2279,2020,4865,NEB,D1 Big Ten Conference,730286592,UNCO,414969162,2020-03-11 13:00:00,6,0,1,2,1860254388,K. Wisch,R,FA,R,0.482039550627,2.16777710801,17.3682269845,11.2258300164,5.60324635102,SL,K,-1.54434869207,5.73439333971,89.8215113236,2213.15039807,212.826882721,-0.15
2280,2020,4865,NEB,D1 Big Ten Conference,730286592,UNCO,414969162,2020-03-11 13:00:00,6,0,2,2,1860254388,K. Wisch,R,FA,R,1.64453215717,0.84988187042,15.283972987,16.7735104178,5.51619071473,B,K,-1.59774273347,5.59834127708,89.4865722546,2122.76695503,227.59831021,0.13
2281,2020,4865,NEB,D1 Big Ten Conference,730286592,UNCO,414969162,2020-03-11 13:00:00,7,0,0,0,1860254388,K. Wisch,R,CH,R,-2.30146553775,2.6103694025,11.6231325526,14.9442008962,5.24961289611,SL,D,-1.78103999379,5.71319101978,82.9845043378,1837.47062524,232.032932522,-0.15
2282,2020,4865,NEB,D1 Big Ten Conference,730286592,UNCO,414969162,2020-03-11 13:00:00,7,0,1,0,1860254388,K. Wisch,R,FA,R,-1.13856927237,2.12797378133,9.06187122246,17.5673835851,5.37859016413,SL,D,-1.88282283641,5.55850126596,87.5200404302,2055.38029785,242.624679345,-0.15
2283,2020,4865,NEB,D1 Big Ten Conference,730286592,UNCO,414969162,2020-03-11 13:00:00,7,0,2,0,1860254388,K. Wisch,R,FA,R,0.119174305029,0.071927786137,11.6746623224,16.5305848272,5.60135426246,B,D,-1.82816381152,5.50745621498,87.3083939044,2073.20684419,234.688978607,0.13
2284,2020,4865,NEB,D1 Big Ten Conference,730286592,UNCO,414969162,2020-03-11 13:00:00,7,1,2,0,1860254388,K. Wisch,R,FA,R,-1.86285416106,4.01375350353,11.662938457,13.7098322409,5.49373456106,B,D,-1.86597945397,5.72366042819,87.0097319351,1978.87833793,229.527785305,0.13
2285,2020,4865,NEB,D1 Big Ten Conference,730286592,UNCO,414969162,2020-03-11 13:00:00,7,2,2,0,1860254388,K. Wisch,R,FA,R,-0.428383546021,1.43180020289,15.0342942014,16.4552844,5.42877746908,F,D,-1.73586480503,5.66628339227,87.1694255056,2064.46515916,227.517071132,0.0
2286,2020,4865,NEB,D1 Big Ten Conference,730286592,UNCO,414969162,2020-03-11 13:00:00,7,2,2,0,1860254388,K. Wisch,R,FA,R,-0.430698914421,2.48214477545,12.8002842583,12.8152229546,5.57875459724,IP,D,-1.91616795677,5.52902663396,87.8929798232,2180.11341518,224.957104102,1.26
2287,2020,4865,NEB,D1 Big Ten Conference,730286592,UNCO,414969162,2020-03-11 13:00:00,7,0,0,0,1860254388,K. Wisch,R,CU,R,1.79565467612,1.09295878384,-7.99000156043,-8.98824636452,5.24801415848,B,IP_OUT,-1.97604662694,5.59845622453,73.5719424766,2620.16760172,48.5417089547,0.13
2288,2020,4865,NEB,D1 Big Ten Conference,730286592,UNCO,414969162,2020-03-11 13:00:00,7,1,0,0,1860254388,K. Wisch,R,FA,R,0.762736714629,1.09547367514,8.80108445851,16.1460618358,5.44876764623,B,IP_OUT,-2.00419505201,5.49426664252,86.7531983037,2098.09751378,241.309086492,0.13
2289,2020,4865,NEB,D1 Big Ten Conference,730286592,UNCO,414969162,2020-03-11 13:00:00,7,0,0,1,1860254388,K. Wisch,R,CU,R,0.639385324926,1.66090613088,-6.95307712245,-7.55434323693,5.12657819839,IP,D,-1.99718404093,5.58743775913,73.726552502,2595.27895883,47.5785280515,1.26
2290,2020,4865,NEB,D1 Big Ten Conference,730286592,UNCO,414969162,2020-03-11 13:00:00,7,0,0,1,1860254388,K. Wisch,R,FA,L,-0.934503270945,1.23544783552,7.59032339234,18.4737296699,5.47602887794,B,IP_OUT,-2.2197279238,5.51951491865,87.6711557636,2102.2832952,247.572131547,0.13
2291,2020,4865,NEB,D1 Big Ten Conference,730286592,UNCO,414969162,2020-03-11 13:00:00,7,1,0,1,1860254388,K. Wisch,R,FA,L,0.24461190014,1.65980822342,8.61684253316,18.504448768,5.67423999158,SL,IP_OUT,-1.9279089745,5.68049791537,86.9763285065,1985.10022005,244.941794329,-0.15
2292,2020,4865,NEB,D1 Big Ten Conference,730286592,UNCO,414969162,2020-03-11 13:00:00,7,1,1,1,1860254388,K. Wisch,R,SL,L,-0.157123168588,2.05598839297,-9.18164338354,-6.15003037651,5.17563434375,SL,IP_OUT,-1.92703789765,5.61158802867,73.9558050998,2606.78321569,33.9567729031,-0.15
2293,2020,4865,NEB,D1 Big Ten Conference,730286592,UNCO,414969162,2020-03-11 13:00:00,8,0,0,0,1559527541,T. Martin,L,FA,R,0.0344289803284,3.89778925708,12.487023764,-14.1067500994,4.59334509614,B,BB,1.57873609282,5.38162904746,89.5784217666,2258.11841475,131.592625972,0.13
2294,2020,4865,NEB,D1 Big Ten Conference,730286592,UNCO,414969162,2020-03-11 13:00:00,8,1,0,0,1559527541,T. Martin,L,FA,R,2.50782526984,2.69400405866,13.412538981,-12.6567077804,4.66716086496,B,BB,1.5592333855,5.35563693579,89.0131860732,2187.46439904,136.73419433,0.13
2295,2020,4865,NEB,D1 Big Ten Conference,730286592,UNCO,414969162,2020-03-11 13:00:00,8,2,0,0,1559527541,T. Martin,L,FA,R,-1.13435770851,1.78774151361,15.2588541582,-11.5999120861,4.67013555388,B,BB,1.71553570809,5.3978890595,89.1304879713,2141.28252918,142.820003308,0.13
2296,2020,4865,NEB,D1 Big Ten Conference,730286592,UNCO,414969162,2020-03-11 13:00:00,8,3,0,0,1559527541,T. Martin,L,FA,R,1.03808514173,2.1352011146,6.45590733523,-18.4199746447,4.785585046,SL,BB,1.64254065558,5.14382431,87.494448595,2158.60973379,109.41445961,-0.15
2297,2020,4865,NEB,D1 Big Ten Conference,730286592,UNCO,414969162,2020-03-11 13:00:00,8,3,1,0,1559527541,T. Martin,L,FA,R,-0.651954519723,1.35941865576,4.42920965929,-17.7512753177,4.82868198673,B,BB,1.6850336979,4.9165523831,86.9925377412,2174.34325283,104.120089176,0.8
2298,2020,4865,NEB,D1 Big Ten Conference,730286592,UNCO,414969162,2020-03-11 13:00:00,8,0,0,0,1559527541,T. Martin,L,FA,R,0.530655460471,2.61019221315,9.87179908423,-14.9132567541,4.65697110567,F,K,1.57626488843,5.31624233161,88.8233649324,2107.25039212,123.596338203,-0.15
2299,2020,4865,NEB,D1 Big Ten Conference,730286592,UNCO,414969162,2020-03-11 13:00:00,8,0,1,0,1559527541,T. Martin,L,SL,R,0.721789686211,3.64049800084,1.90397131824,4.92617348161,4.46957697381,B,K,1.60254293503,5.18022429892,79.3453480095,2179.31329587,248.429990918,0.13
2300,2020,4865,NEB,D1 Big Ten Conference,730286592,UNCO,414969162,2020-03-11 13:00:00,8,1,1,0,1559527541,T. Martin,L,FA,R,-0.311331446483,1.52213697499,11.1989368718,-14.2152099457,4.54812849195,SL,K,1.61743069602,5.39516037065,89.6913365872,2195.42506911,128.315907648,-0.15
2301,2020,4865,NEB,D1 Big Ten Conference,730286592,UNCO,414969162,2020-03-11 13:00:00,8,1,2,0,1559527541,T. Martin,L,FA,R,0.448590723579,2.69974868262,9.88164369463,-13.8541749187,4.51811199964,SS,K,1.57423662339,5.3089652525,89.5893714812,2123.43838587,125.591758305,-0.15
2302,2020,4865,NEB,D1 Big Ten Conference,730286592,UNCO,414969162,2020-03-11 13:00:00,8,0,0,1,1559527541,T. Martin,L,CH,R,-0.0591355804147,1.84893144007,0.42833966409,2.93009615188,4.52696117762,F,BB,1.81408238935,5.11918926721,81.1108168987,2211.8876903,260.897555427,-0.15
2303,2020,4865,NEB,D1 Big Ten Conference,730286592,UNCO,414969162,2020-03-11 13:00:00,8,0,1,1,1559527541,T. Martin,L,SL,R,0.481139431255,1.5620187088,-0.733690307149,3.34998683381,4.50187715553,B,BB,1.88049704318,5.16401074752,81.1694961431,2311.0461276,281.674211067,0.13
2304,2020,4865,NEB,D1 Big Ten Conference,730286592,UNCO,414969162,2020-03-11 13:00:00,8,1,1,1,1559527541,T. Martin,L,FA,R,-0.89624724133,2.50554332892,11.389471398,-8.21020807739,4.56654264175,F,BB,1.67355314715,5.21475873849,87.7326883597,2076.05115222,144.298424389,-0.15
2305,2020,4865,NEB,D1 Big Ten Conference,730286592,UNCO,414969162,2020-03-11 13:00:00,8,1,2,1,1559527541,T. Martin,L,FA,R,-0.325866271444,2.91855632287,15.4752679956,-5.25511388107,4.53791981348,F,BB,1.44345568255,5.44385679794,89.5126086136,2059.60745958,161.281787214,0.0
2306,2020,4865,NEB,D1 Big Ten Conference,730286592,UNCO,414969162,2020-03-11 13:00:00,8,1,2,1,1559527541,T. Martin,L,SL,R,0.311936776155,3.11362218485,13.0334541359,-9.2792864564,4.69339293106,F,BB,1.69144215153,5.16072057379,83.826946849,2145.32966487,144.631947726,0.0
2307,2020,4865,NEB,D1 Big Ten Conference,730286592,UNCO,414969162,2020-03-11 13:00:00,8,1,2,1,1559527541,T. Martin,L,CH,R,0.61639541168,2.70105618271,-1.40943812513,4.44360628026,4.61429663237,B,BB,1.75516576366,5.22186113857,79.4855397928,2161.24782971,287.095054452,0.13
2308,2020,4865,NEB,D1 Big Ten Conference,730286592,UNCO,414969162,2020-03-11 13:00:00,8,2,2,1,1559527541,T. Martin,L,FA,R,-1.05472428766,1.08482091579,9.27470271973,-10.4874747907,4.53118468003,B,BB,1.49472755417,5.22336690316,88.1487517172,2091.59297662,131.596102505,0.13
2309,2020,4865,NEB,D1 Big Ten Conference,730286592,UNCO,414969162,2020-03-11 13:00:00,8,3,2,1,1559527541,T. Martin,L,FA,R,-2.1377275852,2.64594879881,12.3033093172,-15.0266504172,4.7733192642,B,BB,1.53124600877,5.25210973794,88.3201362094,2165.33722395,129.389896564,0.8
2310,2020,4865,NEB,D1 Big Ten Conference,730286592,UNCO,414969162,2020-03-11 13:00:00,8,0,0,1,1559527541,T. Martin,L,CH,R,1.22507850061,1.80369960502,6.75263461008,-11.3741301349,4.73880263464,SL,IP_OUT,1.69967106262,5.0922576985,84.7372321856,1966.56940691,120.83739714,-0.15
2311,2020,4865,NEB,D1 Big Ten Conference,730286592,UNCO,414969162,2020-03-11 13:00:00,8,0,0,2,1559527541,T. Martin,L,FA,R,-1.51987707241,2.77581339066,11.8647621622,-14.2709454173,4.7772281238,B,IP_OUT,1.58051782781,5.19645768002,89.5547062038,2110.33247545,129.822027148,0.13
2312,2020,4865,NEB,D1 Big Ten Conference,730286592,UNCO,414969162,2020-03-11 13:00:00,8,1,0,2,1559527541,T. Martin,L,FA,R,-1.41334445749,2.62679969672,13.4747182566,-11.8408300416,4.78834625474,SL,IP_OUT,1.71244711258,5.23879581448,90.2226585893,2114.84096845,138.764552795,-0.15
2313,2020,4865,NEB,D1 Big Ten Conference,730286592,UNCO,414969162,2020-03-11 13:00:00,8,1,1,2,1559527541,T. Martin,L,FA,R,-1.53627903516,1.96080580583,11.4373211895,-13.2527383678,4.74680947165,B,IP_OUT,1.52167206194,5.23184155362,89.5482233348,2112.71675445,130.880061536,0.13
2314,2020,4865,NEB,D1 Big Ten Conference,730286592,UNCO,414969162,2020-03-11 13:00:00,8,2,1,2,1559527541,T. Martin,L,FA,R,-0.0807334303189,2.50690953933,10.3870210999,-16.727950424,4.48810964043,F,IP_OUT,1.42291579086,5.15384639636,88.5496620441,2097.64063471,121.925550698,-0.15
2315,2020,4865,NEB,D1 Big Ten Conference,730286592,UNCO,414969162,2020-03-11 13:00:00,8,2,2,2,1559527541,T. Martin,L,CH,R,-0.0856018379485,2.74381653684,0.933395163125,2.19425244769,4.59285733133,F,IP_OUT,1.69443331016,5.05182214985,80.2297125787,2247.50299457,246.024666435,0.0
2316,2020,4865,NEB,D1 Big Ten Conference,730286592,UNCO,414969162,2020-03-11 13:00:00,9,0,0,1,1286487605,J. Hallmark,R,FA,R,-0.490535100575,2.33712946254,12.6042909019,10.7789943704,5.41312568068,F,K,-1.93083285566,5.24898787532,88.2138537225,2101.58634314,220.460519953,-0.15
2317,2020,4865,NEB,D1 Big Ten Conference,730286592,UNCO,414969162,2020-03-11 13:00:00,9,0,1,1,1286487605,J. Hallmark,R,FA,R,-0.416765780163,3.82482676403,13.9274868056,12.4730911871,5.30512444846,B,K,-1.99515236937,5.30697961845,89.6959442208,2249.78027684,221.779714366,0.13
2318,2020,4865,NEB,D1 Big Ten Conference,730286592,UNCO,414969162,2020-03-11 13:00:00,9,1,1,1,1286487605,J. Hallmark,R,FA,R,0.306794922133,2.64747047526,11.4398233796,13.1947693756,5.25852059009,SL,K,-1.77349135227,5.19672370684,89.2399541359,2206.5093281,228.992104111,-0.15
2319,2020,4865,NEB,D1 Big Ten Conference,730286592,UNCO,414969162,2020-03-11 13:00:00,9,1,2,1,1286487605,J. Hallmark,R,FA,R,0.122379643315,2.50886685505,9.59585344948,14.6548188618,5.40369331754,SL,K,-1.80712925247,5.19060198012,89.2117849064,2241.12938725,236.69224017,-0.15
2320,2020,4865,NEB,D1 Big Ten Conference,730286592,UNCO,414969162,2020-03-11 13:00:00,9,0,0,2,1286487605,J. Hallmark,R,FA,L,0.418792047651,2.7879662199,13.2547454235,14.1134657677,5.63707581202,SL,K,-2.09058689431,5.18679729731,89.8455505717,2273.13359582,226.726647951,-0.15
2321,2020,4865,NEB,D1 Big Ten Conference,730286592,UNCO,414969162,2020-03-11 13:00:00,9,0,1,2,1286487605,J. Hallmark,R,FA,L,0.0266071801528,2.7221447354,13.9261783924,13.1114278296,5.28899300649,F,K,-2.05394068948,5.0212685922,90.9590256632,2329.21330779,223.207726917,-0.15
2322,2020,4865,NEB,D1 Big Ten Conference,730286592,UNCO,414969162,2020-03-11 13:00:00,9,0,2,2,1286487605,J. Hallmark,R,SL,L,0.600433127298,0.437642862914,0.747370189314,19.5489775873,6.009038959,B,K,-2.1852826447,4.7845313601,80.0622589426,1973.25846818,267.692220597,0.13
2323,2020,4865,NEB,D1 Big Ten Conference,730286592,UNCO,414969162,2020-03-11 13:00:00,9,1,2,2,1286487605,J. Hallmark,R,CH,L,0.559723541252,0.828457107564,-3.44656515045,18.3413953273,5.87746668616,SS,K,-2.05455659345,4.63070127862,79.5071243959,2010.8452494,280.517379236,-0.15
2324,2020,4865,NEB,D1 Big Ten Conference,730286592,UNCO,186466205,2020-03-10 13:00:00,1,0,0,0,1807907506,B. Bragg,R,FA,R,-0.037012165417,1.01311220978,9.99162306364,16.6144864217,4.70724485918,B,IP_OUT,-2.75234057203,5.27471235748,90.0094621258,2066.49931721,238.891004217,0.13
2325,2020,4865,NEB,D1 Big Ten Conference,730286592,UNCO,186466205,2020-03-10 13:00:00,1,0,0,1,1807907506,B. Bragg,R,FA,R,0.401841563691,2.0213434864,12.0026708593,16.2622610458,4.94788596473,SL,S,-2.86155622488,5.13902246912,89.9459795493,2000.24342968,233.492949743,-0.15
2326,2020,4865,NEB,D1 Big Ten Conference,730286592,UNCO,186466205,2020-03-10 13:00:00,1,0,1,1,1807907506,B. Bragg,R,FA,R,-0.355461528391,3.51570803916,17.5276401352,14.2596017466,4.71587587743,IP,S,-2.81518305464,5.30831121133,90.9745956776,1991.84795308,219.076150881,1.0
2327,2020,4865,NEB,D1 Big Ten Conference,730286592,UNCO,186466205,2020-03-10 13:00:00,1,0,0,1,1807907506,B. Bragg,R,FA,L,1.22354910195,-0.123702378498,9.48238189696,16.9254556644,4.86854137614,B,K,-2.92223553398,5.17277675848,88.7164962353,2046.85791996,240.64979235,0.13
2328,2020,4865,NEB,D1 Big Ten Conference,730286592,UNCO,186466205,2020-03-10 13:00:00,1,1,0,1,1807907506,B. Bragg,R,SL,L,0.167098347758,2.22720589336,7.46173855835,-1.72826575461,4.54930901247,SL,K,-2.96599433708,5.2231556445,80.3976280351,2478.83678714,167.031619223,-0.15
2329,2020,4865,NEB,D1 Big Ten Conference,730286592,UNCO,186466205,2020-03-10 13:00:00,1,1,1,1,1807907506,B. Bragg,R,FA,L,-1.00187653303,2.00854713793,13.6208473246,15.7483818157,4.59170389259,SL,K,-2.73755300429,5.34672189474,90.3589401086,2157.90967851,229.07255224,-0.15
2330,2020,4865,NEB,D1 Big Ten Conference,730286592,UNCO,186466205,2020-03-10 13:00:00,1,1,2,1,1807907506,B. Bragg,R,CH,L,-0.605221274398,0.110038301663,11.9179527035,14.672652911,4.75706843913,B,K,-2.70926047653,5.25087554825,84.3228197443,1533.1516214,230.823814008,0.13
2331,2020,4865,NEB,D1 Big Ten Conference,730286592,UNCO,186466205,2020-03-10 13:00:00,1,2,2,1,1807907506,B. Bragg,R,FA,L,-0.807677068128,2.63915551024,14.1713325473,14.593762647,4.66660421005,SS,K,-2.86874011496,5.31049276433,89.2181875944,2112.17657243,225.770860127,-0.15
2332,2020,4865,NEB,D1 Big Ten Conference,730286592,UNCO,186466205,2020-03-10 13:00:00,1,0,0,2,1807907506,B. Bragg,R,FA,R,-0.524501950082,1.71599644359,11.7467917094,14.8479434104,4.85987266918,SL,K,-2.66350990974,5.15614351755,88.7353422565,2117.77646351,231.568230624,-0.15
2333,2020,4865,NEB,D1 Big Ten Conference,730286592,UNCO,186466205,2020-03-10 13:00:00,1,0,1,2,1807907506,B. Bragg,R,SL,R,1.10771338018,1.37739067253,4.51364330667,-7.47086151662,4.59011336072,SS,K,-2.68844866774,5.297022272,80.1464763317,2461.17386768,121.384552551,-0.15
2334,2020,4865,NEB,D1 Big Ten Conference,730286592,UNCO,186466205,2020-03-10 13:00:00,1,0,2,2,1807907506,B. Bragg,R,SL,R,0.510494707842,1.67954299832,-1.42245885857,-12.0729425531,4.46135653947,SS,K,-2.75140308567,5.36289519611,80.2727458438,2446.69926271,83.4859488076,-0.15
2335,2020,4865,NEB,D1 Big Ten Conference,730286592,UNCO,186466205,2020-03-10 13:00:00,2,0,0,0,1807907506,B. Bragg,R,FA,R,-0.701318774845,3.96657861451,20.1960805707,13.2189015888,4.71624320416,B,BB,-2.87671522445,5.37506392217,88.7615734163,2157.54216727,213.160049639,0.13
2336,2020,4865,NEB,D1 Big Ten Conference,730286592,UNCO,186466205,2020-03-10 13:00:00,2,1,0,0,1807907506,B. Bragg,R,FA,R,0.192742390072,1.97862223277,15.5179654622,16.3175916115,4.69117023558,SS,BB,-2.84570512143,5.38016085774,88.1465479984,2131.06248254,226.373170636,-0.15
2337,2020,4865,NEB,D1 Big Ten Conference,730286592,UNCO,186466205,2020-03-10 13:00:00,2,1,1,0,1807907506,B. Bragg,R,FA,R,-1.15604852538,3.56221303345,18.4114623153,14.74845733,4.72251732388,F,BB,-2.87983976443,5.3044730477,88.7783234196,2136.2230203,218.643337548,-0.15
2338,2020,4865,NEB,D1 Big Ten Conference,730286592,UNCO,186466205,2020-03-10 13:00:00,2,1,2,0,1807907506,B. Bragg,R,CU,R,-1.70357454122,3.42491051246,10.1727751399,-3.03247574803,4.33062178076,B,BB,-2.75554999105,5.4011534247,79.1402639837,2406.44847146,163.468948216,0.13
2339,2020,4865,NEB,D1 Big Ten Conference,730286592,UNCO,186466205,2020-03-10 13:00:00,2,2,2,0,1807907506,B. Bragg,R,FA,R,-0.769425251814,3.8809804175,15.2973497525,13.6418629821,4.68340719757,B,BB,-2.69133052546,5.39750214416,89.3446831377,2050.0810294,221.661760464,0.13
2340,2020,4865,NEB,D1 Big Ten Conference,730286592,UNCO,186466205,2020-03-10 13:00:00,2,3,2,0,1807907506,B. Bragg,R,FA,R,-1.09476581274,3.6460792965,14.6953946439,14.3525535733,4.83727522225,B,BB,-2.77858161986,5.27354310224,89.9026784357,2067.66541766,224.257924722,0.8
2341,2020,4865,NEB,D1 Big Ten Conference,730286592,UNCO,186466205,2020-03-10 13:00:00,2,0,0,0,1807907506,B. Bragg,R,CU,R,1.24295190088,1.51788586003,9.50466333667,-9.08248185422,4.3826217233,B,IP_OUT,-2.68174665487,5.40525004305,78.3384225609,2492.86072288,136.437093796,0.13
2342,2020,4865,NEB,D1 Big Ten Conference,730286592,UNCO,186466205,2020-03-10 13:00:00,2,1,0,0,1807907506,B. Bragg,R,FA,R,0.0709524142562,2.0861054642,12.9878457547,15.156557229,4.92060863033,SL,IP_OUT,-2.62244713027,5.3216565217,89.1457634167,1965.34988956,229.331508874,-0.15
2343,2020,4865,NEB,D1 Big Ten Conference,730286592,UNCO,186466205,2020-03-10 13:00:00,2,1,1,0,1807907506,B. Bragg,R,FA,R,1.20397149752,1.50819366669,17.2572266383,15.289715448,4.82701117309,B,IP_OUT,-2.63548834381,5.36053789293,88.9759610989,2028.37710643,221.483335112,0.13
2344,2020,4865,NEB,D1 Big Ten Conference,730286592,UNCO,186466205,2020-03-10 13:00:00,2,0,0,1,1807907506,B. Bragg,R,FA,R,0.714373183041,2.95242425051,14.0793129282,15.068693265,4.95775517461,SL,IP_OUT,-2.6997023646,5.28470610745,90.4843645509,2060.93991872,226.876438437,-0.15
2345,2020,4865,NEB,D1 Big Ten Conference,730286592,UNCO,186466205,2020-03-10 13:00:00,2,0,0,2,1807907506,B. Bragg,R,FA,R,-0.0592693406506,2.24609739984,14.9988068806,13.7226309495,4.9225880285,F,S,-2.77108575253,5.29448835147,89.5565515936,1983.70169276,222.391505455,-0.15
2346,2020,4865,NEB,D1 Big Ten Conference,730286592,UNCO,186466205,2020-03-10 13:00:00,2,0,1,2,1807907506,B. Bragg,R,FA,R,1.19097411619,2.73181141457,15.8570060902,13.6306494878,4.99077691604,B,S,-2.71698501224,5.31866515106,90.399519403,2078.34440975,220.622382046,0.13
2347,2020,4865,NEB,D1 Big Ten Conference,730286592,UNCO,186466205,2020-03-10 13:00:00,2,1,1,2,1807907506,B. Bragg,R,FA,R,0.338583573923,2.95675204531,14.4636473198,16.6393944871,4.93249233295,F,S,-2.68072145571,5.37672901547,90.2607320638,2035.32640504,228.935262128,-0.15
2348,2020,4865,NEB,D1 Big Ten Conference,730286592,UNCO,186466205,2020-03-10 13:00:00,2,1,2,2,1807907506,B. Bragg,R,FA,R,0.428808672919,4.58854664722,18.3074587179,11.0685520017,4.85490855906,B,S,-2.57440961808,5.56144874578,90.6012857423,2021.02589323,211.110533294,0.13
2349,2020,4865,NEB,D1 Big Ten Conference,730286592,UNCO,186466205,2020-03-10 13:00:00,2,2,2,2,1807907506,B. Bragg,R,FA,R,1.15693625306,2.69913199434,16.5991376873,11.2067976017,4.96833617745,B,S,-2.6171110659,5.3441203745,90.7437635116,2007.4416786,213.971783791,0.13
2350,2020,4865,NEB,D1 Big Ten Conference,730286592,UNCO,186466205,2020-03-10 13:00:00,2,3,2,2,1807907506,B. Bragg,R,FA,R,-0.274529810276,2.83515603642,15.0276168567,11.0708200833,4.87954980956,IP,S,-2.65376269105,5.29600084038,91.0249657117,1914.03235994,216.318726476,1.0
2351,2020,4865,NEB,D1 Big Ten Conference,730286592,UNCO,186466205,2020-03-10 13:00:00,3,0,0,0,1807907506,B. Bragg,R,CU,R,0.0576529850624,2.99065454398,4.72008878004,-16.3811798688,4.32293842476,SL,K,-2.81514045412,5.33349283036,78.723130289,2473.55665833,106.220352046,-0.15
2352,2020,4865,NEB,D1 Big Ten Conference,730286592,UNCO,186466205,2020-03-10 13:00:00,3,0,1,0,1807907506,B. Bragg,R,SL,R,-1.58635900434,3.59699179498,5.08084148174,-13.5617948158,4.16606644172,B,K,-2.62787330398,5.32762454461,78.3035239547,2508.15430781,110.707393509,0.13
2353,2020,4865,NEB,D1 Big Ten Conference,730286592,UNCO,186466205,2020-03-10 13:00:00,3,1,1,0,1807907506,B. Bragg,R,FA,R,-1.56993030814,3.1846604649,17.4211659852,13.9343226589,4.72670131359,F,K,-2.88223816094,5.36835087118,89.2246076903,2098.19028652,218.599526943,-0.15
2354,2020,4865,NEB,D1 Big Ten Conference,730286592,UNCO,186466205,2020-03-10 13:00:00,3,1,2,0,1807907506,B. Bragg,R,SL,R,-0.32676676997,2.7877763903,7.86056650607,-3.70310562514,4.38325489066,F,K,-2.60028688007,5.36802500035,81.3390157326,2479.12809205,154.893922534,0.0
2355,2020,4865,NEB,D1 Big Ten Conference,730286592,UNCO,186466205,2020-03-10 13:00:00,3,1,2,0,1807907506,B. Bragg,R,FA,R,-0.62931969877,4.28951242268,17.3226593194,9.54545833067,4.81808057314,B,K,-2.73701796477,5.39566280964,90.1648437967,1964.21299986,208.809208156,0.13
2356,2020,4865,NEB,D1 Big Ten Conference,730286592,UNCO,186466205,2020-03-10 13:00:00,3,2,2,0,1807907506,B. Bragg,R,FA,R,-0.116623686022,2.1459193129,12.2723304381,18.9113037225,4.9327602166,SS,K,-2.72107778809,5.31647000408,90.2861891829,2047.52102288,236.947075622,-0.15
2357,2020,4865,NEB,D1 Big Ten Conference,730286592,UNCO,186466205,2020-03-10 13:00:00,3,0,0,1,1807907506,B. Bragg,R,SL,R,-2.74766531909,3.24816425776,8.9668677286,-6.56052221559,4.51340053967,HBP,HBP,-2.85416596572,5.26546693766,80.3471356046,2472.5355956,143.942280174,0.8
2358,2020,4865,NEB,D1 Big Ten Conference,730286592,UNCO,186466205,2020-03-10 13:00:00,3,0,0,1,1807907506,B. Bragg,R,FA,L,-0.00799385288865,3.76342433547,18.3191670962,11.8790191909,4.76656168536,F,FC,-2.72925363559,5.35537622681,90.0281231338,1995.67607427,212.912658021,-0.15
2359,2020,4865,NEB,D1 Big Ten Conference,730286592,UNCO,186466205,2020-03-10 13:00:00,3,0,1,1,1807907506,B. Bragg,R,SL,L,1.47807805704,0.0384303414227,-3.44318768112,-14.0762628411,4.37150153352,B,FC,-2.7231521837,5.35523666418,77.3712795888,2417.43753181,76.4390307152,0.13
2360,2020,4865,NEB,D1 Big Ten Conference,730286592,UNCO,186466205,2020-03-10 13:00:00,3,1,1,1,1807907506,B. Bragg,R,SL,L,-1.09971665406,2.45786277876,1.18234736508,-8.25086851456,4.37053750179,SL,FC,-2.87579285381,5.2997179638,79.4416550911,2483.02501769,98.460885362,-0.15
2361,2020,4865,NEB,D1 Big Ten Conference,730286592,UNCO,186466205,2020-03-10 13:00:00,3,1,2,1,1807907506,B. Bragg,R,SL,L,0.444474354532,2.10157623219,0.339420415023,-7.62089125663,4.43388249103,IP,FC,-2.85828528505,5.30514290201,78.3581028672,2551.74558334,92.8894611268,-0.21
2362,2020,4865,NEB,D1 Big Ten Conference,730286592,UNCO,186466205,2020-03-10 13:00:00,3,0,1,2,1807907506,B. Bragg,R,FA,R,1.18658518601,2.84122294642,13.9874703829,13.2489020984,4.87544372235,B,IP_OUT,-2.62061649452,5.38083652781,88.8402542231,2144.33103189,223.375650322,0.13
2363,2020,4865,NEB,D1 Big Ten Conference,730286592,UNCO,186466205,2020-03-10 13:00:00,4,0,0,0,1501356289,S. Schanaman,R,FA,R,-0.239483990931,3.12750653178,15.2561679373,9.79893143438,5.66506345877,SS,IP_OUT,-1.8838413824,5.98824835289,90.6546846802,2299.49372935,212.65747246,-0.15
2364,2020,4865,NEB,D1 Big Ten Conference,730286592,UNCO,186466205,2020-03-10 13:00:00,4,0,1,0,1501356289,S. Schanaman,R,FA,R,0.0750774695223,3.05082338186,15.7096015679,10.6706512226,5.65673091133,F,IP_OUT,-1.57761350831,5.894495673,90.4991923067,2301.01037618,214.131160049,-0.15
2365,2020,4865,NEB,D1 Big Ten Conference,730286592,UNCO,186466205,2020-03-10 13:00:00,4,0,0,1,1501356289,S. Schanaman,R,SL,R,1.86009352716,0.753638824727,-2.16670149148,-2.61366334199,4.79341061003,B,K,-2.05652858348,5.79531530937,80.8154851579,2395.94895892,50.8935497722,0.13
2366,2020,4865,NEB,D1 Big Ten Conference,730286592,UNCO,186466205,2020-03-10 13:00:00,4,1,0,1,1501356289,S. Schanaman,R,FA,R,-0.396858887176,2.6586464168,22.0547115794,8.85114529987,5.5085439633,F,K,-1.9452061913,5.97423002297,90.5714577397,2287.49062405,201.837722586,-0.15
2367,2020,4865,NEB,D1 Big Ten Conference,730286592,UNCO,186466205,2020-03-10 13:00:00,4,1,1,1,1501356289,S. Schanaman,R,SL,R,0.666335703974,1.96725603393,-3.74065607557,-3.48639821453,4.72630538287,SL,K,-1.92054815635,5.76823866678,80.2371273294,2197.56899339,43.3136628647,-0.15
2368,2020,4865,NEB,D1 Big Ten Conference,730286592,UNCO,186466205,2020-03-10 13:00:00,4,1,2,1,1501356289,S. Schanaman,R,FA,R,0.384790703229,2.15377569685,17.3672306465,3.96746967368,5.67474551127,F,K,-1.6696973197,5.90618572616,91.4804143761,2206.61777255,192.845441786,0.0
2369,2020,4865,NEB,D1 Big Ten Conference,730286592,UNCO,186466205,2020-03-10 13:00:00,4,1,2,1,1501356289,S. Schanaman,R,SL,R,-0.415191834552,2.75741926239,-1.85215327796,-3.44251646499,4.70015851144,F,K,-1.85725924161,5.86453290318,80.4443485091,2314.92731006,62.2721628536,0.0
2370,2020,4865,NEB,D1 Big Ten Conference,730286592,UNCO,186466205,2020-03-10 13:00:00,4,1,2,1,1501356289,S. Schanaman,R,SL,R,1.43233766197,-0.234195458394,-0.318227659082,-6.4459632693,4.65593045941,B,K,-1.74601667449,5.84139858003,80.0817400197,2351.59091776,87.555095642,0.13
2371,2020,4865,NEB,D1 Big Ten Conference,730286592,UNCO,186466205,2020-03-10 13:00:00,4,2,2,1,1501356289,S. Schanaman,R,FA,R,0.732428308543,2.45381707745,17.0365458582,3.17959309243,5.68764442878,SS,K,-1.60759298798,5.86591652033,91.2778204642,2280.10011939,190.552514441,-0.15
2372,2020,4865,NEB,D1 Big Ten Conference,730286592,UNCO,186466205,2020-03-10 13:00:00,4,0,0,2,1501356289,S. Schanaman,R,FA,R,1.10381372257,1.30016196717,14.0699304834,10.0531451811,5.73980162912,B,K,-1.90052273248,5.84383533841,90.6660596492,2191.40055843,215.484474323,0.13
2373,2020,4865,NEB,D1 Big Ten Conference,730286592,UNCO,186466205,2020-03-10 13:00:00,4,1,0,2,1501356289,S. Schanaman,R,FA,R,2.10724756443,0.926739595216,15.5322711863,7.74190121384,5.49331754728,B,K,-1.55044563123,5.94774978091,90.0647391568,2283.6485101,206.445148199,0.13
2374,2020,4865,NEB,D1 Big Ten Conference,730286592,UNCO,186466205,2020-03-10 13:00:00,4,2,0,2,1501356289,S. Schanaman,R,FA,R,0.222406006392,2.1163573136,17.669962429,6.53921255397,5.5918000371,F,K,-1.66074016233,5.97898809897,90.448482296,2160.11064238,200.274150634,-0.15
2375,2020,4865,NEB,D1 Big Ten Conference,730286592,UNCO,186466205,2020-03-10 13:00:00,4,2,1,2,1501356289,S. Schanaman,R,FA,R,0.181660615048,2.48801930636,23.8887360059,3.62109520029,5.58051671314,F,K,-1.49110658948,5.98762070987,90.5713992577,2230.84924968,188.607717466,-0.15
2376,2020,4865,NEB,D1 Big Ten Conference,730286592,UNCO,186466205,2020-03-10 13:00:00,4,2,2,2,1501356289,S. Schanaman,R,SL,R,-0.849456199725,2.26331704092,-0.0938257768508,-6.16097416201,4.84746129581,SL,K,-1.77299864743,5.9425161443,79.5829824638,2332.43081773,89.5276010851,-0.15
2377,2020,4865,NEB,D1 Big Ten Conference,730286592,UNCO,186466205,2020-03-10 13:00:00,5,0,0,0,1501356289,S. Schanaman,R,FA,R,0.257136408069,2.26776653032,16.7436325314,5.1823102235,5.6444617682,F,IP_OUT,-1.78023040788,5.93973728336,90.5786463427,2139.59344871,197.166628929,-0.15
2378,2020,4865,NEB,D1 Big Ten Conference,730286592,UNCO,186466205,2020-03-10 13:00:00,5,0,0,1,1501356289,S. Schanaman,R,FA,R,0.343712381978,2.8584086627,13.207381073,7.53128705896,5.84528976164,SL,K,-1.80975148259,5.89706107,89.6554245883,2199.1918987,209.633147844,-0.15
2379,2020,4865,NEB,D1 Big Ten Conference,730286592,UNCO,186466205,2020-03-10 13:00:00,5,0,1,1,1501356289,S. Schanaman,R,FA,R,-0.201098651992,3.07453436922,16.4107419534,8.65182219451,5.60776739922,F,K,-1.55101452053,6.02559590006,91.5890021018,2197.9452857,207.753339349,-0.15
2380,2020,4865,NEB,D1 Big Ten Conference,730286592,UNCO,186466205,2020-03-10 13:00:00,5,0,2,1,1501356289,S. Schanaman,R,FA,R,-0.662860993516,4.99575190806,21.2906052787,8.66816053307,5.5668335319,B,K,-1.58725109396,6.03376316353,92.441601363,2281.10593527,202.123431199,0.13
2381,2020,4865,NEB,D1 Big Ten Conference,730286592,UNCO,186466205,2020-03-10 13:00:00,5,1,2,1,1501356289,S. Schanaman,R,SL,R,0.13797632669,2.25665065639,0.833276340498,-5.13271615578,4.68471644568,SS,K,-1.70479634575,5.8998850823,81.6061173017,2301.34540271,99.6653959182,-0.15
2382,2020,4865,NEB,D1 Big Ten Conference,730286592,UNCO,186466205,2020-03-10 13:00:00,5,0,0,2,1501356289,S. Schanaman,R,FA,R,0.026943108649,1.64318684773,15.2967579897,6.34107737905,5.56472738836,F,IP_OUT,-1.69958432571,5.97352112913,91.1820585418,2229.5553494,202.473862228,-0.15
2383,2020,4865,NEB,D1 Big Ten Conference,730286592,UNCO,186466205,2020-03-10 13:00:00,5,0,1,2,1501356289,S. Schanaman,R,SL,R,-0.251242990809,2.71392592092,0.646617087233,-4.80102603165,4.92220208797,B,IP_OUT,-1.9986050893,5.90925898636,80.5208159607,2219.77212066,98.1629595946,0.13
2384,2020,4865,NEB,D1 Big Ten Conference,730286592,UNCO,186466205,2020-03-10 13:00:00,5,1,1,2,1501356289,S. Schanaman,R,FA,R,1.35035661505,1.85238033667,13.9594191758,13.009725013,5.48395251468,B,IP_OUT,-1.55422238016,5.88292548163,91.7674507954,2131.10352656,222.917938078,0.13
2385,2020,4865,NEB,D1 Big Ten Conference,730286592,UNCO,186466205,2020-03-10 13:00:00,6,0,0,0,1501356289,S. Schanaman,R,FA,R,0.209906398534,3.01751640434,13.4846163375,11.5060153553,5.59022630584,SL,K,-1.79573383107,5.88042078088,89.3334216991,2246.94238126,220.403545009,-0.15
2386,2020,4865,NEB,D1 Big Ten Conference,730286592,UNCO,186466205,2020-03-10 13:00:00,6,0,1,0,1501356289,S. Schanaman,R,FA,R,0.0419498416211,2.26165404803,19.5755873208,11.0676927356,5.60259569773,F,K,-1.85453516792,5.91882487699,87.562430163,2173.69444428,209.439538134,-0.15
2387,2020,4865,NEB,D1 Big Ten Conference,730286592,UNCO,186466205,2020-03-10 13:00:00,6,0,2,0,1501356289,S. Schanaman,R,SL,R,-0.439189868912,2.36669762551,-2.40060160167,-6.74913327708,4.38965921366,SL,K,-1.66315168429,6.04195989361,79.191503132,2303.0615068,70.755091918,-0.15
2388,2020,4865,NEB,D1 Big Ten Conference,730286592,UNCO,186466205,2020-03-10 13:00:00,6,0,0,1,1501356289,S. Schanaman,R,FA,L,0.475641087614,3.08551080509,19.0409417092,10.601643603,5.57818377649,F,IP_OUT,-1.72868579672,5.98392434853,89.8180346377,2105.20746121,209.065513955,-0.15
2389,2020,4865,NEB,D1 Big Ten Conference,730286592,UNCO,186466205,2020-03-10 13:00:00,6,0,1,1,1501356289,S. Schanaman,R,FA,L,1.15115164929,2.60829806712,14.2516539838,7.01187305964,5.67746576724,B,IP_OUT,-1.80932173011,5.91953731714,90.300859397,2079.57494485,206.145928433,0.13
2390,2020,4865,NEB,D1 Big Ten Conference,730286592,UNCO,186466205,2020-03-10 13:00:00,6,1,1,1,1501356289,S. Schanaman,R,FA,L,-0.349082621298,1.29397962458,15.2941144838,5.4442723711,5.80409278279,B,IP_OUT,-1.62851916569,6.0154487057,88.329005835,1989.05067207,199.554611778,0.13
2391,2020,4865,NEB,D1 Big Ten Conference,730286592,UNCO,186466205,2020-03-10 13:00:00,6,2,1,1,1501356289,S. Schanaman,R,SL,L,-0.740183012633,3.91962836041,4.0714464648,-3.41682637574,4.66222173083,B,IP_OUT,-1.88687362652,5.93686787879,78.4996899026,2151.08532782,140.303141611,0.13
2392,2020,4865,NEB,D1 Big Ten Conference,730286592,UNCO,186466205,2020-03-10 13:00:00,6,3,1,1,1501356289,S. Schanaman,R,FA,L,-0.435741781132,2.67374884432,18.38862435,5.282342133,5.69589031111,F,IP_OUT,-1.71045715458,5.99045369712,87.7220642039,2074.33342317,195.998919898,-0.15
2393,2020,4865,NEB,D1 Big Ten Conference,730286592,UNCO,186466205,2020-03-10 13:00:00,6,3,2,1,1501356289,S. Schanaman,R,FA,L,-0.421826982459,1.78161115119,14.511955691,10.6423590668,5.65980886705,F,IP_OUT,-1.82271834078,5.85254401246,89.1200813486,2191.25724615,216.191530364,0.0
2394,2020,4865,NEB,D1 Big Ten Conference,730286592,UNCO,186466205,2020-03-10 13:00:00,6,0,0,2,1501356289,S. Schanaman,R,SL,R,-0.720962270425,3.09803258342,-2.94787484729,-5.42045584405,4.56577415116,SL,K,-1.73036088701,5.96883330423,79.6480141319,2272.85657347,61.8168842892,-0.15
2395,2020,4865,NEB,D1 Big Ten Conference,730286592,UNCO,186466205,2020-03-10 13:00:00,6,0,1,2,1501356289,S. Schanaman,R,SL,R,-0.784778420718,1.72318531565,-7.40963610874,-7.60743367242,4.64220591312,SL,K,-2.05197982147,5.93854847242,78.916925592,2410.36524486,45.9256837947,-0.15
2396,2020,4865,NEB,D1 Big Ten Conference,730286592,UNCO,186466205,2020-03-10 13:00:00,6,0,2,2,1501356289,S. Schanaman,R,SL,R,-0.845092451147,0.931668710284,2.22363618768,-8.69991616573,4.46762833393,B,K,-1.81305747425,6.01000677417,78.6248370965,2204.1838668,104.611167676,0.13
2397,2020,4865,NEB,D1 Big Ten Conference,730286592,UNCO,186466205,2020-03-10 13:00:00,6,1,2,2,1501356289,S. Schanaman,R,FA,R,-0.184666565022,1.15522996989,17.7704442575,7.00886758507,5.7901854728,B,K,-1.74008162482,5.99777078041,90.2966479175,2260.10212276,201.489472267,0.13
2398,2020,4865,NEB,D1 Big Ten Conference,730286592,UNCO,186466205,2020-03-10 13:00:00,6,2,2,2,1501356289,S. Schanaman,R,SL,R,-0.342255647933,3.51897283908,-0.085472247064,-6.26223869681,4.50229958652,B,K,-1.98342019259,5.98568100055,78.4024613214,2326.22334369,89.6315389279,0.13
2399,2020,4865,NEB,D1 Big Ten Conference,730286592,UNCO,186466205,2020-03-10 13:00:00,6,3,2,2,1501356289,S. Schanaman,R,SL,R,-0.684347259169,2.86336540629,0.108849924887,-9.44863213122,4.43471790013,SL,K,-1.9644688379,5.97174911012,78.7338406919,2184.89835514,90.929694284,-0.15
2400,2020,4865,NEB,D1 Big Ten Conference,730286592,UNCO,186466205,2020-03-10 13:00:00,7,0,0,0,1501356289,S. Schanaman,R,FA,R,0.0664852124029,3.60476276353,16.1943859344,5.78513407399,5.6461700188,F,S,-1.6818370157,5.98327944406,87.8566267237,2141.66771803,199.620268025,-0.15
2401,2020,4865,NEB,D1 Big Ten Conference,730286592,UNCO,186466205,2020-03-10 13:00:00,7,0,1,0,1501356289,S. Schanaman,R,FA,R,1.3529636307,2.94038980101,17.5041004573,3.32847224017,5.76177070838,B,S,-1.52767218296,5.99578890047,88.730430325,2138.58381327,190.746322554,0.13
2402,2020,4865,NEB,D1 Big Ten Conference,730286592,UNCO,186466205,2020-03-10 13:00:00,7,1,1,0,1501356289,S. Schanaman,R,SL,R,-0.620185070237,2.5700797942,-0.327428684029,-6.54103971413,4.68207994064,SL,S,-1.94554079849,5.95571036752,77.7634069405,2212.49517737,87.532745513,-0.15
2403,2020,4865,NEB,D1 Big Ten Conference,730286592,UNCO,186466205,2020-03-10 13:00:00,7,1,2,0,1501356289,S. Schanaman,R,FA,R,-0.391551898403,2.12529880441,16.7766242137,6.28873983247,5.63516520152,IP,S,-1.56906133514,5.99120647344,88.2622864773,1922.78212454,200.509974822,1.0
2404,2020,4865,NEB,D1 Big Ten Conference,730286592,UNCO,186466205,2020-03-10 13:00:00,7,0,0,0,1501356289,S. Schanaman,R,FA,R,-0.00966713688859,3.49173596135,17.9008170849,8.44438056492,5.6777376704,IP,FC,-1.84235209952,6.02910772945,88.0819187892,2243.08412997,205.212160537,-0.21
2405,2020,4865,NEB,D1 Big Ten Conference,730286592,UNCO,186466205,2020-03-10 13:00:00,7,0,0,1,1501356289,S. Schanaman,R,SL,R,-0.184183363182,2.42198665562,0.41619853333,-8.6195013966,4.54187850297,SL,K,-2.22642543542,5.88876893694,77.7911931771,2277.13522221,93.0684362703,-0.15
2406,2020,4865,NEB,D1 Big Ten Conference,730286592,UNCO,186466205,2020-03-10 13:00:00,7,0,1,1,1501356289,S. Schanaman,R,SL,R,0.137806234076,1.81465743965,0.49331350118,-6.45165326947,4.9470463177,SL,K,-2.18890094869,5.79098594314,77.4548817499,2275.36166403,94.773026227,-0.15
2407,2020,4865,NEB,D1 Big Ten Conference,730286592,UNCO,186466205,2020-03-10 13:00:00,7,0,2,1,1501356289,S. Schanaman,R,SL,R,-0.467094152583,1.64682560253,-0.798340370009,-7.79094107162,4.62318043298,B,K,-1.96056439224,5.82085210988,77.5433288556,2307.15252487,84.4833272508,0.13
2408,2020,4865,NEB,D1 Big Ten Conference,730286592,UNCO,186466205,2020-03-10 13:00:00,7,1,2,1,1501356289,S. Schanaman,R,SL,R,-1.13654319751,2.41804012127,-6.15326498807,-3.32066770361,4.62295404664,SL,K,-2.11349603051,5.79407368814,77.033045501,2191.24555108,28.5362034796,-0.15
2409,2020,4865,NEB,D1 Big Ten Conference,730286592,UNCO,186466205,2020-03-10 13:00:00,7,0,0,2,1501356289,S. Schanaman,R,FA,R,1.73121566231,3.31225951171,18.0417849549,2.36422583292,5.80384261169,B,IP_OUT,-1.93007918396,5.76753218872,88.1695617586,2166.28067265,187.451690591,0.13
2410,2020,4865,NEB,D1 Big Ten Conference,730286592,UNCO,186466205,2020-03-10 13:00:00,8,0,0,1,1501356289,S. Schanaman,R,FA,R,1.32203633865,0.76726774958,15.3305705862,11.0361477056,5.4832393038,B,IP_OUT,-1.65794941216,5.8883316271,89.2313954678,2244.6454493,215.6899173,0.13
2411,2020,4865,NEB,D1 Big Ten Conference,730286592,UNCO,186466205,2020-03-10 13:00:00,8,1,0,1,1501356289,S. Schanaman,R,FA,R,0.328853146507,2.56679031754,19.6562843641,4.20142519725,5.61049880232,SS,IP_OUT,-1.63875040722,5.84217004439,87.9235798946,2176.4808897,192.044741157,-0.15
2412,2020,4865,NEB,D1 Big Ten Conference,730286592,UNCO,186466205,2020-03-10 13:00:00,8,1,1,1,1501356289,S. Schanaman,R,FA,R,0.219720911578,3.25175897417,19.1568955096,9.44830497149,5.4878445583,F,IP_OUT,-1.49943186843,6.01639024197,88.5580886182,2176.15942851,206.212713156,-0.15
2413,2020,4865,NEB,D1 Big Ten Conference,730286592,UNCO,186466205,2020-03-10 13:00:00,8,1,2,1,1501356289,S. Schanaman,R,SL,R,-1.67034196749,3.96457934969,3.20793570473,-4.00692968378,4.54926252663,B,IP_OUT,-1.81856255251,5.98994885948,77.7271488778,2199.21940442,129.081862782,0.13
2414,2020,4865,NEB,D1 Big Ten Conference,730286592,UNCO,186466205,2020-03-10 13:00:00,8,2,2,1,1501356289,S. Schanaman,R,SL,R,-0.640239223369,3.98051727731,1.25793391377,-3.67309742103,4.58880245156,B,IP_OUT,-1.67460331374,6.03625516201,77.8591313048,2111.83455186,109.545825841,0.13
2415,2020,4865,NEB,D1 Big Ten Conference,730286592,UNCO,186466205,2020-03-10 13:00:00,8,0,0,2,1501356289,S. Schanaman,R,SL,R,-1.2102842106,3.19437166493,-2.83327262629,-4.01168664998,4.42027117615,B,IP_OUT,-1.8343992287,5.90908972461,77.7380959034,2216.78565314,55.2054488326,0.13
2416,2020,4865,NEB,D1 Big Ten Conference,730286592,UNCO,186466205,2020-03-10 13:00:00,8,1,0,2,1501356289,S. Schanaman,R,FA,R,1.5456617747,0.930223294772,13.5821059343,3.42256544269,5.65604377188,B,IP_OUT,-1.33704893967,5.96697440353,88.8514049601,2162.20729804,194.110211918,0.13
2417,2020,4865,NEB,D1 Big Ten Conference,730286592,UNCO,186466205,2020-03-10 13:00:00,8,2,0,2,1501356289,S. Schanaman,R,FA,R,0.309271006073,2.30151756587,17.046423276,2.87393542613,5.53383452855,F,IP_OUT,-1.47953288214,6.00766402032,88.974718605,2028.73899091,189.551436048,-0.15
2418,2020,4865,NEB,D1 Big Ten Conference,730286592,UNCO,186466205,2020-03-10 13:00:00,8,2,1,2,1501356289,S. Schanaman,R,FA,R,-0.280853576225,3.51440618096,15.3145633491,5.05733118628,5.55840899074,F,IP_OUT,-1.4943969539,6.1108778391,88.2532463531,2126.73982964,198.237253569,-0.15
2419,2020,4865,NEB,D1 Big Ten Conference,730286592,UNCO,186466205,2020-03-10 13:00:00,9,0,0,0,1435005632,P. Tillotson,R,CH,L,-0.417020115604,3.00915383089,3.43951955665,10.4599807959,4.87607849372,SL,K,-1.18044540392,5.69392540201,81.8516229818,1673.74672932,251.598442129,-0.15
2420,2020,4865,NEB,D1 Big Ten Conference,730286592,UNCO,186466205,2020-03-10 13:00:00,9,0,1,0,1435005632,P. Tillotson,R,CH,L,-0.39157746792,0.786253830299,2.50951554392,11.9171785415,4.74035293972,SS,K,-1.16675824591,5.80402037025,82.4114102954,1658.94916106,257.923401127,-0.15
2421,2020,4865,NEB,D1 Big Ten Conference,730286592,UNCO,186466205,2020-03-10 13:00:00,9,0,2,0,1435005632,P. Tillotson,R,FS,L,-0.317792192312,1.02072696278,1.00142189566,13.3776182568,4.88734799484,SS,K,-1.13052672344,5.64118681657,82.6995808572,1651.34444394,265.550291094,-0.15
2422,2020,4865,NEB,D1 Big Ten Conference,730286592,UNCO,186466205,2020-03-10 13:00:00,9,0,0,1,1435005632,P. Tillotson,R,FA,R,0.103500095237,2.82708724701,16.8097513895,15.6584133538,4.93749294362,SL,K,-1.09895954648,5.73659835951,89.2502822578,1965.96023952,222.910876033,-0.15
2423,2020,4865,NEB,D1 Big Ten Conference,730286592,UNCO,186466205,2020-03-10 13:00:00,9,0,1,1,1435005632,P. Tillotson,R,FS,R,-0.428176980258,0.333184290229,2.66891405572,15.6345170575,4.83859461503,B,K,-1.02801741229,5.81291504771,81.9191537294,1707.24876788,260.168601157,0.13
2424,2020,4865,NEB,D1 Big Ten Conference,730286592,UNCO,186466205,2020-03-10 13:00:00,9,1,1,1,1435005632,P. Tillotson,R,FA,R,1.02350475008,2.0657885604,14.1846085303,14.9393361304,5.1221465995,SL,K,-1.13965939765,5.62948209091,89.2343122357,2050.21224567,226.415727801,-0.15
2425,2020,4865,NEB,D1 Big Ten Conference,730286592,UNCO,186466205,2020-03-10 13:00:00,9,1,2,1,1435005632,P. Tillotson,R,FA,R,-0.383825427917,1.40351327097,8.83109489501,19.6918371555,5.03261928704,SS,K,-1.1882124846,5.73515415139,89.4650130925,2041.90827243,245.762669007,-0.15
2426,2020,4865,NEB,D1 Big Ten Conference,730286592,UNCO,186466205,2020-03-10 13:00:00,9,0,0,2,1435005632,P. Tillotson,R,FA,R,0.209665839457,2.2961230809,11.1603465012,17.5768349897,5.14065255387,SL,S,-1.04962133867,5.76252823659,88.1443422984,1966.60638745,237.505578856,-0.15
2427,2020,4865,NEB,D1 Big Ten Conference,730286592,UNCO,186466205,2020-03-10 13:00:00,9,0,1,2,1435005632,P. Tillotson,R,FA,R,0.849605708648,1.4574366455,12.9097764251,15.5229606701,5.05580049517,SL,S,-1.0770107159,5.74764787518,89.297657757,1993.39104965,230.176714179,-0.15
2428,2020,4865,NEB,D1 Big Ten Conference,730286592,UNCO,186466205,2020-03-10 13:00:00,9,0,2,2,1435005632,P. Tillotson,R,FA,R,0.813634193972,2.70076213061,17.3338905552,16.8872028457,5.0348124916,B,S,-1.09934331039,5.74391368016,90.3553319372,2014.74578935,224.196836368,0.13
2429,2020,4865,NEB,D1 Big Ten Conference,730286592,UNCO,186466205,2020-03-10 13:00:00,9,1,2,2,1435005632,P. Tillotson,R,FA,R,-0.126952304468,1.89354229886,17.0521459911,18.477432792,4.96473409933,F,S,-1.12997614809,5.73968131674,89.2000096355,1950.50945828,227.239638267,0.0
2430,2020,4865,NEB,D1 Big Ten Conference,730286592,UNCO,186466205,2020-03-10 13:00:00,9,1,2,2,1435005632,P. Tillotson,R,FA,R,0.408995425167,1.81223589048,9.4269778052,18.5308457328,5.11362912487,F,S,-1.08119560107,5.64832082763,88.9014448787,1963.82457271,242.951874017,0.0
2431,2020,4865,NEB,D1 Big Ten Conference,730286592,UNCO,186466205,2020-03-10 13:00:00,9,1,2,2,1435005632,P. Tillotson,R,FA,R,0.067712465018,2.10597709464,13.7456665427,17.3532707736,5.01461358999,F,S,-1.10354093071,5.76995403301,89.4539718969,2019.49879991,231.547715489,0.0
2432,2020,4865,NEB,D1 Big Ten Conference,730286592,UNCO,186466205,2020-03-10 13:00:00,9,1,2,2,1435005632,P. Tillotson,R,CH,R,-0.745606969089,2.50276654693,2.16689519421,10.7263172377,4.76059951428,F,S,-1.0917786372,5.75958808193,81.8496810947,1600.81495543,258.370823981,0.0
2433,2020,4865,NEB,D1 Big Ten Conference,730286592,UNCO,186466205,2020-03-10 13:00:00,9,1,2,2,1435005632,P. Tillotson,R,FA,R,0.67021793559,2.4594597699,11.5620125752,15.6237526813,5.06528748603,IP,S,-1.04306082926,5.71282681914,90.5394138558,2046.35276418,233.419208093,1.0
2434,2020,4865,NEB,D1 Big Ten Conference,730286592,UNCO,186466205,2020-03-10 13:00:00,9,0,1,2,1435005632,P. Tillotson,R,CH,R,-0.829767925992,1.77446520774,0.912197022059,11.7597454995,4.87459528022,SS,K,-1.12815800983,5.70757913713,82.0608234572,1480.15213216,265.370275302,-0.15
2435,2020,4865,NEB,D1 Big Ten Conference,730286592,UNCO,186466205,2020-03-10 13:00:00,9,0,2,2,1435005632,P. Tillotson,R,FS,R,-0.622377969743,1.64593455347,1.43030753583,12.2794774567,4.83921597432,SS,K,-1.07928246247,5.74603077959,81.9870896701,1405.34177139,263.170761678,-0.15
2436,2020,4245,OKST,D1 Big 12 Conference,730192128,UTRGV,334355664,2020-02-23 13:00:00,1,0,0,2,1297477626,J. Campbell,R,FA,R,0.61613494366,1.9023964738,20.1007800595,5.5080309883,6.25519831341,SL,K,-1.03191087512,6.69197077651,87.586998306,2040.38294819,195.299599443,-0.15
2437,2020,4245,OKST,D1 Big 12 Conference,730192128,UTRGV,334355664,2020-02-23 13:00:00,1,0,1,2,1297477626,J. Campbell,R,CU,R,0.982980474792,0.619898454271,12.9107258669,15.8773112082,6.61785916049,B,K,-0.941210630984,6.53834178984,77.9000611925,2264.5185573,230.791557273,0.13
2438,2020,4245,OKST,D1 Big 12 Conference,730192128,UTRGV,334355664,2020-02-23 13:00:00,1,1,1,2,1297477626,J. Campbell,R,CU,R,-0.183327032134,1.6950983907,9.1803106705,15.4026265833,6.60733827016,F,K,-0.957449121029,6.64014444258,76.7820426937,2374.95514911,239.085051762,-0.15
2439,2020,4245,OKST,D1 Big 12 Conference,730192128,UTRGV,334355664,2020-02-23 13:00:00,1,1,2,2,1297477626,J. Campbell,R,FA,R,1.27329094845,1.940393898,24.5796162989,2.79999694992,6.28242588261,B,K,-0.91117690601,6.77842419209,90.4080361455,2330.49470525,186.490442961,0.13
2440,2020,4245,OKST,D1 Big 12 Conference,730192128,UTRGV,334355664,2020-02-23 13:00:00,1,2,2,2,1297477626,J. Campbell,R,CU,R,0.918176051072,-0.13570715559,-12.3395926433,-5.5194739043,5.97210177625,B,K,-0.68197967439,6.97437974581,74.0546556485,2394.07865662,24.1826171352,0.13
2441,2020,4245,OKST,D1 Big 12 Conference,730192128,UTRGV,334355664,2020-02-23 13:00:00,1,3,2,2,1297477626,J. Campbell,R,FA,R,-0.351528495919,1.92146961904,23.939492184,3.565314996,6.32967508621,SL,K,-1.05735730202,6.79545355187,87.9643908776,2194.91851125,188.459120391,-0.15
2442,2020,4245,OKST,D1 Big 12 Conference,730192128,UTRGV,334355664,2020-02-23 13:00:00,2,0,0,0,1297477626,J. Campbell,R,SL,L,0.0207377237601,2.22049914801,23.3608514354,7.20896086983,6.12295589876,SS,IP_OUT,-1.24690957057,6.85945397563,85.5742659317,2317.68387126,197.125163003,-0.15
2443,2020,4245,OKST,D1 Big 12 Conference,730192128,UTRGV,334355664,2020-02-23 13:00:00,2,0,0,1,1297477626,J. Campbell,R,CH,R,-1.13770023837,3.95272062223,11.7659247185,14.2935560866,6.63436673184,B,BB,-1.13628969432,6.74502933247,77.1179624265,2250.564037,230.437590066,0.13
2444,2020,4245,OKST,D1 Big 12 Conference,730192128,UTRGV,334355664,2020-02-23 13:00:00,2,1,0,1,1297477626,J. Campbell,R,CU,R,0.261020079419,2.76473465319,17.2480550547,10.1882218936,6.62240050299,SS,BB,-1.05449561074,6.6933241751,76.8840147681,2396.41788381,210.50666389,-0.15
2445,2020,4245,OKST,D1 Big 12 Conference,730192128,UTRGV,334355664,2020-02-23 13:00:00,2,1,1,1,1297477626,J. Campbell,R,CU,R,1.25491303602,3.69341048349,-12.9513331681,-4.25818291797,6.03172832002,B,BB,-0.546965721789,6.97666395024,71.8107556172,2349.00155538,18.2678615798,0.13
2446,2020,4245,OKST,D1 Big 12 Conference,730192128,UTRGV,334355664,2020-02-23 13:00:00,2,2,1,1,1297477626,J. Campbell,R,SL,R,0.413952535471,2.13436357179,15.5305088505,11.5410010355,6.77720912988,F,BB,-0.803176215464,6.67829535947,77.1936903538,2329.50973587,216.541266675,-0.15
2447,2020,4245,OKST,D1 Big 12 Conference,730192128,UTRGV,334355664,2020-02-23 13:00:00,2,2,2,1,1297477626,J. Campbell,R,FA,R,-1.98369681933,2.92558663768,21.2336289997,5.90145583207,6.3202888425,B,BB,-0.86749950036,6.73356435419,85.7568243275,2172.03589923,195.507846569,0.13
2448,2020,4245,OKST,D1 Big 12 Conference,730192128,UTRGV,334355664,2020-02-23 13:00:00,2,3,2,1,1297477626,J. Campbell,R,FA,R,-0.237964136429,3.27527232966,21.9408276759,5.9571550912,6.5289229181,F,BB,-0.861878549458,6.85338557594,88.3118123548,2439.86224256,195.168427613,0.0
2449,2020,4245,OKST,D1 Big 12 Conference,730192128,UTRGV,334355664,2020-02-23 13:00:00,2,3,2,1,1297477626,J. Campbell,R,FA,R,0.74013805983,2.23878146742,21.937232834,3.74925574292,6.09857733398,F,BB,-0.860080961265,6.89747257409,87.4791120085,2415.30319244,189.683688382,0.0
2450,2020,4245,OKST,D1 Big 12 Conference,730192128,UTRGV,334355664,2020-02-23 13:00:00,2,3,2,1,1297477626,J. Campbell,R,FA,R,1.16043879034,3.70574668698,23.3805531487,4.04476651673,6.60881695122,B,BB,-1.02375816,6.71714127652,89.8426875156,2481.30386575,189.801725122,0.8
2451,2020,4245,OKST,D1 Big 12 Conference,730192128,UTRGV,334355664,2020-02-23 13:00:00,2,0,0,1,1297477626,J. Campbell,R,SL,R,1.00098444955,1.78114385958,7.83285072155,-6.1359992578,6.39308545514,SL,K,-0.911828045801,6.82659808448,81.2373804344,2202.49558105,142.0641682,-0.15
2452,2020,4245,OKST,D1 Big 12 Conference,730192128,UTRGV,334355664,2020-02-23 13:00:00,2,0,1,1,1297477626,J. Campbell,R,SL,R,1.50529190088,3.1369278648,9.41350632221,-6.73148374216,6.25535995756,B,K,-0.90275411946,6.94063600789,81.6555755244,2317.94156306,144.543694992,0.13
2453,2020,4245,OKST,D1 Big 12 Conference,730192128,UTRGV,334355664,2020-02-23 13:00:00,2,1,1,1,1297477626,J. Campbell,R,SL,R,-0.860463664619,2.40960572594,15.0551892979,16.0063993958,6.83547003316,F,K,-0.97620161092,6.64677040022,78.3755829968,2369.16690138,226.675451331,-0.15
2454,2020,4245,OKST,D1 Big 12 Conference,730192128,UTRGV,334355664,2020-02-23 13:00:00,2,1,2,1,1297477626,J. Campbell,R,FA,R,0.150929099063,3.69526650304,21.4209206995,7.53108709826,6.49802677825,SS,K,-0.837045077821,6.80169020273,86.9272975357,2344.8576654,199.342001593,-0.15
2455,2020,4245,OKST,D1 Big 12 Conference,730192128,UTRGV,334355664,2020-02-23 13:00:00,2,0,0,2,1297477626,J. Campbell,R,FA,R,0.144193595985,4.02092258893,23.1175595754,8.04370795663,6.3820141688,B,NO_PLAY,-0.997740188486,6.81781452824,85.1511483399,2340.39303894,199.157685148,0.13
2456,2020,4245,OKST,D1 Big 12 Conference,730192128,UTRGV,334355664,2020-02-23 13:00:00,3,0,0,0,1297477626,J. Campbell,R,FA,R,0.308935259344,3.59495632404,19.5527080687,6.06565913619,6.1993854307,B,IP_OUT,-0.894583093489,6.87537182456,84.619317824,2104.91967428,197.205097742,0.13
2457,2020,4245,OKST,D1 Big 12 Conference,730192128,UTRGV,334355664,2020-02-23 13:00:00,3,1,0,0,1297477626,J. Campbell,R,FA,R,0.176030838113,2.33562693217,24.5027852052,4.12421415463,6.34957127438,F,IP_OUT,-1.28306860992,6.79101760999,85.4436877938,2273.76248228,189.540622826,-0.15
2458,2020,4245,OKST,D1 Big 12 Conference,730192128,UTRGV,334355664,2020-02-23 13:00:00,3,1,1,0,1297477626,J. Campbell,R,FA,R,0.239086682174,3.19959972324,20.9118636478,7.85451883128,6.39641002081,F,IP_OUT,-1.13569300337,6.83013370086,86.4028261767,2254.40452053,200.554870735,-0.15
2459,2020,4245,OKST,D1 Big 12 Conference,730192128,UTRGV,334355664,2020-02-23 13:00:00,3,1,2,0,1297477626,J. Campbell,R,CU,R,0.58723104468,1.6207532489,-14.1697092735,-6.97779457805,6.14368663895,F,IP_OUT,-0.532704187647,6.97545006594,74.2069160979,2410.74910376,26.2950727273,0.0
2460,2020,4245,OKST,D1 Big 12 Conference,730192128,UTRGV,334355664,2020-02-23 13:00:00,3,0,0,1,1297477626,J. Campbell,R,CH,L,-0.22447050501,3.38732955817,15.0199135515,11.5511443843,6.9796121188,SL,K,-1.12172415569,6.89092944752,77.4573265209,2226.37687629,217.484697131,-0.15
2461,2020,4245,OKST,D1 Big 12 Conference,730192128,UTRGV,334355664,2020-02-23 13:00:00,3,0,1,1,1297477626,J. Campbell,R,CU,L,0.396304960902,2.39299261305,-13.9678605059,-10.5418714116,5.67511848401,SL,K,-0.793618869429,7.02671974658,71.7448282593,2373.76104873,37.1457096432,-0.15
2462,2020,4245,OKST,D1 Big 12 Conference,730192128,UTRGV,334355664,2020-02-23 13:00:00,3,0,2,1,1297477626,J. Campbell,R,FA,L,-1.04409079176,4.11674667484,21.1804138337,9.57183745255,6.28175054034,B,K,-1.18518574741,6.88642567994,86.8504463276,2341.80183529,204.284404955,0.13
2463,2020,4245,OKST,D1 Big 12 Conference,730192128,UTRGV,334355664,2020-02-23 13:00:00,3,1,2,1,1297477626,J. Campbell,R,FA,L,0.450200211042,1.78368405032,20.7578619155,3.91318876582,6.4540480811,F,K,-0.948611258777,6.81225839948,85.8832919813,2356.6649296,190.658513879,0.0
2464,2020,4245,OKST,D1 Big 12 Conference,730192128,UTRGV,334355664,2020-02-23 13:00:00,3,1,2,1,1297477626,J. Campbell,R,FA,L,0.831128877869,3.48398271874,24.4858414805,1.48027346083,6.5317090242,F,K,-1.18081137638,6.83008922537,88.1806584656,2375.35375906,183.454915206,0.0
2465,2020,4245,OKST,D1 Big 12 Conference,730192128,UTRGV,334355664,2020-02-23 13:00:00,3,1,2,1,1297477626,J. Campbell,R,CH,L,-0.354622167021,1.38682303831,14.8352839774,10.2174805055,6.84305149596,SS,K,-0.860715729636,6.76211618206,79.2049199068,2324.00903707,214.483176534,-0.15
2466,2020,4245,OKST,D1 Big 12 Conference,730192128,UTRGV,334355664,2020-02-23 13:00:00,3,0,0,2,1297477626,J. Campbell,R,CU,L,0.192070580987,2.57151558081,-10.5764344778,-3.89230167558,5.95410214844,SL,K,-0.619817195019,6.98275637136,72.0816717984,2315.09721558,20.2941435077,-0.15
2467,2020,4245,OKST,D1 Big 12 Conference,730192128,UTRGV,334355664,2020-02-23 13:00:00,3,0,1,2,1297477626,J. Campbell,R,FA,L,0.421014801708,2.14990202584,19.3411795911,9.6327584998,6.63245448313,SL,K,-1.08189118121,6.72817897878,86.4177488473,2232.47825737,206.434653165,-0.15
2468,2020,4245,OKST,D1 Big 12 Conference,730192128,UTRGV,334355664,2020-02-23 13:00:00,3,0,2,2,1297477626,J. Campbell,R,FA,L,-0.262879217903,3.59107205346,22.4507969522,8.00084754994,6.22962431116,SS,K,-1.15657764275,6.91970613549,85.5424594875,2085.91625599,199.58616001,-0.15
2469,2020,4245,OKST,D1 Big 12 Conference,730192128,UTRGV,334355664,2020-02-23 13:00:00,4,0,0,0,1297477626,J. Campbell,R,CH,R,1.16276132959,3.19667507244,11.1421239211,-2.45243063548,6.26940504283,B,S,-0.838987502355,7.01565148749,80.8236735589,2133.817698,167.629287432,0.13
2470,2020,4245,OKST,D1 Big 12 Conference,730192128,UTRGV,334355664,2020-02-23 13:00:00,4,1,0,0,1297477626,J. Campbell,R,CH,R,1.15745519263,1.15583241008,8.88889974968,-4.74309109524,6.22876882887,F,S,-0.621302269645,7.07412475768,80.0509554969,2186.12456785,152.022710242,-0.15
2471,2020,4245,OKST,D1 Big 12 Conference,730192128,UTRGV,334355664,2020-02-23 13:00:00,4,1,1,0,1297477626,J. Campbell,R,FA,R,-0.152134198605,2.90411366427,20.9138261165,6.78774678137,6.35588155034,F,S,-1.14343926523,6.78459848153,86.2556342307,2372.87025414,197.953433336,-0.15
2472,2020,4245,OKST,D1 Big 12 Conference,730192128,UTRGV,334355664,2020-02-23 13:00:00,4,1,2,0,1297477626,J. Campbell,R,CH,R,-0.0120972737015,2.31107918466,12.1799164268,15.1079425702,6.81882026492,IP,S,-0.84655062231,6.67922244912,78.0935603357,2336.72060739,231.028953232,1.0
2473,2020,4245,OKST,D1 Big 12 Conference,730192128,UTRGV,334355664,2020-02-23 13:00:00,4,0,0,0,1297477626,J. Campbell,R,FA,L,0.298490376131,2.2870958645,22.7644814424,3.28601882548,6.33188566077,IP,D,-0.908793766222,6.87762464631,85.6322516861,2161.92234023,188.20125592,1.26
2474,2020,4245,OKST,D1 Big 12 Conference,730192128,UTRGV,334355664,2020-02-23 13:00:00,4,0,0,0,1297477626,J. Campbell,R,SL,R,1.16581081867,1.76996902564,11.1484581264,-6.82214864073,6.45345541776,B,K,-0.783052267669,6.87067175782,80.7580859465,2120.46450694,148.62631872,0.13
2475,2020,4245,OKST,D1 Big 12 Conference,730192128,UTRGV,334355664,2020-02-23 13:00:00,4,1,0,0,1297477626,J. Campbell,R,SL,R,1.20329889796,2.14425208682,8.94786103806,-6.4713245755,6.38508029439,F,K,-1.06847992925,6.87849996777,81.5846326688,2191.09824285,144.241745569,-0.15
2476,2020,4245,OKST,D1 Big 12 Conference,730192128,UTRGV,334355664,2020-02-23 13:00:00,4,1,1,0,1297477626,J. Campbell,R,FA,R,0.105990905677,2.54306528809,20.5173890165,4.94306177787,6.40570888046,F,K,-1.06638034389,6.822169557,85.4126622253,2245.28832132,193.523215651,-0.15
2477,2020,4245,OKST,D1 Big 12 Conference,730192128,UTRGV,334355664,2020-02-23 13:00:00,4,1,2,0,1297477626,J. Campbell,R,CH,R,-0.0589527570434,4.32918198107,22.0374180172,5.72525855739,6.36892284923,SS,K,-0.881994768937,6.95981736821,82.7010366074,2090.41127677,194.539579766,-0.15
2478,2020,4245,OKST,D1 Big 12 Conference,730192128,UTRGV,334355664,2020-02-23 13:00:00,4,0,0,1,1297477626,J. Campbell,R,CU,L,0.828408698579,0.355111941114,-10.1908356992,-10.6232086308,6.22947931584,B,BB,-0.955275658067,7.0442939358,72.5041900119,2335.12828398,46.3290692759,0.13
2479,2020,4245,OKST,D1 Big 12 Conference,730192128,UTRGV,334355664,2020-02-23 13:00:00,4,1,0,1,1297477626,J. Campbell,R,FA,L,-1.2553732795,3.85417374127,21.9596839533,8.61123627421,6.13583428141,B,BB,-1.17380453801,6.88635211631,87.6831449207,2294.44190995,201.381976573,0.13
2480,2020,4245,OKST,D1 Big 12 Conference,730192128,UTRGV,334355664,2020-02-23 13:00:00,4,2,0,1,1297477626,J. Campbell,R,CH,L,0.132651063003,0.310044787154,13.9734941352,7.05269363584,6.74653543575,B,BB,-1.08043441613,6.65943698392,75.8747427071,2281.03712591,206.707528135,0.13
2481,2020,4245,OKST,D1 Big 12 Conference,730192128,UTRGV,334355664,2020-02-23 13:00:00,4,3,0,1,1297477626,J. Campbell,R,FA,L,-0.675706448072,1.75980125817,23.3398299282,5.92228505715,6.25004488362,B,BB,-1.14373832602,6.91784608246,86.5306827084,2264.38349399,194.217524783,0.8
2482,2020,4245,OKST,D1 Big 12 Conference,730192128,UTRGV,334355664,2020-02-23 13:00:00,4,0,0,1,1297477626,J. Campbell,R,SL,R,0.583450625012,1.16391856445,7.87732816118,-4.89913367304,6.43803440502,SS,S,-0.992961442182,6.89950694861,81.6819224534,2250.28072003,148.248031142,-0.15
2483,2020,4245,OKST,D1 Big 12 Conference,730192128,UTRGV,334355664,2020-02-23 13:00:00,4,0,1,1,1297477626,J. Campbell,R,SL,R,0.382745409012,3.96929555264,18.6562316185,-6.27153251821,6.16751958292,SS,S,-0.840775339165,7.05098389367,80.6354669427,2160.93732206,161.456031094,-0.15
2484,2020,4245,OKST,D1 Big 12 Conference,730192128,UTRGV,334355664,2020-02-23 13:00:00,4,0,2,1,1297477626,J. Campbell,R,SL,R,1.21935763678,2.63927424622,13.2592501368,-10.0723921457,6.17397135488,IP,S,-0.865803619504,6.99640318447,82.7435117634,2353.10360763,142.855964942,1.0
2485,2020,4245,OKST,D1 Big 12 Conference,730192128,UTRGV,334355664,2020-02-23 13:00:00,4,0,0,1,1297477626,J. Campbell,R,FA,R,-0.354719350369,2.45373736358,23.0194753153,7.15165990276,6.3912894862,F,S,-1.08538962338,6.90426643448,88.0070852332,2358.74216487,197.235590621,-0.15
2486,2020,4245,OKST,D1 Big 12 Conference,730192128,UTRGV,334355664,2020-02-23 13:00:00,4,0,1,1,1297477626,J. Campbell,R,CU,R,-0.134058736704,2.22595921567,-12.0607914479,-6.2043278219,5.91841568978,SL,S,-0.650416995754,7.0315564653,72.3155040887,2339.09865527,27.3203789029,-0.15
2487,2020,4245,OKST,D1 Big 12 Conference,730192128,UTRGV,334355664,2020-02-23 13:00:00,4,0,2,1,1297477626,J. Campbell,R,FA,R,0.40696698626,3.90401282691,21.5393524296,4.46617350045,6.46023775948,B,S,-0.764651243996,6.94754874532,85.8578862689,2108.68632325,191.695811623,0.13
2488,2020,4245,OKST,D1 Big 12 Conference,730192128,UTRGV,334355664,2020-02-23 13:00:00,4,1,2,1,1297477626,J. Campbell,R,FA,R,1.0505138348,2.61256269534,21.5126673233,3.85536763945,6.42350877049,IP,S,-0.742446134029,6.93209744435,86.1218220383,2164.88238149,190.144264285,1.0
2489,2020,4245,OKST,D1 Big 12 Conference,730192128,UTRGV,334355664,2020-02-23 13:00:00,4,0,0,1,1297477626,J. Campbell,R,FA,R,0.2443033943,1.48156458632,9.55328997184,-1.00838689007,6.67928857697,B,IP_OUT,-0.929302716407,6.81620950746,87.1583191545,2283.34766921,173.995235788,0.13
2490,2020,4245,OKST,D1 Big 12 Conference,730192128,UTRGV,334355664,2020-02-23 13:00:00,4,1,0,1,1297477626,J. Campbell,R,FA,R,-0.00521397538454,4.42419970466,20.7874021208,6.2189881883,6.53218565836,B,IP_OUT,-1.02977189292,6.85742849937,88.9449951878,2276.52053206,196.631194653,0.13
2491,2020,4245,OKST,D1 Big 12 Conference,730192128,UTRGV,334355664,2020-02-23 13:00:00,4,2,0,1,1297477626,J. Campbell,R,FA,R,-0.620383204926,2.189500473,19.8242766501,6.97325487669,6.43895196358,SL,IP_OUT,-0.939786731804,6.8015624387,86.5283732944,2156.32456099,199.348217846,-0.15
2492,2020,4245,OKST,D1 Big 12 Conference,730192128,UTRGV,334355664,2020-02-23 13:00:00,4,0,0,2,1297477626,J. Campbell,R,SL,L,0.723819380687,1.22666939259,-11.9331255327,-6.02588447774,5.49361173725,B,IP_OUT,-1.03256381783,7.03130676951,71.3112062489,2358.9519199,26.895040153,0.13
2493,2020,4245,OKST,D1 Big 12 Conference,730192128,UTRGV,334355664,2020-02-23 13:00:00,4,1,0,2,1297477626,J. Campbell,R,CH,L,-0.2639272109,1.67444413946,14.0395210008,10.864391138,6.71705173784,SS,IP_OUT,-1.19433340284,6.80342348009,76.5588922792,2379.4100754,217.648167648,-0.15
2494,2020,4245,OKST,D1 Big 12 Conference,730192128,UTRGV,334355664,2020-02-23 13:00:00,4,1,1,2,1297477626,J. Campbell,R,FA,L,-0.14676584737,3.62164277147,21.8410209632,6.40747963284,6.30048939406,SS,IP_OUT,-1.02283301234,6.91859230182,86.8853715801,2166.37499947,196.32583118,-0.15
2495,2020,4245,OKST,D1 Big 12 Conference,730192128,UTRGV,334355664,2020-02-23 13:00:00,5,0,0,0,1297477626,J. Campbell,R,CU,L,-0.88381678983,2.46020468035,12.1002001638,14.5678895172,6.75301967018,SL,IP_OUT,-1.02831965299,6.95519408492,74.1910996495,2021.50270998,230.179180494,-0.15
2496,2020,4245,OKST,D1 Big 12 Conference,730192128,UTRGV,334355664,2020-02-23 13:00:00,5,0,1,0,1297477626,J. Campbell,R,FA,L,-0.901952700028,3.1909975902,-13.3350744528,-6.24231082484,5.7749046483,SL,IP_OUT,-0.676482770723,7.0747647714,68.9662770382,2317.31667818,25.1776054703,-0.15
2497,2020,4245,OKST,D1 Big 12 Conference,730192128,UTRGV,334355664,2020-02-23 13:00:00,5,0,2,0,1297477626,J. Campbell,R,FA,L,-1.5091401913,2.47549622086,19.7228963287,6.10218179226,6.33569284092,B,IP_OUT,-0.846265934536,6.93491855219,87.6144114058,2256.30301941,197.164265969,0.13
2498,2020,4245,OKST,D1 Big 12 Conference,730192128,UTRGV,334355664,2020-02-23 13:00:00,5,1,2,0,1297477626,J. Campbell,R,FA,L,-1.01918154308,2.5141481026,25.1805972309,8.20671076721,6.403922863,B,IP_OUT,-1.24772146256,6.82923160053,85.5204049491,2254.03336214,198.027791179,0.13
2499,2020,4245,OKST,D1 Big 12 Conference,730192128,UTRGV,334355664,2020-02-23 13:00:00,5,2,2,0,1297477626,J. Campbell,R,FA,L,-0.123550069724,2.13408674455,20.574197907,7.46650154092,6.39003371058,F,IP_OUT,-1.03241646226,6.84166999536,86.0189064633,2268.18616741,199.915175783,0.0
2500,2020,4245,OKST,D1 Big 12 Conference,730192128,UTRGV,334355664,2020-02-23 13:00:00,5,2,2,0,1297477626,J. Campbell,R,CH,L,-1.38397211491,2.49156461665,12.6271958379,14.5925423959,6.76524200253,F,IP_OUT,-0.97537771196,6.89422828378,76.5266204289,2272.48890936,229.032393904,0.0
2501,2020,4245,OKST,D1 Big 12 Conference,730192128,UTRGV,334355664,2020-02-23 13:00:00,5,2,2,0,1297477626,J. Campbell,R,FA,L,-0.842934217052,3.29353318124,12.6340840752,-5.41211027945,6.50511419265,F,IP_OUT,-1.00700642457,6.94714231294,84.2217765198,2175.14704759,156.869706949,0.0
2502,2020,4245,OKST,D1 Big 12 Conference,730192128,UTRGV,334355664,2020-02-23 13:00:00,5,2,2,0,1297477626,J. Campbell,R,SL,L,-0.738125928902,3.03652549236,8.18539284046,-8.28722490811,6.22068266869,F,IP_OUT,-0.601655866258,7.07081669125,81.6685383402,2157.95256704,134.779970972,0.0
2503,2020,4245,OKST,D1 Big 12 Conference,730192128,UTRGV,334355664,2020-02-23 13:00:00,5,2,2,0,1297477626,J. Campbell,R,FA,L,-0.410318486105,4.47736027937,21.253618021,6.85729421858,6.55748271106,B,IP_OUT,-0.787958152051,6.96374756948,88.9411280467,2270.43679389,197.856475569,0.13
2504,2020,4245,OKST,D1 Big 12 Conference,730192128,UTRGV,334355664,2020-02-23 13:00:00,5,3,2,0,1297477626,J. Campbell,R,FA,L,-0.0663376964783,1.69701809407,21.515948265,4.7071118032,6.59194993143,F,IP_OUT,-1.03323956385,6.86589451341,87.5970888558,2345.63342525,192.321624147,0.0
2505,2020,4245,OKST,D1 Big 12 Conference,730192128,UTRGV,334355664,2020-02-23 13:00:00,5,0,0,1,1297477626,J. Campbell,R,FA,R,0.697912676076,3.7129398372,20.8518098103,1.79149969193,6.48951352535,B,BB,-0.71902588773,6.89195473956,88.6924451651,2218.57346111,184.902889472,0.13
2506,2020,4245,OKST,D1 Big 12 Conference,730192128,UTRGV,334355664,2020-02-23 13:00:00,5,1,0,1,1297477626,J. Campbell,R,FA,R,-0.195856676907,3.72563755836,19.8105742691,8.00492187904,6.58817023638,B,BB,-1.00298278633,6.95290577079,87.6701848082,2038.36897724,201.968737024,0.13
2507,2020,4245,OKST,D1 Big 12 Conference,730192128,UTRGV,334355664,2020-02-23 13:00:00,5,2,0,1,1297477626,J. Campbell,R,SL,R,-0.225466324843,1.14685135204,16.1492867243,-5.19670319167,6.81562422404,B,BB,-0.768440440984,6.88629503854,83.4541228841,2155.87745233,162.199581911,0.13
2508,2020,4245,OKST,D1 Big 12 Conference,730192128,UTRGV,334355664,2020-02-23 13:00:00,5,3,0,1,1297477626,J. Campbell,R,FA,R,-0.853048867079,2.8696679372,21.0081072002,7.4123070507,6.50037152277,SL,BB,-0.95395218757,6.87483651262,86.4411381517,2156.34471535,199.405174809,-0.15
2509,2020,4245,OKST,D1 Big 12 Conference,730192128,UTRGV,334355664,2020-02-23 13:00:00,5,3,1,1,1297477626,J. Campbell,R,FA,R,-0.509449439067,0.583771003033,26.6501762988,5.13001633746,6.54263006543,B,BB,-0.81257955304,6.90338349623,87.9973267693,2289.62902737,190.882469367,0.8
2510,2020,4245,OKST,D1 Big 12 Conference,730192128,UTRGV,334355664,2020-02-23 13:00:00,5,0,0,1,1297477626,J. Campbell,R,CH,L,-0.691559254583,1.82143654138,20.2966260948,14.1025919713,6.81114548302,SS,IP_OUT,-0.889421323886,6.86727558326,76.0336554583,2422.23051206,214.733946534,-0.15
2511,2020,4245,OKST,D1 Big 12 Conference,730192128,UTRGV,334355664,2020-02-23 13:00:00,5,0,0,2,1297477626,J. Campbell,R,FA,R,0.165368147488,2.68619066983,20.1703842565,5.6930634857,6.64267283114,IP,S,-0.895728036565,6.79156856563,86.3306815325,2248.37968975,195.736253316,1.0
2512,2020,4245,OKST,D1 Big 12 Conference,730192128,UTRGV,334355664,2020-02-23 13:00:00,6,0,0,0,1274331078,C. Varela,R,FA,L,-0.449812524138,3.29872572835,18.5526770825,10.7106903503,5.52510243305,B,K,-2.45587243255,5.72634601678,88.6296094026,2319.87699124,209.952850215,0.13
2513,2020,4245,OKST,D1 Big 12 Conference,730192128,UTRGV,334355664,2020-02-23 13:00:00,6,1,0,0,1274331078,C. Varela,R,FA,L,-0.865017581746,2.71280200414,23.3129967199,8.27210710538,5.49707079466,SL,K,-2.50814562864,6.0513072297,87.3007199415,2282.54631872,199.509059413,-0.15
2514,2020,4245,OKST,D1 Big 12 Conference,730192128,UTRGV,334355664,2020-02-23 13:00:00,6,1,1,0,1274331078,C. Varela,R,SL,L,0.895135309974,1.61271087729,6.93266313521,-4.50321269077,5.29083274984,F,K,-2.64594336803,5.90564891568,79.5473777591,2596.57943408,147.154602089,-0.15
2515,2020,4245,OKST,D1 Big 12 Conference,730192128,UTRGV,334355664,2020-02-23 13:00:00,6,1,2,0,1274331078,C. Varela,R,FA,L,-2.33815283042,5.73556812318,16.6053585434,16.0141249621,5.54819495287,B,K,-2.41259699956,5.95978006539,87.751756997,2339.2878244,223.902532339,0.13
2516,2020,4245,OKST,D1 Big 12 Conference,730192128,UTRGV,334355664,2020-02-23 13:00:00,6,2,2,0,1274331078,C. Varela,R,CH,L,1.21512819854,1.15047413269,10.1063039341,9.34847350483,6.04006322863,SL,K,-2.57419386553,5.72289235588,80.7151491969,1615.44599922,222.657188673,-0.15
2517,2020,4245,OKST,D1 Big 12 Conference,730192128,UTRGV,334355664,2020-02-23 13:00:00,6,0,0,1,1274331078,C. Varela,R,CH,R,1.18104543505,-0.878748882049,9.73459365915,11.4482825923,5.86868052458,B,BB,-2.48327900859,5.81948224976,78.4462668625,1570.91545095,229.501179621,0.13
2518,2020,4245,OKST,D1 Big 12 Conference,730192128,UTRGV,334355664,2020-02-23 13:00:00,6,1,1,1,1274331078,C. Varela,R,FA,R,-1.23574731233,2.31011450604,17.3993920425,11.3002516422,5.51783486698,B,BB,-2.20115917758,6.0097431474,88.6805433235,2345.55038615,212.951512655,0.13
2519,2020,4245,OKST,D1 Big 12 Conference,730192128,UTRGV,334355664,2020-02-23 13:00:00,6,2,1,1,1274331078,C. Varela,R,SL,R,-0.831747519469,4.87846950202,4.63358198351,-5.03126419152,5.30855221817,B,BB,-2.30170755698,5.95940140893,79.9818682383,2493.36473602,132.901589804,0.13
2520,2020,4245,OKST,D1 Big 12 Conference,730192128,UTRGV,334355664,2020-02-23 13:00:00,6,3,1,1,1274331078,C. Varela,R,FA,R,-0.490427029565,1.55434434751,15.2043214154,13.4339207183,5.45361514475,B,BB,-2.22743570086,5.84431260258,87.2574092077,2327.57725409,221.397013353,0.8
2521,2020,4245,OKST,D1 Big 12 Conference,730192128,UTRGV,334355664,2020-02-23 13:00:00,6,0,0,1,1274331078,C. Varela,R,FA,R,-0.143384259817,2.34085588269,16.9454251155,10.018510056,5.43608151756,F,IP_OUT,-2.00640585555,5.97196167102,87.6147553569,2221.51079055,210.540842056,-0.15
2522,2020,4245,OKST,D1 Big 12 Conference,730192128,UTRGV,334355664,2020-02-23 13:00:00,6,0,1,1,1274331078,C. Varela,R,SL,R,0.776895822675,2.45900475274,3.17874050553,-2.37962536407,5.18877650431,SL,IP_OUT,-2.2693068725,6.07531151453,78.7672748914,2593.40366405,143.555835786,-0.15
2523,2020,4245,OKST,D1 Big 12 Conference,730192128,UTRGV,334355664,2020-02-23 13:00:00,6,0,0,2,1274331078,C. Varela,R,FA,R,-0.700103334609,3.03484302462,16.4032174824,17.8271379384,5.44846579979,B,NO_PLAY,-2.01037574882,5.98989750268,87.5153014451,2357.40972082,227.321778753,0.13
2524,2020,4245,OKST,D1 Big 12 Conference,730192128,UTRGV,334355664,2020-02-23 13:00:00,6,1,0,2,1274331078,C. Varela,R,FA,R,-0.0909354934264,2.80848368958,16.5123209894,14.5832258541,5.5819615008,F,NO_PLAY,-2.06966928854,5.93544129757,87.4792446552,2324.21690227,221.389816333,-0.15
2525,2020,4245,OKST,D1 Big 12 Conference,730192128,UTRGV,334355664,2020-02-23 13:00:00,6,1,1,2,1274331078,C. Varela,R,SL,R,0.646601318066,1.64447713871,0.772592885488,-3.55095974981,5.19046397368,F,NO_PLAY,-2.16008935261,6.02125522605,79.2834863641,2592.02481583,102.933143625,-0.15
2526,2020,4245,OKST,D1 Big 12 Conference,730192128,UTRGV,334355664,2020-02-23 13:00:00,7,0,0,0,1023121615,B. Standlee,R,SL,R,2.0491426758,1.20179391185,9.87130577955,-2.5989512033,5.98443256141,B,S,-1.11343270724,6.68330173979,85.0710278718,2500.04886352,165.301070248,0.13
2527,2020,4245,OKST,D1 Big 12 Conference,730192128,UTRGV,334355664,2020-02-23 13:00:00,7,1,0,0,1023121615,B. Standlee,R,SL,R,1.15676763943,3.1475159109,10.314087041,-3.28084545962,6.09131412641,SL,S,-0.863579530638,6.6569954972,83.9319147818,2445.11985173,162.413675354,-0.15
2528,2020,4245,OKST,D1 Big 12 Conference,730192128,UTRGV,334355664,2020-02-23 13:00:00,7,1,1,0,1023121615,B. Standlee,R,FA,R,1.08908244006,2.74092181839,20.67371307,13.9020715923,5.93588142639,SL,S,-0.651839008576,6.85838391815,89.8717701851,2179.86603513,213.876954004,-0.15
2529,2020,4245,OKST,D1 Big 12 Conference,730192128,UTRGV,334355664,2020-02-23 13:00:00,7,1,2,0,1023121615,B. Standlee,R,FA,R,0.524462860206,3.6901888668,19.4396055273,14.4394551983,5.86072912626,B,S,-0.844010400363,6.76282385146,90.4975994443,2173.95138718,216.558941974,0.13
2530,2020,4245,OKST,D1 Big 12 Conference,730192128,UTRGV,334355664,2020-02-23 13:00:00,7,2,2,0,1023121615,B. Standlee,R,FA,R,0.131958477613,1.70682080608,21.142490618,12.05502731,6.16341255833,IP,S,-0.908137247476,6.63514126188,89.676063071,2315.57075637,209.652922091,1.0
2531,2020,4245,OKST,D1 Big 12 Conference,730192128,UTRGV,334355664,2020-02-23 13:00:00,7,0,0,0,1023121615,B. Standlee,R,FA,L,-0.705264491319,2.07316326023,15.8225280906,14.8154600335,5.88713934656,F,K,-1.18202769011,6.61649112426,88.1042374548,2160.98025095,223.056401806,-0.15
2532,2020,4245,OKST,D1 Big 12 Conference,730192128,UTRGV,334355664,2020-02-23 13:00:00,7,0,1,0,1023121615,B. Standlee,R,CH,L,-0.0795508698535,1.32085080956,23.300089097,10.1087376017,6.17535154691,SS,K,-1.75432507193,6.44058542715,78.3769456906,1865.60716058,203.415270666,-0.15
2533,2020,4245,OKST,D1 Big 12 Conference,730192128,UTRGV,334355664,2020-02-23 13:00:00,7,0,2,0,1023121615,B. Standlee,R,FA,L,-1.4853671515,2.26256826031,22.8067795732,10.1946441787,5.945358118,B,K,-1.05122983642,6.68959773317,90.5472089258,2208.48481056,204.054452175,0.13
2534,2020,4245,OKST,D1 Big 12 Conference,730192128,UTRGV,334355664,2020-02-23 13:00:00,7,1,2,0,1023121615,B. Standlee,R,CH,L,-0.675176846472,2.14640672653,6.84038119331,16.0413792813,6.08024982818,SS,K,-1.73119527666,6.09927024933,84.7236914027,1916.22544235,246.795030802,-0.15
2535,2020,4245,OKST,D1 Big 12 Conference,730192128,UTRGV,334355664,2020-02-23 13:00:00,7,0,0,1,1023121615,B. Standlee,R,CH,L,0.423946232003,0.695665015757,17.0727530014,12.5454289977,6.10579411523,B,BB,-1.48592006911,6.25431638001,79.5534594519,1938.14039713,216.242502949,0.13
2536,2020,4245,OKST,D1 Big 12 Conference,730192128,UTRGV,334355664,2020-02-23 13:00:00,7,1,0,1,1023121615,B. Standlee,R,CH,L,0.294439659759,1.2513948179,16.1532923061,16.3358113997,6.0572584475,B,BB,-1.88335562124,6.1833497394,79.7307550892,1881.62622292,225.247808232,0.13
2537,2020,4245,OKST,D1 Big 12 Conference,730192128,UTRGV,334355664,2020-02-23 13:00:00,7,2,0,1,1023121615,B. Standlee,R,FA,L,-0.396183627894,1.56522349698,22.9101098565,9.85073703222,6.01224716257,B,BB,-1.15489362598,6.67478677352,90.1516379923,2233.72153657,203.236878751,0.13
2538,2020,4245,OKST,D1 Big 12 Conference,730192128,UTRGV,334355664,2020-02-23 13:00:00,7,3,0,1,1023121615,B. Standlee,R,FA,L,-0.428440126361,2.57321230969,24.2012847653,7.53443379503,5.95055333031,SL,BB,-1.09268600247,6.73244897878,90.7378382449,2170.64188006,197.270959228,-0.15
2539,2020,4245,OKST,D1 Big 12 Conference,730192128,UTRGV,334355664,2020-02-23 13:00:00,7,3,1,1,1023121615,B. Standlee,R,FA,L,0.958480089907,1.13829103177,23.1065025083,7.61472305457,5.99477354625,B,BB,-1.00164264458,6.70107791991,89.0932807228,2228.88864138,198.214728211,0.8
2540,2020,4245,OKST,D1 Big 12 Conference,730192128,UTRGV,334355664,2020-02-23 13:00:00,7,0,0,1,1023121615,B. Standlee,R,SL,R,1.73560537907,1.25473877833,13.0892236405,-7.43043058666,6.09164332904,B,DP,-1.38068005914,6.69818921892,83.0209154625,2437.22133784,150.488338813,0.13
2541,2020,4245,OKST,D1 Big 12 Conference,730192128,UTRGV,334355664,2020-02-23 13:00:00,7,1,0,1,1023121615,B. Standlee,R,SL,R,0.347448593729,1.52793872519,14.8001833497,-5.39955925471,5.94965074343,SS,DP,-1.25339056853,6.67449858233,83.2273859296,2386.69202777,160.003596484,-0.15
2542,2020,4245,OKST,D1 Big 12 Conference,730192128,UTRGV,334355664,2020-02-23 13:00:00,7,1,1,1,1023121615,B. Standlee,R,SL,R,1.35322550263,1.69669127395,9.30460845122,-3.96108787663,6.11332060914,SS,DP,-1.17149135966,6.44756219484,84.4927730105,2356.05484762,157.019782015,-0.15
2543,2020,4245,OKST,D1 Big 12 Conference,730192128,UTRGV,334355664,2020-02-23 13:00:00,7,1,2,1,1023121615,B. Standlee,R,SL,R,1.14005732492,3.08905282003,6.94257984821,-4.35038469767,5.7593839538,IP,DP,-1.16790390099,6.68293420356,82.0173463161,2403.1158126,148.071855903,-0.21
2544,2020,4245,OKST,D1 Big 12 Conference,730192128,UTRGV,334355664,2020-02-23 13:00:00,8,0,0,0,1023121615,B. Standlee,R,FA,L,-0.0373329770354,3.17849821032,21.8483881099,16.0997238849,5.99033021689,SL,IP_OUT,-1.10998842844,6.61146350021,87.3029238966,2240.54878701,216.3428015,-0.15
2545,2020,4245,OKST,D1 Big 12 Conference,730192128,UTRGV,334355664,2020-02-23 13:00:00,8,0,1,0,1023121615,B. Standlee,R,CH,L,-0.196858966183,1.71665965856,17.7447709636,14.899233791,6.0049115796,SS,IP_OUT,-1.36292524359,6.40680777546,79.4351746824,1995.08798875,219.952064204,-0.15
2546,2020,4245,OKST,D1 Big 12 Conference,730192128,UTRGV,334355664,2020-02-23 13:00:00,8,0,2,0,1023121615,B. Standlee,R,FA,L,-1.3309254864,3.06670579275,8.68526325187,14.3234530134,5.7775329231,B,IP_OUT,-1.38278220048,6.40161384436,85.4831631585,1971.303823,238.663969029,0.13
2547,2020,4245,OKST,D1 Big 12 Conference,730192128,UTRGV,334355664,2020-02-23 13:00:00,8,1,2,0,1023121615,B. Standlee,R,FA,L,-0.393021042802,1.47611176369,13.482127765,12.9768540093,6.05168894096,F,IP_OUT,-1.53111464935,6.38478418621,87.6002991157,1929.47849023,223.834337389,0.0
2548,2020,4245,OKST,D1 Big 12 Conference,730192128,UTRGV,334355664,2020-02-23 13:00:00,8,1,2,0,1023121615,B. Standlee,R,FA,L,-0.370268651217,5.49034962014,20.6572232597,11.6269283079,5.86994454729,B,IP_OUT,-1.11319065668,6.62376494775,89.3967922132,2128.67715503,209.333861104,0.13
2549,2020,4245,OKST,D1 Big 12 Conference,730192128,UTRGV,334355664,2020-02-23 13:00:00,8,2,2,0,1023121615,B. Standlee,R,CH,L,-1.39521553028,3.13270858039,20.0746368475,16.4572386173,6.17980475371,F,IP_OUT,-1.53404850863,6.24457628044,79.9253631993,1890.10508122,219.287579787,0.0
2550,2020,4245,OKST,D1 Big 12 Conference,730192128,UTRGV,334355664,2020-02-23 13:00:00,8,2,2,0,1023121615,B. Standlee,R,FA,L,0.286227563561,3.6648905884,15.8430806543,11.5672391979,5.90180061564,B,IP_OUT,-1.01346090108,6.51638782723,88.7288938422,2110.84696561,216.076254265,0.13
2551,2020,4245,OKST,D1 Big 12 Conference,730192128,UTRGV,334355664,2020-02-23 13:00:00,8,0,0,1,1023121615,B. Standlee,R,SL,R,0.717820002381,2.08692621929,6.35112820996,-2.61878110015,6.11150303188,SL,K,-0.990378405019,6.46128236333,84.926929185,2355.6705901,157.70474385,-0.15
2552,2020,4245,OKST,D1 Big 12 Conference,730192128,UTRGV,334355664,2020-02-23 13:00:00,8,0,1,1,1023121615,B. Standlee,R,SL,R,0.82822638651,3.12336670148,11.3265473557,-5.71244734777,6.04378805585,F,K,-0.993308647838,6.60362770013,82.5621303537,2308.89350057,153.31376881,-0.15
2553,2020,4245,OKST,D1 Big 12 Conference,730192128,UTRGV,334355664,2020-02-23 13:00:00,8,0,2,1,1023121615,B. Standlee,R,SL,R,1.31914354322,1.52873129615,16.3092347002,-5.50780838706,5.97812651754,SS,K,-1.04369373465,6.75163116793,84.3550536865,2378.24197673,161.378984794,-0.15
2554,2020,4245,OKST,D1 Big 12 Conference,730192128,UTRGV,334355664,2020-02-23 13:00:00,8,0,0,2,1023121615,B. Standlee,R,CH,L,-0.0377097392739,1.83065273771,14.9124823969,13.0085100582,6.1881111698,SL,S,-1.66120500669,6.00228446887,80.6581722773,1987.63777435,221.022085451,-0.15
2555,2020,4245,OKST,D1 Big 12 Conference,730192128,UTRGV,334355664,2020-02-23 13:00:00,8,0,1,2,1023121615,B. Standlee,R,FA,L,-0.180458932065,3.78730118437,16.9665404902,8.90270770406,5.90510719566,B,S,-1.08360631874,6.53735492622,90.3053815369,2187.19297603,207.64174546,0.13
2556,2020,4245,OKST,D1 Big 12 Conference,730192128,UTRGV,334355664,2020-02-23 13:00:00,8,1,1,2,1023121615,B. Standlee,R,FA,L,0.327217924797,2.78868320948,18.0508032839,7.99015295104,6.09866137538,IP,S,-0.919407583107,6.55712337511,88.0074334542,2225.35554879,203.836295633,1.0
2557,2020,4245,OKST,D1 Big 12 Conference,730192128,UTRGV,334355664,2020-02-23 13:00:00,8,0,0,2,1023121615,B. Standlee,R,SL,R,1.40269921951,0.781379847559,15.0694419685,-0.414854799463,6.01185628643,SS,K,-1.14883212512,6.7871434111,81.5466320848,2345.90025118,178.427202632,-0.15
2558,2020,4245,OKST,D1 Big 12 Conference,730192128,UTRGV,334355664,2020-02-23 13:00:00,8,0,1,2,1023121615,B. Standlee,R,SL,R,0.851880493942,2.58966985804,7.97714031019,-3.51491306386,5.91250534873,SL,K,-1.11428043705,6.47429422121,83.3824942833,2414.62800392,156.318977386,-0.15
2559,2020,4245,OKST,D1 Big 12 Conference,730192128,UTRGV,334355664,2020-02-23 13:00:00,8,0,2,2,1023121615,B. Standlee,R,SL,R,0.845164261107,0.660906377448,17.3289665165,-5.6008421263,5.95471450608,SS,K,-1.22414190795,6.73664273881,81.4385925787,2364.54220941,162.126883165,-0.15
2560,2020,4245,OKST,D1 Big 12 Conference,730192128,UTRGV,334355664,2020-02-23 13:00:00,9,0,0,0,1023121615,B. Standlee,R,SL,R,0.776230362378,2.64737539914,10.8534456481,-2.30042391074,6.0813956098,SL,K,-1.30984491701,6.44412599145,83.2678728441,2416.24551341,168.072706676,-0.15
2561,2020,4245,OKST,D1 Big 12 Conference,730192128,UTRGV,334355664,2020-02-23 13:00:00,9,0,1,0,1023121615,B. Standlee,R,SL,R,0.62438318799,2.13728942534,6.90986019457,1.20911034262,5.92110975938,SS,K,-1.15038942825,6.48851456729,80.5737238387,2303.77852064,189.869505914,-0.15
2562,2020,4245,OKST,D1 Big 12 Conference,730192128,UTRGV,334355664,2020-02-23 13:00:00,9,0,2,0,1023121615,B. Standlee,R,SL,R,1.5440097557,1.35024289959,17.1421620518,-5.49077847169,5.93831823224,SS,K,-0.893280884411,6.73058588373,84.7719440931,2418.41930537,162.274592573,-0.15
2563,2020,4245,OKST,D1 Big 12 Conference,730192128,UTRGV,334355664,2020-02-23 13:00:00,9,0,0,1,1023121615,B. Standlee,R,FA,R,-0.449850846486,4.78503114537,18.1944647413,11.3087842767,5.81432421845,B,IP_OUT,-0.749102596311,6.74647097383,89.7525417147,2294.32319309,211.816912852,0.13
2564,2020,4245,OKST,D1 Big 12 Conference,730192128,UTRGV,334355664,2020-02-23 13:00:00,9,0,0,2,1023121615,B. Standlee,R,CH,L,0.359225333174,0.925645234636,12.2615465962,15.0091038143,6.25002983107,B,D,-1.79988359095,6.07421434047,79.947400238,1976.21188438,230.661112502,0.13
2565,2020,4245,OKST,D1 Big 12 Conference,730192128,UTRGV,334355664,2020-02-23 13:00:00,9,1,0,2,1023121615,B. Standlee,R,FA,L,0.144978410128,2.09498760529,21.4292973434,8.0416794256,5.99254649999,IP,D,-0.991565667393,6.66497979488,87.5923448263,2235.1685843,200.539236886,1.26
2566,2020,4245,OKST,D1 Big 12 Conference,730192128,UTRGV,334355664,2020-02-23 13:00:00,9,0,0,2,1023121615,B. Standlee,R,SL,L,0.989684786941,0.491434760436,4.38248485151,-7.41391875077,6.06204985575,B,S,-1.47868208221,6.3475372285,81.6872590466,2349.02755532,120.80917633,0.13
2567,2020,4245,OKST,D1 Big 12 Conference,730192128,UTRGV,334355664,2020-02-23 13:00:00,9,1,0,2,1023121615,B. Standlee,R,CH,L,-0.718812891598,2.70212784899,20.3559409421,8.47370715083,6.163422874,SL,S,-1.69085022371,6.14368873746,80.2210055662,2037.1026955,202.560878502,-0.15
2568,2020,4245,OKST,D1 Big 12 Conference,730192128,UTRGV,334355664,2020-02-23 13:00:00,9,1,1,2,1023121615,B. Standlee,R,CH,L,-0.349841746378,1.2840958014,12.3657548716,14.1275173123,6.24720066559,IP,S,-1.75467685584,6.11063503211,78.5711588898,1963.01543547,228.708388954,1.0
2569,2020,4245,OKST,D1 Big 12 Conference,730192128,UTRGV,334355664,2020-02-23 13:00:00,9,0,0,2,1023121615,B. Standlee,R,SL,R,-0.684206029987,3.14507609908,11.6790153491,-0.42410987342,5.96994206233,B,IP_OUT,-1.17904914426,6.55865715131,83.3971385292,2269.09201065,177.926895616,0.13
2570,2020,4245,OKST,D1 Big 12 Conference,730192128,UTRGV,421225967,2020-02-22 13:00:00,1,0,0,0,1561963630,B. Osmond,R,FA,L,-1.13386105697,2.57103869794,25.6667780921,8.17375466608,6.66751808027,SL,K,-1.70821336553,6.6460867565,93.6030880026,2142.89132581,197.645398157,-0.15
2571,2020,4245,OKST,D1 Big 12 Conference,730192128,UTRGV,421225967,2020-02-22 13:00:00,1,0,1,0,1561963630,B. Osmond,R,SL,L,-1.60430599822,2.24200454057,1.05257113221,-8.14611810269,5.96662165394,B,K,-2.0866827164,6.17254183614,80.8943749896,2288.05450101,97.6403781712,0.13
2572,2020,4245,OKST,D1 Big 12 Conference,730192128,UTRGV,421225967,2020-02-22 13:00:00,1,1,1,0,1561963630,B. Osmond,R,SL,L,-0.559811984545,2.87192139716,3.68772996205,-10.6498474113,5.98842610322,SL,K,-2.00800839485,6.20777017832,79.8568955394,2419.86795925,109.299880705,-0.15
2573,2020,4245,OKST,D1 Big 12 Conference,730192128,UTRGV,421225967,2020-02-22 13:00:00,1,1,2,0,1561963630,B. Osmond,R,SL,L,-1.72107348151,2.72931057525,-7.25815522859,-12.286541432,6.17269199204,B,K,-1.74707264056,6.39838646223,73.5228341042,2499.23779871,59.5979152212,0.13
2574,2020,4245,OKST,D1 Big 12 Conference,730192128,UTRGV,421225967,2020-02-22 13:00:00,1,2,2,0,1561963630,B. Osmond,R,FA,L,0.452822765982,3.58838716056,29.0646324572,8.9700816202,6.88026263329,SS,K,-1.78543555248,6.53236694917,93.8802440216,2190.95713886,197.135196945,-0.15
2575,2020,4245,OKST,D1 Big 12 Conference,730192128,UTRGV,421225967,2020-02-22 13:00:00,1,0,0,1,1561963630,B. Osmond,R,SL,R,-0.0844897595736,2.52520272945,-1.63846650138,-8.16034488068,6.24821594185,SL,D,-1.91101708484,6.16231817576,81.2256279391,2197.00057807,78.9159240049,-0.15
2576,2020,4245,OKST,D1 Big 12 Conference,730192128,UTRGV,421225967,2020-02-22 13:00:00,1,0,1,1,1561963630,B. Osmond,R,SL,R,0.0258206868511,2.15675413714,1.58613909813,-10.3561440945,5.97067487053,IP,D,-1.8080436775,6.18467194911,80.3618959272,2386.88559565,98.9293716076,1.26
2577,2020,4245,OKST,D1 Big 12 Conference,730192128,UTRGV,421225967,2020-02-22 13:00:00,1,0,0,1,1561963630,B. Osmond,R,FA,L,-0.225299834298,1.78026193095,23.0544295716,8.95922161437,6.90286615508,SS,K,-1.56792866724,6.29840379127,91.9436947458,2260.83735775,201.211215804,-0.15
2578,2020,4245,OKST,D1 Big 12 Conference,730192128,UTRGV,421225967,2020-02-22 13:00:00,1,0,1,1,1561963630,B. Osmond,R,FA,L,-0.76373740068,1.65505006335,18.237984252,9.4882034002,7.00492192631,F,K,-1.74425251497,6.2606440647,93.3222245767,2162.63275657,207.447886861,-0.15
2579,2020,4245,OKST,D1 Big 12 Conference,730192128,UTRGV,421225967,2020-02-22 13:00:00,1,0,2,1,1561963630,B. Osmond,R,FA,L,-0.944292995799,4.65232680316,15.1397645163,9.79624304762,6.68404991058,B,K,-1.79773776219,6.44748323273,94.128044888,2122.56552542,212.855340785,0.13
2580,2020,4245,OKST,D1 Big 12 Conference,730192128,UTRGV,421225967,2020-02-22 13:00:00,1,1,2,1,1561963630,B. Osmond,R,FA,L,0.642977515511,2.01340755326,21.0610159124,10.8363231882,6.7958790116,SL,K,-1.64364757929,6.31339182397,95.0054386916,2238.14159501,207.19544329,-0.15
2581,2020,4245,OKST,D1 Big 12 Conference,730192128,UTRGV,421225967,2020-02-22 13:00:00,1,0,0,2,1561963630,B. Osmond,R,SL,R,-0.782639529412,3.1268393067,-9.61219612683,-9.77785009666,6.08950304833,B,IP_OUT,-1.778131742,6.21469207724,75.5928400258,2436.83547681,45.6280048308,0.13
2582,2020,4245,OKST,D1 Big 12 Conference,730192128,UTRGV,421225967,2020-02-22 13:00:00,1,1,0,2,1561963630,B. Osmond,R,SL,R,-0.878170408677,2.80269424387,-0.528200878791,-9.26737023727,6.04746842206,SL,IP_OUT,-1.86080205412,6.17239598213,80.0513863756,2395.61748334,86.9898050014,-0.15
2583,2020,4245,OKST,D1 Big 12 Conference,730192128,UTRGV,421225967,2020-02-22 13:00:00,2,0,0,0,1561963630,B. Osmond,R,FA,L,-0.655248830815,1.9926514514,23.084902071,5.81984320559,6.79118108708,SL,BB,-1.78508905021,6.31116959479,93.7826820808,2160.81935251,194.132606249,-0.15
2584,2020,4245,OKST,D1 Big 12 Conference,730192128,UTRGV,421225967,2020-02-22 13:00:00,2,0,1,0,1561963630,B. Osmond,R,FA,L,1.30711050279,2.47094449954,23.1823671246,6.17297760237,7.09270349846,B,BB,-1.46912117997,6.24494200072,93.1545885505,2249.39686985,194.892685446,0.13
2585,2020,4245,OKST,D1 Big 12 Conference,730192128,UTRGV,421225967,2020-02-22 13:00:00,2,1,1,0,1561963630,B. Osmond,R,FA,L,0.112838072455,3.07322449677,21.8346763685,6.00948768234,6.77952524917,SS,BB,-1.62895956786,6.40379773062,94.3182647105,2306.76881629,195.369156619,-0.15
2586,2020,4245,OKST,D1 Big 12 Conference,730192128,UTRGV,421225967,2020-02-22 13:00:00,2,1,2,0,1561963630,B. Osmond,R,FA,L,-0.98116292674,5.83298692612,22.039830183,4.79738920533,6.76334739456,B,BB,-1.70323204884,6.52083289099,94.4850881435,2199.41428933,192.264538885,0.13
2587,2020,4245,OKST,D1 Big 12 Conference,730192128,UTRGV,421225967,2020-02-22 13:00:00,2,2,2,0,1561963630,B. Osmond,R,SL,L,-0.531049080084,1.5102198384,-9.79061701511,-12.2824062157,6.27790052895,B,BB,-1.69211478686,6.36842647254,78.1351089881,2644.01129871,51.5627132617,0.13
2588,2020,4245,OKST,D1 Big 12 Conference,730192128,UTRGV,421225967,2020-02-22 13:00:00,2,3,2,0,1561963630,B. Osmond,R,FA,L,1.07701272453,1.39168811635,21.4847169755,9.81420372314,6.8178641843,B,BB,-1.67246063063,6.32479827506,96.1120771767,2152.1340225,204.52298911,0.8
2589,2020,4245,OKST,D1 Big 12 Conference,730192128,UTRGV,421225967,2020-02-22 13:00:00,2,0,0,0,1561963630,B. Osmond,R,SL,R,0.216046460635,1.40753375314,0.232721186375,-7.46186727013,6.25308467761,SS,D,-1.82331253055,6.11680956614,79.7836010396,2335.25624003,92.1025089984,-0.15
2590,2020,4245,OKST,D1 Big 12 Conference,730192128,UTRGV,421225967,2020-02-22 13:00:00,2,0,1,0,1561963630,B. Osmond,R,SL,R,0.567666730424,-0.242925877242,-8.55926386023,-16.1786944738,6.0723032096,B,D,-1.72791368221,6.16391600456,75.4671037527,2394.02591225,62.2476492168,0.13
2591,2020,4245,OKST,D1 Big 12 Conference,730192128,UTRGV,421225967,2020-02-22 13:00:00,2,1,1,0,1561963630,B. Osmond,R,SL,R,0.154070840905,2.42321248661,0.682039294692,-7.23120147161,6.26825390764,IP,D,-1.85480485024,6.17589511233,80.5741488747,2433.83392567,95.7020329274,1.26
2592,2020,4245,OKST,D1 Big 12 Conference,730192128,UTRGV,421225967,2020-02-22 13:00:00,2,0,0,0,1561963630,B. Osmond,R,FA,R,-1.31683817413,1.37895022366,22.7573607368,7.60458915224,6.59612674469,B,K,-1.70919220878,6.37039376379,93.4494774419,2222.10851534,198.454793417,0.13
2593,2020,4245,OKST,D1 Big 12 Conference,730192128,UTRGV,421225967,2020-02-22 13:00:00,2,1,0,0,1561963630,B. Osmond,R,SL,R,-0.142373837111,2.05641362853,6.77040502484,-8.9006322481,6.13989708269,SL,K,-1.69516208062,6.29872655836,79.8926200965,2338.16062548,127.42854567,-0.15
2594,2020,4245,OKST,D1 Big 12 Conference,730192128,UTRGV,421225967,2020-02-22 13:00:00,2,1,1,0,1561963630,B. Osmond,R,FA,R,-1.26914598733,0.44254959614,24.6856928238,11.003316703,6.66588157905,B,K,-1.6880856599,6.32031259101,93.9893407528,2219.86406384,203.998711486,0.13
2595,2020,4245,OKST,D1 Big 12 Conference,730192128,UTRGV,421225967,2020-02-22 13:00:00,2,2,1,0,1561963630,B. Osmond,R,SL,R,-0.367280202328,2.9224869264,4.33649810747,-10.3186784016,6.22639953484,SL,K,-1.59461789665,6.35424928226,81.9945118439,2315.578942,112.977344682,-0.15
2596,2020,4245,OKST,D1 Big 12 Conference,730192128,UTRGV,421225967,2020-02-22 13:00:00,2,2,2,0,1561963630,B. Osmond,R,FA,R,1.38016988507,1.85485046771,21.9323969872,8.11168281464,6.84156692999,F,K,-1.33832785626,6.28887552114,95.0602356421,2286.03365587,200.272800996,0.0
2597,2020,4245,OKST,D1 Big 12 Conference,730192128,UTRGV,421225967,2020-02-22 13:00:00,2,2,2,0,1561963630,B. Osmond,R,SL,R,1.59839251444,0.998459343442,-11.6236605083,-14.5774728501,6.30040370269,SS,K,-1.3719986651,6.28043099078,77.2016021163,2567.94550654,51.5394793394,-0.15
2598,2020,4245,OKST,D1 Big 12 Conference,730192128,UTRGV,421225967,2020-02-22 13:00:00,2,0,0,1,1561963630,B. Osmond,R,FA,L,0.04439451983,2.7101395425,19.7504390129,9.29594287201,6.83974657293,SS,BB,-1.49318318213,6.32253432975,94.9991739402,2101.89107626,205.173321631,-0.15
2599,2020,4245,OKST,D1 Big 12 Conference,730192128,UTRGV,421225967,2020-02-22 13:00:00,2,0,1,1,1561963630,B. Osmond,R,SL,L,-0.379292277497,1.15624672316,-5.33430865431,-8.51742067138,6.35365590858,B,BB,-1.68363181313,6.08113329062,81.8616037075,2355.68957335,58.1314349966,0.13
2600,2020,4245,OKST,D1 Big 12 Conference,730192128,UTRGV,421225967,2020-02-22 13:00:00,2,1,1,1,1561963630,B. Osmond,R,SL,L,-0.0677006864778,1.66646307875,-3.59589125279,-16.0985552083,5.76749657478,B,BB,-1.66296154818,6.26521669547,76.4022342688,2462.96501821,77.5666821232,0.13
2601,2020,4245,OKST,D1 Big 12 Conference,730192128,UTRGV,421225967,2020-02-22 13:00:00,2,2,1,1,1561963630,B. Osmond,R,FA,L,0.272430830384,1.61173482383,27.3627959582,1.74220866236,6.77857090748,B,BB,-1.4956284496,6.37046668689,95.0035630822,2189.87135359,183.639317279,0.13
2602,2020,4245,OKST,D1 Big 12 Conference,730192128,UTRGV,421225967,2020-02-22 13:00:00,2,3,1,1,1561963630,B. Osmond,R,CH,L,-0.0347693304533,-1.10770745711,11.6481348462,11.8227635905,6.59173274084,B,BB,-1.90127971165,5.89365016558,81.8674705864,1884.93118398,225.330358172,0.8
2603,2020,4245,OKST,D1 Big 12 Conference,730192128,UTRGV,421225967,2020-02-22 13:00:00,2,0,0,1,1561963630,B. Osmond,R,FA,R,1.69867264963,2.43455403388,22.8928879113,4.7258190214,6.93829512611,B,SF,-1.55275608276,6.30699921377,93.6654322312,2160.04656544,191.649213747,0.13
2604,2020,4245,OKST,D1 Big 12 Conference,730192128,UTRGV,421225967,2020-02-22 13:00:00,2,0,0,2,1561963630,B. Osmond,R,SL,L,-0.749980291217,1.91966483758,-8.23185665636,-11.408695094,6.12257925079,SL,BB,-1.5995142542,6.19879508411,76.8273468483,2577.26211828,54.3357925989,-0.15
2605,2020,4245,OKST,D1 Big 12 Conference,730192128,UTRGV,421225967,2020-02-22 13:00:00,2,0,1,2,1561963630,B. Osmond,R,FA,L,1.56113349769,2.76685171343,20.5023236813,7.34553775469,6.94847454557,B,BB,-1.4267710754,6.24555133471,93.7952130819,2231.25764387,199.685687958,0.13
2606,2020,4245,OKST,D1 Big 12 Conference,730192128,UTRGV,421225967,2020-02-22 13:00:00,2,1,1,2,1561963630,B. Osmond,R,FA,L,1.0763981618,1.46977741852,23.1779871806,12.0862489774,6.82563216995,B,BB,-1.46084593291,6.29049529366,94.183124712,2152.24164906,207.510217892,0.13
2607,2020,4245,OKST,D1 Big 12 Conference,730192128,UTRGV,421225967,2020-02-22 13:00:00,2,2,1,2,1561963630,B. Osmond,R,FA,L,-0.942697855632,3.14889885585,15.5420620497,9.56990897959,6.73941937606,B,BB,-1.59300170062,6.12843428753,93.8563653958,1986.60261252,211.573709946,0.13
2608,2020,4245,OKST,D1 Big 12 Conference,730192128,UTRGV,421225967,2020-02-22 13:00:00,2,3,1,2,1561963630,B. Osmond,R,FA,L,0.1258416889,2.23746340947,23.4463575763,8.40388741393,6.76729766474,SL,BB,-1.64473908388,6.27822129573,93.7032645143,2190.13271739,199.696443963,-0.15
2609,2020,4245,OKST,D1 Big 12 Conference,730192128,UTRGV,421225967,2020-02-22 13:00:00,2,3,2,2,1561963630,B. Osmond,R,FA,L,-0.768314264177,1.37191439119,25.0690269539,11.294147802,6.82239923447,B,BB,-1.61774505267,6.2757804862,93.6030820181,2068.47543986,204.227237324,0.8
2610,2020,4245,OKST,D1 Big 12 Conference,730192128,UTRGV,421225967,2020-02-22 13:00:00,2,0,0,2,1561963630,B. Osmond,R,FA,R,-0.0797997824094,1.18236859647,20.657036554,8.14429421867,6.8760330135,B,IP_OUT,-1.40524813933,6.28566088846,94.4527493508,2098.58549015,201.490019408,0.13
2611,2020,4245,OKST,D1 Big 12 Conference,730192128,UTRGV,421225967,2020-02-22 13:00:00,2,1,0,2,1561963630,B. Osmond,R,SL,R,0.342089526742,2.73998469368,-3.41309300068,-7.99498116361,6.2531519397,SL,IP_OUT,-1.78537532639,6.17263672469,80.2939370476,2431.66281112,67.1282320106,-0.15
2612,2020,4245,OKST,D1 Big 12 Conference,730192128,UTRGV,421225967,2020-02-22 13:00:00,3,1,0,0,1561963630,B. Osmond,R,SL,L,-0.957714184671,2.30031298478,-9.30847979481,-13.8048746505,6.10609503381,SL,IP_OUT,-1.63634844062,6.24682577532,75.2034648684,2515.37933839,56.1428323376,-0.15
2613,2020,4245,OKST,D1 Big 12 Conference,730192128,UTRGV,421225967,2020-02-22 13:00:00,3,1,1,0,1561963630,B. Osmond,R,FA,L,1.44043879638,2.23425425515,24.8079252703,2.62552719506,6.98356771599,B,IP_OUT,-1.68616286866,6.2625397346,94.0679464084,2294.48699818,186.034314296,0.13
2614,2020,4245,OKST,D1 Big 12 Conference,730192128,UTRGV,421225967,2020-02-22 13:00:00,3,0,0,1,1561963630,B. Osmond,R,SL,R,0.336891691473,1.46018179919,-4.8143505096,-9.1086889541,6.38282630165,B,BB,-1.54034290174,6.26112489471,83.6246581363,2491.20926531,62.3238014113,0.13
2615,2020,4245,OKST,D1 Big 12 Conference,730192128,UTRGV,421225967,2020-02-22 13:00:00,3,1,0,1,1561963630,B. Osmond,R,SL,R,-0.539787915935,3.73825423808,-6.94177985373,-17.8756319307,6.13337330963,B,BB,-1.88265259782,6.3053513831,81.1294702602,2578.78267875,68.8879575664,0.13
2616,2020,4245,OKST,D1 Big 12 Conference,730192128,UTRGV,421225967,2020-02-22 13:00:00,3,2,0,1,1561963630,B. Osmond,R,SL,R,-0.329145754927,2.98031180556,-1.28036960051,-14.7350479295,6.21316223812,SL,BB,-1.87207503704,6.18021476641,80.4252306717,2508.48184324,85.1885984163,-0.15
2617,2020,4245,OKST,D1 Big 12 Conference,730192128,UTRGV,421225967,2020-02-22 13:00:00,3,2,1,1,1561963630,B. Osmond,R,FA,R,0.38808747374,2.09575020211,21.2731309554,-0.465874460348,6.81001192291,SS,BB,-1.61682966754,6.29733374249,95.3295975819,2220.66779096,178.747098042,-0.15
2618,2020,4245,OKST,D1 Big 12 Conference,730192128,UTRGV,421225967,2020-02-22 13:00:00,3,2,2,1,1561963630,B. Osmond,R,SL,R,0.411062369259,1.17566342533,-14.2541946007,-12.9657003019,5.89114922132,F,BB,-1.56355976608,6.2632770874,78.3117396078,2613.57099872,42.3774096269,0.0
2619,2020,4245,OKST,D1 Big 12 Conference,730192128,UTRGV,421225967,2020-02-22 13:00:00,3,2,2,1,1561963630,B. Osmond,R,FA,R,1.8682836934,3.17370847077,26.7022806252,6.13890352411,6.86273674099,B,BB,-1.45595015159,6.59012095958,94.5446247544,2153.78176405,192.934128122,0.13
2620,2020,4245,OKST,D1 Big 12 Conference,730192128,UTRGV,421225967,2020-02-22 13:00:00,3,3,2,1,1561963630,B. Osmond,R,SL,R,-1.03314782597,3.59802717474,1.79047693901,-17.0467734238,5.99940267211,F,BB,-1.69474149313,6.27836494249,83.5218258363,2587.70024971,96.1198961565,0.0
2621,2020,4245,OKST,D1 Big 12 Conference,730192128,UTRGV,421225967,2020-02-22 13:00:00,3,3,2,1,1561963630,B. Osmond,R,FA,R,-0.761858257424,3.05170194286,17.9449057856,7.82033444635,6.74803462414,F,BB,-1.47480449107,6.35217211557,94.9955846342,2308.94915245,203.514602476,0.0
2622,2020,4245,OKST,D1 Big 12 Conference,730192128,UTRGV,421225967,2020-02-22 13:00:00,3,3,2,1,1561963630,B. Osmond,R,FA,R,1.2890012643,3.13261658243,19.5089664142,6.74133078554,6.91189417844,B,BB,-1.41549928374,6.25287827471,95.9470481752,2179.92353979,199.037607709,0.8
2623,2020,4245,OKST,D1 Big 12 Conference,730192128,UTRGV,421225967,2020-02-22 13:00:00,3,0,0,1,1561963630,B. Osmond,R,FA,L,0.111794953149,3.185503948,21.1842789458,6.40245231984,6.95985955154,F,K,-1.45843916185,6.22604210083,93.5196309644,2112.95830964,196.794591932,-0.15
2624,2020,4245,OKST,D1 Big 12 Conference,730192128,UTRGV,421225967,2020-02-22 13:00:00,3,0,1,1,1561963630,B. Osmond,R,SL,L,0.284204811295,1.61530623321,-1.28555795089,-9.24011473069,5.79431587534,F,K,-1.6278055183,6.22507180201,78.4376265687,2506.20515209,82.3416888343,-0.15
2625,2020,4245,OKST,D1 Big 12 Conference,730192128,UTRGV,421225967,2020-02-22 13:00:00,3,0,2,1,1561963630,B. Osmond,R,FA,L,1.26301753825,4.28066416453,19.7619322383,3.2769986856,6.88704546863,B,K,-1.4094224659,6.37866889692,94.3590490658,2147.76451787,189.401890661,0.13
2626,2020,4245,OKST,D1 Big 12 Conference,730192128,UTRGV,421225967,2020-02-22 13:00:00,3,1,2,1,1561963630,B. Osmond,R,SL,L,-0.763902831073,2.96463639082,1.77514468586,-12.8333728446,6.27219988489,SL,K,-1.93714106408,6.11518972382,81.2589365874,2427.46821527,98.0472247843,-0.15
2627,2020,4245,OKST,D1 Big 12 Conference,730192128,UTRGV,421225967,2020-02-22 13:00:00,3,0,0,2,1561963630,B. Osmond,R,FA,R,-0.778410756385,2.57412072499,19.5804932794,7.21822844123,6.64857620197,F,K,-1.50296272896,6.30327949017,94.8491331561,2261.71384202,200.208914524,-0.15
2628,2020,4245,OKST,D1 Big 12 Conference,730192128,UTRGV,421225967,2020-02-22 13:00:00,3,0,1,2,1561963630,B. Osmond,R,FA,R,-0.934865635611,3.45020936237,16.7383088569,9.61948464936,7.04772216549,SS,K,-1.71628729001,6.28950334827,94.7721578788,2114.32678094,209.844858941,-0.15
2629,2020,4245,OKST,D1 Big 12 Conference,730192128,UTRGV,421225967,2020-02-22 13:00:00,3,0,2,2,1561963630,B. Osmond,R,FA,R,1.0570012052,2.18339904931,18.4655529307,4.19867456402,6.89750839419,SL,K,-1.53211037697,6.19074762684,93.6099915792,2152.99560888,192.790662303,-0.15
2630,2020,4245,OKST,D1 Big 12 Conference,730192128,UTRGV,421225967,2020-02-22 13:00:00,4,0,0,0,1561963630,B. Osmond,R,SL,R,0.491232117126,2.38968870467,1.11727669993,-18.1398842821,5.92823887842,SL,IP_OUT,-1.60813100398,6.33237174827,80.4888287309,2493.33284091,93.6576928804,-0.15
2631,2020,4245,OKST,D1 Big 12 Conference,730192128,UTRGV,421225967,2020-02-22 13:00:00,4,0,1,0,1561963630,B. Osmond,R,SL,R,1.19576658676,2.30524973372,-0.700545647156,-11.0404025451,6.05258540047,F,IP_OUT,-1.77837897418,6.21385318825,81.3805638709,2426.2984611,86.5776530955,-0.15
2632,2020,4245,OKST,D1 Big 12 Conference,730192128,UTRGV,421225967,2020-02-22 13:00:00,4,0,0,1,1561963630,B. Osmond,R,CH,L,0.440327172059,0.157595140632,20.5071756673,11.9709557851,6.61012635651,B,S,-1.70134942237,6.04266529836,80.5602681048,1729.6599785,210.225254925,0.13
2633,2020,4245,OKST,D1 Big 12 Conference,730192128,UTRGV,421225967,2020-02-22 13:00:00,4,1,0,1,1561963630,B. Osmond,R,FA,L,1.11813239627,2.51824946477,22.3116696433,6.80850098204,6.75077190776,B,S,-1.62342417973,6.25314354329,95.6587536387,2240.67661163,196.949625171,0.13
2634,2020,4245,OKST,D1 Big 12 Conference,730192128,UTRGV,421225967,2020-02-22 13:00:00,4,2,0,1,1561963630,B. Osmond,R,FA,L,-0.534399996207,2.95889668436,19.3689232418,7.50167847707,6.75234902665,IP,S,-1.83348273331,6.19387808711,93.3778982046,2085.65877081,201.142195638,1.0
2635,2020,4245,OKST,D1 Big 12 Conference,730192128,UTRGV,421225967,2020-02-22 13:00:00,4,0,0,1,1561963630,B. Osmond,R,FA,R,1.13478917907,1.58818575206,23.6593427311,6.91147984262,6.95402225816,B,IP_OUT,-1.38897138878,6.29653624664,92.0784394407,2224.87301913,196.264702352,0.13
2636,2020,4245,OKST,D1 Big 12 Conference,730192128,UTRGV,421225967,2020-02-22 13:00:00,4,1,0,1,1561963630,B. Osmond,R,FA,R,-0.113217082528,2.31884822804,19.4206967503,6.34100931647,6.86941220563,F,IP_OUT,-1.55028900353,6.1511651098,92.3974244593,2225.38022243,198.056209304,-0.15
2637,2020,4245,OKST,D1 Big 12 Conference,730192128,UTRGV,421225967,2020-02-22 13:00:00,4,1,1,1,1561963630,B. Osmond,R,SL,R,0.151010807102,4.45841835128,-7.94338319211,-15.4247671662,6.33707535118,B,IP_OUT,-1.59262883865,6.25088698285,75.3989555605,2521.96753633,62.8894969087,0.13
2638,2020,4245,OKST,D1 Big 12 Conference,730192128,UTRGV,421225967,2020-02-22 13:00:00,4,2,1,1,1561963630,B. Osmond,R,SL,R,-1.10386749788,2.95456659933,-2.55367521374,-11.0903946223,6.00528702936,SL,IP_OUT,-1.86266675258,6.13977194603,79.5651507793,2351.59494174,77.23847869,-0.15
2639,2020,4245,OKST,D1 Big 12 Conference,730192128,UTRGV,421225967,2020-02-22 13:00:00,4,2,2,1,1561963630,B. Osmond,R,FA,R,0.474315794482,1.7582661859,20.1716039651,6.59191222427,6.8543757385,F,IP_OUT,-1.64959077978,6.25704479914,93.553146644,2212.54205356,198.07230081,0.0
2640,2020,4245,OKST,D1 Big 12 Conference,730192128,UTRGV,421225967,2020-02-22 13:00:00,4,2,2,1,1561963630,B. Osmond,R,SL,R,-0.752602499141,2.44043618506,-10.4839104356,-12.0475203376,6.25416105376,F,IP_OUT,-1.63374538452,6.24690447736,76.2113719657,2508.07987703,49.0917083872,0.0
2641,2020,4245,OKST,D1 Big 12 Conference,730192128,UTRGV,421225967,2020-02-22 13:00:00,4,2,2,1,1561963630,B. Osmond,R,FA,R,0.641224787276,1.34763752031,21.3907030875,2.39600432199,6.91204726407,F,IP_OUT,-1.5062122786,6.36418525692,94.8761299334,2210.66859794,186.382693779,0.0
2642,2020,4245,OKST,D1 Big 12 Conference,730192128,UTRGV,421225967,2020-02-22 13:00:00,4,2,2,1,1561963630,B. Osmond,R,FA,R,-0.672822576486,4.18577855642,23.8132812196,8.76802674251,6.64835639319,B,IP_OUT,-1.45752563325,6.47253351427,92.2575466314,2228.26465412,200.189919057,0.13
2643,2020,4245,OKST,D1 Big 12 Conference,730192128,UTRGV,421225967,2020-02-22 13:00:00,4,0,0,2,1561963630,B. Osmond,R,CH,L,-0.948588946057,3.07766756472,13.5476314877,9.63095593159,6.72303890172,SS,K,-1.84108963235,5.96051747696,80.3335255787,1780.21147239,215.330746564,-0.15
2644,2020,4245,OKST,D1 Big 12 Conference,730192128,UTRGV,421225967,2020-02-22 13:00:00,4,0,1,2,1561963630,B. Osmond,R,SL,L,-0.666061139957,2.32065705871,-5.27415212642,-12.8961179877,5.90916155924,F,K,-1.67705801517,6.17637761204,77.9370102141,2515.05399809,67.9199440464,-0.15
2645,2020,4245,OKST,D1 Big 12 Conference,730192128,UTRGV,421225967,2020-02-22 13:00:00,4,0,2,2,1561963630,B. Osmond,R,FA,L,-0.990164478895,3.09624772893,21.0094534533,9.22160397777,6.63943845723,B,K,-1.44240366647,6.52737163422,95.4777608451,2111.04744872,203.669935414,0.13
2646,2020,4245,OKST,D1 Big 12 Conference,730192128,UTRGV,421225967,2020-02-22 13:00:00,4,1,2,2,1561963630,B. Osmond,R,FA,L,-0.0948954287505,3.21307243773,25.3764003964,5.08511527321,6.63270374621,F,K,-1.39225608168,6.5492099234,95.8242099244,2049.81641683,191.319269495,0.0
2647,2020,4245,OKST,D1 Big 12 Conference,730192128,UTRGV,421225967,2020-02-22 13:00:00,4,1,2,2,1561963630,B. Osmond,R,CH,L,1.34951450831,-0.0372946309069,17.7976958407,1.95482245232,6.46994464248,B,K,-1.64953056528,5.8433005532,82.3767835812,1640.57869457,186.254709885,0.13
2648,2020,4245,OKST,D1 Big 12 Conference,730192128,UTRGV,421225967,2020-02-22 13:00:00,4,2,2,2,1561963630,B. Osmond,R,CH,L,-0.32347605543,1.10920574469,11.9106612247,9.31340537846,6.41324647345,SS,K,-1.82663182054,5.75535723445,80.5730804296,1856.64102594,217.931665585,-0.15
2649,2020,4245,OKST,D1 Big 12 Conference,730192128,UTRGV,421225967,2020-02-22 13:00:00,5,0,0,0,1764823673,R. Phansalkar,R,FA,R,-1.14695366152,4.22766056022,18.749164208,11.8467650011,5.7165421514,B,S,-1.43655151089,5.98545944628,87.8025540174,2488.89347525,212.238639004,0.13
2650,2020,4245,OKST,D1 Big 12 Conference,730192128,UTRGV,421225967,2020-02-22 13:00:00,5,1,0,0,1764823673,R. Phansalkar,R,CH,R,-0.482298035553,4.08895771756,8.58564333363,-3.06433702322,5.17934261054,B,S,-1.68010546054,5.90411266389,80.4802162843,2482.46319938,160.446425532,0.13
2651,2020,4245,OKST,D1 Big 12 Conference,730192128,UTRGV,421225967,2020-02-22 13:00:00,5,2,0,0,1764823673,R. Phansalkar,R,FA,R,1.01931272042,2.20819949695,18.3651843644,11.2480670761,5.75406293778,SL,S,-1.58681262368,6.02817628001,86.2403319825,2555.07348476,211.436040433,-0.15
2652,2020,4245,OKST,D1 Big 12 Conference,730192128,UTRGV,421225967,2020-02-22 13:00:00,5,2,1,0,1764823673,R. Phansalkar,R,FA,R,0.719003492504,2.23949078313,22.4796792019,12.7645876446,5.93004179194,SL,S,-1.60728470098,6.09399517912,88.4665383951,2564.8343971,209.551855949,-0.15
2653,2020,4245,OKST,D1 Big 12 Conference,730192128,UTRGV,421225967,2020-02-22 13:00:00,5,2,2,0,1764823673,R. Phansalkar,R,FA,R,0.425333925375,2.96314215021,14.0332735729,10.9628779089,5.80196883927,IP,S,-1.54704515519,5.84231900183,87.9420964483,2593.1789351,217.928918618,1.0
2654,2020,4245,OKST,D1 Big 12 Conference,730192128,UTRGV,421225967,2020-02-22 13:00:00,5,0,0,0,1764823673,R. Phansalkar,R,FA,L,-1.03275381182,3.19942413893,19.4059052836,11.6038035865,5.83298122229,B,IP_OUT,-1.43836191882,5.93831830428,87.71657286,2640.4830046,210.832429621,0.13
2655,2020,4245,OKST,D1 Big 12 Conference,730192128,UTRGV,421225967,2020-02-22 13:00:00,5,1,0,0,1764823673,R. Phansalkar,R,FA,L,0.611322517575,1.86177964194,17.247938682,10.7216677716,6.03924569797,SS,IP_OUT,-1.49916417224,5.81920154731,87.6602428485,2507.04421883,211.814659516,-0.15
2656,2020,4245,OKST,D1 Big 12 Conference,730192128,UTRGV,421225967,2020-02-22 13:00:00,5,1,1,0,1764823673,R. Phansalkar,R,CH,L,0.801918054525,1.18385507664,18.3140920251,13.7088941278,5.30888890529,B,IP_OUT,-1.34539057429,5.77771284057,81.4766644064,1931.1120355,216.754948271,0.13
2657,2020,4245,OKST,D1 Big 12 Conference,730192128,UTRGV,421225967,2020-02-22 13:00:00,5,0,0,1,1764823673,R. Phansalkar,R,SL,R,-0.451793500573,1.42163149909,7.61850504337,-5.17690556617,5.04769073028,B,IP_OUT,-1.52695927188,5.99549622829,81.5757153237,2631.54647338,145.943416843,0.13
2658,2020,4245,OKST,D1 Big 12 Conference,730192128,UTRGV,421225967,2020-02-22 13:00:00,5,1,0,1,1764823673,R. Phansalkar,R,SI,R,-0.736065952316,2.25110948135,11.6385501245,0.292078397975,5.19248300428,SL,IP_OUT,-1.62821640957,5.82438998157,81.6568537474,2648.20638241,181.432492918,-0.15
2659,2020,4245,OKST,D1 Big 12 Conference,730192128,UTRGV,421225967,2020-02-22 13:00:00,5,1,1,1,1764823673,R. Phansalkar,R,SL,R,0.986377290655,1.75139539787,14.2710433428,-3.25136784699,5.27460416852,SS,IP_OUT,-1.53657174426,6.02817916937,82.6428364115,2598.97513212,167.199479654,-0.15
2660,2020,4245,OKST,D1 Big 12 Conference,730192128,UTRGV,421225967,2020-02-22 13:00:00,5,1,2,1,1764823673,R. Phansalkar,R,FA,R,-0.0678684564337,1.98211281233,12.5333831159,4.55236697802,5.92762073678,F,IP_OUT,-1.40838492869,5.81767513955,88.1551860521,2540.4019561,199.912078835,0.0
2661,2020,4245,OKST,D1 Big 12 Conference,730192128,UTRGV,421225967,2020-02-22 13:00:00,5,0,0,2,1764823673,R. Phansalkar,R,FA,L,-0.575880626944,3.26014127752,17.0983783966,4.41962737181,5.80676980616,SL,K,-1.46702006596,6.08787812456,88.4496815875,2509.5932692,194.465432143,-0.15
2662,2020,4245,OKST,D1 Big 12 Conference,730192128,UTRGV,421225967,2020-02-22 13:00:00,5,0,1,2,1764823673,R. Phansalkar,R,FA,L,-0.274498311888,3.1712123199,19.3173598362,5.00717404527,5.95923424706,F,K,-1.35079360973,6.00945972804,87.8545234191,2463.84153743,194.507196602,-0.15
2663,2020,4245,OKST,D1 Big 12 Conference,730192128,UTRGV,421225967,2020-02-22 13:00:00,5,0,2,2,1764823673,R. Phansalkar,R,CH,L,-0.396232264331,1.29856421085,12.8526917455,12.1202889041,5.72261600477,SS,K,-1.65578207278,6.06708316915,80.7134057634,1944.40556129,223.230383896,-0.15
2664,2020,4245,OKST,D1 Big 12 Conference,730192128,UTRGV,421225967,2020-02-22 13:00:00,6,0,0,0,1764823673,R. Phansalkar,R,CU,R,-0.975277667849,2.37414014195,-10.3473222177,-11.8004254037,4.93830500714,SL,S,-1.46140175397,6.1313285731,75.5436970931,2668.25220819,48.8853611899,-0.15
2665,2020,4245,OKST,D1 Big 12 Conference,730192128,UTRGV,421225967,2020-02-22 13:00:00,6,0,1,0,1764823673,R. Phansalkar,R,SL,R,-0.703558904351,2.77327631776,15.680498151,-0.176583309054,5.20347630605,IP,S,-1.64083794623,5.92957024317,82.298395519,2647.62526435,179.356454195,1.0
2666,2020,4245,OKST,D1 Big 12 Conference,730192128,UTRGV,421225967,2020-02-22 13:00:00,6,0,0,0,1764823673,R. Phansalkar,R,FA,R,1.8705650812,2.68827261129,19.8471225609,7.72497753845,5.91994236092,B,HBP,-1.43055146493,5.89420560297,87.1200989268,2581.93233715,201.2328241,0.13
2667,2020,4245,OKST,D1 Big 12 Conference,730192128,UTRGV,421225967,2020-02-22 13:00:00,6,1,0,0,1764823673,R. Phansalkar,R,FA,R,-0.446573509445,3.3842270776,23.6412252888,8.93092325532,5.85412673665,F,HBP,-1.40950720043,5.94641749205,87.3483633283,2609.33947469,200.66694366,-0.15
2668,2020,4245,OKST,D1 Big 12 Conference,730192128,UTRGV,421225967,2020-02-22 13:00:00,6,1,1,0,1764823673,R. Phansalkar,R,SL,R,-0.57566523546,1.60622769596,5.29006456319,-3.4857696085,4.9786953198,B,HBP,-1.57068334139,5.98470688044,79.7699094162,2628.63339886,146.82849019,0.13
2669,2020,4245,OKST,D1 Big 12 Conference,730192128,UTRGV,421225967,2020-02-22 13:00:00,6,2,1,0,1764823673,R. Phansalkar,R,FA,R,-1.30746471012,2.66983213792,17.2028785055,12.8597437224,5.80876692116,B,HBP,-1.46020858803,5.81237562999,86.9172782418,2394.69814591,216.723391552,0.13
2670,2020,4245,OKST,D1 Big 12 Conference,730192128,UTRGV,421225967,2020-02-22 13:00:00,6,3,1,0,1764823673,R. Phansalkar,R,FA,R,-1.52241317403,3.91705295009,17.0663645174,10.1793406747,5.66797378123,HBP,HBP,-1.48091988918,5.99334382377,87.7817812707,2526.9775427,210.762498898,0.8
2671,2020,4245,OKST,D1 Big 12 Conference,730192128,UTRGV,421225967,2020-02-22 13:00:00,6,0,0,0,1764823673,R. Phansalkar,R,CH,L,-2.7043870329,3.49691239217,3.85418486587,16.4515018522,5.93314786811,B,S,-1.42891641165,5.85570961131,78.6809881472,1889.51774281,256.671741633,0.13
2672,2020,4245,OKST,D1 Big 12 Conference,730192128,UTRGV,421225967,2020-02-22 13:00:00,6,1,0,0,1764823673,R. Phansalkar,R,FA,L,-0.989441557617,2.64088973413,17.2071362355,7.59006118091,6.06486049071,IP,S,-1.58296703989,5.85401696458,87.558876584,2473.99348772,203.759443768,1.0
2673,2020,4245,OKST,D1 Big 12 Conference,730192128,UTRGV,421225967,2020-02-22 13:00:00,6,0,0,0,1764823673,R. Phansalkar,R,FA,R,-1.40519133449,3.46919412612,18.4914701408,11.1832938812,5.7875813753,B,S,-1.3953117961,5.93477082155,86.4650772153,2505.59043327,211.11565944,0.13
2674,2020,4245,OKST,D1 Big 12 Conference,730192128,UTRGV,421225967,2020-02-22 13:00:00,6,1,0,0,1764823673,R. Phansalkar,R,FA,R,-0.56528421793,3.7506328714,16.4459924983,12.3797412915,5.86222387284,SS,S,-1.45008820273,5.96128893306,87.2854174087,2563.71535278,216.912733199,-0.15
2675,2020,4245,OKST,D1 Big 12 Conference,730192128,UTRGV,421225967,2020-02-22 13:00:00,6,1,1,0,1764823673,R. Phansalkar,R,CU,R,0.225494628093,0.406347718516,-12.5596190524,-14.6986009776,4.95976836158,SS,S,-1.36253716105,6.04776220809,73.1053944775,2574.31358467,49.6048012972,-0.15
2676,2020,4245,OKST,D1 Big 12 Conference,730192128,UTRGV,421225967,2020-02-22 13:00:00,6,1,2,0,1764823673,R. Phansalkar,R,SL,R,0.07157941394,2.38001973869,8.26143359756,-3.9444938484,5.24164719418,IP,S,-1.38897527558,5.96345506591,82.0316789524,2472.47907893,154.583345727,1.0
2677,2020,4245,OKST,D1 Big 12 Conference,730192128,UTRGV,421225967,2020-02-22 13:00:00,6,0,0,0,1384163465,K. Davis,R,FA,L,2.31699996471,1.92929683241,23.2741152433,4.33533970968,6.47661571105,B,S,-1.70838885513,6.25761276789,88.6855446689,2121.43048453,190.536923245,0.13
2678,2020,4245,OKST,D1 Big 12 Conference,730192128,UTRGV,421225967,2020-02-22 13:00:00,6,1,0,0,1384163465,K. Davis,R,CU,L,1.14696285095,1.79257347327,-3.3784824168,-8.37734632214,5.70517141618,F,S,-2.02381159979,6.29014165948,74.1220490981,1972.1661034,68.3260171984,-0.15
2679,2020,4245,OKST,D1 Big 12 Conference,730192128,UTRGV,421225967,2020-02-22 13:00:00,6,1,1,0,1384163465,K. Davis,R,SL,L,-0.179556028586,2.70675579999,14.2377332968,3.66944737094,6.5482649416,SS,S,-2.3663812535,6.00694211223,81.6303899443,1776.69900236,194.415075387,-0.15
2680,2020,4245,OKST,D1 Big 12 Conference,730192128,UTRGV,421225967,2020-02-22 13:00:00,6,1,2,0,1384163465,K. Davis,R,SL,L,-1.8862079861,1.47514226687,13.1703540957,8.04303478678,6.51882905509,B,S,-2.41971545766,5.93188498124,82.0824177764,1624.79464817,211.338665457,0.13
2681,2020,4245,OKST,D1 Big 12 Conference,730192128,UTRGV,421225967,2020-02-22 13:00:00,6,2,2,0,1384163465,K. Davis,R,SL,L,-0.953579967133,1.93969108001,7.48512181855,1.38090606966,6.67403642931,F,S,-2.42179935545,5.6916909408,82.0372448998,1531.04382948,190.401540534,0.0
2682,2020,4245,OKST,D1 Big 12 Conference,730192128,UTRGV,421225967,2020-02-22 13:00:00,6,2,2,0,1384163465,K. Davis,R,FA,L,1.26414321116,1.35477412369,23.6643085687,-1.09634206859,6.44176227038,B,S,-1.47510893394,6.06926496507,89.8458299381,2104.16729302,177.351068269,0.13
2683,2020,4245,OKST,D1 Big 12 Conference,730192128,UTRGV,421225967,2020-02-22 13:00:00,6,3,2,0,1384163465,K. Davis,R,FA,L,-1.31911016078,2.83129718205,4.24035849747,4.79014106117,6.6759027884,IP,S,-2.30975397108,5.83285124496,81.4248574137,1838.56590956,228.228403819,1.0
2684,2020,4245,OKST,D1 Big 12 Conference,730192128,UTRGV,421225967,2020-02-22 13:00:00,6,0,0,0,1384163465,K. Davis,R,SL,R,-0.216526518329,3.32690501961,13.4668970136,-4.20594663727,6.4749912588,B,S,-2.10207932001,6.04283345208,81.0992648057,2024.58878714,162.70409302,0.13
2685,2020,4245,OKST,D1 Big 12 Conference,730192128,UTRGV,421225967,2020-02-22 13:00:00,6,1,0,0,1384163465,K. Davis,R,SL,R,0.577887673627,1.26631569317,6.28902377301,1.55435921878,6.44851383085,SS,S,-2.00291877965,5.81396714074,81.6828199395,2104.76223108,193.799613067,-0.15
2686,2020,4245,OKST,D1 Big 12 Conference,730192128,UTRGV,421225967,2020-02-22 13:00:00,6,1,1,0,1384163465,K. Davis,R,FA,R,0.0769761900976,1.18319588478,23.7058867865,3.1035837725,6.36522740611,B,S,-1.52040295682,6.31273739197,89.136080167,2203.98251447,187.448489404,0.13
2687,2020,4245,OKST,D1 Big 12 Conference,730192128,UTRGV,421225967,2020-02-22 13:00:00,6,2,1,0,1384163465,K. Davis,R,SL,R,0.713053063195,1.60558128765,8.92651119053,1.31477116135,6.40125454679,IP,S,-1.86911877838,6.01203520683,82.3081334761,2196.69058521,188.343267604,1.0
2688,2020,4245,OKST,D1 Big 12 Conference,730192128,UTRGV,421225967,2020-02-22 13:00:00,6,0,0,0,1384163465,K. Davis,R,CH,L,-1.11318549953,2.46770612396,10.9870430981,5.270826888,6.47766834392,SL,K,-1.89978395618,5.96766208314,81.8123783325,2116.45473833,205.549344518,-0.15
2689,2020,4245,OKST,D1 Big 12 Conference,730192128,UTRGV,421225967,2020-02-22 13:00:00,6,0,1,0,1384163465,K. Davis,R,CH,L,-0.522355217087,3.56305981044,18.317347888,1.34329432198,6.7862581558,B,K,-2.1428314598,5.87191387066,81.1313889196,1778.36861586,184.185327471,0.13
2690,2020,4245,OKST,D1 Big 12 Conference,730192128,UTRGV,421225967,2020-02-22 13:00:00,6,1,1,0,1384163465,K. Davis,R,CH,L,-0.288944452821,2.10424487632,9.76409380328,5.25010599541,6.46288695913,SS,K,-1.86619946409,5.89735425168,82.3037002113,2097.06202922,208.173390971,-0.15
2691,2020,4245,OKST,D1 Big 12 Conference,730192128,UTRGV,421225967,2020-02-22 13:00:00,6,1,2,0,1384163465,K. Davis,R,FA,L,-1.25537803937,3.41858824629,22.5132750557,9.00571336601,6.3480815499,SS,K,-1.62630880074,6.08647572032,88.6693245624,2098.6922648,201.77317649,-0.15
2692,2020,4245,OKST,D1 Big 12 Conference,730192128,UTRGV,421225967,2020-02-22 13:00:00,6,0,0,1,1384163465,K. Davis,R,FA,R,-0.830145311298,2.5687660708,29.2434143117,6.38367205941,6.34563116684,SL,K,-1.55387425452,6.19707504997,89.0790161515,2176.09674181,192.300590005,-0.15
2693,2020,4245,OKST,D1 Big 12 Conference,730192128,UTRGV,421225967,2020-02-22 13:00:00,6,0,1,1,1384163465,K. Davis,R,SL,R,0.924587389427,0.661082157903,12.0512516195,-3.33257334224,6.50639741121,B,K,-1.67774846045,6.02230225342,84.7600298955,2285.31306258,164.586410731,0.13
2694,2020,4245,OKST,D1 Big 12 Conference,730192128,UTRGV,421225967,2020-02-22 13:00:00,6,1,1,1,1384163465,K. Davis,R,SL,R,1.01558550919,2.31060493275,9.17773580345,-0.405105302384,6.35939344831,SL,K,-1.75621760197,5.96914615458,83.1567891155,2279.01562699,177.482903915,-0.15
2695,2020,4245,OKST,D1 Big 12 Conference,730192128,UTRGV,421225967,2020-02-22 13:00:00,6,1,2,1,1384163465,K. Davis,R,FA,R,0.188292970823,2.68652823981,33.026148926,6.57455616423,6.33652986457,SS,K,-1.4917750489,6.35515059927,90.9121806773,2253.4071777,191.248186431,-0.15
2696,2020,4245,OKST,D1 Big 12 Conference,730192128,UTRGV,421225967,2020-02-22 13:00:00,6,0,0,2,1384163465,K. Davis,R,SL,L,0.736494381003,1.97011364164,1.83257306997,-7.55416315385,5.20393691558,B,IP_OUT,-1.87536600407,6.63755142472,67.3891785806,1769.41157381,104.069830485,0.13
2697,2020,4245,OKST,D1 Big 12 Conference,730192128,UTRGV,421225967,2020-02-22 13:00:00,6,1,0,2,1384163465,K. Davis,R,FA,L,-0.271755351637,2.16937994284,23.795474801,5.84860209466,6.38541311311,SL,IP_OUT,-1.46826751802,6.00492923599,90.320786525,2168.67759818,193.790935418,-0.15
2698,2020,4245,OKST,D1 Big 12 Conference,730192128,UTRGV,421225967,2020-02-22 13:00:00,7,0,0,0,1384163465,K. Davis,R,FA,R,-2.08279203332,0.831843164469,24.2882629339,12.6192891635,6.19593539693,B,HBP,-1.452214184,6.28505628475,87.6047611029,2170.79709871,207.421466445,0.13
2699,2020,4245,OKST,D1 Big 12 Conference,730192128,UTRGV,421225967,2020-02-22 13:00:00,7,1,0,0,1384163465,K. Davis,R,FA,R,-1.13587334847,1.95668397094,20.7710909312,7.61910014476,6.43084861383,B,HBP,-1.36948353887,6.21352687747,87.5991300012,2222.8769993,200.112924416,0.13
2700,2020,4245,OKST,D1 Big 12 Conference,730192128,UTRGV,421225967,2020-02-22 13:00:00,7,2,0,0,1384163465,K. Davis,R,SL,R,0.491223186799,3.24094708758,5.40245386043,-6.08803679908,6.08049188252,B,HBP,-1.73020653093,6.05647220516,80.3001447329,2235.78535686,131.797722073,0.13
2701,2020,4245,OKST,D1 Big 12 Conference,730192128,UTRGV,421225967,2020-02-22 13:00:00,7,3,0,0,1384163465,K. Davis,R,FA,R,0.581910308174,2.9625730174,23.4367461123,7.49041242867,6.22156102045,SL,HBP,-1.56464538435,6.13559717574,87.1133077617,2196.26712724,197.699411775,-0.15
2702,2020,4245,OKST,D1 Big 12 Conference,730192128,UTRGV,421225967,2020-02-22 13:00:00,7,3,1,0,1384163465,K. Davis,R,SL,R,1.10132843527,2.88025571033,7.48418256029,-3.90323577154,6.20695902852,SL,HBP,-1.73338920911,6.04538797554,81.8434316831,2255.90917856,152.581865349,-0.15
2703,2020,4245,OKST,D1 Big 12 Conference,730192128,UTRGV,421225967,2020-02-22 13:00:00,7,3,2,0,1384163465,K. Davis,R,FA,R,-0.960497585846,1.97547705221,23.2672865693,6.98793506971,6.25035480977,F,HBP,-1.29410684929,6.29073531264,89.4226660236,2167.45310538,196.694304841,0.0
2704,2020,4245,OKST,D1 Big 12 Conference,730192128,UTRGV,421225967,2020-02-22 13:00:00,7,3,2,0,1384163465,K. Davis,R,FA,R,-1.59648937694,4.66733069999,22.8858254601,3.21438189476,6.18412843252,HBP,HBP,-1.24187873969,6.2973666725,88.4548066629,1916.29422277,187.983488501,0.8
2705,2020,4245,OKST,D1 Big 12 Conference,730192128,UTRGV,421225967,2020-02-22 13:00:00,7,0,0,0,1384163465,K. Davis,R,CH,R,0.30555876509,2.33109559895,13.573161209,8.64842690008,6.50471934555,SL,SH,-1.86612837499,6.04493961723,82.3360861472,2120.27965681,212.430425177,-0.15
2706,2020,4245,OKST,D1 Big 12 Conference,730192128,UTRGV,421225967,2020-02-22 13:00:00,7,0,0,1,1384163465,K. Davis,R,FA,L,0.724595469903,1.06239986104,24.4914458487,4.64648549732,6.43067674828,B,IP_OUT,-1.57195143603,6.14416743314,87.9373078116,2233.46077303,190.727873374,0.13
2707,2020,4245,OKST,D1 Big 12 Conference,730192128,UTRGV,421225967,2020-02-22 13:00:00,7,1,0,1,1384163465,K. Davis,R,SL,L,0.622182388173,1.70529879439,6.76249957913,-5.26054198626,6.47003537515,F,IP_OUT,-1.84420219497,5.75861121272,80.8719662735,2142.6430766,142.28253781,-0.15
2708,2020,4245,OKST,D1 Big 12 Conference,730192128,UTRGV,421225967,2020-02-22 13:00:00,7,1,1,1,1384163465,K. Davis,R,FA,L,0.74801780088,1.25403818294,22.727139664,7.21763419766,6.51335955737,B,IP_OUT,-1.63089375295,6.05645220499,88.6695059786,2167.46417734,197.594620168,0.13
2709,2020,4245,OKST,D1 Big 12 Conference,730192128,UTRGV,421225967,2020-02-22 13:00:00,7,2,1,1,1384163465,K. Davis,R,SL,L,0.804758657314,1.68921206613,4.41508858624,-7.76153490949,6.24313656796,F,IP_OUT,-1.80485939034,5.72646403883,82.028464141,2188.71692448,119.847213696,-0.15
2710,2020,4245,OKST,D1 Big 12 Conference,730192128,UTRGV,421225967,2020-02-22 13:00:00,7,0,0,2,1384163465,K. Davis,R,CU,R,1.30622163416,2.10091571037,-7.08113653888,-14.1033181907,6.02156108552,B,IP_OUT,-1.60329129209,6.18623229754,76.3593292434,2246.04109049,63.4900983454,0.13
2711,2020,4245,OKST,D1 Big 12 Conference,730192128,UTRGV,421225967,2020-02-22 13:00:00,8,0,0,0,1384163465,K. Davis,R,FA,L,-0.607105379431,2.08738638684,23.5812739532,4.93902511922,6.23720332584,SL,IP_OUT,-1.71533342007,6.11896838406,87.0156571743,2060.49836136,191.812585832,-0.15
2712,2020,4245,OKST,D1 Big 12 Conference,730192128,UTRGV,421225967,2020-02-22 13:00:00,8,0,1,0,1384163465,K. Davis,R,FA,L,1.94481629186,1.6354795543,23.5823402642,2.41252973512,6.55125190655,B,IP_OUT,-1.34914013224,6.02562258917,87.7309236418,2166.86744328,185.832842325,0.13
2713,2020,4245,OKST,D1 Big 12 Conference,730192128,UTRGV,421225967,2020-02-22 13:00:00,8,1,1,0,1384163465,K. Davis,R,CH,L,-0.206341929875,1.46547677314,10.4903745786,3.51531424998,6.78475574866,SS,IP_OUT,-1.77107354116,5.92516682866,80.828116007,1747.94440292,198.462171905,-0.15
2714,2020,4245,OKST,D1 Big 12 Conference,730192128,UTRGV,421225967,2020-02-22 13:00:00,8,1,2,0,1384163465,K. Davis,R,FA,L,-1.05980162516,4.35432202107,24.5266850074,6.87025625837,6.15023808376,B,IP_OUT,-1.53276469594,6.14782097679,89.0060266183,2140.68484603,195.627998361,0.13
2715,2020,4245,OKST,D1 Big 12 Conference,730192128,UTRGV,421225967,2020-02-22 13:00:00,8,2,2,0,1384163465,K. Davis,R,FA,L,-0.385853555661,1.38299139539,26.7629912702,4.6485578596,6.25199388252,B,IP_OUT,-1.38963474963,6.24157256263,88.2874488569,2063.15825836,189.841381954,0.13
2716,2020,4245,OKST,D1 Big 12 Conference,730192128,UTRGV,421225967,2020-02-22 13:00:00,8,0,0,1,1384163465,K. Davis,R,FA,R,1.12787928547,3.16371780327,24.3871627864,7.82539570124,6.46779086443,B,HR,-1.34570304306,6.10496371655,89.0059027467,2152.19176527,197.767879132,0.13
2717,2020,4245,OKST,D1 Big 12 Conference,730192128,UTRGV,421225967,2020-02-22 13:00:00,8,1,0,1,1384163465,K. Davis,R,FA,R,0.509185261468,2.1728762353,19.4341674701,6.7432210058,6.30608690577,SS,HR,-1.37097001494,6.01703210293,87.870542264,2079.30239144,199.104626722,-0.15
2718,2020,4245,OKST,D1 Big 12 Conference,730192128,UTRGV,421225967,2020-02-22 13:00:00,8,1,1,1,1384163465,K. Davis,R,FA,R,-0.817106090077,2.82900781637,23.9798111877,7.20536437399,6.37050380579,F,HR,-1.50619049168,6.20783382659,88.0154568617,2133.88792085,196.702193863,-0.15
2719,2020,4245,OKST,D1 Big 12 Conference,730192128,UTRGV,421225967,2020-02-22 13:00:00,8,1,2,1,1384163465,K. Davis,R,SL,R,1.18361118512,2.9329164312,1.10616041863,-6.37974824534,6.05747272466,F,HR,-1.57438682212,5.9405854136,81.2497292389,2103.51445078,100.181009172,0.0
2720,2020,4245,OKST,D1 Big 12 Conference,730192128,UTRGV,421225967,2020-02-22 13:00:00,8,1,2,1,1384163465,K. Davis,R,FA,R,0.236511675714,3.07005446471,19.7774071906,6.27019193037,6.19219356094,IP,HR,-1.39751239251,6.09796511534,88.5394050268,2166.19112436,197.562798318,1.76
2721,2020,4245,OKST,D1 Big 12 Conference,730192128,UTRGV,421225967,2020-02-22 13:00:00,8,0,0,1,1384163465,K. Davis,R,CH,L,0.0252747788518,2.43152480229,17.0011522427,0.0969675463444,6.50202633696,IP,S,-1.67936751704,5.83383701258,81.2757516598,1667.50165132,180.326026431,1.0
2722,2020,4245,OKST,D1 Big 12 Conference,730192128,UTRGV,421225967,2020-02-22 13:00:00,8,0,0,2,1341694192,B. Leeper,R,SL,R,0.775662560758,1.29326981114,3.8218783918,-13.1434689519,5.52057564761,B,BB,-1.74672979452,5.66545765539,81.0589709712,2635.43857638,106.379215347,0.13
2723,2020,4245,OKST,D1 Big 12 Conference,730192128,UTRGV,421225967,2020-02-22 13:00:00,8,1,0,2,1341694192,B. Leeper,R,SL,R,0.655290687014,1.5445378971,0.0621844291254,-13.0191123179,5.60459627009,B,BB,-1.87057318288,5.59523991125,79.9289054137,2695.96848597,90.4575326072,0.13
2724,2020,4245,OKST,D1 Big 12 Conference,730192128,UTRGV,421225967,2020-02-22 13:00:00,8,2,0,2,1341694192,B. Leeper,R,SL,R,-0.808223823018,0.985020516795,3.99208686267,-13.4662559881,5.57805092605,B,BB,-1.89653948329,5.61462250404,78.3476031969,2640.28241129,106.68405392,0.13
2725,2020,4245,OKST,D1 Big 12 Conference,730192128,UTRGV,421225967,2020-02-22 13:00:00,8,3,0,2,1341694192,B. Leeper,R,FA,R,-0.910026082736,2.81283725218,19.856969176,5.03517191416,6.52117154833,SL,BB,-1.54399603285,5.92218143207,92.2914373466,2258.98234646,194.207829903,-0.15
2726,2020,4245,OKST,D1 Big 12 Conference,730192128,UTRGV,421225967,2020-02-22 13:00:00,8,3,1,2,1341694192,B. Leeper,R,FA,R,-1.0333414583,2.57141143138,15.7418465285,7.24866350713,6.39278752012,F,BB,-1.63797715182,5.66034457158,91.8617508828,2178.85169691,204.681816389,-0.15
2727,2020,4245,OKST,D1 Big 12 Conference,730192128,UTRGV,421225967,2020-02-22 13:00:00,8,3,2,2,1341694192,B. Leeper,R,FA,R,0.380369058281,2.76375375905,18.147964181,-0.42868456579,6.33861213625,F,BB,-1.38489105979,5.65510838373,93.4304269945,2273.54079675,178.64903188,0.0
2728,2020,4245,OKST,D1 Big 12 Conference,730192128,UTRGV,421225967,2020-02-22 13:00:00,8,3,2,2,1341694192,B. Leeper,R,SL,R,2.67914614822,1.10600458717,-0.168732753834,-19.9930734269,5.75267396849,B,BB,-1.7392888982,5.53836662465,82.1530858723,2543.02100879,89.6311425045,0.8
2729,2020,4245,OKST,D1 Big 12 Conference,730192128,UTRGV,421225967,2020-02-22 13:00:00,8,0,0,2,1341694192,B. Leeper,R,FA,L,0.5962945503,1.00391586517,19.7167534399,5.30856217276,6.61820341423,B,K,-1.66817248147,5.68706062295,93.6454788642,2345.52541099,195.047745197,0.13
2730,2020,4245,OKST,D1 Big 12 Conference,730192128,UTRGV,421225967,2020-02-22 13:00:00,8,1,0,2,1341694192,B. Leeper,R,FA,L,-1.5117370194,3.26249290628,11.8541130569,4.55489803513,6.40729983995,B,K,-1.66054022007,5.64439081703,92.4765062264,2135.6653106,200.970579427,0.13
2731,2020,4245,OKST,D1 Big 12 Conference,730192128,UTRGV,421225967,2020-02-22 13:00:00,8,2,0,2,1341694192,B. Leeper,R,FA,L,-0.956958577751,3.14631066134,20.8634231476,7.03266088357,6.42004256123,SL,K,-1.52176323797,5.57774568987,92.9889064216,2279.16179055,198.603060737,-0.15
2732,2020,4245,OKST,D1 Big 12 Conference,730192128,UTRGV,421225967,2020-02-22 13:00:00,8,2,1,2,1341694192,B. Leeper,R,FA,L,-0.35994447418,2.81524852747,12.8860801563,7.49462060605,6.36491652643,F,K,-1.68340911807,5.36934749932,92.1731300328,2199.43562725,210.123212386,-0.15
2733,2020,4245,OKST,D1 Big 12 Conference,730192128,UTRGV,421225967,2020-02-22 13:00:00,8,2,2,2,1341694192,B. Leeper,R,FA,L,-1.37300014445,2.49075425158,17.1662097414,5.72682186914,6.42044471057,B,K,-1.60144343885,5.6999803593,94.0363771491,2322.46491626,198.41997312,0.13
2734,2020,4245,OKST,D1 Big 12 Conference,730192128,UTRGV,421225967,2020-02-22 13:00:00,8,3,2,2,1341694192,B. Leeper,R,FA,L,-0.70840643392,2.62811374274,17.7190583807,4.88263913712,6.43529746281,F,K,-1.7593791689,5.50836382836,92.9212220868,2319.22620518,195.381011661,0.0
2735,2020,4245,OKST,D1 Big 12 Conference,730192128,UTRGV,421225967,2020-02-22 13:00:00,8,3,2,2,1341694192,B. Leeper,R,FA,L,-0.411726500053,2.67798975052,15.2945987858,5.10941855337,6.5209521915,F,K,-1.7202821132,5.44175727783,92.7407885134,2245.75791339,198.439507831,0.0
2736,2020,4245,OKST,D1 Big 12 Conference,730192128,UTRGV,421225967,2020-02-22 13:00:00,8,3,2,2,1341694192,B. Leeper,R,FA,L,-0.864735800986,1.89685970406,16.2281841625,4.53229033075,6.47056945478,SL,K,-1.67040446711,5.64878727141,93.1878142354,2319.34534879,195.577061928,-0.15
2737,2020,4245,OKST,D1 Big 12 Conference,730192128,UTRGV,421225967,2020-02-22 13:00:00,9,0,0,1,1112150528,R. Bogusz,R,FA,R,0.963890356582,0.448164971914,8.29385809857,-1.24046795158,6.13217033522,B,IP_OUT,-2.18584361933,6.01098783871,83.0536179747,2224.17242428,171.531762997,0.13
2738,2020,4245,OKST,D1 Big 12 Conference,730192128,UTRGV,421225967,2020-02-22 13:00:00,9,0,0,2,1112150528,R. Bogusz,R,SL,L,1.82941553297,0.387316554872,-10.7701254863,-16.0341506061,6.07610281732,B,IP_OUT,-2.19489744423,5.85675119134,77.0250030594,2310.5179748,56.2207037912,0.13
2739,2020,4245,OKST,D1 Big 12 Conference,730192128,UTRGV,421225967,2020-02-22 13:00:00,9,1,0,2,1112150528,R. Bogusz,R,FA,L,-1.80772942206,3.04464903178,17.6635505697,11.3958202898,6.33964179077,B,IP_OUT,-2.30178955398,6.05101653405,89.1782173274,2288.51018596,212.780127211,0.13
2740,2020,4245,OKST,D1 Big 12 Conference,730192128,UTRGV,177641117,2020-02-21 13:00:00,1,0,0,1,1342087310,P. Scott,L,FA,L,-0.502518419732,1.3407687221,22.4456295325,-6.39807088602,5.76931259817,B,K,1.24714651176,5.96856846153,89.8961631888,2007.65557338,164.11189061,0.13
2741,2020,4245,OKST,D1 Big 12 Conference,730192128,UTRGV,177641117,2020-02-21 13:00:00,1,1,0,1,1342087310,P. Scott,L,FA,L,-0.885228883419,2.01118789379,17.0766520393,-9.27565266565,5.77738264127,SL,K,1.32863540264,5.93389186478,89.3123958576,2139.19552395,151.536566184,-0.15
2742,2020,4245,OKST,D1 Big 12 Conference,730192128,UTRGV,177641117,2020-02-21 13:00:00,1,1,1,1,1342087310,P. Scott,L,FA,L,1.57043711907,2.62474197607,23.4652769437,-8.55584417083,5.57833118312,B,K,1.06763968379,6.22495136899,88.8159483572,2049.88460646,159.993715823,0.13
2743,2020,4245,OKST,D1 Big 12 Conference,730192128,UTRGV,177641117,2020-02-21 13:00:00,1,2,1,1,1342087310,P. Scott,L,FA,L,0.487235097262,2.74145730177,26.406024583,-16.877087945,5.59617503591,F,K,1.3488029846,6.26881815094,88.4777372811,2093.80226752,147.449710092,-0.15
2744,2020,4245,OKST,D1 Big 12 Conference,730192128,UTRGV,177641117,2020-02-21 13:00:00,1,2,2,1,1342087310,P. Scott,L,CU,L,0.276786909421,1.72622195641,-14.7642321166,8.33630969906,4.91804609949,SS,K,1.18941580072,5.93147322002,74.7829311013,2414.46894718,330.46714208,-0.15
2745,2020,4245,OKST,D1 Big 12 Conference,730192128,UTRGV,177641117,2020-02-21 13:00:00,1,0,0,2,1342087310,P. Scott,L,FA,R,1.78983596672,3.5140247708,20.6881077857,-15.7104227038,5.69064060267,B,K,1.17874371216,6.10075685438,89.4271683122,2049.0746658,142.831672855,0.13
2746,2020,4245,OKST,D1 Big 12 Conference,730192128,UTRGV,177641117,2020-02-21 13:00:00,1,1,0,2,1342087310,P. Scott,L,CH,R,-0.240719891089,2.77535828098,15.3247166423,-16.0827578501,5.61740995676,SL,K,1.44921694254,5.81151420401,79.3325237998,1731.372558,133.696575866,-0.15
2747,2020,4245,OKST,D1 Big 12 Conference,730192128,UTRGV,177641117,2020-02-21 13:00:00,1,1,1,2,1342087310,P. Scott,L,CH,R,1.49349381569,2.35515325365,10.8376996621,-19.2226303286,6.04079112684,F,K,1.53122003453,5.74858341665,76.2948482088,1846.11395814,119.516966949,-0.15
2748,2020,4245,OKST,D1 Big 12 Conference,730192128,UTRGV,177641117,2020-02-21 13:00:00,1,1,2,2,1342087310,P. Scott,L,SL,R,0.977976416534,3.62243311819,-16.4711611658,7.63821175876,4.90731655425,B,K,1.24096657704,5.92169800087,74.9763874377,2522.47780841,335.055637131,0.13
2749,2020,4245,OKST,D1 Big 12 Conference,730192128,UTRGV,177641117,2020-02-21 13:00:00,1,2,2,2,1342087310,P. Scott,L,FA,R,0.968832056471,3.05128599723,25.2560495192,-10.6661963004,5.69304640428,SS,K,1.37148799302,6.17784966814,88.7757528097,2140.7930229,157.132039011,-0.15
2750,2020,4245,OKST,D1 Big 12 Conference,730192128,UTRGV,177641117,2020-02-21 13:00:00,2,0,0,0,1342087310,P. Scott,L,FA,L,-1.0755387381,3.21806316,21.868986041,-9.03445191807,5.88365427256,SL,IP_OUT,1.22550359667,6.03517283116,87.5909040711,1629.94719267,157.585546945,-0.15
2751,2020,4245,OKST,D1 Big 12 Conference,730192128,UTRGV,177641117,2020-02-21 13:00:00,2,0,1,0,1342087310,P. Scott,L,SL,L,-0.456922918444,2.36665107678,-8.78673543577,11.4910794579,5.30948244496,SL,IP_OUT,1.34532008372,6.06403092395,73.6182563178,2270.87439241,307.245652154,-0.15
2752,2020,4245,OKST,D1 Big 12 Conference,730192128,UTRGV,177641117,2020-02-21 13:00:00,2,0,0,1,1342087310,P. Scott,L,CH,R,0.244956549311,2.28954904891,14.8422813311,-17.4857838318,6.05729044452,SS,IP_OUT,1.31219708716,5.78907726362,78.9424498148,1801.5863825,130.404937724,-0.15
2753,2020,4245,OKST,D1 Big 12 Conference,730192128,UTRGV,177641117,2020-02-21 13:00:00,2,0,0,2,1342087310,P. Scott,L,FA,L,-1.6761668937,2.22722357903,19.8755035285,-12.1305922377,6.12701329982,B,BB,1.01469382793,6.00739637448,89.6361353877,2195.03790669,148.644527207,0.13
2754,2020,4245,OKST,D1 Big 12 Conference,730192128,UTRGV,177641117,2020-02-21 13:00:00,2,1,0,2,1342087310,P. Scott,L,FA,L,-1.73676457365,2.60219078756,21.8379463297,-9.60895951895,5.99074606889,B,BB,1.1524469916,5.8851296726,89.0906636662,2083.71806068,156.281851865,0.13
2755,2020,4245,OKST,D1 Big 12 Conference,730192128,UTRGV,177641117,2020-02-21 13:00:00,2,2,0,2,1342087310,P. Scott,L,FA,L,-0.269712049444,2.59233468328,25.5829363964,-10.2812707585,5.92374888421,F,BB,1.20973195764,6.0057294346,87.9633986875,1951.12556066,158.132121656,-0.15
2756,2020,4245,OKST,D1 Big 12 Conference,730192128,UTRGV,177641117,2020-02-21 13:00:00,2,2,1,2,1342087310,P. Scott,L,FA,L,-0.94775696118,3.17191048911,23.0694427931,-3.80023636519,5.80711672377,B,BB,1.29895832696,6.16037708896,88.4850035709,2023.91231547,170.659116797,0.13
2757,2020,4245,OKST,D1 Big 12 Conference,730192128,UTRGV,177641117,2020-02-21 13:00:00,2,3,1,2,1342087310,P. Scott,L,FA,L,-1.28614492605,2.06359225871,24.859072135,-6.2586495895,5.99634393548,SL,BB,1.20918933618,5.97223555992,86.9284958951,2100.43419484,165.887677322,-0.15
2758,2020,4245,OKST,D1 Big 12 Conference,730192128,UTRGV,177641117,2020-02-21 13:00:00,2,3,2,2,1342087310,P. Scott,L,FA,L,0.345618071305,1.01086230606,20.7012369366,-16.9562726362,5.97985172414,B,BB,1.15321612662,5.97266024733,88.7705020795,1970.13546303,140.724594312,0.8
2759,2020,4245,OKST,D1 Big 12 Conference,730192128,UTRGV,177641117,2020-02-21 13:00:00,2,0,0,2,1342087310,P. Scott,L,CU,R,-0.3077791532,1.07638890651,-14.291670659,3.1146029897,5.25671976939,B,IP_OUT,1.45101735718,6.08292970217,73.7731055227,2426.27386916,347.664110665,0.13
2760,2020,4245,OKST,D1 Big 12 Conference,730192128,UTRGV,177641117,2020-02-21 13:00:00,2,1,0,2,1342087310,P. Scott,L,FA,R,0.156859600607,2.20084051942,17.2278068733,-16.3168678657,6.02596406004,SL,IP_OUT,1.35813305089,5.86123575778,86.0749446383,2067.63926989,136.61483848,-0.15
2761,2020,4245,OKST,D1 Big 12 Conference,730192128,UTRGV,177641117,2020-02-21 13:00:00,2,1,1,2,1342087310,P. Scott,L,FA,R,-1.87625589453,1.83899415721,25.7420301517,-5.35915369671,5.99949717415,B,IP_OUT,1.22955359041,5.99504845388,86.3514660295,2039.60436053,168.255642489,0.13
2762,2020,4245,OKST,D1 Big 12 Conference,730192128,UTRGV,177641117,2020-02-21 13:00:00,2,2,1,2,1342087310,P. Scott,L,CH,R,-0.624576735646,1.10931392416,6.2068692117,-18.9094701925,6.12288785407,B,IP_OUT,1.33749884992,5.78009596415,76.8503737662,1727.69450115,108.293795984,0.13
2763,2020,4245,OKST,D1 Big 12 Conference,730192128,UTRGV,177641117,2020-02-21 13:00:00,3,0,0,0,1342087310,P. Scott,L,FA,R,1.32796346453,3.33576896032,15.2200034906,-16.7055892446,5.73148977417,B,K,1.3790976646,5.9978266047,85.8259540824,1712.24064868,132.402855751,0.13
2764,2020,4245,OKST,D1 Big 12 Conference,730192128,UTRGV,177641117,2020-02-21 13:00:00,3,1,0,0,1342087310,P. Scott,L,CH,R,-0.0955272388216,2.59650426796,17.9549725238,-16.261876996,5.87722498948,F,K,1.27255178447,5.91685754199,76.7947089704,1785.23364574,137.903986958,-0.15
2765,2020,4245,OKST,D1 Big 12 Conference,730192128,UTRGV,177641117,2020-02-21 13:00:00,3,1,1,0,1342087310,P. Scott,L,FA,R,0.26877216492,1.8185962676,17.4069800183,-11.9501583254,5.6964716703,F,K,1.32030772465,5.98822831982,86.4399538127,1967.03823504,145.583743699,-0.15
2766,2020,4245,OKST,D1 Big 12 Conference,730192128,UTRGV,177641117,2020-02-21 13:00:00,3,1,2,0,1342087310,P. Scott,L,FA,R,-0.169562857414,5.11070345727,22.2596104562,-9.69507945684,5.84875898206,B,K,1.3102572211,6.06583795527,86.3829759657,2047.05264585,156.498308777,0.13
2767,2020,4245,OKST,D1 Big 12 Conference,730192128,UTRGV,177641117,2020-02-21 13:00:00,3,2,2,0,1342087310,P. Scott,L,FA,R,0.70408703614,2.98014373311,17.8998052268,-13.4667526699,5.91791197706,SS,K,1.24463950842,6.0314457803,87.2037106981,1902.20444475,143.097558522,-0.15
2768,2020,4245,OKST,D1 Big 12 Conference,730192128,UTRGV,177641117,2020-02-21 13:00:00,3,0,0,1,1342087310,P. Scott,L,FA,L,-0.703672315718,3.24262188706,18.375064287,-9.42354671681,5.80828439281,B,S,1.08849046939,6.01940461537,87.3243192856,2068.71761741,152.893084135,0.13
2769,2020,4245,OKST,D1 Big 12 Conference,730192128,UTRGV,177641117,2020-02-21 13:00:00,3,1,0,1,1342087310,P. Scott,L,FA,L,-0.91429349778,3.36322344267,23.0743012427,-13.2703332248,5.93255596075,B,S,1.25445967629,5.96329629788,87.8374925486,2113.05190798,150.133325802,0.13
2770,2020,4245,OKST,D1 Big 12 Conference,730192128,UTRGV,177641117,2020-02-21 13:00:00,3,2,0,1,1342087310,P. Scott,L,FA,L,-0.564691208217,2.67523864703,29.1009741231,-11.8231525279,5.77730551088,SL,S,1.18380635517,6.35038522017,86.69175437,2083.53666609,157.913569377,-0.15
2771,2020,4245,OKST,D1 Big 12 Conference,730192128,UTRGV,177641117,2020-02-21 13:00:00,3,2,1,1,1342087310,P. Scott,L,FA,L,-0.339633202886,3.09123524691,28.9632094633,-5.30803893601,5.85729200239,F,S,1.25363497336,6.01642019911,86.53473927,2137.37190172,169.627366321,-0.15
2772,2020,4245,OKST,D1 Big 12 Conference,730192128,UTRGV,177641117,2020-02-21 13:00:00,3,2,2,1,1342087310,P. Scott,L,FA,L,0.242764410836,1.67600557922,12.3192628059,-16.0334588777,5.85189582895,F,S,1.2181145168,5.87102102601,87.4987744885,2064.21743378,127.614702228,0.0
2773,2020,4245,OKST,D1 Big 12 Conference,730192128,UTRGV,177641117,2020-02-21 13:00:00,3,0,0,1,1342087310,P. Scott,L,SL,R,0.541085963446,3.49419870715,-11.0019314526,15.895384044,5.13537079858,B,IP_OUT,1.4830462369,5.98481183275,72.4735664147,2330.65659225,304.56037172,0.13
2774,2020,4245,OKST,D1 Big 12 Conference,730192128,UTRGV,177641117,2020-02-21 13:00:00,3,1,0,1,1342087310,P. Scott,L,FA,R,-1.32613479872,1.83782518297,18.9407811561,-10.3345024077,6.10920500573,B,IP_OUT,1.46184598685,5.92756248727,85.4856283612,2028.33828534,151.427178671,0.13
2775,2020,4245,OKST,D1 Big 12 Conference,730192128,UTRGV,177641117,2020-02-21 13:00:00,3,2,0,1,1342087310,P. Scott,L,CH,R,0.0235349460931,2.0025382519,11.3897993715,-13.5534227673,5.87398540075,SS,IP_OUT,1.50147085802,5.85353404515,76.2308442623,1640.55212252,130.153868688,-0.15
2776,2020,4245,OKST,D1 Big 12 Conference,730192128,UTRGV,177641117,2020-02-21 13:00:00,3,2,1,1,1342087310,P. Scott,L,FA,R,-0.993480673128,2.77841306748,29.3539792928,-5.32566200641,5.82146510326,SL,IP_OUT,1.26027995169,6.35779896114,84.1765135569,1882.1788596,169.729564657,-0.15
2777,2020,4245,OKST,D1 Big 12 Conference,730192128,UTRGV,177641117,2020-02-21 13:00:00,3,0,0,2,1342087310,P. Scott,L,SL,L,-0.00220496789151,3.47776565017,-8.45433533573,14.3179238567,5.02730517769,B,K,1.43171688647,6.01989094238,71.7241567875,2317.03182841,300.402262321,0.13
2778,2020,4245,OKST,D1 Big 12 Conference,730192128,UTRGV,177641117,2020-02-21 13:00:00,3,1,0,2,1342087310,P. Scott,L,FA,L,-0.280945393724,2.73390210681,20.9615986061,-18.0788980359,5.78698125431,SL,K,1.18785641947,6.19961261956,85.3216142635,1888.39631563,139.27250915,-0.15
2779,2020,4245,OKST,D1 Big 12 Conference,730192128,UTRGV,177641117,2020-02-21 13:00:00,3,1,1,2,1342087310,P. Scott,L,SL,L,0.282088225497,2.14334678346,-13.3300775609,14.5599570527,4.9779044028,F,K,1.37204357499,6.0736037993,73.1377545898,2356.41250699,312.362844649,-0.15
2780,2020,4245,OKST,D1 Big 12 Conference,730192128,UTRGV,177641117,2020-02-21 13:00:00,3,1,2,2,1342087310,P. Scott,L,SL,L,-1.20122003539,1.04351423817,1.95312674956,1.67400807802,5.30813436597,SS,K,1.64282652767,5.86302215315,80.240912554,2476.0107735,220.006532115,-0.15
2781,2020,4245,OKST,D1 Big 12 Conference,730192128,UTRGV,177641117,2020-02-21 13:00:00,4,0,0,0,1342087310,P. Scott,L,SL,R,-0.780923586068,0.919818721149,16.040609561,0.653287217373,5.83338461639,B,IP_OUT,1.56816957677,6.21045216624,81.5086104842,2221.22354955,182.326371209,0.13
2782,2020,4245,OKST,D1 Big 12 Conference,730192128,UTRGV,177641117,2020-02-21 13:00:00,4,1,0,0,1342087310,P. Scott,L,CH,R,0.839189372623,2.30114384351,15.0629524273,-21.4517178009,5.81305249293,SL,IP_OUT,1.55336774857,5.9634624468,74.2430388909,1773.93363704,125.163069579,-0.15
2783,2020,4245,OKST,D1 Big 12 Conference,730192128,UTRGV,177641117,2020-02-21 13:00:00,4,1,1,0,1342087310,P. Scott,L,SL,R,0.567560159762,0.464741594677,-14.1130129051,6.21017527453,4.91963115667,B,IP_OUT,1.42071585009,6.13909123734,73.3654921903,2408.81844964,336.171896812,0.13
2784,2020,4245,OKST,D1 Big 12 Conference,730192128,UTRGV,177641117,2020-02-21 13:00:00,4,2,1,0,1342087310,P. Scott,L,CH,R,0.354192789026,3.18990992147,16.4479625886,-18.0933768176,6.0366896382,SL,IP_OUT,1.42276998139,5.91628406372,76.0970209827,1864.62597055,132.352555419,-0.15
2785,2020,4245,OKST,D1 Big 12 Conference,730192128,UTRGV,177641117,2020-02-21 13:00:00,4,2,2,0,1342087310,P. Scott,L,SI,R,-0.636615452519,4.11810310956,23.8574206687,-9.79893599074,6.08598020294,B,IP_OUT,1.2379898399,6.09364021799,87.1115246936,2175.82274866,157.700225335,0.13
2786,2020,4245,OKST,D1 Big 12 Conference,730192128,UTRGV,177641117,2020-02-21 13:00:00,4,0,0,1,1342087310,P. Scott,L,SL,L,-1.77703191373,2.95426540405,1.50999705678,3.30277477811,5.41786725076,B,BB,1.60147873343,5.82366736999,81.0342696882,2232.17951275,244.847002901,0.13
2787,2020,4245,OKST,D1 Big 12 Conference,730192128,UTRGV,177641117,2020-02-21 13:00:00,4,1,0,1,1342087310,P. Scott,L,FA,L,0.572908294964,2.52174199945,20.8748012499,-14.6333508471,5.79467961373,F,BB,1.29105818654,5.91316135401,87.8754075104,2124.06040714,145.013730719,-0.15
2788,2020,4245,OKST,D1 Big 12 Conference,730192128,UTRGV,177641117,2020-02-21 13:00:00,4,1,1,1,1342087310,P. Scott,L,CH,L,0.224757494885,3.10395671129,18.1200243911,-15.3862416531,5.86208406017,SL,BB,1.54309765005,5.89010517275,76.0568017209,1770.05924814,139.736599826,-0.15
2789,2020,4245,OKST,D1 Big 12 Conference,730192128,UTRGV,177641117,2020-02-21 13:00:00,4,1,2,1,1342087310,P. Scott,L,FA,L,-1.68444446504,2.68538724742,19.0539521503,-9.45660539104,6.05906518406,B,BB,1.21412495402,5.88035322642,88.1664807645,2127.99187528,153.645239034,0.13
2790,2020,4245,OKST,D1 Big 12 Conference,730192128,UTRGV,177641117,2020-02-21 13:00:00,4,2,2,1,1342087310,P. Scott,L,FA,L,0.677998779203,3.22649586497,15.5754952837,-11.0825229961,5.82470186439,B,BB,1.1207967152,5.99781121353,87.9254495427,1988.84639282,144.625858354,0.13
2791,2020,4245,OKST,D1 Big 12 Conference,730192128,UTRGV,177641117,2020-02-21 13:00:00,4,3,2,1,1342087310,P. Scott,L,SL,L,-0.584462721008,3.4697875,-9.54740163089,10.9074729042,5.10749693029,B,BB,1.20297892527,5.99003698307,73.0249009818,2371.91833263,311.044414227,0.8
2792,2020,4245,OKST,D1 Big 12 Conference,730192128,UTRGV,177641117,2020-02-21 13:00:00,4,0,0,1,1342087310,P. Scott,L,CH,R,0.234652195604,2.22162336607,11.5173569055,-12.5477437432,5.8979353399,SS,K,1.57038241424,5.88354224255,75.5119013925,1697.0425909,132.663738585,-0.15
2793,2020,4245,OKST,D1 Big 12 Conference,730192128,UTRGV,177641117,2020-02-21 13:00:00,4,0,1,1,1342087310,P. Scott,L,FA,R,-0.819961252064,3.510317292,24.329307661,-10.0936814497,5.77115637663,B,K,1.41397325599,6.0037077145,87.0066119166,2104.68424019,157.497229871,0.13
2794,2020,4245,OKST,D1 Big 12 Conference,730192128,UTRGV,177641117,2020-02-21 13:00:00,4,1,1,1,1342087310,P. Scott,L,CH,R,0.0167743258919,2.26397175775,17.0270449679,-13.9098167781,5.77944256951,F,K,1.56908176199,6.07004698304,75.91180993,1755.41236038,140.830063553,-0.15
2795,2020,4245,OKST,D1 Big 12 Conference,730192128,UTRGV,177641117,2020-02-21 13:00:00,4,1,2,1,1342087310,P. Scott,L,FA,R,-0.591112986046,4.19182419192,17.745710119,-12.0043024784,5.85753468219,B,K,1.21086057308,6.07213196647,86.5367096522,1862.64458993,145.975535428,0.13
2796,2020,4245,OKST,D1 Big 12 Conference,730192128,UTRGV,177641117,2020-02-21 13:00:00,4,2,2,1,1342087310,P. Scott,L,FA,R,0.76914337695,2.97796201703,7.18212684879,-22.4516811787,5.74737871353,F,K,1.53257274244,5.92435846428,86.1235129698,1911.99712141,107.821779074,0.0
2797,2020,4245,OKST,D1 Big 12 Conference,730192128,UTRGV,177641117,2020-02-21 13:00:00,4,2,2,1,1342087310,P. Scott,L,FA,R,-0.91582320989,2.52594448041,13.6236709444,-12.0742460634,5.87008608793,SL,K,1.30938901646,5.93632884287,87.8419229615,1963.30097678,138.521376714,-0.15
2798,2020,4245,OKST,D1 Big 12 Conference,730192128,UTRGV,177641117,2020-02-21 13:00:00,4,0,0,2,1342087310,P. Scott,L,FA,L,-1.15619635374,1.15436580419,14.6938714948,-17.1656179051,5.90027815367,B,K,1.15127211445,6.03243427283,87.4651142148,1939.39735026,130.629987588,0.13
2799,2020,4245,OKST,D1 Big 12 Conference,730192128,UTRGV,177641117,2020-02-21 13:00:00,4,1,0,2,1342087310,P. Scott,L,FA,L,0.189181326359,3.00897126104,20.055412007,-13.2584828788,5.88287372728,F,K,1.31377247985,6.14174675744,86.5264573411,1982.98605821,146.577754161,-0.15
2800,2020,4245,OKST,D1 Big 12 Conference,730192128,UTRGV,177641117,2020-02-21 13:00:00,4,1,1,2,1342087310,P. Scott,L,CH,L,-0.57474582394,2.67673586167,13.2028515914,-14.885408494,5.91939344043,SL,K,1.42491215238,5.92636221812,74.3171444953,1798.09104228,131.674674804,-0.15
2801,2020,4245,OKST,D1 Big 12 Conference,730192128,UTRGV,177641117,2020-02-21 13:00:00,4,1,2,2,1342087310,P. Scott,L,FA,L,-0.714451500646,2.81107287557,24.1374718421,-15.8183907294,5.74705408848,SL,K,1.1998060538,6.37368443586,87.5226831588,1966.53230204,146.799164484,-0.15
2802,2020,4245,OKST,D1 Big 12 Conference,730192128,UTRGV,177641117,2020-02-21 13:00:00,5,0,0,1,1342087310,P. Scott,L,FA,R,-0.919549577418,2.63435302219,21.5713876678,-8.56726958549,5.81052266292,SL,K,1.28551001329,6.02530331072,87.0485725401,2165.78312665,158.371268582,-0.15
2803,2020,4245,OKST,D1 Big 12 Conference,730192128,UTRGV,177641117,2020-02-21 13:00:00,5,0,1,1,1342087310,P. Scott,L,CH,R,-0.662882415321,1.31109510022,10.5612264515,-11.9325547805,5.88697229799,SS,K,1.41012468992,5.74877930499,78.1826394377,1737.76966325,131.628139999,-0.15
2804,2020,4245,OKST,D1 Big 12 Conference,730192128,UTRGV,177641117,2020-02-21 13:00:00,5,0,2,1,1342087310,P. Scott,L,FA,R,-0.226222351884,4.8564294172,22.6535628685,-8.30257611151,5.72449475359,B,K,1.19964734202,6.12054562325,88.0381593627,2163.58562179,159.900238326,0.13
2805,2020,4245,OKST,D1 Big 12 Conference,730192128,UTRGV,177641117,2020-02-21 13:00:00,5,1,2,1,1342087310,P. Scott,L,CH,R,1.97568195802,0.246382738185,14.1453436444,-17.5510414368,5.95194362197,B,K,1.46051978133,5.68465213631,77.3329768354,1871.25713622,128.956248864,0.13
2806,2020,4245,OKST,D1 Big 12 Conference,730192128,UTRGV,177641117,2020-02-21 13:00:00,5,2,2,1,1342087310,P. Scott,L,SL,R,1.39245618175,3.14586122836,-10.9813274152,15.3273316456,5.0732720058,B,K,1.32327415207,5.98682531627,74.6634202059,2399.32251728,305.497872074,0.13
2807,2020,4245,OKST,D1 Big 12 Conference,730192128,UTRGV,177641117,2020-02-21 13:00:00,5,3,2,1,1342087310,P. Scott,L,CH,R,-0.349248344122,1.15016579491,15.4963805018,-14.2014383793,5.92793262074,SS,K,1.44035388651,5.87228375917,78.2982438621,1774.87856297,137.576830411,-0.15
2808,2020,4245,OKST,D1 Big 12 Conference,730192128,UTRGV,177641117,2020-02-21 13:00:00,5,0,0,2,1342087310,P. Scott,L,FA,L,-1.37946697918,4.44328563885,21.3477643392,-9.69660543576,6.03807073955,B,K,1.22584842777,6.04798764247,87.5229882355,2062.15349464,155.606423782,0.13
2809,2020,4245,OKST,D1 Big 12 Conference,730192128,UTRGV,177641117,2020-02-21 13:00:00,5,1,0,2,1342087310,P. Scott,L,FA,L,-0.294145132417,1.89651211513,17.8474831296,-13.0930889757,5.90789541612,SL,K,1.31663376894,5.84438407322,86.3443498683,2176.96699769,143.790653052,-0.15
2810,2020,4245,OKST,D1 Big 12 Conference,730192128,UTRGV,177641117,2020-02-21 13:00:00,5,1,1,2,1342087310,P. Scott,L,FA,L,-0.742972948839,4.20257055527,19.5713540103,-10.746292205,5.83394863622,B,K,1.31350203604,5.98594120565,87.8011382794,2180.78826229,151.272289856,0.13
2811,2020,4245,OKST,D1 Big 12 Conference,730192128,UTRGV,177641117,2020-02-21 13:00:00,5,2,1,2,1342087310,P. Scott,L,FA,L,-0.456160660943,2.00805973125,19.0350613103,-5.00206509458,5.84047384985,F,K,1.2970248792,5.77342000426,86.5704449824,2117.06408787,165.302950545,-0.15
2812,2020,4245,OKST,D1 Big 12 Conference,730192128,UTRGV,177641117,2020-02-21 13:00:00,5,2,2,2,1342087310,P. Scott,L,SL,L,1.30678492462,3.29832635036,-8.78692380179,14.9894585794,4.98756884567,B,K,1.39094646583,5.93042160312,74.7082099225,2511.88229216,300.238569561,0.13
2813,2020,4245,OKST,D1 Big 12 Conference,730192128,UTRGV,177641117,2020-02-21 13:00:00,5,3,2,2,1342087310,P. Scott,L,FA,L,-1.20329124052,1.72599693996,16.4056023183,-6.35872327919,6.06346857972,SL,K,1.09365254278,5.89491951093,87.3577096156,2019.67952418,158.854723505,-0.15
2814,2020,4245,OKST,D1 Big 12 Conference,730192128,UTRGV,177641117,2020-02-21 13:00:00,6,0,0,0,1342087310,P. Scott,L,FA,R,0.395852998673,1.85477246245,10.0935289215,-11.9425303239,5.79796011363,F,IP_OUT,1.34599520652,5.80324408384,87.2501620561,1937.98222415,130.300443384,-0.15
2815,2020,4245,OKST,D1 Big 12 Conference,730192128,UTRGV,177641117,2020-02-21 13:00:00,6,0,1,0,1342087310,P. Scott,L,CH,R,1.41440271728,1.59785571205,12.803646557,-12.2381638657,6.0030146912,B,IP_OUT,1.74415342791,5.71428052217,74.58359683,1694.77876656,136.399471209,0.13
2816,2020,4245,OKST,D1 Big 12 Conference,730192128,UTRGV,177641117,2020-02-21 13:00:00,6,1,1,0,1342087310,P. Scott,L,CH,R,0.508664132185,1.8441710553,12.5518788458,-12.2825946568,5.77537155628,SS,IP_OUT,1.50552182999,5.75866077562,75.4265514321,1778.97272728,135.72753235,-0.15
2817,2020,4245,OKST,D1 Big 12 Conference,730192128,UTRGV,177641117,2020-02-21 13:00:00,6,1,2,0,1342087310,P. Scott,L,SL,R,0.367967127041,1.95419824712,-12.3021963085,11.3669048874,5.05258571126,F,IP_OUT,1.52437944423,5.96023738578,75.2057001599,2442.78954668,317.151480211,0.0
2818,2020,4245,OKST,D1 Big 12 Conference,730192128,UTRGV,177641117,2020-02-21 13:00:00,6,0,0,1,1342087310,P. Scott,L,CH,L,0.573011789176,3.07171842349,2.55505323962,4.74190963678,5.20690223325,SL,HBP,1.65457126759,5.88356663295,80.9045917938,2263.95795115,241.299331021,-0.15
2819,2020,4245,OKST,D1 Big 12 Conference,730192128,UTRGV,177641117,2020-02-21 13:00:00,6,0,1,1,1342087310,P. Scott,L,FA,L,-0.726662206609,2.7080814081,2.53438630521,3.53026898401,5.50154402076,F,HBP,1.45152741399,5.82719099932,82.5365369006,2272.18224433,233.907743182,-0.15
2820,2020,4245,OKST,D1 Big 12 Conference,730192128,UTRGV,177641117,2020-02-21 13:00:00,6,0,2,1,1342087310,P. Scott,L,FA,L,-1.56134903815,2.20118017779,2.96746369643,6.01020566954,5.35228930378,B,HBP,1.60685568337,5.79428974569,80.1384975161,2318.12916883,243.403326006,0.13
2821,2020,4245,OKST,D1 Big 12 Conference,730192128,UTRGV,177641117,2020-02-21 13:00:00,6,1,2,1,1342087310,P. Scott,L,FA,L,-0.141246366509,4.18036673225,19.3646514668,-8.09461992201,5.88510212613,B,HBP,1.30019907209,6.07712777589,87.8984910333,2024.39877477,157.350452637,0.13
2822,2020,4245,OKST,D1 Big 12 Conference,730192128,UTRGV,177641117,2020-02-21 13:00:00,6,2,2,1,1342087310,P. Scott,L,SL,L,1.58306711974,3.96412870631,-10.5226211066,14.5447505937,4.88256408517,HBP,HBP,1.29285129107,6.09371257056,75.0833419255,2441.90568286,305.757574456,0.8
2823,2020,4245,OKST,D1 Big 12 Conference,730192128,UTRGV,177641117,2020-02-21 13:00:00,6,0,0,1,1342087310,P. Scott,L,FA,R,0.154763217823,1.71422074366,8.64310491952,-12.6040149084,6.03631780468,B,K,1.37047202544,5.73135571834,85.9026011796,1904.98762943,124.548420288,0.13
2824,2020,4245,OKST,D1 Big 12 Conference,730192128,UTRGV,177641117,2020-02-21 13:00:00,6,1,0,1,1342087310,P. Scott,L,CH,R,0.176852303294,1.35928253548,11.2285854334,-17.1956946515,5.99147123764,SS,K,1.61258257886,5.75535250062,75.7345874089,1651.69509717,123.251426132,-0.15
2825,2020,4245,OKST,D1 Big 12 Conference,730192128,UTRGV,177641117,2020-02-21 13:00:00,6,1,1,1,1342087310,P. Scott,L,FA,R,0.833556545393,2.16275658242,12.9105988861,-16.358800259,5.98678137961,F,K,1.38747033216,5.87371300388,85.9223515641,1891.64768856,128.357873238,-0.15
2826,2020,4245,OKST,D1 Big 12 Conference,730192128,UTRGV,177641117,2020-02-21 13:00:00,6,1,2,1,1342087310,P. Scott,L,FA,R,0.44229709896,3.19232776742,22.2997884414,-9.77253830199,5.81478621026,F,K,1.43227344119,6.01017996914,86.0521352276,2001.41066512,156.369066342,0.0
2827,2020,4245,OKST,D1 Big 12 Conference,730192128,UTRGV,177641117,2020-02-21 13:00:00,6,1,2,1,1342087310,P. Scott,L,SL,R,0.723204607716,3.19673726137,-3.50385514554,4.68185144572,5.2425039532,B,K,1.5532744086,5.88091434977,78.2353259722,2280.3163159,306.464402908,0.13
2828,2020,4245,OKST,D1 Big 12 Conference,730192128,UTRGV,177641117,2020-02-21 13:00:00,6,2,2,1,1342087310,P. Scott,L,FA,R,-0.812054564354,1.58619890919,12.50058357,-10.7440241615,5.84300256633,SL,K,1.24417235473,5.76304429976,85.7042272961,1901.06540069,139.403805515,-0.15
2829,2020,4245,OKST,D1 Big 12 Conference,730192128,UTRGV,177641117,2020-02-21 13:00:00,6,0,0,2,1342087310,P. Scott,L,FA,L,-1.5280191402,2.44866341475,0.337051015066,2.29407479495,5.32738137938,B,K,1.49455426612,5.9224239338,80.9821485429,2287.78895316,260.639329037,0.13
2830,2020,4245,OKST,D1 Big 12 Conference,730192128,UTRGV,177641117,2020-02-21 13:00:00,6,1,0,2,1342087310,P. Scott,L,CH,L,-1.38845790807,1.30200603828,9.74422750339,-18.1162888024,5.89129167432,B,K,1.55629537229,5.77523574536,74.7206993365,1670.33532625,118.39193475,0.13
2831,2020,4245,OKST,D1 Big 12 Conference,730192128,UTRGV,177641117,2020-02-21 13:00:00,6,2,0,2,1342087310,P. Scott,L,FA,L,-1.74240114013,1.44330310774,16.6648538592,-11.5379522965,5.77420126103,B,K,1.31133526206,5.9452726066,85.1785696641,1926.27048406,145.362384445,0.13
2832,2020,4245,OKST,D1 Big 12 Conference,730192128,UTRGV,177641117,2020-02-21 13:00:00,6,3,0,2,1342087310,P. Scott,L,FA,L,0.28826824183,2.25544910204,13.4177661188,-12.8762118611,5.88610413271,SL,K,1.35812104175,5.81284510997,82.6469455949,1906.70072004,136.263012601,-0.15
2833,2020,4245,OKST,D1 Big 12 Conference,730192128,UTRGV,177641117,2020-02-21 13:00:00,6,3,1,2,1342087310,P. Scott,L,FA,L,-0.771108473942,2.36739095922,15.468474436,-12.8741186896,5.92418945936,SL,K,1.33560106837,5.89182908995,84.2707432402,1930.27168535,140.297942585,-0.15
2834,2020,4245,OKST,D1 Big 12 Conference,730192128,UTRGV,177641117,2020-02-21 13:00:00,6,3,2,2,1342087310,P. Scott,L,FA,L,-0.194181312581,2.31526911639,17.9824447097,-14.4798927496,5.88781921234,F,K,1.30194538273,6.15922108081,84.8881377821,1929.96254008,141.215477235,0.0
2835,2020,4245,OKST,D1 Big 12 Conference,730192128,UTRGV,177641117,2020-02-21 13:00:00,6,3,2,2,1342087310,P. Scott,L,CH,L,-0.284788609811,1.39834056329,8.35099549041,-16.0798748327,6.12137797942,SS,K,1.34092847061,5.80484888674,76.3108338142,1674.89115893,117.571269567,-0.15
2836,2020,4245,OKST,D1 Big 12 Conference,730192128,UTRGV,177641117,2020-02-21 13:00:00,7,0,0,0,1890086420,Z. Cable,R,FA,R,0.231950962209,-0.830736861698,18.7770730958,12.4530302713,5.47691338769,B,K,-0.822999953418,6.47136959762,90.0879695911,2197.80025006,213.505952268,0.13
2837,2020,4245,OKST,D1 Big 12 Conference,730192128,UTRGV,177641117,2020-02-21 13:00:00,7,1,0,0,1890086420,Z. Cable,R,FA,R,-0.268736156598,2.74890477931,18.3916684326,6.03664547057,5.38632623081,F,K,-1.10630176716,6.27801516124,90.070233855,1995.1118789,198.141087644,-0.15
2838,2020,4245,OKST,D1 Big 12 Conference,730192128,UTRGV,177641117,2020-02-21 13:00:00,7,1,1,0,1890086420,Z. Cable,R,FA,R,-0.512683618027,3.53438431022,21.7796373505,14.2510238067,5.40743796215,SL,K,-1.15185816328,6.39331677823,91.8747412481,2102.49643459,213.159164349,-0.15
2839,2020,4245,OKST,D1 Big 12 Conference,730192128,UTRGV,177641117,2020-02-21 13:00:00,7,1,2,0,1890086420,Z. Cable,R,CH,R,0.506677362243,0.585448830565,5.7541632458,-3.68294614475,5.78817526459,SS,K,-1.13409386618,6.33783052842,83.5896184892,2097.84838124,147.550227333,-0.15
2840,2020,4245,OKST,D1 Big 12 Conference,730192128,UTRGV,177641117,2020-02-21 13:00:00,7,0,0,0,1890086420,Z. Cable,R,FA,L,-0.919925196862,3.08509192976,23.8025600641,11.1524887647,5.29276526157,SL,IP_OUT,-1.11646474863,6.52301144844,90.3752966997,2110.39412858,205.074158907,-0.15
2841,2020,4245,OKST,D1 Big 12 Conference,730192128,UTRGV,177641117,2020-02-21 13:00:00,7,0,1,0,1890086420,Z. Cable,R,FA,L,-1.25410137418,3.50988748538,23.9440715961,10.5846762193,5.15006894927,B,IP_OUT,-1.22087265612,6.40418901801,90.8349322829,2129.00400399,203.818775911,0.13
2842,2020,4245,OKST,D1 Big 12 Conference,730192128,UTRGV,177641117,2020-02-21 13:00:00,7,0,0,1,1890086420,Z. Cable,R,FA,R,-0.233884338747,3.70944218918,18.4421691303,10.746981871,5.16356989402,B,BB,-0.953679300627,6.39230638208,90.11941171,2046.3321853,210.185474495,0.13
2843,2020,4245,OKST,D1 Big 12 Conference,730192128,UTRGV,177641117,2020-02-21 13:00:00,7,1,0,1,1890086420,Z. Cable,R,FA,R,-1.15002919911,1.72828622921,15.5192726218,12.990090253,5.26048267751,B,BB,-0.893862517237,6.50090394515,89.920271112,2098.18552458,219.86917104,0.13
2844,2020,4245,OKST,D1 Big 12 Conference,730192128,UTRGV,177641117,2020-02-21 13:00:00,7,2,0,1,1890086420,Z. Cable,R,FA,R,1.15716355032,2.34708363478,19.8221419523,9.76907916783,5.3456463579,B,BB,-0.773639733002,6.55226237197,88.8276347227,2060.60832357,206.196232417,0.13
2845,2020,4245,OKST,D1 Big 12 Conference,730192128,UTRGV,177641117,2020-02-21 13:00:00,7,3,0,1,1890086420,Z. Cable,R,FA,R,-0.110517928618,2.66255653308,25.5344004228,6.82978152335,5.25728937629,SL,BB,-1.11039108538,6.62639139815,89.2606024055,2141.39884355,194.955273814,-0.15
2846,2020,4245,OKST,D1 Big 12 Conference,730192128,UTRGV,177641117,2020-02-21 13:00:00,7,3,1,1,1890086420,Z. Cable,R,FA,R,-0.821353082909,3.67402429425,22.1023679534,9.60872632579,5.37178751434,B,BB,-1.22871283867,6.44318175845,89.6945157984,2154.2440075,203.464292395,0.8
2847,2020,4245,OKST,D1 Big 12 Conference,730192128,UTRGV,177641117,2020-02-21 13:00:00,7,0,0,1,1890086420,Z. Cable,R,FA,L,0.892645113538,1.84710735193,18.1035505545,13.1458985125,5.23384687817,B,S,-0.902569683252,6.5654875871,89.7255336111,2083.09994594,215.934143292,0.13
2848,2020,4245,OKST,D1 Big 12 Conference,730192128,UTRGV,177641117,2020-02-21 13:00:00,7,1,0,1,1890086420,Z. Cable,R,FA,L,1.02844752535,3.04617053163,13.0714464986,7.75810806587,5.28287421768,B,S,-1.15379406747,6.26114834415,88.8898660726,2133.45845001,210.623774174,0.13
2849,2020,4245,OKST,D1 Big 12 Conference,730192128,UTRGV,177641117,2020-02-21 13:00:00,7,2,0,1,1890086420,Z. Cable,R,FA,L,-0.74751777625,2.38374347454,24.5454757405,13.5060550357,5.26052665974,SL,S,-1.06073235663,6.63026092256,89.206347362,2097.43796779,208.787854357,-0.15
2850,2020,4245,OKST,D1 Big 12 Conference,730192128,UTRGV,177641117,2020-02-21 13:00:00,7,2,1,1,1890086420,Z. Cable,R,FA,L,-0.269616651817,2.79631434486,24.9848046275,11.0384891279,5.33545757151,IP,S,-1.16363317809,6.56216214521,88.5836756323,2122.51941793,203.806820864,1.0
2851,2020,4245,OKST,D1 Big 12 Conference,730192128,UTRGV,177641117,2020-02-21 13:00:00,7,0,0,2,1890086420,Z. Cable,R,CH,R,-0.0149308375291,0.821128067058,2.57447590364,-0.379187827003,5.6429655902,SS,K,-1.14928715773,6.37710791623,81.4738859634,2059.76520149,171.74882569,-0.15
2852,2020,4245,OKST,D1 Big 12 Conference,730192128,UTRGV,177641117,2020-02-21 13:00:00,7,0,1,2,1890086420,Z. Cable,R,CH,R,-0.787956648751,3.41983767005,3.32436872849,-3.45746993591,5.22138588187,SL,K,-0.872334152102,6.51939063161,80.3547517581,2074.43021435,134.236336027,-0.15
2853,2020,4245,OKST,D1 Big 12 Conference,730192128,UTRGV,177641117,2020-02-21 13:00:00,7,0,2,2,1890086420,Z. Cable,R,CH,R,1.20028994294,1.79900604138,8.14954606164,1.38924001723,5.34599377159,F,K,-0.88158070288,6.48934544294,82.2808066229,2045.73631408,189.627757025,0.0
2854,2020,4245,OKST,D1 Big 12 Conference,730192128,UTRGV,177641117,2020-02-21 13:00:00,7,0,2,2,1890086420,Z. Cable,R,CH,R,0.344178085129,2.83067180597,5.82981335872,-1.53421231648,5.4349323096,SS,K,-1.04820685032,6.68587437523,80.5984745756,2084.19917583,165.35519908,-0.15
2855,2020,4245,OKST,D1 Big 12 Conference,730192128,UTRGV,177641117,2020-02-21 13:00:00,8,0,0,0,1890086420,Z. Cable,R,FA,L,1.3823498224,1.85444139618,22.9081839937,14.1761843208,5.1834869755,B,BB,-1.11150763639,6.61624934747,88.9165685319,2063.44966714,211.711901688,0.13
2856,2020,4245,OKST,D1 Big 12 Conference,730192128,UTRGV,177641117,2020-02-21 13:00:00,8,1,0,0,1890086420,Z. Cable,R,FA,L,-0.314515062292,4.2733085957,21.1808015416,12.7091111447,5.01285848066,B,BB,-1.08084054783,6.4462704473,87.8957273424,2070.54429586,210.923242052,0.13
2857,2020,4245,OKST,D1 Big 12 Conference,730192128,UTRGV,177641117,2020-02-21 13:00:00,8,2,0,0,1890086420,Z. Cable,R,FA,L,-0.504891936247,3.49828313628,22.2000369048,11.5396950242,5.1303719257,SS,BB,-1.26739685168,6.4109984827,86.7379958334,2068.1696478,207.427705732,-0.15
2858,2020,4245,OKST,D1 Big 12 Conference,730192128,UTRGV,177641117,2020-02-21 13:00:00,8,2,1,0,1890086420,Z. Cable,R,FA,L,-0.478069776551,2.78902976355,25.8433214179,9.7699366052,5.23464212246,SL,BB,-1.21879958369,6.29375096699,87.9284707523,2113.66241197,200.683204349,-0.15
2859,2020,4245,OKST,D1 Big 12 Conference,730192128,UTRGV,177641117,2020-02-21 13:00:00,8,2,2,0,1890086420,Z. Cable,R,CH,L,0.984203333767,2.76577384856,9.16769411436,-3.10600661755,5.39321931469,F,BB,-0.95944022998,6.50194312551,80.8323096331,2107.50766132,161.361183095,0.0
2860,2020,4245,OKST,D1 Big 12 Conference,730192128,UTRGV,177641117,2020-02-21 13:00:00,8,2,2,0,1890086420,Z. Cable,R,FA,L,0.70178416814,1.45096117334,21.4601835393,9.07598068148,5.13671105548,B,BB,-1.12809015746,6.30592607289,87.9279226685,2120.88791962,202.890401712,0.13
2861,2020,4245,OKST,D1 Big 12 Conference,730192128,UTRGV,177641117,2020-02-21 13:00:00,8,3,2,0,1890086420,Z. Cable,R,FA,L,-0.554124432425,3.73761135525,19.754278105,12.4248896344,5.22496206347,B,BB,-0.857516806917,6.41669824933,87.617469123,2162.91035374,212.122377832,0.8
2862,2020,4245,OKST,D1 Big 12 Conference,730192128,UTRGV,177641117,2020-02-21 13:00:00,8,0,0,0,1890086420,Z. Cable,R,FA,R,-0.883186826008,2.39855485497,20.9718144912,13.8167235939,5.17359539222,SL,FC,-1.37919586443,6.32181671502,88.32971599,2132.18002332,213.333874924,-0.15
2863,2020,4245,OKST,D1 Big 12 Conference,730192128,UTRGV,177641117,2020-02-21 13:00:00,8,0,1,0,1890086420,Z. Cable,R,SL,R,-1.1279053399,5.22535580441,3.01440844754,-0.713457748351,5.26978599433,B,FC,-1.19036443613,6.49199701389,79.4122749016,2082.38845256,166.864855743,0.13
2864,2020,4245,OKST,D1 Big 12 Conference,730192128,UTRGV,177641117,2020-02-21 13:00:00,8,1,1,0,1890086420,Z. Cable,R,SL,R,-0.142562228437,1.77722599519,2.82720052469,-5.84902480523,5.38839692376,SS,FC,-0.711898959574,6.50191825082,80.2326062381,2220.32737573,116.12792823,-0.15
2865,2020,4245,OKST,D1 Big 12 Conference,730192128,UTRGV,177641117,2020-02-21 13:00:00,8,1,2,0,1890086420,Z. Cable,R,CH,R,-0.502955329282,2.62461019939,0.702880313128,-0.286211255647,4.89980928948,IP,FC,-1.06119451032,6.53166628422,79.8282864231,2198.8393206,159.007911186,-0.21
2866,2020,4245,OKST,D1 Big 12 Conference,730192128,UTRGV,177641117,2020-02-21 13:00:00,8,0,0,1,1890086420,Z. Cable,R,FA,L,-0.249376199818,1.29926876583,23.4644919574,10.1295220495,5.31273572534,IP,FC,-0.922658347222,6.58823719634,88.1590185501,2143.81535405,203.318571317,-0.21
2867,2020,4245,OKST,D1 Big 12 Conference,730192128,UTRGV,177641117,2020-02-21 13:00:00,8,0,0,2,1890086420,Z. Cable,R,FA,R,-0.181565203677,3.46029488386,17.8661806575,10.6814310243,5.15218989319,SS,K,-0.928035347956,6.4498546011,89.8303748945,2195.6666614,210.825830913,-0.15
2868,2020,4245,OKST,D1 Big 12 Conference,730192128,UTRGV,177641117,2020-02-21 13:00:00,8,0,1,2,1890086420,Z. Cable,R,CH,R,-0.995659993722,3.07569308879,2.26203419861,6.993530863779999e-14,5.07422332789,SL,K,-0.833389777582,6.51675234787,79.4262691589,2112.99198056,180.0,-0.15
2869,2020,4245,OKST,D1 Big 12 Conference,730192128,UTRGV,177641117,2020-02-21 13:00:00,8,0,2,2,1890086420,Z. Cable,R,SL,R,0.788019747253,0.724895008753,-0.342610731327,-1.00885030943,5.42315121215,SS,K,-0.797604324209,6.38748653805,80.5889670559,2187.67990682,73.3522073947,-0.15
2870,2020,4245,OKST,D1 Big 12 Conference,730192128,UTRGV,177641117,2020-02-21 13:00:00,9,0,0,0,1630569578,J. Kelly,R,FA,R,-0.110531584482,1.38544408534,15.1587934747,10.5115060957,5.73123176803,B,HR,-1.79264423204,5.33547330963,90.2709557846,2250.32173151,214.680093336,0.13
2871,2020,4245,OKST,D1 Big 12 Conference,730192128,UTRGV,177641117,2020-02-21 13:00:00,9,1,0,0,1630569578,J. Kelly,R,FA,R,1.56793422528,0.0486647762107,20.9124346172,7.03510470755,5.87333154045,B,HR,-2.01602111699,5.47446010555,89.0104343996,2272.38677365,198.565350268,0.13
2872,2020,4245,OKST,D1 Big 12 Conference,730192128,UTRGV,177641117,2020-02-21 13:00:00,9,2,0,0,1630569578,J. Kelly,R,FA,R,-0.0762510363858,1.62399585666,14.9363026774,12.8445452125,5.81535732193,IP,HR,-2.00993641857,5.43594678904,90.3682487745,2184.67171793,220.632295386,1.76
2873,2020,4245,OKST,D1 Big 12 Conference,730192128,UTRGV,177641117,2020-02-21 13:00:00,9,0,0,0,1630569578,J. Kelly,R,FA,R,0.113797245253,0.423713311462,11.8028866484,12.5472094927,5.86674786885,B,S,-1.82780470868,5.4076924322,89.7165401877,2214.73778663,226.670483328,0.13
2874,2020,4245,OKST,D1 Big 12 Conference,730192128,UTRGV,177641117,2020-02-21 13:00:00,9,1,0,0,1630569578,J. Kelly,R,FA,R,-0.31829960854,2.12008464922,14.7947385936,11.1060470228,5.89224746683,F,S,-1.88485598934,5.36082211497,88.0691145371,2215.40179883,216.831127301,-0.15
2875,2020,4245,OKST,D1 Big 12 Conference,730192128,UTRGV,177641117,2020-02-21 13:00:00,9,1,1,0,1630569578,J. Kelly,R,SL,R,0.435265691954,1.11507029001,1.19136581426,-4.2827509509,5.71439473702,SS,S,-1.78797545871,5.35369797149,84.7896775969,2325.25351026,106.002096873,-0.15
2876,2020,4245,OKST,D1 Big 12 Conference,730192128,UTRGV,177641117,2020-02-21 13:00:00,9,1,2,0,1630569578,J. Kelly,R,SL,R,2.28437773589,-0.111030789172,4.44393211239,-4.29335805615,5.75506578965,B,S,-1.48306295779,5.54098016139,83.0377955263,2432.65574339,136.23310654,0.13
2877,2020,4245,OKST,D1 Big 12 Conference,730192128,UTRGV,177641117,2020-02-21 13:00:00,9,2,2,0,1630569578,J. Kelly,R,SL,R,0.398059490555,1.82516864497,3.26197579335,-3.78912561721,5.7352866676,IP,S,-1.83612209709,5.50635443914,81.4983347427,2307.11535227,131.071784227,1.0
2878,2020,4245,OKST,D1 Big 12 Conference,730192128,UTRGV,177641117,2020-02-21 13:00:00,9,0,0,0,1630569578,J. Kelly,R,FA,R,1.1068548625,2.14333872529,14.7528489041,6.97124696317,6.17221011068,SL,IP_OUT,-1.86124106054,5.31453026633,88.3829056569,2208.90182125,205.241855318,-0.15
2879,2020,4245,OKST,D1 Big 12 Conference,730192128,UTRGV,177641117,2020-02-21 13:00:00,9,0,1,0,1630569578,J. Kelly,R,FA,R,-0.551743627954,1.29635548831,19.1658922783,5.60330544704,5.90109042116,B,IP_OUT,-1.94583366273,5.46616386332,88.4056496073,2184.81833977,196.269218245,0.13
2880,2020,4245,OKST,D1 Big 12 Conference,730192128,UTRGV,177641117,2020-02-21 13:00:00,9,1,1,0,1630569578,J. Kelly,R,SL,R,2.44163125092,-0.14396556552,3.8412712502,-4.04206895008,6.16003410402,B,IP_OUT,-1.80564836273,5.35627711788,82.1882713467,2328.44772699,133.828310459,0.13
2881,2020,4245,OKST,D1 Big 12 Conference,730192128,UTRGV,177641117,2020-02-21 13:00:00,9,2,1,0,1630569578,J. Kelly,R,FA,R,1.44393968618,1.85052058251,12.9652815442,11.6932146702,5.94730271259,B,IP_OUT,-1.87117855996,5.34395522932,88.3391827656,2235.88099083,221.97226646,0.13
2882,2020,4245,OKST,D1 Big 12 Conference,730192128,UTRGV,177641117,2020-02-21 13:00:00,9,0,0,1,1630569578,J. Kelly,R,FA,L,-0.927312641248,1.43825146885,8.29028423935,14.3653732965,5.76312212661,F,IP_OUT,-2.06456242824,5.2402423352,89.3452228809,2248.45579643,239.911240004,-0.15
2883,2020,4245,OKST,D1 Big 12 Conference,730192128,UTRGV,177641117,2020-02-21 13:00:00,9,0,1,1,1630569578,J. Kelly,R,CH,L,0.406760455659,0.997810948196,16.2198747239,14.4896569852,6.24596915417,B,IP_OUT,-1.98167085441,5.42559486427,77.3808398723,1848.53793221,221.698344873,0.13
2884,2020,4245,OKST,D1 Big 12 Conference,730192128,UTRGV,177641117,2020-02-21 13:00:00,9,1,1,1,1630569578,J. Kelly,R,SL,L,0.945610334191,2.29157442904,8.52561291567,-1.97321231689,5.79140640635,SS,IP_OUT,-2.08538478629,5.45412473967,81.3758725846,2306.14164702,167.027186043,-0.15
2885,2020,4245,OKST,D1 Big 12 Conference,730192128,UTRGV,177641117,2020-02-21 13:00:00,9,1,2,1,1630569578,J. Kelly,R,SL,L,-0.816295303475,3.2069147711,3.34874289503,-4.54085199656,5.61518370427,F,IP_OUT,-1.89562211823,5.45494811368,81.0804318942,2344.75946593,126.73459563,0.0
2886,2020,4245,OKST,D1 Big 12 Conference,730192128,UTRGV,177641117,2020-02-21 13:00:00,9,0,0,2,1630569578,J. Kelly,R,FA,R,0.666739418382,1.64014744875,13.4589674027,10.83076698,5.8948171018,SL,IP_OUT,-2.10002061509,5.32777427507,86.4138401223,2020.86316022,218.75080388,-0.15
2887,2020,4245,OKST,D1 Big 12 Conference,730192128,UTRGV,177641117,2020-02-21 13:00:00,9,0,1,2,1630569578,J. Kelly,R,SL,R,-0.467950378812,3.06556645124,6.39737803752,-3.57382695942,5.74170164199,SL,IP_OUT,-1.91751678945,5.59551342595,82.3579252464,2251.72130735,150.957466956,-0.15
2888,2020,730257152,BYU,D1 West Coast Conference,730263552,UVU,190339759,2020-03-03 13:00:00,1,0,0,0,1955486309,T. Heaton,R,FA,R,-0.528800265838,2.82916771292,18.3757707612,4.57799746268,6.45364353356,SL,S,-1.14723987378,6.29552661042,89.1346092946,1890.25760232,193.965590383,-0.15
2889,2020,730257152,BYU,D1 West Coast Conference,730263552,UVU,190339759,2020-03-03 13:00:00,1,0,1,0,1955486309,T. Heaton,R,SL,R,-0.610805261901,2.79947143869,13.31369031,9.99033952727,6.69021326139,IP,S,-1.2147931458,6.24178581936,89.0758724595,2011.21139981,216.817546656,1.0
2890,2020,730257152,BYU,D1 West Coast Conference,730263552,UVU,190339759,2020-03-03 13:00:00,1,0,0,0,1955486309,T. Heaton,R,FA,R,0.117885767448,1.13734032802,14.8964053792,4.60140958877,6.43944748705,B,D,-1.21645389989,6.38018191933,89.0393892281,1830.40735064,197.130346071,0.13
2891,2020,730257152,BYU,D1 West Coast Conference,730263552,UVU,190339759,2020-03-03 13:00:00,1,1,0,0,1955486309,T. Heaton,R,FA,R,0.225800454572,2.78126859268,18.8281362838,5.32455977156,6.50804701717,IP,D,-1.29195839744,6.21831967988,87.8041766666,1962.20724903,195.764151635,1.26
2892,2020,730257152,BYU,D1 West Coast Conference,730263552,UVU,190339759,2020-03-03 13:00:00,1,0,0,0,1955486309,T. Heaton,R,SL,R,-0.044157927115,2.04826645198,-8.60733140276,-5.73848049739,6.13318930287,SL,S,-1.22963435953,6.24010846504,72.0763050175,1495.61193837,33.8479086902,-0.15
2893,2020,730257152,BYU,D1 West Coast Conference,730263552,UVU,190339759,2020-03-03 13:00:00,1,0,1,0,1955486309,T. Heaton,R,FA,R,0.0657506139569,2.25738056284,18.6599027436,3.14248935422,6.45350559838,IP,S,-0.982591245677,6.46649491525,91.0655426787,1957.22566074,189.543802046,1.0
2894,2020,730257152,BYU,D1 West Coast Conference,730263552,UVU,190339759,2020-03-03 13:00:00,1,0,0,0,1955486309,T. Heaton,R,SL,R,0.202713257586,3.19636874683,-5.31611334074,-9.60953400179,5.9156785905,SL,IP_OUT,-1.09090182818,6.25330465537,73.9245139472,1493.56779051,61.2684569978,-0.15
2895,2020,730257152,BYU,D1 West Coast Conference,730263552,UVU,190339759,2020-03-03 13:00:00,1,0,0,1,1955486309,T. Heaton,R,FA,R,0.874939484825,1.56127943009,19.5522147047,-0.0171375222826,6.55870655595,B,S,-1.06003561174,6.36943729048,89.974517527,1982.48568504,179.949862198,0.13
2896,2020,730257152,BYU,D1 West Coast Conference,730263552,UVU,190339759,2020-03-03 13:00:00,1,1,0,1,1955486309,T. Heaton,R,SL,R,0.29732715233,0.950573809226,-8.82190873025,-5.64286202178,5.87810329549,B,S,-1.24132079907,6.22539423922,73.5659020033,1792.91034763,32.7493742035,0.13
2897,2020,730257152,BYU,D1 West Coast Conference,730263552,UVU,190339759,2020-03-03 13:00:00,1,2,0,1,1955486309,T. Heaton,R,FA,R,0.548740142637,1.7381656678,17.5946152888,4.04534006286,6.48425299095,IP,S,-1.20285742889,6.33608290392,88.5221111205,2011.33269406,192.925019238,1.0
2898,2020,730257152,BYU,D1 West Coast Conference,730263552,UVU,190339759,2020-03-03 13:00:00,1,0,0,2,1955486309,T. Heaton,R,CU,R,-1.23637816397,3.02759780967,12.3648568259,10.581950109,6.55032028723,SL,S,-1.08253727334,6.41437442276,88.7685193408,1806.47280136,220.48264436,-0.15
2899,2020,730257152,BYU,D1 West Coast Conference,730263552,UVU,190339759,2020-03-03 13:00:00,1,0,1,2,1955486309,T. Heaton,R,SL,R,0.643206456591,1.48776792657,9.66934027481,0.429346031431,6.49766259135,B,S,-1.29829944003,6.22468977711,83.3941782929,2082.36666161,182.53273729,0.13
2900,2020,730257152,BYU,D1 West Coast Conference,730263552,UVU,190339759,2020-03-03 13:00:00,1,1,1,2,1955486309,T. Heaton,R,FA,R,-0.864319691918,1.57908136764,18.9469167683,8.51878353863,6.69475364976,SL,S,-0.98096962678,6.38698946383,89.0723467351,1917.10143588,204.172947839,-0.15
2901,2020,730257152,BYU,D1 West Coast Conference,730263552,UVU,190339759,2020-03-03 13:00:00,1,1,2,2,1955486309,T. Heaton,R,FA,R,1.10862195962,1.72266751648,17.9003087087,4.29201078994,6.40477454612,B,S,-0.848017006294,6.48290420033,90.8696237716,2173.13178054,193.460587752,0.13
2902,2020,730257152,BYU,D1 West Coast Conference,730263552,UVU,190339759,2020-03-03 13:00:00,1,2,2,2,1955486309,T. Heaton,R,FA,R,-0.863816392252,1.92464178275,15.2227345722,10.0416843559,6.71084665473,F,S,-1.16774351733,6.34982253028,89.6715156233,1995.43109439,213.356156814,0.0
2903,2020,730257152,BYU,D1 West Coast Conference,730263552,UVU,190339759,2020-03-03 13:00:00,1,2,2,2,1955486309,T. Heaton,R,FA,R,1.15115119412,1.24550916424,17.2890831177,4.1935491992,6.67202862598,B,S,-0.939665770883,6.3406717942,90.5301102811,2148.82681872,193.610349114,0.13
2904,2020,730257152,BYU,D1 West Coast Conference,730263552,UVU,190339759,2020-03-03 13:00:00,1,3,2,2,1955486309,T. Heaton,R,FA,R,-0.0398783503637,1.92619350157,16.7059777989,10.388052301,6.77066802977,IP,S,-1.13694787697,6.26564396594,89.027781201,2073.567504,211.824922378,1.0
2905,2020,730257152,BYU,D1 West Coast Conference,730263552,UVU,190339759,2020-03-03 13:00:00,1,0,0,2,1955486309,T. Heaton,R,FA,R,0.766305291835,2.00984020651,16.396436406,3.42588958976,6.64102056409,SL,IP_OUT,-1.24953778503,6.32607764023,90.060571079,2037.30165448,191.779619503,-0.15
2906,2020,730257152,BYU,D1 West Coast Conference,730263552,UVU,190339759,2020-03-03 13:00:00,1,0,1,2,1955486309,T. Heaton,R,FA,R,1.70967895604,1.19327268015,15.5656222679,2.04411173609,6.69667523218,B,IP_OUT,-1.08321748453,6.3139145495,89.5754944702,2030.29376922,187.466341142,0.13
2907,2020,730257152,BYU,D1 West Coast Conference,730263552,UVU,190339759,2020-03-03 13:00:00,1,1,1,2,1955486309,T. Heaton,R,CU,R,0.842446867394,1.00480943129,-10.7671401229,-4.86391727937,6.44733865938,B,IP_OUT,-1.02169638412,6.21349579772,73.8413719485,1843.27432638,24.4054601724,0.13
2908,2020,730257152,BYU,D1 West Coast Conference,730263552,UVU,190339759,2020-03-03 13:00:00,2,0,0,1,1222784256,B. Robison,R,CU,R,-0.931541319863,2.88171334354,-1.21010788424,-7.12543734798,5.35804458676,SL,K,-0.681656212663,6.11076543784,72.8494039075,2167.47367341,80.7555833193,-0.15
2909,2020,730257152,BYU,D1 West Coast Conference,730263552,UVU,190339759,2020-03-03 13:00:00,2,0,1,1,1222784256,B. Robison,R,CH,R,-0.119830703864,2.19450920383,10.2161532764,14.0708888554,6.24594173799,F,K,-0.898873413419,5.85341216284,78.3279511818,1543.58685978,233.905414198,-0.15
2910,2020,730257152,BYU,D1 West Coast Conference,730263552,UVU,190339759,2020-03-03 13:00:00,2,0,0,2,1222784256,B. Robison,R,FA,R,0.559623159826,2.08542943075,13.6890449462,8.60543355647,5.82080171535,SL,S,-0.568832388757,6.36678418398,89.3501679909,1917.09171595,212.093565824,-0.15
2911,2020,730257152,BYU,D1 West Coast Conference,730263552,UVU,190339759,2020-03-03 13:00:00,2,0,1,2,1222784256,B. Robison,R,CH,R,0.0197989029085,2.55492411144,9.98479948622,14.908118527,6.20567816131,IP,S,-0.819579667437,5.85802524189,77.9947803945,1518.94782561,236.075178594,1.0
2912,2020,730257152,BYU,D1 West Coast Conference,730263552,UVU,190339759,2020-03-03 13:00:00,3,0,0,0,1222784256,B. Robison,R,CU,R,0.305608263212,1.74407494069,1.20410104589,-3.70895338593,5.56311822162,SS,IP_OUT,-0.692564504539,5.96722278972,72.969212011,2145.85050044,108.678307605,-0.15
2913,2020,730257152,BYU,D1 West Coast Conference,730263552,UVU,190339759,2020-03-03 13:00:00,3,0,0,1,1222784256,B. Robison,R,FA,R,-0.201755015834,2.2217065581,9.61248357673,12.121184191,5.73883903199,F,IP_OUT,-0.788660842687,6.15577530641,87.3243324859,1918.57685965,231.484349311,-0.15
2914,2020,730257152,BYU,D1 West Coast Conference,730263552,UVU,190339759,2020-03-03 13:00:00,3,0,0,2,1222784256,B. Robison,R,CU,R,0.436743900209,1.56671097502,0.362659507598,-5.91495861012,5.422368809,SS,IP_OUT,-0.809302889775,6.0374231657,73.254157851,2183.36456443,93.9845794574,-0.15
2915,2020,730257152,BYU,D1 West Coast Conference,730263552,UVU,190339759,2020-03-03 13:00:00,3,0,1,2,1222784256,B. Robison,R,CH,R,1.49907451797,0.180792422613,3.51158182014,-3.51422783272,5.4619140132,B,IP_OUT,-0.774754048015,5.94477960288,78.1741272278,2154.60104576,135.33401784,0.13
2916,2020,730257152,BYU,D1 West Coast Conference,730263552,UVU,190339759,2020-03-03 13:00:00,3,1,1,2,1222784256,B. Robison,R,CU,R,-1.02062157608,3.07505650651,-2.29657218719,-8.92062382606,5.4275575452,SL,IP_OUT,-0.916199870435,5.96390567096,72.8488419032,2136.5455956,75.8634160145,-0.15
2917,2020,730257152,BYU,D1 West Coast Conference,730263552,UVU,190339759,2020-03-03 13:00:00,3,1,2,2,1222784256,B. Robison,R,FA,R,0.439661220447,4.17994640889,17.6882562105,8.51440402029,5.69085696321,B,IP_OUT,-0.708524460525,6.24682827701,87.1308803463,1957.5117708,205.660406896,0.13
2918,2020,730257152,BYU,D1 West Coast Conference,730263552,UVU,190339759,2020-03-03 13:00:00,3,2,2,2,1222784256,B. Robison,R,FA,R,1.47858044406,3.54830231213,14.297594802,7.45796064549,6.02101215159,B,IP_OUT,-0.604235530961,6.15674877741,86.649252192,1892.84650002,207.490840887,0.13
2919,2020,730257152,BYU,D1 West Coast Conference,730263552,UVU,190339759,2020-03-03 13:00:00,4,0,0,0,1222784256,B. Robison,R,FA,R,2.22022053055,2.78798050057,16.6906631387,3.8570713096,5.77569860331,B,IP_OUT,-0.472121392256,6.33415680542,87.0475804762,1938.86914549,192.98590298,0.13
2920,2020,730257152,BYU,D1 West Coast Conference,730263552,UVU,190339759,2020-03-03 13:00:00,4,1,0,0,1222784256,B. Robison,R,FA,R,-0.0341856431097,3.3173867697,14.3383670972,3.72623765116,5.57833549773,F,IP_OUT,-0.490951906268,6.26902969013,85.7362316922,1883.71481771,194.532557795,-0.15
2921,2020,730257152,BYU,D1 West Coast Conference,730263552,UVU,190339759,2020-03-03 13:00:00,4,1,1,0,1222784256,B. Robison,R,CU,R,0.52385523318,2.06637415555,2.92977740947,-9.67668463802,5.49323330256,SL,IP_OUT,-0.870412323912,6.04877582834,73.1888511539,2284.73494609,107.11226633,-0.15
2922,2020,730257152,BYU,D1 West Coast Conference,730263552,UVU,190339759,2020-03-03 13:00:00,4,1,2,0,1222784256,B. Robison,R,FA,R,2.13807277529,1.72789433428,12.8932112214,11.3816249427,5.96614206752,B,IP_OUT,-0.395865913596,6.20446802013,86.5465765444,1972.36917443,221.359686865,0.13
2923,2020,730257152,BYU,D1 West Coast Conference,730263552,UVU,190339759,2020-03-03 13:00:00,4,0,0,1,1222784256,B. Robison,R,CH,R,1.38573369428,0.865901679397,9.10297351696,17.0247859246,5.99416528321,B,K,-0.869615406327,5.87756202251,77.0041090521,1577.75500799,241.752280989,0.13
2924,2020,730257152,BYU,D1 West Coast Conference,730263552,UVU,190339759,2020-03-03 13:00:00,4,1,0,1,1222784256,B. Robison,R,CH,R,-1.06123102967,3.55882784539,4.3836614805,15.8177695649,6.35679141592,SL,K,-0.844011066993,5.85755928572,73.8526091578,1459.63478658,254.350974136,-0.15
2925,2020,730257152,BYU,D1 West Coast Conference,730263552,UVU,190339759,2020-03-03 13:00:00,4,1,1,1,1222784256,B. Robison,R,CU,R,-0.61956426315,2.14691039418,1.44705204281,-11.0943310387,5.64576075066,SL,K,-0.726955260677,6.00551163951,71.983654233,2217.94611269,97.6881203411,-0.15
2926,2020,730257152,BYU,D1 West Coast Conference,730263552,UVU,190339759,2020-03-03 13:00:00,4,1,2,1,1222784256,B. Robison,R,FA,R,1.32022654608,2.67436041357,18.3218171459,8.41858424703,5.77055444877,SS,K,-0.317029519664,6.37802217964,87.9726588603,2036.75107371,204.637726451,-0.15
2927,2020,730257152,BYU,D1 West Coast Conference,730263552,UVU,190339759,2020-03-03 13:00:00,4,0,0,2,1222784256,B. Robison,R,FA,R,0.161555211759,3.16378640339,14.9150543148,9.30782222251,5.76936079768,F,K,-0.430280811313,6.34610537087,86.9146621596,1914.86082674,211.906584486,-0.15
2928,2020,730257152,BYU,D1 West Coast Conference,730263552,UVU,190339759,2020-03-03 13:00:00,4,0,1,2,1222784256,B. Robison,R,CH,R,-0.586981106675,3.51264206094,6.8852199931,13.3202418005,6.05330781052,SS,K,-0.947987859868,5.86467754563,74.6434018299,1620.96262436,242.508333358,-0.15
2929,2020,730257152,BYU,D1 West Coast Conference,730263552,UVU,190339759,2020-03-03 13:00:00,4,1,2,2,1222784256,B. Robison,R,CH,R,-0.314714815668,2.48452949287,5.05402055028,-3.04530973882,5.78022431956,SS,K,-0.863604277932,5.89392533431,75.0507369693,2115.98028389,149.159966978,-0.15
2930,2020,730257152,BYU,D1 West Coast Conference,730263552,UVU,190339759,2020-03-03 13:00:00,5,0,0,0,1717621304,D. Zimmerman,R,FA,R,-1.64210686321,4.6187116939,17.7174622203,10.0752206721,4.42640288787,HBP,HBP,-1.23816172479,6.12045827229,89.6696606525,1877.67096323,209.577729912,0.8
2931,2020,730257152,BYU,D1 West Coast Conference,730263552,UVU,190339759,2020-03-03 13:00:00,5,0,0,0,1717621304,D. Zimmerman,R,FA,R,0.0173055161567,2.97574253448,17.8118457821,9.36185924965,4.44144112719,F,BB,-1.08878501166,6.02170579503,87.6821520264,2146.79747627,207.678591166,-0.15
2932,2020,730257152,BYU,D1 West Coast Conference,730263552,UVU,190339759,2020-03-03 13:00:00,5,0,1,0,1717621304,D. Zimmerman,R,CH,R,-0.0282117583598,1.4678225807,9.28572159412,4.75689540729,4.67111196378,B,BB,-1.44480871071,5.71700979849,80.0300226898,1866.67723763,207.018161446,0.13
2933,2020,730257152,BYU,D1 West Coast Conference,730263552,UVU,190339759,2020-03-03 13:00:00,5,1,1,0,1717621304,D. Zimmerman,R,CH,R,-0.0306554880916,1.15255204017,5.5699278892,6.56921983307,4.71788854675,B,BB,-1.76989518992,5.77536999803,81.3674595236,1872.53306987,229.495738546,0.13
2934,2020,730257152,BYU,D1 West Coast Conference,730263552,UVU,190339759,2020-03-03 13:00:00,5,2,1,0,1717621304,D. Zimmerman,R,FA,R,0.867551937958,1.72572500127,15.1292913978,14.0103957581,4.7392194151,B,BB,-1.36727247154,5.93174486213,87.4777349229,2028.17834942,222.732649747,0.13
2935,2020,730257152,BYU,D1 West Coast Conference,730263552,UVU,190339759,2020-03-03 13:00:00,5,3,1,0,1717621304,D. Zimmerman,R,FA,R,-0.0271863538864,1.82531064712,18.519387197,10.9505317927,4.44639434244,SL,BB,-1.49126955324,6.04492087128,87.4611786126,2004.23725405,210.54644358,-0.15
2936,2020,730257152,BYU,D1 West Coast Conference,730263552,UVU,190339759,2020-03-03 13:00:00,5,3,2,0,1717621304,D. Zimmerman,R,SL,R,1.36856808595,2.13373269593,8.75028324308,17.6352634109,4.8742026404,B,BB,-1.83594001936,5.59968171562,79.7278120262,1960.60871987,243.498178733,0.8
2937,2020,730257152,BYU,D1 West Coast Conference,730263552,UVU,190339759,2020-03-03 13:00:00,5,0,0,0,1115861341,C. McKeehan,L,FA,R,1.12213950423,3.16364667213,14.5063674188,-4.33453770277,5.58962418517,SL,DP,2.8431857344,6.39590836272,89.8463227339,2095.31820472,163.399086833,-0.15
2938,2020,730257152,BYU,D1 West Coast Conference,730263552,UVU,190339759,2020-03-03 13:00:00,5,0,1,0,1115861341,C. McKeehan,L,CH,R,-1.78631030915,1.6566593318,2.06561407219,4.51857492766,5.44503246197,B,DP,2.74626466907,6.48554957535,82.4370475931,2317.49724257,245.01717437,0.13
2939,2020,730257152,BYU,D1 West Coast Conference,730263552,UVU,190339759,2020-03-03 13:00:00,5,1,1,0,1115861341,C. McKeehan,L,CH,R,-0.216187135239,2.40293287899,0.28065656109,2.83692395538,5.68012402491,IP,DP,2.7359334093,6.45218116988,81.3092401579,2285.05141849,263.545856556,-0.21
2940,2020,730257152,BYU,D1 West Coast Conference,730263552,UVU,190339759,2020-03-03 13:00:00,5,0,0,2,1115861341,C. McKeehan,L,CU,R,-0.412721329255,1.1322538108,-4.07247883971,2.49301347246,5.36358912939,B,IP_OUT,2.48584884252,6.50612069944,80.226862525,2313.50016629,328.263694873,0.13
2941,2020,730257152,BYU,D1 West Coast Conference,730263552,UVU,190339759,2020-03-03 13:00:00,5,1,0,2,1115861341,C. McKeehan,L,CU,R,-0.598184000122,3.29983696948,-1.23177037386,5.06901719177,5.28990963169,SL,IP_OUT,2.6249067951,6.46612867935,80.8727405964,2352.83750653,283.217980358,-0.15
2942,2020,730257152,BYU,D1 West Coast Conference,730263552,UVU,190339759,2020-03-03 13:00:00,5,1,1,2,1115861341,C. McKeehan,L,FA,R,1.00048550646,1.60231744472,15.7860160238,-3.90028174578,5.7382074316,B,IP_OUT,2.74442808922,6.46228578025,89.8722949477,2076.93201454,166.149267269,0.13
2943,2020,730257152,BYU,D1 West Coast Conference,730263552,UVU,190339759,2020-03-03 13:00:00,5,2,1,2,1115861341,C. McKeehan,L,CU,R,-0.577344345971,1.34087713565,-5.05915915947,2.90359007369,5.40586908024,SS,IP_OUT,2.50172821655,6.4096600263,80.9968786147,2276.90138215,329.946240984,-0.15
2944,2020,730257152,BYU,D1 West Coast Conference,730263552,UVU,190339759,2020-03-03 13:00:00,5,2,2,2,1115861341,C. McKeehan,L,FA,R,-1.0685774614,0.611747934673,15.6999177554,-2.49824829786,5.81246322281,B,IP_OUT,2.6236005287,6.55408629918,90.0319214943,2103.51995865,170.976955442,0.13
2945,2020,730257152,BYU,D1 West Coast Conference,730263552,UVU,190339759,2020-03-03 13:00:00,6,0,0,0,1470111442,M. Johnson,R,FA,R,0.16432968438,1.76201186775,18.5820397688,9.51741962365,5.08595206655,SS,HBP,-2.38799554109,6.45270414713,93.2545533544,2273.9764097,207.082040524,-0.15
2946,2020,730257152,BYU,D1 West Coast Conference,730263552,UVU,190339759,2020-03-03 13:00:00,6,0,1,0,1470111442,M. Johnson,R,FA,R,-0.317800821635,3.58173342459,16.1967973966,12.0941149626,4.9462226552,F,HBP,-2.39268236114,6.4808858726,93.5354858257,2423.4194415,216.696163756,-0.15
2947,2020,730257152,BYU,D1 West Coast Conference,730263552,UVU,190339759,2020-03-03 13:00:00,6,0,2,0,1470111442,M. Johnson,R,FA,R,-0.435701863205,4.26245697499,13.2467060011,14.000545899,4.71589208605,B,HBP,-2.24271833751,6.52569507512,92.7668758953,2078.9110654,226.516003639,0.13
2948,2020,730257152,BYU,D1 West Coast Conference,730263552,UVU,190339759,2020-03-03 13:00:00,6,1,2,0,1470111442,M. Johnson,R,FA,R,-1.40813444323,3.9931312465,11.9373722167,14.8599521903,4.85822411628,HBP,HBP,-2.38085273899,6.51848772907,92.8791025491,2080.15424888,231.150408008,0.8
2949,2020,730257152,BYU,D1 West Coast Conference,730263552,UVU,190339759,2020-03-03 13:00:00,6,0,0,0,1470111442,M. Johnson,R,FA,R,-0.782489183496,2.56419820751,8.38374648478,18.1189316518,5.13892876415,F,IP_OUT,-2.38401852666,6.33587443947,93.2637227082,2161.08706996,245.089144854,-0.15
2950,2020,730257152,BYU,D1 West Coast Conference,730263552,UVU,190339759,2020-03-03 13:00:00,6,0,1,0,1470111442,M. Johnson,R,SL,R,0.452595738343,2.23188095485,-2.44418069243,-5.05759420213,4.67522006882,SL,IP_OUT,-2.50432917305,6.27314889246,79.6871671635,2337.20506343,64.6043962632,-0.15
2951,2020,730257152,BYU,D1 West Coast Conference,730263552,UVU,190339759,2020-03-03 13:00:00,6,0,0,1,1470111442,M. Johnson,R,FA,R,-0.148459991338,3.28440096088,14.0952680111,12.6887893812,4.92259908266,SL,IP_OUT,-2.31437097617,6.40524013597,92.8524749962,2092.2894038,221.930441024,-0.15
2952,2020,730257152,BYU,D1 West Coast Conference,730263552,UVU,190339759,2020-03-03 13:00:00,6,0,1,1,1470111442,M. Johnson,R,FA,R,1.28780820365,1.76620609171,15.1951707987,15.0855174085,5.00581197817,B,IP_OUT,-2.3933957863,6.36731273301,93.5670730691,2291.26086231,224.733852914,0.13
2953,2020,730257152,BYU,D1 West Coast Conference,730263552,UVU,190339759,2020-03-03 13:00:00,6,1,1,1,1470111442,M. Johnson,R,FA,R,-0.96010105999,2.00999486575,13.7410923225,13.3238809131,4.98111267051,SL,IP_OUT,-2.32113989448,6.56024815294,92.4172881271,2072.49507463,224.050910692,-0.15
2954,2020,730257152,BYU,D1 West Coast Conference,730263552,UVU,190339759,2020-03-03 13:00:00,6,0,0,2,1470111442,M. Johnson,R,SL,R,1.14521016072,1.30512078485,-7.08608016241,-3.30592439787,4.67561517229,B,BB,-2.53539174406,6.14470650937,80.0625768017,2498.2818439,25.1439024401,0.13
2955,2020,730257152,BYU,D1 West Coast Conference,730263552,UVU,190339759,2020-03-03 13:00:00,6,1,0,2,1470111442,M. Johnson,R,FA,R,0.575733820661,1.48943424801,13.2815656069,14.4337533826,5.05363425843,B,BB,-2.32653049206,6.379464569,92.5183055939,2239.67224002,227.312496422,0.13
2956,2020,730257152,BYU,D1 West Coast Conference,730263552,UVU,190339759,2020-03-03 13:00:00,6,2,0,2,1470111442,M. Johnson,R,FA,R,0.978537817449,2.31744041852,17.5656519936,7.09896055396,5.02445861781,SL,BB,-2.4769140221,6.45228453492,92.8629699278,2258.45304956,201.96992173,-0.15
2957,2020,730257152,BYU,D1 West Coast Conference,730263552,UVU,190339759,2020-03-03 13:00:00,6,2,1,2,1470111442,M. Johnson,R,FA,R,0.78915939046,1.5289658444,16.3984210071,6.39686979505,4.91122431013,B,BB,-2.37356940884,6.42263399644,92.6185878137,2265.5608686,201.272799516,0.13
2958,2020,730257152,BYU,D1 West Coast Conference,730263552,UVU,190339759,2020-03-03 13:00:00,6,3,1,2,1470111442,M. Johnson,R,FA,R,-0.340987216584,4.04771486847,13.4463949278,8.89682662546,5.03084604435,B,BB,-2.46071471149,6.51302845173,92.0883038946,2227.41915776,213.428660785,0.8
2959,2020,730257152,BYU,D1 West Coast Conference,730263552,UVU,190339759,2020-03-03 13:00:00,6,0,0,2,1470111442,M. Johnson,R,FA,R,-0.283168081134,2.60287500948,12.4914132815,12.2404128914,5.06242542465,F,IP_OUT,-2.50187230416,6.35737196988,92.8815509788,2245.69164013,224.346912884,-0.15
2960,2020,730257152,BYU,D1 West Coast Conference,730263552,UVU,190339759,2020-03-03 13:00:00,6,0,1,2,1470111442,M. Johnson,R,FA,R,0.325519297647,0.692265640158,14.8958132807,14.6707226422,4.98677709022,B,IP_OUT,-2.44357019271,6.40848982113,92.5506153127,2265.24329519,224.502673437,0.13
2961,2020,730257152,BYU,D1 West Coast Conference,730263552,UVU,190339759,2020-03-03 13:00:00,6,1,1,2,1470111442,M. Johnson,R,SL,R,-1.06973202603,3.72536746198,-2.13737735885,-11.6687880824,4.60172419885,B,IP_OUT,-2.44012309784,6.23482992501,76.2477562487,2457.05783835,79.8428098858,0.13
2962,2020,730257152,BYU,D1 West Coast Conference,730263552,UVU,190339759,2020-03-03 13:00:00,6,2,1,2,1470111442,M. Johnson,R,FA,R,1.58246070844,1.87198474654,18.8089972626,11.2871306992,5.21399720298,B,IP_OUT,-2.35471573331,6.44364478867,92.6533624762,2385.59097638,210.925256081,0.13
2963,2020,730257152,BYU,D1 West Coast Conference,730263552,UVU,190339759,2020-03-03 13:00:00,7,0,0,0,1351327642,E. Walker,R,CU,R,-1.35671967089,4.09414990694,-1.95990768572,-8.54799418085,4.96201801445,B,K,-1.3780133956,5.48561659767,73.2729195244,2426.55989698,77.4074359759,0.13
2964,2020,730257152,BYU,D1 West Coast Conference,730263552,UVU,190339759,2020-03-03 13:00:00,7,1,0,0,1351327642,E. Walker,R,FA,R,-0.124351608197,2.91050336776,15.6447770004,9.46716319682,5.42477214199,F,K,-1.34991460859,5.4791309617,88.3590488313,2048.58504552,211.124201953,-0.15
2965,2020,730257152,BYU,D1 West Coast Conference,730263552,UVU,190339759,2020-03-03 13:00:00,7,1,1,0,1351327642,E. Walker,R,CU,R,-1.20380137058,5.22141888896,-2.107929692,-8.74314223153,4.94437755856,B,K,-1.34001041428,5.4951549154,74.7249877817,2486.23864298,76.7441705871,0.13
2966,2020,730257152,BYU,D1 West Coast Conference,730263552,UVU,190339759,2020-03-03 13:00:00,7,2,1,0,1351327642,E. Walker,R,FA,R,-0.598628669515,4.34010982574,16.6903126347,12.0568781709,5.48657577217,B,K,-1.18082753666,5.747062148,88.8302414292,1940.26726889,215.78950682,0.13
2967,2020,730257152,BYU,D1 West Coast Conference,730263552,UVU,190339759,2020-03-03 13:00:00,7,3,1,0,1351327642,E. Walker,R,FA,R,0.435541919389,3.27182199857,18.9691546583,9.34108050059,5.33850256636,SS,K,-1.46104534189,5.44599632584,88.1659378386,1940.61355577,206.176076436,-0.15
2968,2020,730257152,BYU,D1 West Coast Conference,730263552,UVU,190339759,2020-03-03 13:00:00,7,3,2,0,1351327642,E. Walker,R,FA,R,-0.737103976911,2.18385214392,14.4557865699,15.4374796062,5.48101275491,SS,K,-1.39067090164,5.55304495699,88.0124631485,2026.51279717,226.813308501,-0.15
2969,2020,730257152,BYU,D1 West Coast Conference,730263552,UVU,190339759,2020-03-03 13:00:00,7,0,0,1,1351327642,E. Walker,R,CU,R,0.161663213633,1.78780055965,-2.71079887901,-7.26424608291,4.94361295695,SL,K,-1.21708335581,5.55909971564,73.2951624653,2463.39549892,69.8821547506,-0.15
2970,2020,730257152,BYU,D1 West Coast Conference,730263552,UVU,190339759,2020-03-03 13:00:00,7,0,1,1,1351327642,E. Walker,R,FA,R,-0.264394875362,1.67430579317,16.6395296904,13.2772633932,5.55562996003,F,K,-1.32151647087,5.54153708358,90.1564915338,2185.22015638,218.533162952,-0.15
2971,2020,730257152,BYU,D1 West Coast Conference,730263552,UVU,190339759,2020-03-03 13:00:00,7,0,2,1,1351327642,E. Walker,R,FA,R,-0.301578524438,4.39004737213,15.8520247765,12.2294386455,5.46573413735,SS,K,-1.21246853149,5.55475334542,90.0382391923,1944.39423003,217.592455836,-0.15
2972,2020,730257152,BYU,D1 West Coast Conference,730263552,UVU,190339759,2020-03-03 13:00:00,7,0,0,2,1351327642,E. Walker,R,FA,R,0.270649980744,3.28964389093,17.3822379676,11.77410235,5.51676334048,SS,K,-1.25480058512,5.65023811834,89.8564310772,1718.49147472,214.062298209,-0.15
2973,2020,730257152,BYU,D1 West Coast Conference,730263552,UVU,190339759,2020-03-03 13:00:00,7,0,1,2,1351327642,E. Walker,R,FA,R,0.914043190149,1.79981979609,17.842901076,9.22946953271,5.47032475687,B,K,-1.04473344086,5.74080193517,89.6231459222,1909.5010041,207.307685973,0.13
2974,2020,730257152,BYU,D1 West Coast Conference,730263552,UVU,190339759,2020-03-03 13:00:00,7,1,1,2,1351327642,E. Walker,R,CU,R,-1.09930111115,3.11626781786,-2.44091976156,-5.28675596804,5.01112336886,SL,K,-1.22281919124,5.51522544751,74.9901019779,2567.07908318,65.6451691315,-0.15
2975,2020,730257152,BYU,D1 West Coast Conference,730263552,UVU,190339759,2020-03-03 13:00:00,7,1,2,2,1351327642,E. Walker,R,FA,R,1.15390889786,3.38399830613,16.225412986,13.8479542168,5.52183427643,B,K,-1.18441725445,5.56573796908,90.1909826106,2064.52366166,220.423310674,0.13
2976,2020,730257152,BYU,D1 West Coast Conference,730263552,UVU,190339759,2020-03-03 13:00:00,7,2,2,2,1351327642,E. Walker,R,FA,R,0.0918808699054,3.61050567493,17.4960011134,12.0087792691,5.21162954151,SS,K,-1.22809536831,5.62517562714,89.1067138839,2029.45137018,214.413302531,-0.15
2977,2020,730257152,BYU,D1 West Coast Conference,730263552,UVU,190339759,2020-03-03 13:00:00,8,0,0,0,1351327642,E. Walker,R,FA,R,-0.495285268422,1.98268791498,14.8037673335,13.0725424311,5.43776963435,F,IP_OUT,-1.4870415858,5.56068061812,86.7825942546,1759.21017461,221.379076746,-0.15
2978,2020,730257152,BYU,D1 West Coast Conference,730263552,UVU,190339759,2020-03-03 13:00:00,8,0,0,1,1351327642,E. Walker,R,FA,R,-0.571870659283,1.93689367733,14.8921853849,16.6463424188,5.39260222199,SL,K,-1.44143077512,5.5594587235,88.0252429343,1958.2406293,228.118079257,-0.15
2979,2020,730257152,BYU,D1 West Coast Conference,730263552,UVU,190339759,2020-03-03 13:00:00,8,0,1,1,1351327642,E. Walker,R,FA,R,0.438102783559,2.99917467876,17.0879743171,13.2323389767,5.35398742592,F,K,-1.21003436055,5.49510577046,88.852745146,2139.40055206,217.698416935,-0.15
2980,2020,730257152,BYU,D1 West Coast Conference,730263552,UVU,190339759,2020-03-03 13:00:00,8,0,2,1,1351327642,E. Walker,R,FA,R,2.10905124952,1.44722501116,17.6113451618,18.1335423717,5.34145726494,B,K,-1.12113572713,5.60017530083,89.4379480929,2161.74042769,225.782555405,0.13
2981,2020,730257152,BYU,D1 West Coast Conference,730263552,UVU,190339759,2020-03-03 13:00:00,8,1,2,1,1351327642,E. Walker,R,FA,R,1.82648743999,2.1638008544,19.0205400173,15.6214159892,5.39670180769,B,K,-1.42523731589,5.56085055945,89.717533221,2170.63661338,219.346927387,0.13
2982,2020,730257152,BYU,D1 West Coast Conference,730263552,UVU,190339759,2020-03-03 13:00:00,8,2,2,1,1351327642,E. Walker,R,FA,R,0.757483280275,1.72557829833,19.2049321541,14.0445559703,5.41464232232,SL,K,-1.30457806912,5.56872308525,88.1256845993,2069.87438408,216.129203195,-0.15
2983,2020,730257152,BYU,D1 West Coast Conference,730263552,UVU,190339759,2020-03-03 13:00:00,8,0,0,2,1351327642,E. Walker,R,FA,R,1.15236880299,2.11541500444,17.6493277026,14.7602356336,5.51406593476,SL,K,-1.21857881924,5.51314213573,89.8572328469,2157.08237906,219.853544917,-0.15
2984,2020,730257152,BYU,D1 West Coast Conference,730263552,UVU,190339759,2020-03-03 13:00:00,8,0,1,2,1351327642,E. Walker,R,CU,R,0.88836259213,1.19858483369,-2.5148812609,-4.54232408519,4.86431232666,F,K,-1.32534795814,5.56245199215,76.2310236525,2540.69856511,61.4818745645,-0.15
2985,2020,730257152,BYU,D1 West Coast Conference,730263552,UVU,190339759,2020-03-03 13:00:00,8,0,2,2,1351327642,E. Walker,R,FA,R,-0.400622776706,3.74825354153,16.9954344987,13.8823128174,5.34135817398,F,K,-1.34757127781,5.61982398779,88.2325266352,1999.67557024,219.186341824,0.0
2986,2020,730257152,BYU,D1 West Coast Conference,730263552,UVU,190339759,2020-03-03 13:00:00,8,0,2,2,1351327642,E. Walker,R,FA,R,1.0230253604,2.40166766464,16.2006558266,15.3052674934,5.47443820672,SL,K,-1.187836799,5.54018894857,91.0395631602,2127.11199623,223.315141573,-0.15
2987,2020,730257152,BYU,D1 West Coast Conference,730263552,UVU,190339759,2020-03-03 13:00:00,9,0,0,0,1637183232,R. McLaughlin,R,FA,R,-0.126654820945,2.99910780772,8.55954144071,17.689678187,5.25633424592,F,K,-1.97324804946,5.75389948717,93.3269910908,2118.0124017,244.097950161,-0.15
2988,2020,730257152,BYU,D1 West Coast Conference,730263552,UVU,190339759,2020-03-03 13:00:00,9,0,1,0,1637183232,R. McLaughlin,R,FA,R,1.33471326348,2.70939468249,12.866548382,10.6446436011,5.36412675737,SL,K,-1.7878295189,5.74287389371,92.8711274249,1996.52996326,219.533818579,-0.15
2989,2020,730257152,BYU,D1 West Coast Conference,730263552,UVU,190339759,2020-03-03 13:00:00,9,0,2,0,1637183232,R. McLaughlin,R,FA,R,0.647802175432,4.24607512865,9.05270712222,6.4409256067,5.33930114623,B,K,-1.78426763757,5.7329010554,91.6225180372,2019.93554442,215.337205359,0.13
2990,2020,730257152,BYU,D1 West Coast Conference,730263552,UVU,190339759,2020-03-03 13:00:00,9,1,2,0,1637183232,R. McLaughlin,R,FA,R,0.278246476178,2.78932256979,12.8437842479,10.5868826463,5.26276371452,F,K,-1.89655645739,5.66466408181,91.9972170951,1967.80631041,219.429188245,0.0
2991,2020,730257152,BYU,D1 West Coast Conference,730263552,UVU,190339759,2020-03-03 13:00:00,9,1,2,0,1637183232,R. McLaughlin,R,FA,R,0.676632815913,2.54543450502,10.1170256934,9.93561651917,5.292970786,SS,K,-1.86824056385,5.60118477287,93.2171105567,2058.69672447,224.394729542,-0.15
2992,2020,730257152,BYU,D1 West Coast Conference,730263552,UVU,190339759,2020-03-03 13:00:00,9,0,0,1,1637183232,R. McLaughlin,R,FA,R,-0.0557759751422,2.9959487166,13.0869282981,12.224098611,5.17081490284,F,IP_OUT,-1.89820070462,5.65909236754,93.0229060153,2096.88692771,222.979645615,-0.15
2993,2020,730257152,BYU,D1 West Coast Conference,730263552,UVU,190339759,2020-03-03 13:00:00,9,0,0,2,1637183232,R. McLaughlin,R,FA,R,2.38369534803,2.06356405899,11.4407549888,7.53563098646,5.55664805505,B,IP_OUT,-1.93588401277,5.5780671735,91.843121489,2072.16901106,213.299454131,0.13
2994,2020,730257152,BYU,D1 West Coast Conference,730263552,UVU,190339759,2020-03-03 13:00:00,9,1,0,2,1637183232,R. McLaughlin,R,FA,R,0.881254205556,1.82753612643,13.6182338615,13.3024786416,5.42659158301,SL,IP_OUT,-1.91020365853,5.63331595527,92.7189676212,2286.16457683,224.263137773,-0.15
2995,2020,730257152,BYU,D1 West Coast Conference,730263552,UVU,190339759,2020-03-03 13:00:00,9,1,1,2,1637183232,R. McLaughlin,R,FA,R,1.7318837057,2.46316786891,11.0453740574,12.9354350171,5.50907895131,B,IP_OUT,-1.69605105835,5.54065088272,92.1798478632,2141.01924269,229.426912038,0.13
2996,2020,730257152,BYU,D1 West Coast Conference,730263552,UVU,190339759,2020-03-03 13:00:00,9,2,1,2,1637183232,R. McLaughlin,R,FA,R,-0.239800875818,1.42206061852,12.672451774,15.0097927525,5.29379947541,F,IP_OUT,-1.83066968207,5.60207464014,91.7675264659,2126.35442386,229.755526175,-0.15
2997,2020,730257152,BYU,D1 West Coast Conference,730263552,UVU,190339759,2020-03-03 13:00:00,9,2,2,2,1637183232,R. McLaughlin,R,FA,R,0.754347976127,3.75407516976,12.1071267475,5.13830819388,5.40567125973,F,IP_OUT,-1.7275189002,5.67633684285,91.3036036066,2121.48105636,202.942401134,0.0
2998,2020,730257152,BYU,D1 West Coast Conference,730263552,UVU,190339759,2020-03-03 13:00:00,9,2,2,2,1637183232,R. McLaughlin,R,SL,R,-0.0635914325509,3.03731267117,-4.83183850318,-9.66897035967,5.00246305185,F,IP_OUT,-2.32143183455,5.16130139117,77.8000265776,2128.04380124,63.6598206874,0.0
2999,2020,730375936,AC,D1 Southland Conference,730263552,UVU,168778686,2020-02-16 13:00:00,1,0,0,0,1042301702,J. Krawietz,R,FA,R,1.31354666188,1.56825987491,14.0585827717,17.3093820595,5.98469413194,B,D,-1.44712638057,5.20459912619,89.3585920584,2071.78802069,230.852237744,0.13
3000,2020,730375936,AC,D1 Southland Conference,730263552,UVU,168778686,2020-02-16 13:00:00,1,1,0,0,1042301702,J. Krawietz,R,FA,R,-0.428236156431,2.58827357693,14.0770978211,16.4227238516,5.86411432935,IP,D,-1.34181452464,5.34750447552,89.4169582306,2073.01069617,229.332586538,1.26
3001,2020,730375936,AC,D1 Southland Conference,730263552,UVU,168778686,2020-02-16 13:00:00,1,0,0,0,1042301702,J. Krawietz,R,FA,R,0.531138529145,3.1795355035,16.4022265542,16.5603805026,5.87340916319,F,K,-1.63640901731,5.308795398,90.0855196841,1944.53899542,225.218800715,-0.15
3002,2020,730375936,AC,D1 Southland Conference,730263552,UVU,168778686,2020-02-16 13:00:00,1,0,1,0,1042301702,J. Krawietz,R,CU,R,0.574469423651,2.02164476126,-5.60492023405,-6.51123168334,5.53939546662,F,K,-1.54852952127,5.19812940226,78.9135460198,1738.19877594,49.4961541279,-0.15
3003,2020,730375936,AC,D1 Southland Conference,730263552,UVU,168778686,2020-02-16 13:00:00,1,0,2,0,1042301702,J. Krawietz,R,CU,R,1.01264649898,2.2347764854,-7.07684905706,-2.36776152563,5.65782142179,F,K,-1.67535549908,5.24329003923,79.5232651788,1459.42399473,18.6018692657,0.0
3004,2020,730375936,AC,D1 Southland Conference,730263552,UVU,168778686,2020-02-16 13:00:00,1,0,2,0,1042301702,J. Krawietz,R,SL,R,1.84745453854,3.3849720107,-0.748525917138,-1.6638961739,5.84600866062,B,K,-1.55026069243,5.24380025738,79.630607133,1659.80784583,66.9923878947,0.13
3005,2020,730375936,AC,D1 Southland Conference,730263552,UVU,168778686,2020-02-16 13:00:00,1,1,2,0,1042301702,J. Krawietz,R,FA,R,0.366607897624,2.68334700989,15.2037869178,15.0514787396,6.05159662292,SS,K,-1.52186759427,5.19821028479,90.5610632842,2158.50955644,224.651334004,-0.15
3006,2020,730375936,AC,D1 Southland Conference,730263552,UVU,168778686,2020-02-16 13:00:00,1,0,0,1,1042301702,J. Krawietz,R,CU,R,-0.327623587892,2.91706158866,-5.99459580675,-4.89327586444,5.525802699,SL,K,-1.5961091345,5.24995927688,80.4029437753,1753.07840809,39.4191742665,-0.15
3007,2020,730375936,AC,D1 Southland Conference,730263552,UVU,168778686,2020-02-16 13:00:00,1,0,1,1,1042301702,J. Krawietz,R,FA,R,-0.973476564347,3.59666665218,17.8563971821,17.0831718728,5.86853861027,B,K,-1.79804692666,5.32203143198,90.3402169814,2173.48095664,223.680382006,0.13
3008,2020,730375936,AC,D1 Southland Conference,730263552,UVU,168778686,2020-02-16 13:00:00,1,1,1,1,1042301702,J. Krawietz,R,FA,R,0.979707517738,2.52364387073,16.5338077819,15.9823622595,5.90846704287,SL,K,-1.5244894375,5.37871871783,90.3973994334,2210.97088605,223.972589763,-0.15
3009,2020,730375936,AC,D1 Southland Conference,730263552,UVU,168778686,2020-02-16 13:00:00,1,1,2,1,1042301702,J. Krawietz,R,FA,R,-0.200728848546,2.52230718597,13.8094609801,14.5285594525,6.02610105034,SS,K,-1.6408803282,5.20529246015,90.5085610524,2130.13188813,226.38758421,-0.15
3010,2020,730375936,AC,D1 Southland Conference,730263552,UVU,168778686,2020-02-16 13:00:00,1,0,0,2,1042301702,J. Krawietz,R,CU,R,0.663218190534,3.0597942403,-6.67241826341,3.54791408766,5.7267675663,SL,HBP,-1.70666951007,5.21915385435,79.2681265306,1814.08909467,331.848673086,-0.15
3011,2020,730375936,AC,D1 Southland Conference,730263552,UVU,168778686,2020-02-16 13:00:00,1,0,1,2,1042301702,J. Krawietz,R,FA,R,0.308059505728,1.78514107266,15.236446,15.0960161567,5.98142878329,SL,HBP,-1.48455609892,5.26833472673,90.7817070444,2164.23313653,224.675223173,-0.15
3012,2020,730375936,AC,D1 Southland Conference,730263552,UVU,168778686,2020-02-16 13:00:00,1,0,2,2,1042301702,J. Krawietz,R,CU,R,-0.255965279832,4.00503034575,-5.43233414052,1.16699849547,5.75542901881,B,HBP,-1.69843158101,5.11895399913,79.3932516414,1757.75100747,347.784093126,0.13
3013,2020,730375936,AC,D1 Southland Conference,730263552,UVU,168778686,2020-02-16 13:00:00,1,1,2,2,1042301702,J. Krawietz,R,CU,R,-1.26773760496,3.19682358921,-7.66786537427,-5.21986166909,5.57247982409,HBP,HBP,-1.64166822748,5.24076402232,79.7692774878,1701.08497853,34.3908105758,0.8
3014,2020,730375936,AC,D1 Southland Conference,730263552,UVU,168778686,2020-02-16 13:00:00,1,0,0,2,1042301702,J. Krawietz,R,CU,R,0.14325640071,2.48864939678,-10.1298912541,-5.42192665248,5.70533998134,F,K,-1.60251503555,5.21889649812,79.0794528719,1688.53579732,28.2582955084,-0.15
3015,2020,730375936,AC,D1 Southland Conference,730263552,UVU,168778686,2020-02-16 13:00:00,1,0,1,2,1042301702,J. Krawietz,R,FA,R,-0.469690238596,3.35152774657,12.6599224044,19.3347770506,5.90757431165,F,K,-1.60173840173,5.33096686547,90.0112218698,2010.54069468,236.717483922,-0.15
3016,2020,730375936,AC,D1 Southland Conference,730263552,UVU,168778686,2020-02-16 13:00:00,1,0,2,2,1042301702,J. Krawietz,R,CU,R,-1.05367578649,4.27767238801,-4.5294603157,-1.15981217212,5.7518723371,B,K,-1.67086053972,5.09298319006,80.0758092374,1470.07160032,14.4884402051,0.13
3017,2020,730375936,AC,D1 Southland Conference,730263552,UVU,168778686,2020-02-16 13:00:00,1,1,2,2,1042301702,J. Krawietz,R,FA,R,-0.651890180242,3.67961437241,16.4501471986,15.8189664303,5.97522569247,SS,K,-1.60816364582,5.14199927612,90.3454309314,1953.24108155,223.823867209,-0.15
3018,2020,730375936,AC,D1 Southland Conference,730263552,UVU,168778686,2020-02-16 13:00:00,1,0,0,2,1042301702,J. Krawietz,R,FA,R,-0.15355487174,3.73232490502,17.2395313507,15.4663272574,5.88068718669,B,K,-1.65189056259,5.35745839331,89.7838691545,2045.24862639,221.843292,0.13
3019,2020,730375936,AC,D1 Southland Conference,730263552,UVU,168778686,2020-02-16 13:00:00,1,1,0,2,1042301702,J. Krawietz,R,CU,R,-0.276643945781,2.79292969422,-7.4271254037,-6.13913579949,5.60195390384,F,K,-1.60441263218,5.20318623953,77.9182411633,1460.16338939,39.7417546864,-0.15
3020,2020,730375936,AC,D1 Southland Conference,730263552,UVU,168778686,2020-02-16 13:00:00,1,1,1,2,1042301702,J. Krawietz,R,FA,R,-0.450529495874,3.10411915801,19.7894201679,15.2887951169,5.97426327257,SS,K,-1.63228855407,5.27303039289,89.5692379078,2134.10710304,217.64339411,-0.15
3021,2020,730375936,AC,D1 Southland Conference,730263552,UVU,168778686,2020-02-16 13:00:00,1,1,2,2,1042301702,J. Krawietz,R,FA,R,1.06361173042,2.27688285307,16.32555357,15.3264924082,6.08175700703,SL,K,-1.52920363687,5.24757535425,90.3698535541,2139.44440951,223.13652056,-0.15
3022,2020,730375936,AC,D1 Southland Conference,730263552,UVU,168778686,2020-02-16 13:00:00,2,0,0,0,1042301702,J. Krawietz,R,FA,R,0.975583135568,0.54599001405,14.0945285362,12.8467782933,5.83135839328,B,IP_OUT,-1.4628748849,5.35555166236,87.1348688822,1935.99230089,222.278506246,0.13
3023,2020,730375936,AC,D1 Southland Conference,730263552,UVU,168778686,2020-02-16 13:00:00,2,0,0,1,1042301702,J. Krawietz,R,FA,R,0.330335411069,2.80519527971,14.8986103263,13.9809888191,5.94134707449,SS,K,-1.66715068558,5.30984543909,88.5446034223,2039.14597446,223.116004996,-0.15
3024,2020,730375936,AC,D1 Southland Conference,730263552,UVU,168778686,2020-02-16 13:00:00,2,0,1,1,1042301702,J. Krawietz,R,FA,R,0.131331364975,3.24810494123,15.7662885728,14.1104501599,5.85566072542,SS,K,-1.60574154009,5.37224123737,89.3690368478,2003.74416,221.768185039,-0.15
3025,2020,730375936,AC,D1 Southland Conference,730263552,UVU,168778686,2020-02-16 13:00:00,2,0,2,1,1042301702,J. Krawietz,R,FA,R,1.87786906711,2.12909991012,14.6983517767,13.2437127815,6.04119199029,B,K,-1.56636595498,5.36616892132,89.5316996181,2015.1020703,221.956543148,0.13
3026,2020,730375936,AC,D1 Southland Conference,730263552,UVU,168778686,2020-02-16 13:00:00,2,1,2,1,1042301702,J. Krawietz,R,CU,R,-1.02810431001,3.34555713307,-8.11653901992,-4.85023844477,5.5510492298,SS,K,-1.69704916024,5.25780015327,78.4467793049,1685.40760206,30.9972841889,-0.15
3027,2020,730375936,AC,D1 Southland Conference,730263552,UVU,168778686,2020-02-16 13:00:00,2,0,0,2,1042301702,J. Krawietz,R,CH,R,-0.522853081584,2.54753794119,-5.80077656206,-7.44568008709,5.66894186345,SS,IP_OUT,-1.52291950736,5.2136325943,78.2080385051,1559.70338955,52.2890418999,-0.15
3028,2020,730375936,AC,D1 Southland Conference,730263552,UVU,168778686,2020-02-16 13:00:00,3,0,0,0,1042301702,J. Krawietz,R,FA,R,0.959850798784,2.46850372524,14.5668181803,16.6312750978,5.91208898391,SL,S,-1.63440864605,5.44485295088,88.0999039813,2103.24776129,228.720113106,-0.15
3029,2020,730375936,AC,D1 Southland Conference,730263552,UVU,168778686,2020-02-16 13:00:00,3,0,1,0,1042301702,J. Krawietz,R,FA,R,-0.291965466424,1.99483329412,14.7288256615,15.8414958847,5.82375825985,IP,S,-1.58913330682,5.32814269539,88.1666882578,2044.00150475,227.019024246,1.0
3030,2020,730375936,AC,D1 Southland Conference,730263552,UVU,168778686,2020-02-16 13:00:00,3,0,0,0,1042301702,J. Krawietz,R,FA,R,1.59488537964,2.76094098802,17.1757334382,12.4633380645,5.91129456455,B,BB,-1.57519372316,5.46681868759,87.9882423657,2043.38539503,215.912636964,0.13
3031,2020,730375936,AC,D1 Southland Conference,730263552,UVU,168778686,2020-02-16 13:00:00,3,1,0,0,1042301702,J. Krawietz,R,CU,R,0.0243070973588,2.82975102679,-6.68783110564,-6.77262275607,5.60412379707,SL,BB,-1.52516195794,5.31251964273,77.0674869435,1714.80464225,45.5522805679,-0.15
3032,2020,730375936,AC,D1 Southland Conference,730263552,UVU,168778686,2020-02-16 13:00:00,3,1,1,0,1042301702,J. Krawietz,R,FA,R,2.76393031354,1.19225776089,12.402748016,14.6561071522,6.1457093323,B,BB,-1.46008256476,5.37697084931,88.7195568258,2007.31192817,229.685676119,0.13
3033,2020,730375936,AC,D1 Southland Conference,730263552,UVU,168778686,2020-02-16 13:00:00,3,2,1,0,1042301702,J. Krawietz,R,FA,R,0.41251408761,2.99005222413,16.0271231663,14.2400777246,5.88399963228,F,BB,-1.45591675795,5.46209347733,88.4686611093,2033.57551942,221.561931704,-0.15
3034,2020,730375936,AC,D1 Southland Conference,730263552,UVU,168778686,2020-02-16 13:00:00,3,2,2,0,1042301702,J. Krawietz,R,SL,R,-0.591194383287,3.75876946483,-7.96824872043,-10.971500587,5.72161517794,B,BB,-1.50334817912,5.42349152672,76.6199699499,1458.25976506,54.1661927326,0.13
3035,2020,730375936,AC,D1 Southland Conference,730263552,UVU,168778686,2020-02-16 13:00:00,3,3,2,0,1042301702,J. Krawietz,R,CU,R,-1.75644213554,4.95819968371,-11.5991550708,-9.01273800344,5.7218956859,B,BB,-1.3842592263,5.25947692306,76.73333786,1458.98685073,37.9564961953,0.8
3036,2020,730375936,AC,D1 Southland Conference,730263552,UVU,168778686,2020-02-16 13:00:00,3,0,0,0,1042301702,J. Krawietz,R,CU,R,0.584324215376,2.42538602191,-11.8236251995,-11.9117491032,5.76149848308,SL,IP_OUT,-1.49787785261,5.26713029958,77.5676450174,1486.41396583,45.3196091067,-0.15
3037,2020,730375936,AC,D1 Southland Conference,730263552,UVU,168778686,2020-02-16 13:00:00,3,0,1,0,1042301702,J. Krawietz,R,FA,R,1.72784484799,2.63292979554,12.8039868112,13.2124015429,6.13756128741,B,IP_OUT,-1.55599098062,5.33831658249,88.5724698423,2073.54773076,225.825883379,0.13
3038,2020,730375936,AC,D1 Southland Conference,730263552,UVU,168778686,2020-02-16 13:00:00,3,1,1,0,1042301702,J. Krawietz,R,CU,R,1.78497298322,0.770698048088,-7.06375931073,-6.39431597413,5.79126378075,B,IP_OUT,-1.66325438875,5.18732718358,78.4117429958,1450.28807636,42.3260221437,0.13
3039,2020,730375936,AC,D1 Southland Conference,730263552,UVU,168778686,2020-02-16 13:00:00,3,2,1,0,1042301702,J. Krawietz,R,FA,R,0.600620651534,3.36582228679,12.8448043528,16.8716167703,6.07820924142,B,IP_OUT,-1.63928517521,5.35815143,88.1623592952,1968.55022297,232.645537689,0.13
3040,2020,730375936,AC,D1 Southland Conference,730263552,UVU,168778686,2020-02-16 13:00:00,3,0,0,1,1042301702,J. Krawietz,R,FA,R,1.26125094227,2.8091673012,17.9892929708,12.7282863848,6.15205551086,B,K,-1.44094235753,5.33752414166,88.4764172739,1950.7647547,215.231475113,0.13
3041,2020,730375936,AC,D1 Southland Conference,730263552,UVU,168778686,2020-02-16 13:00:00,3,1,0,1,1042301702,J. Krawietz,R,FA,R,-0.680218128523,3.39962709063,17.1472746342,16.8264933288,6.00416631448,F,K,-1.53517258772,5.5386966434,88.5739518288,1951.3060284,224.403183745,-0.15
3042,2020,730375936,AC,D1 Southland Conference,730263552,UVU,168778686,2020-02-16 13:00:00,3,1,1,1,1042301702,J. Krawietz,R,FA,R,0.250851783067,0.928294161461,16.643505387,14.5391529583,6.01937065696,B,K,-1.64859994858,5.28782804898,88.267119582,1973.22794597,221.081451111,0.13
3043,2020,730375936,AC,D1 Southland Conference,730263552,UVU,168778686,2020-02-16 13:00:00,3,2,1,1,1042301702,J. Krawietz,R,SL,R,0.292181820963,1.98711482793,-7.42634225577,-8.13289449753,5.62811345306,SL,K,-1.43107056672,5.26168151518,77.1026315272,1608.44576501,47.7754567054,-0.15
3044,2020,730375936,AC,D1 Southland Conference,730263552,UVU,168778686,2020-02-16 13:00:00,3,2,2,1,1042301702,J. Krawietz,R,FA,R,-0.213113070423,1.89078669499,17.4429049727,14.4685024402,6.05939122492,SL,K,-1.48765675983,5.37295559348,88.6597839802,2003.06436266,219.620599855,-0.15
3045,2020,730375936,AC,D1 Southland Conference,730263552,UVU,168778686,2020-02-16 13:00:00,3,0,0,2,1042301702,J. Krawietz,R,CU,R,0.999087070171,0.768278447981,-9.28269946482,-8.87334399126,5.64819540418,B,K,-1.69258984883,5.27151999352,78.1224174151,1659.06000937,43.8448914691,0.13
3046,2020,730375936,AC,D1 Southland Conference,730263552,UVU,168778686,2020-02-16 13:00:00,3,1,0,2,1042301702,J. Krawietz,R,FA,R,0.984230799297,2.42619771615,14.1196023111,18.1472747578,6.06345134503,SL,K,-1.46309498632,5.3302613401,88.4341316499,2050.02693659,232.048447248,-0.15
3047,2020,730375936,AC,D1 Southland Conference,730263552,UVU,168778686,2020-02-16 13:00:00,3,1,1,2,1042301702,J. Krawietz,R,FA,R,1.76138694815,2.25299438515,14.7788244716,12.8194136032,5.98856945955,B,K,-1.44236998879,5.38346810563,89.1722769844,2046.73357807,220.874802445,0.13
3048,2020,730375936,AC,D1 Southland Conference,730263552,UVU,168778686,2020-02-16 13:00:00,3,2,1,2,1042301702,J. Krawietz,R,FA,R,-0.165334853124,2.71638614168,16.5358380968,12.1269663368,6.03619257133,F,K,-1.56739006849,5.32971739903,88.2381432924,2093.42601595,216.199667742,-0.15
3049,2020,730375936,AC,D1 Southland Conference,730263552,UVU,168778686,2020-02-16 13:00:00,3,2,2,2,1042301702,J. Krawietz,R,FA,R,1.07737756858,1.60355098725,16.2786997373,16.5360056779,6.06024840814,SL,K,-1.54648227147,5.36542732015,89.1198275176,2046.96398443,225.391709486,-0.15
3050,2020,730375936,AC,D1 Southland Conference,730263552,UVU,168778686,2020-02-16 13:00:00,4,0,0,0,1042301702,J. Krawietz,R,FA,R,0.155472916367,1.31151817205,12.2233145664,14.4096833419,6.07516204619,B,K,-1.6889353752,5.32854149701,87.3895765873,2059.81749065,229.614479601,0.13
3051,2020,730375936,AC,D1 Southland Conference,730263552,UVU,168778686,2020-02-16 13:00:00,4,1,0,0,1042301702,J. Krawietz,R,FA,R,1.63679560423,1.768742055,11.6646628612,11.3454602192,5.95135947201,B,K,-1.45522698329,5.43766082403,86.5219998573,2051.74230551,224.119548859,0.13
3052,2020,730375936,AC,D1 Southland Conference,730263552,UVU,168778686,2020-02-16 13:00:00,4,2,0,0,1042301702,J. Krawietz,R,FA,R,-0.724360838782,2.4050706872,18.6500294564,10.7147769742,5.9616862077,F,K,-1.59765806696,5.40072456253,87.0878975624,1942.46225293,209.832503557,-0.15
3053,2020,730375936,AC,D1 Southland Conference,730263552,UVU,168778686,2020-02-16 13:00:00,4,2,1,0,1042301702,J. Krawietz,R,FA,R,-0.59929090953,3.42446569547,19.4871149163,9.30909861925,5.8620892623,SS,K,-1.36814718203,5.44855175047,87.5104546097,2084.10737468,205.49467495,-0.15
3054,2020,730375936,AC,D1 Southland Conference,730263552,UVU,168778686,2020-02-16 13:00:00,4,2,2,0,1042301702,J. Krawietz,R,FA,R,0.945761216975,3.26212140679,12.2381676399,15.9884738717,5.92234231505,SL,K,-1.45062915889,5.45909476989,88.7731453335,1959.45788004,232.492951155,-0.15
3055,2020,730375936,AC,D1 Southland Conference,730263552,UVU,168778686,2020-02-16 13:00:00,4,0,0,1,1042301702,J. Krawietz,R,CU,R,-0.165506758986,2.23656801917,-9.29531790512,-6.71862576359,5.56271513336,F,S,-1.65448925474,5.29566623814,77.8093159511,1619.58835761,35.9890793614,-0.15
3056,2020,730375936,AC,D1 Southland Conference,730263552,UVU,168778686,2020-02-16 13:00:00,4,0,1,1,1042301702,J. Krawietz,R,CU,R,-1.40575045216,1.93164945102,-12.1554456276,-7.6589114205,5.57735642397,B,S,-1.62996198651,5.3035957546,76.6399652369,1690.41235272,32.3125932744,0.13
3057,2020,730375936,AC,D1 Southland Conference,730263552,UVU,168778686,2020-02-16 13:00:00,4,1,1,1,1042301702,J. Krawietz,R,FA,R,-0.707320340944,3.61109171415,14.7106322805,14.6448700582,6.02581083296,B,S,-1.28870890814,5.48188882472,87.2241299806,2038.09224359,224.804731897,0.13
3058,2020,730375936,AC,D1 Southland Conference,730263552,UVU,168778686,2020-02-16 13:00:00,4,2,1,1,1042301702,J. Krawietz,R,FA,R,0.547906314459,2.63065430312,13.5915131067,18.1684007596,6.02368551084,F,S,-1.55137262526,5.46272580747,86.9787762131,2068.13214826,233.129898637,-0.15
3059,2020,730375936,AC,D1 Southland Conference,730263552,UVU,168778686,2020-02-16 13:00:00,4,2,2,1,1042301702,J. Krawietz,R,FA,R,2.10380942371,2.18592710928,14.4390454364,10.9695792855,6.18784508032,B,S,-1.46693513018,5.35721389113,88.9546254155,1999.44538863,217.160968903,0.13
3060,2020,730375936,AC,D1 Southland Conference,730263552,UVU,168778686,2020-02-16 13:00:00,4,3,2,1,1042301702,J. Krawietz,R,FA,R,0.744763898146,2.51509286624,16.3284532572,16.2160472737,6.14192076074,IP,S,-1.20793030637,5.52463993001,88.831655094,2027.10815525,224.743932925,1.0
3061,2020,730375936,AC,D1 Southland Conference,730263552,UVU,168778686,2020-02-16 13:00:00,4,0,0,1,1042301702,J. Krawietz,R,FA,R,3.3347648529,1.3151680355,14.3685241998,9.65946940686,5.91900284478,B,IP_OUT,-1.46877589353,5.59267531223,87.3656059639,1968.2894083,213.847581344,0.13
3062,2020,730375936,AC,D1 Southland Conference,730263552,UVU,168778686,2020-02-16 13:00:00,4,1,0,1,1042301702,J. Krawietz,R,CU,R,-1.03849426966,3.49187566757,-4.90057762681,-4.45890795058,5.63177642144,B,IP_OUT,-1.62224991817,5.27418350586,76.7865458658,1604.67321943,42.5626671993,0.13
3063,2020,730375936,AC,D1 Southland Conference,730263552,UVU,168778686,2020-02-16 13:00:00,4,2,0,1,1042301702,J. Krawietz,R,FA,R,1.78469924634,1.74419078611,17.5638714872,11.8048061974,6.05644698744,B,IP_OUT,-1.44562373504,5.51444078437,87.2838873662,2034.89420147,213.853448978,0.13
3064,2020,730375936,AC,D1 Southland Conference,730263552,UVU,168778686,2020-02-16 13:00:00,4,3,0,1,1042301702,J. Krawietz,R,FA,R,-0.0706718166571,2.42127402824,13.9859924495,15.5220445837,6.03799238787,SL,IP_OUT,-1.58268308356,5.46189963,87.4760753417,2001.75292631,227.909687032,-0.15
3065,2020,730375936,AC,D1 Southland Conference,730263552,UVU,168778686,2020-02-16 13:00:00,4,0,0,2,1042301702,J. Krawietz,R,FA,R,1.01727402982,2.59567669121,16.1256792239,14.0597409154,5.96025237596,SL,S,-1.52071198778,5.48147916167,87.7227008955,1996.50640712,221.024845438,-0.15
3066,2020,730375936,AC,D1 Southland Conference,730263552,UVU,168778686,2020-02-16 13:00:00,4,0,1,2,1042301702,J. Krawietz,R,FA,R,1.03223773329,1.48117132677,10.4643541002,13.6927533625,6.09564168332,B,S,-1.6494727603,5.36393616832,88.3269811624,1924.19117173,232.523850699,0.13
3067,2020,730375936,AC,D1 Southland Conference,730263552,UVU,168778686,2020-02-16 13:00:00,4,1,1,2,1042301702,J. Krawietz,R,CU,R,-0.993231172094,3.09814673247,-2.73608535486,1.09371993985,5.68240149335,F,S,-1.68141147473,5.26258974634,77.3761656668,1453.04823513,337.885488987,-0.15
3068,2020,730375936,AC,D1 Southland Conference,730263552,UVU,168778686,2020-02-16 13:00:00,4,1,2,2,1042301702,J. Krawietz,R,FA,R,0.400935265551,3.94187512453,12.4854550543,14.0134560573,6.04798189925,B,S,-1.50213342352,5.43033514677,88.7604919136,1857.78546817,228.224736881,0.13
3069,2020,730375936,AC,D1 Southland Conference,730263552,UVU,168778686,2020-02-16 13:00:00,4,2,2,2,1042301702,J. Krawietz,R,SL,R,-0.802616325579,3.6153716086,-7.68532555124,-8.54226734951,5.55667171891,B,S,-1.43906135877,5.36950386426,77.6432951965,1668.50868876,48.1891433534,0.13
3070,2020,730375936,AC,D1 Southland Conference,730263552,UVU,168778686,2020-02-16 13:00:00,4,3,2,2,1042301702,J. Krawietz,R,CU,R,-0.362954926666,1.93629375241,-5.54771618706,-6.04653773274,5.65792756666,IP,S,-1.4579930357,5.33401538407,77.8148914702,1755.53649514,47.6887621397,1.0
3071,2020,730375936,AC,D1 Southland Conference,730263552,UVU,168778686,2020-02-16 13:00:00,4,0,0,2,1696334716,C. Adkins,R,FA,R,0.254644781821,2.80766139775,12.3023838856,8.60901991676,6.0183018223,SS,K,-0.614409967402,5.68435401307,89.8122437325,1923.20173149,214.913796161,-0.15
3072,2020,730375936,AC,D1 Southland Conference,730263552,UVU,168778686,2020-02-16 13:00:00,4,0,1,2,1696334716,C. Adkins,R,FA,R,-0.463533541295,2.24743076092,18.3011746036,6.9944787043,5.99083559909,F,K,-0.70432327764,5.7663939352,90.0615221054,2046.73237422,200.882977227,-0.15
3073,2020,730375936,AC,D1 Southland Conference,730263552,UVU,168778686,2020-02-16 13:00:00,4,0,2,2,1696334716,C. Adkins,R,CH,R,0.251184277165,2.71125408322,4.87123083887,1.31588625991,5.85369176338,F,K,-1.03130089068,5.46593418348,83.3561048876,2215.51257771,195.006817945,0.0
3074,2020,730375936,AC,D1 Southland Conference,730263552,UVU,168778686,2020-02-16 13:00:00,4,0,2,2,1696334716,C. Adkins,R,CH,R,1.11332417707,0.525932939155,1.72711656551,1.64324062652,5.66242748109,SL,K,-1.16470439351,5.345160581,81.4657677552,2315.99692972,222.932308428,-0.15
3075,2020,730375936,AC,D1 Southland Conference,730263552,UVU,168778686,2020-02-16 13:00:00,5,0,0,1,1696334716,C. Adkins,R,SL,R,0.0759979092787,2.58431290943,-6.10605894877,-7.33865811263,5.84243914008,SL,K,-1.15565473394,5.36669914525,76.4949811043,2352.37294172,50.4462334435,-0.15
3076,2020,730375936,AC,D1 Southland Conference,730263552,UVU,168778686,2020-02-16 13:00:00,5,0,1,1,1696334716,C. Adkins,R,FA,R,1.18686515062,2.6601006766,13.1637877704,7.03478023862,5.95893248031,F,K,-0.981924822551,5.68082702327,90.4851589681,1796.84864119,208.062607956,-0.15
3077,2020,730375936,AC,D1 Southland Conference,730263552,UVU,168778686,2020-02-16 13:00:00,5,0,2,1,1696334716,C. Adkins,R,SL,R,0.0204502394233,2.62077172997,0.097736803765,-2.18541346319,5.59019147604,SS,K,-0.800911995217,5.42774248751,82.5961995264,2236.53661721,93.5625580385,-0.15
3078,2020,730375936,AC,D1 Southland Conference,730263552,UVU,168778686,2020-02-16 13:00:00,5,0,0,2,1696334716,C. Adkins,R,FA,R,0.643087047015,1.72187446974,9.31111392626,5.79741267297,6.20191927291,IP,S,-0.590055694824,5.56152650717,90.7473581569,1766.60786517,211.821744172,1.0
3079,2020,730375936,AC,D1 Southland Conference,730263552,UVU,168778686,2020-02-16 13:00:00,5,0,0,2,1696334716,C. Adkins,R,SL,R,-0.585172441054,2.50124798444,0.00383090550734,1.94015590942,5.61614414932,IP,S,-0.894918829889,5.46464113785,75.909954563,2371.37759327,268.543802433,1.0
3080,2020,730375936,AC,D1 Southland Conference,730263552,UVU,168778686,2020-02-16 13:00:00,5,0,0,2,1696334716,C. Adkins,R,FA,R,0.862462523138,2.35149526733,17.4883632424,7.21009335419,6.03540256278,SL,D,-0.703041373925,5.66555534937,89.9617059965,2099.79198218,202.368708502,-0.15
3081,2020,730375936,AC,D1 Southland Conference,730263552,UVU,168778686,2020-02-16 13:00:00,5,0,1,2,1696334716,C. Adkins,R,SL,R,-0.378163027359,1.78510910847,0.43900604368,0.872528645804,5.72579854242,IP,D,-0.882301079635,5.34830017277,79.5255746727,2295.68435237,241.16825113,1.26
3082,2020,730375936,AC,D1 Southland Conference,730263552,UVU,168778686,2020-02-16 13:00:00,5,0,0,2,1696334716,C. Adkins,R,FA,R,0.762367138642,2.82010749148,19.1254413869,10.750540721,5.98525868332,F,IP_OUT,-0.776895271184,5.78968370406,90.6248641754,2103.13161435,209.300291007,-0.15
3083,2020,730375936,AC,D1 Southland Conference,730263552,UVU,168778686,2020-02-16 13:00:00,6,0,0,0,1710510149,T. Jackson,R,FA,R,0.85931900306,2.72257904433,12.463732153,10.4514514069,6.05887574032,SL,S,-1.86227561606,5.7551904196,88.1776076198,1861.08828524,219.90596998,-0.15
3084,2020,730375936,AC,D1 Southland Conference,730263552,UVU,168778686,2020-02-16 13:00:00,6,0,1,0,1710510149,T. Jackson,R,FA,R,0.630607521176,2.04031412067,11.5912436439,12.249723492,5.94636338071,IP,S,-1.76151375024,5.94757746261,88.5688533003,1986.374257,226.500369562,1.0
3085,2020,730375936,AC,D1 Southland Conference,730263552,UVU,168778686,2020-02-16 13:00:00,6,0,0,1,1710510149,T. Jackson,R,FA,R,-0.203997476331,2.13716032473,12.4954394115,10.0241039533,5.68021943082,IP,D,-1.89456896855,6.01438059763,88.9096458086,1950.599391,218.662508656,1.26
3086,2020,730375936,AC,D1 Southland Conference,730263552,UVU,168778686,2020-02-16 13:00:00,6,0,0,1,1710510149,T. Jackson,R,CH,R,1.08466269909,2.49654217989,5.53233913041,16.9671603232,5.74208519479,SL,IP_OUT,-2.12115293634,5.83931867757,74.8112977829,1807.54640807,251.797206395,-0.15
3087,2020,730375936,AC,D1 Southland Conference,730263552,UVU,168778686,2020-02-16 13:00:00,6,0,1,1,1710510149,T. Jackson,R,CU,R,-1.00350642022,4.38552390055,-7.07631412102,-2.0835404735,5.44756442103,B,IP_OUT,-1.99279852469,5.86731375744,74.7858775653,2355.06819931,16.5120085853,0.13
3088,2020,730375936,AC,D1 Southland Conference,730263552,UVU,168778686,2020-02-16 13:00:00,6,1,1,1,1710510149,T. Jackson,R,CH,R,-0.20114768066,3.46686033833,6.07717161575,15.7055206663,5.97790973011,B,IP_OUT,-1.85516693775,5.83212406297,76.6293788912,1642.70409512,248.706477876,0.13
3089,2020,730375936,AC,D1 Southland Conference,730263552,UVU,168778686,2020-02-16 13:00:00,6,0,0,2,1710510149,T. Jackson,R,CH,R,0.14649604585,2.85479966616,3.68824897609,19.7071980921,6.51029814307,SL,K,-1.88518718312,5.69970079936,74.157736572,1722.54179236,259.26689588,-0.15
3090,2020,730375936,AC,D1 Southland Conference,730263552,UVU,168778686,2020-02-16 13:00:00,6,0,1,2,1710510149,T. Jackson,R,FA,R,0.75931425714,-0.137890585151,18.8005811191,14.8122921971,5.73677620403,B,K,-1.76360198677,5.86473959063,89.0814015987,2109.68283359,218.183888759,0.13
3091,2020,730375936,AC,D1 Southland Conference,730263552,UVU,168778686,2020-02-16 13:00:00,6,1,1,2,1710510149,T. Jackson,R,CH,R,-0.763885712737,1.47755715056,6.67906041479,18.8130384836,6.36712328032,SL,K,-1.77018680905,5.66181518132,74.5867132857,1832.68872432,250.330759461,-0.15
3092,2020,730375936,AC,D1 Southland Conference,730263552,UVU,168778686,2020-02-16 13:00:00,6,1,2,2,1710510149,T. Jackson,R,CH,R,-0.0369006964998,0.462236816166,7.64786355752,18.8085984458,6.31266153165,SS,K,-1.79835691413,5.58564828427,75.9036113671,1906.38372767,247.756297036,-0.15
3093,2020,730375936,AC,D1 Southland Conference,730263552,UVU,168778686,2020-02-16 13:00:00,7,0,0,0,1710510149,T. Jackson,R,CH,R,-0.00557644980871,2.35103761851,11.4082003267,16.4074411043,5.5906879553,F,IP_OUT,-1.94371602139,5.75991873804,76.3749523676,1893.28559947,235.081961263,-0.15
3094,2020,730375936,AC,D1 Southland Conference,730263552,UVU,168778686,2020-02-16 13:00:00,7,0,1,0,1710510149,T. Jackson,R,CU,R,2.00555088182,2.69292675949,-4.15108481151,0.705688945629,5.28385722342,B,IP_OUT,-1.75868015566,5.79951809008,75.9107176115,2421.69724894,350.244148381,0.13
3095,2020,730375936,AC,D1 Southland Conference,730263552,UVU,168778686,2020-02-16 13:00:00,7,1,1,0,1710510149,T. Jackson,R,FA,R,-0.0556175722816,1.53698902953,15.0740736032,15.266897938,5.77524213257,F,IP_OUT,-1.73062979721,5.81450684789,88.1323733211,2253.22291539,225.30017165,-0.15
3096,2020,730375936,AC,D1 Southland Conference,730263552,UVU,168778686,2020-02-16 13:00:00,7,1,2,0,1710510149,T. Jackson,R,CH,R,-0.549388206374,1.68682191019,11.9134178474,18.3941943727,5.65927237996,F,IP_OUT,-1.92381225837,5.70127096424,75.716119557,1770.73853797,236.968927371,0.0
3097,2020,730375936,AC,D1 Southland Conference,730263552,UVU,168778686,2020-02-16 13:00:00,7,1,2,0,1710510149,T. Jackson,R,CH,R,-0.98035080348,0.802383426737,9.09525775952,22.4898429459,6.14647622405,F,IP_OUT,-1.87631178188,5.76272481844,75.9198866957,1900.760031,247.882369123,0.0
3098,2020,730375936,AC,D1 Southland Conference,730263552,UVU,168778686,2020-02-16 13:00:00,7,0,0,1,1710510149,T. Jackson,R,FA,R,-0.780537457071,2.5522136177,18.9067125195,16.6754124939,5.75867725344,F,IP_OUT,-1.71922149992,5.99294000581,88.891809897,2100.79188875,221.361906423,-0.15
3099,2020,730375936,AC,D1 Southland Conference,730263552,UVU,168778686,2020-02-16 13:00:00,7,0,0,2,1710510149,T. Jackson,R,CH,R,-1.10753296547,3.05369554914,11.307204593,21.993806531,5.66997869419,IP,D,-1.81901720337,5.70425588967,76.4346539551,1917.65303452,242.697144027,1.26
3100,2020,730375936,AC,D1 Southland Conference,730263552,UVU,168778686,2020-02-16 13:00:00,7,0,0,2,1462828157,T. Munkres,R,FA,R,1.39903399201,0.86474946295,15.2670251073,15.6119656021,6.25085158245,B,IP_OUT,-2.30016601681,5.62588974686,87.6763999972,2076.99004435,225.576872447,0.13
3101,2020,730375936,AC,D1 Southland Conference,730263552,UVU,168778686,2020-02-16 13:00:00,8,0,0,0,1462828157,T. Munkres,R,FA,R,0.618089833877,2.46890303329,16.5189684587,11.9280089536,5.84409477845,SL,IP_OUT,-2.41027957275,5.57757139773,87.0930296003,1989.03352982,215.774643902,-0.15
3102,2020,730375936,AC,D1 Southland Conference,730263552,UVU,168778686,2020-02-16 13:00:00,8,0,1,0,1462828157,T. Munkres,R,CH,R,0.456075313326,2.69773640652,2.35898159516,6.993530863779999e-14,5.43862752202,SS,IP_OUT,-2.78459184759,5.36548615312,77.634781495,1998.30181239,180.0,-0.15
3103,2020,730375936,AC,D1 Southland Conference,730263552,UVU,168778686,2020-02-16 13:00:00,8,1,1,1,1462828157,T. Munkres,R,FA,R,1.00299686213,2.4238472503,13.1374850586,9.26744415131,6.31403511946,F,S,-2.28781732186,5.53608834466,86.3824894445,1953.29065427,215.129145923,-0.15
3104,2020,730375936,AC,D1 Southland Conference,730263552,UVU,168778686,2020-02-16 13:00:00,8,0,0,1,1462828157,T. Munkres,R,CU,R,-0.844759967349,2.55055948727,-2.67338931578,-0.9213810496,5.13996954002,SL,BB,-2.7056379188,5.30156501059,77.4744176854,1971.68901426,19.3218262726,-0.15
3105,2020,730375936,AC,D1 Southland Conference,730263552,UVU,168778686,2020-02-16 13:00:00,8,0,1,1,1462828157,T. Munkres,R,CU,R,-0.617345823611,3.66034734896,-1.72393330178,-0.276557413193,5.42225431571,B,BB,-2.26818096963,5.40549417923,77.7386154312,2015.95376331,9.34868304448,0.13
3106,2020,730375936,AC,D1 Southland Conference,730263552,UVU,168778686,2020-02-16 13:00:00,8,1,1,1,1462828157,T. Munkres,R,CH,R,0.898501693381,0.708344685076,4.14253442997,1.15531718131,5.81569759424,B,BB,-2.69759246182,5.16772892642,78.6054841679,2080.17591572,195.432680434,0.13
3107,2020,730375936,AC,D1 Southland Conference,730263552,UVU,168778686,2020-02-16 13:00:00,8,2,1,1,1462828157,T. Munkres,R,FA,R,0.529208318461,1.84785697776,14.7833780876,9.2815571649,6.10846316623,SL,BB,-2.31524205509,5.67555845677,87.1137116473,1958.79688247,212.062464831,-0.15
3108,2020,730375936,AC,D1 Southland Conference,730263552,UVU,168778686,2020-02-16 13:00:00,8,2,2,1,1462828157,T. Munkres,R,SL,R,1.48571501183,1.61805439932,-1.86775567199,2.74440594785,5.58361667897,B,BB,-2.42403152215,5.49851079493,77.5501194169,2056.83576012,303.595957893,0.13
3109,2020,730375936,AC,D1 Southland Conference,730263552,UVU,168778686,2020-02-16 13:00:00,8,3,2,1,1462828157,T. Munkres,R,CU,R,-1.16561158652,3.41516214935,-2.28729739907,-0.824871986534,5.27775097956,B,BB,-2.57025913529,5.45394731189,78.3084516297,2000.68131018,20.1879275884,0.8
3110,2020,730375936,AC,D1 Southland Conference,730263552,UVU,168778686,2020-02-16 13:00:00,8,0,0,1,1855024061,T. Riley,R,CU,R,-0.0228862238857,4.19784150314,-3.72030299908,1.38793820774,5.19398551084,B,K,-0.993561337749,5.82837262694,79.3074406088,2135.01889074,339.321713278,0.13
3111,2020,730375936,AC,D1 Southland Conference,730263552,UVU,168778686,2020-02-16 13:00:00,8,1,0,1,1855024061,T. Riley,R,FA,R,-0.508641374105,1.742802917,22.6052260602,7.35051370782,5.65888164236,SL,K,-1.00871475504,5.74832757606,87.3901141573,2250.21021703,197.986765978,-0.15
3112,2020,730375936,AC,D1 Southland Conference,730263552,UVU,168778686,2020-02-16 13:00:00,8,1,1,1,1855024061,T. Riley,R,CH,R,0.694730417008,0.429588268904,-5.10006432747,7.63514148817,5.11533641278,SS,K,-0.956727437658,5.81253828405,80.8268365066,2134.36528188,303.524026751,-0.15
3113,2020,730375936,AC,D1 Southland Conference,730263552,UVU,168778686,2020-02-16 13:00:00,8,1,2,1,1855024061,T. Riley,R,SL,R,-0.152941406455,2.31258431129,-2.0848596988,7.50547476113,5.21929180341,F,K,-0.845556497624,5.80310465145,81.9228865243,2113.28972237,285.23814847,0.0
3114,2020,730375936,AC,D1 Southland Conference,730263552,UVU,168778686,2020-02-16 13:00:00,8,1,2,1,1855024061,T. Riley,R,CU,R,0.614306306864,1.47514197176,-8.48331499295,3.54689351947,5.2960646221,F,K,-0.902070450073,5.75355624023,79.277102956,2248.15485836,337.207108043,0.0
3115,2020,730375936,AC,D1 Southland Conference,730263552,UVU,168778686,2020-02-16 13:00:00,8,1,2,1,1855024061,T. Riley,R,SL,R,0.389119530046,0.219787648487,-3.84707330096,8.22148313147,5.16191128169,SS,K,-0.953370329605,5.79988874457,80.5238959637,2076.98554607,294.836058311,-0.15
3116,2020,730375936,AC,D1 Southland Conference,730263552,UVU,168778686,2020-02-16 13:00:00,8,0,0,2,1855024061,T. Riley,R,SL,R,-0.388995740265,2.00211785916,-6.27555303071,8.32982672073,4.94998291067,F,FC,-0.91313550244,5.87719544993,79.7182907643,2100.52943777,306.802307405,-0.15
3117,2020,730375936,AC,D1 Southland Conference,730263552,UVU,168778686,2020-02-16 13:00:00,8,0,1,2,1855024061,T. Riley,R,FA,R,0.107777215695,1.21383311496,20.6818664514,6.26556015543,5.69015653088,B,FC,-0.944415586514,5.69652911406,88.6095546255,2235.00308237,196.828522463,0.13
3118,2020,730375936,AC,D1 Southland Conference,730263552,UVU,168778686,2020-02-16 13:00:00,8,1,1,2,1855024061,T. Riley,R,SL,R,0.657152163051,-0.207097985625,-5.3056649941,8.99657950157,5.11970722501,B,FC,-0.923528913839,5.83307818326,80.4392799636,2125.46706074,300.333204986,0.13
3119,2020,730375936,AC,D1 Southland Conference,730263552,UVU,168778686,2020-02-16 13:00:00,8,2,1,2,1855024061,T. Riley,R,FA,R,-0.651212785965,2.65384907149,20.3845544425,6.04466729904,5.64336227714,IP,FC,-1.08535623409,5.68813170827,87.2442640357,2187.30521187,196.490405218,-0.21
3120,2020,730375936,AC,D1 Southland Conference,730263552,UVU,168778686,2020-02-16 13:00:00,9,0,0,1,1855024061,T. Riley,R,FA,R,-0.290021670548,3.07800256293,18.5366101847,9.1035272788,5.62642638738,IP,S,-1.26733096445,5.7232927574,87.4909285494,2251.79462473,206.113449229,1.0
3121,2020,730375936,AC,D1 Southland Conference,730263552,UVU,168778686,2020-02-16 13:00:00,9,0,0,1,1855024061,T. Riley,R,SL,R,-0.000520891720713,4.24921738615,-5.84657158943,5.69486638011,5.05521020359,B,K,-1.08590498092,5.84613378296,78.7224248348,2161.29403322,315.53816217,0.13
3122,2020,730375936,AC,D1 Southland Conference,730263552,UVU,168778686,2020-02-16 13:00:00,9,1,0,1,1855024061,T. Riley,R,FA,R,0.48689102465,1.3968394032,19.0026139133,12.0352511515,5.65438337169,SL,K,-1.00229455261,5.71513833818,87.9573640074,2279.13426389,212.300816656,-0.15
3123,2020,730375936,AC,D1 Southland Conference,730263552,UVU,168778686,2020-02-16 13:00:00,9,1,1,1,1855024061,T. Riley,R,CU,R,-0.191365596534,2.9041201368,-8.09328593542,2.39749176505,5.01421527391,SS,K,-0.879585938852,5.78837677914,79.3465685676,2188.90266821,343.416013472,-0.15
3124,2020,730375936,AC,D1 Southland Conference,730263552,UVU,168778686,2020-02-16 13:00:00,9,1,2,1,1855024061,T. Riley,R,CU,R,-0.366908636222,2.12210034687,-3.6288253486,1.96369931982,5.30243106797,F,K,-0.976400220966,5.75051149617,79.8600341044,2180.83227721,331.299111335,0.0
3125,2020,730375936,AC,D1 Southland Conference,730263552,UVU,168778686,2020-02-16 13:00:00,9,1,2,1,1855024061,T. Riley,R,SL,R,0.115504710955,-0.0403747127509,-5.51600795293,8.51312765898,5.24829334889,SS,K,-0.73614428009,5.81814501531,80.9867887966,2178.84558744,302.744847768,-0.15
3126,2020,730375936,AC,D1 Southland Conference,730263552,UVU,168778686,2020-02-16 13:00:00,10,0,0,0,1855024061,T. Riley,R,FA,R,-0.672667180319,3.95659630206,17.9047542846,9.05709848179,5.49918985897,B,IP_OUT,-1.15492374533,5.84159063551,86.1799259616,2219.69617715,206.786256347,0.13
3127,2020,730375936,AC,D1 Southland Conference,730263552,UVU,168778686,2020-02-16 13:00:00,10,1,0,0,1855024061,T. Riley,R,CU,R,0.409652058604,3.27100497564,-5.30025790588,1.09653581665,5.02010494838,B,IP_OUT,-1.05944954326,5.86929091476,77.2013069785,2206.54789956,348.21384114,0.13
3128,2020,730375936,AC,D1 Southland Conference,730263552,UVU,168778686,2020-02-16 13:00:00,10,2,0,0,1855024061,T. Riley,R,FA,R,-0.197663343362,1.22778811164,20.1745272923,5.19097479018,5.6214568995,SL,IP_OUT,-1.12385059068,5.84242491191,84.5570532692,2202.82716172,194.403868748,-0.15
3129,2020,730375936,AC,D1 Southland Conference,730263552,UVU,168778686,2020-02-16 13:00:00,10,2,1,0,1855024061,T. Riley,R,FA,R,-0.370568223998,1.86893850462,20.0151966429,7.6362931466,5.53502595119,F,IP_OUT,-1.16398499791,5.82279623822,86.3800377661,2282.63500729,200.84900991,-0.15
3130,2020,730375936,AC,D1 Southland Conference,730263552,UVU,168778686,2020-02-16 13:00:00,10,0,0,1,1855024061,T. Riley,R,CU,R,0.634122626005,4.66484145318,-2.71944850016,-2.87090012093,5.0742611228,B,K,-0.936965793325,5.95329757023,76.922451156,2298.03424315,47.034438732,0.13
3131,2020,730375936,AC,D1 Southland Conference,730263552,UVU,168778686,2020-02-16 13:00:00,10,1,0,1,1855024061,T. Riley,R,FA,R,-0.316678124659,2.90085229407,21.8281085033,3.17011619493,5.53317303144,F,K,-0.977689388827,5.80578445643,87.6209589503,2294.81193777,188.250299954,-0.15
3132,2020,730375936,AC,D1 Southland Conference,730263552,UVU,168778686,2020-02-16 13:00:00,10,1,1,1,1855024061,T. Riley,R,CU,R,0.0107037820536,1.57188904518,-6.36991052947,2.97840490015,5.1397724511,SL,K,-1.02759840979,5.94728730327,77.6936253657,2189.88663903,334.785030927,-0.15
3133,2020,730375936,AC,D1 Southland Conference,730263552,UVU,168778686,2020-02-16 13:00:00,10,1,2,1,1855024061,T. Riley,R,FA,R,-0.210173088605,3.63104573533,20.7194551986,6.60130760659,5.61422579748,SL,K,-1.19554651983,5.67563717911,88.3083654396,2343.84207113,197.644552662,-0.15
3134,2020,730375936,AC,D1 Southland Conference,730263552,UVU,168778686,2020-02-16 13:00:00,10,0,0,2,1855024061,T. Riley,R,CU,R,0.84689945797,1.72644947649,-7.75242164407,2.50162768931,5.18982027167,SL,K,-1.04817942051,5.89646645332,78.5375989771,2239.3813362,342.021002624,-0.15
3135,2020,730375936,AC,D1 Southland Conference,730263552,UVU,168778686,2020-02-16 13:00:00,10,0,1,2,1855024061,T. Riley,R,FA,R,0.998620938688,3.3014936929,-5.87196081274,-1.11038761163,5.26260588798,B,K,-1.11390398058,5.87634748784,78.5889803472,2166.3736966,10.7861742126,0.13
3136,2020,730375936,AC,D1 Southland Conference,730263552,UVU,168778686,2020-02-16 13:00:00,10,1,1,2,1855024061,T. Riley,R,CU,R,0.546326546073,0.453102868297,-9.15094954056,5.02483938977,5.34159255715,SS,K,-1.01145999225,5.82197056731,76.8192580671,2190.45977982,331.107500744,-0.15
3137,2020,730375936,AC,D1 Southland Conference,730263552,UVU,168778686,2020-02-16 13:00:00,10,1,2,2,1855024061,T. Riley,R,FA,R,0.934818308471,3.05699263589,20.1039393553,3.56072843186,6.21431152224,B,K,-1.04062574304,5.64296727044,88.6249491869,2412.23952263,190.027396553,0.13
3138,2020,730375936,AC,D1 Southland Conference,730263552,UVU,168778686,2020-02-16 13:00:00,10,2,2,2,1855024061,T. Riley,R,CU,R,1.0616697574,3.7417821856,-6.17756963158,-3.67556830663,5.39933324611,B,K,-0.899608773754,5.78405357795,78.2777752458,2189.11798489,30.9350172017,0.13
3139,2020,730375936,AC,D1 Southland Conference,730263552,UVU,168778686,2020-02-16 13:00:00,10,3,2,2,1855024061,T. Riley,R,FA,R,0.259131663576,1.89474933476,19.7686525081,5.398074026,6.04115419015,F,K,-0.971192187495,5.70011274285,87.2875424485,2322.0313297,195.247415523,0.0
3140,2020,730375936,AC,D1 Southland Conference,730263552,UVU,168778686,2020-02-16 13:00:00,10,3,2,2,1855024061,T. Riley,R,CU,R,-1.29535964686,2.01420712689,-8.05112658679,3.72834420607,5.1904921423,SS,K,-1.11779556617,5.77346397245,78.4524435129,1967.28273036,335.0321912,-0.15
3141,2020,730375936,AC,D1 Southland Conference,730263552,UVU,168778686,2020-02-16 13:00:00,11,0,0,0,1855024061,T. Riley,R,SL,R,0.351096490504,2.08169683934,-3.54326540541,3.42873458088,5.00125506674,F,IP_OUT,-1.18034873038,5.88449492327,77.7093434123,2263.08258517,315.5772482,-0.15
3142,2020,730375936,AC,D1 Southland Conference,730263552,UVU,168778686,2020-02-16 13:00:00,11,0,1,0,1855024061,T. Riley,R,FA,R,0.640044549625,0.577474857557,16.0174775499,12.0835328809,5.58584176028,B,IP_OUT,-1.08150206419,5.65670609026,88.1905350733,2291.07967529,216.972076385,0.13
3143,2020,730375936,AC,D1 Southland Conference,730263552,UVU,168778686,2020-02-16 13:00:00,11,1,1,0,1855024061,T. Riley,R,FA,R,0.0233026431696,1.76101972428,17.4994873452,3.58684012491,5.58417340753,SL,IP_OUT,-1.1818442124,5.69084163421,87.1834155925,2342.21833253,191.560959124,-0.15
3144,2020,730375936,AC,D1 Southland Conference,730263552,UVU,168778686,2020-02-16 13:00:00,11,0,0,1,1855024061,T. Riley,R,FA,R,0.401934114726,3.60980043981,17.723768316,2.72413063638,6.02046458118,SS,K,-1.15800175825,5.75295153364,87.2757741978,2276.45487901,188.721343339,-0.15
3145,2020,730375936,AC,D1 Southland Conference,730263552,UVU,168778686,2020-02-16 13:00:00,11,0,1,1,1855024061,T. Riley,R,FA,R,0.697305892417,0.950385728123,20.8177187637,7.42178141454,5.56169956828,B,K,-1.1500979423,5.65368036774,88.721594712,2385.86120805,199.592456161,0.13
3146,2020,730375936,AC,D1 Southland Conference,730263552,UVU,168778686,2020-02-16 13:00:00,11,1,1,1,1855024061,T. Riley,R,CU,R,0.143729015083,3.17836406103,-5.17440067152,3.27183900272,5.22882597871,SL,K,-1.04617111603,5.89359023564,77.5619908251,2182.34931763,327.470474218,-0.15
3147,2020,730375936,AC,D1 Southland Conference,730263552,UVU,168778686,2020-02-16 13:00:00,11,1,2,1,1855024061,T. Riley,R,CU,R,-0.295596902948,3.41383869724,-6.4563306272,0.35716379015,5.5143709275,B,K,-1.11964596267,5.75318090886,78.4131702089,2102.3040335,356.812178091,0.13
3148,2020,730375936,AC,D1 Southland Conference,730263552,UVU,168778686,2020-02-16 13:00:00,11,2,2,1,1855024061,T. Riley,R,CU,R,0.593094453038,0.992127836883,-8.59914118701,4.38352774517,5.3814662013,SS,K,-1.07137778497,5.82960194039,77.4281412559,2094.50900911,332.86820573,-0.15
3149,2020,730375936,AC,D1 Southland Conference,730263552,UVU,168778686,2020-02-16 13:00:00,11,0,0,2,1855024061,T. Riley,R,FA,R,1.06761625319,1.79600257249,18.8184410193,4.04728869526,5.65453419701,SS,IP_OUT,-1.20305849259,5.65809043605,87.4755768166,2286.97671535,192.115973327,-0.15
3150,2020,730375936,AC,D1 Southland Conference,730263552,UVU,168778686,2020-02-16 13:00:00,11,0,1,2,1855024061,T. Riley,R,FA,R,1.56901715405,0.113875075049,18.7157765872,9.12106901815,6.05148724717,B,IP_OUT,-1.22004347218,5.63636738771,87.9257110541,2431.02474467,205.941225163,0.13
3151,2020,730375936,AC,D1 Southland Conference,730263552,UVU,168778686,2020-02-16 13:00:00,11,1,1,2,1855024061,T. Riley,R,FA,R,0.858991189958,2.57242916673,16.5007840379,9.25656400304,5.69466451993,F,IP_OUT,-1.28009215274,5.68054603721,87.1898964162,2229.10993344,209.240045767,-0.15
3152,2020,730375936,AC,D1 Southland Conference,730263552,UVU,168778686,2020-02-16 13:00:00,11,1,2,2,1855024061,T. Riley,R,CU,R,1.04858295141,2.23363715047,-9.19280919743,-3.11697975736,5.57185577235,F,IP_OUT,-0.983687489577,5.75693795605,79.1418441278,2076.34339662,18.810748224,0.0
3153,2020,730375936,AC,D1 Southland Conference,730263552,UVU,168778686,2020-02-16 13:00:00,11,1,2,2,1855024061,T. Riley,R,CU,R,2.34973099914,-0.697414952271,-8.86450036632,2.17705115733,5.31084963555,B,IP_OUT,-1.17665734278,5.68711218444,80.8350025785,2406.01841612,346.139558457,0.13
3154,2020,730375936,AC,D1 Southland Conference,730263552,UVU,216822776,2020-02-15 19:00:00,1,0,0,0,1768763921,N. Hawkins,L,FA,R,-0.861004268957,0.954176647487,18.9112709104,-6.94333168666,5.8588448096,B,D,1.60736733015,5.75655454341,87.9806428222,2091.01299655,159.872532437,0.13
3155,2020,730375936,AC,D1 Southland Conference,730263552,UVU,216822776,2020-02-15 19:00:00,1,1,0,0,1768763921,N. Hawkins,L,FA,R,-0.0814684343971,1.83074878502,17.8629135632,-6.55050848722,5.52252935448,IP,D,1.56040101729,5.89068469294,87.9897782674,2144.62877442,159.897312357,1.26
3156,2020,730375936,AC,D1 Southland Conference,730263552,UVU,216822776,2020-02-15 19:00:00,1,0,0,0,1768763921,N. Hawkins,L,FA,R,0.242836574661,1.00421011106,13.3648624339,-7.77814292582,5.59468075864,F,IP_OUT,1.67168596995,5.74554388947,88.037778724,2176.55727161,149.864871569,-0.15
3157,2020,730375936,AC,D1 Southland Conference,730263552,UVU,216822776,2020-02-15 19:00:00,1,0,1,0,1768763921,N. Hawkins,L,SL,R,2.09416632981,3.00769541767,-8.48194007193,9.58121407141,5.28311483901,B,IP_OUT,2.09921406359,5.38995344748,74.5686577983,2138.99053515,311.356311269,0.13
3158,2020,730375936,AC,D1 Southland Conference,730263552,UVU,216822776,2020-02-15 19:00:00,1,0,0,1,1768763921,N. Hawkins,L,FA,R,-0.533510417514,0.867767771407,14.6164429486,-8.31497046486,5.7343856892,B,K,1.63406035524,5.75784515754,87.9468529768,2151.77556175,150.42337442,0.13
3159,2020,730375936,AC,D1 Southland Conference,730263552,UVU,216822776,2020-02-15 19:00:00,1,1,0,1,1768763921,N. Hawkins,L,CU,R,-1.22378347527,0.24352627091,-10.2936593467,6.54384894605,5.39204728313,B,K,1.85085461423,5.65776952736,74.6114414641,2184.70530133,327.432299691,0.13
3160,2020,730375936,AC,D1 Southland Conference,730263552,UVU,216822776,2020-02-15 19:00:00,1,2,0,1,1768763921,N. Hawkins,L,FA,R,0.210469103047,0.482253925734,13.7589833672,-8.85542309429,5.74127735428,B,K,1.80129844928,5.72159138959,88.2243457072,2130.15055043,147.29857168,0.13
3161,2020,730375936,AC,D1 Southland Conference,730263552,UVU,216822776,2020-02-15 19:00:00,1,3,0,1,1768763921,N. Hawkins,L,FA,R,1.30573511742,1.6047321997,14.47253587,-11.3687023324,5.64494156165,SL,K,1.65375899013,5.72957395212,88.4637513276,2114.41165172,141.914630413,-0.15
3162,2020,730375936,AC,D1 Southland Conference,730263552,UVU,216822776,2020-02-15 19:00:00,1,3,1,1,1768763921,N. Hawkins,L,FA,R,0.0886568362095,2.23706332171,15.4755136549,-8.88617601745,5.96727433394,F,K,1.44708167457,5.82221234919,88.1863731386,2109.68841026,150.190425003,-0.15
3163,2020,730375936,AC,D1 Southland Conference,730263552,UVU,216822776,2020-02-15 19:00:00,1,3,2,1,1768763921,N. Hawkins,L,SL,R,-0.562447340193,0.849480508024,-10.9572145683,16.0147758188,5.29526095128,SS,K,1.69611513917,5.61820031497,76.8259683876,2166.59986045,304.269286864,-0.15
3164,2020,730375936,AC,D1 Southland Conference,730263552,UVU,216822776,2020-02-15 19:00:00,1,0,0,2,1768763921,N. Hawkins,L,FA,R,-0.464772739487,1.87279055864,15.9065279797,-10.0011746128,5.97119562412,F,IP_OUT,1.72245399396,5.72478197503,89.0219991633,2016.66423383,147.894302068,-0.15
3165,2020,730375936,AC,D1 Southland Conference,730263552,UVU,216822776,2020-02-15 19:00:00,1,0,1,2,1768763921,N. Hawkins,L,SL,R,-0.0465130607441,2.42212161841,-4.39301378528,17.5643916537,5.1179723552,SL,IP_OUT,2.03612601966,5.39746926335,75.1310576898,2312.98752041,283.895789914,-0.15
3166,2020,730375936,AC,D1 Southland Conference,730263552,UVU,216822776,2020-02-15 19:00:00,1,0,2,2,1768763921,N. Hawkins,L,SL,R,-0.977482077086,0.938920974567,-2.51592242096,14.9560116499,5.14224072644,B,IP_OUT,1.66153341259,5.54980488034,76.5235200014,2408.38178677,279.375724053,0.13
3167,2020,730375936,AC,D1 Southland Conference,730263552,UVU,216822776,2020-02-15 19:00:00,1,1,2,2,1768763921,N. Hawkins,L,SL,R,-0.75878078743,1.07861707472,-10.968811079,17.3893258749,5.35245165123,B,IP_OUT,1.85612132743,5.48539554151,74.4149317664,2371.36072817,302.127789151,0.13
3168,2020,730375936,AC,D1 Southland Conference,730263552,UVU,216822776,2020-02-15 19:00:00,1,2,2,2,1768763921,N. Hawkins,L,SL,R,0.950910033166,1.17347533854,-5.02095293253,18.5760544686,5.16012329232,B,IP_OUT,2.08020133412,5.38729756641,75.2350199181,2353.61010054,284.987865407,0.13
3169,2020,730375936,AC,D1 Southland Conference,730263552,UVU,216822776,2020-02-15 19:00:00,2,0,0,0,1768763921,N. Hawkins,L,CU,R,0.16347907255,0.446856272613,-9.90322147154,4.82750040008,5.14806975325,B,BB,1.85661583829,5.74804869136,74.7286056602,2055.09555417,333.901370395,0.13
3170,2020,730375936,AC,D1 Southland Conference,730263552,UVU,216822776,2020-02-15 19:00:00,2,1,0,0,1768763921,N. Hawkins,L,FA,R,0.893407379514,3.46692890926,12.0136200295,-8.91201815414,5.86756171199,B,BB,1.73583697436,5.7087828908,86.19420085,2165.91526796,143.511887092,0.13
3171,2020,730375936,AC,D1 Southland Conference,730263552,UVU,216822776,2020-02-15 19:00:00,2,2,0,0,1768763921,N. Hawkins,L,FA,R,0.573587940374,1.01977667599,15.4553785054,-10.0618021951,5.99598029985,B,BB,1.52996356524,5.85082985733,86.2022721495,2156.99696999,146.995388589,0.13
3172,2020,730375936,AC,D1 Southland Conference,730263552,UVU,216822776,2020-02-15 19:00:00,2,3,0,0,1768763921,N. Hawkins,L,FA,R,-0.403089714736,1.17909735144,15.9935653032,-8.24354555294,5.55622222817,B,BB,1.40938635532,5.9495131758,87.2467043943,2087.42315022,152.783028954,0.8
3173,2020,730375936,AC,D1 Southland Conference,730263552,UVU,216822776,2020-02-15 19:00:00,2,0,0,0,1768763921,N. Hawkins,L,FA,R,-0.590730800792,0.927997106185,14.4410398483,-8.75172466972,5.97692990842,B,IP_OUT,1.52882211456,5.77211237692,86.9465189875,2123.74582384,148.843943812,0.13
3174,2020,730375936,AC,D1 Southland Conference,730263552,UVU,216822776,2020-02-15 19:00:00,2,1,0,0,1768763921,N. Hawkins,L,FA,R,1.53428981725,3.46334993611,14.3505049657,-10.9076293348,5.84456515395,B,IP_OUT,1.68086103533,5.79126031322,86.3182682333,2085.66444326,142.830467786,0.13
3175,2020,730375936,AC,D1 Southland Conference,730263552,UVU,216822776,2020-02-15 19:00:00,2,2,0,0,1768763921,N. Hawkins,L,FA,R,0.223811083614,2.5880804464,12.5615602603,-11.8973894292,6.12559323255,SL,IP_OUT,1.49098658561,5.77329089467,87.2335476121,2112.81363611,136.634466004,-0.15
3176,2020,730375936,AC,D1 Southland Conference,730263552,UVU,216822776,2020-02-15 19:00:00,2,0,0,1,1768763921,N. Hawkins,L,FA,R,1.46172393728,2.79623513685,12.8664167605,-11.8647799643,5.79495345846,B,DP,1.71992192281,5.67768370969,88.0058500595,2161.14601506,137.395510697,0.13
3177,2020,730375936,AC,D1 Southland Conference,730263552,UVU,216822776,2020-02-15 19:00:00,2,1,0,1,1768763921,N. Hawkins,L,FA,R,0.8739324279,2.17078853757,13.7566461385,-8.76301030585,5.64310972507,IP,DP,1.63024462059,5.74315693558,87.2073608105,2124.22835917,147.568648925,-0.21
3178,2020,730375936,AC,D1 Southland Conference,730263552,UVU,216822776,2020-02-15 19:00:00,3,0,0,0,1768763921,N. Hawkins,L,FA,R,-0.653396580214,1.29295122483,16.0034136719,-8.40316586003,5.93516477429,SL,IP_OUT,1.44667844333,5.87628331658,87.7119951641,2013.97323748,152.346686822,-0.15
3179,2020,730375936,AC,D1 Southland Conference,730263552,UVU,216822776,2020-02-15 19:00:00,3,0,1,0,1768763921,N. Hawkins,L,SL,R,-0.184775760078,0.816670162325,-7.6785190033,13.5687088212,4.95604535497,B,IP_OUT,1.85775595428,5.55846672804,75.1250733773,2241.69731733,299.351505429,0.13
3180,2020,730375936,AC,D1 Southland Conference,730263552,UVU,216822776,2020-02-15 19:00:00,3,0,0,1,1768763921,N. Hawkins,L,FA,R,0.338328474763,1.79454942022,12.501007095,-9.7093334657,5.90482810514,SL,S,1.41017662169,5.92059725088,88.8299313852,2111.59035678,142.237936317,-0.15
3181,2020,730375936,AC,D1 Southland Conference,730263552,UVU,216822776,2020-02-15 19:00:00,3,0,1,1,1768763921,N. Hawkins,L,FA,R,0.303209374254,2.09086025923,14.0691292113,-9.48798425004,5.97245957629,IP,S,1.27998413141,5.90442430212,90.0957482881,2135.39283484,146.065879691,1.0
3182,2020,730375936,AC,D1 Southland Conference,730263552,UVU,216822776,2020-02-15 19:00:00,3,0,0,1,1768763921,N. Hawkins,L,FA,R,0.769545465045,2.50464381288,13.5102239491,-7.72710874167,6.04826093943,F,K,1.47547970872,5.89805176616,88.6612977438,2112.23939498,150.293323671,-0.15
3183,2020,730375936,AC,D1 Southland Conference,730263552,UVU,216822776,2020-02-15 19:00:00,3,0,1,1,1768763921,N. Hawkins,L,SL,R,1.39773159836,2.09442585793,-1.80572151013,16.3279419206,4.87422903697,B,K,2.07984058985,5.41136892065,75.1635412989,2237.58375613,276.142337671,0.13
3184,2020,730375936,AC,D1 Southland Conference,730263552,UVU,216822776,2020-02-15 19:00:00,3,1,1,1,1768763921,N. Hawkins,L,SL,R,0.320280259521,1.84689119386,-9.10200769954,16.2786780683,5.18366708312,F,K,1.65212000566,5.71373512029,75.9917694184,2303.19381298,299.08574569,-0.15
3185,2020,730375936,AC,D1 Southland Conference,730263552,UVU,216822776,2020-02-15 19:00:00,3,1,2,1,1768763921,N. Hawkins,L,SL,R,-0.000585947229896,0.812526208553,-10.52878032,15.9790222874,5.53749193292,SS,K,1.83577596877,5.46361846134,75.9040847971,2326.29519195,303.265630519,-0.15
3186,2020,730375936,AC,D1 Southland Conference,730263552,UVU,216822776,2020-02-15 19:00:00,3,0,0,2,1768763921,N. Hawkins,L,SL,R,0.202946622319,1.55850041399,-9.54736595103,14.8719708458,5.13675956374,SL,IP_OUT,1.9248286927,5.40543720744,75.1236163235,2410.18214739,302.568675034,-0.15
3187,2020,730375936,AC,D1 Southland Conference,730263552,UVU,216822776,2020-02-15 19:00:00,3,0,1,2,1768763921,N. Hawkins,L,SL,R,1.13360825704,2.29707271482,-10.8420691962,10.2001382689,5.37314393806,SL,IP_OUT,1.77562289628,5.6251518276,76.3541531337,2355.50557589,316.626617773,-0.15
3188,2020,730375936,AC,D1 Southland Conference,730263552,UVU,216822776,2020-02-15 19:00:00,3,0,2,2,1768763921,N. Hawkins,L,SL,R,2.58432319385,1.88238100619,-11.3153152053,11.4838880556,5.26290126936,B,IP_OUT,1.47596856376,5.70426297942,74.4018293226,2201.72468501,314.453497568,0.13
3189,2020,730375936,AC,D1 Southland Conference,730263552,UVU,216822776,2020-02-15 19:00:00,3,1,2,2,1768763921,N. Hawkins,L,SL,R,2.12369228372,3.00976290348,-10.9193852566,12.7343503715,4.99154002937,B,IP_OUT,1.65313351541,5.52531454993,74.840069485,2198.76604926,310.486858867,0.13
3190,2020,730375936,AC,D1 Southland Conference,730263552,UVU,216822776,2020-02-15 19:00:00,4,0,0,1,1768763921,N. Hawkins,L,FA,R,-0.352458057106,1.38150107832,16.6957180594,-9.09763439452,6.06343812215,SL,S,1.2118667384,5.93647871252,88.2039944949,2152.7721028,151.462311124,-0.15
3191,2020,730375936,AC,D1 Southland Conference,730263552,UVU,216822776,2020-02-15 19:00:00,4,0,1,1,1768763921,N. Hawkins,L,SL,R,2.29818453861,3.59673184641,-5.41451311578,9.64889980259,5.45801754444,B,S,1.68694754004,5.60592932068,74.1344821223,1988.0326092,299.078249504,0.13
3192,2020,730375936,AC,D1 Southland Conference,730263552,UVU,216822776,2020-02-15 19:00:00,4,1,1,1,1768763921,N. Hawkins,L,FA,R,1.64039612609,3.53591455259,12.6521360301,-8.21959815242,5.70756141027,B,S,1.2980149131,6.03367269819,87.5644409292,2074.95329527,147.061196735,0.13
3193,2020,730375936,AC,D1 Southland Conference,730263552,UVU,216822776,2020-02-15 19:00:00,4,2,1,1,1768763921,N. Hawkins,L,FA,R,-0.0804811361069,1.68092629512,11.6147671792,-6.26339568839,5.99337777073,SL,S,1.22477254164,5.98012412289,87.7012160766,2151.43987985,151.733695035,-0.15
3194,2020,730375936,AC,D1 Southland Conference,730263552,UVU,216822776,2020-02-15 19:00:00,4,2,2,1,1768763921,N. Hawkins,L,FA,R,0.223056796786,2.18587897391,14.7176824718,-4.0991733857,5.90321011035,F,S,1.05370489995,6.14444523158,88.9389846633,2148.16967268,164.469563476,0.0
3195,2020,730375936,AC,D1 Southland Conference,730263552,UVU,216822776,2020-02-15 19:00:00,4,2,2,1,1768763921,N. Hawkins,L,FA,R,0.228759244463,0.677543647031,10.9033858639,-11.3856752339,5.92651639721,B,S,1.25008184377,5.84478854261,90.172548667,2139.55374002,133.844675014,0.13
3196,2020,730375936,AC,D1 Southland Conference,730263552,UVU,216822776,2020-02-15 19:00:00,4,3,2,1,1768763921,N. Hawkins,L,FA,R,0.88360546253,2.31987616668,11.6505128547,-9.31988734187,5.77343096129,IP,S,1.40927457667,5.90266476438,88.3714287785,2086.53635394,141.421500357,1.0
3197,2020,730375936,AC,D1 Southland Conference,730263552,UVU,216822776,2020-02-15 19:00:00,4,0,0,1,1768763921,N. Hawkins,L,FA,R,0.837482335333,3.40398700554,13.001581414,-9.04360281559,5.94859147455,B,IP_OUT,1.39733125622,5.76528957924,88.6246236743,2119.12789429,145.246553699,0.13
3198,2020,730375936,AC,D1 Southland Conference,730263552,UVU,216822776,2020-02-15 19:00:00,4,0,0,2,1768763921,N. Hawkins,L,FA,R,0.399003392325,2.93462803305,15.4201505859,-5.80185471165,5.97610843111,SS,K,1.36421820841,5.76279276251,89.1650841909,2006.05697563,159.421106066,-0.15
3199,2020,730375936,AC,D1 Southland Conference,730263552,UVU,216822776,2020-02-15 19:00:00,4,0,1,2,1768763921,N. Hawkins,L,FA,R,0.354943853322,2.54945030422,11.4902830471,-9.48090880722,5.92394312232,F,K,1.5121282183,5.76521198876,88.7712766179,2153.78869365,140.553606867,-0.15
3200,2020,730375936,AC,D1 Southland Conference,730263552,UVU,216822776,2020-02-15 19:00:00,4,0,2,2,1768763921,N. Hawkins,L,FA,R,1.56194787075,2.50866650977,14.7616298853,-8.78432500309,5.75326722501,B,K,1.70115669947,5.66779567882,89.8328178794,2084.27682847,149.299747764,0.13
3201,2020,730375936,AC,D1 Southland Conference,730263552,UVU,216822776,2020-02-15 19:00:00,4,1,2,2,1768763921,N. Hawkins,L,SL,R,-0.738337793552,1.35984136599,-7.1812701855,10.7514876053,5.22658158192,SS,K,1.74457577103,5.60316877724,76.251168382,2330.49533476,303.569428517,-0.15
3202,2020,730375936,AC,D1 Southland Conference,730263552,UVU,216822776,2020-02-15 19:00:00,5,0,0,0,1768763921,N. Hawkins,L,FA,R,0.475945304875,2.08454591063,10.5175354764,-13.5047944243,5.94890749587,SL,IP_OUT,1.35490097706,5.86030816562,87.2931825986,2113.69920503,128.002498496,-0.15
3203,2020,730375936,AC,D1 Southland Conference,730263552,UVU,216822776,2020-02-15 19:00:00,5,0,1,0,1768763921,N. Hawkins,L,FA,R,-1.31848871648,0.113199491194,16.4372043667,-12.797667839,5.6939418555,B,IP_OUT,1.09741280375,5.8999972288,87.4613532455,2112.97342845,142.155461819,0.13
3204,2020,730375936,AC,D1 Southland Conference,730263552,UVU,216822776,2020-02-15 19:00:00,5,1,1,0,1768763921,N. Hawkins,L,FA,R,1.6316790772,3.4120768566,11.6998723525,-12.2944470312,5.93624959713,B,IP_OUT,1.39080083668,5.85111416883,87.3998735158,2137.6363018,133.664746822,0.13
3205,2020,730375936,AC,D1 Southland Conference,730263552,UVU,216822776,2020-02-15 19:00:00,5,2,1,0,1768763921,N. Hawkins,L,FA,R,-0.0858929597368,2.15541245946,15.6123707441,-9.81926461703,5.7023490291,F,IP_OUT,1.28083405276,5.93430154267,87.1863092913,2077.46047559,147.889953545,-0.15
3206,2020,730375936,AC,D1 Southland Conference,730263552,UVU,216822776,2020-02-15 19:00:00,5,2,2,0,1768763921,N. Hawkins,L,FA,R,0.616508948917,1.90187461727,15.6394320946,-10.5426871207,6.00657922431,F,IP_OUT,1.11333108416,6.02642128174,88.9718616891,2106.56497384,146.07213918,0.0
3207,2020,730375936,AC,D1 Southland Conference,730263552,UVU,216822776,2020-02-15 19:00:00,5,0,0,1,1768763921,N. Hawkins,L,FA,R,1.24421717483,3.19388708973,12.0571534231,-7.84760359762,5.87807799588,B,IP_OUT,1.43997189821,5.85523625359,88.0778172065,1962.31033928,147.014845587,0.13
3208,2020,730375936,AC,D1 Southland Conference,730263552,UVU,216822776,2020-02-15 19:00:00,5,1,0,1,1768763921,N. Hawkins,L,FA,R,0.0453286985355,0.125601110102,13.8777478562,-10.9388083937,5.9646757428,B,IP_OUT,1.19186116304,5.89372141189,88.3991776189,2079.67927436,141.822229844,0.13
3209,2020,730375936,AC,D1 Southland Conference,730263552,UVU,216822776,2020-02-15 19:00:00,5,0,0,2,1768763921,N. Hawkins,L,FA,R,0.137774788133,1.74521869407,15.3486982302,-11.0686370903,6.12449096845,IP,D,1.59312198123,5.67707833874,87.8245698712,2028.58395588,144.263145383,1.26
3210,2020,730375936,AC,D1 Southland Conference,730263552,UVU,216822776,2020-02-15 19:00:00,5,0,0,2,1768763921,N. Hawkins,L,FA,R,0.128169478545,0.781003365208,13.0557430292,-11.498611113,5.74648023243,B,IP_OUT,1.63226939068,5.69418723407,88.6815935681,2069.90742175,138.701996317,0.13
3211,2020,730375936,AC,D1 Southland Conference,730263552,UVU,216822776,2020-02-15 19:00:00,5,1,0,2,1768763921,N. Hawkins,L,FA,R,-0.426093592304,1.01856476144,13.6692245027,-10.8926709978,5.76722781059,B,IP_OUT,1.49872453833,5.73328583863,88.2304881184,2060.0481773,141.519373424,0.13
3212,2020,730375936,AC,D1 Southland Conference,730263552,UVU,216822776,2020-02-15 19:00:00,6,0,0,0,1768763921,N. Hawkins,L,FA,R,1.41606139398,1.82781467548,8.60276829598,-14.0711839692,5.81118464463,B,K,1.44495865607,5.85061130173,86.8749122796,2003.00213287,121.544735753,0.13
3213,2020,730375936,AC,D1 Southland Conference,730263552,UVU,216822776,2020-02-15 19:00:00,6,1,0,0,1768763921,N. Hawkins,L,FA,R,-0.261448020773,1.95722800982,17.0794642165,-6.24099357574,5.81753742352,F,K,1.17266965932,5.88629629235,87.0573872506,2018.04435953,159.964858142,-0.15
3214,2020,730375936,AC,D1 Southland Conference,730263552,UVU,216822776,2020-02-15 19:00:00,6,1,1,0,1768763921,N. Hawkins,L,SL,R,0.316724167271,2.72254174213,-7.56556987277,10.6675181265,5.15308898274,SL,K,1.67853557201,5.6314581165,75.0007259166,2242.5927578,305.172442548,-0.15
3215,2020,730375936,AC,D1 Southland Conference,730263552,UVU,216822776,2020-02-15 19:00:00,6,1,2,0,1768763921,N. Hawkins,L,FA,R,1.06278760406,2.2513868159,11.763577776,-13.4998076183,5.94484023797,SS,K,1.03040094196,6.12446166088,88.1269696504,2254.58580792,131.150994918,-0.15
3216,2020,730375936,AC,D1 Southland Conference,730263552,UVU,216822776,2020-02-15 19:00:00,6,0,0,1,1768763921,N. Hawkins,L,FA,R,0.308548819306,2.60983937786,11.2906354193,-8.38531620233,5.97963113446,SL,IP_OUT,1.32313453406,5.86382734645,88.5913645712,2048.70365504,143.480623926,-0.15
3217,2020,730375936,AC,D1 Southland Conference,730263552,UVU,216822776,2020-02-15 19:00:00,6,0,1,1,1768763921,N. Hawkins,L,FA,R,-0.671556561771,1.40233981808,14.6064434687,-10.0332312801,5.91583206533,SL,IP_OUT,1.11917058877,5.89570902325,88.7118947631,2167.77513624,145.57581791,-0.15
3218,2020,730375936,AC,D1 Southland Conference,730263552,UVU,216822776,2020-02-15 19:00:00,6,0,2,1,1768763921,N. Hawkins,L,FA,R,-0.244576262486,-0.00226424384042,12.8657197921,-10.5999696068,6.0394323952,B,IP_OUT,1.29388619672,5.94563856053,90.1980660933,2215.42593701,140.58572935,0.13
3219,2020,730375936,AC,D1 Southland Conference,730263552,UVU,216822776,2020-02-15 19:00:00,6,1,2,1,1768763921,N. Hawkins,L,FA,R,-0.609098952861,2.19698199768,13.3960882017,-6.04225369257,5.93535586678,F,IP_OUT,1.03133259259,5.940357499,88.1760678807,2113.18850548,155.776742279,0.0
3220,2020,730375936,AC,D1 Southland Conference,730263552,UVU,216822776,2020-02-15 19:00:00,6,1,2,1,1768763921,N. Hawkins,L,SL,R,1.89380693223,3.95813300884,-8.95663926032,11.5485018677,5.30346269978,B,IP_OUT,1.42318153494,5.7891910022,74.8830375987,2184.66155438,307.647160756,0.13
3221,2020,730375936,AC,D1 Southland Conference,730263552,UVU,216822776,2020-02-15 19:00:00,6,0,0,2,1768763921,N. Hawkins,L,FA,R,1.38544117387,3.10841712742,12.8924163832,-10.3871608595,6.11269046677,B,D,1.09273237936,5.91558998306,89.9127980186,2194.59025674,141.212102843,0.13
3222,2020,730375936,AC,D1 Southland Conference,730263552,UVU,216822776,2020-02-15 19:00:00,6,1,0,2,1768763921,N. Hawkins,L,FA,R,0.716801918133,2.00980259946,11.3792086796,-9.81082165303,5.9864111826,F,D,1.15039894309,5.84788143873,87.3661282104,2057.24761104,139.317899928,-0.15
3223,2020,730375936,AC,D1 Southland Conference,730263552,UVU,216822776,2020-02-15 19:00:00,6,1,1,2,1768763921,N. Hawkins,L,SL,R,-0.655088905416,2.01439306816,-10.3166077274,12.2227600913,5.26205587375,SL,D,1.30310246664,5.79819002801,76.1139381349,2132.49515299,310.037760829,-0.15
3224,2020,730375936,AC,D1 Southland Conference,730263552,UVU,216822776,2020-02-15 19:00:00,6,1,2,2,1768763921,N. Hawkins,L,SL,R,-1.67313115804,-0.649592894915,-8.58720613618,10.0920519215,5.37333203468,B,D,1.14206312949,5.95152891761,78.1371832791,2151.64369364,310.247605616,0.13
3225,2020,730375936,AC,D1 Southland Conference,730263552,UVU,216822776,2020-02-15 19:00:00,6,2,2,2,1768763921,N. Hawkins,L,FA,R,0.490963768161,1.50421047608,16.3018739074,-8.66457475379,5.90687822993,F,D,0.997451587964,6.05698557346,89.6524522619,2097.09921055,152.056792307,0.0
3226,2020,730375936,AC,D1 Southland Conference,730263552,UVU,216822776,2020-02-15 19:00:00,6,2,2,2,1768763921,N. Hawkins,L,FA,R,-0.00878694968054,2.89267380617,17.1392029107,-4.81561433653,5.78994709957,F,D,1.04433424278,5.82717021672,89.6633386158,2179.34173237,164.335070172,0.0
3227,2020,730375936,AC,D1 Southland Conference,730263552,UVU,216822776,2020-02-15 19:00:00,6,2,2,2,1768763921,N. Hawkins,L,SL,R,2.39322728817,4.2005691132,-4.11975191866,9.720692315,5.35454514514,B,D,1.53046016714,5.65942864114,74.9864846237,2105.33698539,292.728284876,0.13
3228,2020,730375936,AC,D1 Southland Conference,730263552,UVU,216822776,2020-02-15 19:00:00,6,3,2,2,1768763921,N. Hawkins,L,FA,R,0.595012605496,2.28071751789,8.83159197307,-6.19973607794,6.15953106591,IP,D,0.949796608161,5.91852533726,88.3341918283,2165.46036517,145.031911395,1.26
3229,2020,730375936,AC,D1 Southland Conference,730263552,UVU,216822776,2020-02-15 19:00:00,6,0,0,2,1462828157,T. Munkres,R,FA,R,0.818558713146,1.86220293136,15.5518245557,9.6552696077,6.21982361962,SL,S,-2.38199796235,5.51261243896,87.8336745999,2017.08218204,211.778620446,-0.15
3230,2020,730375936,AC,D1 Southland Conference,730263552,UVU,216822776,2020-02-15 19:00:00,6,0,0,2,1462828157,T. Munkres,R,FA,R,0.465404228202,1.41090228386,14.9583932348,7.92908001483,6.17769305071,SL,FC,-2.38634387003,5.52003336594,87.2803311225,1972.30633182,207.873053125,-0.15
3231,2020,730375936,AC,D1 Southland Conference,730263552,UVU,216822776,2020-02-15 19:00:00,6,0,1,2,1462828157,T. Munkres,R,FA,R,0.346140123641,2.23243399942,14.8745607064,2.32315720117,6.34224304253,IP,FC,-2.58654930283,5.50639663185,87.0201290102,1961.16127327,188.856944756,-0.21
3232,2020,730375936,AC,D1 Southland Conference,730263552,UVU,216822776,2020-02-15 19:00:00,7,0,0,0,1194092317,C. Bak,R,FA,R,0.621405736749,2.26993425063,14.8128252868,3.87022333656,6.38334397508,SS,S,-1.74864456973,5.18058855115,86.2115576823,2048.55439389,194.609924274,-0.15
3233,2020,730375936,AC,D1 Southland Conference,730263552,UVU,216822776,2020-02-15 19:00:00,7,0,1,0,1194092317,C. Bak,R,FA,R,0.395412770096,1.63068841842,15.9835590045,3.62539637899,6.75152801507,SL,S,-1.84586153328,5.08726172569,86.60312046,2225.93939616,192.7536521,-0.15
3234,2020,730375936,AC,D1 Southland Conference,730263552,UVU,216822776,2020-02-15 19:00:00,7,0,2,0,1194092317,C. Bak,R,FA,R,0.486583645545,3.80031334163,13.5598465011,5.01549217056,6.55399798326,B,S,-1.84373979847,5.12061672611,87.2182262226,2223.2865972,200.252572476,0.13
3235,2020,730375936,AC,D1 Southland Conference,730263552,UVU,216822776,2020-02-15 19:00:00,7,1,2,0,1194092317,C. Bak,R,CH,R,2.81015258262,1.06814262519,9.40785861171,-4.11872065398,6.16007739381,B,S,-1.77062288924,4.97518817348,74.4948680026,2227.79539128,156.461248996,0.13
3236,2020,730375936,AC,D1 Southland Conference,730263552,UVU,216822776,2020-02-15 19:00:00,7,2,2,0,1194092317,C. Bak,R,FA,R,0.575525873772,1.37923463302,14.6359896205,-0.0882732052719,6.39372865415,IP,S,-1.84608457304,5.12432936514,85.4624911869,2292.31342315,179.655264243,1.0
3237,2020,730375936,AC,D1 Southland Conference,730263552,UVU,216822776,2020-02-15 19:00:00,7,0,0,0,1194092317,C. Bak,R,FA,R,0.664026864026,0.733440617349,17.2475988242,8.77066198062,6.89666177594,B,S,-1.85836885682,5.06910905846,86.47041466,2156.16493725,206.908930175,0.13
3238,2020,730375936,AC,D1 Southland Conference,730263552,UVU,216822776,2020-02-15 19:00:00,7,1,0,0,1194092317,C. Bak,R,FA,R,-0.460785332115,1.80337284881,13.1651414438,7.34416535071,6.6230717335,F,S,-1.76440398976,5.05331711202,84.5346724799,2170.34737575,209.089531969,-0.15
3239,2020,730375936,AC,D1 Southland Conference,730263552,UVU,216822776,2020-02-15 19:00:00,7,1,1,0,1194092317,C. Bak,R,CH,R,0.32946820301,2.62330087029,8.21363397022,-4.52766326018,6.13012313898,SS,S,-1.91368340319,4.95065175097,73.3127136669,2154.18622909,151.277066144,-0.15
3240,2020,730375936,AC,D1 Southland Conference,730263552,UVU,216822776,2020-02-15 19:00:00,7,1,2,0,1194092317,C. Bak,R,FA,R,0.489389927069,2.58783368456,13.0086433129,5.84484779723,6.76912349881,IP,S,-1.84387111764,5.0766400689,84.2935063792,2005.20912639,204.136181826,1.0
3241,2020,730375936,AC,D1 Southland Conference,730263552,UVU,216822776,2020-02-15 19:00:00,7,0,0,0,1194092317,C. Bak,R,FA,R,2.3006126108,0.859657823086,17.8999193778,4.97596039495,6.58177121586,B,BB,-1.87426214486,4.97205269226,87.6068846438,2278.38535209,195.507640868,0.13
3242,2020,730375936,AC,D1 Southland Conference,730263552,UVU,216822776,2020-02-15 19:00:00,7,1,0,0,1194092317,C. Bak,R,FA,R,-1.47688020811,2.59864196794,12.3492768725,11.709326773,6.63057913318,B,BB,-1.90737567034,5.06288597067,86.2796475373,2178.7574034,223.397463281,0.13
3243,2020,730375936,AC,D1 Southland Conference,730263552,UVU,216822776,2020-02-15 19:00:00,7,2,0,0,1194092317,C. Bak,R,FA,R,-3.08622712377,4.40937956525,22.3274622501,9.92435882329,6.67187230793,B,BB,-2.09780237481,5.07932079542,84.5053473248,2151.20821318,203.930602139,0.13
3244,2020,730375936,AC,D1 Southland Conference,730263552,UVU,216822776,2020-02-15 19:00:00,7,3,0,0,1194092317,C. Bak,R,FA,R,0.714326429618,1.82349253941,17.6562543748,0.606368322834,6.40498569826,SL,BB,-1.87613545037,5.09406762153,84.3221587266,2193.32823961,181.962902771,-0.15
3245,2020,730375936,AC,D1 Southland Conference,730263552,UVU,216822776,2020-02-15 19:00:00,7,3,1,0,1194092317,C. Bak,R,FA,R,0.357396744996,0.136477274852,16.361369561,7.37476177985,6.54595474138,B,BB,-1.86783842069,5.02185079218,84.9576614963,2204.79411197,204.216543007,0.8
3246,2020,730375936,AC,D1 Southland Conference,730263552,UVU,216822776,2020-02-15 19:00:00,7,0,0,0,1194092317,C. Bak,R,FA,R,-0.566247574097,3.238306734,17.7381235604,4.32054159467,6.59446361569,F,K,-1.77219182136,5.12618143626,83.6846339403,2062.52893312,193.662150219,-0.15
3247,2020,730375936,AC,D1 Southland Conference,730263552,UVU,216822776,2020-02-15 19:00:00,7,0,1,0,1194092317,C. Bak,R,FA,R,-1.2731415555,2.21417613251,13.6987568408,10.2265094,6.77052726362,B,K,-1.84429526085,5.11348968244,83.9385320405,2037.81667495,216.671154511,0.13
3248,2020,730375936,AC,D1 Southland Conference,730263552,UVU,216822776,2020-02-15 19:00:00,7,1,1,0,1194092317,C. Bak,R,FA,R,1.53635852076,1.96279925642,14.0936645793,5.81897205054,6.43917803457,B,K,-1.89471107674,5.0125987584,83.8114392255,2155.56973415,202.382685956,0.13
3249,2020,730375936,AC,D1 Southland Conference,730263552,UVU,216822776,2020-02-15 19:00:00,7,2,1,0,1194092317,C. Bak,R,CH,R,1.08252025753,0.393290007162,8.65196015273,-2.45817623835,6.1334360675,SL,K,-1.84956220579,4.90618163689,77.1092926045,2196.54802453,164.21411456,-0.15
3250,2020,730375936,AC,D1 Southland Conference,730263552,UVU,216822776,2020-02-15 19:00:00,7,2,2,0,1194092317,C. Bak,R,FA,R,0.448273832473,0.891827143218,15.298201026,6.01304160274,6.66152749792,B,K,-1.87276472011,5.00586069353,87.0072302817,2169.41349094,201.415262423,0.13
3251,2020,730375936,AC,D1 Southland Conference,730263552,UVU,216822776,2020-02-15 19:00:00,7,3,2,0,1194092317,C. Bak,R,FA,R,0.240752753596,1.45455309856,18.1889746014,10.2329607121,6.88790842335,SL,K,-1.82477910578,4.96870621145,85.9774042208,2077.28388263,209.316283249,-0.15
3252,2020,730375936,AC,D1 Southland Conference,730263552,UVU,216822776,2020-02-15 19:00:00,7,0,0,1,1194092317,C. Bak,R,FA,R,0.551835086517,1.34866539533,18.8509539601,5.67726727197,6.6362595014,SL,IP_OUT,-1.81944429232,5.03347865358,84.9417204912,2236.89766056,196.731219866,-0.15
3253,2020,730375936,AC,D1 Southland Conference,730263552,UVU,216822776,2020-02-15 19:00:00,7,0,1,1,1194092317,C. Bak,R,CH,R,1.30784301282,0.532472618491,6.55897996748,-0.0176832897688,6.19137115193,B,IP_OUT,-1.9506554661,4.93449688802,79.3219889467,2272.33637865,179.846480639,0.13
3254,2020,730375936,AC,D1 Southland Conference,730263552,UVU,216822776,2020-02-15 19:00:00,7,0,0,2,1194092317,C. Bak,R,FA,R,0.797018236852,0.667678926597,13.5268626117,5.43480231221,6.39505281007,B,IP_OUT,-1.9069393299,5.02905353464,87.5962952471,2186.3779483,201.84057181,0.13
3255,2020,730375936,AC,D1 Southland Conference,730263552,UVU,216822776,2020-02-15 19:00:00,7,1,0,2,1194092317,C. Bak,R,FA,R,1.8002956494,0.918903422362,15.6770881407,6.58853174774,6.43902998559,B,IP_OUT,-1.84458242322,4.92461436538,84.7617932792,2261.58703127,202.749051347,0.13
3256,2020,730375936,AC,D1 Southland Conference,730263552,UVU,216822776,2020-02-15 19:00:00,7,2,0,2,1194092317,C. Bak,R,FA,R,0.628450918346,0.174293522623,14.1287753476,4.69018084741,6.72887108978,B,IP_OUT,-1.8880357005,4.90925308559,86.2614793549,2277.06570029,198.323127079,0.13
3257,2020,730375936,AC,D1 Southland Conference,730263552,UVU,216822776,2020-02-15 19:00:00,7,3,0,2,1194092317,C. Bak,R,FA,R,0.656930835146,2.61949702206,17.1222961003,6.13765134259,6.51043222924,SL,IP_OUT,-1.92829245305,5.07923742443,86.3141617159,2221.01361533,199.683959168,-0.15
3258,2020,730375936,AC,D1 Southland Conference,730263552,UVU,216822776,2020-02-15 19:00:00,7,3,1,2,1194092317,C. Bak,R,FA,R,0.698781690075,2.01225386161,20.1769080331,3.95622734575,6.33929437469,F,IP_OUT,-1.96456116649,5.0514550344,87.2049605036,2305.74600589,191.075328427,-0.15
3259,2020,730375936,AC,D1 Southland Conference,730263552,UVU,216822776,2020-02-15 19:00:00,8,0,0,0,1835738761,B. Johnson,R,SL,R,-1.46364918524,3.08357618106,-3.48357060148,-0.140359530409,5.0395005748,SL,K,-2.37146921072,5.63484513609,76.4013727985,2239.96504479,2.33794414002,-0.15
3260,2020,730375936,AC,D1 Southland Conference,730263552,UVU,216822776,2020-02-15 19:00:00,8,0,1,0,1835738761,B. Johnson,R,FA,R,-0.567323329333,2.38923052528,16.074602013,14.3225921499,5.50551901755,F,K,-2.43404294626,5.44406186091,91.4565305848,2210.66178252,221.645316257,-0.15
3261,2020,730375936,AC,D1 Southland Conference,730263552,UVU,216822776,2020-02-15 19:00:00,8,0,2,0,1835738761,B. Johnson,R,FA,R,0.551666284,1.94482369077,8.81282965446,18.9829758657,5.64784416598,SL,K,-2.15204729648,5.58484595818,91.609595287,2317.24254776,245.018691143,-0.15
3262,2020,730375936,AC,D1 Southland Conference,730263552,UVU,216822776,2020-02-15 19:00:00,8,0,0,2,1835738761,B. Johnson,R,FA,R,-0.472269939719,2.13640934076,8.08097271838,20.4248640408,5.44968892551,SL,K,-2.27170338657,5.43721359423,91.4947145115,2316.65862086,248.336837779,-0.15
3263,2020,730375936,AC,D1 Southland Conference,730263552,UVU,216822776,2020-02-15 19:00:00,8,0,1,2,1835738761,B. Johnson,R,FA,R,-0.900131175128,1.49390496916,9.45080393699,22.1636099848,5.68731962241,SS,K,-2.34555799271,5.45575182069,91.2697978623,2275.19600403,246.836613783,-0.15
3264,2020,730375936,AC,D1 Southland Conference,730263552,UVU,216822776,2020-02-15 19:00:00,8,0,2,2,1835738761,B. Johnson,R,FA,R,-0.922387776387,1.62913313853,8.79713993302,17.5576480521,5.56686633025,SL,K,-2.33187595326,5.49781276726,92.3787964972,2317.72271456,243.306225374,-0.15
3265,2020,730375936,AC,D1 Southland Conference,730263552,UVU,216822776,2020-02-15 19:00:00,9,0,0,0,1835738761,B. Johnson,R,FA,R,1.42300188255,0.980340320979,10.5197048339,20.3890509675,5.68834761799,B,IP_OUT,-2.0116804192,5.64884614533,89.7276418429,2243.34390648,242.635464187,0.13
3266,2020,730375936,AC,D1 Southland Conference,730263552,UVU,216822776,2020-02-15 19:00:00,9,1,0,0,1835738761,B. Johnson,R,FA,R,-1.7711655649,3.64451218241,7.69809075515,19.4082436767,5.57724636116,B,IP_OUT,-2.15787346188,5.57563728357,89.0830654046,2241.9149151,248.279668073,0.13
3267,2020,730375936,AC,D1 Southland Conference,730263552,UVU,216822776,2020-02-15 19:00:00,9,2,0,0,1835738761,B. Johnson,R,FA,R,-0.160972675148,2.32393424345,10.9008559071,17.8177566638,5.66199986242,F,IP_OUT,-2.14456042965,5.60493639003,89.3125372339,2240.56303466,238.464367886,-0.15
3268,2020,730375936,AC,D1 Southland Conference,730263552,UVU,216822776,2020-02-15 19:00:00,9,0,0,1,1835738761,B. Johnson,R,FA,R,-1.77660160431,3.25993856203,8.18778816187,17.7743180133,5.51399030643,B,S,-2.20953101112,5.55831060888,89.9461776708,2178.85643616,245.179772739,0.13
3269,2020,730375936,AC,D1 Southland Conference,730263552,UVU,216822776,2020-02-15 19:00:00,9,1,0,1,1835738761,B. Johnson,R,FA,R,0.22441364182,2.18081263077,6.13700354606,19.5140002768,5.64767631997,IP,S,-2.22721012857,5.60221553781,89.8101666785,2179.7416195,252.454263204,1.0
3270,2020,730375936,AC,D1 Southland Conference,730263552,UVU,216822776,2020-02-15 19:00:00,9,0,0,1,1835738761,B. Johnson,R,FA,R,0.700570178886,1.53439665687,10.4260349238,19.1037670325,5.44503226029,SL,K,-2.2146952201,5.52881772299,89.3611007366,2182.4957395,241.298916863,-0.15
3271,2020,730375936,AC,D1 Southland Conference,730263552,UVU,216822776,2020-02-15 19:00:00,9,0,1,1,1835738761,B. Johnson,R,FA,R,-1.03291642147,3.15405520561,4.8247254602,21.594512469,5.29031042996,B,K,-2.26681296941,5.40786582231,89.5228039101,2241.91161101,257.321059273,0.13
3272,2020,730375936,AC,D1 Southland Conference,730263552,UVU,216822776,2020-02-15 19:00:00,9,1,1,1,1835738761,B. Johnson,R,FA,R,-0.922802738863,2.47128742406,8.08789864678,18.9063576733,5.51563066287,SS,K,-2.31879920717,5.40262153945,88.3805038429,2225.38912451,246.752437089,-0.15
3273,2020,730375936,AC,D1 Southland Conference,730263552,UVU,216822776,2020-02-15 19:00:00,9,1,2,1,1835738761,B. Johnson,R,CU,R,0.993732827822,0.748051549922,-4.02774817733,-0.503506604058,5.20366993987,SS,K,-2.44585233907,5.28372608071,79.0312992003,2407.3630964,7.20189043679,-0.15
3274,2020,730375936,AC,D1 Southland Conference,730263552,UVU,216822776,2020-02-15 19:00:00,9,0,0,2,1835738761,B. Johnson,R,FA,R,0.382167068599,2.61756953512,10.256939698,17.1698466502,5.5313882937,SL,IP_OUT,-2.16045552194,5.38675722467,90.8900348639,2231.74927912,239.067605738,-0.15
3275,2020,730375936,AC,D1 Southland Conference,730263552,UVU,393116042,2020-02-15 13:00:00,1,0,0,0,1914664949,A. Ruesch,R,FA,R,-1.43843456336,2.64300842593,15.346879574,7.07495676606,5.94170402767,B,IP_OUT,-0.444218342353,5.9781055623,89.9064420864,1917.35824545,204.704396474,0.13
3276,2020,730375936,AC,D1 Southland Conference,730263552,UVU,393116042,2020-02-15 13:00:00,1,1,0,0,1914664949,A. Ruesch,R,FA,R,1.66264939647,1.26710675473,17.2087855232,10.168550629,6.07831957527,B,IP_OUT,-0.453234162469,6.05231426057,88.9997815317,1965.27239713,210.530326788,0.13
3277,2020,730375936,AC,D1 Southland Conference,730263552,UVU,393116042,2020-02-15 13:00:00,1,2,0,0,1914664949,A. Ruesch,R,FA,R,1.33232872525,2.27861541582,16.8244186449,9.15220408076,6.04442977459,SL,IP_OUT,-0.445438785894,6.01474499829,89.7193621355,2062.57616108,208.499380071,-0.15
3278,2020,730375936,AC,D1 Southland Conference,730263552,UVU,393116042,2020-02-15 13:00:00,1,0,0,1,1914664949,A. Ruesch,R,FA,R,1.01030955907,2.44904295459,18.0909279582,10.36930153,6.05510870856,SL,IP_OUT,-0.680606544214,5.93585769536,90.1417157666,2041.51459252,209.77642809,-0.15
3279,2020,730375936,AC,D1 Southland Conference,730263552,UVU,393116042,2020-02-15 13:00:00,1,0,1,1,1914664949,A. Ruesch,R,SL,R,0.713958342075,0.797273685983,8.32515940465,12.9489606092,5.87529077015,SS,IP_OUT,-0.385615719196,5.90928905453,81.8499299508,2130.39723057,237.139446699,-0.15
3280,2020,730375936,AC,D1 Southland Conference,730263552,UVU,393116042,2020-02-15 13:00:00,1,0,0,2,1914664949,A. Ruesch,R,FA,R,0.314518075441,1.95171639591,16.5205893986,9.56801160092,6.02917293562,SL,IP_OUT,-0.46915930413,6.0447029057,89.7760625871,1987.72176704,210.029342691,-0.15
3281,2020,730375936,AC,D1 Southland Conference,730263552,UVU,393116042,2020-02-15 13:00:00,1,0,1,2,1914664949,A. Ruesch,R,FA,R,-0.0815026684112,1.68765380247,16.3175846841,9.78758784112,5.8826251348,F,IP_OUT,-0.502364075032,6.01106081304,90.8484565834,2090.34450523,210.907339989,-0.15
3282,2020,730375936,AC,D1 Southland Conference,730263552,UVU,393116042,2020-02-15 13:00:00,1,0,2,2,1914664949,A. Ruesch,R,FS,R,0.146258114176,2.34467927815,2.52361859053,-2.06604274305,5.96515982492,F,IP_OUT,-0.784085472564,6.00703203174,82.5542878024,2073.87667257,141.112527138,0.0
3283,2020,730375936,AC,D1 Southland Conference,730263552,UVU,393116042,2020-02-15 13:00:00,2,0,0,0,1914664949,A. Ruesch,R,FA,R,-1.16092643572,2.12375319679,16.0304611376,10.9988653473,5.87989439547,B,S,-0.517790625041,6.12733260275,88.9152640176,2033.90353705,214.400145548,0.13
3284,2020,730375936,AC,D1 Southland Conference,730263552,UVU,393116042,2020-02-15 13:00:00,2,1,0,0,1914664949,A. Ruesch,R,FA,R,-0.0371843447737,1.84872857458,19.0919022424,13.7486930639,5.97319751898,IP,S,-0.53424835418,6.06951782859,88.1419196313,2001.58988898,215.711235598,1.0
3285,2020,730375936,AC,D1 Southland Conference,730263552,UVU,393116042,2020-02-15 13:00:00,2,0,0,0,1914664949,A. Ruesch,R,FA,R,0.305936295825,3.16101996026,14.9816492137,12.5492046376,6.02174163811,SL,IP_OUT,-0.542739841121,6.04516495424,88.7835093837,1990.47083366,219.88839218,-0.15
3286,2020,730375936,AC,D1 Southland Conference,730263552,UVU,393116042,2020-02-15 13:00:00,2,0,0,1,1914664949,A. Ruesch,R,FA,R,1.18912794528,1.31471325336,18.5579458529,10.9551661386,5.79922099417,B,D,-0.634258709897,6.06711718015,88.4487159923,2178.72012009,210.508524887,0.13
3287,2020,730375936,AC,D1 Southland Conference,730263552,UVU,393116042,2020-02-15 13:00:00,2,1,0,1,1914664949,A. Ruesch,R,FA,R,0.030740017317,2.39822382633,19.8069777675,9.33049651199,5.96533040055,IP,D,-0.721156005976,6.07702190428,87.7948096173,2044.61171559,205.185608992,1.26
3288,2020,730375936,AC,D1 Southland Conference,730263552,UVU,393116042,2020-02-15 13:00:00,2,0,0,1,1914664949,A. Ruesch,R,FA,R,0.739968722796,2.75538597923,12.957660841,12.7771571077,6.02088251489,F,K,-0.498119245365,6.06367637672,89.5450461052,2042.74830863,224.527491708,-0.15
3289,2020,730375936,AC,D1 Southland Conference,730263552,UVU,393116042,2020-02-15 13:00:00,2,0,1,1,1914664949,A. Ruesch,R,FA,R,-1.14397390586,2.76029494954,18.2114462065,9.06925134243,6.01763846578,B,K,-0.302305370956,6.10076266872,90.3890540952,1989.87933191,206.433374963,0.13
3290,2020,730375936,AC,D1 Southland Conference,730263552,UVU,393116042,2020-02-15 13:00:00,2,1,1,1,1914664949,A. Ruesch,R,FA,R,0.0758752207003,3.51225786783,16.9258094538,13.1611205074,5.88841851514,B,K,-0.448245353167,6.05942283401,88.1898853594,1842.90272328,217.812698274,0.13
3291,2020,730375936,AC,D1 Southland Conference,730263552,UVU,393116042,2020-02-15 13:00:00,2,2,1,1,1914664949,A. Ruesch,R,FA,R,1.16868130721,3.14583706058,3.5388454169,0.29772740269,5.89757781779,B,K,-0.869936120288,5.83176931312,81.3845778538,1985.48373163,184.75677035,0.13
3292,2020,730375936,AC,D1 Southland Conference,730263552,UVU,393116042,2020-02-15 13:00:00,2,3,1,1,1914664949,A. Ruesch,R,FA,R,-0.283126319869,3.14436937421,16.8200294373,16.5988811961,5.88798423903,F,K,-0.386235657624,5.88651317102,88.2922347528,2011.7230067,224.563745443,-0.15
3293,2020,730375936,AC,D1 Southland Conference,730263552,UVU,393116042,2020-02-15 13:00:00,2,3,2,1,1914664949,A. Ruesch,R,FA,R,0.460559835454,2.87242707043,17.2261518296,10.7987871387,5.93394350675,F,K,-0.491910887012,6.00132301667,89.6046614759,2076.49059737,212.033928504,0.0
3294,2020,730375936,AC,D1 Southland Conference,730263552,UVU,393116042,2020-02-15 13:00:00,2,3,2,1,1914664949,A. Ruesch,R,FA,R,-0.561861868561,2.69301750008,16.3151620169,13.5718933007,5.99986154769,F,K,-0.395237849354,6.07538026738,89.0340260411,2079.58918775,219.699166368,0.0
3295,2020,730375936,AC,D1 Southland Conference,730263552,UVU,393116042,2020-02-15 13:00:00,2,3,2,1,1914664949,A. Ruesch,R,FA,R,1.26698047665,2.72826658911,17.954335822,5.52454883398,6.06384036811,SL,K,-0.302710311569,6.0023237099,88.9185518397,2139.68365797,197.073243113,-0.15
3296,2020,730375936,AC,D1 Southland Conference,730263552,UVU,393116042,2020-02-15 13:00:00,2,0,0,2,1914664949,A. Ruesch,R,FA,R,0.454138725887,1.98513083392,19.3752684917,7.41503333583,5.98123147274,F,K,-0.284235875598,6.09236304756,89.9690204557,2075.61037702,200.909922858,-0.15
3297,2020,730375936,AC,D1 Southland Conference,730263552,UVU,393116042,2020-02-15 13:00:00,2,0,1,2,1914664949,A. Ruesch,R,FS,R,-0.824019767031,4.26625626059,12.3434809997,10.3807891432,5.88409326607,B,K,-0.508116853743,6.02738388687,81.0008589608,727.48535638,219.973063353,0.13
3298,2020,730375936,AC,D1 Southland Conference,730263552,UVU,393116042,2020-02-15 13:00:00,2,1,1,2,1914664949,A. Ruesch,R,FA,R,-0.0257175851231,0.251836966262,6.07803764896,-0.200349740355,6.18810850877,SS,K,-0.510112484609,5.92658065433,83.1933635727,2040.29549117,178.123545385,-0.15
3299,2020,730375936,AC,D1 Southland Conference,730263552,UVU,393116042,2020-02-15 13:00:00,2,1,2,2,1914664949,A. Ruesch,R,FA,R,0.737285497651,2.59164336759,9.20732367615,0.132669594475,6.06968102532,SL,K,-0.522686987085,5.9020785582,82.9396512003,1980.04558581,180.82216944,-0.15
3300,2020,730375936,AC,D1 Southland Conference,730263552,UVU,393116042,2020-02-15 13:00:00,3,0,0,0,1914664949,A. Ruesch,R,FA,R,-0.615792008816,1.3605775954,22.2846877746,9.89926660851,5.79427094462,SL,IP_OUT,-0.369067385185,6.12707199081,89.2742959101,2101.53572103,203.91949891,-0.15
3301,2020,730375936,AC,D1 Southland Conference,730263552,UVU,393116042,2020-02-15 13:00:00,3,0,1,0,1914664949,A. Ruesch,R,FA,R,0.633344450016,0.720729269683,1.87548871969,2.1854783949299998e-14,5.98198622454,B,IP_OUT,-0.720425273208,5.94309759427,82.3085982223,2011.20337685,180.0,0.13
3302,2020,730375936,AC,D1 Southland Conference,730263552,UVU,393116042,2020-02-15 13:00:00,3,1,1,0,1914664949,A. Ruesch,R,FA,R,0.10549473245,2.04972917902,19.9424089259,7.39809327318,5.76640140479,F,IP_OUT,-0.524559013476,6.12401562648,89.3335801418,1970.66822003,200.322584908,-0.15
3303,2020,730375936,AC,D1 Southland Conference,730263552,UVU,393116042,2020-02-15 13:00:00,3,1,2,0,1914664949,A. Ruesch,R,FA,R,0.570993225858,0.45285177813,2.03830201037,0.144572908362,6.14937806884,F,IP_OUT,-0.760327302789,5.87130365044,84.7844490551,2058.89465632,183.987249699,0.0
3304,2020,730375936,AC,D1 Southland Conference,730263552,UVU,393116042,2020-02-15 13:00:00,3,1,2,0,1914664949,A. Ruesch,R,FA,R,-0.273115265347,2.53359041078,19.0933008436,5.00825989681,5.98460302602,F,IP_OUT,-0.217336370239,6.07480538418,89.7785796109,2077.1132401,194.674205923,0.0
3305,2020,730375936,AC,D1 Southland Conference,730263552,UVU,393116042,2020-02-15 13:00:00,3,1,2,0,1914664949,A. Ruesch,R,FA,R,0.512443206097,2.15776734726,1.54753311533,-0.781970759266,6.06430523957,F,IP_OUT,-0.516409701494,5.88104308829,83.2722415235,1954.06823825,153.738589901,0.0
3306,2020,730375936,AC,D1 Southland Conference,730263552,UVU,393116042,2020-02-15 13:00:00,3,1,2,0,1914664949,A. Ruesch,R,CU,R,0.376782790763,4.09976031932,-10.1538399888,-3.37541963885,5.64488894755,B,IP_OUT,-0.532533207827,5.94203762994,72.8212907099,2236.68840645,18.4731839833,0.13
3307,2020,730375936,AC,D1 Southland Conference,730263552,UVU,393116042,2020-02-15 13:00:00,3,0,0,1,1914664949,A. Ruesch,R,FA,R,-0.509540594605,1.67092209134,19.4741316284,4.0456231297,5.955893031,SL,IP_OUT,-0.284761614395,6.09751214232,90.3434182966,1991.78256901,191.717406852,-0.15
3308,2020,730375936,AC,D1 Southland Conference,730263552,UVU,393116042,2020-02-15 13:00:00,3,0,0,2,1914664949,A. Ruesch,R,CU,R,0.205183594151,1.3370056981,-11.7521028573,-3.54395263058,5.54184803793,F,HBP,-0.480169795339,5.92068768367,74.428028573,2362.29999489,16.8459096655,-0.15
3309,2020,730375936,AC,D1 Southland Conference,730263552,UVU,393116042,2020-02-15 13:00:00,3,0,1,2,1914664949,A. Ruesch,R,FA,R,-0.148261017552,1.87606193121,16.8497812924,2.35080072777,6.04383542834,F,HBP,-0.377639958578,5.98898269416,89.9394181018,2117.12471173,187.927455611,-0.15
3310,2020,730375936,AC,D1 Southland Conference,730263552,UVU,393116042,2020-02-15 13:00:00,3,0,2,2,1914664949,A. Ruesch,R,SL,R,2.12396121462,0.634790745056,1.33949372579,-3.68234969473,5.9889397076,B,HBP,-0.601553713917,5.93677450929,82.4606739929,2040.88873342,110.51484416,0.13
3311,2020,730375936,AC,D1 Southland Conference,730263552,UVU,393116042,2020-02-15 13:00:00,3,1,2,2,1914664949,A. Ruesch,R,FA,R,-1.95331537264,3.60507228676,17.1468776481,12.2824922569,5.95888513719,HBP,HBP,-0.351033770674,6.13255469982,89.6708595114,2104.75211927,215.563446753,0.8
3312,2020,730375936,AC,D1 Southland Conference,730263552,UVU,393116042,2020-02-15 13:00:00,3,0,0,2,1914664949,A. Ruesch,R,FA,R,0.338023195939,3.02310258251,17.7314941026,8.69912465198,6.04767414093,F,IP_OUT,-0.516080306441,6.07597848339,88.4291668639,2038.63440228,206.09063234,-0.15
3313,2020,730375936,AC,D1 Southland Conference,730263552,UVU,393116042,2020-02-15 13:00:00,3,0,1,2,1914664949,A. Ruesch,R,FA,R,-0.0316123961629,1.1952965018,16.5115604615,9.73767105841,6.0550481373,B,IP_OUT,-0.482569897075,6.07752164684,89.2913146293,2141.44078723,210.480854813,0.13
3314,2020,730375936,AC,D1 Southland Conference,730263552,UVU,393116042,2020-02-15 13:00:00,4,0,0,0,1914664949,A. Ruesch,R,CU,R,-0.730896835939,3.81616010613,-7.94007289362,0.75712815436,5.47302196334,B,BB,-0.528567314419,5.92357843648,73.1788584962,2330.98429284,354.518494352,0.13
3315,2020,730375936,AC,D1 Southland Conference,730263552,UVU,393116042,2020-02-15 13:00:00,4,1,0,0,1914664949,A. Ruesch,R,FA,R,-0.647677884798,1.16805914741,18.0793035561,11.6282670127,6.06604944491,B,BB,-0.522898065984,6.01961689435,88.8197100216,1992.24821349,212.700616543,0.13
3316,2020,730375936,AC,D1 Southland Conference,730263552,UVU,393116042,2020-02-15 13:00:00,4,2,0,0,1914664949,A. Ruesch,R,FA,R,-0.751365881442,1.1800805321,15.4967855086,11.5388421832,5.95839000684,B,BB,-0.403241717349,6.09836002671,88.4582588344,1967.36439537,216.612107104,0.13
3317,2020,730375936,AC,D1 Southland Conference,730263552,UVU,393116042,2020-02-15 13:00:00,4,3,0,0,1914664949,A. Ruesch,R,FA,R,-0.585325593152,0.455012753642,16.9847324354,11.8270554928,5.95875499253,B,BB,-0.343393592291,6.10037016968,89.3567979541,1963.79389531,214.799050788,0.8
3318,2020,730375936,AC,D1 Southland Conference,730263552,UVU,393116042,2020-02-15 13:00:00,4,0,0,0,1914664949,A. Ruesch,R,FA,R,1.12181863559,1.72467870901,19.9446432869,7.41928351064,6.04538025335,B,S,-0.560023755847,6.11099340019,88.1946798539,2128.24443323,200.373406149,0.13
3319,2020,730375936,AC,D1 Southland Conference,730263552,UVU,393116042,2020-02-15 13:00:00,4,1,0,0,1914664949,A. Ruesch,R,FA,R,0.796813410776,3.10701640252,14.3501049846,8.61803286421,5.97894733679,SL,S,-0.670201902257,6.03050319557,87.8224380668,1986.38910697,210.928492841,-0.15
3320,2020,730375936,AC,D1 Southland Conference,730263552,UVU,393116042,2020-02-15 13:00:00,4,1,1,0,1914664949,A. Ruesch,R,FA,R,0.186097995557,1.51720839392,17.3954694516,10.8692368607,5.9898602767,IP,S,-0.63712734068,6.11845448942,88.4177554026,2075.27557435,211.94909828,1.0
3321,2020,730375936,AC,D1 Southland Conference,730263552,UVU,393116042,2020-02-15 13:00:00,4,0,0,0,1914664949,A. Ruesch,R,FA,R,0.336508685929,2.65751833739,16.0589091566,7.59256184651,6.00984599467,SS,K,-0.505725783897,6.07575614554,89.0711785196,2055.02425287,205.25939771,-0.15
3322,2020,730375936,AC,D1 Southland Conference,730263552,UVU,393116042,2020-02-15 13:00:00,4,0,1,0,1914664949,A. Ruesch,R,FA,R,0.240894090101,2.81715837188,2.91195507329,-1.03554618211,6.06505615147,SS,K,-0.6957903686,6.01078464177,83.0195384888,1971.70997219,160.654033216,-0.15
3323,2020,730375936,AC,D1 Southland Conference,730263552,UVU,393116042,2020-02-15 13:00:00,4,0,2,0,1914664949,A. Ruesch,R,FA,R,1.43715070273,0.974439421537,8.44098006994,-0.254005725301,6.16668653895,B,K,-0.630545751798,5.91647442079,82.6048320683,2029.9392808,178.284024206,0.13
3324,2020,730375936,AC,D1 Southland Conference,730263552,UVU,393116042,2020-02-15 13:00:00,4,1,2,0,1914664949,A. Ruesch,R,FA,R,-0.348643124697,3.51298040823,5.28514509703,-1.45950637927,5.98271166047,SS,K,-0.84059826067,5.96509545915,81.1885521072,2013.80878503,164.670114206,-0.15
3325,2020,730375936,AC,D1 Southland Conference,730263552,UVU,393116042,2020-02-15 13:00:00,4,0,0,1,1914664949,A. Ruesch,R,FA,R,0.372574966952,2.21189008364,2.42254176271,1.88928125741,6.07343703444,SL,K,-0.675774098085,5.93354688454,81.5285431834,2006.27788022,217.505877729,-0.15
3326,2020,730375936,AC,D1 Southland Conference,730263552,UVU,393116042,2020-02-15 13:00:00,4,0,1,1,1914664949,A. Ruesch,R,FA,R,0.00497639455303,2.07888277527,18.2677800759,11.9642076062,6.01642028224,F,K,-0.31336230431,6.12073431185,89.821437076,1929.73176323,213.175533665,-0.15
3327,2020,730375936,AC,D1 Southland Conference,730263552,UVU,393116042,2020-02-15 13:00:00,4,0,0,2,1914664949,A. Ruesch,R,FS,R,1.27789488922,0.659797730839,3.76390483643,-2.76024015549,6.16128955015,B,K,-0.570753233048,5.95156851322,82.6706375036,1985.11042894,144.016623412,0.13
3328,2020,730375936,AC,D1 Southland Conference,730263552,UVU,393116042,2020-02-15 13:00:00,4,1,0,2,1914664949,A. Ruesch,R,FA,R,-0.139772002286,0.672237629351,17.4026308208,12.1680466796,6.0884555446,B,K,-0.385571226455,6.08365775508,90.3242378988,2019.33020083,214.912182322,0.13
3329,2020,730375936,AC,D1 Southland Conference,730263552,UVU,393116042,2020-02-15 13:00:00,4,2,0,2,1914664949,A. Ruesch,R,FA,R,0.790491773707,1.94944817324,19.7965093211,11.8002487895,6.11884227261,SL,K,-0.339562311608,6.05030111713,88.5805634581,1950.29121144,210.755499,-0.15
3330,2020,730375936,AC,D1 Southland Conference,730263552,UVU,393116042,2020-02-15 13:00:00,4,2,1,2,1914664949,A. Ruesch,R,FA,R,0.162037683343,2.05361453781,20.7710665056,8.06348514691,6.08925261478,F,K,-0.280338363366,6.07433613381,89.5934156893,2044.55918398,201.186087792,-0.15
3331,2020,730375936,AC,D1 Southland Conference,730263552,UVU,393116042,2020-02-15 13:00:00,4,2,2,2,1914664949,A. Ruesch,R,FA,R,1.23154498955,1.52776992163,3.93412221644,-3.11297039868,6.15240767773,SL,K,-0.583413519133,5.95370873211,83.7288606256,2140.20319294,141.904500141,-0.15
3332,2020,730375936,AC,D1 Southland Conference,730263552,UVU,393116042,2020-02-15 13:00:00,5,0,0,0,1914664949,A. Ruesch,R,FA,R,-0.301368480621,3.91044543864,18.4134686819,7.70883177686,6.01870454588,B,IP_OUT,-0.23338229586,6.02894984349,86.4825017131,2059.41662417,202.67787461,0.13
3333,2020,730375936,AC,D1 Southland Conference,730263552,UVU,393116042,2020-02-15 13:00:00,5,1,0,0,1914664949,A. Ruesch,R,FA,R,-0.435975215448,2.32731950209,18.9861535847,5.70618846369,6.04926549741,F,IP_OUT,-0.56272445902,6.06594869566,86.7499106121,2063.74633409,196.698854233,-0.15
3334,2020,730375936,AC,D1 Southland Conference,730263552,UVU,393116042,2020-02-15 13:00:00,5,1,1,0,1914664949,A. Ruesch,R,FA,R,0.687742439192,0.770276577333,17.6706483109,8.7074258706,5.91586783639,B,IP_OUT,-0.431568068927,6.12872194829,88.4648069974,2074.72680737,206.189095737,0.13
3335,2020,730375936,AC,D1 Southland Conference,730263552,UVU,393116042,2020-02-15 13:00:00,5,2,1,0,1914664949,A. Ruesch,R,FA,R,0.679878276129,1.4794717458,20.5518766954,7.67680031916,6.13441982196,SL,IP_OUT,-0.514161833367,6.01998221049,89.6061503725,2130.27469634,200.452419917,-0.15
3336,2020,730375936,AC,D1 Southland Conference,730263552,UVU,393116042,2020-02-15 13:00:00,5,2,2,0,1914664949,A. Ruesch,R,FS,R,1.1770810893,1.67516919909,11.6888339881,6.50367150202,5.89957940694,F,IP_OUT,-0.368244025637,6.00901958543,79.5598522099,763.507574561,209.005264904,0.0
3337,2020,730375936,AC,D1 Southland Conference,730263552,UVU,393116042,2020-02-15 13:00:00,5,2,2,0,1914664949,A. Ruesch,R,FA,R,0.0990073581107,3.96751262379,16.0098566421,6.936133496,6.11935541087,B,IP_OUT,-0.287206524331,6.10986847341,87.564161128,2041.32307771,203.379879409,0.13
3338,2020,730375936,AC,D1 Southland Conference,730263552,UVU,393116042,2020-02-15 13:00:00,5,3,2,0,1914664949,A. Ruesch,R,FA,R,0.515091994084,2.98786300669,18.8738229453,4.26812174198,5.9989340696,F,IP_OUT,-0.497364644101,6.09758071894,88.5118265653,2022.75905432,192.720573979,0.0
3339,2020,730375936,AC,D1 Southland Conference,730263552,UVU,393116042,2020-02-15 13:00:00,5,0,0,1,1914664949,A. Ruesch,R,FS,R,-0.897088288125,3.9829796494,11.9229049875,9.57370592532,5.94442933279,B,IP_OUT,-0.410938833962,6.10050402846,80.1814478815,673.748085206,218.666793892,0.13
3340,2020,730375936,AC,D1 Southland Conference,730263552,UVU,393116042,2020-02-15 13:00:00,5,0,0,2,1914664949,A. Ruesch,R,FA,R,0.873769318375,1.25030188341,3.61512295673,2.56644461884,5.99853308424,F,IP_OUT,-0.564682446586,5.96558521662,82.1525951525,2091.79649991,215.08242088,-0.15
3341,2020,730375936,AC,D1 Southland Conference,730263552,UVU,393116042,2020-02-15 13:00:00,5,0,1,2,1914664949,A. Ruesch,R,SL,R,0.890998747605,1.82673086756,1.96278329895,-2.75413690517,5.87322448164,SL,IP_OUT,-0.591633393536,5.99480260469,81.073762239,2192.96293489,126.018891729,-0.15
3342,2020,730375936,AC,D1 Southland Conference,730263552,UVU,393116042,2020-02-15 13:00:00,5,0,2,2,1914664949,A. Ruesch,R,FS,R,0.398686984934,-0.276507551521,13.5494604,5.83441916693,5.98235771479,B,IP_OUT,-0.41297079578,5.95292484807,81.2333196888,1452.91522631,203.235869048,0.13
3343,2020,730375936,AC,D1 Southland Conference,730263552,UVU,393116042,2020-02-15 13:00:00,5,1,2,2,1914664949,A. Ruesch,R,FA,R,-1.40171887212,1.16191622995,16.7467929129,10.5211787322,5.9811962268,B,IP_OUT,-0.407455594197,6.14990455718,88.6504634247,2020.68468231,212.087846188,0.13
3344,2020,730375936,AC,D1 Southland Conference,730263552,UVU,393116042,2020-02-15 13:00:00,5,2,2,2,1914664949,A. Ruesch,R,FA,R,0.293359215295,1.55313122485,4.54104195392,-0.4181918731,5.93661204812,F,IP_OUT,-0.546979366642,6.05778978565,81.467011179,2136.31970427,174.782949581,0.0
3345,2020,730375936,AC,D1 Southland Conference,730263552,UVU,393116042,2020-02-15 13:00:00,5,2,2,2,1914664949,A. Ruesch,R,FA,R,0.261505564879,3.61121257055,19.2198008503,5.6377027726,6.18487147551,B,IP_OUT,-0.252139747344,6.21166922802,88.4254185842,1986.07258077,196.320906536,0.13
3346,2020,730375936,AC,D1 Southland Conference,730263552,UVU,393116042,2020-02-15 13:00:00,6,0,0,1,1384640877,T. Morgan,R,CH,R,-0.715754561598,4.22263615835,8.41598293813,2.34616619527,5.56534318189,B,D,-2.46487887951,5.55985487532,82.5046747661,2125.29931241,195.508308964,0.13
3347,2020,730375936,AC,D1 Southland Conference,730263552,UVU,393116042,2020-02-15 13:00:00,6,1,0,1,1384640877,T. Morgan,R,FA,R,-0.467154023067,3.08679099312,19.0156685942,7.66698575865,6.2139039854,SS,D,-2.1991335317,5.73706346809,90.59958582,2305.61457563,201.925911576,-0.15
3348,2020,730375936,AC,D1 Southland Conference,730263552,UVU,393116042,2020-02-15 13:00:00,6,1,1,1,1384640877,T. Morgan,R,CH,R,-0.468654081712,2.85394972033,6.30016634457,2.87788024892,5.65677038048,IP,D,-2.47095596513,5.60317615546,83.6174875233,2331.12864209,204.420429875,1.26
3349,2020,730375936,AC,D1 Southland Conference,730263552,UVU,393116042,2020-02-15 13:00:00,6,0,0,2,1384640877,T. Morgan,R,FA,R,-0.183540417316,2.74202016384,20.4656153206,9.92044096225,5.85052780695,F,K,-2.08428267747,5.73027547526,89.8279415432,2284.65681566,205.82520277,-0.15
3350,2020,730375936,AC,D1 Southland Conference,730263552,UVU,393116042,2020-02-15 13:00:00,6,0,1,2,1384640877,T. Morgan,R,FA,R,-0.282146819467,2.64862334661,18.3311407592,10.9435391218,5.87027123067,SS,K,-2.1965837096,5.6039415703,89.9903576269,2256.36846405,210.791878723,-0.15
3351,2020,730375936,AC,D1 Southland Conference,730263552,UVU,393116042,2020-02-15 13:00:00,6,0,2,2,1384640877,T. Morgan,R,FA,R,0.767294822106,4.19136637739,16.4650853917,13.1708413003,6.12994607557,B,K,-2.07551753842,5.66198808441,89.7205003584,2252.65783342,218.602509826,0.13
3352,2020,730375936,AC,D1 Southland Conference,730263552,UVU,393116042,2020-02-15 13:00:00,6,1,2,2,1384640877,T. Morgan,R,CU,R,1.20977005963,2.31198624519,-0.980092338964,0.323403336985,5.59096527194,SL,K,-1.89890410677,5.69575080543,77.5455807188,2232.51802886,340.924580264,-0.15
3353,2020,730375936,AC,D1 Southland Conference,730263552,UVU,393116042,2020-02-15 13:00:00,7,0,0,0,1384640877,T. Morgan,R,FA,R,-0.910775993932,1.89016142505,13.7474621479,15.9437046003,5.80866740804,F,S,-2.24875904187,5.7576954186,88.536128837,2375.1147768,229.161232429,-0.15
3354,2020,730375936,AC,D1 Southland Conference,730263552,UVU,393116042,2020-02-15 13:00:00,7,0,1,0,1384640877,T. Morgan,R,FA,R,1.0197434059,3.28776549294,15.7973248763,13.0967117826,6.11202434424,B,S,-1.99704202624,5.77425197899,88.6754139952,2332.8547867,219.601635359,0.13
3355,2020,730375936,AC,D1 Southland Conference,730263552,UVU,393116042,2020-02-15 13:00:00,7,1,1,0,1384640877,T. Morgan,R,CH,R,0.0566605458911,2.29066876538,0.8623302523,0.914055664149,5.65776829712,IP,S,-2.03107938052,5.69498491211,77.4952267589,2197.61534792,225.250242691,1.0
3356,2020,730375936,AC,D1 Southland Conference,730263552,UVU,393116042,2020-02-15 13:00:00,7,0,0,0,1384640877,T. Morgan,R,CU,R,-0.341786138141,2.54898806167,-1.28012982978,0.705907876638,5.30147191602,SL,IP_OUT,-1.95910871644,5.74146025776,75.4831355714,2142.49344429,330.215520887,-0.15
3357,2020,730375936,AC,D1 Southland Conference,730263552,UVU,393116042,2020-02-15 13:00:00,7,0,0,1,1384640877,T. Morgan,R,CU,R,-0.603792390714,1.35299818823,-4.2041488799,3.07975117805,5.35600319204,B,S,-1.9216037416,5.71624341785,76.502346954,2132.8442597,323.478599363,0.13
3358,2020,730375936,AC,D1 Southland Conference,730263552,UVU,393116042,2020-02-15 13:00:00,7,1,0,1,1384640877,T. Morgan,R,CH,R,-1.36551488518,4.15351252301,6.54573034418,2.90426607648,5.53123416429,B,S,-2.14766699352,5.58900412678,80.5657036143,2217.0018857,203.795032592,0.13
3359,2020,730375936,AC,D1 Southland Conference,730263552,UVU,393116042,2020-02-15 13:00:00,7,2,0,1,1384640877,T. Morgan,R,FA,R,0.81185427276,2.27060173095,16.598755776,15.3469880208,6.11954833714,SL,S,-1.73479335941,5.85419181133,88.9885328812,2260.3766255,222.699696312,-0.15
3360,2020,730375936,AC,D1 Southland Conference,730263552,UVU,393116042,2020-02-15 13:00:00,7,2,1,1,1384640877,T. Morgan,R,CU,R,-0.755193114891,3.4199946885,-4.12897945852,2.53710849648,5.38680252248,IP,S,-1.82313085822,5.6556207204,75.989232575,2231.20730272,328.145400642,1.0
3361,2020,730375936,AC,D1 Southland Conference,730263552,UVU,393116042,2020-02-15 13:00:00,7,0,0,2,1384640877,T. Morgan,R,SL,R,0.0526332599401,2.51529934636,2.00703706417,-1.46343449498,5.38477195109,IP,FC,-1.90372474284,5.73149982923,76.8678072861,2282.46244283,144.512555245,-0.21
3362,2020,730375936,AC,D1 Southland Conference,730263552,UVU,393116042,2020-02-15 13:00:00,8,0,0,0,1384640877,T. Morgan,R,CU,R,0.11408060832,3.55540669098,-3.82245855833,-0.461848637525,5.4860732077,B,K,-1.98679730994,5.71854350119,75.6531221817,2111.34438879,6.97258130299,0.13
3363,2020,730375936,AC,D1 Southland Conference,730263552,UVU,393116042,2020-02-15 13:00:00,8,1,0,0,1384640877,T. Morgan,R,FA,R,0.416417791357,1.55888267982,16.8428589908,12.4105481373,6.14481135046,F,K,-1.98503403096,5.66408188631,88.2535387612,2229.64695987,216.330209709,-0.15
3364,2020,730375936,AC,D1 Southland Conference,730263552,UVU,393116042,2020-02-15 13:00:00,8,1,1,0,1384640877,T. Morgan,R,FA,R,-0.262638892466,2.08602960636,19.0484523392,11.5359342016,6.31579184106,F,K,-2.31936010456,5.72977834396,88.9757624562,2306.26934219,211.155404168,-0.15
3365,2020,730375936,AC,D1 Southland Conference,730263552,UVU,393116042,2020-02-15 13:00:00,8,1,2,0,1384640877,T. Morgan,R,CH,R,1.70974882639,0.289966256891,4.30106343189,0.46285420034,5.81493598509,SS,K,-2.21218277675,5.42947323441,81.8248622726,2257.33452438,186.087711909,-0.15
3366,2020,730375936,AC,D1 Southland Conference,730263552,UVU,393116042,2020-02-15 13:00:00,8,0,0,1,1384640877,T. Morgan,R,FA,R,-1.1862866797,2.52632901744,15.5861923122,11.1797561776,6.15689813227,SL,IP_OUT,-1.9811883641,5.91990647211,88.6771499326,2193.64234238,215.594390308,-0.15
3367,2020,730375936,AC,D1 Southland Conference,730263552,UVU,393116042,2020-02-15 13:00:00,8,0,1,1,1384640877,T. Morgan,R,FA,R,-0.224994139545,2.94478942643,17.8348897713,7.44785080798,6.26308616382,SL,IP_OUT,-2.27082999296,5.71399424177,89.5814727167,2338.12922464,202.628536654,-0.15
3368,2020,730375936,AC,D1 Southland Conference,730263552,UVU,393116042,2020-02-15 13:00:00,8,0,2,1,1384640877,T. Morgan,R,CH,R,1.42435757469,0.688138217281,5.0205259712,1.01938089571,5.81781855981,B,IP_OUT,-2.31478534053,5.5401855583,83.715407465,2216.66794614,191.395007462,0.13
3369,2020,730375936,AC,D1 Southland Conference,730263552,UVU,393116042,2020-02-15 13:00:00,8,1,2,1,1384640877,T. Morgan,R,FA,R,0.482599449767,4.39538306068,14.3854143853,10.539333478,6.27434410918,B,IP_OUT,-2.30255259935,5.67874774121,89.522866168,2356.47942595,216.167028396,0.13
3370,2020,730375936,AC,D1 Southland Conference,730263552,UVU,393116042,2020-02-15 13:00:00,8,0,0,2,1384640877,T. Morgan,R,FA,R,-0.03485542496,3.19792839327,18.9930324727,7.0652321196,6.23110851996,F,IP_OUT,-2.13624892583,5.71392194394,89.8872323004,2370.04177906,200.372929502,-0.15
3371,2020,730375936,AC,D1 Southland Conference,730263552,UVU,393116042,2020-02-15 13:00:00,8,0,1,2,1384640877,T. Morgan,R,FA,R,-0.944078706793,2.98080485712,15.0326856787,14.9542223898,6.15128729433,F,IP_OUT,-2.45443871247,5.72959670135,89.6009838457,2232.22194478,224.789013906,-0.15
3372,2020,730375936,AC,D1 Southland Conference,730263552,UVU,393116042,2020-02-15 13:00:00,8,0,2,2,1384640877,T. Morgan,R,CH,R,0.862186540902,0.252360044979,4.53828979043,3.53643012797,5.77615883951,B,IP_OUT,-2.21056026367,5.6377190123,83.3248223936,2369.1001566,217.694695125,0.13
3373,2020,730375936,AC,D1 Southland Conference,730263552,UVU,393116042,2020-02-15 13:00:00,9,0,0,0,1384640877,T. Morgan,R,FA,R,1.10602205113,2.41623690191,17.6034593316,9.83224815602,6.43147111134,SL,IP_OUT,-1.89772036073,5.93174043399,88.3004159563,2187.79501306,209.139587713,-0.15
3374,2020,730375936,AC,D1 Southland Conference,730263552,UVU,393116042,2020-02-15 13:00:00,9,0,1,0,1384640877,T. Morgan,R,CU,R,0.514802806745,2.43872296183,-8.12702557211,0.0748538759691,5.58732277235,SL,IP_OUT,-1.9536114682,5.70581843449,75.3373914844,2105.2833582,359.469205446,-0.15
3375,2020,730375936,AC,D1 Southland Conference,730263552,UVU,393116042,2020-02-15 13:00:00,9,0,2,0,1384640877,T. Morgan,R,CU,R,0.535768065366,2.22154834589,-7.46789484517,0.752873143153,5.54731323014,F,IP_OUT,-1.93436087993,5.71421063349,75.8213536319,2260.17777166,354.207638719,0.0
3376,2020,730375936,AC,D1 Southland Conference,730263552,UVU,393116042,2020-02-15 13:00:00,9,1,2,0,1384640877,T. Morgan,R,CU,R,0.28368888714,0.754674584523,-3.92800888049,0.731955874202,5.50892640963,B,IP_OUT,-1.89677525868,5.71140707408,75.9288008877,2187.95282616,349.321697022,0.13
3377,2020,730375936,AC,D1 Southland Conference,730263552,UVU,393116042,2020-02-15 13:00:00,9,2,2,0,1384640877,T. Morgan,R,FA,R,1.04218720349,2.10732721144,17.4270289455,10.202974684,6.38859119024,F,IP_OUT,-2.18917788579,5.73465425722,88.7189237946,2269.93245513,210.30081174,0.0
3378,2020,730375936,AC,D1 Southland Conference,730263552,UVU,393116042,2020-02-15 13:00:00,9,2,2,0,1384640877,T. Morgan,R,FA,R,0.781041651724,2.25492832142,18.6665988034,12.8712262919,6.43796260696,F,IP_OUT,-2.13170062197,5.71026221393,88.7697361608,2184.39609721,214.541006089,0.0
3379,2020,730375936,AC,D1 Southland Conference,730263552,UVU,393116042,2020-02-15 13:00:00,9,0,0,1,1384640877,T. Morgan,R,CU,R,1.10194295159,0.700474138683,-2.83257361251,0.852503525872,5.62659028889,SS,S,-1.99527533127,5.69136758714,79.021628972,2202.50884261,343.006893356,-0.15
3380,2020,730375936,AC,D1 Southland Conference,730263552,UVU,393116042,2020-02-15 13:00:00,9,0,1,1,1384640877,T. Morgan,R,FA,R,0.734055284168,1.18908079234,17.1984308722,5.94599797427,6.28436267555,B,S,-2.25167122389,5.71257004227,89.9231913766,2254.40160143,199.038998122,0.13
3381,2020,730375936,AC,D1 Southland Conference,730263552,UVU,393116042,2020-02-15 13:00:00,9,1,1,1,1384640877,T. Morgan,R,FA,R,0.0880310520371,3.44137649918,16.8635706329,8.65442114317,6.47045613998,B,S,-2.0994880851,5.75521960842,88.8193197429,2208.43139245,207.122278139,0.13
3382,2020,730375936,AC,D1 Southland Conference,730263552,UVU,393116042,2020-02-15 13:00:00,9,2,1,1,1384640877,T. Morgan,R,FA,R,-0.256245372776,2.19931644354,17.391271563,8.90785385588,6.41399146645,IP,S,-2.26955364767,5.78352093286,88.0882453556,2183.64193663,207.077277395,1.0
3383,2020,730375936,AC,D1 Southland Conference,730263552,UVU,393116042,2020-02-15 13:00:00,9,0,0,1,1384640877,T. Morgan,R,FA,R,0.0677175920933,2.06004099994,16.3447078329,9.73537339972,6.12855614031,SL,K,-1.86380095514,5.73995854444,87.9888689983,2243.4530706,210.72765407,-0.15
3384,2020,730375936,AC,D1 Southland Conference,730263552,UVU,393116042,2020-02-15 13:00:00,9,0,1,1,1384640877,T. Morgan,R,CH,R,1.25433941188,1.51667983162,3.50636226789,4.37667053873,5.68721343964,B,K,-2.114407218,5.60509368748,81.4306234319,2155.27062151,230.981045882,0.13
3385,2020,730375936,AC,D1 Southland Conference,730263552,UVU,393116042,2020-02-15 13:00:00,9,1,1,1,1384640877,T. Morgan,R,CH,R,0.209828222461,2.41852510844,5.74723454189,0.650288930072,5.56192500102,F,K,-2.13590471399,5.64705020082,80.0203431758,2152.65062393,186.40863765,-0.15
3386,2020,730375936,AC,D1 Southland Conference,730263552,UVU,393116042,2020-02-15 13:00:00,9,1,2,1,1384640877,T. Morgan,R,CH,R,0.359263884108,1.54131149443,4.20762893289,4.1141312817,5.6307640094,SL,K,-2.12242520221,5.60168100109,81.0898292722,2145.28061345,224.077451884,-0.15
3387,2020,730375936,AC,D1 Southland Conference,730263552,UVU,393116042,2020-02-15 13:00:00,9,0,0,2,1384640877,T. Morgan,R,SL,R,-0.822119656058,3.98806167679,-1.21188993925,2.45499106171,5.14969690737,B,FC,-1.9309001043,5.77492945169,75.3689868526,2234.31252428,295.385629541,0.13
3388,2020,730375936,AC,D1 Southland Conference,730263552,UVU,393116042,2020-02-15 13:00:00,9,1,0,2,1384640877,T. Morgan,R,FA,R,0.877082741879,1.72527379689,13.9267523805,8.84205046008,6.3299102873,SL,FC,-2.07711542598,5.61357940983,87.692396518,2303.56018321,212.349507658,-0.15
3389,2020,730375936,AC,D1 Southland Conference,730263552,UVU,393116042,2020-02-15 13:00:00,9,1,1,2,1384640877,T. Morgan,R,FA,R,0.222700136821,1.82736242398,19.3484750754,7.73240717193,6.01473929042,F,FC,-1.87712907039,5.72424776303,88.5772686073,2220.25883929,201.749418801,-0.15
3390,2020,730375936,AC,D1 Southland Conference,730263552,UVU,393116042,2020-02-15 13:00:00,9,1,2,2,1384640877,T. Morgan,R,CU,R,0.332237233937,2.8924895422,-3.78181321058,1.05392240201,5.30606551068,F,FC,-1.63561418822,5.77421644972,78.2985405406,2332.48984902,344.256746683,0.0
3391,2020,730375936,AC,D1 Southland Conference,730263552,UVU,393116042,2020-02-15 13:00:00,9,1,2,2,1384640877,T. Morgan,R,FA,R,0.591890360715,2.17143066789,17.0017176903,11.4450805265,6.06060107743,F,FC,-2.00358822819,5.7614925086,88.6202736101,2247.3171621,213.895409631,0.0
3392,2020,730375936,AC,D1 Southland Conference,730263552,UVU,393116042,2020-02-15 13:00:00,9,1,2,2,1384640877,T. Morgan,R,CH,R,0.499643763306,1.67892413962,6.36471571375,1.73202349964,5.71966506527,IP,FC,-1.99788876385,5.68041590195,83.0399710413,2195.40706677,195.136420758,-0.21
3393,2020,730375936,AC,D1 Southland Conference,730263552,UVU,311061534,2020-02-14 13:00:00,1,0,0,0,1118943260,A. Wagner,L,FA,R,0.0964476519245,2.17486828285,14.1322877488,-9.6930596434,5.94487327705,SS,K,1.80575138999,5.74888823669,89.6777465933,2191.64494032,145.615645946,-0.15
3394,2020,730375936,AC,D1 Southland Conference,730263552,UVU,311061534,2020-02-14 13:00:00,1,0,1,0,1118943260,A. Wagner,L,FA,R,2.2540067928,2.39667582449,14.1855605609,-8.16762362324,5.78528433901,B,K,1.75506490942,5.7874892918,90.9665887095,2226.32767821,150.122538212,0.13
3395,2020,730375936,AC,D1 Southland Conference,730263552,UVU,311061534,2020-02-14 13:00:00,1,1,1,0,1118943260,A. Wagner,L,FA,R,0.38492667283,1.06977543674,13.7153877302,-6.85066825383,5.88209842102,F,K,1.7066048613,5.73514876065,90.1826049167,2281.19331132,153.511338094,-0.15
3396,2020,730375936,AC,D1 Southland Conference,730263552,UVU,311061534,2020-02-14 13:00:00,1,1,2,0,1118943260,A. Wagner,L,FA,R,1.23133371261,3.44118579811,17.3603359697,-1.90011262517,5.85731909106,SS,K,1.61684775761,5.79522759409,91.6133887867,2280.72933065,173.764912174,-0.15
3397,2020,730375936,AC,D1 Southland Conference,730263552,UVU,311061534,2020-02-14 13:00:00,1,0,0,1,1118943260,A. Wagner,L,FA,R,0.855773059809,2.79005752857,13.4797382039,-4.53216879169,5.82478519923,SL,K,1.63770838816,5.80294954857,90.0411019008,2331.0980592,161.457580141,-0.15
3398,2020,730375936,AC,D1 Southland Conference,730263552,UVU,311061534,2020-02-14 13:00:00,1,0,1,1,1118943260,A. Wagner,L,SL,R,0.0182440588467,2.7658622209,-5.00988628065,13.480678081,5.75608914895,F,K,1.69073621564,5.60271780597,73.1791538029,2097.84486071,290.203228572,-0.15
3399,2020,730375936,AC,D1 Southland Conference,730263552,UVU,311061534,2020-02-14 13:00:00,1,0,2,1,1118943260,A. Wagner,L,FA,R,1.30230758213,3.3207691582,16.1182029626,-5.37930879534,5.99967985886,SS,K,1.55352951367,5.75634456787,90.1374082758,2332.78613845,161.578157307,-0.15
3400,2020,730375936,AC,D1 Southland Conference,730263552,UVU,311061534,2020-02-14 13:00:00,1,0,0,2,1118943260,A. Wagner,L,SL,R,1.46690831256,3.19288952631,-5.96124117006,8.42346097179,5.80951192901,B,IP_OUT,1.59142552295,5.56281754249,71.687668122,2066.26393934,305.055360306,0.13
3401,2020,730375936,AC,D1 Southland Conference,730263552,UVU,311061534,2020-02-14 13:00:00,1,1,0,2,1118943260,A. Wagner,L,FA,R,1.8576565766,2.45337743282,15.7659988115,-8.29154385187,6.06443387218,B,IP_OUT,1.67773322919,5.71508175568,90.2300979461,2419.53993707,152.307465188,0.13
3402,2020,730375936,AC,D1 Southland Conference,730263552,UVU,311061534,2020-02-14 13:00:00,1,2,0,2,1118943260,A. Wagner,L,FA,R,-0.0272963290631,1.82842511429,15.5452117382,-3.99043530321,6.14593345636,F,IP_OUT,1.56725994439,5.7244987085,89.4443365538,2282.99767392,165.631645161,-0.15
3403,2020,730375936,AC,D1 Southland Conference,730263552,UVU,311061534,2020-02-14 13:00:00,1,2,1,2,1118943260,A. Wagner,L,FA,R,1.18111583784,3.1962984837,13.2467250354,-2.71646736291,5.93105423256,SS,IP_OUT,1.69515974865,5.77304309832,90.4401212959,2251.82436338,168.437750394,-0.15
3404,2020,730375936,AC,D1 Southland Conference,730263552,UVU,311061534,2020-02-14 13:00:00,1,2,2,2,1118943260,A. Wagner,L,FA,R,0.426655272123,2.55423614587,12.7854989002,-4.65291782617,6.24472367741,F,IP_OUT,1.67482776962,5.75306140623,91.4959852027,2323.50508705,160.04585596,0.0
3405,2020,730375936,AC,D1 Southland Conference,730263552,UVU,311061534,2020-02-14 13:00:00,2,0,0,0,1118943260,A. Wagner,L,FA,R,0.414322993156,2.26713359857,15.2369273725,-6.59869411082,6.04787979156,SL,IP_OUT,1.68671638599,5.76614360867,88.8219991668,2285.12359058,156.629045167,-0.15
3406,2020,730375936,AC,D1 Southland Conference,730263552,UVU,311061534,2020-02-14 13:00:00,2,0,1,0,1118943260,A. Wagner,L,FA,R,0.492425576172,2.30990292982,18.9917832711,-5.83100840265,6.04464701427,F,IP_OUT,1.57077773997,5.89257657039,89.2982091056,2279.89840173,162.959757895,-0.15
3407,2020,730375936,AC,D1 Southland Conference,730263552,UVU,311061534,2020-02-14 13:00:00,2,0,2,0,1118943260,A. Wagner,L,SL,R,0.480812830973,1.42750223346,-2.33829590337,9.16590171977,5.80062088568,F,IP_OUT,2.02933924562,5.26743954723,76.8513420897,2226.80549777,284.048929607,0.0
3408,2020,730375936,AC,D1 Southland Conference,730263552,UVU,311061534,2020-02-14 13:00:00,2,0,2,0,1118943260,A. Wagner,L,FA,R,3.52226241194,2.69434515979,17.177332251,-2.56366402889,5.84017699968,B,IP_OUT,1.71131978278,5.89530532541,89.5095024478,2304.33154101,171.527344607,0.13
3409,2020,730375936,AC,D1 Southland Conference,730263552,UVU,311061534,2020-02-14 13:00:00,2,1,2,0,1118943260,A. Wagner,L,FA,R,0.00671360877799,1.05340775747,16.9056962837,-2.01826498282,6.10429151306,B,IP_OUT,1.64666799504,5.75613462321,89.7339470951,2427.56481466,173.204974539,0.13
3410,2020,730375936,AC,D1 Southland Conference,730263552,UVU,311061534,2020-02-14 13:00:00,2,0,0,1,1118943260,A. Wagner,L,FA,R,-0.0598919005613,2.33122430649,17.4795958215,-1.56980665412,5.97323477801,F,S,1.74337272855,5.87728765848,90.4497719056,2428.56263876,174.877407352,-0.15
3411,2020,730375936,AC,D1 Southland Conference,730263552,UVU,311061534,2020-02-14 13:00:00,2,0,1,1,1118943260,A. Wagner,L,FA,R,0.558098127168,2.48146878123,15.4874613648,-4.40634868767,6.27132846637,SS,S,1.71660962506,5.77306475673,89.9516585136,2327.3078898,164.149244627,-0.15
3412,2020,730375936,AC,D1 Southland Conference,730263552,UVU,311061534,2020-02-14 13:00:00,2,0,2,1,1118943260,A. Wagner,L,FA,R,2.11631033137,2.46426713407,16.2570441535,-3.98272174375,6.13849432971,B,S,1.82091549051,5.70613314726,90.0647904666,2266.33886291,166.260523282,0.13
3413,2020,730375936,AC,D1 Southland Conference,730263552,UVU,311061534,2020-02-14 13:00:00,2,1,2,1,1118943260,A. Wagner,L,FA,R,-0.169147592015,1.69223355905,16.3275420552,-3.11690090999,6.08543761851,IP,S,1.59344992823,5.76037906319,90.2810338106,2353.49536943,169.213013374,1.0
3414,2020,730375936,AC,D1 Southland Conference,730263552,UVU,311061534,2020-02-14 13:00:00,2,0,0,1,1118943260,A. Wagner,L,FA,R,-0.357270519822,1.20285648638,16.0224340331,-10.0360038071,6.26490099248,B,K,1.37686673459,5.74387506244,90.0946491171,2336.53565431,147.989344527,0.13
3415,2020,730375936,AC,D1 Southland Conference,730263552,UVU,311061534,2020-02-14 13:00:00,2,1,0,1,1118943260,A. Wagner,L,FA,R,0.493936194115,2.56997867666,16.3592705548,-6.69696807678,6.00619202533,SS,K,1.36741450643,5.81003268511,89.5253379203,2279.45483475,157.777482762,-0.15
3416,2020,730375936,AC,D1 Southland Conference,730263552,UVU,311061534,2020-02-14 13:00:00,2,1,1,1,1118943260,A. Wagner,L,FA,R,0.461341787433,1.28867277288,14.0870672877,-0.256129648608,6.15191747782,F,K,1.45181697786,5.74141169106,90.2364614449,2384.57126364,178.960706108,-0.15
3417,2020,730375936,AC,D1 Southland Conference,730263552,UVU,311061534,2020-02-14 13:00:00,2,1,2,1,1118943260,A. Wagner,L,SL,R,-0.847821376312,2.42044330642,-4.81457600586,8.75377835681,5.50599473516,SS,K,1.38047450283,5.78658872263,76.6135760078,2223.62755613,298.586550803,-0.15
3418,2020,730375936,AC,D1 Southland Conference,730263552,UVU,311061534,2020-02-14 13:00:00,2,0,0,2,1118943260,A. Wagner,L,FA,R,0.416355868291,1.2952957696,9.53579005962,-6.5662460533,6.08475454745,B,K,1.38874047347,5.7440811366,90.440425775,2246.73782263,145.536631779,0.13
3419,2020,730375936,AC,D1 Southland Conference,730263552,UVU,311061534,2020-02-14 13:00:00,2,1,0,2,1118943260,A. Wagner,L,FA,R,0.102732571475,1.21529711776,18.3940052829,-5.33226321418,6.01724292067,SL,K,1.46246738305,5.7698928136,90.0836685789,2294.67870493,163.860248186,-0.15
3420,2020,730375936,AC,D1 Southland Conference,730263552,UVU,311061534,2020-02-14 13:00:00,2,1,1,2,1118943260,A. Wagner,L,SL,R,0.931975024883,2.55259276035,-7.51280149041,14.4233240398,5.7950368747,SL,K,1.37687815935,5.68805371238,75.2572419562,2198.33972515,297.371272084,-0.15
3421,2020,730375936,AC,D1 Southland Conference,730263552,UVU,311061534,2020-02-14 13:00:00,2,1,2,2,1118943260,A. Wagner,L,FA,R,-0.768015465119,1.42980268739,14.48754313,-5.9325270632,6.1470351354,B,K,1.39628461117,5.76552659058,91.0476230971,2455.47200878,157.774210744,0.13
3422,2020,730375936,AC,D1 Southland Conference,730263552,UVU,311061534,2020-02-14 13:00:00,2,2,2,2,1118943260,A. Wagner,L,FA,R,-1.76199887092,2.8287639497,16.2649043238,-2.00294247576,6.30459724789,B,K,1.27610334239,5.77045991573,89.9212818815,2265.21333211,172.993174984,0.13
3423,2020,730375936,AC,D1 Southland Conference,730263552,UVU,311061534,2020-02-14 13:00:00,2,3,2,2,1118943260,A. Wagner,L,FA,R,-0.162350200128,2.55835381786,19.2043447984,-6.87283693371,6.14282719162,SS,K,1.32624173277,5.85030628097,90.9834165418,2333.74301452,160.338239674,-0.15
3424,2020,730375936,AC,D1 Southland Conference,730263552,UVU,311061534,2020-02-14 13:00:00,3,0,0,0,1118943260,A. Wagner,L,FA,R,0.996842496589,2.92037113356,13.880734225,-7.28185419391,6.03382966522,B,IP_OUT,1.66872408124,5.76899501976,89.5948795495,2252.88053953,152.373056117,0.13
3425,2020,730375936,AC,D1 Southland Conference,730263552,UVU,311061534,2020-02-14 13:00:00,3,1,0,0,1118943260,A. Wagner,L,FA,R,-0.92297026101,1.90494201845,14.2206007083,-4.37834031342,6.23616693765,F,IP_OUT,1.66377050029,5.69215745138,89.7662850385,2357.13409977,162.922928999,-0.15
3426,2020,730375936,AC,D1 Southland Conference,730263552,UVU,311061534,2020-02-14 13:00:00,3,1,1,0,1118943260,A. Wagner,L,FA,R,-0.138716073725,2.04601220942,18.5412202485,-1.34056108878,6.18333960492,F,IP_OUT,1.5788676093,5.89794276605,89.9248883235,2348.04019039,175.871738256,-0.15
3427,2020,730375936,AC,D1 Southland Conference,730263552,UVU,311061534,2020-02-14 13:00:00,3,1,2,0,1118943260,A. Wagner,L,SL,R,-0.619077336472,1.40115564575,-4.50257622402,10.1477284134,5.70519042155,F,IP_OUT,2.24419961934,5.23669843117,76.4948429393,2285.19017845,293.716033768,0.0
3428,2020,730375936,AC,D1 Southland Conference,730263552,UVU,311061534,2020-02-14 13:00:00,3,1,2,0,1118943260,A. Wagner,L,SL,R,2.17897570004,1.14211006533,-9.52721935811,6.74846995793,5.76792695103,B,IP_OUT,1.56272227551,5.60928986511,74.4772579596,2054.08903761,324.554765817,0.13
3429,2020,730375936,AC,D1 Southland Conference,730263552,UVU,311061534,2020-02-14 13:00:00,3,0,0,1,1118943260,A. Wagner,L,FA,R,0.815539851819,2.53248862495,16.9459375225,-5.4033996817,6.03239280933,SS,S,1.879934302,5.66294322701,89.4196444006,2352.13180891,162.346436507,-0.15
3430,2020,730375936,AC,D1 Southland Conference,730263552,UVU,311061534,2020-02-14 13:00:00,3,0,1,1,1118943260,A. Wagner,L,SL,R,1.74686607509,2.33356324062,-6.81486468865,7.71622503472,5.71797834335,B,S,1.53550679373,5.63151560813,74.0707313742,2006.59782071,311.250289182,0.13
3431,2020,730375936,AC,D1 Southland Conference,730263552,UVU,311061534,2020-02-14 13:00:00,3,1,1,1,1118943260,A. Wagner,L,FA,R,1.09889799776,2.6582160264,19.3402797204,-6.40885833954,6.10629011306,F,S,1.7009820417,5.7097447333,90.412897648,2365.01406489,161.694421363,-0.15
3432,2020,730375936,AC,D1 Southland Conference,730263552,UVU,311061534,2020-02-14 13:00:00,3,1,2,1,1118943260,A. Wagner,L,SL,R,1.56167467059,1.74174288898,-5.38490497936,8.17246525847,5.78807614962,B,S,2.04865037191,5.30307774116,76.0053457945,2127.60158119,303.158377526,0.13
3433,2020,730375936,AC,D1 Southland Conference,730263552,UVU,311061534,2020-02-14 13:00:00,3,2,2,1,1118943260,A. Wagner,L,FA,R,-0.385966004631,1.4335556071,17.0331488034,-1.47312030845,6.10968566241,F,S,1.71964277258,5.80992136436,90.188323011,2467.77606288,175.066290896,0.0
3434,2020,730375936,AC,D1 Southland Conference,730263552,UVU,311061534,2020-02-14 13:00:00,3,2,2,1,1118943260,A. Wagner,L,FA,R,0.567094577129,2.7009523263,15.6678962451,-6.21639884156,6.20480525879,F,S,1.59289580209,5.69426426042,90.9138420959,2468.48879972,158.397993159,0.0
3435,2020,730375936,AC,D1 Southland Conference,730263552,UVU,311061534,2020-02-14 13:00:00,3,2,2,1,1118943260,A. Wagner,L,FA,R,0.0115427842193,1.78256892276,17.911125238,-6.87821673534,5.94562682655,IP,S,1.61788037665,5.76383587068,90.6106651504,2316.94732679,159.02642485,1.0
3436,2020,730375936,AC,D1 Southland Conference,730263552,UVU,311061534,2020-02-14 13:00:00,3,0,0,1,1118943260,A. Wagner,L,FA,R,-0.793139423921,1.56851844563,18.5111482391,-5.16417920592,6.13134353112,SS,K,1.53135013716,5.68237211942,90.1861872861,2322.0560729,164.437714096,-0.15
3437,2020,730375936,AC,D1 Southland Conference,730263552,UVU,311061534,2020-02-14 13:00:00,3,0,1,1,1118943260,A. Wagner,L,FA,R,-0.0722877623476,3.00959457634,17.5568027316,-4.45579653184,6.13669116363,F,K,1.52584108028,5.84768168015,88.347701932,2228.13452499,165.785372038,-0.15
3438,2020,730375936,AC,D1 Southland Conference,730263552,UVU,311061534,2020-02-14 13:00:00,3,0,2,1,1118943260,A. Wagner,L,SL,R,0.965619608252,2.31306702476,-8.96620088958,12.3214169645,5.68404400769,SL,K,1.49484190111,5.61292621107,74.3446751827,2052.81569167,305.897724001,-0.15
3439,2020,730375936,AC,D1 Southland Conference,730263552,UVU,311061534,2020-02-14 13:00:00,3,0,0,2,1118943260,A. Wagner,L,FA,R,0.110449314076,1.74880223521,13.1255143663,-7.18347478684,6.11770325355,SS,FC,1.46655717127,5.69688728249,89.5870319581,2361.5013512,151.367728158,-0.15
3440,2020,730375936,AC,D1 Southland Conference,730263552,UVU,311061534,2020-02-14 13:00:00,3,0,1,2,1118943260,A. Wagner,L,SL,R,0.377302639105,1.87384798379,-6.66316840333,9.7579714256,5.91814809324,IP,FC,1.38024494527,5.69597425494,75.5466339477,2085.85619785,304.143891307,-0.21
3441,2020,730375936,AC,D1 Southland Conference,730263552,UVU,311061534,2020-02-14 13:00:00,4,0,0,1,1118943260,A. Wagner,L,FA,R,0.471414605393,0.821676987509,15.5193536972,-4.72041351933,5.99705589792,B,IP_OUT,1.68192841038,5.77206782883,90.055192408,2340.55627874,163.115292735,0.13
3442,2020,730375936,AC,D1 Southland Conference,730263552,UVU,311061534,2020-02-14 13:00:00,4,1,0,1,1118943260,A. Wagner,L,FA,R,0.60770279218,3.99576925968,16.8836099959,-5.61179921137,6.11192209761,B,IP_OUT,1.59460610952,5.94597360219,89.3471394323,2261.46016055,161.647041352,0.13
3443,2020,730375936,AC,D1 Southland Conference,730263552,UVU,311061534,2020-02-14 13:00:00,4,2,0,1,1118943260,A. Wagner,L,FA,R,-0.14038352196,1.48076615518,17.1238699794,-6.39711874349,6.08092356779,SL,IP_OUT,1.59097532662,5.78568318663,88.0242763366,2285.09629963,159.552133813,-0.15
3444,2020,730375936,AC,D1 Southland Conference,730263552,UVU,311061534,2020-02-14 13:00:00,4,2,1,1,1118943260,A. Wagner,L,FA,R,0.799298734748,2.65002387047,14.292605279,-4.76184392219,6.10612489977,F,IP_OUT,1.73437828871,5.77997801899,89.2348805961,2274.06726022,161.61266084,-0.15
3445,2020,730375936,AC,D1 Southland Conference,730263552,UVU,311061534,2020-02-14 13:00:00,4,2,2,1,1118943260,A. Wagner,L,FA,R,-0.788717616956,2.58831643178,14.6116924439,-2.62778878608,6.1357116922,F,IP_OUT,1.54593280855,5.78582907701,89.7335510628,2363.10781361,169.82685388,0.0
3446,2020,730375936,AC,D1 Southland Conference,730263552,UVU,311061534,2020-02-14 13:00:00,4,2,2,1,1118943260,A. Wagner,L,SL,R,1.38581232549,1.89623598153,-5.53103916471,8.83234609309,6.20835540644,B,IP_OUT,1.48498209886,5.67919002377,74.1837955514,2030.57388564,301.837406299,0.13
3447,2020,730375936,AC,D1 Southland Conference,730263552,UVU,311061534,2020-02-14 13:00:00,4,0,0,2,1118943260,A. Wagner,L,FA,R,1.15103063476,2.06495442989,15.0598740477,-3.38290814051,6.05448865939,F,S,1.68110248704,5.70712487536,88.9232296388,2299.19569188,167.36647128,-0.15
3448,2020,730375936,AC,D1 Southland Conference,730263552,UVU,311061534,2020-02-14 13:00:00,4,0,1,2,1118943260,A. Wagner,L,FA,R,1.37331053801,2.78586777249,21.1115305553,-7.11589491833,5.82272034543,F,S,1.71541237539,5.90299481647,89.516096179,2331.53113871,161.400047023,-0.15
3449,2020,730375936,AC,D1 Southland Conference,730263552,UVU,311061534,2020-02-14 13:00:00,4,0,2,2,1118943260,A. Wagner,L,SL,R,2.01406399945,1.79459386311,-10.0305157867,9.80434470738,5.90752126063,B,S,1.5905952086,5.61072108763,74.9105427069,2133.95566304,315.518983802,0.13
3450,2020,730375936,AC,D1 Southland Conference,730263552,UVU,311061534,2020-02-14 13:00:00,4,1,2,2,1118943260,A. Wagner,L,FA,R,-0.205645434747,0.973834076164,17.9258782559,-2.11854130957,6.20149304378,B,S,1.60922595393,5.74003463514,89.393356192,2394.72606151,173.27188547,0.13
3451,2020,730375936,AC,D1 Southland Conference,730263552,UVU,311061534,2020-02-14 13:00:00,4,2,2,2,1118943260,A. Wagner,L,FA,R,-0.127792400304,3.625861464,14.752271206,-3.07285815242,6.17022701767,B,S,1.72367456132,5.65581284396,89.3981535835,2326.37145661,168.258923257,0.13
3452,2020,730375936,AC,D1 Southland Conference,730263552,UVU,311061534,2020-02-14 13:00:00,4,3,2,2,1118943260,A. Wagner,L,FA,R,-0.278466974493,1.99306382076,17.7357713585,-3.73262672534,6.09174451148,IP,S,1.66696488946,5.71865443277,89.3943715525,2401.93327419,168.136350793,1.0
3453,2020,730375936,AC,D1 Southland Conference,730263552,UVU,311061534,2020-02-14 13:00:00,4,0,0,2,1118943260,A. Wagner,L,FA,R,-0.74181367818,2.46943362787,15.2813732263,-3.33389672262,6.14706275593,IP,FC,1.46689135348,5.67919474911,89.4879583031,2349.12594513,167.718130904,-0.21
3454,2020,730375936,AC,D1 Southland Conference,730263552,UVU,311061534,2020-02-14 13:00:00,5,0,0,0,1118943260,A. Wagner,L,FA,R,0.489338885803,1.22607697617,15.2029398261,-3.85788884528,5.98101634919,SL,K,1.62164777678,5.8124606535,88.387373523,2301.42259687,165.791013813,-0.15
3455,2020,730375936,AC,D1 Southland Conference,730263552,UVU,311061534,2020-02-14 13:00:00,5,0,1,0,1118943260,A. Wagner,L,FA,R,0.0879815107101,1.8261032197,15.1220906086,-5.74787796746,5.97261506858,F,K,1.6786841929,5.75775310702,87.8853909704,2258.26381284,159.231121607,-0.15
3456,2020,730375936,AC,D1 Southland Conference,730263552,UVU,311061534,2020-02-14 13:00:00,5,0,2,0,1118943260,A. Wagner,L,SL,R,1.68218418416,0.981644847543,-4.83738895533,13.5247935227,5.50505106331,B,K,1.88081304647,5.29281306739,74.6420894409,2069.87503344,289.504533766,0.13
3457,2020,730375936,AC,D1 Southland Conference,730263552,UVU,311061534,2020-02-14 13:00:00,5,1,2,0,1118943260,A. Wagner,L,FA,R,0.615221722893,2.69269489289,16.2869654768,-6.8377354029,6.07385347063,F,K,1.63518201596,5.76155342489,88.0624390182,2300.85725458,157.267726184,0.0
3458,2020,730375936,AC,D1 Southland Conference,730263552,UVU,311061534,2020-02-14 13:00:00,5,1,2,0,1118943260,A. Wagner,L,FA,R,1.30361542335,1.49217306358,15.292145066,-6.37644612446,6.01399509099,SL,K,1.82584363525,5.63771809163,88.6822034557,2231.33441407,157.408736209,-0.15
3459,2020,730375936,AC,D1 Southland Conference,730263552,UVU,311061534,2020-02-14 13:00:00,5,0,0,1,1118943260,A. Wagner,L,FA,R,1.00075428885,2.99053619321,15.7321077809,-2.76127913638,6.08460032856,SL,K,1.78685396788,5.6959960172,89.4914017615,2309.72049009,170.065001972,-0.15
3460,2020,730375936,AC,D1 Southland Conference,730263552,UVU,311061534,2020-02-14 13:00:00,5,0,1,1,1118943260,A. Wagner,L,FA,R,1.56419215409,2.46244788947,14.0164075272,-2.81801356136,6.01476783773,B,K,1.63330251676,5.64096588145,89.9292707527,2267.31418203,168.657424354,0.13
3461,2020,730375936,AC,D1 Southland Conference,730263552,UVU,311061534,2020-02-14 13:00:00,5,1,1,1,1118943260,A. Wagner,L,SL,R,-0.211525910488,0.753158051282,-5.73445724062,9.49479973531,6.07110740423,SS,K,1.4434873444,5.67621634729,73.5700107539,2132.8421683,300.918133461,-0.15
3462,2020,730375936,AC,D1 Southland Conference,730263552,UVU,311061534,2020-02-14 13:00:00,5,1,2,1,1118943260,A. Wagner,L,FA,R,1.41652294599,1.64235357958,17.5322594778,-3.00706437011,5.8611376407,B,K,1.86101115962,5.73269795251,90.3968971816,2431.80996416,170.285072286,0.13
3463,2020,730375936,AC,D1 Southland Conference,730263552,UVU,311061534,2020-02-14 13:00:00,5,2,2,1,1118943260,A. Wagner,L,FA,R,1.27894736978,2.19427459095,14.4248991507,-6.69884359132,5.94053525191,F,K,1.64986938187,5.64995847251,89.6056414777,2303.2902409,155.140009021,0.0
3464,2020,730375936,AC,D1 Southland Conference,730263552,UVU,311061534,2020-02-14 13:00:00,5,2,2,1,1118943260,A. Wagner,L,SL,R,1.27941133729,2.54961929774,-8.24648426104,10.6334500531,6.01811880999,SL,K,1.59869422505,5.55072264323,74.3472416993,2149.46179871,307.638831035,-0.15
3465,2020,730375936,AC,D1 Southland Conference,730263552,UVU,311061534,2020-02-14 13:00:00,5,0,0,2,1118943260,A. Wagner,L,SL,R,0.655304658956,1.96039638356,-6.17695616714,13.6080411875,5.9164518107,SL,IP_OUT,1.43746531886,5.59862705808,72.8568267899,2094.155042,294.242639377,-0.15
3466,2020,730375936,AC,D1 Southland Conference,730263552,UVU,311061534,2020-02-14 13:00:00,5,0,1,2,1118943260,A. Wagner,L,FA,R,0.54503312407,2.86356240034,14.3239890606,-3.05847506428,6.16151601765,F,IP_OUT,1.79805150122,5.74484132196,89.7713991573,2293.63828519,167.973067958,-0.15
3467,2020,730375936,AC,D1 Southland Conference,730263552,UVU,311061534,2020-02-14 13:00:00,5,0,2,2,1118943260,A. Wagner,L,FA,R,-0.450720016938,2.10709951819,15.9867759145,-7.05687958301,6.26277467034,F,IP_OUT,1.5792485673,5.63650586962,88.7598882656,2185.47627867,156.225858157,0.0
3468,2020,730375936,AC,D1 Southland Conference,730263552,UVU,311061534,2020-02-14 13:00:00,5,0,2,2,1118943260,A. Wagner,L,SL,R,0.474438424458,-0.474755656253,-11.6991088107,10.5730130573,5.72738986423,B,IP_OUT,1.46370602069,5.55072989608,74.6187154841,2083.78769664,317.778932416,0.13
3469,2020,730375936,AC,D1 Southland Conference,730263552,UVU,311061534,2020-02-14 13:00:00,5,1,2,2,1118943260,A. Wagner,L,SL,R,1.99375400754,2.64675777956,-11.3716207439,14.2830626014,5.99380032977,B,IP_OUT,1.61882549823,5.63426815758,73.3057326342,2114.1746482,308.406668881,0.13
3470,2020,730375936,AC,D1 Southland Conference,730263552,UVU,311061534,2020-02-14 13:00:00,6,0,0,0,1710510149,T. Jackson,R,FA,R,-1.14286054982,2.58547001513,16.6021133083,12.6470459848,5.75264866013,B,D,-1.77648582965,5.88933108413,90.9661029982,2233.54364774,217.246408974,0.13
3471,2020,730375936,AC,D1 Southland Conference,730263552,UVU,311061534,2020-02-14 13:00:00,6,1,0,0,1710510149,T. Jackson,R,FA,R,-0.0474843156373,2.52324678296,18.218916995,11.871810617,5.94751211119,IP,D,-1.47541069004,5.9430669543,90.1507914342,2260.35906316,213.043044894,1.26
3472,2020,730375936,AC,D1 Southland Conference,730263552,UVU,311061534,2020-02-14 13:00:00,6,0,0,0,1710510149,T. Jackson,R,FA,R,-0.539513544455,3.54543624681,16.659453228,9.10034806402,5.782079836,B,K,-1.75157614557,5.94414013538,89.6991726143,2182.35603245,208.598685755,0.13
3473,2020,730375936,AC,D1 Southland Conference,730263552,UVU,311061534,2020-02-14 13:00:00,6,1,0,0,1710510149,T. Jackson,R,CH,R,0.439283124832,1.10686014093,5.23755686497,19.5660387874,6.28436983865,B,K,-1.77492027621,5.74661675236,76.2125555421,1931.25948048,254.892884238,0.13
3474,2020,730375936,AC,D1 Southland Conference,730263552,UVU,311061534,2020-02-14 13:00:00,6,2,0,0,1710510149,T. Jackson,R,CH,R,0.330024890859,1.38802671545,8.23817086419,16.3213226987,6.42003336818,SL,K,-1.93110782127,5.68431230319,77.1603631971,1992.9974574,243.098181205,-0.15
3475,2020,730375936,AC,D1 Southland Conference,730263552,UVU,311061534,2020-02-14 13:00:00,6,2,1,0,1710510149,T. Jackson,R,FA,R,0.431834089996,1.62264325834,17.0768706029,10.9498997038,5.82959223153,SL,K,-1.63109524068,5.98725882876,91.1433525737,2128.54285276,212.620408346,-0.15
3476,2020,730375936,AC,D1 Southland Conference,730263552,UVU,311061534,2020-02-14 13:00:00,6,2,2,0,1710510149,T. Jackson,R,CH,R,0.589660461898,0.963212095656,6.88428292738,19.1611024992,6.22165033629,SS,K,-1.71840259925,5.71896819726,77.6920677897,1999.26303103,250.124359864,-0.15
3477,2020,730375936,AC,D1 Southland Conference,730263552,UVU,311061534,2020-02-14 13:00:00,6,0,0,1,1710510149,T. Jackson,R,CH,R,0.182127669386,-0.390852470607,7.67052942405,21.5619930461,6.30993159837,B,ROE,-1.8585024397,5.7651714338,75.9368720799,1970.16053373,250.312190754,0.13
3478,2020,730375936,AC,D1 Southland Conference,730263552,UVU,311061534,2020-02-14 13:00:00,6,1,0,1,1710510149,T. Jackson,R,CH,R,1.15371788581,0.511261424286,5.69547194995,18.31185227,6.31573589653,B,ROE,-1.96376891385,5.70978437287,75.7963003151,1944.41593881,252.59571347,0.13
3479,2020,730375936,AC,D1 Southland Conference,730263552,UVU,311061534,2020-02-14 13:00:00,6,2,0,1,1710510149,T. Jackson,R,FA,R,-0.512457976353,2.37933739373,16.5391194054,13.5830349569,5.83563585459,SL,ROE,-1.72028510858,5.9092532618,90.8902105907,2076.66954048,219.341669888,-0.15
3480,2020,730375936,AC,D1 Southland Conference,730263552,UVU,311061534,2020-02-14 13:00:00,6,2,1,1,1710510149,T. Jackson,R,FA,R,-0.833010244656,2.70293326305,14.3775634468,13.0826919431,5.80142679105,SL,ROE,-1.76417856421,5.95362287778,89.9219754318,2089.5586952,222.237030444,-0.15
3481,2020,730375936,AC,D1 Southland Conference,730263552,UVU,311061534,2020-02-14 13:00:00,6,2,2,1,1710510149,T. Jackson,R,CH,R,1.41305723926,1.73785747827,10.9317358553,17.4867629596,5.57485796712,IP,ROE,-1.99393526536,5.67852391215,77.2299006739,1777.45721803,237.885017877,0.0
3482,2020,730375936,AC,D1 Southland Conference,730263552,UVU,311061534,2020-02-14 13:00:00,6,0,0,1,1710510149,T. Jackson,R,FA,R,-1.16396753353,3.82315565943,15.5231851036,15.8144912638,5.65814380529,B,IP_OUT,-1.77043634381,6.04698782287,89.519007482,2067.65566737,225.472363119,0.13
3483,2020,730375936,AC,D1 Southland Conference,730263552,UVU,311061534,2020-02-14 13:00:00,6,1,0,1,1710510149,T. Jackson,R,FA,R,0.484304456959,1.45044055957,14.5327978346,10.9597222571,5.82941893623,SL,IP_OUT,-1.79962753239,5.86894514626,89.7214511916,2106.68110596,216.960497131,-0.15
3484,2020,730375936,AC,D1 Southland Conference,730263552,UVU,311061534,2020-02-14 13:00:00,6,1,1,1,1710510149,T. Jackson,R,CU,R,0.155139909531,3.22141007935,-4.3524937011,-3.09553688921,5.42783290387,B,IP_OUT,-1.78630737548,5.78186290857,76.6343989013,2340.01334896,35.7011134009,0.13
3485,2020,730375936,AC,D1 Southland Conference,730263552,UVU,311061534,2020-02-14 13:00:00,6,2,1,1,1710510149,T. Jackson,R,FA,R,-0.10980500531,3.99103410141,15.8803538817,9.71906122654,5.81866051624,B,IP_OUT,-1.72757450118,6.07191354697,89.5243074938,2182.96692562,211.415345187,0.13
3486,2020,730375936,AC,D1 Southland Conference,730263552,UVU,311061534,2020-02-14 13:00:00,6,3,1,1,1710510149,T. Jackson,R,CH,R,0.770801925027,2.6425454481,9.36245916743,18.6996788752,5.89961471446,SL,IP_OUT,-1.93274262298,5.73798243917,77.0839346792,1887.50130617,243.296088711,-0.15
3487,2020,730375936,AC,D1 Southland Conference,730263552,UVU,311061534,2020-02-14 13:00:00,6,3,2,1,1710510149,T. Jackson,R,FA,R,-1.11797583887,3.28170355305,15.101062625,13.1827339489,5.65815632673,F,IP_OUT,-1.73256242497,5.97877475715,89.6061488222,2099.51947531,221.058555827,0.0
3488,2020,730375936,AC,D1 Southland Conference,730263552,UVU,311061534,2020-02-14 13:00:00,7,0,0,0,1710510149,T. Jackson,R,CH,R,-0.727171764205,1.48825162388,10.5039260989,16.8338953265,6.00389368984,SL,D,-1.84589597123,5.65399130404,75.4459929529,1807.11520976,237.924522482,-0.15
3489,2020,730375936,AC,D1 Southland Conference,730263552,UVU,311061534,2020-02-14 13:00:00,7,0,1,0,1710510149,T. Jackson,R,CU,R,-1.69576237666,4.5296927916,-7.92468143502,-2.84599556938,5.25453541111,B,D,-1.88652445589,5.58273511194,76.2042905712,2123.71391546,19.861178409,0.13
3490,2020,730375936,AC,D1 Southland Conference,730263552,UVU,311061534,2020-02-14 13:00:00,7,1,1,0,1710510149,T. Jackson,R,FA,R,-0.0807954878378,3.77505050206,18.0840544646,6.72372082437,5.68757958384,B,D,-1.62957248432,5.85547649363,87.653649563,1995.62771409,200.360038821,0.13
3491,2020,730375936,AC,D1 Southland Conference,730263552,UVU,311061534,2020-02-14 13:00:00,7,2,1,0,1710510149,T. Jackson,R,CH,R,-0.443148929728,1.72440990259,6.39325923914,16.7248333598,6.19806501478,IP,D,-1.7338924519,5.58392977677,75.6376113132,1965.31887325,248.946718752,1.26
3492,2020,730375936,AC,D1 Southland Conference,730263552,UVU,311061534,2020-02-14 13:00:00,7,0,0,0,1710510149,T. Jackson,R,FA,R,0.0526938135791,2.78072808622,18.4047264662,8.50850673306,5.7712006598,F,D,-1.76037466598,5.88197664201,87.0901636263,1958.50544456,204.770405659,-0.15
3493,2020,730375936,AC,D1 Southland Conference,730263552,UVU,311061534,2020-02-14 13:00:00,7,0,1,0,1710510149,T. Jackson,R,FA,R,-0.25751278125,2.81933063783,18.1296501773,11.5140828483,5.68981615377,SS,D,-1.66711850331,5.9317352738,88.4511264392,2002.48284103,212.371361517,-0.15
3494,2020,730375936,AC,D1 Southland Conference,730263552,UVU,311061534,2020-02-14 13:00:00,7,0,2,0,1710510149,T. Jackson,R,FA,R,0.289122890166,2.62290051986,13.780081901,8.29915170826,5.68728991425,IP,D,-1.65200784586,5.85196836886,88.9380570035,1987.61907957,210.997951906,1.26
3495,2020,730375936,AC,D1 Southland Conference,730263552,UVU,311061534,2020-02-14 13:00:00,7,0,0,0,1710510149,T. Jackson,R,FA,R,0.501197358393,3.4405341434,18.0656691437,8.33027239143,5.63964013398,B,IP_OUT,-1.60095738947,5.99012923518,88.6953127196,2077.25428013,204.714495022,0.13
3496,2020,730375936,AC,D1 Southland Conference,730263552,UVU,311061534,2020-02-14 13:00:00,7,1,0,0,1710510149,T. Jackson,R,CH,R,-0.617120353483,1.56058520491,8.65106922753,19.1021534897,5.74069906298,SL,IP_OUT,-1.890121794,5.68141778049,76.9497087738,1808.91954176,245.523564807,-0.15
3497,2020,730375936,AC,D1 Southland Conference,730263552,UVU,311061534,2020-02-14 13:00:00,7,0,0,1,1710510149,T. Jackson,R,FA,R,0.793224318755,2.6932425659,14.091220637,13.4957943285,5.78919385754,SL,K,-1.75627036644,5.87345672868,87.4426290631,2008.03867499,223.693365319,-0.15
3498,2020,730375936,AC,D1 Southland Conference,730263552,UVU,311061534,2020-02-14 13:00:00,7,0,1,1,1710510149,T. Jackson,R,CH,R,1.97170005848,0.746161425281,9.3105383132,17.1670516767,5.76158418675,B,K,-1.79622566011,5.64719071957,76.6608188352,1751.93168519,241.41090181,0.13
3499,2020,730375936,AC,D1 Southland Conference,730263552,UVU,311061534,2020-02-14 13:00:00,7,1,1,1,1710510149,T. Jackson,R,FA,R,-0.780738808845,1.51478768657,12.9208890961,15.7228486865,5.9227115528,F,K,-1.7218320428,5.89056342774,89.0185681971,1962.80431351,230.514974053,-0.15
3500,2020,730375936,AC,D1 Southland Conference,730263552,UVU,311061534,2020-02-14 13:00:00,7,1,2,1,1710510149,T. Jackson,R,CU,R,0.136116575455,4.31037658047,-5.68476100972,-4.54213352606,5.74942069007,B,K,-1.71852975277,5.65425095488,77.1697046207,2308.56252882,38.8428835541,0.13
3501,2020,730375936,AC,D1 Southland Conference,730263552,UVU,311061534,2020-02-14 13:00:00,7,2,2,1,1710510149,T. Jackson,R,CH,R,0.768307111274,1.32329303217,6.60397089415,18.3050453167,5.76403167244,SS,K,-1.84332572745,5.69659280425,76.2242670115,1846.77718481,250.037117716,-0.15
3502,2020,730375936,AC,D1 Southland Conference,730263552,UVU,311061534,2020-02-14 13:00:00,7,0,0,2,1855024061,T. Riley,R,FA,R,-0.67000100225,1.61198435101,16.8633037007,8.19717960512,5.71647398161,IP,ROE,-1.01519532295,5.68006068368,88.9500355568,2309.35121092,205.879878717,0.0
3503,2020,730375936,AC,D1 Southland Conference,730263552,UVU,311061534,2020-02-14 13:00:00,7,0,0,2,1855024061,T. Riley,R,FA,R,1.19633038418,0.452654574833,19.2942360131,4.99425054938,5.92123790401,B,BB,-0.76723948898,5.62496462008,87.6568869442,2282.35900682,194.487766731,0.13
3504,2020,730375936,AC,D1 Southland Conference,730263552,UVU,311061534,2020-02-14 13:00:00,7,1,0,2,1855024061,T. Riley,R,CU,R,0.206374935883,2.30995015206,-10.7360376181,-0.67922329236,5.21113282811,SS,BB,-0.81391640041,5.70660923715,78.7973080248,2400.9418371,3.63448089396,-0.15
3505,2020,730375936,AC,D1 Southland Conference,730263552,UVU,311061534,2020-02-14 13:00:00,7,1,1,2,1855024061,T. Riley,R,CU,R,-0.426604948846,0.560414157983,-5.42851647756,-0.29906535405,5.1784584689,B,BB,-0.830785676147,5.65800584799,79.7222456205,2359.06838672,3.17781267857,0.13
3506,2020,730375936,AC,D1 Southland Conference,730263552,UVU,311061534,2020-02-14 13:00:00,7,2,1,2,1855024061,T. Riley,R,FA,R,-1.2471631282,2.3537189208,16.4339097642,6.95656324572,5.97592343353,B,BB,-0.941876853657,5.60262375638,87.4086391803,2317.91009892,202.90072425,0.13
3507,2020,730375936,AC,D1 Southland Conference,730263552,UVU,311061534,2020-02-14 13:00:00,7,3,1,2,1855024061,T. Riley,R,FA,R,-1.25211249253,0.865926529152,18.0422848215,4.8577841866,5.72511002721,B,BB,-0.90644629528,5.65591026867,86.9895695572,2283.85272514,195.041352191,0.8
3508,2020,730375936,AC,D1 Southland Conference,730263552,UVU,311061534,2020-02-14 13:00:00,7,0,0,2,1855024061,T. Riley,R,CU,R,-2.12023447958,2.87895001924,-7.45748503071,0.544295363225,5.14704167484,HBP,HBP,-0.843965279751,5.75332040268,77.1847145656,2243.83963286,355.800487981,0.8
3509,2020,730375936,AC,D1 Southland Conference,730263552,UVU,311061534,2020-02-14 13:00:00,7,0,0,2,1855024061,T. Riley,R,CU,R,-1.10441710391,2.61109481794,-5.42684646696,-1.45651857243,5.28128721101,SL,K,-0.792495403036,5.74467565353,76.2402427164,2371.38135116,15.1462887884,-0.15
3510,2020,730375936,AC,D1 Southland Conference,730263552,UVU,311061534,2020-02-14 13:00:00,7,0,1,2,1855024061,T. Riley,R,CU,R,-0.543693722996,2.64811881037,-5.66876288633,-2.10882848151,5.22149848652,SL,K,-0.63269979076,5.72422056162,78.6011361488,2469.52714999,20.5499634439,-0.15
3511,2020,730375936,AC,D1 Southland Conference,730263552,UVU,311061534,2020-02-14 13:00:00,7,0,2,2,1855024061,T. Riley,R,CU,R,0.666984738605,-0.318141476498,-9.3306810049,-3.49717897711,5.41139181597,B,K,-0.559135310299,5.72216253961,78.5141816287,2497.76806895,20.6342162971,0.13
3512,2020,730375936,AC,D1 Southland Conference,730263552,UVU,311061534,2020-02-14 13:00:00,7,1,2,2,1855024061,T. Riley,R,CU,R,-0.197318881669,1.00286015996,-10.4835119938,-1.46073942341,5.46625149415,SS,K,-0.634022778632,5.70006927736,78.2808635548,2430.8947559,7.96506960731,-0.15
3513,2020,730375936,AC,D1 Southland Conference,730263552,UVU,311061534,2020-02-14 13:00:00,8,0,0,0,1855024061,T. Riley,R,FA,R,-1.41264011932,2.86488675314,16.243878861,5.91896912788,5.48585533598,B,K,-1.07829864756,5.65066806601,87.5472254262,2283.49006474,199.981379655,0.13
3514,2020,730375936,AC,D1 Southland Conference,730263552,UVU,311061534,2020-02-14 13:00:00,8,1,0,0,1855024061,T. Riley,R,FA,R,0.438888815547,1.95978004531,19.6689910909,4.21353633283,5.99811137631,SL,K,-1.03612804178,5.63909033463,86.8855774106,2342.10971751,192.070486534,-0.15
3515,2020,730375936,AC,D1 Southland Conference,730263552,UVU,311061534,2020-02-14 13:00:00,8,1,1,0,1855024061,T. Riley,R,CU,R,-0.150933123559,1.77668281306,-6.88645615947,-1.28076535496,5.12276695683,F,K,-0.751101827279,5.79424480189,79.3968685267,2359.15136063,10.5996403107,-0.15
3516,2020,730375936,AC,D1 Southland Conference,730263552,UVU,311061534,2020-02-14 13:00:00,8,1,2,0,1855024061,T. Riley,R,FA,R,1.17052698067,0.796921440344,17.3033993245,9.48994175962,5.97550559585,B,K,-0.956501312815,5.52329010111,88.7473845008,2324.50201284,208.696170692,0.13
3517,2020,730375936,AC,D1 Southland Conference,730263552,UVU,311061534,2020-02-14 13:00:00,8,2,2,0,1855024061,T. Riley,R,CU,R,-0.67631601097,1.11994605076,-7.73168597441,2.52663446657,5.10138680524,SS,K,-0.806532220105,5.80767179779,78.940768849,2300.0547006,341.808241929,-0.15
3518,2020,730375936,AC,D1 Southland Conference,730263552,UVU,311061534,2020-02-14 13:00:00,8,0,0,1,1855024061,T. Riley,R,CU,R,-0.623690610554,2.67188604402,-4.43463539111,-2.21529758392,5.3177268018,F,IP_OUT,-0.751715050362,5.76691282823,76.775702625,2425.21792622,26.7795223371,-0.15
3519,2020,730375936,AC,D1 Southland Conference,730263552,UVU,311061534,2020-02-14 13:00:00,8,0,1,1,1855024061,T. Riley,R,FA,R,0.0246854009638,2.25299617879,15.358458118,0.0246066883785,6.16672413038,F,IP_OUT,-0.83534844254,5.61899890124,88.6334826131,2345.72576395,180.091600018,-0.15
3520,2020,730375936,AC,D1 Southland Conference,730263552,UVU,311061534,2020-02-14 13:00:00,8,0,2,1,1855024061,T. Riley,R,CU,R,-1.406287896,2.27435431313,-8.60946376939,1.39366488148,5.41750495548,B,IP_OUT,-0.738869851907,5.66178276343,79.3641774538,2152.34592731,350.760351142,0.13
3521,2020,730375936,AC,D1 Southland Conference,730263552,UVU,311061534,2020-02-14 13:00:00,8,1,2,1,1855024061,T. Riley,R,CU,R,1.82361076868,-0.0356226230216,-12.7320525962,-1.47395782347,5.50118386718,B,IP_OUT,-0.720809938563,5.65393116852,78.5709884743,2420.89304232,6.62562964002,0.13
3522,2020,730375936,AC,D1 Southland Conference,730263552,UVU,311061534,2020-02-14 13:00:00,8,0,0,2,1855024061,T. Riley,R,CU,R,0.778672777413,0.800901301706,-9.59376904515,1.22631198578,5.1840637461,B,K,-0.85324334518,5.75083600629,79.5621765671,2400.94591832,352.68381589,0.13
3523,2020,730375936,AC,D1 Southland Conference,730263552,UVU,311061534,2020-02-14 13:00:00,8,1,0,2,1855024061,T. Riley,R,FA,R,0.156604142641,3.95619927846,18.6957301621,5.93934702733,6.17479053698,B,K,-0.818002536844,5.66536774026,86.7629697603,2398.79026532,197.593949015,0.13
3524,2020,730375936,AC,D1 Southland Conference,730263552,UVU,311061534,2020-02-14 13:00:00,8,2,0,2,1855024061,T. Riley,R,FA,R,0.372937443656,0.812177874561,18.6013485497,3.75266576195,6.08565457494,B,K,-0.972196829765,5.61507769686,87.1631905511,2360.72805274,191.3854845,0.13
3525,2020,730375936,AC,D1 Southland Conference,730263552,UVU,311061534,2020-02-14 13:00:00,8,3,0,2,1855024061,T. Riley,R,FA,R,0.866393385562,2.98387634453,17.1336820687,8.95992978114,6.2240207859,SL,K,-1.0853901744,5.60804841346,86.87708893,2311.31853017,207.560099087,-0.15
3526,2020,730375936,AC,D1 Southland Conference,730263552,UVU,311061534,2020-02-14 13:00:00,8,3,1,2,1855024061,T. Riley,R,FA,R,-0.734307631432,2.58904808784,17.3592573692,5.84095468572,6.13783057715,SL,K,-1.16120775356,5.60128193128,86.5721646894,2329.58155483,198.562604053,-0.15
3527,2020,730375936,AC,D1 Southland Conference,730263552,UVU,311061534,2020-02-14 13:00:00,8,3,2,2,1855024061,T. Riley,R,CU,R,-0.102650933161,2.51579728808,-8.49198025268,-0.589511576617,5.33463682426,SL,K,-0.800422976511,5.77931972346,78.8995152859,2471.58464389,3.99124543794,-0.15
3528,2020,730375936,AC,D1 Southland Conference,730263552,UVU,311061534,2020-02-14 13:00:00,9,0,0,0,1855024061,T. Riley,R,FA,R,-0.048913576253,2.46446057057,18.6319794249,5.05497822516,5.94634068796,F,K,-0.832745661365,5.75218868777,85.5460114388,2183.98278036,195.151535496,-0.15
3529,2020,730375936,AC,D1 Southland Conference,730263552,UVU,311061534,2020-02-14 13:00:00,9,0,1,0,1855024061,T. Riley,R,CU,R,-0.206313342093,0.940740508551,-8.47046575808,2.56711081478,5.37050691712,B,K,-0.694164467661,5.74074023999,77.2174045554,2176.75768414,343.055210456,0.13
3530,2020,730375936,AC,D1 Southland Conference,730263552,UVU,311061534,2020-02-14 13:00:00,9,1,1,0,1855024061,T. Riley,R,CU,R,-0.577041199926,2.41945332053,-7.22791897964,0.262523503959,5.07828789195,SL,K,-0.759161966354,5.79120575555,76.4415342491,2238.48396056,357.906521368,-0.15
3531,2020,730375936,AC,D1 Southland Conference,730263552,UVU,311061534,2020-02-14 13:00:00,9,1,2,0,1855024061,T. Riley,R,FA,R,0.938783429304,1.89450105633,16.3819151848,6.01433112409,6.16788188191,SL,K,-0.858161404772,5.53230105204,88.7107860489,2391.37179838,200.122561678,-0.15
3532,2020,730375936,AC,D1 Southland Conference,730263552,UVU,311061534,2020-02-14 13:00:00,9,0,0,1,1855024061,T. Riley,R,CU,R,-0.607986280148,2.55407862042,-3.92885954712,3.08050441372,5.21208892029,F,S,-0.824257845678,5.7215164297,77.1150740568,1930.66154921,321.579186734,-0.15
3533,2020,730375936,AC,D1 Southland Conference,730263552,UVU,311061534,2020-02-14 13:00:00,9,0,1,1,1855024061,T. Riley,R,CU,R,-0.0472351343439,2.18377306018,-13.2716999691,0.437699161872,5.44594333406,IP,S,-0.858176094238,5.70939063624,77.28912076,2374.870869,358.104697283,1.0
3534,2020,730375936,AC,D1 Southland Conference,730263552,UVU,311061534,2020-02-14 13:00:00,9,0,0,1,1855024061,T. Riley,R,CU,R,0.296981435518,2.50344212639,-5.18549042975,0.713936230707,5.11136461957,SL,DP,-0.8686567076,5.69363270032,76.9557463663,2327.07344574,352.092144202,-0.15
3535,2020,730375936,AC,D1 Southland Conference,730263552,UVU,311061534,2020-02-14 13:00:00,9,0,1,1,1855024061,T. Riley,R,FA,R,0.104726219515,1.97375844412,19.4580967803,-0.123687023766,6.0640859981,F,DP,-0.882213229466,5.60357075912,86.7348198567,2275.05714806,179.636452585,-0.15
3536,2020,730375936,AC,D1 Southland Conference,730263552,UVU,311061534,2020-02-14 13:00:00,9,0,2,1,1855024061,T. Riley,R,FA,R,0.465301331879,1.32984647322,16.2737625193,2.37552288423,5.97946722996,IP,DP,-0.697243996908,5.55116420386,88.571978057,2383.7261658,188.288284104,-0.21
