PitchNo,Date,Time,PAofInning,PitchofPA,Pitcher,PitcherId,PitcherThrows,PitcherTeam,Batter,BatterId,BatterSide,BatterTeam,PitcherSet,Inning,Top/Bottom,Outs,Balls,Strikes,TaggedPitchType,AutoPitchType,PitchCall,KorBB,TaggedHitType,PlayResult,OutsOnPlay,RunsScored,Notes,RelSpeed,VertRelAngle,HorzRelAngle,SpinRate,SpinAxis,Tilt,RelHeight,RelSide,Extension,VertBreak,InducedVertBreak,HorzBreak,PlateLocHeight,PlateLocSide,ZoneSpeed,VertApprAngle,HorzApprAngle,ZoneTime,ExitSpeed,Angle,Direction,HitSpinRate,PositionAt110X,PositionAt110Y,PositionAt110Z,Distance,LastTrackedDistance,Bearing,HangTime,pfxx,pfxz,x0,y0,z0,vx0,vy0,vz0,ax0,ay0,az0,HomeTeam,AwayTeam,Stadium,Level,League,GameID,PitchUID,EffectiveVelo,MaxHeight,MeasuredDuration,SpeedDrop,PitchLastMeasuredX,PitchLastMeasuredY,PitchLastMeasuredZ,ContactPositionX,ContactPositionY,ContactPositionZ,GameUID,UTCDate,UTCTime,LocalDateTime,UTCDateTime,AutoHitType,System,HomeTeamForeignID,AwayTeamForeignID,GameForeignID,Catcher,CatcherId,CatcherThrows,CatcherTeam,PlayID,PitchTrajectoryXc0,PitchTrajectoryXc1,PitchTrajectoryXc2,PitchTrajectoryYc0,PitchTrajectoryYc1,PitchTrajectoryYc2,PitchTrajectoryZc0,PitchTrajectoryZc1,PitchTrajectoryZc2,HitSpinAxis,HitTrajectoryXc0,HitTrajectoryXc1,HitTrajectoryXc2,HitTrajectoryXc3,HitTrajectoryXc4,HitTrajectoryXc5,HitTrajectoryXc6,HitTrajectoryXc7,HitTrajectoryXc8,HitTrajectoryYc0,HitTrajectoryYc1,HitTrajectoryYc2,HitTrajectoryYc3,HitTrajectoryYc4,HitTrajectoryYc5,HitTrajectoryYc6,HitTrajectoryYc7,HitTrajectoryYc8,HitTrajectoryZc0,HitTrajectoryZc1,HitTrajectoryZc2,HitTrajectoryZc3,HitTrajectoryZc4,HitTrajectoryZc5,HitTrajectoryZc6,HitTrajectoryZc7,HitTrajectoryZc8,ThrowSpeed,PopTime,ExchangeTime,TimeToBase,CatchPositionX,CatchPositionY,CatchPositionZ,ThrowPositionX,ThrowPositionY,ThrowPositionZ,BasePositionX,BasePositionY,BasePositionZ,ThrowTrajectoryXc0,ThrowTrajectoryXc1,ThrowTrajectoryXc2,ThrowTrajectoryYc0,ThrowTrajectoryYc1,ThrowTrajectoryYc2,ThrowTrajectoryZc0,ThrowTrajectoryZc1,ThrowTrajectoryZc2,PitchReleaseConfidence,PitchLocationConfidence,PitchMovementConfidence,HitLaunchConfidence,HitLandingConfidence,CatcherThrowCatchConfidence,CatcherThrowReleaseConfidence,CatcherThrowLocationConfidence,SpinAxis3dTransverseAngle,SpinAxis3dLongitudinalAngle,SpinAxis3dActiveSpinRate,SpinAxis3dSpinEfficiency,SpinAxis3dTilt,SpinAxis3dVectorX,SpinAxis3dVectorY,SpinAxis3dVectorZ,SpinAxis3dSeamOrientationRotationX,SpinAxis3dSeamOrientationRotationY,SpinAxis3dSeamOrientationRotationZ,SpinAxis3dSeamOrientationBallAngleHorizontalAmb1,SpinAxis3dSeamOrientationBallAngleVerticalAmb1,SpinAxis3dSeamOrientationBallXAmb1,SpinAxis3dSeamOrientationBallYAmb1,SpinAxis3dSeamOrientationBallZAmb1,SpinAxis3dSeamOrientationBallAngleHorizontalAmb2,SpinAxis3dSeamOrientationBallAngleVerticalAmb2,SpinAxis3dSeamOrientationBallXAmb2,SpinAxis3dSeamOrientationBallYAmb2,SpinAxis3dSeamOrientationBallZAmb2,SpinAxis3dSeamOrientationBallAngleHorizontalAmb3,SpinAxis3dSeamOrientationBallAngleVerticalAmb3,SpinAxis3dSeamOrientationBallXAmb3,SpinAxis3dSeamOrientationBallYAmb3,SpinAxis3dSeamOrientationBallZAmb3,SpinAxis3dSeamOrientationBallAngleHorizontalAmb4,SpinAxis3dSeamOrientationBallAngleVerticalAmb4,SpinAxis3dSeamOrientationBallXAmb4,SpinAxis3dSeamOrientationBallYAmb4,SpinAxis3dSeamOrientationBallZAmb4
1,2026-09-17,10:10:38.75,1,1,"Perry, Braeden",1000191401,Right,RHO_RAM,"Medina, Adonis",844399,Right,RHO_RAM,Undefined,1,Top,0,0,0,Fastball,Four-Seam,BallCalled,Undefined,Undefined,Undefined,0,0,,90.48461,-3.68065,-1.442686,2188.81381,214.489716,1:15,6.27603,1.24971,5.80314,-13.85564,20.65426,13.38135,1.69245,1.02278,82.39067,-6.338167,0.954871,0.422808,,,,,,,,,,,,-7.2137,11.94111,-1.13914,50,5.96512,2.71263,-131.08382,-8.80751,-12.4925,28.92534,-11.49474,RHO_RAM,RHO_RAM,BillBeckField,TeamExclusive,Team,20260917-BillBeckField-Private-1,8f906600-b2a1-11f1-b529-67cfb2a0e891,89.1479,,,8.09394,,,,,,,720cc381-a995-4c95-8441-60f58e197dc2,2026-09-17,14:10:38.75,2026-09-17T10:10:38.7590000-04:00,2026-09-17T14:10:38.7590000Z,,v3,471418,471418,,"Collado, Joel",822880,Right,RHO_RAM,505c34e9-82c5-4ba1-9fb6-4719d9fb377d,54.69455,-132.11567,14.46267,6.272,-8.39745,-5.74737,-1.24385,3.15827,-6.24625,,,,,,,,,,,,,,,,,,,,,,,,,,,,,,,,,,,,,,,,,,,,,,,,,,,High,High,High,,,,,,222.128527,3.953916,2183.604069,0.99762,1:30,-0.044472,-0.672246,-0.738991,-41.896143,6.70313,10.636344,175.36497,-1.020246,0.080796,-0.017806,-0.996572,1.023593,-4.634293,0.017806,-0.080796,0.996572,-1.023593,4.634293,-0.017806,0.080796,0.996572,-175.36497,1.020246,-0.080796,0.017806,-0.996572
2,2026-09-17,10:10:55.98,1,2,"Perry, Braeden",1000191401,Right,RHO_RAM,"Medina, Adonis",844399,Right,RHO_RAM,Undefined,1,Top,0,1,0,Fastball,Four-Seam,FoulBallNotFieldable,Undefined,Undefined,Undefined,0,0,,91.34238,-2.505817,-2.545898,2377.275679,221.611987,1:30,6.25188,0.94454,5.88875,-14.05772,19.76033,16.50627,2.74986,-0.04547,82.80184,-5.218335,0.413814,0.418548,77.55792,57.037086,88.389502,5429.415321,,,,,45.6017,,,-9.20126,11.2065,-0.7487,50,6.04157,5.16467,-132.38439,-6.17963,-16.19589,30.41289,-12.44854,RHO_RAM,RHO_RAM,BillBeckField,TeamExclusive,Team,20260917-BillBeckField-Private-1,99e13cb0-b2a1-11f1-b529-67cfb2a0e891,90.05517,63.73571,,8.54054,,,,0.29573,2.64679,0.03676,720cc381-a995-4c95-8441-60f58e197dc2,2026-09-17,14:10:55.98,2026-09-17T10:10:55.9800000-04:00,2026-09-17T14:10:55.9800000Z,,v3,471418,471418,,"Collado, Joel",822880,Right,RHO_RAM,816e893a-fbe2-4da4-ba01-1b5ce714d233,54.60963,-133.43917,15.20644,6.24841,-5.74789,-6.22427,-0.93756,5.72637,-8.09794,,0.29573,1.73946,-9.84341,3.10573,-0.80202,0.19009,-0.02866,-0.01672,0.01191,2.64679,95.44006,-27.10965,3.24501,-0.64897,0.11948,-0.02276,0.00361,-0.00037,0.03676,61.86726,-8.24809,1.5977,-0.2862,0.05054,-0.00799,-0.00105,0.00102,,,,,,,,,,,,,,,,,,,,,,,High,High,High,Low,Undefined,,,,225.274197,-2.359564,2375.26007,0.999152,1:30,0.040864,-0.707401,-0.70563,-43.323589,-3.633555,1.360869,178.83134,1.804437,0.020385,0.031488,-0.999296,1.804812,1.16808,0.031488,0.020385,0.999296,-1.804812,-1.16808,-0.031488,-0.020385,0.999296,-178.83134,-1.804437,-0.020385,-0.031488,-0.999296
3,2026-09-17,10:11:07.00,1,3,"Perry, Braeden",1000191401,Right,RHO_RAM,"Medina, Adonis",844399,Right,RHO_RAM,Undefined,1,Top,0,1,1,Fastball,,StrikeCalled,Undefined,Undefined,Undefined,0,0,,,,,,,,,,,,,,,,,,,,,,,,,,,,,,,,,,,,,,,,,,RHO_RAM,RHO_RAM,BillBeckField,TeamExclusive,Team,20260917-BillBeckField-Private-1,a0f36320-b2a1-11f1-b529-67cfb2a0e891,,,,,,,,,,,720cc381-a995-4c95-8441-60f58e197dc2,2026-09-17,14:11:07.00,2026-09-17T10:11:07.0000000-04:00,2026-09-17T14:11:07.0000000Z,,v3,471418,471418,,"Collado, Joel",822880,Right,RHO_RAM,30a9b94b-9352-4be9-9189-3c3139b30ab0,,,,,,,,,,,,,,,,,,,,,,,,,,,,,,,,,,,,,,,,,,,,,,,,,,,,,,,,,,,,,,,,,,,,,,,,,,,,,,,,,,,,,,,,,,,,,,,,,,
4,2026-09-17,10:11:20.28,1,4,"Perry, Braeden",1000191401,Right,RHO_RAM,"Medina, Adonis",844399,Right,RHO_RAM,Undefined,1,Top,0,1,2,Fastball,Four-Seam,InPlay,Undefined,GroundBall,Out,1,0,,91.71114,-2.675389,-2.034937,2329.075528,223.651217,1:30,6.26831,1.20623,6.13167,-14.27603,19.21387,17.14363,2.60241,0.75318,82.54915,-5.449852,1.054879,0.416513,82.04436,-7.002877,-10.286505,,,,,20.93925,16.12316,-12.058436,0.167972,-9.51741,11.1554,-1.05947,50,6.05636,3.99088,-132.90088,-6.58043,-16.73126,33.02319,-12.5633,RHO_RAM,RHO_RAM,BillBeckField,TeamExclusive,Team,20260917-BillBeckField-Private-1,a85704f0-b2a1-11f1-b529-67cfb2a0e891,90.49525,2.46952,,9.16199,,,,0.69609,2.46952,-0.78437,720cc381-a995-4c95-8441-60f58e197dc2,2026-09-17,14:11:20.28,2026-09-17T10:11:20.2890000-04:00,2026-09-17T14:11:20.2890000Z,GroundBall,v3,471418,471418,,"Collado, Joel",822880,Right,RHO_RAM,50362b1d-35da-4f46-bd39-c7bcc15893e6,54.36609,-133.98137,16.5116,6.26494,-6.16937,-6.28165,-1.19901,4.53831,-8.36563,180,0.68931,117.76483,,,,,,,,2.47036,-14.70201,,,,,,,,-0.78314,-21.37285,,,,,,,,,,,,,,,,,,,,,,,,,,,,,,High,High,High,High,Low,,,,222.776854,4.504441,2321.881595,0.996911,1:30,-0.072802,-0.679975,-0.729612,-38.841018,-16.408973,-15.900662,174.58756,3.773561,0.09412,0.065813,-0.993383,3.790411,5.400671,0.065813,0.09412,0.993383,-3.790411,-5.400671,-0.065813,-0.09412,0.993383,-174.58756,-3.773561,-0.09412,-0.065813,-0.993383
5,2026-09-17,10:11:55.62,2,1,"Perry, Braeden",1000191401,Right,RHO_RAM,"Connolly, Brian",815955,Right,RHO_RAM,Undefined,1,Top,1,0,0,Fastball,Four-Seam,BallCalled,Undefined,Undefined,Undefined,0,0,,90.67832,-4.635952,-2.89998,2253.223288,215.444083,1:15,6.24178,1.09015,6.06865,-14.10607,20.38233,13.58528,0.76125,-0.46368,81.80485,-7.365749,-0.45673,0.422676,,,,,,,,,,,,-7.97477,12.4015,-0.87265,50,5.87406,6.07064,-131.03803,-11.00069,-13.6471,31.76828,-10.95152,RHO_RAM,RHO_RAM,BillBeckField,TeamExclusive,Team,20260917-BillBeckField-Private-1,bd65f310-b2a1-11f1-b529-67cfb2a0e891,89.17564,,,8.87347,,,,,,,720cc381-a995-4c95-8441-60f58e197dc2,2026-09-17,14:11:55.62,2026-09-17T10:11:55.6290000-04:00,2026-09-17T14:11:55.6290000Z,,v3,471418,471418,,"Collado, Joel",822880,Right,RHO_RAM,2bfe1123-81eb-43c6-9aab-1f8c9d30b421,54.42971,-132.10758,15.88414,6.23822,-10.63198,-5.47576,-1.08476,6.53011,-6.82355,,,,,,,,,,,,,,,,,,,,,,,,,,,,,,,,,,,,,,,,,,,,,,,,,,,High,High,High,,,,,,224.367618,1.318048,2252.627115,0.999735,1:30,-0.002625,-0.698646,-0.715462,-39.36138,0.987103,0.173517,179.563576,-4.96671,0.007588,-0.086577,-0.996216,4.966853,-0.434785,0.086577,-0.007588,0.996216,-4.966853,0.434785,-0.086577,0.007588,0.996216,-179.563576,4.96671,-0.007588,0.086577,-0.996216
6,2026-09-17,10:12:14.61,2,2,"Perry, Braeden",1000191401,Right,RHO_RAM,"Connolly, Brian",815955,Right,RHO_RAM,Undefined,1,Top,1,1,0,Fastball,Four-Seam,FoulBallFieldable,Undefined,Undefined,Undefined,1,0,,90.92847,-2.303476,-2.592188,2358.578863,219.429915,1:15,6.22761,1.05084,6.04522,-15.18898,18.80643,14.47513,2.82594,-0.14442,82.26122,-5.232287,0.010791,0.419644,75.37717,68.36101,44.07388,5311.503973,,,,123.09059,47.11139,64.496937,5.56149,-8.26083,10.74843,-0.8566,50,6.03983,5.35286,-131.80116,-5.71912,-14.37294,30.8615,-13.47299,RHO_RAM,RHO_RAM,BillBeckField,TeamExclusive,Team,20260917-BillBeckField-Private-1,c8b3ee70-b2a1-11f1-b529-67cfb2a0e891,89.81994,128.17819,,8.66726,,,,0.70427,2.93865,0.11156,720cc381-a995-4c95-8441-60f58e197dc2,2026-09-17,14:12:14.61,2026-09-17T10:12:14.6130000-04:00,2026-09-17T14:12:14.6130000Z,Popup,v3,471418,471418,,"Collado, Joel",822880,Right,RHO_RAM,8b9e4906-eb6f-40e4-85d0-3e313c2109b5,54.45305,-132.83975,15.43075,6.22467,-5.2657,-6.7365,-1.04488,5.83656,-7.18647,,0.69455,29.42925,-13.0712,4.12513,-0.72261,0.00328,0.02952,-0.0056,0.00033,2.92031,103.09621,-27.16888,4.6647,-1.84274,0.59587,-0.11845,0.01233,-0.00051,0.11619,28.27074,-3.30188,0.22977,0.26988,-0.13759,0.03129,-0.00352,0.00016,,,,,,,,,,,,,,,,,,,,,,,High,High,High,High,Low,,,,221.493956,5.291874,2348.526103,0.995738,1:30,-0.099304,-0.662891,-0.742101,-35.769297,-12.232626,-15.784176,175.711573,6.027263,0.074364,0.105002,-0.991688,6.04406,4.264676,0.105002,0.074364,0.991688,-6.04406,-4.264676,-0.105002,-0.074364,0.991688,-175.711573,-6.027263,-0.074364,-0.105002,-0.991688
7,2026-09-17,10:12:55.48,2,3,"Perry, Braeden",1000191401,Right,RHO_RAM,"Connolly, Brian",815955,Right,RHO_RAM,Undefined,1,Top,2,1,1,Fastball,Four-Seam,FoulBallNotFieldable,Undefined,Undefined,Undefined,0,0,,90.2849,-2.289894,-2.385182,2308.765525,221.083619,1:15,6.31171,1.46213,5.80594,-14.3167,20.45804,16.7645,2.98609,0.6397,81.68322,-5.05486,0.616518,0.424427,75.49603,51.079565,-130.9111,4100.012668,,,,,53.97642,,,-9.29469,11.50304,-1.27649,50,6.11527,4.72174,-130.84814,-5.62483,-15.94787,30.27106,-12.4371,RHO_RAM,RHO_RAM,BillBeckField,TeamExclusive,Team,20260917-BillBeckField-Private-1,e11a9310-b2a1-11f1-b529-67cfb2a0e891,88.80777,50.84437,,8.60169,,,,0.97788,2.7254,-0.61538,720cc381-a995-4c95-8441-60f58e197dc2,2026-09-17,14:12:55.48,2026-09-17T10:12:55.4890000-04:00,2026-09-17T14:12:55.4890000Z,,v3,471418,471418,,"Collado, Joel",822880,Right,RHO_RAM,156da59e-132e-4487-9ff5-844b75176948,54.69252,-131.92927,15.13553,6.30823,-5.18064,-6.21855,-1.4553,5.29131,-7.97394,,0.97788,-45.55619,-7.24587,5.07558,-1.82082,0.56243,-0.15872,0.03782,-0.00521,2.7254,86.14799,-38.50192,6.51475,-1.38136,0.26605,-0.04984,0.00778,-0.00071,-0.61538,-52.57092,13.04639,-2.99901,0.61131,-0.10577,0.01668,-0.00164,7E-05,,,,,,,,,,,,,,,,,,,,,,,High,High,High,Medium,Undefined,,,,223.713671,-2.051316,2307.285997,0.999359,1:30,0.033243,-0.68863,-0.72435,-39.66189,1.339449,6.614314,178.301392,3.818515,0.029576,0.066596,-0.997342,3.820188,1.694836,0.066596,0.029576,0.997342,-3.820188,-1.694836,-0.066596,-0.029576,0.997342,-178.301392,-3.818515,-0.029576,-0.066596,-0.997342
8,2026-09-17,10:13:18.68,2,4,"Perry, Braeden",1000191401,Right,RHO_RAM,"Connolly, Brian",815955,Right,RHO_RAM,Undefined,1,Top,2,1,2,ChangeUp,Splitter,InPlay,Undefined,LineDrive,Single,0,0,,86.42775,-1.157073,-2.267979,965.250876,264.581911,2:45,6.01025,1.56672,6.2521,-34.53329,2.82414,15.9245,2.06444,0.80114,78.40388,-7.590576,0.612604,0.439906,80.74383,4.328968,5.194898,7501.60825,,,,75.65897,74.11447,4.65585,0.68112,-9.0089,2.20937,-1.40583,50,5.90747,4.34576,-125.431,-3.64177,-14.14735,28.75175,-28.70451,RHO_RAM,RHO_RAM,BillBeckField,TeamExclusive,Team,20260917-BillBeckField-Private-1,eee5ea80-b2a1-11f1-b529-67cfb2a0e891,85.68293,3.14032,,8.02387,,,,1.13382,2.04338,-0.82329,720cc381-a995-4c95-8441-60f58e197dc2,2026-09-17,14:13:18.68,2026-09-17T10:13:18.6850000-04:00,2026-09-17T14:13:18.6850000Z,GroundBall,v3,471418,471418,,"Collado, Joel",822880,Right,RHO_RAM,52ab9a65-74e1-4f95-9adc-c0a8f58b081c,54.24727,-126.40083,14.37588,6.01398,-2.67354,-14.35225,-1.56046,4.82297,-7.07367,340.178686,1.15715,117.13778,-11.97262,,,,,,,2.06384,8.53466,-17.0205,,,,,,,-0.8226,10.67838,-0.66828,,,,,,,,,,,,,,,,,,,,,,,,,,,,,High,High,High,High,High,,,,236.67411,17.831003,918.883932,0.951964,2:00,-0.310556,-0.801443,-0.51112,-55.239013,-41.537086,57.762906,92.035325,13.82894,0.970401,0.239024,-0.034486,81.790064,76.024973,0.239024,0.970401,0.034486,-81.790064,-76.024973,-0.239024,-0.970401,0.034486,-92.035325,-13.82894,-0.970401,-0.239024,-0.034486
9,2026-09-17,10:13:57.87,3,1,"Perry, Braeden",1000191401,Right,RHO_RAM,"King, Ryan",1000121045,Right,RHO_RAM,Undefined,1,Top,2,0,0,Fastball,Four-Seam,FoulBallNotFieldable,Undefined,Undefined,Undefined,0,0,,91.01889,-2.065913,-1.700869,2453.708824,213.919998,1:15,6.28089,1.31108,5.79178,-11.35205,22.90556,14.58087,3.41141,0.94348,82.1701,-4.303226,0.909928,0.42126,72.80205,68.655582,-68.157582,3960.113341,,,,,38.51857,,,-7.95941,12.67339,-1.17991,50,6.10417,3.27412,-131.94944,-5.02324,-13.86402,31.22275,-10.09899,RHO_RAM,RHO_RAM,BillBeckField,TeamExclusive,Team,20260917-BillBeckField-Private-1,064669c0-b2a2-11f1-b529-67cfb2a0e891,89.47554,83.86743,,8.84879,,,,0.77561,3.36298,-0.95384,720cc381-a995-4c95-8441-60f58e197dc2,2026-09-17,14:13:57.87,2026-09-17T10:13:57.8760000-04:00,2026-09-17T14:13:57.8760000Z,,v3,471418,471418,,"Collado, Joel",822880,Right,RHO_RAM,ac0adb1f-759b-4a0c-ba57-e1af18b3e351,54.70596,-133.05834,15.61138,6.2762,-4.66457,-5.0495,-1.30493,3.76651,-6.93201,,0.77562,14.45653,-11.13591,3.35669,0.08124,-0.70728,0.26926,0.04793,-0.03931,3.36298,99.45252,-27.39002,3.19822,-0.67472,0.26469,-0.15057,0.05573,-0.0089,-0.95384,-36.0741,2.99248,-0.32689,0.13516,-0.15603,0.08271,-0.01453,-0.00127,,,,,,,,,,,,,,,,,,,,,,,High,High,High,Medium,Undefined,,,,224.249518,0.222548,2453.690315,0.999992,1:30,2E-06,-0.697466,-0.716618,-46.873599,-0.305066,1.73932,178.579514,-2.659401,0.024763,-0.046399,-0.998616,2.660218,-1.418955,0.046399,-0.024763,0.998616,-2.660218,1.418955,-0.046399,0.024763,0.998616,-178.579514,2.659401,-0.024763,0.046399,-0.998616
10,2026-09-17,10:14:30.07,3,2,"Perry, Braeden",1000191401,Right,RHO_RAM,"King, Ryan",1000121045,Right,RHO_RAM,Undefined,1,Top,2,0,1,Fastball,Four-Seam,FoulBallNotFieldable,Undefined,Undefined,Undefined,0,0,,90.05328,-2.493284,-2.681499,2356.617271,218.610031,1:15,6.26244,1.27316,5.79217,-15.71481,19.12399,14.32595,2.62954,-0.02925,81.87357,-5.495541,-0.117827,0.424818,71.05919,33.78887,-162.009404,2505.951367,-105.59384,35.52378,-30.821,211.67429,57.73662,-164.329109,2.652428,-8.10902,10.8428,-1.06112,50,6.04769,5.49557,-130.51785,-6.14371,-13.91198,28.86,-13.57195,RHO_RAM,RHO_RAM,BillBeckField,TeamExclusive,Team,20260917-BillBeckField-Private-1,198022b0-b2a2-11f1-b529-67cfb2a0e891,88.7261,35.96023,,8.17971,,,,1.50759,2.68896,0.01706,720cc381-a995-4c95-8441-60f58e197dc2,2026-09-17,14:14:30.07,2026-09-17T10:14:30.0790000-04:00,2026-09-17T14:14:30.0790000Z,FlyBall,v3,471418,471418,,"Collado, Joel",822880,Right,RHO_RAM,7bc59724-a97a-46c8-9f09-bbcd1b98ab8b,54.70674,-131.55448,14.43,6.25961,-5.65622,-6.78597,-1.26749,5.99528,-6.95599,20.54378,1.50727,-82.36606,6.21828,-2.59227,0.19828,0.31255,-0.17818,0.03951,-0.00307,2.68895,57.9622,-28.90666,3.80607,-0.8556,0.365,-0.18383,0.0535,-0.00615,0.01698,-26.74781,5.6538,-2.48026,0.54342,0.02345,-0.06868,0.02101,-0.00212,,,,,,,,,,,,,,,,,,,,,,,High,High,High,High,Low,,,,223.37004,4.456334,2349.492839,0.996977,1:30,-0.081696,-0.687363,-0.721704,-40.603046,7.103398,8.903483,174.490278,1.426721,0.095985,0.024898,-0.995071,1.433341,5.508009,0.024898,0.095985,0.995071,-1.433341,-5.508009,-0.024898,-0.095985,0.995071,-174.490278,-1.426721,-0.095985,-0.024898,-0.995071
11,2026-09-17,10:15:03.89,3,3,"Perry, Braeden",1000191401,Right,RHO_RAM,"King, Ryan",1000121045,Right,RHO_RAM,Undefined,1,Top,2,0,2,ChangeUp,Splitter,BallCalled,Undefined,Undefined,Undefined,0,0,,87.68744,0.521375,-0.435416,855.138942,272.527163,3:00,6.0131,1.54401,6.26075,-35.05018,0.87602,6.38618,3.57302,1.67471,80.00591,-6.002368,0.719759,0.431397,,,,,,,,,,,,-3.42906,0.67626,-1.51466,50,6.03494,0.71244,-127.44496,-0.00059,-5.61082,27.44768,-31.06755,RHO_RAM,RHO_RAM,BillBeckField,TeamExclusive,Team,20260917-BillBeckField-Private-1,2da489c0-b2a2-11f1-b529-67cfb2a0e891,87.37301,,,7.68153,,,,,,,720cc381-a995-4c95-8441-60f58e197dc2,2026-09-17,14:15:03.89,2026-09-17T10:15:03.8920000-04:00,2026-09-17T14:15:03.8920000Z,,v3,471418,471418,,"Collado, Joel",822880,Right,RHO_RAM,d239ea16-8ebc-4cf0-9db7-da30c85b2089,54.23801,-128.35446,13.72384,6.01791,1.02885,-15.53377,-1.54135,0.89836,-2.80541,,,,,,,,,,,,,,,,,,,,,,,,,,,,,77.20234,1.993615,0.714342,1.279272,-1.39168,3.2683,-1.7115,-1.16756,6.27993,-1.51153,127.28295,3.51965,2.6323,-1.05726,111.2509,-8.64968,6.29236,12.66443,-11.61014,-1.53264,1.62048,1.2983,High,High,High,,,High,High,High,235.885393,16.171377,821.303609,0.960433,1:45,-0.289821,-0.792592,-0.536472,-49.67048,-39.814127,54.674367,95.777033,13.11261,0.96898,0.226866,-0.098033,66.629911,75.691627,0.226866,0.96898,0.098033,-66.629911,-75.691627,-0.226866,-0.96898,0.098033,-95.777033,-13.11261,-0.96898,-0.226866,-0.098033
12,2026-09-17,10:15:37.35,3,4,"Perry, Braeden",1000191401,Right,RHO_RAM,"King, Ryan",1000121045,Right,RHO_RAM,Undefined,1,Top,2,1,2,Fastball,Four-Seam,InPlay,Undefined,Popup,Error,0,0,,91.60368,-2.261258,-1.418652,2409.36831,216.712186,1:15,6.26286,1.19251,5.95228,-14.35607,19.13883,13.41139,2.96762,0.99415,83.0884,-5.026994,0.990951,0.416544,78.92933,62.998866,-5.985978,,105.4272,110.38024,-31.38587,145.32072,64.45885,-17.448214,5.706697,-7.33815,10.8604,-1.08735,50,6.07506,2.71671,-132.89235,-5.64524,-13.00828,30.79914,-12.92192,RHO_RAM,RHO_RAM,BillBeckField,TeamExclusive,Team,20260917-BillBeckField-Private-1,4189ec00-b2a2-11f1-b529-67cfb2a0e891,90.4885,132.62937,,8.51528,,,,1.6162,3.21288,-1.0212,720cc381-a995-4c95-8441-60f58e197dc2,2026-09-17,14:15:37.35,2026-09-17T10:15:37.3510000-04:00,2026-09-17T14:15:37.3510000Z,Popup,v3,471418,471418,,"Collado, Joel",822880,Right,RHO_RAM,bd400169-82e6-4be9-940f-87c997b2d0b7,54.54659,-133.94192,15.39957,6.25993,-5.20489,-6.46096,-1.18748,3.16,-6.50414,,1.62216,52.15484,-16.16697,4.16247,-0.36213,-0.13867,0.05358,-0.00735,0.00037,3.19592,103.42425,-25.91456,3.6681,-1.1934,0.33406,-0.05815,0.00515,-0.00017,-1.02465,-5.42223,-2.50538,1.23241,-0.39646,0.0877,-0.01155,0.00074,-1E-05,,,,,,,,,,,,,,,,,,,,,,,High,High,High,High,Low,,,,223.070973,0.351534,2409.322962,0.999981,1:30,0.002722,-0.682601,-0.730786,-34.244683,-9.727762,-12.858349,178.326171,-7.423288,0.028965,-0.129199,-0.991196,7.426422,-1.659797,0.129199,-0.028965,0.991196,-7.426422,1.659797,-0.129199,0.028965,0.991196,-178.326171,7.423288,-0.028965,0.129199,-0.991196
13,2026-09-17,10:16:23.63,4,1,"Perry, Braeden",1000191401,Right,RHO_RAM,"Leikus, Danny",1000177456,Right,RHO_RAM,Undefined,1,Top,2,0,0,ChangeUp,Splitter,FoulBallNotFieldable,Undefined,Undefined,Undefined,0,0,,86.5492,-0.686359,-3.159656,955.465964,264.142904,2:45,5.9605,1.38106,6.31585,-34.36352,2.70453,14.01091,2.46368,-0.36464,78.67942,-7.093931,-0.62586,0.438199,,,,,,,,,,,,-8.29713,1.96965,-1.15625,50,5.89391,6.39477,-125.58987,-2.59546,-13.11315,27.92042,-29.06114,RHO_RAM,RHO_RAM,BillBeckField,TeamExclusive,Team,20260917-BillBeckField-Private-1,5d305250-b2a2-11f1-b529-67cfb2a0e891,86.01677,,,7.86978,,,,,,,720cc381-a995-4c95-8441-60f58e197dc2,2026-09-17,14:16:23.63,2026-09-17T10:16:23.6320000-04:00,2026-09-17T14:16:23.6320000Z,,v3,471418,471418,,"Collado, Joel",822880,Right,RHO_RAM,012de85b-1dd5-4ce7-8889-a63d35813220,54.18411,-126.51664,13.96021,5.96406,-1.63082,-14.53057,-1.37573,6.83004,-6.55658,,,,,,,,,,,,,,,,,,,,,,,,,,,,,,,,,,,,,,,,,,,,,,,,,,,High,High,High,,,,,,235.983584,6.601183,949.1316,0.99337,1:45,-0.135557,-0.8247,-0.549085,-53.453368,-47.970656,53.395312,102.343553,22.074952,0.905271,0.375819,-0.198102,62.20537,64.859805,0.375819,0.905271,0.198102,-62.20537,-64.859805,-0.375819,-0.905271,0.198102,-102.343553,-22.074952,-0.905271,-0.375819,-0.198102
14,2026-09-17,10:17:06.81,4,2,"Perry, Braeden",1000191401,Right,RHO_RAM,"Leikus, Danny",1000177456,Right,RHO_RAM,Undefined,1,Top,2,0,1,Fastball,Four-Seam,InPlay,Undefined,GroundBall,Out,1,0,,91.13837,-2.273567,-2.506072,2373.601247,223.68623,1:30,6.19878,1.21136,5.91845,-14.84107,19.31265,17.24465,2.84896,0.32123,82.06301,-5.1442,0.58808,0.420621,96.75473,-10.509271,-6.761694,,,,,16.04643,14.55782,-7.579948,0.107342,-9.67166,11.0017,-1.02051,50,6.00823,5.03395,-132.03966,-5.65272,-16.804,32.27044,-13.05915,RHO_RAM,RHO_RAM,BillBeckField,TeamExclusive,Team,20260917-BillBeckField-Private-1,76e2b0d0-b2a2-11f1-b529-67cfb2a0e891,89.61151,2.78343,,9.07536,,,,1.00607,2.78343,-0.35004,720cc381-a995-4c95-8441-60f58e197dc2,2026-09-17,14:17:06.81,2026-09-17T10:17:06.8120000-04:00,2026-09-17T14:17:06.8120000Z,GroundBall,v3,471418,471418,,"Collado, Joel",822880,Right,RHO_RAM,1b8363b1-daa6-4a87-af2a-c87aa0d0559d,54.57983,-133.15427,16.13522,6.19568,-5.20167,-6.52958,-1.2044,5.61435,-8.402,180,1.00168,138.80971,,,,,,,,2.78425,-25.93045,,,,,,,,-0.34952,-16.45794,,,,,,,,,,,,,,,,,,,,,,,,,,,,,,High,High,High,High,High,,,,225.40828,-5.104157,2364.189001,0.996035,1:30,0.086348,-0.705216,-0.703715,-40.9135,-8.14737,-0.13746,179.251648,3.907389,0.01303,0.068144,-0.99759,3.907722,0.746613,0.068144,0.01303,0.99759,-3.907722,-0.746613,-0.068144,-0.01303,0.99759,-179.251648,-3.907389,-0.01303,-0.068144,-0.99759
15,2026-09-17,10:20:03.68,1,1,"Maloney, Evan",813408,Right,RHO_RAM,"Penney, Scott",10101787,Right,RHO_RAM,Undefined,1,Bottom,0,0,0,ChangeUp,Slider,BallCalled,Undefined,Undefined,Undefined,0,0,,75.49339,-2.772687,-1.274859,1315.308428,216.874622,1:15,7.07161,-0.15555,4.83305,-34.75695,17.27426,11.46686,1.54685,-0.40743,68.32656,-9.138353,0.746195,0.519162,,,,,,,,,,,,-6.05422,9.98363,0.27143,50,6.76803,1.95982,-109.10726,-6.41103,-7.17152,22.3011,-20.34798,RHO_RAM,RHO_RAM,BillBeckField,TeamExclusive,Team,20260917-BillBeckField-Private-1,e05af720-b2a2-11f1-b529-67cfb2a0e891,72.6024,,,7.16683,,,,,,,720cc381-a995-4c95-8441-60f58e197dc2,2026-09-17,14:20:03.68,2026-09-17T10:20:03.6890000-04:00,2026-09-17T14:20:03.6890000Z,,v3,471418,471418,,"Leikus, Danny",1000177456,Right,RHO_RAM,384e3b3b-8cb3-45cc-933a-5097418a9485,55.66177,-110.25844,11.15055,7.07185,-5.36068,-10.17399,0.16071,2.33001,-3.58576,,,,,,,,,,,,,,,,,,,,,,,,,,,,,,,,,,,,,,,,,,,,,,,,,,,High,High,High,,,,,,213.036818,23.534216,1205.90342,0.916822,1:00,-0.391658,-0.518561,-0.760065,37.454487,-14.016526,-85.32165,145.439895,-59.698442,0.286217,-0.863382,-0.415514,64.300208,-16.631604,0.863382,-0.286217,0.415514,-64.300208,16.631604,-0.863382,0.286217,0.415514,-145.439895,59.698442,-0.286217,0.863382,-0.415514
16,2026-09-17,10:20:22.70,1,2,"Maloney, Evan",813408,Right,RHO_RAM,"Penney, Scott",10101787,Right,RHO_RAM,Undefined,1,Bottom,0,1,0,Fastball,Four-Seam,InPlay,Undefined,LineDrive,Out,1,0,,86.15333,-3.631298,-0.828156,2066.031664,208.760389,1:00,7.12713,-0.41453,4.99579,-17.72438,21.62387,11.10831,2.21673,-0.27078,78.31127,-6.954418,1.133169,0.451475,105.16264,15.981726,8.73565,854.552616,109.15968,26.14409,13.57053,322.21836,310.53665,4.151114,2.940219,-5.76855,12.21316,0.48462,50,6.76391,1.30088,-124.64396,-8.48031,-9.00848,26.76992,-13.10136,RHO_RAM,RHO_RAM,BillBeckField,TeamExclusive,Team,20260917-BillBeckField-Private-1,eba57010-b2a2-11f1-b529-67cfb2a0e891,83.48726,30.95701,,7.84205,,,,1.66873,2.26124,0.2821,720cc381-a995-4c95-8441-60f58e197dc2,2026-09-17,14:20:22.70,2026-09-17T10:20:22.7090000-04:00,2026-09-17T14:20:22.7090000Z,LineDrive,v3,471418,471418,,"Leikus, Danny",1000177456,Right,RHO_RAM,796a43f0-232e-402a-80e0-f1efa7afe13f,55.50208,-125.8201,13.38496,7.12385,-7.9047,-6.55068,0.41877,1.69667,-4.50424,130.509263,1.66873,146.55678,-20.8541,4.40668,-0.9128,0.18024,-0.03211,0.0041,-0.00025,2.26125,42.46609,-16.79796,0.88541,-0.06012,-0.01207,0.00662,-0.00096,5E-05,0.28209,22.51993,-9.44461,2.75082,-0.72746,0.17297,-0.0344,0.00458,-0.00028,,,,,,,,,,,,,,,,,,,,,,,High,High,High,High,Medium,,,,205.63288,7.674543,2047.525463,0.991043,12:45,-0.119027,-0.436326,-0.891881,-94.57705,-20.755644,-82.926692,140.859562,83.128763,0.075519,0.992818,-0.092792,84.660476,4.331019,0.992818,0.075519,0.092792,-84.660476,-4.331019,-0.992818,-0.075519,0.092792,-140.859562,-83.128763,-0.075519,-0.992818,-0.092792
17,2026-09-17,10:20:59.56,2,1,"Maloney, Evan",813408,Right,RHO_RAM,"Henschel, Ryan",10014628,Right,RHO_RAM,Undefined,1,Bottom,1,0,0,ChangeUp,Slider,StrikeCalled,Undefined,Undefined,Undefined,0,0,,79.3224,-2.870249,-1.267331,1357.006744,220.751345,1:15,7.1212,-0.42987,4.83153,-30.18576,16.72721,12.93182,1.88467,-0.55257,71.97938,-8.405617,1.011084,0.492967,,,,,,,,,,,,-6.78414,9.63611,0.5436,50,6.8116,1.98945,-114.71859,-6.77327,-8.92383,23.78221,-19.49871,RHO_RAM,RHO_RAM,BillBeckField,TeamExclusive,Team,20260917-BillBeckField-Private-1,01af6000-b2a3-11f1-b529-67cfb2a0e891,76.46034,,,7.34303,,,,,,,720cc381-a995-4c95-8441-60f58e197dc2,2026-09-17,14:20:59.56,2026-09-17T10:20:59.5600000-04:00,2026-09-17T14:20:59.5600000Z,,v3,471418,471418,,"Leikus, Danny",1000177456,Right,RHO_RAM,ca9df40a-1704-4618-a877-0546e75934fb,55.66526,-115.88709,11.8911,7.12086,-5.81523,-9.74935,0.43508,2.42791,-4.46191,,,,,,,,,,,,,,,,,,,,,,,,,,,,,,,,,,,,,,,,,,,,,,,,,,,High,High,High,,,,,,210.941791,17.045343,1297.397616,0.956073,1:00,-0.286216,-0.505643,-0.813883,-16.176555,-51.869946,36.984887,98.494829,11.493854,0.969195,0.199263,-0.144758,54.002849,75.741712,0.199263,0.969195,0.144758,-54.002849,-75.741712,-0.199263,-0.969195,0.144758,-98.494829,-11.493854,-0.969195,-0.199263,-0.144758
18,2026-09-17,10:21:16.45,2,2,"Maloney, Evan",813408,Right,RHO_RAM,"Henschel, Ryan",10014628,Right,RHO_RAM,Undefined,1,Bottom,1,0,1,ChangeUp,Changeup,StrikeSwinging,Undefined,Undefined,Undefined,0,0,,78.14608,-3.680749,-1.414778,1502.721424,199.413071,12:45,7.15117,-0.33921,4.74204,-26.66513,21.89241,7.08016,1.4318,-1.09147,70.92956,-8.592242,-0.170068,0.501533,,,,,,,,,,,,-3.89906,12.39646,0.47499,50,6.75785,2.48487,-112.87353,-8.12304,-4.9731,22.72212,-16.3629,RHO_RAM,RHO_RAM,BillBeckField,TeamExclusive,Team,20260917-BillBeckField-Private-1,0bb264d0-b2a3-11f1-b529-67cfb2a0e891,75.15442,,,7.21651,,,,,,,720cc381-a995-4c95-8441-60f58e197dc2,2026-09-17,14:21:16.45,2026-09-17T10:21:16.4500000-04:00,2026-09-17T14:21:16.4500000Z,,v3,471418,471418,,"Leikus, Danny",1000177456,Right,RHO_RAM,5c08f040-7f17-4ee8-a1c9-7e192a74c7a7,55.75256,-114.02567,11.36106,7.14871,-7.29335,-8.18145,0.3426,2.73703,-2.48655,,,,,,,,,,,,,,,,,,,,,,,,,,,,,,,,,,,,,,,,,,,,,,,,,,,High,High,High,,,,,,208.918213,21.858789,1394.682199,0.928104,1:00,-0.362694,-0.471771,-0.80367,-19.157502,-44.779509,43.156821,100.371892,2.27179,0.982887,0.03964,-0.179895,12.426525,79.384885,0.03964,0.982887,0.179895,-12.426525,-79.384885,-0.03964,-0.982887,0.179895,-100.371892,-2.27179,-0.982887,-0.03964,-0.179895
19,2026-09-17,10:21:37.70,2,3,"Maloney, Evan",813408,Right,RHO_RAM,"Henschel, Ryan",10014628,Right,RHO_RAM,Undefined,1,Bottom,1,0,2,ChangeUp,Changeup,FoulBallNotFieldable,Undefined,Undefined,Undefined,0,0,,76.45977,-2.337701,-0.123802,1278.570834,211.080643,1:00,7.05814,-0.33968,4.88657,-32.68521,18.1371,9.72312,2.1216,0.35346,68.78058,-8.367227,1.591145,0.513096,90.44713,14.672203,-46.380285,3659.026338,72.98185,12.63482,-82.30203,168.09069,141.37019,-50.783142,1.564232,-4.86713,10.31835,0.34304,50,6.80236,-0.15622,-110.52776,-5.55887,-5.88074,23.97252,-19.70684,RHO_RAM,RHO_RAM,BillBeckField,TeamExclusive,Team,20260917-BillBeckField-Private-1,185d5820-b2a3-11f1-b529-67cfb2a0e891,73.46079,13.72316,,7.67919,,,,2.79845,2.29083,-0.28956,720cc381-a995-4c95-8441-60f58e197dc2,2026-09-17,14:21:37.70,2026-09-17T10:21:37.7000000-04:00,2026-09-17T14:21:37.7000000Z,LineDrive,v3,471418,471418,,"Leikus, Danny",1000177456,Right,RHO_RAM,213e49f9-9418-4b53-876c-eb1fc5d14d30,55.60896,-111.73767,11.98626,7.05783,-4.56425,-9.85342,0.34344,0.14059,-2.94037,,2.79845,88.52994,-16.904,2.30176,-0.61735,0.2407,-0.11392,0.03701,-0.00528,2.29081,33.60391,-26.98748,3.57991,-0.13568,-0.62387,0.508,-0.18847,0.02812,-0.28955,-92.90276,7.03916,-0.5852,0.01974,0.09157,-0.06984,0.02526,-0.00373,,,,,,,,,,,,,,,,,,,,,,,High,High,High,High,Medium,,,,207.534202,20.375723,1198.570144,0.93743,1:00,-0.332004,-0.447194,-0.830536,39.584432,-8.718635,-89.690811,146.297283,-55.470263,0.314527,-0.823832,-0.471565,60.213001,-18.332261,0.823832,-0.314527,0.471565,-60.213001,18.332261,-0.823832,0.314527,0.471565,-146.297283,55.470263,-0.314527,0.823832,-0.471565
20,2026-09-17,10:22:04.11,2,4,"Maloney, Evan",813408,Right,RHO_RAM,"Henschel, Ryan",10014628,Right,RHO_RAM,Undefined,1,Bottom,1,0,2,Fastball,Four-Seam,InPlay,Undefined,LineDrive,Single,0,0,,87.96191,-3.82358,-1.584008,2060.602032,210.64787,1:00,7.19217,-0.29012,4.90148,-17.44229,20.63643,11.40123,2.11564,-0.83852,79.58704,-7.094678,0.425065,0.444132,101.85785,11.271153,1.750395,3501.54687,109.81283,14.59914,6.40665,224.3866,224.3866,4.322043,1.886433,-6.14229,11.79032,0.43493,50,6.80386,2.98407,-127.11826,-9.0788,-9.93284,28.90463,-13.10766,RHO_RAM,RHO_RAM,BillBeckField,TeamExclusive,Team,20260917-BillBeckField-Private-1,2813ddc0-b2a3-11f1-b529-67cfb2a0e891,84.86757,14.6444,,8.37486,,,,1.40366,2.25815,0.82309,720cc381-a995-4c95-8441-60f58e197dc2,2026-09-17,14:22:04.11,2026-09-17T10:22:04.1120000-04:00,2026-09-17T14:22:04.1120000Z,LineDrive,v3,471418,471418,,"Leikus, Danny",1000177456,Right,RHO_RAM,27273fe8-3a87-4f7c-8cda-7c54abb76f07,55.596,-128.38439,14.45231,7.18897,-8.50463,-6.55383,0.29469,3.41917,-4.96642,248.409256,1.40366,146.44161,-20.25183,3.828,-0.82334,0.16789,-0.03297,0.00504,-0.0004,2.25815,29.19888,-18.43207,1.65742,-0.32464,0.06912,-0.01208,0.00184,-0.00016,0.82309,4.47522,3.66353,-1.2602,0.35865,-0.08863,0.01911,-0.00303,0.00025,,,,,,,,,,,,,,,,,,,,,,,High,High,High,High,High,,,,210.226808,-3.152327,2057.484061,0.998487,1:00,0.064506,-0.497877,-0.864846,-37.786049,1.090512,-25.846182,162.706283,11.232482,0.291576,0.19479,-0.936504,11.749841,16.952329,0.19479,0.291576,0.936504,-11.749841,-16.952329,-0.19479,-0.291576,0.936504,-162.706283,-11.232482,-0.291576,-0.19479,-0.936504
21,2026-09-17,10:22:45.21,3,1,"Maloney, Evan",813408,Right,RHO_RAM,"Botti, Aidan",1000396785,Left,RHO_RAM,Undefined,1,Bottom,1,0,0,Fastball,Cutter,StrikeCalled,Undefined,Undefined,Undefined,0,0,,87.80674,-3.648943,-0.238581,2050.394739,212.857938,1:00,7.09748,-0.19535,5.12789,-18.37237,19.3545,11.64257,2.12511,0.55015,79.78385,-7.083606,1.822515,0.442076,,,,,,,,,,,,-5.845,11.11099,0.20839,50,6.74089,-0.00716,-127.04271,-8.70297,-9.47503,28.00107,-14.16255,RHO_RAM,RHO_RAM,BillBeckField,TeamExclusive,Team,20260917-BillBeckField-Private-1,40ae63a0-b2a3-11f1-b529-67cfb2a0e891,85.2624,,,8.02289,,,,,,,720cc381-a995-4c95-8441-60f58e197dc2,2026-09-17,14:22:45.21,2026-09-17T10:22:45.2130000-04:00,2026-09-17T14:22:45.2130000Z,,v3,471418,471418,,"Leikus, Danny",1000177456,Right,RHO_RAM,5ca2a6b2-a41b-4f4a-9340-a819b48bcc16,55.36875,-128.22056,14.00054,7.09445,-8.10723,-7.08127,0.20031,0.3914,-4.73751,,,,,,,,,,,,,,,,,,,,,,,,,,,,,,,,,,,,,,,,,,,,,,,,,,,High,High,High,,,,,,207.690311,0.522591,2050.309452,0.999958,1:00,0.016784,-0.464311,-0.885513,-88.83315,-15.678294,-77.534904,117.299369,76.949717,0.200656,0.974172,-0.103564,83.931713,11.575341,0.974172,0.200656,0.103564,-83.931713,-11.575341,-0.974172,-0.200656,0.103564,-117.299369,-76.949717,-0.200656,-0.974172,-0.103564
22,2026-09-17,10:23:09.08,3,2,"Maloney, Evan",813408,Right,RHO_RAM,"Botti, Aidan",1000396785,Left,RHO_RAM,Undefined,1,Bottom,1,0,1,ChangeUp,Slider,BallCalled,Undefined,Undefined,Undefined,0,0,,76.18986,-0.389375,-1.041324,1179.837838,218.434624,1:15,7.03984,-0.24068,4.8498,-37.74876,12.85257,8.77697,3.52544,-0.49517,69.15184,-7.299396,0.504871,0.511979,,,,,,,,,,,,-4.60547,6.98717,0.33573,50,6.97003,1.63863,-110.32323,-2.01983,-5.61783,21.50775,-23.65104,RHO_RAM,RHO_RAM,BillBeckField,TeamExclusive,Team,20260917-BillBeckField-Private-1,4ee65f90-b2a3-11f1-b529-67cfb2a0e891,73.62105,,,7.03802,,,,,,,720cc381-a995-4c95-8441-60f58e197dc2,2026-09-17,14:23:09.08,2026-09-17T10:23:09.0870000-04:00,2026-09-17T14:23:09.0870000Z,,v3,471418,471418,,"Leikus, Danny",1000177456,Right,RHO_RAM,a520b085-4832-4523-b5bf-633b6dad93a0,55.6447,-111.41824,10.75388,7.04221,-0.8157,-11.82552,0.24502,1.92465,-2.80891,,,,,,,,,,,,,,,,,,,,,,,,,,,,,,,,,,,,,,,,,,,,,,,,,,,High,High,High,,,,,,214.550612,25.362995,1066.115791,0.903612,1:15,-0.438314,-0.515368,-0.736394,35.314388,-11.764692,-83.391733,141.538022,-61.00326,0.301518,-0.874647,-0.379577,66.540244,-17.548818,0.874647,-0.301518,0.379577,-66.540244,17.548818,-0.874647,0.301518,0.379577,-141.538022,61.00326,-0.301518,0.874647,-0.379577
23,2026-09-17,10:23:31.41,3,3,"Maloney, Evan",813408,Right,RHO_RAM,"Botti, Aidan",1000396785,Left,RHO_RAM,Undefined,1,Bottom,1,1,1,Fastball,Four-Seam,BallCalled,Undefined,Undefined,Undefined,0,0,,86.98059,-4.882739,-0.944064,2159.26496,196.999504,12:30,7.10889,-0.33107,5.09378,-11.53556,27.25572,7.8863,1.53421,-0.56366,78.55187,-7.131474,0.449916,0.448269,,,,,,,,,,,,-4.23587,15.53591,0.41368,50,6.63864,1.71399,-125.58024,-11.01416,-6.6761,28.52636,-7.68807,RHO_RAM,RHO_RAM,BillBeckField,TeamExclusive,Team,20260917-BillBeckField-Private-1,5c250760-b2a3-11f1-b529-67cfb2a0e891,84.08445,,,8.42872,,,,,,,720cc381-a995-4c95-8441-60f58e197dc2,2026-09-17,14:23:31.41,2026-09-17T10:23:31.4120000-04:00,2026-09-17T14:23:31.4120000Z,,v3,471418,471418,,"Leikus, Danny",1000177456,Right,RHO_RAM,bd88de73-3a5e-40a8-a66f-3a6b497adc2f,55.40372,-126.80179,14.26318,7.10323,-10.68494,-3.84403,0.33416,1.99987,-3.33805,,,,,,,,,,,,,,,,,,,,,,,,,,,,,74.81816,3.28373,1.950771,1.332959,2.97737,1.72831,0.57537,-2.45998,5.99645,0.85063,127.27946,1.30808,-4.22689,-2.35012,107.60267,-7.86017,6.02172,12.76785,-12.25715,0.82594,-5.75489,1.4942,High,High,High,,,High,High,High,204.879738,-1.110717,2158.859242,0.999812,12:45,0.040165,-0.41746,-0.907807,-26.380314,-1.814488,-30.151987,167.487994,5.811694,0.215531,0.101259,-0.971233,5.952073,12.446661,0.101259,0.215531,0.971233,-5.952073,-12.446661,-0.101259,-0.215531,0.971233,-167.487994,-5.811694,-0.215531,-0.101259,-0.971233
24,2026-09-17,10:24:04.80,3,4,"Maloney, Evan",813408,Right,RHO_RAM,"Botti, Aidan",1000396785,Left,RHO_RAM,Undefined,1,Bottom,1,2,1,Fastball,Cutter,InPlay,Undefined,GroundBall,Out,1,0,,87.74531,-4.077349,-0.052672,2098.371805,211.142242,1:00,7.0896,-0.20156,5.22804,-17.92729,19.6769,11.10012,1.75616,0.67393,79.907,-7.429552,1.916053,0.441356,96.05432,-9.381188,19.547816,,,,,11.72083,10.45554,13.93815,0.074466,-5.60575,11.45985,0.19759,50,6.7006,-0.37401,-126.96813,-9.63137,-9.0855,27.73121,-13.60056,RHO_RAM,RHO_RAM,BillBeckField,TeamExclusive,Team,20260917-BillBeckField-Private-1,700141e0-b2a3-11f1-b529-67cfb2a0e891,85.40137,1.71191,,7.83831,,,,1.61101,1.71191,-0.64379,720cc381-a995-4c95-8441-60f58e197dc2,2026-09-17,14:24:04.80,2026-09-17T10:24:04.8080000-04:00,2026-09-17T14:24:04.8080000Z,GroundBall,v3,471418,471418,,"Leikus, Danny",1000177456,Right,RHO_RAM,b46353ae-da02-4187-87ec-4134c148bcfc,55.27086,-128.11418,13.8656,7.08702,-9.0693,-6.80028,0.20529,0.00147,-4.54275,180,1.60926,131.13035,,,,,,,,1.71222,-22.9893,,,,,,,,-0.64442,46.55889,,,,,,,,,,,,,,,,,,,,,,,,,,,,,,High,High,High,High,High,,,,206.665296,0.679359,2098.224302,0.99993,1:00,0.019259,-0.448454,-0.893599,-88.006281,-17.634494,-76.821486,128.267587,79.031991,0.149379,0.981734,-0.117835,83.155662,8.590936,0.981734,0.149379,0.117835,-83.155662,-8.590936,-0.981734,-0.149379,0.117835,-128.267587,-79.031991,-0.149379,-0.981734,-0.117835
25,2026-09-17,10:24:44.23,4,1,"Maloney, Evan",813408,Right,RHO_RAM,"Thompson, Ryan",10108321,Right,RHO_RAM,Undefined,1,Bottom,2,0,0,ChangeUp,Slider,BallCalled,Undefined,Undefined,Undefined,0,0,,79.45057,-2.676518,-1.791035,1490.933957,240.965733,2:00,7.12525,-0.40334,4.81202,-38.84541,7.6889,10.97327,1.34949,-1.18616,72.72291,-9.68999,0.143556,0.490974,,,,,,,,,,,,-5.96941,5.03394,0.57131,50,6.82562,3.13448,-114.99318,-6.77447,-7.93375,22.80217,-25.48361,RHO_RAM,RHO_RAM,BillBeckField,TeamExclusive,Team,20260917-BillBeckField-Private-1,878c2c80-b2a3-11f1-b529-67cfb2a0e891,76.77081,,,6.72766,,,,,,,720cc381-a995-4c95-8441-60f58e197dc2,2026-09-17,14:24:44.23,2026-09-17T10:24:44.2350000-04:00,2026-09-17T14:24:44.2350000Z,,v3,471418,471418,,"Leikus, Danny",1000177456,Right,RHO_RAM,e338007c-3025-4978-bb20-437329bd4bcc,55.68671,-116.11533,11.40109,7.12815,-5.52036,-12.7418,0.40744,3.52492,-3.96687,,,,,,,,,,,,,,,,,,,,,,,,,,,,,,,,,,,,,,,,,,,,,,,,,,,High,High,High,,,,,,216.981528,26.466127,1334.681093,0.895198,1:15,-0.442181,-0.558737,-0.701633,-14.374211,-54.445095,28.871108,100.29083,72.353575,0.298266,0.952945,-0.054155,86.747448,17.353465,0.952945,0.298266,0.054155,-86.747448,-17.353465,-0.952945,-0.298266,0.054155,-100.29083,-72.353575,-0.298266,-0.952945,-0.054155
26,2026-09-17,10:25:06.03,4,2,"Maloney, Evan",813408,Right,RHO_RAM,"Thompson, Ryan",10108321,Right,RHO_RAM,Undefined,1,Bottom,2,1,0,Fastball,Four-Seam,FoulBallNotFieldable,Undefined,Undefined,Undefined,0,0,,87.88106,-3.246334,-1.100889,2024.928211,200.235515,12:45,7.15966,-0.41976,5.01803,-15.13426,22.52789,7.82823,2.83093,-0.80649,79.96886,-6.110542,0.281344,0.441697,,,,,,,,,,,,-4.23941,12.53851,0.51846,50,6.83712,2.0909,-127.23956,-7.69518,-6.91499,27.33895,-11.72225,RHO_RAM,RHO_RAM,BillBeckField,TeamExclusive,Team,20260917-BillBeckField-Private-1,948a9700-b2a3-11f1-b529-67cfb2a0e891,85.33558,,,7.9122,,,,,,,720cc381-a995-4c95-8441-60f58e197dc2,2026-09-17,14:25:06.03,2026-09-17T10:25:06.0380000-04:00,2026-09-17T14:25:06.0380000Z,,v3,471418,471418,,"Leikus, Danny",1000177456,Right,RHO_RAM,2fe14931-c5df-456d-82f0-a69482669054,55.48105,-128.41183,13.66948,7.1563,-7.19254,-5.86113,0.42245,2.38741,-3.4575,,,,,,,,,,,,,,,,,,,,,,,,,,,,,,,,,,,,,,,,,,,,,,,,,,,High,High,High,,,,,,205.094029,1.356893,2024.360398,0.99972,12:45,-0.017027,-0.424647,-0.905199,-32.656001,10.326554,-31.611835,158.252209,8.549045,0.366405,0.148656,-0.918504,9.193364,21.494059,0.148656,0.366405,0.918504,-9.193364,-21.494059,-0.148656,-0.366405,0.918504,-158.252209,-8.549045,-0.366405,-0.148656,-0.918504
27,2026-09-17,10:25:26.96,4,3,"Maloney, Evan",813408,Right,RHO_RAM,"Thompson, Ryan",10108321,Right,RHO_RAM,Undefined,1,Bottom,2,1,1,Fastball,Cutter,FoulBallNotFieldable,Undefined,Undefined,Undefined,0,0,,88.23117,-4.322978,-1.468751,2004.324238,215.413466,1:15,7.07939,-0.50299,5.14932,-18.26792,19.13099,12.65906,1.47813,-0.83113,80.2044,-7.733553,0.772937,0.44015,,,,,,,,,,,,-6.8154,11.25788,0.62993,50,6.66099,2.70499,-127.56301,-10.25361,-11.13255,28.36643,-13.78493,RHO_RAM,RHO_RAM,BillBeckField,TeamExclusive,Team,20260917-BillBeckField-Private-1,a1026c60-b2a3-11f1-b529-67cfb2a0e891,85.63542,,,8.02677,,,,,,,720cc381-a995-4c95-8441-60f58e197dc2,2026-09-17,14:25:26.96,2026-09-17T10:25:26.9670000-04:00,2026-09-17T14:25:26.9670000Z,,v3,471418,471418,,"Leikus, Danny",1000177456,Right,RHO_RAM,01c57bd6-90f8-4830-97e3-90d4af25e0b6,55.34991,-128.74719,14.18322,7.07702,-9.67815,-6.89246,0.50731,3.16972,-5.56627,,,,,,,,,,,,,,,,,,,,,,,,,,,,,,,,,,,,,,,,,,,,,,,,,,,High,High,High,,,,,,209.589713,-3.401524,2000.79312,0.998238,1:00,0.074038,-0.487041,-0.870235,-87.42195,-17.04616,-70.768978,122.845009,75.660405,0.208077,0.968845,-0.134328,82.106424,12.009654,0.968845,0.208077,0.134328,-82.106424,-12.009654,-0.968845,-0.208077,0.134328,-122.845009,-75.660405,-0.208077,-0.968845,-0.134328
28,2026-09-17,10:25:51.02,4,4,"Maloney, Evan",813408,Right,RHO_RAM,"Thompson, Ryan",10108321,Right,RHO_RAM,Undefined,1,Bottom,2,1,2,ChangeUp,Slider,StrikeSwinging,Strikeout,Undefined,Undefined,0,0,,77.10612,-1.363339,-0.749186,1190.274352,226.275923,1:30,7.09322,-0.41397,4.80635,-36.13124,13.49619,12.22591,2.79026,-0.10499,69.9166,-7.969752,1.404105,0.507028,,,,,,,,,,,,-6.22178,7.59626,0.4774,50,6.92714,0.94501,-111.60535,-3.88398,-7.74356,22.56553,-22.71979,RHO_RAM,RHO_RAM,BillBeckField,TeamExclusive,Team,20260917-BillBeckField-Private-1,af65e520-b2a3-11f1-b529-67cfb2a0e891,74.33991,,,7.18951,,,,,,,720cc381-a995-4c95-8441-60f58e197dc2,2026-09-17,14:25:51.02,2026-09-17T10:25:51.0290000-04:00,2026-09-17T14:25:51.0290000Z,,v3,471418,471418,,"Leikus, Danny",1000177456,Right,RHO_RAM,0ba5b3ab-4348-431d-9095-5cb78e8cd745,55.68891,-112.74972,11.28277,7.0949,-2.73178,-11.3599,0.41952,1.33771,-3.87178,,,,,,,,,,,,,,,,,,,,,,,,,,,,,,,,,,,,,,,,,,,,,,,,,,,High,High,High,,,,,,211.320048,20.473099,1115.092472,0.936837,1:00,-0.348518,-0.495169,-0.795829,39.444015,-14.854659,-85.678409,150.73136,-59.554949,0.247734,-0.862116,-0.442023,62.854901,-14.34346,0.862116,-0.247734,0.442023,-62.854901,14.34346,-0.862116,0.247734,0.442023,-150.73136,59.554949,-0.247734,0.862116,-0.442023
29,2026-09-17,10:26:34.69,5,1,"Maloney, Evan",813408,Right,RHO_RAM,"Collado, Joel",822880,Right,RHO_RAM,Undefined,1,Bottom,0,0,0,Fastball,Four-Seam,StrikeCalled,Undefined,Undefined,Undefined,0,0,,87.37228,-2.366629,-0.362754,1993.187017,213.401714,1:00,7.19158,-0.3389,4.91,-16.91627,21.50639,13.27666,3.54262,0.42446,79.04897,-5.558516,1.977201,0.446134,,,,,,,,,,,,-6.62996,11.71757,0.36272,50,6.94712,0.17354,-126.47595,-5.76813,-10.62779,28.29059,-13.39087,RHO_RAM,RHO_RAM,BillBeckField,TeamExclusive,Team,20260917-BillBeckField-Private-1,c956d340-b2a3-11f1-b529-67cfb2a0e891,84.48683,,,8.3233,,,,,,,720cc381-a995-4c95-8441-60f58e197dc2,2026-09-17,14:26:34.69,2026-09-17T10:26:34.6910000-04:00,2026-09-17T14:26:34.6910000Z,,v3,471418,471418,,"Leikus, Danny",1000177456,Right,RHO_RAM,01c0e4eb-3243-40b5-ac7d-35e080f80b0a,55.58598,-127.71933,14.1453,7.18769,-5.17959,-6.69544,0.34483,0.64063,-5.31389,,,,,,,,,,,,,,,,,,,,,,,,,,,,,,,,,,,,,,,,,,,,,,,,,,,High,High,High,,,,,,207.009737,2.670989,1991.021616,0.998914,1:00,-0.033462,-0.455186,-0.889767,-94.457044,-18.805569,-77.190071,114.138918,82.043208,0.126322,0.990373,-0.056609,86.728546,7.257095,0.990373,0.126322,0.056609,-86.728546,-7.257095,-0.990373,-0.126322,0.056609,-114.138918,-82.043208,-0.126322,-0.990373,-0.056609
30,2026-09-17,10:26:56.85,5,2,"Maloney, Evan",813408,Right,RHO_RAM,"Collado, Joel",822880,Right,RHO_RAM,Undefined,1,Bottom,0,0,1,ChangeUp,Slider,BallCalled,Undefined,Undefined,Undefined,0,0,,79.74459,-3.860981,-1.270044,1432.034186,249.30885,2:15,7.03623,-0.41591,4.77712,-39.22238,8.12804,16.37576,0.10125,-0.25539,71.68586,-10.957616,1.618828,0.49526,,,,,,,,,,,,-8.62477,5.9013,0.52745,50,6.61583,1.85989,-115.03506,-9.16236,-11.20524,27.38907,-24.50711,RHO_RAM,RHO_RAM,BillBeckField,TeamExclusive,Team,20260917-BillBeckField-Private-1,d6a336b0-b2a3-11f1-b529-67cfb2a0e891,76.10636,,,8.05874,,,,,,,720cc381-a995-4c95-8441-60f58e197dc2,2026-09-17,14:26:56.85,2026-09-17T10:26:56.8570000-04:00,2026-09-17T14:26:56.8570000Z,,v3,471418,471418,,"Leikus, Danny",1000177456,Right,RHO_RAM,3818aaf0-9dfc-495a-a357-d046c1bf059b,55.72046,-116.3891,13.69453,7.03884,-7.9508,-12.25355,0.42181,2.41384,-5.60262,,,,,,,,,,,,,,,,,,,,,,,,,,,,,,,,,,,,,,,,,,,,,,,,,,,High,High,High,,,,,,217.671189,19.9648,1345.972603,0.939903,1:15,-0.318405,-0.596089,-0.737086,-12.935629,-53.182096,29.868396,93.891814,20.691246,0.933341,0.353332,-0.063495,79.812508,68.961715,0.353332,0.933341,0.063495,-79.812508,-68.961715,-0.353332,-0.933341,0.063495,-93.891814,-20.691246,-0.933341,-0.353332,-0.063495
31,2026-09-17,10:27:22.89,5,3,"Maloney, Evan",813408,Right,RHO_RAM,"Collado, Joel",822880,Right,RHO_RAM,Undefined,1,Bottom,0,1,1,Fastball,Four-Seam,BallCalled,Undefined,Undefined,Undefined,0,0,,87.7418,-4.823759,-1.515672,2138.670563,198.038853,12:30,7.14594,-0.39576,4.98213,-12.77048,25.71604,7.88433,1.51394,-1.17042,78.85576,-7.293352,-0.125056,0.446504,,,,,,,,,,,,-4.37323,14.69379,0.53523,50,6.67032,2.97502,-126.53089,-11.01533,-6.96768,29.96723,-8.76312,RHO_RAM,RHO_RAM,BillBeckField,TeamExclusive,Team,20260917-BillBeckField-Private-1,e6260220-b2a3-11f1-b529-67cfb2a0e891,84.41673,,,8.88604,,,,,,,720cc381-a995-4c95-8441-60f58e197dc2,2026-09-17,14:27:22.89,2026-09-17T10:27:22.8920000-04:00,2026-09-17T14:27:22.8920000Z,,v3,471418,471418,,"Leikus, Danny",1000177456,Right,RHO_RAM,18de16f9-2eb3-42af-a011-bee5450ccc07,55.51247,-127.82978,14.98361,7.13953,-10.6355,-4.38156,0.39973,3.27702,-3.48384,,,,,,,,,,,,,,,,,,,,,,,,,,,,,,,,,,,,,,,,,,,,,,,,,,,High,High,High,,,,,,206.407348,-0.55436,2138.570459,0.999953,1:00,0.023333,-0.44234,-0.896544,-37.976136,8.402055,-25.854277,159.422395,12.754382,0.342803,0.220772,-0.913097,13.592333,20.047755,0.220772,0.342803,0.913097,-13.592333,-20.047755,-0.220772,-0.342803,0.913097,-159.422395,-12.754382,-0.342803,-0.220772,-0.913097
32,2026-09-17,10:27:47.11,5,4,"Maloney, Evan",813408,Right,RHO_RAM,"Collado, Joel",822880,Right,RHO_RAM,Undefined,1,Bottom,0,2,1,Fastball,Four-Seam,InPlay,Undefined,GroundBall,Out,3,0,,87.40648,-3.52523,-0.98393,1993.901356,209.637014,1:00,7.14086,-0.37277,5.11629,-17.39304,20.7934,11.04375,2.3659,-0.37944,79.14975,-6.801276,0.970356,0.44476,67.16766,-41.914208,-66.168641,,,,,3.05132,3.05132,-41.270121,0.035495,-5.80677,11.84103,0.45629,50,6.79605,1.66936,-126.43536,-8.34228,-9.29521,28.45288,-13.21946,RHO_RAM,RHO_RAM,BillBeckField,TeamExclusive,Team,20260917-BillBeckField-Private-1,f48d4b70-b2a3-11f1-b529-67cfb2a0e891,84.74773,2.34457,,8.25673,,,,1.23813,2.34457,0.3764,720cc381-a995-4c95-8441-60f58e197dc2,2026-09-17,14:27:47.11,2026-09-17T10:27:47.1140000-04:00,2026-09-17T14:27:47.1140000Z,GroundBall,v3,471418,471418,,"Leikus, Danny",1000177456,Right,RHO_RAM,864cebd3-a7f6-41cc-88dc-bc32bec0f4a6,55.38089,-127.64053,14.22644,7.13755,-7.78235,-6.60973,0.37724,2.06308,-4.64761,,1.23749,29.73053,,,,,,,,2.34598,-66.05434,,,,,,,,0.37783,-67.30834,,,,,,,,,,,,,,,,,,,,,,,,,,,,,,High,High,High,Estimated,Estimated,,,,209.764275,-1.9489,1992.747993,0.999422,1:00,0.049543,-0.493116,-0.868552,-89.987798,-17.848645,-76.386929,108.747204,77.75854,0.200783,0.977263,-0.068146,86.011156,11.58274,0.977263,0.200783,0.068146,-86.011156,-11.58274,-0.977263,-0.200783,0.068146,-108.747204,-77.75854,-0.200783,-0.977263,-0.068146
33,2026-09-17,10:30:34.36,1,1,"Cullen, Jake",836026,Right,RHO_RAM,"Hindle, Will",1000349009,Right,RHO_RAM,Undefined,2,Top,0,0,0,Fastball,Four-Seam,BallCalled,Undefined,Undefined,Undefined,0,0,,95.16416,-4.722336,-2.826169,2392.078205,205.347333,12:45,6.09875,0.88939,5.96722,-7.30229,24.04698,10.84359,1.09652,-0.82945,85.88465,-6.218261,-0.881226,0.402981,,,,,,,,,,,,-6.39004,14.08194,-0.67103,50,5.71898,6.28628,-137.4882,-11.45763,-12.0896,33.78052,-5.53185,RHO_RAM,RHO_RAM,BillBeckField,TeamExclusive,Team,20260917-BillBeckField-Private-1,5834ec00-b2a4-11f1-b529-67cfb2a0e891,93.53392,,,9.27951,,,,,,,720cc381-a995-4c95-8441-60f58e197dc2,2026-09-17,14:30:34.36,2026-09-17T10:30:34.3650000-04:00,2026-09-17T14:30:34.3650000Z,,v3,471418,471418,,"Collado, Joel",822880,Right,RHO_RAM,b7eb5091-078c-41c8-8ec2-59e6fedc143d,54.52905,-138.59651,16.89026,6.09192,-11.27613,-2.76592,-0.88378,6.68293,-6.0448,,,,,,,,,,,,,,,,,,,,,,,,,,,,,,,,,,,,,,,,,,,,,,,,,,,High,High,High,,,,,,209.947018,-3.136626,2388.494626,0.998502,1:00,0.052792,-0.492254,-0.868849,-12.028693,27.0065,57.009021,176.9947,-6.177929,0.052124,-0.107616,-0.992825,6.186371,-2.987831,0.107616,-0.052124,0.992825,-6.186371,2.987831,-0.107616,0.052124,0.992825,-176.9947,6.177929,-0.052124,0.107616,-0.992825
34,2026-09-17,10:30:50.78,1,2,"Cullen, Jake",836026,Right,RHO_RAM,"Hindle, Will",1000349009,Right,RHO_RAM,Undefined,2,Top,0,1,0,Fastball,Four-Seam,StrikeCalled,Undefined,Undefined,Undefined,0,0,,94.41222,-3.007672,-2.79084,2394.568815,203.093038,12:45,6.09776,0.82323,6.06146,-6.43847,25.32328,10.28662,2.77166,-0.9046,84.72374,-4.370235,-0.942437,0.405624,,,,,,,,,,,,-6.13851,14.26595,-0.61158,50,5.86,6.18736,-136.62318,-7.2119,-11.40997,34.75954,-5.65716,RHO_RAM,RHO_RAM,BillBeckField,TeamExclusive,Team,20260917-BillBeckField-Private-1,61f71740-b2a4-11f1-b529-67cfb2a0e891,92.92457,,,9.68848,,,,,,,720cc381-a995-4c95-8441-60f58e197dc2,2026-09-17,14:30:50.78,2026-09-17T10:30:50.7850000-04:00,2026-09-17T14:30:50.7850000Z,,v3,471418,471418,,"Collado, Joel",822880,Right,RHO_RAM,a16a9235-2de8-4e42-a73a-9f0f376ae1c3,54.4335,-137.74653,17.37977,6.09012,-7.02908,-2.82858,-0.8175,6.5561,-5.70499,,,,,,,,,,,,,,,,,,,,,,,,,,,,,,,,,,,,,,,,,,,,,,,,,,,High,High,High,,,,,,208.86648,3.632826,2389.757146,0.997991,1:00,-0.080505,-0.484461,-0.871101,-22.955864,21.598942,28.354999,177.658769,0.099364,0.040851,0.001734,-0.999164,0.099447,2.341228,0.001734,0.040851,0.999164,-0.099447,-2.341228,-0.001734,-0.040851,0.999164,-177.658769,-0.099364,-0.040851,-0.001734,-0.999164
35,2026-09-17,10:31:08.54,1,3,"Cullen, Jake",836026,Right,RHO_RAM,"Hindle, Will",1000349009,Right,RHO_RAM,Undefined,2,Top,0,1,1,Fastball,Four-Seam,InPlay,Undefined,FlyBall,Out,1,0,,94.27367,-3.235083,-1.531505,2408.56457,205.958635,12:45,6.12939,0.84035,5.8758,-7.9663,24.15631,11.16012,2.45661,0.34761,84.48558,-4.868082,0.46968,0.407922,92.7755,28.557581,-19.215417,2504.937249,103.71658,55.7098,-36.6452,361.12439,354.86736,-19.557119,4.876804,-6.24083,13.81292,-0.72313,50,5.86329,3.14587,-136.47261,-7.84152,-11.5328,35.67614,-6.64836,RHO_RAM,RHO_RAM,BillBeckField,TeamExclusive,Team,20260917-BillBeckField-Private-1,6c9bb340-b2a4-11f1-b529-67cfb2a0e891,92.40116,76.48075,,9.78809,,,,1.63765,2.45261,-0.32806,720cc381-a995-4c95-8441-60f58e197dc2,2026-09-17,14:31:08.54,2026-09-17T10:31:08.5490000-04:00,2026-09-17T14:31:08.5490000Z,FlyBall,v3,471418,471418,,"Collado, Joel",822880,Right,RHO_RAM,917cff38-5c40-46e4-80f1-eb5cf68bc9db,54.62158,-137.67546,17.83807,6.12389,-7.61736,-3.32418,-0.83575,3.53471,-5.7664,175.795211,1.63924,112.82427,-21.55304,5.30218,-0.99811,0.14422,-0.01698,0.00169,-9E-05,2.45272,65.04016,-14.32201,-0.5715,0.54602,-0.21632,0.05319,-0.00697,0.00036,-0.32852,-39.32622,6.48045,-1.36896,0.22809,-0.03217,0.00496,-0.00069,4E-05,,,,,,,,,,,,,,,,,,,,,,,High,High,High,High,High,,,,211.297824,-4.858317,2399.911015,0.996407,1:00,0.090972,-0.512016,-0.854145,-15.211424,23.531647,47.94856,177.184031,-9.057016,0.048516,-0.157417,-0.98634,9.067784,-2.780832,0.157417,-0.048516,0.98634,-9.067784,2.780832,-0.157417,0.048516,0.98634,-177.184031,9.057016,-0.048516,0.157417,-0.98634
36,2026-09-17,10:31:42.83,2,1,"Cullen, Jake",836026,Right,RHO_RAM,"Tolentino, Jayden",10302781,Right,RHO_RAM,Undefined,2,Top,1,0,0,Fastball,Four-Seam,StrikeCalled,Undefined,Undefined,Undefined,0,0,,95.61203,-3.61488,-2.343994,2414.445742,207.629276,1:00,6.03335,0.86723,5.94031,-8.7252,22.4258,11.11875,1.94567,-0.38181,85.83195,-5.375563,-0.349041,0.401705,,,,,,,,,,,,-6.46272,13.01603,-0.68653,50,5.73983,5.15209,-138.31623,-8.90561,-12.29519,36.01937,-7.41141,RHO_RAM,RHO_RAM,BillBeckField,TeamExclusive,Team,20260917-BillBeckField-Private-1,812d5b10-b2a4-11f1-b529-67cfb2a0e891,93.83111,,,9.78008,,,,,,,720cc381-a995-4c95-8441-60f58e197dc2,2026-09-17,14:31:42.83,2026-09-17T10:31:42.8330000-04:00,2026-09-17T14:31:42.8330000Z,,v3,471418,471418,,"Collado, Joel",822880,Right,RHO_RAM,dfffb93a-6609-497c-a11a-a14711427601,54.55649,-139.49776,18.00969,6.02797,-8.6625,-3.70571,-0.86214,5.55541,-6.1476,,,,,,,,,,,,,,,,,,,,,,,,,,,,,,,,,,,,,,,,,,,,,,,,,,,High,High,High,,,,,,213.013959,-2.089498,2412.840361,0.999335,1:00,0.036386,-0.541099,-0.840171,-18.269842,30.657301,51.865248,175.323982,-3.081435,0.081403,-0.053755,-0.995231,3.091706,-4.669242,0.053755,-0.081403,0.995231,-3.091706,4.669242,-0.053755,0.081403,0.995231,-175.323982,3.081435,-0.081403,0.053755,-0.995231
37,2026-09-17,10:31:59.57,2,2,"Cullen, Jake",836026,Right,RHO_RAM,"Tolentino, Jayden",10302781,Right,RHO_RAM,Undefined,2,Top,1,0,1,Fastball,Changeup,BallCalled,Undefined,Undefined,Undefined,0,0,,90.97857,-0.606125,-1.352183,1657.972564,218.965365,1:15,6.15118,1.07991,5.84606,-16.88292,17.42363,13.08426,4.18083,0.91347,81.82946,-3.847293,0.993769,0.421561,,,,,,,,,,,,-7.01989,9.40993,-0.97709,50,6.09199,2.51581,-131.89603,-1.88166,-12.17833,32.02771,-15.84939,RHO_RAM,RHO_RAM,BillBeckField,TeamExclusive,Team,20260917-BillBeckField-Private-1,8b0160a0-b2a4-11f1-b529-67cfb2a0e891,89.41169,,,9.14911,,,,,,,720cc381-a995-4c95-8441-60f58e197dc2,2026-09-17,14:31:59.57,2026-09-17T10:31:59.5790000-04:00,2026-09-17T14:31:59.5790000Z,,v3,471418,471418,,"Collado, Joel",822880,Right,RHO_RAM,b04b0de9-d72a-4d85-aeff-7ece6ebf2431,54.64819,-133.01994,16.01386,6.14826,-1.32548,-7.9247,-1.07287,2.94317,-6.08917,,,,,,,,,,,,,,,,,,,,,,,,,,,,,,,,,,,,,,,,,,,,,,,,,,,High,High,High,,,,,,216.671508,-9.126413,1636.983946,0.987341,1:15,0.146109,-0.587955,-0.795589,-92.853737,35.158735,43.708362,156.331673,58.04889,0.212441,0.8485,-0.484682,60.264035,12.265441,0.8485,0.212441,0.484682,-60.264035,-12.265441,-0.8485,-0.212441,0.484682,-156.331673,-58.04889,-0.212441,-0.8485,-0.484682
38,2026-09-17,10:32:17.65,2,3,"Cullen, Jake",836026,Right,RHO_RAM,"Tolentino, Jayden",10302781,Right,RHO_RAM,Undefined,2,Top,1,1,1,ChangeUp,Changeup,BallCalled,Undefined,Undefined,Undefined,0,0,,89.68198,-0.490949,-2.017061,1644.111704,222.714514,1:30,6.11621,0.92189,5.80312,-18.58895,16.57584,14.183,4.11024,0.22709,81.14125,-4.027733,0.522865,0.426801,,,,,,,,,,,,-7.77937,8.93615,-0.76444,50,6.06488,3.95126,-130.07096,-1.67645,-13.20702,29.58302,-17.00317,RHO_RAM,RHO_RAM,BillBeckField,TeamExclusive,Team,20260917-BillBeckField-Private-1,95cf2f80-b2a4-11f1-b529-67cfb2a0e891,88.31383,,,8.54073,,,,,,,720cc381-a995-4c95-8441-60f58e197dc2,2026-09-17,14:32:17.65,2026-09-17T10:32:17.6590000-04:00,2026-09-17T14:32:17.6590000Z,,v3,471418,471418,,"Collado, Joel",822880,Right,RHO_RAM,f7da9676-6b8f-498f-839f-b357e244075a,54.69318,-131.13402,14.79151,6.11414,-1.06544,-8.50158,-0.91495,4.42586,-6.60351,,,,,,,,,,,,,,,,,,,,,,,,,,,,,,,,,,,,,,,,,,,,,,,,,,,High,High,High,,,,,,216.669731,-6.007463,1635.082688,0.994508,1:15,0.081599,-0.593003,-0.801055,-92.829386,41.395891,49.544123,150.243218,62.283488,0.230837,0.88526,-0.40377,65.482131,13.346337,0.88526,0.230837,0.40377,-65.482131,-13.346337,-0.88526,-0.230837,0.40377,-150.243218,-62.283488,-0.230837,-0.88526,-0.40377
39,2026-09-17,10:32:35.25,2,4,"Cullen, Jake",836026,Right,RHO_RAM,"Tolentino, Jayden",10302781,Right,RHO_RAM,Undefined,2,Top,1,2,1,Fastball,Four-Seam,BallCalled,Undefined,Undefined,Undefined,0,0,,93.64444,-5.101694,-2.34702,2363.232285,205.403672,12:45,6.09472,0.7453,6.04431,-7.75457,24.56997,11.09595,0.70871,-0.50419,84.4869,-6.684033,-0.352722,0.409202,,,,,,,,,,,,-6.50713,14.68024,-0.56855,50,5.69208,5.07034,-135.32056,-12.21208,-11.89597,33.40805,-5.33645,RHO_RAM,RHO_RAM,BillBeckField,TeamExclusive,Team,20260917-BillBeckField-Private-1,a03c19b0-b2a4-11f1-b529-67cfb2a0e891,92.11212,,,9.15754,,,,,,,720cc381-a995-4c95-8441-60f58e197dc2,2026-09-17,14:32:35.25,2026-09-17T10:32:35.2540000-04:00,2026-09-17T14:32:35.2540000Z,,v3,471418,471418,,"Collado, Joel",822880,Right,RHO_RAM,0d678aa7-c27a-47da-9dd7-0f45b9675ea8,54.45483,-136.41593,16.70403,6.08962,-12.03711,-2.66823,-0.74118,5.46039,-5.94799,,,,,,,,,,,,,,,,,,,,,,,,,,,,,,,,,,,,,,,,,,,,,,,,,,,High,High,High,,,,,,209.096806,-5.42451,2352.648823,0.995522,1:00,0.10147,-0.473785,-0.874775,-11.076405,20.081313,50.431175,178.926439,-11.281882,0.018374,-0.195636,-0.980504,11.283812,-1.052813,0.195636,-0.018374,0.980504,-11.283812,1.052813,-0.195636,0.018374,0.980504,-178.926439,11.281882,-0.018374,0.195636,-0.980504
40,2026-09-17,10:32:55.75,2,5,"Cullen, Jake",836026,Right,RHO_RAM,"Tolentino, Jayden",10302781,Right,RHO_RAM,Undefined,2,Top,1,3,1,Fastball,Four-Seam,StrikeCalled,Undefined,Undefined,Undefined,0,0,,93.81452,-4.417533,-2.443111,2430.421342,206.269673,1:00,6.05585,1.01615,5.75075,-6.34402,26.44344,12.40713,1.40276,-0.22572,83.84809,-5.765846,-0.225789,0.412121,,,,,,,,,,,,-7.17189,15.36332,-0.82105,50,5.68481,5.21493,-135.49002,-10.52631,-13.03524,35.74154,-4.25052,RHO_RAM,RHO_RAM,BillBeckField,TeamExclusive,Team,20260917-BillBeckField-Private-1,ac7649d0-b2a4-11f1-b529-67cfb2a0e891,91.45953,,,9.96644,,,,,,,720cc381-a995-4c95-8441-60f58e197dc2,2026-09-17,14:32:55.75,2026-09-17T10:32:55.7500000-04:00,2026-09-17T14:32:55.7500000Z,,v3,471418,471418,,"Collado, Joel",822880,Right,RHO_RAM,a6e5a63b-76a2-4c58-98bc-8c359ba04bfd,54.74651,-136.73639,17.87077,6.0493,-10.37809,-2.12526,-1.01082,5.66949,-6.51762,,,,,,,,,,,,,,,,,,,,,,,,,,,,,,,,,,,,,,,,,,,,,,,,,,,High,High,High,,,,,,212.539998,-2.794748,2427.530626,0.998811,1:00,0.05402,-0.531897,-0.845084,-9.672023,35.399626,73.847651,175.131819,-1.898662,0.084817,-0.033132,-0.995846,1.905531,-4.865502,0.033132,-0.084817,0.995846,-1.905531,4.865502,-0.033132,0.084817,0.995846,-175.131819,1.898662,-0.084817,0.033132,-0.995846
41,2026-09-17,10:33:16.46,2,6,"Cullen, Jake",836026,Right,RHO_RAM,"Tolentino, Jayden",10302781,Right,RHO_RAM,Undefined,2,Top,1,3,2,Fastball,Four-Seam,StrikeSwinging,Strikeout,Undefined,Undefined,1,0,,93.48877,-4.487885,-2.21264,2400.0556,204.245099,12:45,6.03253,0.71715,5.8572,-6.81158,25.91064,11.10493,1.28357,-0.41421,83.98502,-5.910569,-0.223606,0.411711,,,,,,,,,,,,-6.42473,15.10335,-0.54415,50,5.66375,4.72579,-135.12188,-10.68755,-11.671,34.2309,-4.73773,RHO_RAM,RHO_RAM,BillBeckField,TeamExclusive,Team,20260917-BillBeckField-Private-1,b8d82630-b2a4-11f1-b529-67cfb2a0e891,91.55065,,,9.50375,,,,,,,720cc381-a995-4c95-8441-60f58e197dc2,2026-09-17,14:33:16.46,2026-09-17T10:33:16.4610000-04:00,2026-09-17T14:33:16.4610000Z,,v3,471418,471418,,"Collado, Joel",822880,Right,RHO_RAM,04e83f8b-29fd-4ae9-a835-6825ba2ba64e,54.64075,-136.29247,17.11545,6.02646,-10.52554,-2.36886,-0.71259,5.1249,-5.8355,,,,,,,,,,,,,,,,,,,,,,,,,,,,,67.29475,2.918421,1.900134,1.018286,3.88971,1.53753,0.40257,-0.0803,4.69328,-0.68095,78.41687,7.54373,-46.36246,-0.06585,80.87227,-3.72633,4.75227,18.40232,-15.36001,-0.76765,-52.05095,7.11778,High,High,High,,,High,High,High,207.500748,-4.54774,2392.499299,0.996852,1:00,0.080841,-0.452691,-0.887995,-9.844503,26.303137,62.256478,176.078024,-6.599857,0.067945,-0.114935,-0.991047,6.615212,-3.895945,0.114935,-0.067945,0.991047,-6.615212,3.895945,-0.114935,0.067945,0.991047,-176.078024,6.599857,-0.067945,0.114935,-0.991047
42,2026-09-17,10:33:45.80,3,1,"Cullen, Jake",836026,Right,RHO_RAM,"Maceda, Derek",10321092,Left,RHO_RAM,Undefined,2,Top,0,0,0,ChangeUp,Changeup,StrikeCalled,Undefined,Undefined,Undefined,0,0,,89.69738,-0.927802,-2.585396,1644.401268,224.41794,1:30,6.1242,1.04055,5.73966,-18.85273,16.40536,14.87792,3.68826,-0.12864,81.18945,-4.505189,0.074671,0.427367,,,,,,,,,,,,-8.27918,8.96343,-0.83418,50,6.03549,5.20505,-130.02278,-2.68769,-14.05199,29.43746,-16.96066,RHO_RAM,RHO_RAM,BillBeckField,TeamExclusive,Team,20260917-BillBeckField-Private-1,ca4c8870-b2a4-11f1-b529-67cfb2a0e891,88.19693,,,8.50794,,,,,,,720cc381-a995-4c95-8441-60f58e197dc2,2026-09-17,14:33:45.80,2026-09-17T10:33:45.8020000-04:00,2026-09-17T14:33:45.8020000Z,,v3,471418,471418,,"Collado, Joel",822880,Right,RHO_RAM,18420a74-1a6c-4c4f-b0e7-a87f13b8f2d7,54.75671,-131.09529,14.71873,6.12216,-2.06976,-8.48033,-1.03314,5.71701,-7.026,,,,,,,,,,,,,,,,,,,,,,,,,,,,,,,,,,,,,,,,,,,,,,,,,,,High,High,High,,,,,,216.334542,-10.182858,1618.499557,0.984249,1:15,0.150255,-0.580227,-0.800475,-94.936445,39.919273,54.130749,150.249539,63.616572,0.22051,0.89584,-0.385805,66.700258,12.738981,0.89584,0.22051,0.385805,-66.700258,-12.738981,-0.89584,-0.22051,0.385805,-150.249539,-63.616572,-0.22051,-0.89584,-0.385805
43,2026-09-17,10:34:00.62,3,2,"Cullen, Jake",836026,Right,RHO_RAM,"Maceda, Derek",10321092,Left,RHO_RAM,Undefined,2,Top,0,0,1,Fastball,Four-Seam,StrikeCalled,Undefined,Undefined,Undefined,0,0,,94.83748,-3.918888,-2.244623,2398.521451,205.11978,12:45,6.09194,0.75423,5.93204,-6.64646,24.91092,11.13284,1.8937,-0.40163,85.449,-5.303439,-0.247723,0.404317,,,,,,,,,,,,-6.41118,14.33851,-0.5812,50,5.77466,4.87436,-137.22052,-9.47503,-12.05697,34.24066,-5.20883,RHO_RAM,RHO_RAM,BillBeckField,TeamExclusive,Team,20260917-BillBeckField-Private-1,d3240590-b2a4-11f1-b529-67cfb2a0e891,93.22497,,,9.38848,,,,,,,720cc381-a995-4c95-8441-60f58e197dc2,2026-09-17,14:34:00.62,2026-09-17T10:34:00.6210000-04:00,2026-09-17T14:34:00.6210000Z,,v3,471418,471418,,"Collado, Joel",822880,Right,RHO_RAM,eff4344f-e328-4220-badf-78b1e43cb8ac,54.56556,-138.35508,17.12033,6.08575,-9.30244,-2.60441,-0.74932,5.27386,-6.02848,,,,,,,,,,,,,,,,,,,,,,,,,,,,,,,,,,,,,,,,,,,,,,,,,,,High,High,High,,,,,,211.402718,-2.015837,2397.037107,0.999381,1:00,0.037219,-0.517106,-0.855112,-19.905327,28.105004,49.812362,175.67215,-1.385691,0.075441,-0.024183,-0.996857,1.389652,-4.326582,0.024183,-0.075441,0.996857,-1.389652,4.326582,-0.024183,0.075441,0.996857,-175.67215,1.385691,-0.075441,0.024183,-0.996857
44,2026-09-17,10:34:14.98,3,3,"Cullen, Jake",836026,Right,RHO_RAM,"Maceda, Derek",10321092,Left,RHO_RAM,Undefined,2,Top,0,0,2,ChangeUp,Changeup,BallCalled,Undefined,Undefined,Undefined,0,0,,90.36696,-0.894532,-2.706027,1715.927092,226.14704,1:30,6.14771,0.9328,5.76279,-19.50958,15.25202,14.60619,3.68834,-0.37051,81.68605,-4.590415,-0.093642,0.424347,,,,,,,,,,,,-8.20741,8.38189,-0.71725,50,6.06187,5.53508,-130.97154,-2.66142,-14.11149,30.28048,-17.76254,RHO_RAM,RHO_RAM,BillBeckField,TeamExclusive,Team,20260917-BillBeckField-Private-1,dbb9e5d0-b2a4-11f1-b529-67cfb2a0e891,88.82458,,,8.68091,,,,,,,720cc381-a995-4c95-8441-60f58e197dc2,2026-09-17,14:34:14.98,2026-09-17T10:34:14.9840000-04:00,2026-09-17T14:34:14.9840000Z,,v3,471418,471418,,"Collado, Joel",822880,Right,RHO_RAM,04ca5c30-eab0-4511-8441-b6a99eae5886,54.73367,-132.06142,15.14024,6.14616,-2.02209,-8.88127,-0.92562,6.04299,-7.05574,,,,,,,,,,,,,,,,,,,,,,,,,,,,,,,,,,,,,,,,,,,,,,,,,,,High,High,High,,,,,,216.819618,-6.731816,1704.096991,0.993106,1:15,0.088825,-0.593263,-0.800093,-100.430102,40.105527,48.551114,143.370324,68.349266,0.220129,0.92945,-0.296084,72.330311,12.716621,0.92945,0.220129,0.296084,-72.330311,-12.716621,-0.92945,-0.220129,0.296084,-143.370324,-68.349266,-0.220129,-0.92945,-0.296084
45,2026-09-17,10:34:30.28,3,4,"Cullen, Jake",836026,Right,RHO_RAM,"Maceda, Derek",10321092,Left,RHO_RAM,Undefined,2,Top,0,1,2,Fastball,Four-Seam,StrikeSwinging,Strikeout,Undefined,Undefined,1,0,,96.36221,-3.760597,-1.509704,2481.808827,198.252953,12:30,6.16112,0.79992,5.81306,-4.03406,26.71033,8.42831,2.32186,0.09814,86.57658,-4.676378,-0.000704,0.399075,,,,,,,,,,,,-4.77067,15.14024,-0.68121,50,5.85026,3.27726,-139.43655,-9.11737,-9.24328,35.9931,-2.83936,RHO_RAM,RHO_RAM,BillBeckField,TeamExclusive,Team,20260917-BillBeckField-Private-1,e4d040b0-b2a4-11f1-b529-67cfb2a0e891,94.44958,,,9.78563,,,,,,,720cc381-a995-4c95-8441-60f58e197dc2,2026-09-17,14:34:30.28,2026-09-17T10:34:30.2860000-04:00,2026-09-17T14:34:30.2860000Z,,v3,471418,471418,,"Collado, Joel",822880,Right,RHO_RAM,7b26eee0-48c3-45aa-a05b-cee68f51aee2,54.68361,-140.64035,17.99655,6.1536,-9.02241,-1.41968,-0.79599,3.5864,-4.62164,,,,,,,,,,,,,,,,,,,,,,,,,,,,,,,,,,,,,,,,,,,,,,,,,,,High,High,High,,,,,,210.056822,-2.459588,2479.522432,0.999079,1:00,0.052834,-0.496505,-0.866424,-16.633531,28.873482,53.534526,174.451553,-3.222536,0.096534,-0.056214,-0.993741,3.237673,-5.539646,0.056214,-0.096534,0.993741,-3.237673,5.539646,-0.056214,0.096534,0.993741,-174.451553,3.222536,-0.096534,0.056214,-0.993741
46,2026-09-17,10:35:19.82,4,1,"Cullen, Jake",836026,Right,RHO_RAM,"Grotyohann, Connor",1000242930,Right,RHO_RAM,Undefined,2,Top,2,0,0,ChangeUp,Changeup,BallCalled,Undefined,Undefined,Undefined,0,0,,88.5453,-0.571714,-1.002373,1643.408725,224.575806,1:30,6.14347,1.11122,5.71551,-19.55162,16.67151,15.18296,3.98148,1.44259,80.06525,-4.28132,1.713774,0.433176,,,,,,,,,,,,-7.96398,9.00241,-1.03661,50,6.08374,1.57606,-128.44226,-1.87987,-13.16044,29.28538,-17.29763,RHO_RAM,RHO_RAM,BillBeckField,TeamExclusive,Team,20260917-BillBeckField-Private-1,0283dc20-b2a5-11f1-b529-67cfb2a0e891,87.01413,,,8.48005,,,,,,,720cc381-a995-4c95-8441-60f58e197dc2,2026-09-17,14:35:19.82,2026-09-17T10:35:19.8280000-04:00,2026-09-17T14:35:19.8280000Z,,v3,471418,471418,,"Collado, Joel",822880,Right,RHO_RAM,9d589094-5e1b-47c7-9c2c-e66bc023f409,54.78072,-129.52769,14.64269,6.14154,-1.23875,-8.64882,-1.10407,2.06384,-6.58022,,,,,,,,,,,,,,,,,,,,,,,,,,,,,78.89737,2.063334,0.818534,1.2448,-1.50277,3.75665,-1.53373,-0.84001,5.71223,0.0073,127.27941,0.06137,5.19365,-0.74806,114.06249,-9.09801,5.74076,11.29503,-12.77049,-0.05232,-0.68877,3.99641,High,High,High,,,High,High,High,221.07577,-8.071387,1627.128953,0.990094,1:15,0.133812,-0.649114,-0.748829,-107.968738,30.864556,39.407801,159.059177,70.559131,0.118956,0.942985,-0.31085,71.755469,6.831854,0.942985,0.118956,0.31085,-71.755469,-6.831854,-0.942985,-0.118956,0.31085,-159.059177,-70.559131,-0.118956,-0.942985,-0.31085
47,2026-09-17,10:36:00.26,4,2,"Cullen, Jake",836026,Right,RHO_RAM,"Grotyohann, Connor",1000242930,Right,RHO_RAM,Undefined,2,Top,2,1,0,Fastball,Four-Seam,StrikeCalled,Undefined,Undefined,Undefined,0,0,,92.92623,-3.699021,-1.623967,2325.142083,200.726032,12:45,6.12251,1.01328,5.79983,-8.005,25.18415,9.04453,2.00881,0.25615,83.30319,-5.341103,-0.004754,0.414638,,,,,,,,,,,,-5.14138,14.42162,-0.88526,50,5.81358,3.3991,-134.40994,-8.80595,-9.22327,34.39717,-6.30271,RHO_RAM,RHO_RAM,BillBeckField,TeamExclusive,Team,20260917-BillBeckField-Private-1,1a706ec0-b2a5-11f1-b529-67cfb2a0e891,90.90437,,,9.62305,,,,,,,720cc381-a995-4c95-8441-60f58e197dc2,2026-09-17,14:36:00.26,2026-09-17T10:36:00.2640000-04:00,2026-09-17T14:36:00.2640000Z,,v3,471418,471418,,"Collado, Joel",822880,Right,RHO_RAM,581d162b-3071-46ad-b9d8-4bc7a93717d9,54.69629,-135.60645,17.19859,6.11608,-8.58671,-3.15136,-1.00908,3.71993,-4.61163,,,,,,,,,,,,,,,,,,,,,,,,,,,,,,,,,,,,,,,,,,,,,,,,,,,High,High,High,,,,,,210.65877,-7.100514,2307.310169,0.992331,1:00,0.131744,-0.496984,-0.8577,-17.973988,21.732547,50.0219,177.557762,-6.916244,0.042302,-0.120418,-0.991822,6.922471,-2.424456,0.120418,-0.042302,0.991822,-6.922471,2.424456,-0.120418,0.042302,0.991822,-177.557762,6.916244,-0.042302,0.120418,-0.991822
48,2026-09-17,10:36:20.55,4,3,"Cullen, Jake",836026,Right,RHO_RAM,"Grotyohann, Connor",1000242930,Right,RHO_RAM,Undefined,2,Top,2,1,1,ChangeUp,Changeup,FoulBallNotFieldable,Undefined,Undefined,Undefined,0,0,,88.02802,-1.855418,-2.517725,1629.253173,227.073681,1:30,6.07595,1.04039,5.78163,-22.43517,14.20733,13.88107,2.47778,-0.14689,79.71061,-6.075257,-0.03258,0.435676,,,,,,,,,,,,-7.83095,8.19233,-0.84097,50,5.90941,5.01239,-127.55792,-4.84834,-12.76103,28.92147,-18.82416,RHO_RAM,RHO_RAM,BillBeckField,TeamExclusive,Team,20260917-BillBeckField-Private-1,268e8b60-b2a5-11f1-b529-67cfb2a0e891,86.51475,,,8.31742,,,,,,,720cc381-a995-4c95-8441-60f58e197dc2,2026-09-17,14:36:20.55,2026-09-17T10:36:20.5500000-04:00,2026-09-17T14:36:20.5500000Z,,v3,471418,471418,,"Collado, Joel",822880,Right,RHO_RAM,f6b09834-286e-413d-9174-2784e9650a38,54.71554,-128.62264,14.46074,6.07514,-4.15534,-9.41208,-1.03414,5.48217,-6.38052,,,,,,,,,,,,,,,,,,,,,,,,,,,,,,,,,,,,,,,,,,,,,,,,,,,High,High,High,,,,,,220.596109,-10.994486,1599.349114,0.981646,1:15,0.178349,-0.632269,-0.753941,-88.34769,33.784945,42.29065,163.995188,50.60289,0.174996,0.772766,-0.61009,51.709295,10.078421,0.772766,0.174996,0.61009,-51.709295,-10.078421,-0.772766,-0.174996,0.61009,-163.995188,-50.60289,-0.174996,-0.772766,-0.61009
49,2026-09-17,10:36:58.44,4,4,"Cullen, Jake",836026,Right,RHO_RAM,"Grotyohann, Connor",1000242930,Right,RHO_RAM,Undefined,2,Top,2,1,2,ChangeUp,Changeup,StrikeCalled,Strikeout,Undefined,Undefined,0,0,,88.69948,-2.675221,-3.522498,1734.074621,231.556228,1:45,6.08345,1.20511,5.84844,-22.82635,13.12701,14.97556,1.68879,-0.82433,80.67784,-6.949202,-0.840965,0.43156,,,,,,,,,,,,-8.65937,7.86953,-0.92697,50,5.85211,7.26119,-128.41265,-6.74526,-14.36396,28.22555,-19.12026,RHO_RAM,RHO_RAM,BillBeckField,TeamExclusive,Team,20260917-BillBeckField-Private-1,3d2b4570-b2a5-11f1-b529-67cfb2a0e891,87.33993,,,8.02164,,,,,,,720cc381-a995-4c95-8441-60f58e197dc2,2026-09-17,14:36:58.44,2026-09-17T10:36:58.4480000-04:00,2026-09-17T14:36:58.4480000Z,,v3,471418,471418,,"Collado, Joel",822880,Right,RHO_RAM,ff28d055-0d99-4ee3-b296-10915c4d6e47,54.64925,-129.43053,14.11278,6.08292,-6.05573,-9.56013,-1.19817,7.77919,-7.18198,,,,,,,,,,,,,,,,,,,,,,,,,,,,,,,,,,,,,,,,,,,,,,,,,,,High,High,High,,,,,,223.235349,-11.994358,1696.216421,0.978168,1:30,0.194626,-0.659612,-0.72597,-93.309059,34.252075,49.966751,169.792653,57.72264,0.094634,0.845473,-0.525566,58.13392,5.430248,0.845473,0.094634,0.525566,-58.13392,-5.430248,-0.845473,-0.094634,0.525566,-169.792653,-57.72264,-0.094634,-0.845473,-0.525566
50,2026-09-17,10:38:46.22,1,1,"Cullen, Jake",836026,Right,RHO_RAM,"Asencio, Dorsy",1000149796,Right,RHO_RAM,Undefined,3,Top,0,0,0,Undefined,Slider,Undefined,Undefined,Undefined,Undefined,0,0,,78.60965,0.374984,3.648292,2447.79009,188.840459,12:15,5.88891,-2.09244,3.91265,-37.89927,11.12753,1.48036,3.0925,1.5491,71.74438,-6.413425,3.903524,0.503951,,,,,,,,,,,,0.33079,5.6615,1.67017,50,5.89008,-7.30957,-113.57036,-0.73889,0.43122,21.1565,-24.79327,RHO_RAM,RHO_RAM,BillBeckField,TeamExclusive,Team,20260917-BillBeckField-Private-1,7d705da0-b2a5-11f1-b529-67cfb2a0e891,74.79389,,,6.86527,,,,,,,720cc381-a995-4c95-8441-60f58e197dc2,2026-09-17,14:38:46.22,2026-09-17T10:38:46.2250000-04:00,2026-09-17T14:38:46.2250000Z,,v3,471418,471418,,"Collado, Joel",822880,Right,RHO_RAM,f12d4a84-ec95-4b12-9616-f079675bbb60,56.58386,-114.79028,10.57825,5.89146,0.69074,-12.39664,2.09238,-7.33444,0.21561,,,,,,,,,,,,,,,,,,,,,,,,,,,,,,,,,,,,,,,,,,,,,,,,,,,High,High,High,,,,,,133.434057,-67.421917,939.809772,0.383942,10:30,0.940084,0.272757,-0.204563,-108.479553,-21.325185,-56.294685,179.207592,-11.532131,0.013551,-0.199917,-0.979719,11.533205,-0.776411,0.199917,-0.013551,0.979719,-11.533205,0.776411,-0.199917,0.013551,0.979719,-179.207592,11.532131,-0.013551,0.199917,-0.979719
51,2026-09-17,10:39:29.23,1,1,"Maloney, Evan",813408,Right,RHO_RAM,"Haughton, James",1000175676,Left,RHO_RAM,Undefined,2,Bottom,0,0,0,Undefined,Changeup,Undefined,Undefined,Undefined,Undefined,0,0,,83.47309,-1.296783,2.61244,2348.402025,125.074733,10:15,5.95847,-2.04451,4.2151,-27.32175,15.93954,-20.47344,2.43816,-1.24682,75.45906,-6.287345,-0.948618,0.473392,,,,,,,,,,,,10.62241,8.50804,1.78032,50,5.78877,-4.5196,-120.65563,-3.78002,15.49323,25.79267,-19.76473,RHO_RAM,RHO_RAM,BillBeckField,TeamExclusive,Team,20260917-BillBeckField-Private-1,97080830-b2a5-11f1-b529-67cfb2a0e891,79.622,,,8.01403,,,,,,,720cc381-a995-4c95-8441-60f58e197dc2,2026-09-17,14:39:29.23,2026-09-17T10:39:29.2320000-04:00,2026-09-17T14:39:29.2320000Z,,v3,471418,471418,,"Leikus, Danny",1000177456,Right,RHO_RAM,e5a419f7-b209-47d3-ab82-21bcb85e60a2,56.28172,-121.99109,12.89634,5.958,-2.75666,-9.88237,2.0351,-5.32179,7.74661,,,,,,,,,,,,,,,,,,,,,,,,,,,,,81.65621,,0.847667,,-0.14688,2.2636,1.2741,0.24385,6.31818,0.10516,,,,0.34354,118.42216,-11.19952,6.29761,2.92045,-8.55509,0.08358,-0.04856,1.85764,High,High,High,,,High,High,Medium,127.307437,-15.200122,2266.245379,0.965016,10:15,0.271158,0.773306,-0.573124,44.281708,-5.293703,-37.169284,162.102288,-10.155117,0.302504,-0.176314,-0.936699,10.65999,-17.608071,0.176314,-0.302504,0.936699,-10.65999,17.608071,-0.176314,0.302504,0.936699,-162.102288,10.155117,-0.302504,0.176314,-0.936699
52,2026-09-17,10:40:08.08,1,2,"Maloney, Evan",813408,Right,RHO_RAM,"Haughton, James",1000175676,Left,RHO_RAM,Undefined,2,Bottom,0,0,0,Fastball,Changeup,BallCalled,Undefined,Undefined,Undefined,0,0,,83.42948,-1.00501,1.490975,2320.494728,122.698755,10:00,5.96921,-1.86062,4.18596,-29.14124,14.88032,-20.37596,2.57728,-2.12955,74.2803,-6.351918,-2.05414,0.477534,,,,,,,,,,,,10.52138,8.00182,1.71964,50,5.82935,-2.18379,-120.47031,-3.2278,15.00722,29.81813,-20.76061,RHO_RAM,RHO_RAM,BillBeckField,TeamExclusive,Team,20260917-BillBeckField-Private-1,ae34f450-b2a5-11f1-b529-67cfb2a0e891,78.93147,,,9.14919,,,,,,,720cc381-a995-4c95-8441-60f58e197dc2,2026-09-17,14:40:08.08,2026-09-17T10:40:08.0870000-04:00,2026-09-17T14:40:08.0870000Z,,v3,471418,471418,,"Leikus, Danny",1000177456,Right,RHO_RAM,8b0d4fd7-32f1-4335-8e65-a11e4b599c49,56.31209,-122.02264,14.90907,5.96926,-2.147,-10.38031,1.85366,-2.96507,7.50361,,,,,,,,,,,,,,,,,,,,,,,,,,,,,,,,,,,,,,,,,,,,,,,,,,,High,High,High,,,,,,129.068092,-8.914462,2292.464974,0.987921,10:15,0.157635,0.769619,-0.618739,41.998973,-8.401991,-34.402897,156.607377,-9.088469,0.392045,-0.157959,-0.906283,9.886968,-23.081822,0.157959,-0.392045,0.906283,-9.886968,23.081822,-0.157959,0.392045,0.906283,-156.607377,9.088469,-0.392045,0.157959,-0.906283
53,2026-09-17,10:40:27.88,1,3,"Maloney, Evan",813408,Right,RHO_RAM,"Haughton, James",1000175676,Left,RHO_RAM,Undefined,2,Bottom,0,1,0,Fastball,Splitter,FoulBallNotFieldable,Undefined,Undefined,Undefined,0,0,,84.40985,-0.878647,3.245505,2353.831431,132.406052,10:30,5.88484,-1.74272,4.3925,-24.13572,18.57434,-18.42371,3.03331,-0.17637,75.03112,-5.373479,0.034595,0.470367,,,,,,,,,,,,10.07603,9.77375,1.41572,50,5.76887,-6.02143,-121.75704,-2.73886,14.72602,29.79258,-17.88977,RHO_RAM,RHO_RAM,BillBeckField,TeamExclusive,Team,20260917-BillBeckField-Private-1,b9fcdaa0-b2a5-11f1-b529-67cfb2a0e891,80.13417,,,9.37873,,,,,,,720cc381-a995-4c95-8441-60f58e197dc2,2026-09-17,14:40:27.88,2026-09-17T10:40:27.8820000-04:00,2026-09-17T14:40:27.8820000Z,,v3,471418,471418,,"Leikus, Danny",1000177456,Right,RHO_RAM,2dbbb03b-34b4-488b-8125-b8954f7b508a,56.10246,-123.2412,14.89629,5.88311,-1.84766,-8.94489,1.73396,-6.75503,7.36301,,,,,,,,,,,,,,,,,,,,,,,,,,,,,,,,,,,,,,,,,,,,,,,,,,,High,High,High,,,,,,130.668952,-24.092251,2148.787749,0.912889,10:15,0.430584,0.698594,-0.571458,59.501609,-0.992679,-50.729834,163.777413,5.43606,0.278113,0.094735,-0.955865,5.660044,16.147626,0.094735,0.278113,0.955865,-5.660044,-16.147626,-0.094735,-0.278113,0.955865,-163.777413,-5.43606,-0.278113,-0.094735,-0.955865
54,2026-09-17,10:40:58.91,1,4,"Maloney, Evan",813408,Right,RHO_RAM,"Haughton, James",1000175676,Left,RHO_RAM,Undefined,2,Bottom,0,1,1,Fastball,Changeup,StrikeSwinging,Undefined,Undefined,Undefined,0,0,,84.94931,-0.104387,3.264926,2260.665709,127.951391,10:15,5.89304,-1.69831,4.40566,-24.90722,16.5393,-19.3158,3.71765,-0.18844,76.67294,-4.692842,-0.101708,0.463357,,,,,,,,,,,,10.2856,8.44871,1.3705,50,5.85863,-6.06809,-122.79731,-1.15631,15.56244,26.38156,-19.39089,RHO_RAM,RHO_RAM,BillBeckField,TeamExclusive,Team,20260917-BillBeckField-Private-1,cc7b32d0-b2a5-11f1-b529-67cfb2a0e891,81.34648,,,8.27638,,,,,,,720cc381-a995-4c95-8441-60f58e197dc2,2026-09-17,14:40:58.91,2026-09-17T10:40:58.9120000-04:00,2026-09-17T14:40:58.9120000Z,,v3,471418,471418,,"Leikus, Danny",1000177456,Right,RHO_RAM,5f87679b-a321-4add-b483-144dbcf00fbd,56.0907,-124.09892,13.19078,5.89208,-0.1996,-9.69544,1.68883,-6.83591,7.78122,,,,,,,,,,,,,,,,,,,,,,,,,,,,,,,,,,,,,,,,,,,,,,,,,,,High,High,High,,,,,,130.507182,-21.888108,2097.70257,0.927914,10:15,0.405233,0.706194,-0.580583,56.770322,-3.954417,-46.527072,164.167321,2.498567,0.27257,0.043594,-0.961148,2.596961,15.817232,0.043594,0.27257,0.961148,-2.596961,-15.817232,-0.043594,-0.27257,0.961148,-164.167321,-2.498567,-0.27257,-0.043594,-0.961148
55,2026-09-17,10:41:23.05,1,5,"Maloney, Evan",813408,Right,RHO_RAM,"Haughton, James",1000175676,Left,RHO_RAM,Undefined,2,Bottom,0,1,2,Fastball,Changeup,BallCalled,Undefined,Undefined,Undefined,0,0,,84.16801,-2.108716,2.283757,2211.514142,119.362456,10:00,5.86926,-1.8231,4.3553,-27.71702,15.0502,-23.76907,1.54253,-1.62101,75.48754,-7.188036,-1.864408,0.470681,,,,,,,,,,,,12.26721,8.4589,1.60336,50,5.61627,-3.71063,-121.53602,-5.52782,17.95576,28.57213,-19.79262,RHO_RAM,RHO_RAM,BillBeckField,TeamExclusive,Team,20260917-BillBeckField-Private-1,dae2f150-b2a5-11f1-b529-67cfb2a0e891,80.08059,,,8.68048,,,,,,,720cc381-a995-4c95-8441-60f58e197dc2,2026-09-17,14:41:23.05,2026-09-17T10:41:23.0530000-04:00,2026-09-17T14:41:23.0530000Z,,v3,471418,471418,,"Leikus, Danny",1000177456,Right,RHO_RAM,7f0bc1b5-6dae-4d1f-a761-93f58e0c8d57,56.14132,-122.97132,14.28606,5.86899,-4.53355,-9.89631,1.81241,-4.61262,8.97788,,,,,,,,,,,,,,,,,,,,,,,,,,,,,,,,,,,,,,,,,,,,,,,,,,,High,High,High,,,,,,129.795874,-6.037768,2199.246377,0.994453,10:15,0.102301,0.76742,-0.63293,-49.488045,15.458271,-44.318091,90.922879,-73.900692,0.277267,-0.960783,-0.004466,89.73365,-16.097163,0.960783,-0.277267,0.004466,-89.73365,16.097163,-0.960783,0.277267,0.004466,-90.922879,73.900692,-0.277267,0.960783,-0.004466
56,2026-09-17,10:41:49.15,1,6,"Maloney, Evan",813408,Right,RHO_RAM,"Haughton, James",1000175676,Left,RHO_RAM,Undefined,2,Bottom,0,2,2,Fastball,Changeup,FoulBallNotFieldable,Undefined,Undefined,Undefined,0,0,,84.54673,-1.60707,2.92964,2315.612725,119.021281,10:00,5.92379,-1.79591,4.22795,-29.14659,13.22221,-20.9632,1.95367,-0.73517,76.1529,-6.914748,-0.71757,0.468484,,,,,,,,,,,,11.073,7.32504,1.49814,50,5.71834,-5.24042,-122.11426,-4.5771,16.45795,27.56353,-21.28671,RHO_RAM,RHO_RAM,BillBeckField,TeamExclusive,Team,20260917-BillBeckField-Private-1,ea704410-b2a5-11f1-b529-67cfb2a0e891,80.45624,,,8.39383,,,,,,,720cc381-a995-4c95-8441-60f58e197dc2,2026-09-17,14:41:49.15,2026-09-17T10:41:49.1590000-04:00,2026-09-17T14:41:49.1590000Z,,v3,471418,471418,,"Leikus, Danny",1000177456,Right,RHO_RAM,4ec89d7f-1ec4-4e13-a34a-8fc62cf4a814,56.26971,-123.52134,13.78177,5.92426,-3.49044,-10.64336,1.7871,-6.08058,8.22898,,,,,,,,,,,,,,,,,,,,,,,,,,,,,,,,,,,,,,,,,,,,,,,,,,,High,High,High,,,,,,128.871428,-14.472644,2242.131556,0.968267,10:15,0.259436,0.760563,-0.595178,-46.650196,16.187211,-53.505847,90.024448,-15.850699,0.961977,-0.273132,-0.00041,89.913894,-74.149283,0.273132,-0.961977,0.00041,-89.913894,74.149283,-0.273132,0.961977,0.00041,-90.024448,15.850699,-0.961977,0.273132,-0.00041
57,2026-09-17,10:42:19.67,1,7,"Maloney, Evan",813408,Right,RHO_RAM,"Haughton, James",1000175676,Left,RHO_RAM,Undefined,2,Bottom,0,2,2,Fastball,Changeup,StrikeSwinging,Strikeout,Undefined,Undefined,0,0,,83.49791,-0.995547,4.613586,2132.089175,115.344121,9:45,5.92479,-1.71659,4.29594,-30.99258,12.35237,-22.68281,2.3868,0.8149,75.25931,-6.635731,0.673738,0.47385,,,,,,,,,,,,12.39001,6.71855,1.24031,50,5.78602,-8.64183,-120.455,-3.30568,17.97574,26.13303,-22.42661,RHO_RAM,RHO_RAM,BillBeckField,TeamExclusive,Team,20260917-BillBeckField-Private-1,fca36270-b2a5-11f1-b529-67cfb2a0e891,79.54512,,,8.2386,,,,,,,720cc381-a995-4c95-8441-60f58e197dc2,2026-09-17,14:42:19.67,2026-09-17T10:42:19.6770000-04:00,2026-09-17T14:42:19.6770000Z,,v3,471418,471418,,"Leikus, Danny",1000177456,Right,RHO_RAM,b4d1b153-4416-4b7a-a00b-0c0cbb7721c4,56.20193,-121.79309,13.06652,5.92589,-2.15737,-11.21331,1.70636,-9.56225,8.98787,,,,,,,,,,,,,,,,,,,,,,,,,,,,,68.46123,2.862075,1.927066,0.93501,0.32259,2.25827,-0.82702,0.04938,5.76816,-5.01521,74.68983,-0.5621,-50.08736,0.0698,84.76821,-5.35192,5.78069,5.45654,-13.12167,-5.0354,-52.70051,4.87592,High,High,High,,,High,High,High,127.238159,-11.985768,2085.607958,0.978199,10:15,0.24109,0.782262,-0.574406,47.90535,-12.291493,-35.998118,157.336537,-8.321246,0.381261,-0.144723,-0.913069,9.006561,-22.411822,0.144723,-0.381261,0.913069,-9.006561,22.411822,-0.144723,0.381261,0.913069,-157.336537,8.321246,-0.381261,0.144723,-0.913069
58,2026-09-17,10:42:53.85,2,1,"Maloney, Evan",813408,Right,RHO_RAM,"Calandrelli, Paul",1000143071,Right,RHO_RAM,Undefined,2,Bottom,1,0,0,ChangeUp,Changeup,BallCalled,Undefined,Undefined,Undefined,0,0,,77.62752,-0.486538,0.945097,1953.563984,118.6583,10:00,5.65515,-1.79898,4.61931,-36.23636,12.85879,-20.39462,2.17283,-2.59994,70.54635,-7.089984,-2.632603,0.504302,,,,,,,,,,,,10.2239,6.92867,1.72176,50,5.57268,-0.97901,-112.43004,-2.22952,12.96027,22.21887,-23.39097,RHO_RAM,RHO_RAM,BillBeckField,TeamExclusive,Team,20260917-BillBeckField-Private-1,111637a0-b2a6-11f1-b529-67cfb2a0e891,74.7418,,,7.08117,,,,,,,720cc381-a995-4c95-8441-60f58e197dc2,2026-09-17,14:42:53.85,2026-09-17T10:42:53.8500000-04:00,2026-09-17T14:42:53.8500000Z,,v3,471418,471418,,"Leikus, Danny",1000177456,Right,RHO_RAM,594dda12-b409-44d3-80e3-b64ace995b1e,55.87799,-113.58573,11.10944,5.657,-1.01286,-11.69549,1.79021,-1.65313,6.48013,,,,,,,,,,,,,,,,,,,,,,,,,,,,,,,,,,,,,,,,,,,,,,,,,,,High,High,High,,,,,,119.887464,-15.540566,1882.143643,0.963441,10:00,0.268701,0.837554,-0.475713,61.569415,22.013986,-60.049968,157.356186,15.843727,0.370375,0.273015,-0.887854,17.09262,21.738744,0.273015,0.370375,0.887854,-17.09262,-21.738744,-0.273015,-0.370375,0.887854,-157.356186,-15.843727,-0.370375,-0.273015,-0.887854
59,2026-09-17,10:43:14.46,2,2,"Maloney, Evan",813408,Right,RHO_RAM,"Calandrelli, Paul",1000143071,Right,RHO_RAM,Undefined,2,Bottom,1,1,0,Fastball,Changeup,StrikeSwinging,Undefined,Undefined,Undefined,0,0,,84.50631,-1.749066,3.091364,2101.860602,132.814295,10:30,5.98794,-1.66685,4.20186,-24.30214,17.83863,-17.64469,2.28422,-0.17288,76.59016,-6.200219,0.025513,0.467221,,,,,,,,,,,,9.40304,9.52339,1.34619,50,5.77111,-5.74074,-122.11906,-4.65928,14.09891,25.64025,-17.89468,RHO_RAM,RHO_RAM,BillBeckField,TeamExclusive,Team,20260917-BillBeckField-Private-1,1d44f610-b2a6-11f1-b529-67cfb2a0e891,80.67364,,,7.91615,,,,,,,720cc381-a995-4c95-8441-60f58e197dc2,2026-09-17,14:43:14.46,2026-09-17T10:43:14.4670000-04:00,2026-09-17T14:43:14.4670000Z,,v3,471418,471418,,"Leikus, Danny",1000177456,Right,RHO_RAM,bf8c0821-86fc-4840-be75-8cd0e062711f,56.29545,-123.43378,12.82013,5.98649,-3.74171,-8.94734,1.65909,-6.46367,7.04946,,,,,,,,,,,,,,,,,,,,,,,,,,,,,,,,,,,,,,,,,,,,,,,,,,,High,High,High,,,,,,129.350452,-14.050559,2038.976869,0.970082,10:15,0.25262,0.757208,-0.602345,47.887529,-16.934359,-28.542461,161.803086,-7.449976,0.309648,-0.129661,-0.941969,7.837417,-18.037994,0.129661,-0.309648,0.941969,-7.837417,18.037994,-0.129661,0.309648,0.941969,-161.803086,7.449976,-0.309648,0.129661,-0.941969
60,2026-09-17,10:43:36.87,2,3,"Maloney, Evan",813408,Right,RHO_RAM,"Calandrelli, Paul",1000143071,Right,RHO_RAM,Undefined,2,Bottom,1,1,1,Fastball,Changeup,StrikeCalled,Undefined,Undefined,Undefined,0,0,,84.4701,-2.147136,4.403592,2110.649404,129.195437,10:15,5.93402,-1.8562,4.36351,-25.4871,16.34032,-18.29359,1.75219,0.83379,76.97329,-6.796863,1.222118,0.465481,,,,,,,,,,,,10.13898,8.92815,1.40278,50,5.67864,-8.53479,-121.99165,-5.5565,15.25269,24.3839,-18.7429,RHO_RAM,RHO_RAM,BillBeckField,TeamExclusive,Team,20260917-BillBeckField-Private-1,2aa8d920-b2a6-11f1-b529-67cfb2a0e891,80.97523,,,7.49681,,,,,,,720cc381-a995-4c95-8441-60f58e197dc2,2026-09-17,14:43:36.87,2026-09-17T10:43:36.8720000-04:00,2026-09-17T14:43:36.8720000Z,,v3,471418,471418,,"Leikus, Danny",1000177456,Right,RHO_RAM,c13ce37d-abe0-4631-b81b-46d27a688df1,56.13569,-123.21196,12.19195,5.93324,-4.6185,-9.37145,1.84901,-9.29812,7.62635,,,,,,,,,,,,,,,,,,,,,,,,,,,,,,,,,,,,,,,,,,,,,,,,,,,High,High,High,,,,,,127.888822,-10.614385,2074.534364,0.982889,10:15,0.200896,0.782056,-0.589939,54.677875,-8.949129,-34.625248,158.465815,0.136723,0.367055,0.002386,-0.930196,0.146982,21.534121,0.002386,0.367055,0.930196,-0.146982,-21.534121,-0.002386,-0.367055,0.930196,-158.465815,-0.136723,-0.367055,-0.002386,-0.930196
61,2026-09-17,10:44:08.63,2,4,"Maloney, Evan",813408,Right,RHO_RAM,"Calandrelli, Paul",1000143071,Right,RHO_RAM,Undefined,2,Bottom,1,1,2,ChangeUp,Changeup,StrikeSwinging,Strikeout,Undefined,Undefined,1,0,,77.26889,0.126376,2.558521,2011.81587,114.96269,9:45,5.58466,-1.99431,4.64867,-36.93522,12.34686,-22.98423,2.62693,-1.47698,70.44694,-6.601043,-1.471477,0.505261,,,,,,,,,,,,11.94816,6.48241,1.75478,50,5.56461,-4.0235,-111.9171,-1.04889,15.09801,20.89753,-23.98267,RHO_RAM,RHO_RAM,BillBeckField,TeamExclusive,Team,20260917-BillBeckField-Private-1,3da45090-b2a6-11f1-b529-67cfb2a0e891,74.5999,,,6.82195,,,,,,,720cc381-a995-4c95-8441-60f58e197dc2,2026-09-17,14:44:08.63,2026-09-17T10:44:08.6330000-04:00,2026-09-17T14:44:08.6330000Z,,v3,471418,471418,,"Leikus, Danny",1000177456,Right,RHO_RAM,7f056e87-3cf3-4891-bcea-0da132f2e17c,55.85007,-113.00416,10.44876,5.58672,0.19866,-11.99134,1.98451,-4.80888,7.54901,,,,,,,,,,,,,,,,,,,,,,,,,,,,,67.04219,,,1.018262,,,,-4.28303,5.77113,-2.73561,73.16697,1.03674,-51.60988,-4.24881,81.22892,-5.12731,5.79723,9.05464,-13.49902,-2.77703,-53.40149,5.36977,High,High,High,,,High,High,High,117.088297,-7.63988,1993.957475,0.991123,10:00,0.154905,0.882107,-0.444849,64.727657,28.63964,-34.026064,173.779619,9.349615,0.106914,0.162458,-0.980906,9.404001,6.137427,0.162458,0.106914,0.980906,-9.404001,-6.137427,-0.162458,-0.106914,0.980906,-173.779619,-9.349615,-0.106914,-0.162458,-0.980906
62,2026-09-17,10:44:48.71,3,1,"Maloney, Evan",813408,Right,RHO_RAM,"Ray, Andrew",1000533810,Right,RHO_RAM,Undefined,2,Bottom,0,0,0,ChangeUp,Changeup,BallCalled,Undefined,Undefined,Undefined,0,0,,77.00808,0.384471,1.727012,1762.762564,113.258655,9:45,5.63869,-1.95767,4.67707,-38.92766,10.86886,-21.25186,2.76002,-2.08803,69.89015,-6.712574,-2.003341,0.507892,,,,,,,,,,,,10.86627,5.71575,1.80214,50,5.64344,-2.45497,-111.51424,-0.61682,13.55482,21.80696,-25.04412,RHO_RAM,RHO_RAM,BillBeckField,TeamExclusive,Team,20260917-BillBeckField-Private-1,5581a0f0-b2a6-11f1-b529-67cfb2a0e891,74.21355,,,7.11793,,,,,,,720cc381-a995-4c95-8441-60f58e197dc2,2026-09-17,14:44:48.71,2026-09-17T10:44:48.7160000-04:00,2026-09-17T14:44:48.7160000Z,,v3,471418,471418,,"Leikus, Danny",1000177456,Right,RHO_RAM,d794a7a3-d79f-4170-993c-f1db41b19210,55.82017,-112.64664,10.90348,5.6417,0.68368,-12.52206,1.9479,-3.15885,6.77741,,,,,,,,,,,,,,,,,,,,,,,,,,,,,,,,,,,,,,,,,,,,,,,,,,,High,High,High,,,,,,118.190829,-10.556599,1732.926766,0.983074,10:00,0.202927,0.865212,-0.458506,60.384297,17.476731,-54.300072,154.620238,11.652044,0.419783,0.201968,-0.884868,12.857285,24.820901,0.201968,0.419783,0.884868,-12.857285,-24.820901,-0.201968,-0.419783,0.884868,-154.620238,-11.652044,-0.419783,-0.201968,-0.884868
63,2026-09-17,10:45:08.18,3,2,"Aikens, Parker",836334,Left,RHO_RAM,"Ray, Andrew",1000533810,Right,RHO_RAM,Undefined,2,Bottom,0,1,0,Fastball,Changeup,InPlay,Undefined,LineDrive,Single,0,0,,83.75251,-0.561978,3.223758,1949.977079,126.179324,10:15,5.84315,-1.79138,4.44948,-27.00927,15.45064,-19.10265,3.05557,-0.30564,75.8845,-5.51396,-0.109556,0.468987,98.41995,11.224554,-30.906251,2506.632834,92.09891,9.99481,-60.14796,166.87922,166.02311,-34.790439,1.362843,10.278,8.08764,1.47022,50,5.75848,-5.93666,-121.14085,-2.20154,15.16233,25.26886,-20.24299,RHO_RAM,RHO_RAM,BillBeckField,TeamExclusive,Team,20260917-BillBeckField-Private-1,610f1650-b2a6-11f1-b529-67cfb2a0e891,80.36988,11.18864,,7.86801,,,,2.01235,3.02134,0.3385,720cc381-a995-4c95-8441-60f58e197dc2,2026-09-17,14:45:08.18,2026-09-17T10:45:08.1850000-04:00,2026-09-17T14:45:08.1850000Z,LineDrive,v3,471418,471418,,"Leikus, Danny",1000177456,Right,RHO_RAM,923f7b23-0432-4635-bb34-b22b3cddfda2,56.04919,-122.39616,12.63443,5.84287,-1.19591,-10.12149,1.78385,-6.6899,7.58116,,2.01234,121.48565,-20.3705,3.84694,-1.1558,0.56607,-0.19846,0.0045,0.01059,3.02133,28.09917,-26.08839,3.73854,-1.03006,0.42174,-0.14954,0.02071,0.002,0.33848,-72.72215,0.20012,2.05268,-1.20879,0.88409,-0.44446,0.10544,-0.0062,,,,,,,,,,,,,,,,,,,,,,,High,High,High,High,High,,,,122.722527,-11.948559,1907.728628,0.978334,10:00,0.228376,0.825062,-0.516834,46.141752,-2.3009,-31.395992,164.876403,-11.836205,0.255355,-0.205115,-0.94484,12.248249,-14.79461,0.205115,-0.255355,0.94484,-12.248249,14.79461,-0.205115,0.255355,0.94484,-164.876403,11.836205,-0.255355,0.205115,-0.94484
64,2026-09-17,10:45:45.84,4,1,"Aikens, Parker",836334,Left,RHO_RAM,"Lavigueur, Luc",828754,Right,RHO_RAM,Undefined,2,Bottom,0,0,0,Fastball,Changeup,StrikeSwinging,Undefined,Undefined,Undefined,0,0,,82.46371,-1.453783,4.004031,1850.875817,112.340571,9:45,5.74988,-2.00387,4.49221,-33.96242,9.55906,-19.77186,1.53065,0.17021,75.4472,-7.588605,0.551899,0.474814,,,,,,,,,,,,10.82524,5.44768,1.60334,50,5.5647,-7.46333,-119.27476,-4.33872,15.58609,23.05756,-24.33052,RHO_RAM,RHO_RAM,BillBeckField,TeamExclusive,Team,20260917-BillBeckField-Private-1,77818c10-b2a6-11f1-b529-67cfb2a0e891,79.38365,,,7.01651,,,,,,,720cc381-a995-4c95-8441-60f58e197dc2,2026-09-17,14:45:45.84,2026-09-17T10:45:45.8410000-04:00,2026-09-17T14:45:45.8410000Z,,v3,471418,471418,,"Leikus, Danny",1000177456,Right,RHO_RAM,ebdcb442-2f95-47da-96a4-c8296b84bc6c,56.00855,-120.4307,11.52878,5.75163,-3.11896,-12.16526,1.99708,-8.24471,7.79305,,,,,,,,,,,,,,,,,,,,,,,,,,,,,,,,,,,,,,,,,,,,,,,,,,,High,High,High,,,,,,122.345643,-10.526092,1819.72894,0.983172,10:00,0.197887,0.834986,-0.513458,-42.652585,22.949724,-37.427072,94.776711,-7.025906,0.989044,-0.122318,-0.082647,55.954023,-81.510843,0.122318,-0.989044,0.082647,-55.954023,81.510843,-0.122318,0.989044,0.082647,-94.776711,7.025906,-0.989044,0.122318,-0.082647
65,2026-09-17,10:46:28.50,4,2,"Aikens, Parker",836334,Left,RHO_RAM,"Lavigueur, Luc",828754,Right,RHO_RAM,Undefined,2,Bottom,0,0,1,Fastball,Changeup,FoulBallNotFieldable,Undefined,Undefined,Undefined,0,0,,82.42408,-1.862815,3.964065,2093.252005,113.486786,9:45,5.72014,-2.12399,4.43178,-32.98793,11.13945,-21.9458,1.18918,-0.16515,74.67188,-7.846594,0.135516,0.478108,,,,,,,,,,,,11.98032,6.41449,1.72627,50,5.49063,-7.25495,-119.03993,-5.13849,16.99677,25.25753,-23.07368,RHO_RAM,RHO_RAM,BillBeckField,TeamExclusive,Team,20260917-BillBeckField-Private-1,90f4e5c0-b2a6-11f1-b529-67cfb2a0e891,78.83673,,,7.7522,,,,,,,720cc381-a995-4c95-8441-60f58e197dc2,2026-09-17,14:46:28.50,2026-09-17T10:46:28.5090000-04:00,2026-09-17T14:46:28.5090000Z,,v3,471418,471418,,"Leikus, Danny",1000177456,Right,RHO_RAM,7d8ff29d-eb8d-4884-8d3a-7e95150283c0,56.06789,-120.32051,12.62877,5.7215,-3.96864,-11.53684,2.11595,-8.1167,8.49839,,,,,,,,,,,,,,,,,,,,,,,,,,,,,,,,,,,,,,,,,,,,,,,,,,,High,High,High,,,,,,122.794434,-8.156045,2072.079513,0.989885,10:00,0.151535,0.836289,-0.526933,50.033517,-7.438628,-35.402512,154.566982,-7.456521,0.425824,-0.129774,-0.895451,8.246212,-25.20283,0.129774,-0.425824,0.895451,-8.246212,25.20283,-0.129774,0.425824,0.895451,-154.566982,7.456521,-0.425824,0.129774,-0.895451
66,2026-09-17,10:47:01.93,4,3,"Aikens, Parker",836334,Left,RHO_RAM,"Lavigueur, Luc",828754,Right,RHO_RAM,Undefined,2,Bottom,0,0,2,ChangeUp,Changeup,FoulBallNotFieldable,Undefined,Undefined,Undefined,0,0,,76.35015,-0.191948,4.164746,2027.882767,116.545277,10:00,5.56569,-2.26332,4.76033,-37.75124,13.36887,-22.83989,2.23725,-0.2105,68.63616,-7.119608,0.16012,0.514597,,,,,,,,,,,,12.68516,7.14516,1.86665,50,5.51408,-7.09337,-110.25947,-1.63847,15.32648,22.99371,-23.54113,RHO_RAM,RHO_RAM,BillBeckField,TeamExclusive,Team,20260917-BillBeckField-Private-1,a4e9ff70-b2a6-11f1-b529-67cfb2a0e891,73.24651,,,7.71399,,,,,,,720cc381-a995-4c95-8441-60f58e197dc2,2026-09-17,14:47:01.93,2026-09-17T10:47:01.9350000-04:00,2026-09-17T14:47:01.9350000Z,,v3,471418,471418,,"Leikus, Danny",1000177456,Right,RHO_RAM,fa291cca-0f17-4f86-a06e-972419f0fd96,55.73812,-111.44969,11.49685,5.56736,-0.41992,-11.77056,2.25436,-7.88671,7.66324,,,,,,,,,,,,,,,,,,,,,,,,,,,,,,,,,,,,,,,,,,,,,,,,,,,High,High,High,,,,,,114.287716,-19.572385,1910.709722,0.942219,9:45,0.359387,0.859942,-0.362409,70.912046,41.081856,-50.090327,174.96772,14.670475,0.084857,0.253259,-0.963669,14.724779,4.867817,0.253259,0.084857,0.963669,-14.724779,-4.867817,-0.253259,-0.084857,0.963669,-174.96772,-14.670475,-0.084857,-0.253259,-0.963669
67,2026-09-17,10:47:41.07,4,4,"Aikens, Parker",836334,Left,RHO_RAM,"Lavigueur, Luc",828754,Right,RHO_RAM,Undefined,2,Bottom,0,0,2,Fastball,Changeup,BallCalled,Undefined,Undefined,Undefined,0,0,,82.93419,-2.457485,5.062398,1998.97988,117.841861,10:00,5.80532,-2.087,4.43654,-29.81029,13.97001,-23.35824,0.96634,0.80805,74.95184,-7.889237,0.996692,0.476223,,,,,,,,,,,,13.04816,7.99575,1.57408,50,5.5157,-9.52853,-119.54101,-6.26995,18.64949,25.68001,-20.74585,RHO_RAM,RHO_RAM,BillBeckField,TeamExclusive,Team,20260917-BillBeckField-Private-1,bc2f5590-b2a6-11f1-b529-67cfb2a0e891,79.14865,,,7.98235,,,,,,,720cc381-a995-4c95-8441-60f58e197dc2,2026-09-17,14:47:41.07,2026-09-17T10:47:41.0740000-04:00,2026-09-17T14:47:41.0740000Z,,v3,471418,471418,,"Leikus, Danny",1000177456,Right,RHO_RAM,7f131b25-14a3-4ee0-b342-78f727dd1e12,56.06328,-120.83651,12.84001,5.8056,-5.22336,-10.37293,2.0785,-10.46936,9.32474,,,,,,,,,,,,,,,,,,,,,,,,,,,,,,,,,,,,,,,,,,,,,,,,,,,High,High,High,,,,,,123.449572,-6.542432,1985.962019,0.993488,10:00,0.126307,0.833061,-0.538569,47.005821,-12.534717,-31.424113,153.640426,-11.350285,0.435319,-0.196807,-0.878501,12.627231,-25.80562,0.196807,-0.435319,0.878501,-12.627231,25.80562,-0.196807,0.435319,0.878501,-153.640426,11.350285,-0.435319,0.196807,-0.878501
68,2026-09-17,10:48:07.20,4,5,"Aikens, Parker",836334,Left,RHO_RAM,"Lavigueur, Luc",828754,Right,RHO_RAM,Undefined,2,Bottom,0,1,2,Fastball,Changeup,BallCalled,Undefined,Undefined,Undefined,0,0,,83.57818,-1.29852,5.453918,1897.203734,112.724317,9:45,5.90332,-1.67399,4.26373,-32.32573,10.70182,-22.01123,1.96109,1.72644,76.03007,-7.134683,1.6401,0.472112,,,,,,,,,,,,12.10359,5.96351,1.10206,50,5.7287,-10.45139,-120.53177,-4.03176,17.7611,23.97416,-23.42303,RHO_RAM,RHO_RAM,BillBeckField,TeamExclusive,Team,20260917-BillBeckField-Private-1,cbdb05c0-b2a6-11f1-b529-67cfb2a0e891,79.83799,,,7.5481,,,,,,,720cc381-a995-4c95-8441-60f58e197dc2,2026-09-17,14:48:07.20,2026-09-17T10:48:07.2050000-04:00,2026-09-17T14:48:07.2050000Z,,v3,471418,471418,,"Leikus, Danny",1000177456,Right,RHO_RAM,baa532de-8785-48e9-aee8-d406a5250cd8,56.23469,-121.76555,11.98708,5.90517,-2.82633,-11.71152,1.66344,-11.36543,8.88055,,,,,,,,,,,,,,,,,,,,,,,,,,,,,,,,,,,,,,,,,,,,,,,,,,,High,High,High,,,,,,123.572511,-9.470721,1871.344493,0.98637,10:00,0.19706,0.825348,-0.52912,-47.01581,22.224169,-39.417758,97.448506,-8.293541,0.981192,-0.144245,-0.128279,48.352725,-78.870103,0.144245,-0.981192,0.128279,-48.352725,78.870103,-0.144245,0.981192,0.128279,-97.448506,8.293541,-0.981192,0.144245,-0.128279
69,2026-09-17,10:48:50.42,4,6,"Aikens, Parker",836334,Left,RHO_RAM,"Lavigueur, Luc",828754,Right,RHO_RAM,Undefined,2,Bottom,0,2,2,Fastball,Changeup,InPlay,Undefined,FlyBall,Error,0,0,,83.08832,-0.930575,4.900139,2042.309506,130.18023,10:15,5.91074,-1.98941,4.22823,-25.2823,18.4943,-20.0197,2.90949,1.04576,74.99255,-5.575098,1.432309,0.476203,82.26618,47.307,-21.729215,,99.15576,102.13893,-47.62485,257.14557,119.99282,-28.474978,5.52147,11.18591,9.63457,1.47372,50,5.78367,-9.33433,-119.84649,-2.89345,16.11922,25.15278,-18.29032,RHO_RAM,RHO_RAM,BillBeckField,TeamExclusive,Team,20260917-BillBeckField-Private-1,e5883420-b2a6-11f1-b529-67cfb2a0e891,79.15199,112.62203,,8.09577,,,,1.35887,2.84659,-1.00669,720cc381-a995-4c95-8441-60f58e197dc2,2026-09-17,14:48:50.42,2026-09-17T10:48:50.4240000-04:00,2026-09-17T14:48:50.4240000Z,FlyBall,v3,471418,471418,,"Leikus, Danny",1000177456,Right,RHO_RAM,a6baa430-30eb-4bf4-8245-051e69079f0f,56.27022,-121.15531,12.57639,5.90947,-1.94172,-9.14516,1.98126,-10.17309,8.05961,166.31751,1.36365,75.89878,-17.52831,3.83189,-0.27942,-0.10709,0.03559,-0.00426,0.00019,2.84357,88.73398,-20.97649,1.88606,-0.40939,0.06176,-0.00134,-0.00081,7E-05,-1.00803,-30.26502,3.11523,-0.46634,0.00385,0.01782,-0.00379,0.00031,-1E-05,,,,,,,,,,,,,,,,,,,,,,,High,High,High,High,Low,,,,124.046082,-13.321182,1987.358633,0.973094,10:15,0.263026,0.809929,-0.524244,46.994125,-16.301547,-31.108121,159.977072,-13.73759,0.332601,-0.237475,-0.912678,14.584749,-19.426746,0.237475,-0.332601,0.912678,-14.584749,19.426746,-0.237475,0.332601,0.912678,-159.977072,13.73759,-0.332601,0.237475,-0.912678
70,2026-09-17,10:49:46.58,5,1,"Aikens, Parker",836334,Left,RHO_RAM,"Penney, Scott",10101787,Right,RHO_RAM,Undefined,2,Bottom,0,0,0,Fastball,Changeup,BallCalled,Undefined,Undefined,Undefined,0,0,,84.13837,-1.490302,2.664113,2265.139638,121.18468,10:00,5.70266,-2.03986,4.26634,-27.86277,15.10595,-22.15395,1.95289,-1.33499,75.29615,-6.600525,-1.193636,0.471789,,,,,,,,,,,,11.60268,8.25516,1.77409,50,5.51303,-4.58639,-121.46337,-4.22814,16.9511,28.68539,-20.11354,RHO_RAM,RHO_RAM,BillBeckField,TeamExclusive,Team,20260917-BillBeckField-Private-1,06ffdc70-b2a7-11f1-b529-67cfb2a0e891,79.89259,,,8.84222,,,,,,,720cc381-a995-4c95-8441-60f58e197dc2,2026-09-17,14:49:46.58,2026-09-17T10:49:46.5850000-04:00,2026-09-17T14:49:46.5850000Z,,v3,471418,471418,,"Leikus, Danny",1000177456,Right,RHO_RAM,cfce993b-53c4-479a-99fd-4acbe498ba13,56.23009,-122.9259,14.3427,5.70246,-3.20265,-10.05677,2.02996,-5.45065,8.47555,,,,,,,,,,,,,,,,,,,,,,,,,,,,,,,,,,,,,,,,,,,,,,,,,,,High,High,High,,,,,,123.776889,-5.175311,2255.905478,0.995923,10:15,0.094305,0.829886,-0.549905,-45.296532,20.545586,-41.891288,90.126991,-15.078078,0.96557,-0.260135,-0.00214,89.528646,-74.9214,0.260135,-0.96557,0.00214,-89.528646,74.9214,-0.260135,0.96557,0.00214,-90.126991,15.078078,-0.96557,0.260135,-0.00214
71,2026-09-17,10:50:50.98,5,2,"Aikens, Parker",836334,Left,RHO_RAM,"Penney, Scott",10101787,Right,RHO_RAM,Undefined,2,Bottom,0,1,0,Fastball,Changeup,BallCalled,Undefined,Undefined,Undefined,0,0,,83.8571,-0.112608,5.094285,2314.433946,124.766512,10:15,5.85407,-2.22452,4.24541,-26.96887,16.25379,-21.05111,3.49844,0.91049,75.1614,-5.066869,1.44862,0.473181,,,,,,,,,,,,11.68642,8.30107,1.68968,50,5.81535,-9.74348,-120.82064,-1.25845,17.02371,26.72761,-20.08179,RHO_RAM,RHO_RAM,BillBeckField,TeamExclusive,Team,20260917-BillBeckField-Private-1,2d63bdf0-b2a7-11f1-b529-67cfb2a0e891,79.65757,,,8.6957,,,,,,,720cc381-a995-4c95-8441-60f58e197dc2,2026-09-17,14:50:50.98,2026-09-17T10:50:50.9830000-04:00,2026-09-17T14:50:50.9830000Z,,v3,471418,471418,,"Leikus, Danny",1000177456,Right,RHO_RAM,d6511b27-469f-4d7c-b052-8551ea67b685,56.25015,-122.19546,13.36381,5.85351,-0.22549,-10.0409,2.21338,-10.61915,8.51185,,,,,,,,,,,,,,,,,,,,,,,,,,,,,,,,,,,,,,,,,,,,,,,,,,,High,High,High,,,,,,126.750286,-14.926157,2236.341685,0.966259,10:15,0.306376,0.77472,-0.55312,49.11873,-11.47707,-37.971188,159.875515,-8.552129,0.340235,-0.148709,-0.928507,9.099183,-19.891214,0.148709,-0.340235,0.928507,-9.099183,19.891214,-0.148709,0.340235,0.928507,-159.875515,8.552129,-0.340235,0.148709,-0.928507
72,2026-09-17,10:51:16.00,5,3,"Aikens, Parker",836334,Left,RHO_RAM,"Penney, Scott",10101787,Right,RHO_RAM,Undefined,2,Bottom,0,2,0,Fastball,Changeup,StrikeCalled,Undefined,Undefined,Undefined,0,0,,84.34079,-0.399067,3.29254,2319.366695,121.90346,10:00,5.92536,-1.8166,4.20509,-25.92816,16.78836,-24.33718,3.38177,-0.68721,75.53655,-5.17365,-0.93533,0.470402,,,,,,,,,,,,12.68587,8.64087,1.48134,50,5.85591,-5.80264,-121.75596,-1.83245,18.70951,27.81319,-19.43023,RHO_RAM,RHO_RAM,BillBeckField,TeamExclusive,Team,20260917-BillBeckField-Private-1,3c582c10-b2a7-11f1-b529-67cfb2a0e891,80.12812,,,8.80424,,,,,,,720cc381-a995-4c95-8441-60f58e197dc2,2026-09-17,14:51:16.00,2026-09-17T10:51:16.0040000-04:00,2026-09-17T14:51:16.0040000Z,,v3,471418,471418,,"Leikus, Danny",1000177456,Right,RHO_RAM,a1e50c9b-4462-494b-b6f2-c09b374494b0,56.29054,-123.18455,13.90659,5.9244,-0.83444,-9.71512,1.80407,-6.76363,9.35476,,,,,,,,,,,,,,,,,,,,,,,,,,,,,80.92165,1.977832,0.738867,1.238965,-0.79502,3.17707,0.7266,-1.82491,6.32855,1.54945,127.28657,7.07641,6.12237,-1.49134,115.28303,-9.05142,6.30177,13.05427,-10.03633,1.43431,0.77188,2.39624,High,High,High,,,High,Medium,High,127.607629,-5.422242,2308.988356,0.995525,10:15,0.123745,0.789303,-0.601406,46.701852,-4.907571,-37.824752,154.076747,-3.860598,0.436175,-0.067329,-0.89734,4.290976,-25.860073,0.067329,-0.436175,0.89734,-4.290976,25.860073,-0.067329,0.436175,0.89734,-154.076747,3.860598,-0.436175,0.067329,-0.89734
73,2026-09-17,10:51:58.00,5,4,"Aikens, Parker",836334,Left,RHO_RAM,"Penney, Scott",10101787,Right,RHO_RAM,Undefined,2,Bottom,0,2,1,Fastball,Changeup,InPlay,Undefined,FlyBall,Double,3,0,,83.41336,-0.930539,2.729227,2101.952781,120.198644,10:00,5.75228,-2.10336,4.21898,-29.51569,14.02418,-21.27974,2.40038,-1.26095,75.02148,-6.318017,-0.972302,0.474914,87.64211,24.096627,7.731936,2424.360755,108.07606,42.38602,20.48247,322.11967,322.11967,14.818519,3.950271,11.1478,7.50378,1.82759,50,5.62063,-4.72957,-120.51036,-3.10153,16.12547,26.99409,-21.31973,RHO_RAM,RHO_RAM,BillBeckField,TeamExclusive,Team,20260917-BillBeckField-Private-1,555e6c10-b2a7-11f1-b529-67cfb2a0e891,79.36688,51.53809,,8.39188,,,,1.34761,2.43982,1.25826,720cc381-a995-4c95-8441-60f58e197dc2,2026-09-17,14:51:58.00,2026-09-17T10:51:58.0010000-04:00,2026-09-17T14:51:58.0010000Z,LineDrive,v3,471418,471418,,"Leikus, Danny",1000177456,Right,RHO_RAM,af52740b-985f-431a-ba9a-d1834c68879e,56.27826,-121.90857,13.49704,5.75268,-1.99723,-10.65986,2.0942,-5.56481,8.06273,206.845207,1.34693,116.29252,-19.61848,4.72706,-1.00284,0.21545,-0.04469,0.00637,-0.00039,2.44104,52.4467,-14.10397,-0.24842,0.30789,-0.12652,0.03295,-0.00437,0.00022,1.25844,15.78182,2.71588,-0.81664,0.20586,-0.04198,0.00689,-0.00077,4E-05,,,,,,,,,,,,,,,,,,,,,,,High,High,High,High,High,,,,123.970857,-11.213201,2061.827298,0.98091,10:15,0.207116,0.816541,-0.538854,49.27422,-5.356743,-36.883045,157.889283,-7.100563,0.373511,-0.123611,-0.919353,7.657755,-21.932305,0.123611,-0.373511,0.919353,-7.657755,21.932305,-0.123611,0.373511,0.919353,-157.889283,7.100563,-0.373511,0.123611,-0.919353
74,2026-09-17,10:55:21.19,1,1,"Maloney, Colin",10305263,Right,RHO_RAM,"Henschel, Ryan",10014628,Right,RHO_RAM,Undefined,3,Bottom,0,0,0,Fastball,Changeup,StrikeCalled,Undefined,Undefined,Undefined,0,0,,82.92966,0.640643,-2.74371,1590.278855,267.033133,3:00,5.51898,1.63589,5.75559,-38.94951,2.36937,17.83867,2.87025,0.56646,75.11166,-6.560662,0.449051,0.462643,,,,,,,,,,,,-9.88493,1.46091,-1.41896,50,5.54876,5.03098,-120.22799,0.03059,-14.29677,25.89243,-30.06111,RHO_RAM,RHO_RAM,BillBeckField,TeamExclusive,Team,20260917-BillBeckField-Private-1,ce7717f0-b2a7-11f1-b529-67cfb2a0e891,81.47205,,,7.818,,,,,,,720cc381-a995-4c95-8441-60f58e197dc2,2026-09-17,14:55:21.19,2026-09-17T10:55:21.1950000-04:00,2026-09-17T14:55:21.1950000Z,,v3,471418,471418,,"Leikus, Danny",1000177456,Right,RHO_RAM,4b8c4074-3419-4c80-b25c-953dec504d5d,54.74283,-121.24511,12.94622,5.52437,1.21146,-15.03055,-1.62762,5.5926,-7.14839,,,,,,,,,,,,,,,,,,,,,,,,,,,,,,,,,,,,,,,,,,,,,,,,,,,High,High,High,,,,,,229.356585,29.832536,1379.540035,0.867483,1:45,-0.531264,-0.652624,-0.540223,-68.51305,-52.338222,40.010956,91.767546,21.095009,0.932541,0.359916,-0.028778,85.42856,68.834435,0.359916,0.932541,0.028778,-85.42856,-68.834435,-0.359916,-0.932541,0.028778,-91.767546,-21.095009,-0.932541,-0.359916,-0.028778
75,2026-09-17,10:55:41.37,1,2,"Maloney, Colin",10305263,Right,RHO_RAM,"Henschel, Ryan",10014628,Right,RHO_RAM,Undefined,3,Bottom,0,0,1,Fastball,Changeup,BallCalled,Undefined,Undefined,Undefined,0,0,,83.58765,0.149263,-0.886653,1648.937763,256.968215,2:30,5.48721,1.77208,5.66788,-35.65431,4.82697,15.13095,2.65521,2.20621,76.25971,-6.430632,1.820132,0.45793,,,,,,,,,,,,-8.12871,2.6939,-1.70756,50,5.47699,1.29514,-121.41257,-0.87222,-12.04673,25.35975,-28.18173,RHO_RAM,RHO_RAM,BillBeckField,TeamExclusive,Team,20260917-BillBeckField-Private-1,da729160-b2a7-11f1-b529-67cfb2a0e891,82.31056,,,7.32794,,,,,,,720cc381-a995-4c95-8441-60f58e197dc2,2026-09-17,14:55:41.37,2026-09-17T10:55:41.3730000-04:00,2026-09-17T14:55:41.3730000Z,,v3,471418,471418,,"Leikus, Danny",1000177456,Right,RHO_RAM,1b1fd2b9-1746-4800-8357-4819285588c8,54.83433,-122.41816,12.67988,5.48943,0.24528,-14.09086,-1.76839,1.77283,-6.02337,,,,,,,,,,,,,,,,,,,,,,,,,,,,,,,,,,,,,,,,,,,,,,,,,,,High,High,High,,,,,,231.737869,29.50506,1435.090667,0.870312,1:45,-0.50256,-0.682071,-0.531237,-58.180144,-52.79174,38.986958,90.451929,23.233313,0.918878,0.394476,-0.007248,88.947391,66.762535,0.394476,0.918878,0.007248,-88.947391,-66.762535,-0.394476,-0.918878,0.007248,-90.451929,-23.233313,-0.918878,-0.394476,-0.007248
76,2026-09-17,10:56:03.37,1,3,"Maloney, Colin",10305263,Right,RHO_RAM,"Henschel, Ryan",10014628,Right,RHO_RAM,Undefined,3,Bottom,0,1,1,Fastball,Changeup,BallCalled,Undefined,Undefined,Undefined,0,0,,83.37757,1.218813,-1.947506,1705.945652,266.196855,2:45,5.51878,1.7926,5.76385,-38.22368,2.35398,15.41682,3.46868,1.26405,75.92402,-5.842277,0.812659,0.458474,,,,,,,,,,,,-8.37252,1.27256,-1.64055,50,5.5968,3.48194,-120.99874,1.27756,-12.34804,24.7536,-30.29722,RHO_RAM,RHO_RAM,BillBeckField,TeamExclusive,Team,20260917-BillBeckField-Private-1,e79c2a90-b2a7-11f1-b529-67cfb2a0e891,82.21277,,,7.45354,,,,,,,720cc381-a995-4c95-8441-60f58e197dc2,2026-09-17,14:56:03.37,2026-09-17T10:56:03.3740000-04:00,2026-09-17T14:56:03.3740000Z,,v3,471418,471418,,"Leikus, Danny",1000177456,Right,RHO_RAM,4cbaafbd-6ba3-4a76-9b5a-569647cfb3cb,54.735,-121.96357,12.3768,5.52399,2.45846,-15.14861,-1.78565,3.96324,-6.17402,,,,,,,,,,,,,,,,,,,,,,,,,,,,,,,,,,,,,,,,,,,,,,,,,,,High,High,High,,,,,,233.344242,27.367148,1515.014697,0.888079,1:45,-0.492485,-0.702511,-0.513749,-69.005753,-51.816997,45.399042,90.528325,22.036087,0.926908,0.37519,-0.008547,88.694962,67.957896,0.37519,0.926908,0.008547,-88.694962,-67.957896,-0.37519,-0.926908,0.008547,-90.528325,-22.036087,-0.926908,-0.37519,-0.008547
77,2026-09-17,10:56:22.40,1,4,"Maloney, Colin",10305263,Right,RHO_RAM,"Henschel, Ryan",10014628,Right,RHO_RAM,Undefined,3,Bottom,0,2,1,Fastball,Changeup,StrikeSwinging,Undefined,Undefined,Undefined,0,0,,80.84529,0.578044,-1.864702,1550.064467,247.876111,2:15,5.53364,1.67828,5.84741,-35.69675,7.94103,15.51749,3.09637,1.23799,72.64079,-6.090932,0.918301,0.475448,,,,,,,,,,,,-8.56217,4.32138,-1.53578,50,5.56005,3.20866,-117.18103,0.0717,-11.65823,26.42684,-26.29008,RHO_RAM,RHO_RAM,BillBeckField,TeamExclusive,Team,20260917-BillBeckField-Private-1,f2f6a910-b2a7-11f1-b529-67cfb2a0e891,79.27776,,,8.20451,,,,,,,720cc381-a995-4c95-8441-60f58e197dc2,2026-09-17,14:56:22.40,2026-09-17T10:56:22.4080000-04:00,2026-09-17T14:56:22.4080000Z,,v3,471418,471418,,"Leikus, Danny",1000177456,Right,RHO_RAM,9bff4bb3-a8dc-49e2-8d91-b225411f3ae9,54.64978,-118.225,13.21342,5.5367,1.11027,-13.14504,-1.67164,3.66921,-5.82911,,,,,,,,,,,,,,,,,,,,,,,,,,,,,,,,,,,,,,,,,,,,,,,,,,,High,High,High,,,,,,223.687132,34.213582,1281.821639,0.826947,1:30,-0.587171,-0.565487,-0.579185,-66.407931,-52.448812,36.765114,94.213675,72.199433,0.304878,0.952126,-0.022462,88.648561,17.750848,0.952126,0.304878,0.022462,-88.648561,-17.750848,-0.952126,-0.304878,0.022462,-94.213675,-72.199433,-0.304878,-0.952126,-0.022462
78,2026-09-17,10:56:51.28,1,5,"Maloney, Colin",10305263,Right,RHO_RAM,"Henschel, Ryan",10014628,Right,RHO_RAM,Undefined,3,Bottom,0,2,2,Fastball,Changeup,InPlay,Undefined,GroundBall,Out,1,0,,83.73598,0.164115,-2.445547,1580.126041,262.017341,2:45,5.57183,1.62646,5.72224,-36.70211,3.57567,16.08473,2.66633,0.68757,76.39557,-6.606806,0.432464,0.456777,69.14075,-44.80467,-54.530856,,,,,4.33003,2.11307,-40.246754,0.037553,-8.9426,2.13524,-1.43241,50,5.5628,4.54584,-121.52809,-0.89103,-13.30522,24.95799,-28.99712,RHO_RAM,RHO_RAM,BillBeckField,TeamExclusive,Team,20260917-BillBeckField-Private-1,042d17f0-b2a8-11f1-b529-67cfb2a0e891,82.51826,2.69447,,7.34042,,,,1.73077,2.69447,-0.58808,720cc381-a995-4c95-8441-60f58e197dc2,2026-09-17,14:56:51.28,2026-09-17T10:56:51.2830000-04:00,2026-09-17T14:56:51.2830000Z,GroundBall,v3,471418,471418,,"Leikus, Danny",1000177456,Right,RHO_RAM,cb70c28f-d991-4919-82e3-4d12d29ddaef,54.77823,-122.50546,12.47899,5.57546,0.24451,-14.49856,-1.62063,5.06688,-6.65261,,1.72975,41.9191,,,,,,,,2.69622,-71.75048,,,,,,,,-0.58664,-58.83541,,,,,,,,,,,,,,,,,,,,,,,,,,,,,,High,High,High,Low,Low,,,,228.723592,25.490822,1426.307464,0.902654,1:30,-0.457323,-0.677142,-0.576485,-64.578163,-50.844717,42.442962,93.867477,18.048222,0.948631,0.309817,-0.06413,78.305298,71.555556,0.309817,0.948631,0.06413,-78.305298,-71.555556,-0.309817,-0.948631,0.06413,-93.867477,-18.048222,-0.948631,-0.309817,-0.06413
79,2026-09-17,10:57:31.65,2,1,"Maloney, Colin",10305263,Right,RHO_RAM,"Botti, Aidan",1000396785,Left,RHO_RAM,Undefined,3,Bottom,1,0,0,Fastball,Changeup,InPlay,Undefined,LineDrive,Single,0,0,,82.60347,-0.004065,-3.025449,1807.86819,252.204875,2:30,5.60468,1.68423,5.8482,-34.7264,6.60823,16.23643,2.70703,0.22324,75.13297,-6.449106,-0.116001,0.462731,99.60988,13.409283,-31.312513,2192.994963,91.45218,16.47066,-61.12663,211.50052,199.12251,-37.092282,1.828932,-9.3304,3.7337,-1.44809,50,5.58385,5.71406,-119.82872,-1.11604,-13.45281,24.96334,-26.79072,RHO_RAM,RHO_RAM,BillBeckField,TeamExclusive,Team,20260917-BillBeckField-Private-1,1c396790-b2a8-11f1-b529-67cfb2a0e891,81.45651,16.4603,,7.4705,,,,2.63185,2.8493,-0.17535,720cc381-a995-4c95-8441-60f58e197dc2,2026-09-17,14:57:31.65,2026-09-17T10:57:31.6530000-04:00,2026-09-17T14:57:31.6530000Z,LineDrive,v3,471418,471418,,"Leikus, Danny",1000177456,Right,RHO_RAM,a48d28c3-7578-4c30-81a4-54aca2c23521,54.6528,-120.79413,12.48167,5.60698,-0.07996,-13.39536,-1.67913,6.23432,-6.7264,,2.63184,121.41317,-22.78337,4.77995,-1.21314,0.38732,-0.14779,0.04064,-0.00493,2.84931,33.88,-22.98808,2.77197,-0.61896,0.13454,-0.02359,0.00289,-0.00015,-0.17536,-73.85518,1.84714,0.56052,-0.36572,0.23289,-0.12328,0.03881,-0.00502,,,,,,,,,,,,,,,,,,,,,,,High,High,High,High,High,,,,224.224338,32.788805,1519.824942,0.840672,1:30,-0.572544,-0.586382,-0.573018,-72.652003,-49.966121,42.016615,95.899506,74.759997,0.261471,0.964833,-0.027018,88.395974,15.157345,0.964833,0.261471,0.027018,-88.395974,-15.157345,-0.964833,-0.261471,0.027018,-95.899506,-74.759997,-0.261471,-0.964833,-0.027018
80,2026-09-17,10:58:18.30,3,1,"Maloney, Colin",10305263,Right,RHO_RAM,"Thompson, Ryan",10108321,Right,RHO_RAM,Undefined,3,Bottom,1,0,0,ChangeUp,Changeup,BallCalled,Undefined,Undefined,Undefined,0,0,,73.04206,1.105312,-4.633441,1444.489032,242.612903,2:00,5.38685,1.73276,6.03132,-44.9725,7.43189,11.1004,2.66621,-1.6424,66.89401,-7.227062,-2.645249,0.521021,,,,,,,,,,,,-6.97229,4.05307,-1.3758,50,5.44937,8.18895,-105.77759,0.79175,-7.89475,18.14453,-27.58471,RHO_RAM,RHO_RAM,BillBeckField,TeamExclusive,Team,20260917-BillBeckField-Private-1,380e30e0-b2a8-11f1-b529-67cfb2a0e891,72.34339,,,6.14804,,,,,,,720cc381-a995-4c95-8441-60f58e197dc2,2026-09-17,14:58:18.30,2026-09-17T10:58:18.3040000-04:00,2026-09-17T14:58:18.3040000Z,,v3,471418,471418,,"Leikus, Danny",1000177456,Right,RHO_RAM,03a869f3-88b9-4f35-8383-0787d15563c2,54.46671,-106.54103,9.07226,5.39164,1.9524,-13.79236,-1.72734,8.52113,-3.94738,,,,,,,,,,,,,,,,,,,,,,,,,,,,,,,,,,,,,,,,,,,,,,,,,,,High,High,High,,,,,,235.191864,34.967684,1183.723265,0.819475,1:45,-0.62186,-0.661665,-0.418916,46.418817,-12.768587,14.242732,110.294663,57.080875,0.509718,0.839439,-0.188496,77.344133,30.645027,0.839439,0.509718,0.188496,-77.344133,-30.645027,-0.839439,-0.509718,0.188496,-110.294663,-57.080875,-0.509718,-0.839439,-0.188496
81,2026-09-17,10:58:38.02,3,2,"Maloney, Colin",10305263,Right,RHO_RAM,"Thompson, Ryan",10108321,Right,RHO_RAM,Undefined,3,Bottom,1,1,0,Fastball,Changeup,BallCalled,Undefined,Undefined,Undefined,0,0,,81.48749,1.795151,-2.270336,1724.824101,244.971788,2:15,5.56067,1.82747,5.79643,-33.86738,8.97772,15.96465,4.41002,1.04499,73.40071,-4.533283,0.586763,0.47111,,,,,,,,,,,,-8.75654,4.47547,-1.6499,50,5.68858,4.02768,-118.05757,2.63219,-12.19011,25.33033,-25.94367,RHO_RAM,RHO_RAM,BillBeckField,TeamExclusive,Team,20260917-BillBeckField-Private-1,43bff720-b2a8-11f1-b529-67cfb2a0e891,80.00779,,,8.08678,,,,,,,720cc381-a995-4c95-8441-60f58e197dc2,2026-09-17,14:58:38.02,2026-09-17T10:58:38.0220000-04:00,2026-09-17T14:58:38.0220000Z,,v3,471418,471418,,"Leikus, Danny",1000177456,Right,RHO_RAM,79ab0d11-015a-4123-b8bb-c0bde6329b8a,54.69918,-119.06156,12.66517,5.56387,3.66048,-12.97183,-1.81911,4.51084,-6.09506,,,,,,,,,,,,,,,,,,,,,,,,,,,,,,,,,,,,,,,,,,,,,,,,,,,High,High,High,,,,,,223.52303,32.627212,1452.640682,0.842196,1:30,-0.580829,-0.5628,-0.588127,-69.810389,-50.601513,41.857311,102.97783,75.32675,0.246836,0.967386,-0.056886,86.634664,14.29037,0.967386,0.246836,0.056886,-86.634664,-14.29037,-0.967386,-0.246836,0.056886,-102.97783,-75.32675,-0.246836,-0.967386,-0.056886
82,2026-09-17,10:58:58.84,3,3,"Maloney, Colin",10305263,Right,RHO_RAM,"Thompson, Ryan",10108321,Right,RHO_RAM,Undefined,3,Bottom,1,2,0,ChangeUp,Changeup,StrikeCalled,Undefined,Undefined,Undefined,0,0,,77.67087,-0.200928,-3.769875,1550.354288,229.781395,1:45,5.44693,1.71911,5.95764,-34.82746,12.06005,12.27855,2.35791,-0.75869,70.31076,-6.71505,-1.568851,0.492833,,,,,,,,,,,,-7.44296,6.74937,-1.426,50,5.41174,6.95114,-112.47132,-1.3995,-9.41577,22.7573,-23.6357,RHO_RAM,RHO_RAM,BillBeckField,TeamExclusive,Team,20260917-BillBeckField-Private-1,5039ef60-b2a8-11f1-b529-67cfb2a0e891,76.48113,,,7.36011,,,,,,,720cc381-a995-4c95-8441-60f58e197dc2,2026-09-17,14:58:58.84,2026-09-17T10:58:58.8490000-04:00,2026-09-17T14:58:58.8490000Z,,v3,471418,471418,,"Leikus, Danny",1000177456,Right,RHO_RAM,af916166-6202-40df-850b-7a0fc8a2fdd7,54.53846,-113.3859,11.37865,5.4489,-0.44961,-11.81785,-1.71296,7.32954,-4.70789,,,,,,,,,,,,,,,,,,,,,,,,,,,,,,,,,,,,,,,,,,,,,,,,,,,High,High,High,,,,,,219.765915,36.565265,1245.211669,0.803179,1:15,-0.63324,-0.515841,-0.576988,-60.346593,-49.749597,32.722156,99.218414,74.755361,0.259545,0.964812,-0.042123,87.500111,15.043067,0.964812,0.259545,0.042123,-87.500111,-15.043067,-0.964812,-0.259545,0.042123,-99.218414,-74.755361,-0.259545,-0.964812,-0.042123
83,2026-09-17,10:59:40.23,3,4,"Maloney, Colin",10305263,Right,RHO_RAM,"Thompson, Ryan",10108321,Right,RHO_RAM,Undefined,3,Bottom,1,2,1,ChangeUp,Changeup,BallCalled,Undefined,Undefined,Undefined,0,0,,79.27471,2.614434,-3.04994,1537.204945,248.971954,2:15,5.44512,1.72201,5.9507,-38.39825,7.24485,14.18509,4.67518,0.07272,70.52048,-4.591396,-0.507425,0.486249,,,,,,,,,,,,-8.22402,3.34914,-1.4866,50,5.6327,5.54023,-114.59075,4.07218,-10.6551,26.22726,-27.83487,RHO_RAM,RHO_RAM,BillBeckField,TeamExclusive,Team,20260917-BillBeckField-Private-1,68dba130-b2a8-11f1-b529-67cfb2a0e891,77.51669,,,8.75423,,,,,,,720cc381-a995-4c95-8441-60f58e197dc2,2026-09-17,14:59:40.23,2026-09-17T10:59:40.2390000-04:00,2026-09-17T14:59:40.2390000Z,,v3,471418,471418,,"Leikus, Danny",1000177456,Right,RHO_RAM,6952da1b-c39c-478d-99de-ec68ce52e369,54.54241,-115.62573,13.11363,5.45033,5.1706,-13.91743,-1.71352,5.96071,-5.32755,,,,,,,,,,,,,,,,,,,,,,,,,,,,,74.99145,,0.733491,,-1.63416,4.41754,-0.04958,-1.25545,5.99489,1.25463,,,,-1.18392,108.8255,-7.91984,6.00166,6.82025,-11.12707,1.24107,-3.44289,1.32411,High,High,High,,,High,High,Medium,223.790073,34.8646,1261.284683,0.820505,1:30,-0.627613,-0.541138,-0.559706,-77.502377,-47.71379,39.070897,96.550059,76.268152,0.235829,0.971417,-0.027078,88.403308,13.640475,0.971417,0.235829,0.027078,-88.403308,-13.640475,-0.971417,-0.235829,0.027078,-96.550059,-76.268152,-0.235829,-0.971417,-0.027078
84,2026-09-17,11:00:14.61,3,5,"Maloney, Colin",10305263,Right,RHO_RAM,"Thompson, Ryan",10108321,Right,RHO_RAM,Undefined,3,Bottom,1,3,1,Fastball,Changeup,InPlay,Undefined,LineDrive,Out,1,0,,80.37785,0.099373,-3.715923,1598.589026,232.987985,1:45,5.43364,1.87248,6.10924,-33.30797,10.21851,11.49938,2.75005,-0.61016,72.68342,-6.146885,-1.648879,0.474841,94.71259,13.745856,-7.322245,7132.083384,109.41571,22.31447,-11.31695,287.09685,276.704,-4.697238,2.7933,-7.11532,5.68705,-1.59281,50,5.42399,7.13435,-116.45181,-0.76901,-9.64067,24.5852,-24.46858,RHO_RAM,RHO_RAM,BillBeckField,TeamExclusive,Team,20260917-BillBeckField-Private-1,7d5af980-b2a8-11f1-b529-67cfb2a0e891,79.37906,24.62439,,7.69443,,,,1.70173,2.77441,0.60245,720cc381-a995-4c95-8441-60f58e197dc2,2026-09-17,15:00:14.61,2026-09-17T11:00:14.6190000-04:00,2026-09-17T15:00:14.6190000Z,LineDrive,v3,471418,471418,,"Leikus, Danny",1000177456,Right,RHO_RAM,7750dc16-8204-4d76-8e3a-a4995e4d2807,54.38841,-117.37463,12.2926,5.43561,0.14943,-12.23429,-1.8674,7.49622,-4.82033,200.61316,1.7017,133.83426,-18.50849,3.93262,-0.80337,0.17644,-0.03726,0.00545,-0.00036,2.77458,33.00001,-12.54544,-0.15705,0.31881,-0.16877,0.05024,-0.0073,0.0004,0.60252,-17.20033,5.42775,-1.45386,0.40764,-0.12448,0.03056,-0.00443,0.00027,,,,,,,,,,,,,,,,,,,,,,,High,High,High,High,Medium,,,,223.297853,32.902337,1342.171681,0.839598,1:30,-0.582665,-0.574846,-0.574503,-59.572305,-53.29297,35.536467,97.455669,70.675208,0.328125,0.943658,-0.04294,87.394609,19.155008,0.943658,0.328125,0.04294,-87.394609,-19.155008,-0.943658,-0.328125,0.04294,-97.455669,-70.675208,-0.328125,-0.943658,-0.04294
85,2026-09-17,11:00:54.73,4,1,"Maloney, Colin",10305263,Right,RHO_RAM,"Collado, Joel",822880,Right,RHO_RAM,Undefined,3,Bottom,2,0,0,ChangeUp,Changeup,InPlay,Undefined,FlyBall,Error,0,0,,77.07701,1.405466,-2.372928,1497.126302,280.369919,3:15,5.29449,1.91472,6.20112,-47.2905,-0.8165,12.333,2.65236,0.75079,70.75569,-7.351211,-0.146548,0.490655,75.15841,52.238315,7.757946,,109.32314,105.88213,12.18347,218.80241,182.73191,6.223979,5.317095,-7.12473,-0.47457,-1.74266,50,5.37611,4.2226,-111.99412,1.37312,-9.03964,20.41969,-32.77618,RHO_RAM,RHO_RAM,BillBeckField,TeamExclusive,Team,20260917-BillBeckField-Private-1,95434660-b2a8-11f1-b529-67cfb2a0e891,76.82061,107.65166,,6.32132,,,,2.21486,2.70162,-0.73948,720cc381-a995-4c95-8441-60f58e197dc2,2026-09-17,15:00:54.73,2026-09-17T11:00:54.7340000-04:00,2026-09-17T15:00:54.7340000Z,FlyBall,v3,471418,471418,,"Leikus, Danny",1000177456,Right,RHO_RAM,650fe657-38e0-4dab-a7ae-a9b91b1cde7c,54.30106,-112.7756,10.20984,5.29956,2.62749,-16.38809,-1.91088,4.56855,-4.51982,177.213298,2.22024,66.77464,-13.2414,2.80461,-0.17201,-0.07744,0.0223,-0.00231,8E-05,2.70033,87.16234,-21.12308,1.69898,-0.12506,-0.08728,0.03586,-0.00545,0.0003,-0.73849,9.09136,-2.40454,0.53966,-0.0396,-0.01319,0.00425,-0.00048,2E-05,,,,,,,,,,,,,,,,,,,,,,,High,High,High,High,Low,,,,241.700666,28.813357,1311.773604,0.876194,2:00,-0.517504,-0.759421,-0.394296,27.33319,-25.408046,19.856376,113.436451,57.33121,0.495251,0.841805,-0.214688,75.692653,29.686291,0.841805,0.495251,0.214688,-75.692653,-29.686291,-0.841805,-0.495251,0.214688,-113.436451,-57.33121,-0.495251,-0.841805,-0.214688
86,2026-09-17,11:01:40.98,5,1,"Maloney, Colin",10305263,Right,RHO_RAM,"Haughton, James",1000175676,Left,RHO_RAM,Undefined,3,Bottom,2,0,0,Fastball,Changeup,StrikeCalled,Undefined,Undefined,Undefined,0,0,,80.81535,0.900083,-2.852774,1585.544695,266.640832,3:00,5.40959,1.70254,5.97703,-40.77711,2.58512,17.15336,2.84698,0.48527,72.8723,-6.682353,0.229087,0.473944,,,,,,,,,,,,-9.65945,1.5391,-1.4859,50,5.45877,5.16192,-117.12179,0.54564,-13.19065,25.60776,-30.07229,RHO_RAM,RHO_RAM,BillBeckField,TeamExclusive,Team,20260917-BillBeckField-Private-1,b0d895b0-b2a8-11f1-b529-67cfb2a0e891,79.52929,,,7.94304,,,,,,,720cc381-a995-4c95-8441-60f58e197dc2,2026-09-17,15:01:40.98,2026-09-17T11:01:40.9870000-04:00,2026-09-17T15:01:40.9870000Z,,v3,471418,471418,,"Leikus, Danny",1000177456,Right,RHO_RAM,6125b380-dbd4-4f94-b50c-343e4f655357,54.52026,-118.10597,12.80388,5.41559,1.7014,-15.03615,-1.69403,5.66887,-6.59533,,,,,,,,,,,,,,,,,,,,,,,,,,,,,,,,,,,,,,,,,,,,,,,,,,,High,High,High,,,,,,223.853537,31.061747,1358.196222,0.856612,1:30,-0.555313,-0.585297,-0.590808,-62.929029,-52.240666,33.563098,92.577603,18.278216,0.948584,0.313631,-0.042703,82.246408,71.54708,0.313631,0.948584,0.042703,-82.246408,-71.54708,-0.313631,-0.948584,0.042703,-92.577603,-18.278216,-0.948584,-0.313631,-0.042703
87,2026-09-17,11:02:00.16,5,2,"Maloney, Colin",10305263,Right,RHO_RAM,"Haughton, James",1000175676,Left,RHO_RAM,Undefined,3,Bottom,2,0,1,Fastball,Changeup,StrikeCalled,Undefined,Undefined,Undefined,0,0,,80.92135,-0.258633,-4.413741,1659.510792,244.301709,2:15,5.4313,1.74613,6.01921,-34.04136,10.44792,17.52139,2.35425,-0.89016,71.02208,-6.706723,-1.271743,0.480064,,,,,,,,,,,,-10.64359,6.05311,-1.40845,50,5.39331,8.29408,-116.71384,-1.53545,-14.04841,30.77438,-24.18461,RHO_RAM,RHO_RAM,BillBeckField,TeamExclusive,Team,20260917-BillBeckField-Private-1,bc475f80-b2a8-11f1-b529-67cfb2a0e891,78.51546,,,9.89927,,,,,,,720cc381-a995-4c95-8441-60f58e197dc2,2026-09-17,15:02:00.16,2026-09-17T11:02:00.1640000-04:00,2026-09-17T15:02:00.1640000Z,,v3,471418,471418,,"Leikus, Danny",1000177456,Right,RHO_RAM,a25c0228-06ce-48be-8619-22bf45e8ba3e,54.47118,-117.88688,15.38719,5.43426,-0.61359,-12.0923,-1.73481,8.82957,-7.0242,,,,,,,,,,,,,,,,,,,,,,,,,,,,,,,,,,,,,,,,,,,,,,,,,,,High,High,High,,,,,,220.427376,39.575586,1279.125668,0.770785,1:15,-0.678105,-0.502712,-0.536148,-64.308674,-42.513887,30.854518,90.060191,11.070772,0.98139,0.192021,-0.001031,89.692375,78.929066,0.192021,0.98139,0.001031,-89.692375,-78.929066,-0.192021,-0.98139,0.001031,-90.060191,-11.070772,-0.98139,-0.192021,-0.001031
88,2026-09-17,11:02:27.62,5,3,"Maloney, Colin",10305263,Right,RHO_RAM,"Haughton, James",1000175676,Left,RHO_RAM,Undefined,3,Bottom,2,0,2,Fastball,Changeup,InPlay,Undefined,GroundBall,Single,0,0,,83.37671,0.517305,-2.508515,1870.094194,234.299639,1:45,5.69176,1.5027,5.86053,-30.1947,10.08241,12.25422,3.6566,0.19189,76.16551,-5.107857,-0.312457,0.456773,67.12664,-24.170064,26.400855,,,,,8.48156,8.15726,24.270388,0.087251,-6.99445,5.3865,-1.30645,50,5.71614,4.82149,-121.03489,0.13943,-10.3658,23.8315,-24.1912,RHO_RAM,RHO_RAM,BillBeckField,TeamExclusive,Team,20260917-BillBeckField-Private-1,cc9e1cc0-b2a8-11f1-b529-67cfb2a0e891,82.51893,3.53659,,7.21121,,,,0.67351,3.53659,-0.01767,720cc381-a995-4c95-8441-60f58e197dc2,2026-09-17,15:02:27.62,2026-09-17T11:02:27.6220000-04:00,2026-09-17T15:02:27.6220000Z,GroundBall,v3,471418,471418,,"Leikus, Danny",1000177456,Right,RHO_RAM,35ee8ae3-2595-4516-bdda-ea58aa8b9d22,54.63903,-121.94488,11.91575,5.69318,1.06316,-12.0956,-1.49811,5.2173,-5.1829,180,0.66727,80.8977,,,,,,,,3.53972,-40.53352,,,,,,,,-0.02077,40.15947,,,,,,,,,,,,,,,,,,,,,,,,,,,,,,High,High,High,High,Medium,,,,233.926086,28.683089,1640.610947,0.877288,1:45,-0.50849,-0.704713,-0.494791,3.338426,27.471754,26.377448,149.48137,26.811813,0.453224,0.451062,-0.768851,30.398871,26.950745,0.451062,0.453224,0.768851,-30.398871,-26.950745,-0.451062,-0.453224,0.768851,-149.48137,-26.811813,-0.453224,-0.451062,-0.768851
89,2026-09-17,11:03:11.22,6,1,"Maloney, Colin",10305263,Right,RHO_RAM,"Calandrelli, Paul",1000143071,Right,RHO_RAM,Undefined,3,Bottom,2,0,0,Fastball,Changeup,BallCalled,Undefined,Undefined,Undefined,0,0,,81.61446,0.795053,-2.147302,1530.599381,247.328626,2:15,5.15786,2.16561,5.93941,-35.38738,7.21544,13.52068,2.94701,1.29943,73.4233,-5.821036,0.280804,0.469776,,,,,,,,,,,,-7.56563,3.92248,-2.00159,50,5.20182,3.89276,-118.28322,0.53354,-10.52639,26.33239,-26.71656,RHO_RAM,RHO_RAM,BillBeckField,TeamExclusive,Team,20260917-BillBeckField-Private-1,e69e7430-b2a8-11f1-b529-67cfb2a0e891,80.23495,,,8.19116,,,,,,,720cc381-a995-4c95-8441-60f58e197dc2,2026-09-17,15:03:11.22,2026-09-17T11:03:11.2210000-04:00,2026-09-17T15:03:11.2210000Z,,v3,471418,471418,,"Leikus, Danny",1000177456,Right,RHO_RAM,7d8bc93f-ab9c-44df-ab65-2342d625a30f,54.556,-119.29317,13.16619,5.16171,1.55823,-13.35828,-2.15863,4.29649,-5.26319,,,,,,,,,,,,,,,,,,,,,,,,,,,,,,,,,,,,,,,,,,,,,,,,,,,High,High,High,,,,,,235.39026,37.215174,1218.923083,0.79637,1:45,-0.630364,-0.646989,-0.429007,-67.073984,-46.721728,40.924187,101.013637,68.357619,0.362019,0.929504,-0.070459,85.665119,21.224261,0.929504,0.362019,0.070459,-85.665119,-21.224261,-0.929504,-0.362019,0.070459,-101.013637,-68.357619,-0.362019,-0.929504,-0.070459
90,2026-09-17,11:03:32.38,6,2,"Maloney, Colin",10305263,Right,RHO_RAM,"Calandrelli, Paul",1000143071,Right,RHO_RAM,Undefined,3,Bottom,2,1,0,Fastball,Changeup,StrikeCalled,Undefined,Undefined,Undefined,0,0,,82.87706,0.528922,-3.256117,1791.928317,255.068942,2:30,5.33503,1.96673,5.83142,-35.45963,6.14158,17.18225,2.87253,0.36862,74.42923,-6.080484,-0.179755,0.464221,,,,,,,,,,,,-9.78713,3.43217,-1.71065,50,5.35778,6.12125,-119.99471,-0.04403,-13.99363,27.41059,-27.26677,RHO_RAM,RHO_RAM,BillBeckField,TeamExclusive,Team,20260917-BillBeckField-Private-1,f340dc00-b2a8-11f1-b529-67cfb2a0e891,81.19511,,,8.44783,,,,,,,720cc381-a995-4c95-8441-60f58e197dc2,2026-09-17,15:03:32.38,2026-09-17T11:03:32.3850000-04:00,2026-09-17T15:03:32.3850000Z,,v3,471418,471418,,"Leikus, Danny",1000177456,Right,RHO_RAM,6b5c561d-8c5e-483e-b80a-fa7e8fabe2c8,54.6649,-121.05563,13.7053,5.33907,1.01133,-13.63338,-1.95805,6.66287,-6.99681,,,,,,,,,,,,,,,,,,,,,,,,,,,,,,,,,,,,,,,,,,,,,,,,,,,High,High,High,,,,,,232.905977,36.294688,1444.264055,0.805983,1:45,-0.624493,-0.637398,-0.451366,-70.421633,-41.599516,42.564069,99.062462,75.037333,0.254967,0.966094,-0.040668,87.589557,14.771611,0.966094,0.254967,0.040668,-87.589557,-14.771611,-0.966094,-0.254967,0.040668,-99.062462,-75.037333,-0.254967,-0.966094,-0.040668
91,2026-09-17,11:04:09.60,6,3,"Maloney, Colin",10305263,Right,RHO_RAM,"Calandrelli, Paul",1000143071,Right,RHO_RAM,Undefined,3,Bottom,2,1,1,ChangeUp,Changeup,BallCalled,Undefined,Undefined,Undefined,0,0,,77.59862,0.00541,-3.942081,1650.598631,273.428391,3:00,5.1598,2.05008,6.08322,-45.62034,0.72953,13.05162,1.36313,-0.51506,71.08707,-8.416285,-1.594646,0.489999,,,,,,,,,,,,-7.90622,0.79823,-1.75218,50,5.13602,7.29242,-112.53607,-1.35646,-10.09264,21.2935,-31.15507,RHO_RAM,RHO_RAM,BillBeckField,TeamExclusive,Team,20260917-BillBeckField-Private-1,09692960-b2a9-11f1-b529-67cfb2a0e891,76.92343,,,6.51155,,,,,,,720cc381-a995-4c95-8441-60f58e197dc2,2026-09-17,15:04:09.60,2026-09-17T11:04:09.6090000-04:00,2026-09-17T15:04:09.6090000Z,,v3,471418,471418,,"Leikus, Danny",1000177456,Right,RHO_RAM,8ec8a244-70b9-4cad-bba8-650f67c35570,54.41751,-113.36885,10.64675,5.16525,-0.138,-15.57754,-2.0451,7.68714,-5.04632,,,,,,,,,,,,,,,,,,,,,,,,,,,,,,,,,,,,,,,,,,,,,,,,,,,High,High,High,,,,,,246.353709,35.694822,1340.510998,0.812136,2:15,-0.604551,-0.743893,-0.284851,30.969193,-14.449576,20.788188,112.812729,60.942762,0.447692,0.874135,-0.188309,77.842928,26.595672,0.874135,0.447692,0.188309,-77.842928,-26.595672,-0.874135,-0.447692,0.188309,-112.812729,-60.942762,-0.447692,-0.874135,-0.188309
92,2026-09-17,11:04:31.17,6,4,"Maloney, Colin",10305263,Right,RHO_RAM,"Calandrelli, Paul",1000143071,Right,RHO_RAM,Undefined,3,Bottom,2,2,1,Fastball,Changeup,BallCalled,Undefined,Undefined,Undefined,0,0,,82.84397,-0.931443,-4.729313,1709.601031,242.607542,2:00,5.32577,1.91346,5.904,-32.02805,9.21658,15.013,1.7891,-1.23557,75.21338,-6.891473,-2.044793,0.462227,,,,,,,,,,,,-9.09371,5.43146,-1.54115,50,5.23252,9.31949,-119.86446,-2.96245,-13.11595,25.03408,-24.34019,RHO_RAM,RHO_RAM,BillBeckField,TeamExclusive,Team,20260917-BillBeckField-Private-1,16598a20-b2a9-11f1-b529-67cfb2a0e891,81.54531,,,7.63059,,,,,,,720cc381-a995-4c95-8441-60f58e197dc2,2026-09-17,15:04:31.17,2026-09-17T11:04:31.1790000-04:00,2026-09-17T15:04:31.1790000Z,,v3,471418,471418,,"Leikus, Danny",1000177456,Right,RHO_RAM,3e61d3cf-8dce-4287-bc5c-8420fbe64409,54.59393,-120.8201,12.51704,5.32787,-2.03329,-12.1701,-1.90647,9.82017,-6.55798,,,,,,,,,,,,,,,,,,,,,,,,,,,,,,,,,,,,,,,,,,,,,,,,,,,High,High,High,,,,,,233.297138,33.931613,1418.463538,0.829704,1:45,-0.586337,-0.674198,-0.449072,-69.699896,-46.24928,45.891118,102.063533,70.266911,0.330183,0.941276,-0.070565,85.712689,19.279862,0.941276,0.330183,0.070565,-85.712689,-19.279862,-0.941276,-0.330183,0.070565,-102.063533,-70.266911,-0.330183,-0.941276,-0.070565
93,2026-09-17,11:04:52.95,6,5,"Maloney, Colin",10305263,Right,RHO_RAM,"Calandrelli, Paul",1000143071,Right,RHO_RAM,Undefined,3,Bottom,2,3,1,Fastball,Changeup,InPlay,Undefined,Popup,Error,0,0,,81.59899,0.455121,-3.424871,1775.123121,246.016917,2:15,5.25445,1.93605,6.07806,-35.1175,7.31351,12.93662,2.74985,-0.15851,73.47891,-6.119739,-1.099264,0.468828,68.94781,50.589619,7.850871,,109.39097,85.40439,11.55748,191.88509,190.22535,5.440306,4.707801,-7.82138,4.04945,-1.67788,50,5.27121,6.58468,-118.21796,-0.12217,-10.86994,26.30804,-26.54622,RHO_RAM,RHO_RAM,BillBeckField,TeamExclusive,Team,20260917-BillBeckField-Private-1,2359f070-b2a9-11f1-b529-67cfb2a0e891,80.39723,85.61854,,8.12008,,,,1.94096,2.76834,0.15201,720cc381-a995-4c95-8441-60f58e197dc2,2026-09-17,15:04:52.95,2026-09-17T11:04:52.9540000-04:00,2026-09-17T15:04:52.9540000Z,Popup,v3,471418,471418,,"Leikus, Danny",1000177456,Right,RHO_RAM,f6fdca68-9cb8-497d-8248-a6bef908bc7b,54.41996,-119.19752,13.15402,5.25736,0.86625,-13.27311,-1.93059,6.98941,-5.43497,174.347728,1.94325,63.54128,-13.73059,3.61157,-0.44053,-0.05643,0.0312,-0.00441,0.00021,2.76841,78.12099,-20.88769,1.21323,0.18738,-0.21493,0.07395,-0.01188,0.00073,0.15247,8.75782,-3.09454,0.88884,-0.13293,-0.00455,0.00614,-0.001,5E-05,,,,,,,,,,,,,,,,,,,,,,,High,High,High,High,Medium,,,,226.194298,41.627594,1326.865927,0.747478,1:30,-0.698267,-0.534155,-0.476553,-76.044783,-40.689068,37.846935,105.807573,77.792209,0.203461,0.977387,-0.057603,86.627155,11.73941,0.977387,0.203461,0.057603,-86.627155,-11.73941,-0.977387,-0.203461,0.057603,-105.807573,-77.792209,-0.203461,-0.977387,-0.057603
94,2026-09-17,11:05:59.06,7,1,"Maloney, Colin",10305263,Right,RHO_RAM,"Ray, Andrew",1000533810,Right,RHO_RAM,Undefined,3,Bottom,2,0,0,Fastball,Changeup,StrikeCalled,Undefined,Undefined,Undefined,0,0,,82.62396,0.038791,-4.060513,1789.050196,256.336474,2:30,5.52263,1.66323,5.95466,-36.66348,4.4767,12.81162,2.50341,-1.04114,75.33447,-6.752275,-1.764484,0.461641,,,,,,,,,,,,-7.74225,2.70362,-1.34715,50,5.50532,7.99789,-119.73733,-1.09771,-11.18585,24.15915,-28.2679,RHO_RAM,RHO_RAM,BillBeckField,TeamExclusive,Team,20260917-BillBeckField-Private-1,4aaa2dc0-b2a9-11f1-b529-67cfb2a0e891,81.64879,,,7.28949,,,,,,,720cc381-a995-4c95-8441-60f58e197dc2,2026-09-17,15:05:59.06,2026-09-17T11:05:59.0620000-04:00,2026-09-17T15:05:59.0620000Z,,v3,471418,471418,,"Leikus, Danny",1000177456,Right,RHO_RAM,40a989e9-9569-4579-91dc-8210c8801527,54.54427,-120.65074,12.07958,5.52662,-0.02897,-14.13395,-1.65753,8.4208,-5.59292,,,,,,,,,,,,,,,,,,,,,,,,,,,,,,,,,,,,,,,,,,,,,,,,,,,High,High,High,,,,,,226.628453,37.627172,1416.928108,0.792,1:30,-0.64789,-0.575304,-0.499264,-70.762209,-45.587163,39.93057,103.829795,74.325394,0.262341,0.962812,-0.064582,86.162555,15.20904,0.962812,0.262341,0.064582,-86.162555,-15.20904,-0.962812,-0.262341,0.064582,-103.829795,-74.325394,-0.262341,-0.962812,-0.064582
95,2026-09-17,11:06:20.71,7,2,"Maloney, Colin",10305263,Right,RHO_RAM,"Ray, Andrew",1000533810,Right,RHO_RAM,Undefined,3,Bottom,2,0,1,Undefined,Changeup,Undefined,Undefined,Undefined,Undefined,0,0,,83.00578,0.401502,-3.095797,1827.140638,275.675243,3:15,5.44106,1.81261,5.85904,-40.77266,0.16807,12.1578,2.41691,-0.05323,75.56274,-7.1199,-0.916493,0.460521,102.41526,-0.82137,-3.224316,6028.991567,,,,47.67475,45.49243,-3.09238,0.318895,-7.19563,0.32165,-1.56857,50,5.44974,6.03788,-120.39563,-0.50851,-10.47205,25.22557,-31.70596,RHO_RAM,RHO_RAM,BillBeckField,TeamExclusive,Team,20260917-BillBeckField-Private-1,578bc170-b2a9-11f1-b529-67cfb2a0e891,81.84746,2.45011,,7.44304,,,,1.63328,2.45011,0.03816,720cc381-a995-4c95-8441-60f58e197dc2,2026-09-17,15:06:20.71,2026-09-17T11:06:20.7150000-04:00,2026-09-17T15:06:20.7150000Z,GroundBall,v3,471418,471418,,"Leikus, Danny",1000177456,Right,RHO_RAM,319832e1-d449-49bb-9447-a3a5e7be495f,54.64141,-121.36421,12.61279,5.4459,0.7089,-15.85298,-1.80813,6.43998,-5.23603,5.860045,1.63724,149.79052,-17.73173,,,,,,,2.45252,-2.25362,-17.07371,,,,,,,0.03801,-8.44125,0.80786,,,,,,,,,,,,,,,,,,,,,,,,,,,,,High,High,High,High,High,,,,234.483434,36.255307,1473.38763,0.80639,1:45,-0.620399,-0.652199,-0.435593,-67.659086,-46.321646,44.96121,108.574499,69.460608,0.332576,0.936431,-0.111759,83.194172,19.425174,0.936431,0.332576,0.111759,-83.194172,-19.425174,-0.936431,-0.332576,0.111759,-108.574499,-69.460608,-0.332576,-0.936431,-0.111759